domain,title,keyword_keybert,url,detected_on
123-deco.fr,28 idées déco extérieures inspirées du Hygge - 132-deco.fr,extérieures inspirées hygge,https://123-deco.fr/decorations-exterieures-inspirees-hygge,2026-08-17
123-deco.fr,Découvrir la magie de Galeria en Corse - 132-deco.fr,découvrir magie galeria,https://123-deco.fr/galeria-escapade-corse,2026-08-17
123-deco.fr,8 idées d'aménagement paysager pour embellir votre jardin - 132-deco.fr,embellir votre jardin,https://123-deco.fr/idees-amenagement-paysager-patio,2026-08-17
123-deco.fr,30 idées modernes pour aménager votre véranda - 132-deco.fr,aménager votre véranda,https://123-deco.fr/idees-modernisation-veranda,2026-08-17
123-deco.fr,Transformez votre patio avec style et sérénité grâce au Japandi - 132-deco.fr,transformez votre patio,https://123-deco.fr/transformer-patio-style-japandi,2026-08-17
agencehenry.com,"Caution Loyer : Plus d'un Mois, Ce que Dit la Loi",caution loyer,https://www.agencehenry.com/depot-garantie-1-mois.html,2026-08-17
appart-garden.com,🔧💧 Guide Pratique : Créer un Puits de Décompression Piscine Facilement !,pratique,https://appart-garden.com/faire-puit-decompression-piscine,2026-08-17
appart-garden.com,🌟 Isolation de plafond de garage : astuces simples et efficaces 🛠️,isolation plafond garage,https://appart-garden.com/isoler-plafond-garage,2026-08-17
ardentes-berry-immobilier.fr,Quartiers chauds de Charleville-Mézières | Guide 2026,chauds charleville mézières,https://ardentes-berry-immobilier.fr/immobilier/quartier-chaud-charleville-meziere,2026-08-17
ardentes-berry-immobilier.fr,Quartiers de Brest à éviter | Le guide expert 2026,quartiers brest éviter,https://ardentes-berry-immobilier.fr/immobilier/quartier-de-brest-a-eviter,2026-08-17
ardentes-berry-immobilier.fr,Quartiers de Milan à éviter | Guide sécurité 2026 [Avis],quartiers milan éviter,https://ardentes-berry-immobilier.fr/immobilier/quartier-de-milan-a-eviter,2026-08-17
art-pluriel.fr,Le seuil de portail : guide complet et astuces d'installation,seuil portail,https://art-pluriel.fr/seuil-portail-definition,2026-08-17
artisan-conseils.fr,Adoptez une alimentation hypocalorique pour un poids santé - Artisan-conseils.fr,hypocalorique poids santé,https://artisan-conseils.fr/alimentation-hypocalorique-sante,2026-08-17
artisan-conseils.fr,Idées de cuisines avec des armoires ivoire : légèreté et luxe - Artisan-conseils.fr,cuisines armoires ivoire,https://artisan-conseils.fr/cuisine-armoires-ivoire-luxueux,2026-08-17
artisan-conseils.fr,Découvrez les cuisines de rêve pour votre maison - Artisan-conseils.fr,découvrez cuisines rêve,https://artisan-conseils.fr/cuisines-dreams-inspirations-renovation,2026-08-17
artisan-conseils.fr,Créez une maison de rêve à la déco bohème au bord de l'eau - Artisan-conseils.fr,maison rêve déco,https://artisan-conseils.fr/deco-boheme-maison-bord-eau,2026-08-17
artisan-conseils.fr,20 étapes pour transformer vos meubles de cuisine - Artisan-conseils.fr,étapes transformer vos,https://artisan-conseils.fr/relooking-meubles-cuisine,2026-08-17
batiment-actualites.fr,Découvrez cette maison bioclimatique de 40m2 en Argentine - batiment-actualites.fr,bioclimatique 40m2 argentine,https://batiment-actualites.fr/maison-bioclimatique-40m2-argentine,2026-08-17
batiment-actualites.fr,Construisez votre maison écologique en 3 jours - batiment-actualites.fr,votre maison écologique,https://batiment-actualites.fr/maisons-ecologiques-hobbit-construction-rapide,2026-08-17
batiment-actualites.fr,Découvrez le jardinage avec un studio en bois EdenCube - batiment-actualites.fr,studio bois edencube,https://batiment-actualites.fr/studio-jardin-bois-edencube,2026-08-17
batiment-actualites.fr,Intérieurs modernes de tiny houses avec chambre en mezzanine - batiment-actualites.fr,tiny houses chambre,https://batiment-actualites.fr/tiny-house-interieur-chambre-mezzanine,2026-08-17
batiment-actualites.fr,Vivre en autonomie : astuces pour une maison écoresponsable - batiment-actualites.fr,vivre autonomie,https://batiment-actualites.fr/vivre-autonomiquement-changer-de-maison,2026-08-17
ccae.fr,Fabriquer un Cache Climatiseur Extérieur : Guide Pratique & Économique 🛠️,cache climatiseur extérieur,https://ccae.fr/fabriquer-un-cache-climatiseur-exterieur,2026-08-17
ccae.fr,Signe de Cambriolage Roumain : Comment Les Repérer et Réagir ? 🛡️,signe cambriolage roumain,https://ccae.fr/signe-de-cambriolage-roumain,2026-08-17
cerclemediateursbancaires.fr,"De retour de vacances, mon assurance a refusé de m'indemniser : la faute à une phrase que j'ignorais - CMB",vacances mon assurance,https://cerclemediateursbancaires.fr/de-retour-de-vacances-mon-assurance-a-refuse-de-mindemniser-la-faute-a-une-phrase-que-jignorais,2026-08-17
cerclemediateursbancaires.fr,DPE 2026 : le recours secret que les propriétaires malins utilisent pour balayer une note énergétique injuste - CMB,dpe 2026,https://cerclemediateursbancaires.fr/dpe-2026-le-recours-secret-que-les-proprietaires-malins-utilisent-pour-balayer-une-note-energetique-injuste,2026-08-17
cerclemediateursbancaires.fr,J'ai demandé une simulation avec ma pension de 1 450 € : l'agent m'a sorti une liste de 4 aides que je n'avais jamais réclamées - CMB,simulation ma pension,https://cerclemediateursbancaires.fr/jai-demande-une-simulation-avec-ma-pension-de-1-450-e-lagent-ma-sorti-une-liste-de-4-aides-que-je-navais-jamais-reclamees,2026-08-17
cerclemediateursbancaires.fr,"Mon solde a grimpé, ma joie aussi… jusqu'à cette surprise que la banque avait gardée pour elle - CMB",banque avait gardée,https://cerclemediateursbancaires.fr/mon-solde-a-grimpe-ma-joie-aussi-jusqua-cette-surprise-que-la-banque-avait-gardee-pour-elle,2026-08-17
cerclemediateursbancaires.fr,Zéro trimestre de cotisation : le montant stupéfiant de la pension que l'État verse sans jamais avoir travaillé - CMB,zéro trimestre cotisation,https://cerclemediateursbancaires.fr/zero-trimestre-de-cotisation-le-montant-stupefiant-de-la-pension-que-letat-verse-sans-jamais-avoir-travaille,2026-08-17
cgt-76.fr,Softshell Modyf : La Veste Idéale pour les Artisans ! 🛠️,softshell modyf,https://cgt-76.fr/softshell-modyf,2026-08-17
chantier-expert.fr,Créez des cadres aquarelle pour votre déco intérieure - Chantier-expert.fr,cadres aquarelle votre,https://chantier-expert.fr/cadres-aquarelle-deco-interieure-imprimables,2026-08-17
chantier-expert.fr,Idées pour sublimer votre intérieur avec des cadres vintage - Chantier-expert.fr,intérieur cadres vintage,https://chantier-expert.fr/cadres-vintage-deco-interieur,2026-08-17
chantier-expert.fr,Organisez vos départs depuis l'aéroport de Francfort facilement - Chantier-expert.fr,aéroport francfort facilement,https://chantier-expert.fr/depart-aeroport-francfort,2026-08-17
chantier-expert.fr,Encadrez vos souvenirs : modèles de cadres photo à imprimer - Chantier-expert.fr,encadrez vos souvenirs,https://chantier-expert.fr/modeles-cadres-photo-personnaliser,2026-08-17
chantier-expert.fr,Créez un mur de fleurs pour votre intérieur chaleureux - Chantier-expert.fr,mur fleurs votre,https://chantier-expert.fr/mur-de-fleurs-deco-interieur,2026-08-17
deco-et-vous.fr,Créez un calendrier de l'avent bohème fait maison - Deco-et-vous.fr,calendrier avent bohème,https://deco-et-vous.fr/calendrier-avent-diy-boheme,2026-08-17
deco-et-vous.fr,Décoration extérieure moderne pour Noël : 5 idées inspirantes - Deco-et-vous.fr,décoration extérieure moderne,https://deco-et-vous.fr/decoration-exterieure-noel-modernes,2026-08-17
deco-et-vous.fr,Créez une cascade de décoration de Noël avec vos livres - Deco-et-vous.fr,décoration noël vos,https://deco-et-vous.fr/decoration-noel-bibliotheque-boheme,2026-08-17
deco-et-vous.fr,Décorez votre stationnement pour les fêtes avec créativité - Deco-et-vous.fr,votre stationnement fêtes,https://deco-et-vous.fr/decoration-stationnement-noel,2026-08-17
deco-et-vous.fr,Idées artisanales pour un Noël bohème et chaleureux - Deco-et-vous.fr,artisanales noël bohème,https://deco-et-vous.fr/idees-bricolage-noel-boheme,2026-08-17
deco-habitat-mag.fr,Aménagement astucieux pour petites cuisines : 10 conseils pratiques - deco-habitat-mag.fr,astucieux petites cuisines,https://deco-habitat-mag.fr/amenagement-petite-cuisine-conseils-pratiques,2026-08-17
deco-habitat-mag.fr,19 idées inspirantes pour votre cuisine japandi - deco-habitat-mag.fr,votre cuisine japandi,https://deco-habitat-mag.fr/cuisines-japandi-inspirantes,2026-08-17
deco-habitat-mag.fr,Modèle de reçu de paiement à imprimer et personnaliser - deco-habitat-mag.fr,paiement imprimer personnaliser,https://deco-habitat-mag.fr/modele-recibo-paiement-imprimer,2026-08-17
deco-habitat-mag.fr,Aménagez un mudroom pratique avec IKEA SEKTION - deco-habitat-mag.fr,mudroom pratique ikea,https://deco-habitat-mag.fr/mudroom-ikea-sektion-organisation,2026-08-17
deco-habitat-mag.fr,Aménager une prise pratique dans votre cuisine - deco-habitat-mag.fr,pratique votre cuisine,https://deco-habitat-mag.fr/prise-pratique-cuisine,2026-08-17
deco-interieur-conseil.fr,Harmonisez votre intérieur avec le beige et le blanc - Deco-interieur-conseil.fr,intérieur beige blanc,https://deco-interieur-conseil.fr/beige-et-blanc-textiles-deco,2026-08-17
deco-interieur-conseil.fr,L'élégance des ottomans en boucle et sherpa - Deco-interieur-conseil.fr,élégance ottomans boucle,https://deco-interieur-conseil.fr/ottomans-boucle-sherpa-tendance,2026-08-17
deco-interieur-conseil.fr,21 palettes de couleurs modernes pour la cuisine - Deco-interieur-conseil.fr,palettes couleurs modernes,https://deco-interieur-conseil.fr/palettes-couleurs-moderne-cuisine,2026-08-17
deco-interieur-conseil.fr,Découvrez des modèles de tables rondes extensibles pour un repas stylé - Deco-interieur-conseil.fr,tables rondes extensibles,https://deco-interieur-conseil.fr/tables-rondes-extensibles-pratiques-styles,2026-08-17
deco-interieur-conseil.fr,Découvrez les tendances cuisine avec îlot : 5 inspirations chaleureuses - Deco-interieur-conseil.fr,découvrez tendances cuisine,https://deco-interieur-conseil.fr/tendances-cuisine-ilot-inspirations,2026-08-17
decolux-maison.fr,Créez une cuisine en U luxueuse et fonctionnelle - decolux-maison.fr,cuisine luxueuse fonctionnelle,https://decolux-maison.fr/cuisine-en-u-luxueuse,2026-08-17
decolux-maison.fr,Créez une cuisine de luxe qui inspire - decolux-maison.fr,créez cuisine luxe,https://decolux-maison.fr/cuisine-luxe-design-interieur,2026-08-17
decolux-maison.fr,Idées de cuisines modernes pour un intérieur luxe en 2026 - decolux-maison.fr,cuisines modernes intérieur,https://decolux-maison.fr/cuisine-moderne-luxe-minimaliste-2026,2026-08-17
decolux-maison.fr,Idées de design de cuisine pour un intérieur chaleureux - decolux-maison.fr,cuisine intérieur chaleureux,https://decolux-maison.fr/design-cuisine-chaleureux,2026-08-17
decolux-maison.fr,Table à manger en bois massif : créez une ambiance chaleureuse - decolux-maison.fr,manger bois massif,https://decolux-maison.fr/table-manger-bois-massif-design-unique,2026-08-17
diore-immobilier.fr,Bande placo trop poncée : comment rattraper l’erreur ?,placo trop poncée,https://diore-immobilier.fr/bande-placo-trop-poncer,2026-08-17
diore-immobilier.fr,Canapé en velours côtelé ou canapé en tissu chiné : deux styles pour personnaliser votre salon,canapé velours côtelé,https://diore-immobilier.fr/canape-en-velours-cotele-ou-canape-en-tissu-chine-deux-styles-pour-personnaliser-votre-salon,2026-08-17
diore-immobilier.fr,Ceriman plant : entretien et conseils pour bien le cultiver,ceriman plant,https://diore-immobilier.fr/ceriman-plant,2026-08-17
diore-immobilier.fr,ChantierAccess.fr : avis et fiabilité du site,chantieraccess fr,https://diore-immobilier.fr/chantieraccess-fr-avis,2026-08-17
diore-immobilier.fr,Chatière pour baie vitrée : quelles options adaptées ?,chatière baie vitrée,https://diore-immobilier.fr/chatiere-pour-baie-vitree,2026-08-17
diore-immobilier.fr,Comment affûter une lame de tondeuse sans la démonter ?,tondeuse sans démonter,https://diore-immobilier.fr/comment-affuter-une-lame-de-tondeuse-sans-la-demonter,2026-08-17
diore-immobilier.fr,Décoffrage d’un linteau : quand et comment procéder ?,décoffrage linteau,https://diore-immobilier.fr/decoffrage-linteau,2026-08-17
diore-immobilier.fr,Engrais agrumes : lequel choisir et quand l’appliquer ?,engrais agrumes,https://diore-immobilier.fr/engrais-agrumes,2026-08-17
diore-immobilier.fr,Huile de lin et essence de térébenthine : quel mélange et pour quel usage ?,huile lin essence,https://diore-immobilier.fr/huile-de-lin-essence-de-terebenthine,2026-08-17
diore-immobilier.fr,"Immobilier en Afrique francophone : tendances, opportunités et nouveaux usages",immobilier afrique francophone,https://diore-immobilier.fr/immobilier-en-afrique-francophone-tendances-opportunites-et-nouveaux-usages,2026-08-17
diore-immobilier.fr,La location qui met tout le monde d’accord : les astuces pour y arriver,tout monde accord,https://diore-immobilier.fr/la-location-qui-met-tout-le-monde-daccord-les-astuces-pour-y-arriver,2026-08-17
diore-immobilier.fr,Le métier de promoteur immobilier : pilier de la construction immobilière moderne,métier promoteur immobilier,https://diore-immobilier.fr/le-metier-de-promoteur-immobilier-pilier-de-la-construction-immobiliere-moderne,2026-08-17
diore-immobilier.fr,Moisissure sous lino : causes et traitement,moisissure sous lino,https://diore-immobilier.fr/moisissure-sous-lino,2026-08-17
diore-immobilier.fr,Pas japonais en escalier : comment les aménager ?,pas japonais escalier,https://diore-immobilier.fr/pas-japonais-escalier,2026-08-17
diore-immobilier.fr,Peinture sur enduit chaux intérieur : quelle préparation ?,enduit chaux intérieur,https://diore-immobilier.fr/peinture-sur-enduit-chaux-interieur,2026-08-17
diore-immobilier.fr,Maladie du citronnier : comment l’identifier en photo ?,maladie citronnier,https://diore-immobilier.fr/photo-maladie-du-citronnier,2026-08-17
diore-immobilier.fr,Plafond en hourdis brique : caractéristiques et travaux possibles,plafond hourdis brique,https://diore-immobilier.fr/plafond-ourdi-brique,2026-08-17
diore-immobilier.fr,Pommes de terre Colomba : caractéristiques et culture,pommes terre colomba,https://diore-immobilier.fr/pommes-de-terre-colomba,2026-08-17
diore-immobilier.fr,Porte fermée : comment l’ouvrir sans l’abîmer ?,porte fermée,https://diore-immobilier.fr/porte-fermee,2026-08-17
diore-immobilier.fr,Pourquoi la communication entre copropriété et entreprise de nettoyage est essentielle ?,communication entre copropriété,https://diore-immobilier.fr/pourquoi-la-communication-entre-copropriete-et-entreprise-de-nettoyage-est-essentielle,2026-08-17
diore-immobilier.fr,Récupération d’un poteau bois EDF : est-ce autorisé ?,récupération poteau bois,https://diore-immobilier.fr/recuperation-poteau-bois-edf,2026-08-17
diore-immobilier.fr,Remplacer un lanceur par un démarreur électrique : est-ce possible ?,lanceur démarreur électrique,https://diore-immobilier.fr/remplacer-un-lanceur-par-un-demarreur-electrique,2026-08-17
diore-immobilier.fr,Réparer un boudin de piscine avec mousse expansive : est-ce une bonne idée ?,piscine mousse expansive,https://diore-immobilier.fr/reparer-boudin-piscine-avec-mousse-expansive,2026-08-17
diore-immobilier.fr,Réparer un crépi extérieur : méthode et astuces,réparer crépi extérieur,https://diore-immobilier.fr/reparer-crepi-exterieur,2026-08-17
diore-immobilier.fr,Salle de bain en travertin et bois : idées et conseils d’aménagement,salle bain travertin,https://diore-immobilier.fr/salle-de-bain-travertin-et-bois,2026-08-17
diore-immobilier.fr,Sécuriser un escalier ouvert : quelles solutions efficaces ?,sécuriser escalier ouvert,https://diore-immobilier.fr/securiser-un-escalier-ouvert,2026-08-17
diore-immobilier.fr,Solin sur enduit existant : comment le poser correctement ? (image),solin enduit existant,https://diore-immobilier.fr/solin-sur-enduit-existant,2026-08-17
diore-immobilier.fr,Tension entre phase et terre : quelle valeur normale ?,tension entre phase,https://diore-immobilier.fr/tension-entre-phase-et-terre,2026-08-17
diore-immobilier.fr,Trouver la bonne pièce détachée pour votre tondeuse à gazon ou autoportée,détachée votre tondeuse,https://diore-immobilier.fr/trouver-la-bonne-piece-detachee-pour-votre-tondeuse-a-gazon-ou-autoportee,2026-08-17
diore-immobilier.fr,Ultrasons pour voisin bruyant : est-ce vraiment efficace et légal ?,ultrasons voisin bruyant,https://diore-immobilier.fr/ultrason-pour-voisin-bruyant,2026-08-17
diore-immobilier.fr,Valoriser un bien à Paris avec une cuisine sur mesure,valoriser paris cuisine,https://diore-immobilier.fr/valoriser-un-bien-immobilier-a-paris-grace-a-une-cuisine-sur-mesure,2026-08-17
diore-immobilier.fr,Vide pour plein : que signifie cette expression ?,vide plein,https://diore-immobilier.fr/vide-pour-plein,2026-08-17
domeus-constructions.fr,Cabane De Jardin : Comment Choisir Le Modèle Adapté ?,cabane jardin,https://domeus-constructions.fr/choisir-cabane-jardin-materiau-dimension-installation-reglementation,2026-08-17
domindo.fr,Devis fenêtres : comment comparer et faire baisser le prix - Domindo,devis fenêtres,https://www.domindo.fr/devis-fenetres-prix,2026-08-17
favrat-ossature-bois.fr,Inconvénient D’un écran Sous-toiture : Quels Risques Faut-il Connaître ?,inconvénient écran sous,https://favrat-ossature-bois.fr/inconvenient-ecran-sous-toiture,2026-08-17
fenrifoyer.fr,Relooker un meuble merisier Louis Philippe,merisier louis philippe,https://fenrifoyer.fr/relooker-un-meuble-merisier-louis-philippe,2026-08-17
habitat-infos.fr,Créez une bibliothèque sur mesure en vert olive et chêne - Habitat-infos.fr,bibliothèque mesure vert,https://habitat-infos.fr/bibliotheque-sur-mesure-vert-olive-chene,2026-08-17
habitat-infos.fr,Aménagez vos livres avec des étagères sur mesure - Habitat-infos.fr,livres étagères mesure,https://habitat-infos.fr/etagere-sur-mesure-diy,2026-08-17
harmonie-maison.fr,Consolider un mur en pierre qui penche : les solutions éprouvées - Harmonie Maison,pierre qui penche,https://harmonie-maison.fr/consolider-un-mur-en-pierre-qui-penche,2026-08-17
harmonie-maison.fr,Nid de bourdon : pourquoi il change la vie dans une maison - Harmonie Maison,nid bourdon,https://harmonie-maison.fr/nid-de-bourdon,2026-08-17
horizons-patrimoine.fr,Quartiers à éviter à Bagnols-sur-Cèze : Notre Guide,quartiers éviter bagnols,https://horizons-patrimoine.fr/immobilier/quartiers-a-eviter-a-bagnols-sur-ceze-notre-guide,2026-08-17
immo-libre.fr,Les quartiers à éviter à Alès,quartiers éviter alès,https://immo-libre.fr/les-quartiers-a-eviter-a-ales,2026-08-17
immo-libre.fr,Les quartiers à éviter à Muret,quartiers éviter muret,https://immo-libre.fr/les-quartiers-a-eviter-a-muret,2026-08-17
immocompare.org,"Mes Allocs avis 2026, le service est-il fiable ? - Immocompare",service est il,https://immocompare.org/mes-allocs-avis-2026-le-service-est-il-fiable,2026-08-17
interiora-style.fr,35 idées élégantes pour une cuisine ouverte sur le salon - Interiora-style.fr,cuisine ouverte salon,https://interiora-style.fr/cuisine-ouverte-salon-deco-idees,2026-08-17
interiora-style.fr,Design d'îlots de cuisine pour un aménagement idéal - Interiora-style.fr,cuisine aménagement idéal,https://interiora-style.fr/design-ilot-cuisine-amenagement,2026-08-17
interiora-style.fr,Comment créer un espace de vie minimaliste et chaleureux - Interiora-style.fr,espace vie minimaliste,https://interiora-style.fr/espace-vie-minimaliste-chaleureux,2026-08-17
interiora-style.fr,Table à manger : apporter convivialité et style à votre intérieur - Interiora-style.fr,table manger,https://interiora-style.fr/table-a-manger-convivialite-interieur,2026-08-17
interiora-style.fr,Optimisez votre coin cuisine avec une petite pantry - Interiora-style.fr,votre coin cuisine,https://interiora-style.fr/transformez-coin-vide-cuisine-petite-pantry,2026-08-17
itsufrance.fr,"Chypre, entre mer Méditerranée et patrimoine : une destination à découvrir - itsufrance",mer méditerranée patrimoine,https://itsufrance.fr/chypre-entre-mer-mediterranee-et-patrimoine-une-destination-a-decouvrir,2026-08-17
jardinerlaville.fr,Quelle différence entre le cyprès de Florence et le cyprès de Provence ? | Jardiner la Ville,entre cyprès florence,https://jardinerlaville.fr/cypres-de-provence,2026-08-17
lebureaudelimmo.fr,"Trackstone : fonctionnement, frais et avis sur la plateforme d’immobilier déjà loué",trackstone,https://lebureaudelimmo.fr/trackstone-investissement,2026-08-17
leconomieetmoi.fr,Comment organiser un voyage en Thaïlande sans laisser les petites dépenses s'accumuler - L'économie et moi,organiser voyage thaïlande,https://leconomieetmoi.fr/autres/comment-organiser-un-voyage-en-thailande-sans-laisser-les-petites-depenses-saccumuler-13131,2026-08-17
loco-immo.fr,Qu’est-ce qu’une barbotine de ciment et comment l’utiliser ?,barbotine ciment utiliser,https://loco-immo.fr/barbotine-ciment,2026-08-17
ma-maison-pratique.fr,,,https://ma-maison-pratique.fr/abri-jardin-cedre-guide,2026-08-17
ma-maison-pratique.fr,,,https://ma-maison-pratique.fr/amenagement-exterieur-galerie-jardin,2026-08-17
ma-maison-pratique.fr,,,https://ma-maison-pratique.fr/maison-hotes-style-industriel-austin,2026-08-17
ma-maison-pratique.fr,,,https://ma-maison-pratique.fr/pergolas-jardin-idees-choix,2026-08-17
ma-maison-pratique.fr,Découvrez des plans de cabanons pour votre jardin - ma-maison-pratique.fr,cabanons votre jardin,https://ma-maison-pratique.fr/plans-cabanons-jardin-amenagement,2026-08-17
maison-deco-design.fr,,,https://maison-deco-design.fr/comment-creer-jardin-sec,2026-08-17
maison-deco-design.fr,,,https://maison-deco-design.fr/comment-creer-un-potager-carre,2026-08-17
maison-deco-design.fr,,,https://maison-deco-design.fr/creer-massif-fleuri-pelouse,2026-08-17
maison-deco-design.fr,Créez de magnifiques meubles en bois : guide pour débutants - Maison-deco-design.fr,créez magnifiques meubles,https://maison-deco-design.fr/deco-meubles-bois-debutants,2026-08-17
maison-deco-design.fr,,,https://maison-deco-design.fr/idees-jardin-chic-petit-espace,2026-08-17
maison-entretien.com,Attestation d'entretien de climatisation : obligations et modèle pratique,attestation entretien climatisation,https://maison-entretien.com/attestation-entretien-climatisation,2026-08-17
maisonfjord.fr,Tuer taupe avec essence : dangers et inefficacité,tuer taupe essence,https://maisonfjord.fr/tuer-taupe-avec-essence-dangers-et-inefficacite,2026-08-17
maisonluminea.fr,Combien de taupes par galerie ? La vie souterraine dévoilée,combien taupes galerie,https://maisonluminea.fr/combien-de-taupes-par-galerie-la-vie-souterraine-devoilee,2026-08-17
maizhome.fr,Où trouver l'azote pour les plantes ?,où trouver azote,https://maizhome.fr/ou-trouver-lazote-pour-les-plantes,2026-08-17
menuisiersdunord.fr,Morsure d'Orvet : Est-elle Dangereuse et Que Faire en Cas ? 🦎,morsure orvet,https://menuisiersdunord.fr/morsure-dorvet,2026-08-17
micado-france.fr,"Balustre Béton : Modèles, Prix Et Conseils Pour Bien Choisir",balustre béton,https://micado-france.fr/balustre-beton-balustrade-exterieure-prix-pose-securite,2026-08-17
micado-france.fr,Hortensia : Quand Couper Les Fleurs Et Les Branches ?,hortensia,https://micado-france.fr/hortensia-couper-tailler-selon-variete,2026-08-17
miui-france.org,Google Sheets : le manuel ultime pour bien démarrer avec le tableur en ligne de Google | Miui-france.org,google sheets,https://www.miui-france.org/google-sheets-demarrer,2026-08-17
miui-france.org,Monopoly Go astuce : méthode simple pour mieux progresser | Miui-france.org,monopoly go astuce,https://www.miui-france.org/monopoly-go-astuce-methodes-progresser,2026-08-17
miui-france.org,Comment faire un saut de ligne en HTML correctement | Miui-france.org,ligne html correctement,https://www.miui-france.org/saut-de-ligne-html,2026-08-17
miui-france.org,démarrer avec google sheets Archives | Miui-france.org,google sheets archives,https://www.miui-france.org/tag/demarrer-avec-google-sheets,2026-08-17
miui-france.org,google sheets Archives | Miui-france.org,google sheets archives,https://www.miui-france.org/tag/google-sheets,2026-08-17
miui-france.org,google sheets guide Archives | Miui-france.org,google sheets archives,https://www.miui-france.org/tag/google-sheets-guide,2026-08-17
miui-france.org,manuel google sheets Archives | Miui-france.org,google sheets archives,https://www.miui-france.org/tag/manuel-google-sheets,2026-08-17
miui-france.org,tableur en ligne Archives | Miui-france.org,tableur ligne archives,https://www.miui-france.org/tag/tableur-en-ligne,2026-08-17
miui-france.org,"The Social Network 2 : Quand Jeremy Strong essaie de joindre Mark Zuckerberg pour le film, une démarche surprenante sans explication claire | Miui-france.org",social network,https://www.miui-france.org/the-social-network-2-quand-jeremy-strong-essaie-de-joindre-mark-zuckerberg-pour-le-film-une-demarche-surprenante-sans-explication-claire,2026-08-17
miui-france.org,"VisionQuest : Découvrez la bande-annonce explosive avec Ultron, la suite tant attendue de WandaVision chez Marvel | Miui-france.org",visionquest,https://www.miui-france.org/visionquest-decouvrez-la-bande-annonce-explosive-avec-ultron-la-suite-tant-attendue-de-wandavision-chez-marvel,2026-08-17
oocto.com,Vérifier numéro TVA intracommunautaire gratuit - Oocto,numéro tva intracommunautaire,https://oocto.com/verifier-numero-tva-intracommunautaire-gratuit,2026-08-17
pluscestsimple.com,Canapé d’angle droit ou gauche : comment choisir ?,angle droit gauche,https://pluscestsimple.com/canape-angle-droit-ou-gauche,2026-08-17
rennes-blog.org,Le silence d'un narcissique signifie-t-il qu'il vous a rejeté et comment transformer cette rupture en reconstruction ? - Rennes Blog,narcissique signifie il,https://rennes-blog.org/le-silence-dun-narcissique-signifie-t-il-quil-vous-a-rejete-et-comment-transformer-cette-rupture-en-reconstruction,2026-08-17
renovalp.fr,Objet en Z : la liste complète pour vos jeux de lettres,objet,https://renovalp.fr/objet-en-z,2026-08-17
renovbox.com,"Devis ramonage cheminée : conduit et appareil, deux lignes",devis ramonage cheminée,https://renovbox.com/devis-ramonage-cheminee,2026-08-17
souslouer.com,petites annonces - Offres de sous-location - Results from #1620,petites annonces,https://www.souslouer.com/deposer-une-annonce/1-offres-de-sous-location?start=1620,2026-08-17
souslouer.com,petites annonces - Offres de sous-location - Results from #1640,petites annonces,https://www.souslouer.com/deposer-une-annonce/1-offres-de-sous-location?start=1640,2026-08-17
souslouer.com,petites annonces - Offres de sous-location - Results from #1660,petites annonces,https://www.souslouer.com/deposer-une-annonce/1-offres-de-sous-location?start=1660,2026-08-17
souslouer.com,petites annonces - Offres de sous-location - Results from #1680,petites annonces,https://www.souslouer.com/deposer-une-annonce/1-offres-de-sous-location?start=1680,2026-08-17
souslouer.com,petites annonces - Offres de sous-location - Results from #1700,petites annonces,https://www.souslouer.com/deposer-une-annonce/1-offres-de-sous-location?start=1700,2026-08-17
souslouer.com,petites annonces - Offres de sous-location - Results from #1720,petites annonces,https://www.souslouer.com/deposer-une-annonce/1-offres-de-sous-location?start=1720,2026-08-17
souslouer.com,petites annonces - Offres de sous-location - Results from #5640,petites annonces,https://www.souslouer.com/deposer-une-annonce/1-offres-de-sous-location?start=5640,2026-08-17
souslouer.com,petites annonces - Offres de sous-location - Results from #5660,petites annonces,https://www.souslouer.com/deposer-une-annonce/1-offres-de-sous-location?start=5660,2026-08-17
souslouer.com,petites annonces - Offres de sous-location - Results from #5680,petites annonces,https://www.souslouer.com/deposer-une-annonce/1-offres-de-sous-location?start=5680,2026-08-17
souslouer.com,petites annonces - Offres de sous-location - Results from #5740,petites annonces,https://www.souslouer.com/deposer-une-annonce/1-offres-de-sous-location?start=5740,2026-08-17
souslouer.com,petites annonces - Demandes de sous-location - Results from #1660,petites annonces,https://www.souslouer.com/deposer-une-annonce/2-demandes-de-sous-location?start=1660,2026-08-17
souslouer.com,petites annonces - Demandes de sous-location - Results from #1680,petites annonces,https://www.souslouer.com/deposer-une-annonce/2-demandes-de-sous-location?start=1680,2026-08-17
souslouer.com,petites annonces - Demandes de sous-location - Results from #1700,petites annonces,https://www.souslouer.com/deposer-une-annonce/2-demandes-de-sous-location?start=1700,2026-08-17
souslouer.com,petites annonces - Demandes de sous-location - Results from #1720,petites annonces,https://www.souslouer.com/deposer-une-annonce/2-demandes-de-sous-location?start=1720,2026-08-17
souslouer.com,petites annonces - Demandes de sous-location - Results from #1740,petites annonces,https://www.souslouer.com/deposer-une-annonce/2-demandes-de-sous-location?start=1740,2026-08-17
souslouer.com,petites annonces - Demandes de sous-location - Results from #2340,petites annonces,https://www.souslouer.com/deposer-une-annonce/2-demandes-de-sous-location?start=2340,2026-08-17
souslouer.com,petites annonces - Demandes de sous-location - Results from #2360,petites annonces,https://www.souslouer.com/deposer-une-annonce/2-demandes-de-sous-location?start=2360,2026-08-17
souslouer.com,petites annonces - Demandes de sous-location - Results from #2380,petites annonces,https://www.souslouer.com/deposer-une-annonce/2-demandes-de-sous-location?start=2380,2026-08-17
souslouer.com,petites annonces - Demandes de sous-location - Results from #2400,petites annonces,https://www.souslouer.com/deposer-une-annonce/2-demandes-de-sous-location?start=2400,2026-08-17
souslouer.com,petites annonces - Demandes de sous-location - Results from #2420,petites annonces,https://www.souslouer.com/deposer-une-annonce/2-demandes-de-sous-location?start=2420,2026-08-17
souslouer.com,petites annonces - Demandes de sous-location - Results from #2440,petites annonces,https://www.souslouer.com/deposer-une-annonce/2-demandes-de-sous-location?start=2440,2026-08-17
souslouer.com,petites annonces - Toutes les annonces - 12 METRES CARRE 20 MUNITE PARIS,petites annonces,https://www.souslouer.com/deposer-une-annonce/REGION/DEPARTEMENT/VILLE/12-METRES-CARRE-20-MUNITE-PARIS-8765,2026-08-17
souslouer.com,petites annonces - Toutes les annonces - 2 pièces - Paris 11e,petites annonces,https://www.souslouer.com/deposer-une-annonce/REGION/DEPARTEMENT/VILLE/2-pieces-Paris-11e-19847,2026-08-17
souslouer.com,petites annonces - Toutes les annonces - 2étudiantes cherchent ss loc Paris Oct-Déc !,petites annonces,https://www.souslouer.com/deposer-une-annonce/REGION/DEPARTEMENT/VILLE/2etudiantes-cherchent-ss-loc-Paris-Oct-Dec-8619,2026-08-17
souslouer.com,petites annonces - Toutes les annonces - 3 PIECES PARIS 11,petites annonces,https://www.souslouer.com/deposer-une-annonce/REGION/DEPARTEMENT/VILLE/3-PIECES-PARIS-11-8279,2026-08-17
souslouer.com,petites annonces - Toutes les annonces - 42 m carré au pied du métro Lyon,petites annonces,https://www.souslouer.com/deposer-une-annonce/REGION/DEPARTEMENT/VILLE/42-m-carre-au-pied-du-metro-Lyon-19849,2026-08-17
souslouer.com,petites annonces - Toutes les annonces - AOÛT - Charmant studio à Paris 15ème,petites annonces,https://www.souslouer.com/deposer-une-annonce/REGION/DEPARTEMENT/VILLE/AOuT-Charmant-studio-a-Paris-15eme-19872,2026-08-17
souslouer.com,petites annonces - Toutes les annonces - Appart 3 pièces 61m Strasbourg,petites annonces,https://www.souslouer.com/deposer-une-annonce/REGION/DEPARTEMENT/VILLE/Appart-3-pieces-61m-Strasbourg-8745,2026-08-17
souslouer.com,petites annonces - Toutes les annonces - Appartement 2 pièces 40 m² Palaiseau,petites annonces,https://www.souslouer.com/deposer-une-annonce/REGION/DEPARTEMENT/VILLE/Appartement-2-pieces-40-m-Palaiseau-19824,2026-08-17
souslouer.com,petites annonces - Toutes les annonces - Appartement 2 pièces 43 m2 Paris 11e - Place de la BASTILLE,petites annonces,https://www.souslouer.com/deposer-une-annonce/REGION/DEPARTEMENT/VILLE/Appartement-2-pieces-43-m2-Paris-11e-Place-de-la-BASTILLE-19698,2026-08-17
souslouer.com,petites annonces - Toutes les annonces - Appartement 3 Mois,petites annonces,https://www.souslouer.com/deposer-une-annonce/REGION/DEPARTEMENT/VILLE/Appartement-3-Mois-10991,2026-08-17
souslouer.com,petites annonces - Toutes les annonces - Appartement 67 mÂ² - Paris Gambetta - 500 euros par mois,petites annonces,https://www.souslouer.com/deposer-une-annonce/REGION/DEPARTEMENT/VILLE/Appartement-67-ma-Paris-Gambetta-500-euros-par-mois-19812,2026-08-17
souslouer.com,petites annonces - Toutes les annonces - Appartement 70 m2 juillet/août Seul ou en colocation.,petites annonces,https://www.souslouer.com/deposer-une-annonce/REGION/DEPARTEMENT/VILLE/Appartement-70-m2-juillet-aout-Seul-ou-en-colocation-19928,2026-08-17
souslouer.com,petites annonces - Toutes les annonces - Appartement Lyon 1er,petites annonces,https://www.souslouer.com/deposer-une-annonce/REGION/DEPARTEMENT/VILLE/Appartement-Lyon-1er-19713,2026-08-17
souslouer.com,petites annonces - Toutes les annonces - Appartement Montpellier centre T1 4pers du 25.06 au 31.07,petites annonces,https://www.souslouer.com/deposer-une-annonce/REGION/DEPARTEMENT/VILLE/Appartement-Montpellier-centre-T1-4pers-du-25-06-au-31-07-19692,2026-08-17
souslouer.com,petites annonces - Toutes les annonces - Appartement Montpellier centre T1 4pers du 25.06 au 31.08,petites annonces,https://www.souslouer.com/deposer-une-annonce/REGION/DEPARTEMENT/VILLE/Appartement-Montpellier-centre-T1-4pers-du-25-06-au-31-08-20014,2026-08-17
souslouer.com,petites annonces - Toutes les annonces - Appartement de 75 m² environ 3 pièces 1er avec ascenseur/Lyon 69001,petites annonces,https://www.souslouer.com/deposer-une-annonce/REGION/DEPARTEMENT/VILLE/Appartement-de-75-m-environ-3-pieces-1er-avec-ascenseur-Lyon-69001-8590,2026-08-17
souslouer.com,petites annonces - Toutes les annonces - Argenteuil (95) Petit Immeuble Standing,petites annonces,https://www.souslouer.com/deposer-une-annonce/REGION/DEPARTEMENT/VILLE/Argenteuil-95-Petit-Immeuble-Standing-19838,2026-08-17
souslouer.com,petites annonces - Toutes les annonces - CHAMBRE NATION PARIS JUILLET,petites annonces,https://www.souslouer.com/deposer-une-annonce/REGION/DEPARTEMENT/VILLE/CHAMBRE-NATION-PARIS-JUILLET-19878,2026-08-17
souslouer.com,petites annonces - Toutes les annonces - CHERCHE STUDIO COURTE DUREE,petites annonces,https://www.souslouer.com/deposer-une-annonce/REGION/DEPARTEMENT/VILLE/CHERCHE-STUDIO-COURTE-DUREE-8536,2026-08-17
souslouer.com,petites annonces - Toutes les annonces - Chambre dans T2 Paris11,petites annonces,https://www.souslouer.com/deposer-une-annonce/REGION/DEPARTEMENT/VILLE/Chambre-dans-T2-Paris11-19981,2026-08-17
souslouer.com,petites annonces - Toutes les annonces - Chambre ds grand loft 220m2 pdt vac été (Montreuil),petites annonces,https://www.souslouer.com/deposer-une-annonce/REGION/DEPARTEMENT/VILLE/Chambre-ds-grand-loft-220m2-pdt-vac-ete-Montreuil-20018,2026-08-17
souslouer.com,petites annonces - Toutes les annonces - Chambre équipée à sous louer pour novembre,petites annonces,https://www.souslouer.com/deposer-une-annonce/REGION/DEPARTEMENT/VILLE/Chambre-equipee-a-sous-louer-pour-novembre-8516,2026-08-17
souslouer.com,petites annonces - Toutes les annonces - Charmant 2 pièces,petites annonces,https://www.souslouer.com/deposer-une-annonce/REGION/DEPARTEMENT/VILLE/Charmant-2-pieces-19820,2026-08-17
souslouer.com,petites annonces - Toutes les annonces - Charmant 3.P Paris / Vincennes 74 m²,petites annonces,https://www.souslouer.com/deposer-une-annonce/REGION/DEPARTEMENT/VILLE/Charmant-3-P-Paris-Vincennes-74-m-19831,2026-08-17
souslouer.com,petites annonces - Toutes les annonces - Charmant T2 meublé 19ème à partir du 01/07/2012,petites annonces,https://www.souslouer.com/deposer-une-annonce/REGION/DEPARTEMENT/VILLE/Charmant-T2-meuble-19eme-a-partir-du-01-07-2012-19861,2026-08-17
souslouer.com,petites annonces - Toutes les annonces - Charmant studio Paris Monmartre à louer mi Juillet/fin Août,petites annonces,https://www.souslouer.com/deposer-une-annonce/REGION/DEPARTEMENT/VILLE/Charmant-studio-Paris-Monmartre-a-louer-mi-Juillet-fin-Aout-19720,2026-08-17
souslouer.com,petites annonces - Toutes les annonces - Cherche Sous Loc Lyon Oct-Déc 3mois,petites annonces,https://www.souslouer.com/deposer-une-annonce/REGION/DEPARTEMENT/VILLE/Cherche-Sous-Loc-Lyon-Oct-Dec-3mois-8572,2026-08-17
souslouer.com,petites annonces - Toutes les annonces - Cherche T2 sur Paris,petites annonces,https://www.souslouer.com/deposer-une-annonce/REGION/DEPARTEMENT/VILLE/Cherche-T2-sur-Paris-8482,2026-08-17
souslouer.com,petites annonces - Toutes les annonces - Cherche du 15/01 au 02/04 à Paris,petites annonces,https://www.souslouer.com/deposer-une-annonce/REGION/DEPARTEMENT/VILLE/Cherche-du-15-01-au-02-04-a-Paris-10763,2026-08-17
souslouer.com,petites annonces - Toutes les annonces - Cherche sous loc. Paris/proche banlieue (700e/mois),petites annonces,https://www.souslouer.com/deposer-une-annonce/REGION/DEPARTEMENT/VILLE/Cherche-sous-loc-Paris-proche-banlieue-700e-mois-10845,2026-08-17
souslouer.com,petites annonces - Toutes les annonces - Cherche sous locataire juillet/aout 2arrondissement,petites annonces,https://www.souslouer.com/deposer-une-annonce/REGION/DEPARTEMENT/VILLE/Cherche-sous-locataire-juillet-aout-2arrondissement-19723,2026-08-17
souslouer.com,petites annonces - Toutes les annonces - Cherche sous location 3 mois Paris- Banlieue,petites annonces,https://www.souslouer.com/deposer-une-annonce/REGION/DEPARTEMENT/VILLE/Cherche-sous-location-3-mois-Paris-Banlieue-10722,2026-08-17
souslouer.com,petites annonces - Toutes les annonces - Cherche sous-location Paris,petites annonces,https://www.souslouer.com/deposer-une-annonce/REGION/DEPARTEMENT/VILLE/Cherche-sous-location-Paris-8520,2026-08-17
souslouer.com,petites annonces - Toutes les annonces - Cherche sous-location Paris pour 2 personnes,petites annonces,https://www.souslouer.com/deposer-une-annonce/REGION/DEPARTEMENT/VILLE/Cherche-sous-location-Paris-pour-2-personnes-10786,2026-08-17
souslouer.com,petites annonces - Toutes les annonces - Cherche sous location Strasbourg janvier à avril 2010,petites annonces,https://www.souslouer.com/deposer-une-annonce/REGION/DEPARTEMENT/VILLE/Cherche-sous-location-Strasbourg-janvier-a-avril-2010-10812,2026-08-17
souslouer.com,petites annonces - Toutes les annonces - Cherche sous-location à Grenoble à partir de courant octobre,petites annonces,https://www.souslouer.com/deposer-une-annonce/REGION/DEPARTEMENT/VILLE/Cherche-sous-location-a-Grenoble-a-partir-de-courant-octobre-8388,2026-08-17
souslouer.com,petites annonces - Toutes les annonces - Cherche sous location dès novembre 2010,petites annonces,https://www.souslouer.com/deposer-une-annonce/REGION/DEPARTEMENT/VILLE/Cherche-sous-location-des-novembre-2010-8461,2026-08-17
souslouer.com,petites annonces - Toutes les annonces - Cherche sous location du *1er au 17 octobre à Lille,petites annonces,https://www.souslouer.com/deposer-une-annonce/REGION/DEPARTEMENT/VILLE/Cherche-sous-location-du-1er-au-17-octobre-a-Lille-8477,2026-08-17
souslouer.com,petites annonces - Toutes les annonces - Cherche sous-location légale sur Paris,petites annonces,https://www.souslouer.com/deposer-une-annonce/REGION/DEPARTEMENT/VILLE/Cherche-sous-location-legale-sur-Paris-10696,2026-08-17
souslouer.com,petites annonces - Toutes les annonces - Cherche sous location studio/appart Lyon,petites annonces,https://www.souslouer.com/deposer-une-annonce/REGION/DEPARTEMENT/VILLE/Cherche-sous-location-studio-appart-Lyon-10732,2026-08-17
souslouer.com,petites annonces - Toutes les annonces - Cherche studio F1 F2 Paris,petites annonces,https://www.souslouer.com/deposer-une-annonce/REGION/DEPARTEMENT/VILLE/Cherche-studio-F1-F2-Paris-10867,2026-08-17
souslouer.com,petites annonces - Toutes les annonces - Cherche studio du 20/09 au 10/10,petites annonces,https://www.souslouer.com/deposer-une-annonce/REGION/DEPARTEMENT/VILLE/Cherche-studio-du-20-09-au-10-10-8515,2026-08-17
souslouer.com,petites annonces - Toutes les annonces - Cherche studio pour le mois de janvier,petites annonces,https://www.souslouer.com/deposer-une-annonce/REGION/DEPARTEMENT/VILLE/Cherche-studio-pour-le-mois-de-janvier-10879,2026-08-17
souslouer.com,petites annonces - Toutes les annonces - Couple cherche appart sur Paris,petites annonces,https://www.souslouer.com/deposer-une-annonce/REGION/DEPARTEMENT/VILLE/Couple-cherche-appart-sur-Paris-10738,2026-08-17
souslouer.com,petites annonces - Toutes les annonces - DEMANDE URGENTE PARIS,petites annonces,https://www.souslouer.com/deposer-une-annonce/REGION/DEPARTEMENT/VILLE/DEMANDE-URGENTE-PARIS-10910,2026-08-17
souslouer.com,petites annonces - Toutes les annonces - Demande Sous-Loc Paris Intra-Muros,petites annonces,https://www.souslouer.com/deposer-une-annonce/REGION/DEPARTEMENT/VILLE/Demande-Sous-Loc-Paris-Intra-Muros-8525,2026-08-17
souslouer.com,petites annonces - Toutes les annonces - Demande Sous-Loc Paris Intra-Muros,petites annonces,https://www.souslouer.com/deposer-une-annonce/REGION/DEPARTEMENT/VILLE/Demande-Sous-Loc-Paris-Intra-Muros-8526,2026-08-17
souslouer.com,petites annonces - Toutes les annonces - Demande Sous-Loc Paris Intra-Muros,petites annonces,https://www.souslouer.com/deposer-une-annonce/REGION/DEPARTEMENT/VILLE/Demande-Sous-Loc-Paris-Intra-Muros-8527,2026-08-17
souslouer.com,petites annonces - Toutes les annonces - Demande de sous location sur Paris ou le 92,petites annonces,https://www.souslouer.com/deposer-une-annonce/REGION/DEPARTEMENT/VILLE/Demande-de-sous-location-sur-Paris-ou-le-92-8537,2026-08-17
souslouer.com,petites annonces - Toutes les annonces - Du 13/09 au 31/01/2011 sur Paris,petites annonces,https://www.souslouer.com/deposer-une-annonce/REGION/DEPARTEMENT/VILLE/Du-13-09-au-31-01-2011-sur-Paris-8319,2026-08-17
souslouer.com,petites annonces - Toutes les annonces - Duplex Paris 20ème,petites annonces,https://www.souslouer.com/deposer-une-annonce/REGION/DEPARTEMENT/VILLE/Duplex-Paris-20eme-19816,2026-08-17
souslouer.com,petites annonces - Toutes les annonces - Etudiant Paris IV recherche sous location!!!,petites annonces,https://www.souslouer.com/deposer-une-annonce/REGION/DEPARTEMENT/VILLE/Etudiant-Paris-IV-recherche-sous-location-8534,2026-08-17
souslouer.com,petites annonces - Toutes les annonces - Etudiant allemande cherche coloc,petites annonces,https://www.souslouer.com/deposer-une-annonce/REGION/DEPARTEMENT/VILLE/Etudiant-allemande-cherche-coloc-8492,2026-08-17
souslouer.com,petites annonces - Toutes les annonces - Etudiante cherche studio à sous louer,petites annonces,https://www.souslouer.com/deposer-une-annonce/REGION/DEPARTEMENT/VILLE/Etudiante-cherche-studio-a-sous-louer-10771,2026-08-17
souslouer.com,petites annonces - Toutes les annonces - F2 Bercy Juillet/Aout,petites annonces,https://www.souslouer.com/deposer-une-annonce/REGION/DEPARTEMENT/VILLE/F2-Bercy-Juillet-Aout-19708,2026-08-17
souslouer.com,petites annonces - Toutes les annonces - F2 de 50m² à PARIS 13eme de 3 mois à un an,petites annonces,https://www.souslouer.com/deposer-une-annonce/REGION/DEPARTEMENT/VILLE/F2-de-50m-a-PARIS-13eme-de-3-mois-a-un-an-7878,2026-08-17
souslouer.com,petites annonces - Toutes les annonces - Grand studio 30m2-St Michel-Août,petites annonces,https://www.souslouer.com/deposer-une-annonce/REGION/DEPARTEMENT/VILLE/Grand-studio-30m2-St-Michel-Aout-20015,2026-08-17
souslouer.com,petites annonces - Toutes les annonces - Grand studio mezzanine centre de Montpellier,petites annonces,https://www.souslouer.com/deposer-une-annonce/REGION/DEPARTEMENT/VILLE/Grand-studio-mezzanine-centre-de-Montpellier-8223,2026-08-17
souslouer.com,petites annonces - Toutes les annonces - JF Sérieuse+son petit chien cherchent Sous Location,petites annonces,https://www.souslouer.com/deposer-une-annonce/REGION/DEPARTEMENT/VILLE/JF-Serieuse-son-petit-chien-cherchent-Sous-Location-11015,2026-08-17
souslouer.com,petites annonces - Toutes les annonces - JF recherche studio ou chambre en coloc Paris intra muros URGENT,petites annonces,https://www.souslouer.com/deposer-une-annonce/REGION/DEPARTEMENT/VILLE/JF-recherche-studio-ou-chambre-en-coloc-Paris-intra-muros-URGENT-8532,2026-08-17
souslouer.com,petites annonces - Toutes les annonces - Je cherche une sous-location octobre-mars,petites annonces,https://www.souslouer.com/deposer-une-annonce/REGION/DEPARTEMENT/VILLE/Je-cherche-une-sous-location-octobre-mars-8379,2026-08-17
souslouer.com,petites annonces - Toutes les annonces - Jeune active cherche sous-loc sur la ligne 5,petites annonces,https://www.souslouer.com/deposer-une-annonce/REGION/DEPARTEMENT/VILLE/Jeune-active-cherche-sous-loc-sur-la-ligne-5-8528,2026-08-17
souslouer.com,petites annonces - Toutes les annonces - Jeune couple marié recherche logement,petites annonces,https://www.souslouer.com/deposer-une-annonce/REGION/DEPARTEMENT/VILLE/Jeune-couple-marie-recherche-logement-8542,2026-08-17
souslouer.com,petites annonces - Toutes les annonces - Jeune homme 25 ans en CDD cherche sous location pour trois mois,petites annonces,https://www.souslouer.com/deposer-une-annonce/REGION/DEPARTEMENT/VILLE/Jeune-homme-25-ans-en-CDD-cherche-sous-location-pour-trois-mois-8549,2026-08-17
souslouer.com,petites annonces - Toutes les annonces - Juillet à Décembre studio 24m2 meublé,petites annonces,https://www.souslouer.com/deposer-une-annonce/REGION/DEPARTEMENT/VILLE/Juillet-a-Decembre-studio-24m2-meuble-20017,2026-08-17
souslouer.com,petites annonces - Toutes les annonces - LOCATION F3 Arts et Métiers pendant le mois de SEPTEMBRE,petites annonces,https://www.souslouer.com/deposer-une-annonce/REGION/DEPARTEMENT/VILLE/LOCATION-F3-Arts-et-Metiers-pendant-le-mois-de-SEPTEMBRE-7894,2026-08-17
souslouer.com,petites annonces - Toutes les annonces - LOCATION STUDIO PARIS 16,petites annonces,https://www.souslouer.com/deposer-une-annonce/REGION/DEPARTEMENT/VILLE/LOCATION-STUDIO-PARIS-16-19979,2026-08-17
souslouer.com,petites annonces - Toutes les annonces - Location 2 mois dans le 94,petites annonces,https://www.souslouer.com/deposer-une-annonce/REGION/DEPARTEMENT/VILLE/Location-2-mois-dans-le-94-8704,2026-08-17
souslouer.com,petites annonces - Toutes les annonces - Lyon - Fevrier - Avril,petites annonces,https://www.souslouer.com/deposer-une-annonce/REGION/DEPARTEMENT/VILLE/Lyon-Fevrier-Avril-10770,2026-08-17
souslouer.com,petites annonces - Toutes les annonces - Meublé F3 pour octobre/novembre,petites annonces,https://www.souslouer.com/deposer-une-annonce/REGION/DEPARTEMENT/VILLE/Meuble-F3-pour-octobre-novembre-8268,2026-08-17
souslouer.com,petites annonces - Toutes les annonces - Nous cherchons une location,petites annonces,https://www.souslouer.com/deposer-une-annonce/REGION/DEPARTEMENT/VILLE/Nous-cherchons-une-location-10757,2026-08-17
souslouer.com,petites annonces - Toutes les annonces - Paris - A partir du 1er Janvier 2011,petites annonces,https://www.souslouer.com/deposer-une-annonce/REGION/DEPARTEMENT/VILLE/Paris-A-partir-du-1er-Janvier-2011-10733,2026-08-17
souslouer.com,petites annonces - Toutes les annonces - Paris Chbre ds coloc 21jlt au 11 aout,petites annonces,https://www.souslouer.com/deposer-une-annonce/REGION/DEPARTEMENT/VILLE/Paris-Chbre-ds-coloc-21jlt-au-11-aout-19976,2026-08-17
souslouer.com,petites annonces - Toutes les annonces - Paris Sud Ouest,petites annonces,https://www.souslouer.com/deposer-une-annonce/REGION/DEPARTEMENT/VILLE/Paris-Sud-Ouest-10792,2026-08-17
souslouer.com,petites annonces - Toutes les annonces - Paris d'Octobre à décembre,petites annonces,https://www.souslouer.com/deposer-une-annonce/REGION/DEPARTEMENT/VILLE/Paris-d-Octobre-a-decembre-8478,2026-08-17
souslouer.com,petites annonces - Toutes les annonces - Paris : studio ou appartement,petites annonces,https://www.souslouer.com/deposer-une-annonce/REGION/DEPARTEMENT/VILLE/Paris-studio-ou-appartement-8322,2026-08-17
souslouer.com,petites annonces - Toutes les annonces - Petit 2 Pieces sympa a Juvisy 91260,petites annonces,https://www.souslouer.com/deposer-une-annonce/REGION/DEPARTEMENT/VILLE/Petit-2-Pieces-sympa-a-Juvisy-91260-8615,2026-08-17
souslouer.com,petites annonces - Toutes les annonces - Petit appertement Paris 5,petites annonces,https://www.souslouer.com/deposer-une-annonce/REGION/DEPARTEMENT/VILLE/Petit-appertement-Paris-5-8378,2026-08-17
souslouer.com,petites annonces - Toutes les annonces - RECHERCHE SOUS LOCATION PARIS,petites annonces,https://www.souslouer.com/deposer-une-annonce/REGION/DEPARTEMENT/VILLE/RECHERCHE-SOUS-LOCATION-PARIS-8545,2026-08-17
souslouer.com,petites annonces - Toutes les annonces - Rech sous-loc paris,petites annonces,https://www.souslouer.com/deposer-une-annonce/REGION/DEPARTEMENT/VILLE/Rech-sous-loc-paris-10688,2026-08-17
souslouer.com,petites annonces - Toutes les annonces - Rech. sous location Lyon - janv à mai 2011,petites annonces,https://www.souslouer.com/deposer-une-annonce/REGION/DEPARTEMENT/VILLE/Rech-sous-location-Lyon-janv-a-mai-2011-8364,2026-08-17
souslouer.com,petites annonces - Toutes les annonces - Recherche Location pour un an,petites annonces,https://www.souslouer.com/deposer-une-annonce/REGION/DEPARTEMENT/VILLE/Recherche-Location-pour-un-an-8554,2026-08-17
souslouer.com,petites annonces - Toutes les annonces - Recherche Sous Location Janvier Mars Paris,petites annonces,https://www.souslouer.com/deposer-une-annonce/REGION/DEPARTEMENT/VILLE/Recherche-Sous-Location-Janvier-Mars-Paris-10890,2026-08-17
souslouer.com,petites annonces - Toutes les annonces - Recherche Sous loc Paris,petites annonces,https://www.souslouer.com/deposer-une-annonce/REGION/DEPARTEMENT/VILLE/Recherche-Sous-loc-Paris-8372,2026-08-17
souslouer.com,petites annonces - Toutes les annonces - Recherche T1 ou T2,petites annonces,https://www.souslouer.com/deposer-une-annonce/REGION/DEPARTEMENT/VILLE/Recherche-T1-ou-T2-8502,2026-08-17
souslouer.com,petites annonces - Toutes les annonces - Recherche T4 PARIS MAI JUIN 2011,petites annonces,https://www.souslouer.com/deposer-une-annonce/REGION/DEPARTEMENT/VILLE/Recherche-T4-PARIS-MAI-JUIN-2011-10808,2026-08-17
souslouer.com,petites annonces - Toutes les annonces - Recherche à sous louer un appart sur Paris le plus rapidement possible...,petites annonces,https://www.souslouer.com/deposer-une-annonce/REGION/DEPARTEMENT/VILLE/Recherche-a-sous-louer-un-appart-sur-Paris-le-plus-rapidement-possible-8385,2026-08-17
souslouer.com,petites annonces - Toutes les annonces - Recherche de sous location studio Paris pour un mois,petites annonces,https://www.souslouer.com/deposer-une-annonce/REGION/DEPARTEMENT/VILLE/Recherche-de-sous-location-studio-Paris-pour-un-mois-8547,2026-08-17
souslouer.com,petites annonces - Toutes les annonces - Recherche octobre voire plus,petites annonces,https://www.souslouer.com/deposer-une-annonce/REGION/DEPARTEMENT/VILLE/Recherche-octobre-voire-plus-8539,2026-08-17
souslouer.com,petites annonces - Toutes les annonces - Recherche sous location Paris 550 €,petites annonces,https://www.souslouer.com/deposer-une-annonce/REGION/DEPARTEMENT/VILLE/Recherche-sous-location-Paris-550-8483,2026-08-17
souslouer.com,petites annonces - Toutes les annonces - Recherche sous location courte durée,petites annonces,https://www.souslouer.com/deposer-une-annonce/REGION/DEPARTEMENT/VILLE/Recherche-sous-location-courte-duree-8504,2026-08-17
souslouer.com,petites annonces - Toutes les annonces - Recherche sur Paris à partir de mi-janvier,petites annonces,https://www.souslouer.com/deposer-une-annonce/REGION/DEPARTEMENT/VILLE/Recherche-sur-Paris-a-partir-de-mi-janvier-10896,2026-08-17
souslouer.com,petites annonces - Toutes les annonces - Recherche sur Paris à partir de mi-janvier,petites annonces,https://www.souslouer.com/deposer-une-annonce/REGION/DEPARTEMENT/VILLE/Recherche-sur-Paris-a-partir-de-mi-janvier-10898,2026-08-17
souslouer.com,petites annonces - Toutes les annonces - Recherche un deux piéce avec 2chambre separées,petites annonces,https://www.souslouer.com/deposer-une-annonce/REGION/DEPARTEMENT/VILLE/Recherche-un-deux-piece-avec-2chambre-separees-8480,2026-08-17
souslouer.com,petites annonces - Toutes les annonces - Recherche un deux piéce avec 2chambre separées,petites annonces,https://www.souslouer.com/deposer-une-annonce/REGION/DEPARTEMENT/VILLE/Recherche-un-deux-piece-avec-2chambre-separees-8481,2026-08-17
souslouer.com,petites annonces - Toutes les annonces - Recherche une sous-location pour fin septembre,petites annonces,https://www.souslouer.com/deposer-une-annonce/REGION/DEPARTEMENT/VILLE/Recherche-une-sous-location-pour-fin-septembre-8474,2026-08-17
souslouer.com,"petites annonces - Toutes les annonces - SOUS LOCATION 2 PIECES, QUARTIER BATIGNOLLES POUR LE MOIS D'AOUT",petites annonces,https://www.souslouer.com/deposer-une-annonce/REGION/DEPARTEMENT/VILLE/SOUS-LOCATION-2-PIECES-QUARTIER-BATIGNOLLES-POUR-LE-MOIS-D-AOUT-19955,2026-08-17
souslouer.com,petites annonces - Toutes les annonces - SOUS LOCATION APPARTEMENT PARIS,petites annonces,https://www.souslouer.com/deposer-une-annonce/REGION/DEPARTEMENT/VILLE/SOUS-LOCATION-APPARTEMENT-PARIS-7829,2026-08-17
souslouer.com,petites annonces - Toutes les annonces - SOUS LOCATION - Le Chesnay - Libre rapidement,petites annonces,https://www.souslouer.com/deposer-une-annonce/REGION/DEPARTEMENT/VILLE/SOUS-LOCATION-Le-Chesnay-Libre-rapidement-8782,2026-08-17
souslouer.com,petites annonces - Toutes les annonces - SOUS LOCATION PARIS 15eme OCTOBRE,petites annonces,https://www.souslouer.com/deposer-une-annonce/REGION/DEPARTEMENT/VILLE/SOUS-LOCATION-PARIS-15eme-OCTOBRE-8531,2026-08-17
souslouer.com,petites annonces - Toutes les annonces - SOUS LOCATION PARIS,petites annonces,https://www.souslouer.com/deposer-une-annonce/REGION/DEPARTEMENT/VILLE/SOUS-LOCATION-PARIS-8513,2026-08-17
souslouer.com,petites annonces - Toutes les annonces - SOUS LOCATION Paris 20 / 19,petites annonces,https://www.souslouer.com/deposer-une-annonce/REGION/DEPARTEMENT/VILLE/SOUS-LOCATION-Paris-20-19-10710,2026-08-17
souslouer.com,petites annonces - Toutes les annonces - SOUS-LOCATION STUDIO MEUBLE PARIS 450 EURO,petites annonces,https://www.souslouer.com/deposer-une-annonce/REGION/DEPARTEMENT/VILLE/SOUS-LOCATION-STUDIO-MEUBLE-PARIS-450-EURO-7851,2026-08-17
souslouer.com,petites annonces - Toutes les annonces - SOUS location PARIS URGENTISSIME,petites annonces,https://www.souslouer.com/deposer-une-annonce/REGION/DEPARTEMENT/VILLE/SOUS-location-PARIS-URGENTISSIME-8577,2026-08-17
souslouer.com,petites annonces - Toutes les annonces - STUDIO PARIS 11EME 5MN BASTILLE,petites annonces,https://www.souslouer.com/deposer-une-annonce/REGION/DEPARTEMENT/VILLE/STUDIO-PARIS-11EME-5MN-BASTILLE-7831,2026-08-17
souslouer.com,petites annonces - Toutes les annonces - Sous LOC PARIS JANVIER/FEVRIER 2011,petites annonces,https://www.souslouer.com/deposer-une-annonce/REGION/DEPARTEMENT/VILLE/Sous-LOC-PARIS-JANVIER-FEVRIER-2011-10947,2026-08-17
souslouer.com,petites annonces - Toutes les annonces - Sous-Loc Chambre 12m² balcon Trocadéro étoile,petites annonces,https://www.souslouer.com/deposer-une-annonce/REGION/DEPARTEMENT/VILLE/Sous-Loc-Chambre-12m-balcon-Trocadero-etoile-7879,2026-08-17
souslouer.com,petites annonces - Toutes les annonces - Sous-Loc Paris Studio/F1/F2 en Janvier,petites annonces,https://www.souslouer.com/deposer-une-annonce/REGION/DEPARTEMENT/VILLE/Sous-Loc-Paris-Studio-F1-F2-en-Janvier-10891,2026-08-17
souslouer.com,petites annonces - Toutes les annonces - Sous Loc beau studio / 13ème limite 5ème / juillet - septembre,petites annonces,https://www.souslouer.com/deposer-une-annonce/REGION/DEPARTEMENT/VILLE/Sous-Loc-beau-studio-13eme-limite-5eme-juillet-septembre-19822,2026-08-17
souslouer.com,petites annonces - Toutes les annonces - Sous Location Paris/ Lamarck Pied Montmartre 75018,petites annonces,https://www.souslouer.com/deposer-une-annonce/REGION/DEPARTEMENT/VILLE/Sous-Location-Paris-Lamarck-Pied-Montmartre-75018-19961,2026-08-17
souslouer.com,petites annonces - Toutes les annonces - Sous Location Paris / Métro mairie des Lilas,petites annonces,https://www.souslouer.com/deposer-une-annonce/REGION/DEPARTEMENT/VILLE/Sous-Location-Paris-Metro-mairie-des-Lilas-19939,2026-08-17
souslouer.com,petites annonces - Toutes les annonces - Sous loc,petites annonces,https://www.souslouer.com/deposer-une-annonce/REGION/DEPARTEMENT/VILLE/Sous-loc-11010,2026-08-17
souslouer.com,petites annonces - Toutes les annonces - Sous-loc Chambre dans appartement Paris,petites annonces,https://www.souslouer.com/deposer-une-annonce/REGION/DEPARTEMENT/VILLE/Sous-loc-Chambre-dans-appartement-Paris-8713,2026-08-17
souslouer.com,petites annonces - Toutes les annonces - Sous-loc F3 Paris,petites annonces,https://www.souslouer.com/deposer-une-annonce/REGION/DEPARTEMENT/VILLE/Sous-loc-F3-Paris-8390,2026-08-17
souslouer.com,petites annonces - Toutes les annonces - Sous loc Marseille,petites annonces,https://www.souslouer.com/deposer-une-annonce/REGION/DEPARTEMENT/VILLE/Sous-loc-Marseille-10775,2026-08-17
souslouer.com,petites annonces - Toutes les annonces - Sous loc' pour quelques mois TOULOUSE,petites annonces,https://www.souslouer.com/deposer-une-annonce/REGION/DEPARTEMENT/VILLE/Sous-loc-pour-quelques-mois-TOULOUSE-10863,2026-08-17
souslouer.com,petites annonces - Toutes les annonces - Sous location 2 pièces à partir d'octobre,petites annonces,https://www.souslouer.com/deposer-une-annonce/REGION/DEPARTEMENT/VILLE/Sous-location-2-pieces-a-partir-d-octobre-8518,2026-08-17
souslouer.com,"petites annonces - Toutes les annonces - Sous-location 3P 54m2, 11e arrt, mois d'août",petites annonces,https://www.souslouer.com/deposer-une-annonce/REGION/DEPARTEMENT/VILLE/Sous-location-3P-54m2-11e-arrt-mois-d-aout-19958,2026-08-17
souslouer.com,petites annonces - Toutes les annonces - Sous-location Appartement - Paris La Défense - Pour l'été,petites annonces,https://www.souslouer.com/deposer-une-annonce/REGION/DEPARTEMENT/VILLE/Sous-location-Appartement-Paris-La-Defense-Pour-l-ete-20004,2026-08-17
souslouer.com,"petites annonces - Toutes les annonces - Sous location Chambre, Paris 20e (75020)",petites annonces,https://www.souslouer.com/deposer-une-annonce/REGION/DEPARTEMENT/VILLE/Sous-location-Chambre-Paris-20e-75020-19721,2026-08-17
souslouer.com,petites annonces - Toutes les annonces - Sous location Juillet-Août studio Paris 5ème,petites annonces,https://www.souslouer.com/deposer-une-annonce/REGION/DEPARTEMENT/VILLE/Sous-location-Juillet-Aout-studio-Paris-5eme-19830,2026-08-17
souslouer.com,petites annonces - Toutes les annonces - Sous location Mois d'août - 80 m²,petites annonces,https://www.souslouer.com/deposer-une-annonce/REGION/DEPARTEMENT/VILLE/Sous-location-Mois-d-aout-80-m-19852,2026-08-17
souslouer.com,petites annonces - Toutes les annonces - Sous location Paris,petites annonces,https://www.souslouer.com/deposer-une-annonce/REGION/DEPARTEMENT/VILLE/Sous-location-Paris-10805,2026-08-17
souslouer.com,petites annonces - Toutes les annonces - Sous location Paris,petites annonces,https://www.souslouer.com/deposer-une-annonce/REGION/DEPARTEMENT/VILLE/Sous-location-Paris-10814,2026-08-17
souslouer.com,petites annonces - Toutes les annonces - Sous location Paris 12/08/12 au 02/09/12,petites annonces,https://www.souslouer.com/deposer-une-annonce/REGION/DEPARTEMENT/VILLE/Sous-location-Paris-12-08-12-au-02-09-12-19984,2026-08-17
souslouer.com,petites annonces - Toutes les annonces - Sous location Paris 19! semaine ou mois,petites annonces,https://www.souslouer.com/deposer-une-annonce/REGION/DEPARTEMENT/VILLE/Sous-location-Paris-19-semaine-ou-mois-19703,2026-08-17
souslouer.com,petites annonces - Toutes les annonces - Sous location Paris 30m2 (juillet) 200e,petites annonces,https://www.souslouer.com/deposer-une-annonce/REGION/DEPARTEMENT/VILLE/Sous-location-Paris-30m2-juillet-200e-20022,2026-08-17
souslouer.com,petites annonces - Toutes les annonces - Sous-location Paris 9ème de février à juillet 2011,petites annonces,https://www.souslouer.com/deposer-une-annonce/REGION/DEPARTEMENT/VILLE/Sous-location-Paris-9eme-de-fevrier-a-juillet-2011-8335,2026-08-17
souslouer.com,petites annonces - Toutes les annonces - Sous location Paris centre,petites annonces,https://www.souslouer.com/deposer-une-annonce/REGION/DEPARTEMENT/VILLE/Sous-location-Paris-centre-19855,2026-08-17
souslouer.com,petites annonces - Toutes les annonces - Sous location T2 bis Malmousque 13007,petites annonces,https://www.souslouer.com/deposer-une-annonce/REGION/DEPARTEMENT/VILLE/Sous-location-T2-bis-Malmousque-13007-8598,2026-08-17
souslouer.com,"petites annonces - Toutes les annonces - Sous location T2 de charme, Paris XV, 30mÂ²",petites annonces,https://www.souslouer.com/deposer-une-annonce/REGION/DEPARTEMENT/VILLE/Sous-location-T2-de-charme-Paris-XV-30ma-19726,2026-08-17
souslouer.com,petites annonces - Toutes les annonces - Sous-location T3 70m2 - Lyon 3ème - 6 mois,petites annonces,https://www.souslouer.com/deposer-une-annonce/REGION/DEPARTEMENT/VILLE/Sous-location-T3-70m2-Lyon-3eme-6-mois-19694,2026-08-17
souslouer.com,petites annonces - Toutes les annonces - Sous location Urgent,petites annonces,https://www.souslouer.com/deposer-une-annonce/REGION/DEPARTEMENT/VILLE/Sous-location-Urgent-10953,2026-08-17
souslouer.com,petites annonces - Toutes les annonces - Sous-location à Grenoble,petites annonces,https://www.souslouer.com/deposer-une-annonce/REGION/DEPARTEMENT/VILLE/Sous-location-a-Grenoble-19929,2026-08-17
souslouer.com,petites annonces - Toutes les annonces - Sous location appartement Aout Septembre,petites annonces,https://www.souslouer.com/deposer-une-annonce/REGION/DEPARTEMENT/VILLE/Sous-location-appartement-Aout-Septembre-19693,2026-08-17
souslouer.com,petites annonces - Toutes les annonces - Sous location appartement Marseille,petites annonces,https://www.souslouer.com/deposer-une-annonce/REGION/DEPARTEMENT/VILLE/Sous-location-appartement-Marseille-10731,2026-08-17
souslouer.com,petites annonces - Toutes les annonces - Sous location appartement Paris,petites annonces,https://www.souslouer.com/deposer-une-annonce/REGION/DEPARTEMENT/VILLE/Sous-location-appartement-Paris-10795,2026-08-17
souslouer.com,petites annonces - Toutes les annonces - Sous location appartement Paris 15,petites annonces,https://www.souslouer.com/deposer-une-annonce/REGION/DEPARTEMENT/VILLE/Sous-location-appartement-Paris-15-19941,2026-08-17
souslouer.com,petites annonces - Toutes les annonces - Sous location appartement Paris 16,petites annonces,https://www.souslouer.com/deposer-une-annonce/REGION/DEPARTEMENT/VILLE/Sous-location-appartement-Paris-16-19949,2026-08-17
souslouer.com,"petites annonces - Toutes les annonces - Sous-location, appartement Paris, MÃ©nilmontant, 2 piÃ¨ces",petites annonces,https://www.souslouer.com/deposer-une-annonce/REGION/DEPARTEMENT/VILLE/Sous-location-appartement-Paris-Ma-nilmontant-2-pia-ces-19948,2026-08-17
souslouer.com,petites annonces - Toutes les annonces - Sous location appartement T2 Paris 11eme,petites annonces,https://www.souslouer.com/deposer-une-annonce/REGION/DEPARTEMENT/VILLE/Sous-location-appartement-T2-Paris-11eme-19937,2026-08-17
souslouer.com,petites annonces - Toutes les annonces - Sous location appartement paris,petites annonces,https://www.souslouer.com/deposer-une-annonce/REGION/DEPARTEMENT/VILLE/Sous-location-appartement-paris-8512,2026-08-17
souslouer.com,petites annonces - Toutes les annonces - Sous location chambre Paris 17e,petites annonces,https://www.souslouer.com/deposer-une-annonce/REGION/DEPARTEMENT/VILLE/Sous-location-chambre-Paris-17e-19965,2026-08-17
souslouer.com,petites annonces - Toutes les annonces - Sous location d un joli studio,petites annonces,https://www.souslouer.com/deposer-une-annonce/REGION/DEPARTEMENT/VILLE/Sous-location-d-un-joli-studio-19686,2026-08-17
souslouer.com,petites annonces - Toutes les annonces - Sous location d'une chambre dans une coloc 75010 (juillet aout) chateau d'eau,petites annonces,https://www.souslouer.com/deposer-une-annonce/REGION/DEPARTEMENT/VILLE/Sous-location-d-une-chambre-dans-une-coloc-75010-juillet-aout-chateau-d-eau-19870,2026-08-17
souslouer.com,petites annonces - Toutes les annonces - Sous location paris centre,petites annonces,https://www.souslouer.com/deposer-une-annonce/REGION/DEPARTEMENT/VILLE/Sous-location-paris-centre-8374,2026-08-17
souslouer.com,petites annonces - Toutes les annonces - Sous location studio/Appart Paris Oct nov 2010,petites annonces,https://www.souslouer.com/deposer-une-annonce/REGION/DEPARTEMENT/VILLE/Sous-location-studio-Appart-Paris-Oct-nov-2010-8503,2026-08-17
souslouer.com,petites annonces - Toutes les annonces - Sous location studio Paris,petites annonces,https://www.souslouer.com/deposer-une-annonce/REGION/DEPARTEMENT/VILLE/Sous-location-studio-Paris-19854,2026-08-17
souslouer.com,petites annonces - Toutes les annonces - Sous location studio Paris 20 ème,petites annonces,https://www.souslouer.com/deposer-une-annonce/REGION/DEPARTEMENT/VILLE/Sous-location-studio-Paris-20-eme-8271,2026-08-17
souslouer.com,petites annonces - Toutes les annonces - Sous location studio Paris,petites annonces,https://www.souslouer.com/deposer-une-annonce/REGION/DEPARTEMENT/VILLE/Sous-location-studio-Paris-8624,2026-08-17
souslouer.com,petites annonces - Toutes les annonces - Sous-location studio - Paris/Montreuil - Urgent -,petites annonces,https://www.souslouer.com/deposer-une-annonce/REGION/DEPARTEMENT/VILLE/Sous-location-studio-Paris-Montreuil-Urgent-19934,2026-08-17
souslouer.com,petites annonces - Toutes les annonces - Sous-location studio août Paris Montparnasse,petites annonces,https://www.souslouer.com/deposer-une-annonce/REGION/DEPARTEMENT/VILLE/Sous-location-studio-aout-Paris-Montparnasse-20020,2026-08-17
souslouer.com,petites annonces - Toutes les annonces - Sous location studio meublé paris,petites annonces,https://www.souslouer.com/deposer-une-annonce/REGION/DEPARTEMENT/VILLE/Sous-location-studio-meuble-paris-7905,2026-08-17
souslouer.com,petites annonces - Toutes les annonces - Sous location temporaire,petites annonces,https://www.souslouer.com/deposer-une-annonce/REGION/DEPARTEMENT/VILLE/Sous-location-temporaire-8806,2026-08-17
souslouer.com,petites annonces - Toutes les annonces - Sous location visite Paris vacances de Noël,petites annonces,https://www.souslouer.com/deposer-une-annonce/REGION/DEPARTEMENT/VILLE/Sous-location-visite-Paris-vacances-de-Nocl-10725,2026-08-17
souslouer.com,petites annonces - Toutes les annonces - Sous loue appart sur Paris juillet / août,petites annonces,https://www.souslouer.com/deposer-une-annonce/REGION/DEPARTEMENT/VILLE/Sous-loue-appart-sur-Paris-juillet-aout-8490,2026-08-17
souslouer.com,petites annonces - Toutes les annonces - Sous-loue chambre dans colocation Paris 11,petites annonces,https://www.souslouer.com/deposer-une-annonce/REGION/DEPARTEMENT/VILLE/Sous-loue-chambre-dans-colocation-Paris-11-19956,2026-08-17
souslouer.com,petites annonces - Toutes les annonces - Stagiaire cherche sous location Paris 6mois minimum,petites annonces,https://www.souslouer.com/deposer-une-annonce/REGION/DEPARTEMENT/VILLE/Stagiaire-cherche-sous-location-Paris-6mois-minimum-8522,2026-08-17
souslouer.com,petites annonces - Toutes les annonces - Studio 20 m² - Paris Bastille,petites annonces,https://www.souslouer.com/deposer-une-annonce/REGION/DEPARTEMENT/VILLE/Studio-20-m-Paris-Bastille-19871,2026-08-17
souslouer.com,"petites annonces - Toutes les annonces - Studio 25m², proche M1 Beraut et RER A Vincennes; dispo Juillet Août",petites annonces,https://www.souslouer.com/deposer-une-annonce/REGION/DEPARTEMENT/VILLE/Studio-25m-proche-M1-Beraut-et-RER-A-Vincennes-dispo-Juillet-Aout-19983,2026-08-17
souslouer.com,petites annonces - Toutes les annonces - Studio - Marseille1er - 27 au 2 oct,petites annonces,https://www.souslouer.com/deposer-une-annonce/REGION/DEPARTEMENT/VILLE/Studio-Marseille1er-27-au-2-oct-8470,2026-08-17
souslouer.com,petites annonces - Toutes les annonces - Studio Montreuil,petites annonces,https://www.souslouer.com/deposer-une-annonce/REGION/DEPARTEMENT/VILLE/Studio-Montreuil-10693,2026-08-17
souslouer.com,petites annonces - Toutes les annonces - Studio Paris 10e,petites annonces,https://www.souslouer.com/deposer-une-annonce/REGION/DEPARTEMENT/VILLE/Studio-Paris-10e-19724,2026-08-17
souslouer.com,petites annonces - Toutes les annonces - Studio Paris 11 (proche marais),petites annonces,https://www.souslouer.com/deposer-une-annonce/REGION/DEPARTEMENT/VILLE/Studio-Paris-11-proche-marais-8555,2026-08-17
souslouer.com,petites annonces - Toutes les annonces - Studio Paris 18,petites annonces,https://www.souslouer.com/deposer-une-annonce/REGION/DEPARTEMENT/VILLE/Studio-Paris-18-8656,2026-08-17
souslouer.com,petites annonces - Toutes les annonces - Studio Paris,petites annonces,https://www.souslouer.com/deposer-une-annonce/REGION/DEPARTEMENT/VILLE/Studio-Paris-8733,2026-08-17
souslouer.com,petites annonces - Toutes les annonces - Studio Paris centre pour Août seulement,petites annonces,https://www.souslouer.com/deposer-une-annonce/REGION/DEPARTEMENT/VILLE/Studio-Paris-centre-pour-Aout-seulement-19685,2026-08-17
souslouer.com,petites annonces - Toutes les annonces - Studio cosy Paris centre (métro Rue du Bac),petites annonces,https://www.souslouer.com/deposer-une-annonce/REGION/DEPARTEMENT/VILLE/Studio-cosy-Paris-centre-metro-Rue-du-Bac-19962,2026-08-17
souslouer.com,petites annonces - Toutes les annonces - Studio libre 2mois: OCTOBRE NOVEMBRE - PARIS,petites annonces,https://www.souslouer.com/deposer-une-annonce/REGION/DEPARTEMENT/VILLE/Studio-libre-2mois-OCTOBRE-NOVEMBRE-PARIS-8789,2026-08-17
souslouer.com,petites annonces - Toutes les annonces - Studio meublé Arts & Métier Août,petites annonces,https://www.souslouer.com/deposer-une-annonce/REGION/DEPARTEMENT/VILLE/Studio-meuble-Arts-Metier-Aout-19989,2026-08-17
souslouer.com,petites annonces - Toutes les annonces - Studio meublé Paris Trocadéro,petites annonces,https://www.souslouer.com/deposer-une-annonce/REGION/DEPARTEMENT/VILLE/Studio-meuble-Paris-Trocadero-7848,2026-08-17
souslouer.com,petites annonces - Toutes les annonces - T1 Marseille a partir du 05/2O11,petites annonces,https://www.souslouer.com/deposer-une-annonce/REGION/DEPARTEMENT/VILLE/T1-Marseille-a-partir-du-05-2O11-8701,2026-08-17
souslouer.com,petites annonces - Toutes les annonces - T1 PARIS DEMANDE URGENTE,petites annonces,https://www.souslouer.com/deposer-une-annonce/REGION/DEPARTEMENT/VILLE/T1-PARIS-DEMANDE-URGENTE-10788,2026-08-17
souslouer.com,petites annonces - Toutes les annonces - T1 T2 T3 BOULOGNE BILLANCOURT SEPT. 2011,petites annonces,https://www.souslouer.com/deposer-une-annonce/REGION/DEPARTEMENT/VILLE/T1-T2-T3-BOULOGNE-BILLANCOURT-SEPT-2011-11046,2026-08-17
souslouer.com,petites annonces - Toutes les annonces - T1 T2 T3 CHARENTON SEPT. 2011,petites annonces,https://www.souslouer.com/deposer-une-annonce/REGION/DEPARTEMENT/VILLE/T1-T2-T3-CHARENTON-SEPT-2011-11047,2026-08-17
souslouer.com,petites annonces - Toutes les annonces - T1 T2 T3 LEVALLOIS-PERRET SEPT. 2011,petites annonces,https://www.souslouer.com/deposer-une-annonce/REGION/DEPARTEMENT/VILLE/T1-T2-T3-LEVALLOIS-PERRET-SEPT-2011-11051,2026-08-17
souslouer.com,petites annonces - Toutes les annonces - T1 T2 T3 NEUILLY SEPT. 2011,petites annonces,https://www.souslouer.com/deposer-une-annonce/REGION/DEPARTEMENT/VILLE/T1-T2-T3-NEUILLY-SEPT-2011-11048,2026-08-17
souslouer.com,petites annonces - Toutes les annonces - T1 T2 T3 PARIS 16 SEPT. 2011,petites annonces,https://www.souslouer.com/deposer-une-annonce/REGION/DEPARTEMENT/VILLE/T1-T2-T3-PARIS-16-SEPT-2011-11049,2026-08-17
souslouer.com,petites annonces - Toutes les annonces - T1 T2 T3 PARIS 17 SEPT. 2011,petites annonces,https://www.souslouer.com/deposer-une-annonce/REGION/DEPARTEMENT/VILLE/T1-T2-T3-PARIS-17-SEPT-2011-11050,2026-08-17
souslouer.com,petites annonces - Toutes les annonces - T2 Paris Centre Ile Saint Louis,petites annonces,https://www.souslouer.com/deposer-une-annonce/REGION/DEPARTEMENT/VILLE/T2-Paris-Ile-Saint-Louis-19973,2026-08-17
souslouer.com,petites annonces - Toutes les annonces - T2 Paris proche Porte de Versailles,petites annonces,https://www.souslouer.com/deposer-une-annonce/REGION/DEPARTEMENT/VILLE/T2-Paris-proche-Porte-de-Versailles-19862,2026-08-17
souslouer.com,petites annonces - Toutes les annonces - T3 résidence centre aix avec garage,petites annonces,https://www.souslouer.com/deposer-une-annonce/REGION/DEPARTEMENT/VILLE/T3-residence-centre-aix-avec-garage-8500,2026-08-17
souslouer.com,petites annonces - Toutes les annonces - T4/5 Paris janvier 2011,petites annonces,https://www.souslouer.com/deposer-une-annonce/REGION/DEPARTEMENT/VILLE/T4-5-Paris-janvier-2011-10936,2026-08-17
souslouer.com,petites annonces - Toutes les annonces - T4 pour sous location,petites annonces,https://www.souslouer.com/deposer-une-annonce/REGION/DEPARTEMENT/VILLE/T4-pour-sous-location-8707,2026-08-17
souslouer.com,"petites annonces - Toutes les annonces - TOULOUSE hypercentre, 4 chambres",petites annonces,https://www.souslouer.com/deposer-une-annonce/REGION/DEPARTEMENT/VILLE/TOULOUSE-hypercentre-4-chambres-19697,2026-08-17
souslouer.com,petites annonces - Toutes les annonces - Toulouse -01/01/11 - 08/03/11,petites annonces,https://www.souslouer.com/deposer-une-annonce/REGION/DEPARTEMENT/VILLE/Toulouse-01-01-11-08-03-11-10779,2026-08-17
souslouer.com,petites annonces - Toutes les annonces - Toulouse Octobre 2010,petites annonces,https://www.souslouer.com/deposer-une-annonce/REGION/DEPARTEMENT/VILLE/Toulouse-Octobre-2010-8359,2026-08-17
souslouer.com,petites annonces - Toutes les annonces - Tres beau t2 meuble au coeur de la ville,petites annonces,https://www.souslouer.com/deposer-une-annonce/REGION/DEPARTEMENT/VILLE/Tres-beau-t2-meuble-au-coeur-de-la-ville-8778,2026-08-17
souslouer.com,petites annonces - Toutes les annonces - URGENT 2pièces Montmartre 900€/mois,petites annonces,https://www.souslouer.com/deposer-une-annonce/REGION/DEPARTEMENT/VILLE/URGENT-2pieces-Montmartre-900-mois-20005,2026-08-17
souslouer.com,petites annonces - Toutes les annonces - URGENT!!Appartement 2 pièces 43 m2 Paris 11e - Place de la BASTILLE,petites annonces,https://www.souslouer.com/deposer-une-annonce/REGION/DEPARTEMENT/VILLE/URGENT-Appartement-2-pieces-43-m2-Paris-11e-Place-de-la-BASTILLE-19935,2026-08-17
souslouer.com,petites annonces - Toutes les annonces - URGENT CHERCHE STUDIO OU T2 PARIS INTRA MUROS,petites annonces,https://www.souslouer.com/deposer-une-annonce/REGION/DEPARTEMENT/VILLE/URGENT-CHERCHE-STUDIO-OU-T2-PARIS-INTRA-MUROS-11016,2026-08-17
souslouer.com,petites annonces - Toutes les annonces - URGENT ! Du 2 au 31 juillet/2 pièces/Paris 18ème/800€,petites annonces,https://www.souslouer.com/deposer-une-annonce/REGION/DEPARTEMENT/VILLE/URGENT-Du-2-au-31-juillet-2-pieces-Paris-18eme-800-19864,2026-08-17
souslouer.com,petites annonces - Toutes les annonces - URGENT ! Du 2 au 31 juillet/2 pièces/Paris 18ème/800€,petites annonces,https://www.souslouer.com/deposer-une-annonce/REGION/DEPARTEMENT/VILLE/URGENT-Du-2-au-31-juillet-2-pieces-Paris-18eme-800-19865,2026-08-17
souslouer.com,petites annonces - Toutes les annonces - URGENT PARIS,petites annonces,https://www.souslouer.com/deposer-une-annonce/REGION/DEPARTEMENT/VILLE/URGENT-PARIS-10768,2026-08-17
souslouer.com,petites annonces - Toutes les annonces - URGENT Paris16 sous location appartement 3 semaines,petites annonces,https://www.souslouer.com/deposer-une-annonce/REGION/DEPARTEMENT/VILLE/URGENT-Paris16-sous-location-appartement-3-semaines-8509,2026-08-17
souslouer.com,petites annonces - Toutes les annonces - URGENT: RECHERCHE DE SOUS-LOCATION SUR PARIS,petites annonces,https://www.souslouer.com/deposer-une-annonce/REGION/DEPARTEMENT/VILLE/URGENT-RECHERCHE-DE-SOUS-LOCATION-SUR-PARIS-7875,2026-08-17
souslouer.com,petites annonces - Toutes les annonces - URGENT - Recherche sous location Paris Sud,petites annonces,https://www.souslouer.com/deposer-une-annonce/REGION/DEPARTEMENT/VILLE/URGENT-Recherche-sous-location-Paris-Sud-8519,2026-08-17
souslouer.com,petites annonces - Toutes les annonces - URGENT SS LOCATION PARIS,petites annonces,https://www.souslouer.com/deposer-une-annonce/REGION/DEPARTEMENT/VILLE/URGENT-SS-LOCATION-PARIS-8744,2026-08-17
souslouer.com,petites annonces - Toutes les annonces - URGENT Sous loue F2 à Lyon 3ème,petites annonces,https://www.souslouer.com/deposer-une-annonce/REGION/DEPARTEMENT/VILLE/URGENT-Sous-loue-F2-a-Lyon-3eme-8226,2026-08-17
souslouer.com,petites annonces - Toutes les annonces - URGENT URGENT 06234880430,petites annonces,https://www.souslouer.com/deposer-une-annonce/REGION/DEPARTEMENT/VILLE/URGENT-URGENT-06234880430-10986,2026-08-17
souslouer.com,petites annonces - Toutes les annonces - URGENT cherche location paris pour octobre!,petites annonces,https://www.souslouer.com/deposer-une-annonce/REGION/DEPARTEMENT/VILLE/URGENT-cherche-location-paris-pour-octobre-8485,2026-08-17
souslouer.com,petites annonces - Toutes les annonces - URGENT jeune couple serieux et dynamique cherche sous location à Paris,petites annonces,https://www.souslouer.com/deposer-une-annonce/REGION/DEPARTEMENT/VILLE/URGENT-jeune-couple-serieux-et-dynamique-cherche-sous-location-a-Paris-11026,2026-08-17
souslouer.com,petites annonces - Toutes les annonces - URGENT :sous-location appartement Paris,petites annonces,https://www.souslouer.com/deposer-une-annonce/REGION/DEPARTEMENT/VILLE/URGENT-sous-location-appartement-Paris-8496,2026-08-17
souslouer.com,"petites annonces - Toutes les annonces - Urgene, stagiaire, cherche un studio à",petites annonces,https://www.souslouer.com/deposer-une-annonce/REGION/DEPARTEMENT/VILLE/Urgene-stagiaire-cherche-un-studio-a-8507,2026-08-17
souslouer.com,petites annonces - Toutes les annonces - Urgent!!! Recherche Sous Location Octobre,petites annonces,https://www.souslouer.com/deposer-une-annonce/REGION/DEPARTEMENT/VILLE/Urgent-Recherche-Sous-Location-Octobre-8491,2026-08-17
souslouer.com,petites annonces - Toutes les annonces - Urgent !!! Recherche sous loc' !!!,petites annonces,https://www.souslouer.com/deposer-une-annonce/REGION/DEPARTEMENT/VILLE/Urgent-Recherche-sous-loc-7889,2026-08-17
souslouer.com,petites annonces - Toutes les annonces - Urgent: cherche sous location Paris a partir de janvier,petites annonces,https://www.souslouer.com/deposer-une-annonce/REGION/DEPARTEMENT/VILLE/Urgent-cherche-sous-location-Paris-a-partir-de-janvier-10787,2026-08-17
souslouer.com,"petites annonces - Toutes les annonces - Urgent, recherche studio à louer jusqu'à fin octobre",petites annonces,https://www.souslouer.com/deposer-une-annonce/REGION/DEPARTEMENT/VILLE/Urgent-recherche-studio-a-louer-jusqu-a-fin-octobre-8380,2026-08-17
souslouer.com,petites annonces - Toutes les annonces - Urgent- sous location paris,petites annonces,https://www.souslouer.com/deposer-une-annonce/REGION/DEPARTEMENT/VILLE/Urgent-sous-location-paris-10870,2026-08-17
souslouer.com,petites annonces - Toutes les annonces - a 2 minutes de l etoile urgent,petites annonces,https://www.souslouer.com/deposer-une-annonce/REGION/DEPARTEMENT/VILLE/a-2-minutes-de-l-etoile-urgent-8622,2026-08-17
souslouer.com,petites annonces - Toutes les annonces - appartement entièrement meublé 13m² LYON2 place carnot perrache bail 1an,petites annonces,https://www.souslouer.com/deposer-une-annonce/REGION/DEPARTEMENT/VILLE/appartement-entierement-meuble-13m-LYON2-place-carnot-perrache-bail-1an-8308,2026-08-17
souslouer.com,petites annonces - Toutes les annonces - beau studio rez de jardin proximité tour eiffel à louer pour trois mois,petites annonces,https://www.souslouer.com/deposer-une-annonce/REGION/DEPARTEMENT/VILLE/beau-studio-rez-de-jardin-proximite-tour-eiffel-a-louer-pour-trois-mois-8216,2026-08-17
souslouer.com,petites annonces - Toutes les annonces - cherche T3 ou T4 Paris,petites annonces,https://www.souslouer.com/deposer-une-annonce/REGION/DEPARTEMENT/VILLE/cherche-T3-ou-T4-Paris-10720,2026-08-17
souslouer.com,petites annonces - Toutes les annonces - cherche appart proche défense,petites annonces,https://www.souslouer.com/deposer-une-annonce/REGION/DEPARTEMENT/VILLE/cherche-appart-proche-defense-10780,2026-08-17
souslouer.com,petites annonces - Toutes les annonces - cherche coloc sympa,petites annonces,https://www.souslouer.com/deposer-une-annonce/REGION/DEPARTEMENT/VILLE/cherche-coloc-sympa-8317,2026-08-17
souslouer.com,petites annonces - Toutes les annonces - cherche colocation,petites annonces,https://www.souslouer.com/deposer-une-annonce/REGION/DEPARTEMENT/VILLE/cherche-colocation-8721,2026-08-17
souslouer.com,petites annonces - Toutes les annonces - cherche sous lcoation studio urgent,petites annonces,https://www.souslouer.com/deposer-une-annonce/REGION/DEPARTEMENT/VILLE/cherche-sous-lcoation-studio-urgent-8479,2026-08-17
souslouer.com,petites annonces - Toutes les annonces - cherche sous loc pour le mois de février,petites annonces,https://www.souslouer.com/deposer-une-annonce/REGION/DEPARTEMENT/VILLE/cherche-sous-loc-pour-le-mois-de-fevrier-10980,2026-08-17
souslouer.com,petites annonces - Toutes les annonces - cherche sous location,petites annonces,https://www.souslouer.com/deposer-une-annonce/REGION/DEPARTEMENT/VILLE/cherche-sous-location-8487,2026-08-17
souslouer.com,petites annonces - Toutes les annonces - cherche sous-location appartement courte durée BESANCON,petites annonces,https://www.souslouer.com/deposer-une-annonce/REGION/DEPARTEMENT/VILLE/cherche-sous-location-appartement-courte-duree-BESANCON-10790,2026-08-17
souslouer.com,petites annonces - Toutes les annonces - cherche sous location janvier-mars 2011,petites annonces,https://www.souslouer.com/deposer-une-annonce/REGION/DEPARTEMENT/VILLE/cherche-sous-location-janvier-mars-2011-10923,2026-08-17
souslouer.com,petites annonces - Toutes les annonces - cherche souslocation paris,petites annonces,https://www.souslouer.com/deposer-une-annonce/REGION/DEPARTEMENT/VILLE/cherche-souslocation-paris-10754,2026-08-17
souslouer.com,petites annonces - Toutes les annonces - cherche une sous location janvier-février 2011,petites annonces,https://www.souslouer.com/deposer-une-annonce/REGION/DEPARTEMENT/VILLE/cherche-une-sous-location-janvier-fevrier-2011-11012,2026-08-17
souslouer.com,petites annonces - Toutes les annonces - demande de sous location,petites annonces,https://www.souslouer.com/deposer-une-annonce/REGION/DEPARTEMENT/VILLE/demande-de-sous-location-8579,2026-08-17
souslouer.com,petites annonces - Toutes les annonces - demande de sous-location paris 12e 11e 20e 10e,petites annonces,https://www.souslouer.com/deposer-une-annonce/REGION/DEPARTEMENT/VILLE/demande-de-sous-location-paris-12e-11e-20e-10e-8371,2026-08-17
souslouer.com,petites annonces - Toutes les annonces - joli T2 atypique lyon vaise,petites annonces,https://www.souslouer.com/deposer-une-annonce/REGION/DEPARTEMENT/VILLE/joli-T2-atypique-lyon-vaise-8332,2026-08-17
souslouer.com,petites annonces - Toutes les annonces - location 2 mois dans le 94,petites annonces,https://www.souslouer.com/deposer-une-annonce/REGION/DEPARTEMENT/VILLE/location-2-mois-dans-le-94-8609,2026-08-17
souslouer.com,petites annonces - Toutes les annonces - location 24m2 Paris 9 Juillet-Aout. balcon/baie vitrÃ©e/vue sur tout Paris,petites annonces,https://www.souslouer.com/deposer-une-annonce/REGION/DEPARTEMENT/VILLE/location-24m2-Paris-9-Juillet-Aout-balcon-baie-vitra-e-vue-sur-tout-Paris-19714,2026-08-17
souslouer.com,petites annonces - Toutes les annonces - location 3 mois,petites annonces,https://www.souslouer.com/deposer-une-annonce/REGION/DEPARTEMENT/VILLE/location-3-mois-8212,2026-08-17
souslouer.com,petites annonces - Toutes les annonces - loue appartement parisien été,petites annonces,https://www.souslouer.com/deposer-une-annonce/REGION/DEPARTEMENT/VILLE/loue-appartement-parisien-ete-19987,2026-08-17
souslouer.com,petites annonces - Toutes les annonces - maison à Toulouse,petites annonces,https://www.souslouer.com/deposer-une-annonce/REGION/DEPARTEMENT/VILLE/maison-a-Toulouse-8796,2026-08-17
souslouer.com,petites annonces - Toutes les annonces - nous cherchons une location,petites annonces,https://www.souslouer.com/deposer-une-annonce/REGION/DEPARTEMENT/VILLE/nous-cherchons-une-location-10758,2026-08-17
souslouer.com,petites annonces - Toutes les annonces - philippe 49ans,petites annonces,https://www.souslouer.com/deposer-une-annonce/REGION/DEPARTEMENT/VILLE/philippe-49ans-8571,2026-08-17
souslouer.com,petites annonces - Toutes les annonces - recherche appartement PARIS T3,petites annonces,https://www.souslouer.com/deposer-une-annonce/REGION/DEPARTEMENT/VILLE/recherche-appartement-PARIS-T3-8386,2026-08-17
souslouer.com,petites annonces - Toutes les annonces - recherche appartement strasbourg 16 au 24 décembre,petites annonces,https://www.souslouer.com/deposer-une-annonce/REGION/DEPARTEMENT/VILLE/recherche-appartement-strasbourg-16-au-24-decembre-10996,2026-08-17
souslouer.com,petites annonces - Toutes les annonces - recherche chambre ou studio URGENT,petites annonces,https://www.souslouer.com/deposer-une-annonce/REGION/DEPARTEMENT/VILLE/recherche-chambre-ou-studio-URGENT-8561,2026-08-17
souslouer.com,petites annonces - Toutes les annonces - recherche s-location pour le mois d'octobre,petites annonces,https://www.souslouer.com/deposer-une-annonce/REGION/DEPARTEMENT/VILLE/recherche-s-location-pour-le-mois-d-octobre-8392,2026-08-17
souslouer.com,petites annonces - Toutes les annonces - recherche sous location,petites annonces,https://www.souslouer.com/deposer-une-annonce/REGION/DEPARTEMENT/VILLE/recherche-sous-location-10711,2026-08-17
souslouer.com,petites annonces - Toutes les annonces - recherche sous location,petites annonces,https://www.souslouer.com/deposer-une-annonce/REGION/DEPARTEMENT/VILLE/recherche-sous-location-10789,2026-08-17
souslouer.com,petites annonces - Toutes les annonces - recherche sous location à Pau,petites annonces,https://www.souslouer.com/deposer-une-annonce/REGION/DEPARTEMENT/VILLE/recherche-sous-location-a-Pau-8391,2026-08-17
souslouer.com,petites annonces - Toutes les annonces - recherche sous location appart Paris,petites annonces,https://www.souslouer.com/deposer-une-annonce/REGION/DEPARTEMENT/VILLE/recherche-sous-location-appart-Paris-11017,2026-08-17
souslouer.com,petites annonces - Toutes les annonces - recherche sous location appartement paris,petites annonces,https://www.souslouer.com/deposer-une-annonce/REGION/DEPARTEMENT/VILLE/recherche-sous-location-appartement-paris-8535,2026-08-17
souslouer.com,petites annonces - Toutes les annonces - recherche sous location dans paris,petites annonces,https://www.souslouer.com/deposer-une-annonce/REGION/DEPARTEMENT/VILLE/recherche-sous-location-dans-paris-8365,2026-08-17
souslouer.com,petites annonces - Toutes les annonces - recherche sous location studio paris,petites annonces,https://www.souslouer.com/deposer-une-annonce/REGION/DEPARTEMENT/VILLE/recherche-sous-location-studio-paris-8370,2026-08-17
souslouer.com,petites annonces - Toutes les annonces - recherche studio paris mars,petites annonces,https://www.souslouer.com/deposer-une-annonce/REGION/DEPARTEMENT/VILLE/recherche-studio-paris-mars-10791,2026-08-17
souslouer.com,petites annonces - Toutes les annonces - recherche une sous location pour 6mois URGENT,petites annonces,https://www.souslouer.com/deposer-une-annonce/REGION/DEPARTEMENT/VILLE/recherche-une-sous-location-pour-6mois-URGENT-8476,2026-08-17
souslouer.com,petites annonces - Toutes les annonces - sous loc Orléans,petites annonces,https://www.souslouer.com/deposer-une-annonce/REGION/DEPARTEMENT/VILLE/sous-loc-Orleans-8488,2026-08-17
souslouer.com,petites annonces - Toutes les annonces - sous loc PARIS,petites annonces,https://www.souslouer.com/deposer-une-annonce/REGION/DEPARTEMENT/VILLE/sous-loc-PARIS-10887,2026-08-17
souslouer.com,petites annonces - Toutes les annonces - sous loc appartement Paris,petites annonces,https://www.souslouer.com/deposer-une-annonce/REGION/DEPARTEMENT/VILLE/sous-loc-appartement-Paris-8523,2026-08-17
souslouer.com,petites annonces - Toutes les annonces - sous location F3 a st denis basilique(93),petites annonces,https://www.souslouer.com/deposer-une-annonce/REGION/DEPARTEMENT/VILLE/sous-location-F3-a-st-denis-basilique-93-19834,2026-08-17
souslouer.com,petites annonces - Toutes les annonces - sous location Maison 70m2 à Bagnolet,petites annonces,https://www.souslouer.com/deposer-une-annonce/REGION/DEPARTEMENT/VILLE/sous-location-Maison-70m2-a-Bagnolet-19833,2026-08-17
souslouer.com,petites annonces - Toutes les annonces - sous location Paris 2010/01/01 - 2010/02/28,petites annonces,https://www.souslouer.com/deposer-une-annonce/REGION/DEPARTEMENT/VILLE/sous-location-Paris-2010-01-01-2010-02-28-11037,2026-08-17
souslouer.com,petites annonces - Toutes les annonces - sous location Paris / Issy,petites annonces,https://www.souslouer.com/deposer-une-annonce/REGION/DEPARTEMENT/VILLE/sous-location-Paris-Issy-10900,2026-08-17
souslouer.com,petites annonces - Toutes les annonces - sous-location Paris ou Evry,petites annonces,https://www.souslouer.com/deposer-une-annonce/REGION/DEPARTEMENT/VILLE/sous-location-Paris-ou-Evry-11030,2026-08-17
souslouer.com,petites annonces - Toutes les annonces - sous location Reims,petites annonces,https://www.souslouer.com/deposer-une-annonce/REGION/DEPARTEMENT/VILLE/sous-location-Reims-8660,2026-08-17
souslouer.com,petites annonces - Toutes les annonces - sous location T2 42m² Paris 15,petites annonces,https://www.souslouer.com/deposer-une-annonce/REGION/DEPARTEMENT/VILLE/sous-location-T2-42m-Paris-15-8642,2026-08-17
souslouer.com,petites annonces - Toutes les annonces - sous location: apart meublé de 70m²,petites annonces,https://www.souslouer.com/deposer-une-annonce/REGION/DEPARTEMENT/VILLE/sous-location-apart-meuble-de-70m-7820,2026-08-17
souslouer.com,petites annonces - Toutes les annonces - sous location appart Paris,petites annonces,https://www.souslouer.com/deposer-une-annonce/REGION/DEPARTEMENT/VILLE/sous-location-appart-Paris-11018,2026-08-17
souslouer.com,petites annonces - Toutes les annonces - sous location appart paris,petites annonces,https://www.souslouer.com/deposer-une-annonce/REGION/DEPARTEMENT/VILLE/sous-location-appart-paris-19722,2026-08-17
souslouer.com,petites annonces - Toutes les annonces - sous location appartemen paris,petites annonces,https://www.souslouer.com/deposer-une-annonce/REGION/DEPARTEMENT/VILLE/sous-location-appartemen-paris-8321,2026-08-17
souslouer.com,petites annonces - Toutes les annonces - sous location appartement Lyon,petites annonces,https://www.souslouer.com/deposer-une-annonce/REGION/DEPARTEMENT/VILLE/sous-location-appartement-Lyon-10831,2026-08-17
souslouer.com,petites annonces - Toutes les annonces - sous location appartement Lyon,petites annonces,https://www.souslouer.com/deposer-une-annonce/REGION/DEPARTEMENT/VILLE/sous-location-appartement-Lyon-10832,2026-08-17
souslouer.com,petites annonces - Toutes les annonces - sous location appartement Lyon,petites annonces,https://www.souslouer.com/deposer-une-annonce/REGION/DEPARTEMENT/VILLE/sous-location-appartement-Lyon-8466,2026-08-17
souslouer.com,petites annonces - Toutes les annonces - sous location appartement Nantes,petites annonces,https://www.souslouer.com/deposer-une-annonce/REGION/DEPARTEMENT/VILLE/sous-location-appartement-Nantes-8230,2026-08-17
souslouer.com,petites annonces - Toutes les annonces - sous location appartement Paris,petites annonces,https://www.souslouer.com/deposer-une-annonce/REGION/DEPARTEMENT/VILLE/sous-location-appartement-Paris-10813,2026-08-17
souslouer.com,petites annonces - Toutes les annonces - sous location appartement Paris,petites annonces,https://www.souslouer.com/deposer-une-annonce/REGION/DEPARTEMENT/VILLE/sous-location-appartement-Paris-10983,2026-08-17
souslouer.com,petites annonces - Toutes les annonces - sous location appartement Paris,petites annonces,https://www.souslouer.com/deposer-une-annonce/REGION/DEPARTEMENT/VILLE/sous-location-appartement-Paris-8373,2026-08-17
souslouer.com,petites annonces - Toutes les annonces - sous location appartement Paris,petites annonces,https://www.souslouer.com/deposer-une-annonce/REGION/DEPARTEMENT/VILLE/sous-location-appartement-Paris-8463,2026-08-17
souslouer.com,petites annonces - Toutes les annonces - sous location appartement Paris,petites annonces,https://www.souslouer.com/deposer-une-annonce/REGION/DEPARTEMENT/VILLE/sous-location-appartement-Paris-8464,2026-08-17
souslouer.com,petites annonces - Toutes les annonces - sous location appartement Paris max 800 euros,petites annonces,https://www.souslouer.com/deposer-une-annonce/REGION/DEPARTEMENT/VILLE/sous-location-appartement-Paris-max-800-euros-8453,2026-08-17
souslouer.com,petites annonces - Toutes les annonces - sous location appartement ou studio arcachon,petites annonces,https://www.souslouer.com/deposer-une-annonce/REGION/DEPARTEMENT/VILLE/sous-location-appartement-ou-studio-arcachon-11020,2026-08-17
souslouer.com,petites annonces - Toutes les annonces - sous location appartement paris,petites annonces,https://www.souslouer.com/deposer-une-annonce/REGION/DEPARTEMENT/VILLE/sous-location-appartement-paris-10713,2026-08-17
souslouer.com,petites annonces - Toutes les annonces - sous location appartement paris,petites annonces,https://www.souslouer.com/deposer-une-annonce/REGION/DEPARTEMENT/VILLE/sous-location-appartement-paris-10747,2026-08-17
souslouer.com,petites annonces - Toutes les annonces - sous location appartement paris,petites annonces,https://www.souslouer.com/deposer-une-annonce/REGION/DEPARTEMENT/VILLE/sous-location-appartement-paris-10862,2026-08-17
souslouer.com,petites annonces - Toutes les annonces - sous location appartement paris,petites annonces,https://www.souslouer.com/deposer-une-annonce/REGION/DEPARTEMENT/VILLE/sous-location-appartement-paris-8473,2026-08-17
souslouer.com,petites annonces - Toutes les annonces - sous location chambre Paris,petites annonces,https://www.souslouer.com/deposer-une-annonce/REGION/DEPARTEMENT/VILLE/sous-location-chambre-Paris-8511,2026-08-17
souslouer.com,petites annonces - Toutes les annonces - sous location chambre Paris ( Bastille),petites annonces,https://www.souslouer.com/deposer-une-annonce/REGION/DEPARTEMENT/VILLE/sous-location-chambre-Paris-Bastille-19943,2026-08-17
souslouer.com,"petites annonces - Toutes les annonces - sous location,chambre dans coloc nantes",petites annonces,https://www.souslouer.com/deposer-une-annonce/REGION/DEPARTEMENT/VILLE/sous-location-chambre-dans-coloc-nantes-7823,2026-08-17
souslouer.com,petites annonces - Toutes les annonces - sous location chambre ds coloc paris 15 du 17.10 au 13.11.2010,petites annonces,https://www.souslouer.com/deposer-une-annonce/REGION/DEPARTEMENT/VILLE/sous-location-chambre-ds-coloc-paris-15-du-17-10-au-13-11-2010-8357,2026-08-17
souslouer.com,petites annonces - Toutes les annonces - sous location chambre ou studio,petites annonces,https://www.souslouer.com/deposer-une-annonce/REGION/DEPARTEMENT/VILLE/sous-location-chambre-ou-studio-8377,2026-08-17
souslouer.com,"petites annonces - Toutes les annonces - sous location, courte durée Paris",petites annonces,https://www.souslouer.com/deposer-une-annonce/REGION/DEPARTEMENT/VILLE/sous-location-courte-duree-Paris-8495,2026-08-17
souslouer.com,petites annonces - Toutes les annonces - sous location grand studio montreuil,petites annonces,https://www.souslouer.com/deposer-une-annonce/REGION/DEPARTEMENT/VILLE/sous-location-grand-studio-montreuil-8543,2026-08-17
souslouer.com,petites annonces - Toutes les annonces - sous location paris,petites annonces,https://www.souslouer.com/deposer-une-annonce/REGION/DEPARTEMENT/VILLE/sous-location-paris-10970,2026-08-17
souslouer.com,petites annonces - Toutes les annonces - sous location paris 16,petites annonces,https://www.souslouer.com/deposer-une-annonce/REGION/DEPARTEMENT/VILLE/sous-location-paris-16-19950,2026-08-17
souslouer.com,petites annonces - Toutes les annonces - sous location paris juin 2011,petites annonces,https://www.souslouer.com/deposer-une-annonce/REGION/DEPARTEMENT/VILLE/sous-location-paris-juin-2011-10956,2026-08-17
souslouer.com,petites annonces - Toutes les annonces - sous location studio / Appt Paris & RP,petites annonces,https://www.souslouer.com/deposer-une-annonce/REGION/DEPARTEMENT/VILLE/sous-location-studio-Appt-Paris-RP-11045,2026-08-17
souslouer.com,petites annonces - Toutes les annonces - sous-location studio Lille,petites annonces,https://www.souslouer.com/deposer-une-annonce/REGION/DEPARTEMENT/VILLE/sous-location-studio-Lille-8776,2026-08-17
souslouer.com,petites annonces - Toutes les annonces - sous location studio Montreuil,petites annonces,https://www.souslouer.com/deposer-une-annonce/REGION/DEPARTEMENT/VILLE/sous-location-studio-Montreuil-20016,2026-08-17
souslouer.com,petites annonces - Toutes les annonces - sous location studio Paris,petites annonces,https://www.souslouer.com/deposer-une-annonce/REGION/DEPARTEMENT/VILLE/sous-location-studio-Paris-11019,2026-08-17
souslouer.com,petites annonces - Toutes les annonces - sous location studio Paris 15ème,petites annonces,https://www.souslouer.com/deposer-une-annonce/REGION/DEPARTEMENT/VILLE/sous-location-studio-Paris-15eme-8305,2026-08-17
souslouer.com,petites annonces - Toutes les annonces - sous location studio Paris court duree,petites annonces,https://www.souslouer.com/deposer-une-annonce/REGION/DEPARTEMENT/VILLE/sous-location-studio-Paris-court-duree-10727,2026-08-17
souslouer.com,petites annonces - Toutes les annonces - sous location studio aménagé,petites annonces,https://www.souslouer.com/deposer-une-annonce/REGION/DEPARTEMENT/VILLE/sous-location-studio-amenage-8360,2026-08-17
souslouer.com,petites annonces - Toutes les annonces - sous-location studio/chambre Paris,petites annonces,https://www.souslouer.com/deposer-une-annonce/REGION/DEPARTEMENT/VILLE/sous-location-studio-chambre-Paris-10685,2026-08-17
souslouer.com,petites annonces - Toutes les annonces - sous location studio ou T1 sur Paris,petites annonces,https://www.souslouer.com/deposer-une-annonce/REGION/DEPARTEMENT/VILLE/sous-location-studio-ou-T1-sur-Paris-8548,2026-08-17
souslouer.com,petites annonces - Toutes les annonces - sous location studio ou chambre/94,petites annonces,https://www.souslouer.com/deposer-une-annonce/REGION/DEPARTEMENT/VILLE/sous-location-studio-ou-chambre-94-8320,2026-08-17
souslouer.com,petites annonces - Toutes les annonces - sous location studio paris,petites annonces,https://www.souslouer.com/deposer-une-annonce/REGION/DEPARTEMENT/VILLE/sous-location-studio-paris-10737,2026-08-17
souslouer.com,petites annonces - Toutes les annonces - sous location studio paris,petites annonces,https://www.souslouer.com/deposer-une-annonce/REGION/DEPARTEMENT/VILLE/sous-location-studio-paris-8384,2026-08-17
souslouer.com,petites annonces - Toutes les annonces - sous location t2 lyon vaise,petites annonces,https://www.souslouer.com/deposer-une-annonce/REGION/DEPARTEMENT/VILLE/sous-location-t2-lyon-vaise-8245,2026-08-17
souslouer.com,petites annonces - Toutes les annonces - sous location triplex 50m2 dans le marais paris,petites annonces,https://www.souslouer.com/deposer-une-annonce/REGION/DEPARTEMENT/VILLE/sous-location-triplex-50m2-dans-le-marais-paris-19691,2026-08-17
souslouer.com,petites annonces - Toutes les annonces - sous location urgente,petites annonces,https://www.souslouer.com/deposer-une-annonce/REGION/DEPARTEMENT/VILLE/sous-location-urgente-8366,2026-08-17
souslouer.com,petites annonces - Toutes les annonces - sous location urgente,petites annonces,https://www.souslouer.com/deposer-une-annonce/REGION/DEPARTEMENT/VILLE/sous-location-urgente-8368,2026-08-17
souslouer.com,petites annonces - Toutes les annonces - sous location week end angers,petites annonces,https://www.souslouer.com/deposer-une-annonce/REGION/DEPARTEMENT/VILLE/sous-location-week-end-angers-8566,2026-08-17
souslouer.com,petites annonces - Toutes les annonces - sous location week end angers,petites annonces,https://www.souslouer.com/deposer-une-annonce/REGION/DEPARTEMENT/VILLE/sous-location-week-end-angers-8567,2026-08-17
souslouer.com,petites annonces - Toutes les annonces - sous loue T2 nantes,petites annonces,https://www.souslouer.com/deposer-une-annonce/REGION/DEPARTEMENT/VILLE/sous-loue-T2-nantes-8318,2026-08-17
souslouer.com,petites annonces - Toutes les annonces - sous loue chambre dans maison en colloc paris mi/fin sept until end of november(flexible),petites annonces,https://www.souslouer.com/deposer-une-annonce/REGION/DEPARTEMENT/VILLE/sous-loue-chambre-dans-maison-en-colloc-paris-mi-fin-sept-until-end-of-november-flexible-7865,2026-08-17
souslouer.com,petites annonces - Toutes les annonces - sous loue decembre / janvier / fevrier 300 eurs,petites annonces,https://www.souslouer.com/deposer-une-annonce/REGION/DEPARTEMENT/VILLE/sous-loue-decembre-janvier-fevrier-300-eurs-8295,2026-08-17
souslouer.com,petites annonces - Toutes les annonces - sous loue studio de sept 2012 à fev 2013,petites annonces,https://www.souslouer.com/deposer-une-annonce/REGION/DEPARTEMENT/VILLE/sous-loue-studio-de-sept-2012-a-fev-2013-19952,2026-08-17
souslouer.com,petites annonces - Toutes les annonces - souslocation Paris août,petites annonces,https://www.souslouer.com/deposer-une-annonce/REGION/DEPARTEMENT/VILLE/souslocation-Paris-aout-19718,2026-08-17
souslouer.com,"petites annonces - Toutes les annonces - studio 20m2 PARIS Bastille, LIBRE DE SUITE",petites annonces,https://www.souslouer.com/deposer-une-annonce/REGION/DEPARTEMENT/VILLE/studio-20m2-PARIS-Bastille-LIBRE-DE-SUITE-19876,2026-08-17
souslouer.com,"petites annonces - Toutes les annonces - studio ODEON/juillet-aout 2012,490euros/mois",petites annonces,https://www.souslouer.com/deposer-une-annonce/REGION/DEPARTEMENT/VILLE/studio-ODEON-juillet-aout-2012-490euros-mois-19813,2026-08-17
souslouer.com,petites annonces - Toutes les annonces - studio Paris,petites annonces,https://www.souslouer.com/deposer-une-annonce/REGION/DEPARTEMENT/VILLE/studio-Paris-10692,2026-08-17
souslouer.com,petites annonces - Toutes les annonces - studio Paris 11eme,petites annonces,https://www.souslouer.com/deposer-une-annonce/REGION/DEPARTEMENT/VILLE/studio-Paris-11eme-8694,2026-08-17
souslouer.com,petites annonces - Toutes les annonces - studio appartment,petites annonces,https://www.souslouer.com/deposer-une-annonce/REGION/DEPARTEMENT/VILLE/studio-appartment-8315,2026-08-17
souslouer.com,petites annonces - Toutes les annonces - studio avec grande terrasse MARSEILLE,petites annonces,https://www.souslouer.com/deposer-une-annonce/REGION/DEPARTEMENT/VILLE/studio-avec-grande-terrasse-MARSEILLE-8362,2026-08-17
souslouer.com,petites annonces - Toutes les annonces - studio bordeaux,petites annonces,https://www.souslouer.com/deposer-une-annonce/REGION/DEPARTEMENT/VILLE/studio-bordeaux-8682,2026-08-17
souslouer.com,petites annonces - Toutes les annonces - studio ou appartement sur Paris,petites annonces,https://www.souslouer.com/deposer-une-annonce/REGION/DEPARTEMENT/VILLE/studio-ou-appartement-sur-Paris-8497,2026-08-17
souslouer.com,petites annonces - Toutes les annonces - très beau t2 Endoume Marseille,petites annonces,https://www.souslouer.com/deposer-une-annonce/REGION/DEPARTEMENT/VILLE/tres-beau-t2-Endoume-Marseille-8698,2026-08-17
souslouer.com,petites annonces - Toutes les annonces - urgent cherch sous location appart paris,petites annonces,https://www.souslouer.com/deposer-une-annonce/REGION/DEPARTEMENT/VILLE/urgent-cherch-sous-location-appart-paris-10835,2026-08-17
souslouer.com,petites annonces - Toutes les annonces - urgent recherche sous location paris,petites annonces,https://www.souslouer.com/deposer-une-annonce/REGION/DEPARTEMENT/VILLE/urgent-recherche-sous-location-paris-8489,2026-08-17
souslouer.com,petites annonces - Toutes les annonces - urgent recherche sous location pour 2 Mois sur paris,petites annonces,https://www.souslouer.com/deposer-une-annonce/REGION/DEPARTEMENT/VILLE/urgent-recherche-sous-location-pour-2-Mois-sur-paris-8375,2026-08-17
souslouer.com,petites annonces - Toutes les annonces - urgent recherche un studio en sous location a paris ou en banlieue,petites annonces,https://www.souslouer.com/deposer-une-annonce/REGION/DEPARTEMENT/VILLE/urgent-recherche-un-studio-en-sous-location-a-paris-ou-en-banlieue-10982,2026-08-17
souslouer.com,petites annonces - Toutes les annonces - Results from #3520,petites annonces,https://www.souslouer.com/deposer-une-annonce/toutes_les_annonces?start=3520,2026-08-17
souslouer.com,petites annonces - Toutes les annonces - Results from #3540,petites annonces,https://www.souslouer.com/deposer-une-annonce/toutes_les_annonces?start=3540,2026-08-17
souslouer.com,petites annonces - Toutes les annonces - Results from #3580,petites annonces,https://www.souslouer.com/deposer-une-annonce/toutes_les_annonces?start=3580,2026-08-17
souslouer.com,petites annonces - Toutes les annonces - Results from #3600,petites annonces,https://www.souslouer.com/deposer-une-annonce/toutes_les_annonces?start=3600,2026-08-17
souslouer.com,petites annonces - Toutes les annonces - Results from #3620,petites annonces,https://www.souslouer.com/deposer-une-annonce/toutes_les_annonces?start=3620,2026-08-17
souslouer.com,Annonces de sous-location - Results from #1620,annonces sous location,https://www.souslouer.com/offre-sous-location?amp;cp=75007&dept=75&ville=30787&reg=11&start=1620,2026-08-17
souslouer.com,Annonces de sous-location - Results from #1640,annonces sous location,https://www.souslouer.com/offre-sous-location?amp;cp=75007&dept=75&ville=30787&reg=11&start=1640,2026-08-17
souslouer.com,Annonces de sous-location - Results from #1660,annonces sous location,https://www.souslouer.com/offre-sous-location?amp;cp=75007&dept=75&ville=30787&reg=11&start=1660,2026-08-17
souslouer.com,Annonces de sous-location - Results from #1680,annonces sous location,https://www.souslouer.com/offre-sous-location?amp;cp=75007&dept=75&ville=30787&reg=11&start=1680,2026-08-17
souslouer.com,Annonces de sous-location - Results from #1700,annonces sous location,https://www.souslouer.com/offre-sous-location?amp;cp=75007&dept=75&ville=30787&reg=11&start=1700,2026-08-17
souslouer.com,Annonces de sous-location - Results from #1640,annonces sous location,https://www.souslouer.com/offre-sous-location?amp;dept=75&reg=11&start=1640,2026-08-17
souslouer.com,Annonces de sous-location - Results from #1660,annonces sous location,https://www.souslouer.com/offre-sous-location?amp;dept=75&reg=11&start=1660,2026-08-17
souslouer.com,Annonces de sous-location - Results from #1680,annonces sous location,https://www.souslouer.com/offre-sous-location?amp;dept=75&reg=11&start=1680,2026-08-17
souslouer.com,Annonces de sous-location - Results from #1700,annonces sous location,https://www.souslouer.com/offre-sous-location?amp;dept=75&reg=11&start=1700,2026-08-17
souslouer.com,Annonces de sous-location - Results from #1720,annonces sous location,https://www.souslouer.com/offre-sous-location?amp;dept=75&reg=11&start=1720,2026-08-17
souslouer.com,Annonces de sous-location - Results from #1740,annonces sous location,https://www.souslouer.com/offre-sous-location?amp;dept=75&reg=11&start=1740,2026-08-17
stid-france.fr,Cyber Collège : Guide Complet pour Parents et Élèves 📚,cyber collège,https://stid-france.fr/cyber-college,2026-08-17
stid-france.fr,LDEO Intérieurs : Éco-Design et Aménagement Sur Mesure 🌿,ldeo intérieurs,https://stid-france.fr/ldeo-interieurs,2026-08-17
top-maison-confort.fr,Créer un salon chaleureux aux tons naturels - top-maison-confort.fr,créer salon chaleureux,https://top-maison-confort.fr/salon-aux-tons-naturels,2026-08-17
top-maison-confort.fr,Inspirez-vous d'un salon minimaliste moderne - top-maison-confort.fr,salon minimaliste moderne,https://top-maison-confort.fr/salon-minimaliste-moderne,2026-08-17
top-maison-confort.fr,Adoptez le style Boho Chic pour votre intérieur - top-maison-confort.fr,boho chic votre,https://top-maison-confort.fr/style-boho-chic-deco-interieur,2026-08-17
top-maison-confort.fr,Découvrez les volets roulants résistants au feu - top-maison-confort.fr,volets roulants résistants,https://top-maison-confort.fr/volets-roulants-resistants-feu,2026-08-17
topelevation.fr,"Bail mobilité : durée, règles et dépôt de garantie",bail mobilité,https://topelevation.fr/immobilier/bail-mobilite,2026-08-17
travaux-magazine.fr,Réinventez votre intérieur avec du béton ciré ! - Travaux-magazine.fr,réinventez votre intérieur,https://travaux-magazine.fr/beton-cire-sol-plan-travail,2026-08-17
travaux-magazine.fr,Cuisines en bois et béton ciré : un mix audacieux - Travaux-magazine.fr,cuisines bois béton,https://travaux-magazine.fr/cuisine-bois-beton-cire,2026-08-17
travaux-magazine.fr,Rénovez vos meubles avec le patinage DIY - Travaux-magazine.fr,rénovez vos meubles,https://travaux-magazine.fr/patiner-meuble-relooker-diy,2026-08-17
travaux-magazine.fr,Le plan de travail en Dekton Khalo pour une cuisine moderne - Travaux-magazine.fr,dekton khalo cuisine,https://travaux-magazine.fr/plan-travail-dekton-khalo-cuisine,2026-08-17
travaux-magazine.fr,Création d'un tableau rétro aux couleurs dorées - Travaux-magazine.fr,tableau rétro couleurs,https://travaux-magazine.fr/tableau-dore-diy,2026-08-17
travaux-specialistes.fr,Créez un plan de collection inspirant pour votre maison - Travaux-specialistes.fr,collection inspirant votre,https://travaux-specialistes.fr/plan-collection-maison-inspirant,2026-08-17
travaux-specialistes.fr,Appliquer les principes de programmation dans votre maison - Travaux-specialistes.fr,programmation votre maison,https://travaux-specialistes.fr/programmer-architecture-optimisation-maison,2026-08-17
travaux-specialistes.fr,Comment réinterpréter les espaces de votre maison : idées pratiques - Travaux-specialistes.fr,espaces votre maison,https://travaux-specialistes.fr/renover-espaces-maison,2026-08-17
travaux-specialistes.fr,Téléchargez votre planning de projet architectural gratuit - Travaux-specialistes.fr,téléchargez votre planning,https://travaux-specialistes.fr/telecharger-planning-projet-architectural,2026-08-17
www.3ehabitat.fr,Ce que personne ne vous dit avant le dépannage d'une chaudière au gaz - 3e habitat,dépannage chaudière gaz,https://www.3ehabitat.fr/ce-que-personne-ne-vous-dit-avant-le-depannage-dune-chaudiere-au-gaz,2026-08-17
www.agence-etoile.fr,Apartment Moita - Agence Etoile,apartment moita,https://www.agence-etoile.fr/en/property/apartment-moita,2026-08-17
www.agence-etoile.fr,Appartement Moita - Agence Etoile,appartement moita,https://www.agence-etoile.fr/property/appartement-moita,2026-08-17
www.agencedumoulin87.fr,Maison traditionnelle : pourquoi choisir ce type de construction ? - Agence du Moulin,maison traditionnelle,https://www.agencedumoulin87.fr/maison-traditionnelle-pourquoi-choisir-ce-type-de-construction,2026-08-17
www.agglo-gpso.fr,QR Code Brawl Stars actif aujourd'hui : où trouver les meilleurs bonus - GPSO,qr code brawl,https://www.agglo-gpso.fr/qr-code-brawl-stars-actif-aujourdhui-ou-trouver-les-meilleurs-bonus,2026-08-17
www.airnews.net,Heur de prière Compiègne : méthode fiable pour éviter tout retard - Airnews,heur prière compiègne,https://www.airnews.net/heur-de-priere-compiegne-methode-fiable-pour-eviter-tout-retard,2026-08-17
www.ameliorer-mon-logement.fr,Combien de jeux de clés doit donner un propriétaire ?,combien jeux clés,https://www.ameliorer-mon-logement.fr/combien-de-jeu-de-cle-doit-donner-un-proprietaire,2026-08-17
www.atlasimmobilier.com,Garage titré de 15 m² à Tafoukt – Opportunité à Essaouira,titré 15 m²,https://atlasimmobilier.com/p/garage-titre-15-m2-tafoukt-essaouira,2026-08-17
www.blog-actif.net,Tchate Chérie FM : astuces pour profiter du chat officiel en toute sécurité - Blog Actif,tchate chérie fm,https://www.blog-actif.net/tchate-cherie-fm-astuces-pour-profiter-du-chat-officiel-en-toute-securite,2026-08-17
www.blueprintforsafety.org,Faut-il ouvrir un compte à terme Crédit Agricole taux fixe en 2026 ? - Blueprint For Safety,terme crédit agricole,https://www.blueprintforsafety.org/faut-il-ouvrir-un-compte-a-terme-credit-agricole-taux-fixe-en-2026,2026-08-17
www.cercll.fr,Peut-on vraiment apprendre l'architecture intérieure avec Decoscope ? - CERCLL,architecture intérieure decoscope,https://www.cercll.fr/apprendre-architecture-interieure-avec-decoscope,2026-08-17
www.cercll.fr,Resistol Max brillant ou mat : comment bien choisir ? - CERCLL,resistol max brillant,https://www.cercll.fr/choisir-resistol-max-brillant-mat,2026-08-17
www.cercll.fr,TravauxRocket.fr : avis complet sur la plateforme de mise en relation artisans-particuliers,travauxrocket fr,https://www.cercll.fr/travauxrocket-avis-plateforme-artisans-particuliers,2026-08-17
www.cnsee.org,Comment créer une association en France selon la loi 1901 ? - CNSEE Business,association france selon,https://www.cnsee.org/comment-creer-association-en-france-selon-loi-1901,2026-08-17
www.commentaider.fr,Galaxy S26 en feu : modèle non confirmé et batterie,galaxy s26 feu,https://www.commentaider.fr/galaxy-s26-en-feu-en-inde-le-modele-reste-a-confirmer,2026-08-17
www.commentaider.fr,Galaxy Z Fold 8 Ultra ou Honor Magic V6 : écran et poids,galaxy fold ultra,https://www.commentaider.fr/galaxy-z-fold-8-ultra-face-au-honor-magic-v6-deux-compromis,2026-08-17
www.eco-finance.info,"Compte joint : fonctionnement, désolidarisation et sort au décès",compte joint,https://www.eco-finance.info/compte-joint,2026-08-17
www.espacecastillon.fr,Comment Débuter la Peinture Acrylique sur Toile ?,débuter peinture acrylique,https://www.espacecastillon.fr/peinture-acrylique-toile,2026-08-17
www.espacecastillon.fr,Tondre sa Pelouse un Jour Férié : Règles et Horaires,pelouse jour férié,https://www.espacecastillon.fr/tonte-jour-ferie,2026-08-17
www.evmag.fr,Heure de prière Roubaix : guide des meilleures applications pour 2026 - EV Mag,heure prière roubaix,https://www.evmag.fr/heure-de-priere-roubaix-guide-des-meilleures-applications-pour-2026,2026-08-17
www.gvu-immo.com,"Appartement à Aix-les-Bains (73100), 3 pièces, de 47m² à 229 000 €",aix bains 73100,https://www.gvu-immo.com/annonce/appartement-a-aix-les-bains-73100-3-pieces-12676,2026-08-17
www.gvu-immo.com,"Appartement à Chambéry (73000), 4 pièces, de 120m² à 749 000 €",appartement chambéry 73000,https://www.gvu-immo.com/annonce/appartement-a-chambery-73000-4-pieces-12680,2026-08-17
www.gvu-immo.com,"Appartement à Chambéry (73000), 5 pièces, de 66m² à 149 900 €",appartement chambéry 73000,https://www.gvu-immo.com/annonce/appartement-a-chambery-73000-5-pieces-12677,2026-08-17
www.gvu-immo.com,"Immeuble à Saint-Pierre-de-Soucy (73800), 10 pièces, de 230m² à 450 000 €",pièces 230m² 450,https://www.gvu-immo.com/annonce/immeuble-a-saint-pierre-de-soucy-73800-10-pieces-12681,2026-08-17
www.gvu-immo.com,"Maison à Brison-Saint-Innocent (73100), 8 pièces, de 168m² à 749 000 €",maison brison saint,https://www.gvu-immo.com/annonce/maison-a-brison-saint-innocent-73100-8-pieces-12679,2026-08-17
www.gvu-immo.com,"Maison à Chambéry (73000), 7 pièces, de 325m² à 1 650 000 €",maison chambéry 73000,https://www.gvu-immo.com/annonce/maison-a-chambery-73000-7-pieces-12678,2026-08-17
www.gvu-immo.com,Immeuble : immobilier Saint-Pierre-de-Soucy,immeuble,https://www.gvu-immo.com/immobilier/immeuble/st-pierre-de-soucy-73800,2026-08-17
www.habitat-groupe.be,26/09 I Festival Namur Demain - Habitat Groupé Solidaire,festival namur demain,https://www.habitat-groupe.be/agenda/namur/26-09-i-festival-namur-demain,2026-08-17
www.habitat-groupe.be,L'agenda - Habitat Groupé Solidaire,agenda,https://www.habitat-groupe.be/tag/environnement,2026-08-17
www.habitat-groupe.be,L'agenda - Habitat Groupé Solidaire,agenda,https://www.habitat-groupe.be/tag/habitat-groupe-participatif,2026-08-17
www.hebertimmobilier.fr,Avis sur Immopreneurs : que vaut réellement ce club d'investisseurs immobiliers ?,avis immopreneurs,https://www.hebertimmobilier.fr/avis-prestataires/avis-sur-immopreneurs,2026-08-17
www.hebertimmobilier.fr,Recrutement de cadres dans l'immobilier : pourquoi les entreprises peinent à trouver les bons profils en 2026,recrutement cadres immobilier,https://www.hebertimmobilier.fr/divers/recrutement-de-cadres-dans-limmobilier-pourquoi-les-entreprises-peinent-a-trouver-les-bons-profils-en-2026,2026-08-17
www.homedome.fr,Comment les lampes à poser Tiffany transforment la décoration intérieure - Home Dome,lampes poser tiffany,https://www.homedome.fr/comment-les-lampes-a-poser-tiffany-transforment-la-decoration-interieure,2026-08-17
www.koliving.fr,"DPE : au 1er janvier 2027, votre diagnostic change et la mention « A0 » exclut le fossile",dpe,https://www.koliving.fr/dpe-nouvelles-mentions-a0-1er-janvier-2027,2026-08-17
www.koliving.fr,Fuite Bloctel : 3 millions de numéros récupérés peu avant la fermeture du service,fuite bloctel,https://www.koliving.fr/fuite-bloctel-3-millions-numeros-dgccrf-2026,2026-08-17
www.koliving.fr,Investir aux Sables-d’Olonne : quels critères analyser avant d’acheter ?,investir sables olonne,https://www.koliving.fr/investir-aux-sables-dolonne-quels-criteres-analyser-avant-dacheter,2026-08-17
www.koliving.fr,Prêt travaux : le seuil de 75 000 euros qui fait tout basculer sur votre taux,prêt travaux,https://www.koliving.fr/pret-travaux-seuil-75000-euros-taux-usure-2026,2026-08-17
www.koliving.fr,Les Sables-d'Olonne - Koliving,sables olonne,https://www.koliving.fr/sujet/les-sables-dolonne,2026-08-17
www.koliving.fr,Pays-de-la-Loire - Koliving,pays loire,https://www.koliving.fr/sujet/pays-de-la-loire,2026-08-17
www.koliving.fr,Vendée - Koliving,vendée,https://www.koliving.fr/sujet/vendee,2026-08-17
www.koliving.fr,Logement vide hors zone tendue : la taxe peut grimper à 50 % et votre vacance de 2026 compte déjà,vide hors zone,https://www.koliving.fr/taxe-vacance-locaux-habitation-tvlh-2027,2026-08-17
www.latabledelacitadelle.fr,Convertir litres en kg : bouillon maison nutritif,convertir litres kg,https://www.latabledelacitadelle.fr/litres-kg-bouillon-nutritif,2026-08-17
www.leemo.fr,Laver à l'horizontale : risque ou astuce ?,laver horizontale,https://www.leemo.fr/coucher-machine-laver-risque,2026-08-17
www.ma-propriete.fr,"Propriete à vendre 10 pièces proche de VILLEREAL (47) de 500m2 habitables et de 3,85 ha de terrain | MA-PROPRIETE.FR",pièces proche villereal,https://www.ma-propriete.fr/fr/equestre/proprietes-equestres/lot-et-garonne/propriete-a-vendre-10-pieces-proche-de-villereal-47-de-500m2-habitables-et-de-3-85-ha-de-terrain,2026-08-17
www.ma-propriete.fr,Beau potentiel de rénovation dans un hameau calme et typique du Lot | MA-PROPRIETE.FR,rénovation hameau calme,https://www.ma-propriete.fr/fr/rurale/ferme-grange-mas/lot/beau-potentiel-de-renovation-dans-un-hameau-calme-et-typique-du-lot,2026-08-17
www.ma-propriete.fr,Dpt Hautes Pyrénées Tarbes Nord à vendre GITES de 300 m2 sur 2775 m2 de terrain avec piscine | MA-PROPRIETE.FR,hautes pyrénées tarbes,https://www.ma-propriete.fr/fr/touristique/gites/hautes-pyrenees/dpt-hautes-pyrenees-tarbes-nord-a-vendre-gites-de-300-m2-sur-2775-m2-de-terrain-avec-piscine-1,2026-08-17
www.maison-poincare.fr,Comment intégrer des objets publicitaires dans sa déco ? - Maison Poincaré,intégrer objets publicitaires,https://www.maison-poincare.fr/decoration/comment-integrer-des-objets-publicitaires-dans-sa-deco,2026-08-17
www.maison-poincare.fr,Eau trouble piscine : que faire pour la clarifier vite,eau trouble piscine,https://www.maison-poincare.fr/travaux/eau-trouble-piscine-que-faire,2026-08-17
www.mediaseine.fr,Exonérations de taxe foncière : réclamez vos réductions avant l'avis d'automne pour éviter la hausse 2026,exonérations taxe foncière,https://www.mediaseine.fr/immobilier/exonerations-de-taxe-fonciere-reclamez-vos-reductions-avant-lavis-dautomne-pour-eviter-la-hausse-2026-082026,2026-08-17
www.mes-bons-plans.fr,Code promo Ahead Nutrition : -15% en août 2026 | Mes Bons Plans,promo ahead nutrition,https://mes-bons-plans.fr/ahead-nutrition,2026-08-17
www.ohm-immobilier.fr,Comment choisir un cabinet d’expert immobilier ? - OH Magazine,cabinet expert immobilier,https://www.ohm-immobilier.fr/comment-choisir-un-cabinet-dexpert-immobilier,2026-08-17
www.tropheesdelamaison.com,Acheter sa première maison : comment négocier au mieux son crédit immobilier ? - Les Trophées de la Maison,acheter sa première,https://www.tropheesdelamaison.com/acheter-sa-premiere-maison-comment-negocier-au-mieux-son-credit-immobilier,2026-08-17
www.tropheesdelamaison.com,Entreprise de déménagement : quels critères pour bien choisir son professionnel ? - Les Trophées de la Maison,entreprise déménagement,https://www.tropheesdelamaison.com/entreprise-de-demenagement-quels-criteres-pour-bien-choisir-son-professionnel,2026-08-17
www.visiter-bordeaux.eu,Girondins de Bordeaux : un plan inédit pour sauver le club,girondins bordeaux,https://www.visiter-bordeaux.eu/girondins-plan-sauver-club,2026-08-17
www.vudailleurs.com,Président de la République : quels sont ses vrais pouvoirs ?,président république,https://www.vudailleurs.com/president-republique-pouvoirs-ve-republique,2026-08-17
