domain,title,keyword_keybert,url,detected_on
123-deco.fr,18 idées déco pour sublimer votre petit balcon - 132-deco.fr,votre petit balcon,https://123-deco.fr/idees-deco-petit-balcon,2026-10-02
123-deco.fr,Organiser une petite cuisine : astuces pratiques - 132-deco.fr,organiser petite cuisine,https://123-deco.fr/organiser-petite-cuisine-rangement-intelligent,2026-10-02
allianz-entrepros.fr,Prix d'une assurance décennale : ce que révèlent les tarifs par métier - Allianz Entre Pros,prix assurance décennale,https://allianz-entrepros.fr/prix-assurance-decennale,2026-10-02
appart-garden.com,🌊 Adieu l'eau sous le liner : astuces efficaces pour vider votre piscine 💧,adieu eau sous,https://appart-garden.com/enlever-eau-sous-liner,2026-10-02
appart-garden.com,🔨 Guide express : poser un tasseau en toute simplicité !,express,https://appart-garden.com/poser-tasseau,2026-10-02
appart-garden.com,Senecio rowleyanus 🌿 : Pourquoi il sèche et comment le sauver 💧,senecio rowleyanus,https://appart-garden.com/senecio-rowleyanus-seche,2026-10-02
archilibre.org,"Baguette de fixation : bois, PVC ou adhésif, le vrai choix",baguette fixation,https://archilibre.org/baguette-de-fixation,2026-10-02
archilibre.org,Bavette store banne : bien la choisir et la poser,bavette store banne,https://archilibre.org/bavette-store-banne,2026-10-02
archilibre.org,Changer barillet serrure sans clé porte fermée: la méthode,changer barillet serrure,https://archilibre.org/changer-barillet-serrure-sans-cle-porte-fermee,2026-10-02
archilibre.org,Cheminée suspendue : un choix architectural pour structurer un espace de vie,cheminée suspendue,https://archilibre.org/cheminee-suspendue-un-choix-architectural-pour-structurer-un-espace-de-vie,2026-10-02
archilibre.org,Frais agence vente immobilière : le vrai calcul,agence vente immobilière,https://archilibre.org/frais-agence-vente-immobiliere,2026-10-02
archilibre.org,Home staging virtuel : meubler une pièce vide en 3D sans tromper l'acheteur,home staging virtuel,https://archilibre.org/home-staging-virtuel-meubler-une-piece-vide-en-3d-sans-tromper-lacheteur,2026-10-02
archilibre.org,Pourquoi opter pour un lit bubble dans votre chambre ?,bubble votre chambre,https://archilibre.org/pourquoi-opter-pour-un-lit-bubble-dans-votre-chambre,2026-10-02
archilibre.org,Simuler un rachat de crédits avec un courtier : la première étape vers un ...,rachat crédits courtier,https://archilibre.org/simuler-un-rachat-de-credits-avec-un-courtier-la-premiere-etape-vers-un-budget-clair,2026-10-02
art-pluriel.fr,Batievol devis travaux : votre plateforme pour suivre vos chantiers - Art Pluriel,batievol devis travaux,https://art-pluriel.fr/batievol-devis-travaux,2026-10-02
art-pluriel.fr,Comment identifier et éliminer les vers blancs dans la maison ? - Art Pluriel,vers blancs maison,https://art-pluriel.fr/comment-identifier-et-eliminer-les-vers-blancs-dans-la-maison,2026-10-02
artisan-conseils.fr,Déco de salle de bain : 5 idées confortables à essayer - Artisan-conseils.fr,déco salle bain,https://artisan-conseils.fr/deco-salle-de-bain-idees-confortables,2026-10-02
artisan-conseils.fr,Peindre des carreaux avec de la peinture époxy - Artisan-conseils.fr,carreaux peinture époxy,https://artisan-conseils.fr/peinture-carreaux-epoxy,2026-10-02
batiment-actualites.fr,Comment construire un bassin koi dans votre jardin - batiment-actualites.fr,bassin koi votre,https://batiment-actualites.fr/comment-construire-bassin-koi,2026-10-02
batiment-actualites.fr,Découvrez le design en bois de Taylor Bay pour une maison moderne - batiment-actualites.fr,taylor bay maison,https://batiment-actualites.fr/design-bois-taylor-bay,2026-10-02
batiment-actualites.fr,Idées de bureaux étroits qui maximisent l'espace - batiment-actualites.fr,qui maximisent espace,https://batiment-actualites.fr/idees-bureaux-etroits-optimisation-espace,2026-10-02
batiment-actualites.fr,Idées de piscines hors-sol pour embellir votre jardin - batiment-actualites.fr,piscines hors sol,https://batiment-actualites.fr/idees-piscines-hors-sol-jardin,2026-10-02
batiment-actualites.fr,Découvrez la maison en bois qui allie confort et modernité - batiment-actualites.fr,découvrez maison bois,https://batiment-actualites.fr/maison-bois-modernite-chaleur,2026-10-02
batiment-actualites.fr,Découvrez les maisons Arts & Crafts qui vous inspireront - batiment-actualites.fr,découvrez maisons arts,https://batiment-actualites.fr/maisons-arts-crafts-inspiration,2026-10-02
batiment-actualites.fr,Des piscines naturelles qui apportent du charme à votre jardin - batiment-actualites.fr,charme votre jardin,https://batiment-actualites.fr/piscines-naturelles-charme-jardin,2026-10-02
briqueterie-chimot.fr,Fourmi volante ou termite : les reconnaître sans se tromper,fourmi volante termite,https://briqueterie-chimot.fr/fourmi-volante-ou-termite,2026-10-02
briqueterie-chimot.fr,Motif de portail découpé au laser : bien choisir le dessin e,portail découpé laser,https://briqueterie-chimot.fr/motif-portail-decoupe-laser,2026-10-02
cabinet-i-immobilier.fr,Rénovation énergétique en Charente : valorisez et isolez votre logement sans stress - I-Immobilier,rénovation énergétique charente,https://cabinet-i-immobilier.fr/renovation-energetique-en-charente-valorisez-et-isolez-votre-logement-sans-stress,2026-10-02
ccae.fr,Quand Tailler la Sauge : Conseils et Meilleures Méthodes ! 🌱,quand tailler sauge,https://ccae.fr/tailler-la-sauge,2026-10-02
ccae.fr,Ubakus : Découvrez l'Outil Indispensable pour l'Isolation ! 🛠️,ubakus,https://ccae.fr/ubakus,2026-10-02
cerclemediateursbancaires.fr,"C'est officiel pour la taxe foncière : certains propriétaires ne la paieront pas cette année, et d'autres peuvent se faire rembourser - CMB",est officiel taxe,https://cerclemediateursbancaires.fr/cest-officiel-pour-la-taxe-fonciere-certains-proprietaires-ne-la-paieront-pas-cette-annee-et-dautres-peuvent-se-faire-rembourser,2026-10-02
cerclemediateursbancaires.fr,"C'est officiel pour le découvert autorisé : il n'a jamais été gratuit, et la banque se sert dès le premier jour dans le rouge - CMB",officiel découvert autorisé,https://cerclemediateursbancaires.fr/cest-officiel-pour-le-decouvert-autorise-il-na-jamais-ete-gratuit-et-la-banque-se-sert-des-le-premier-jour-dans-le-rouge,2026-10-02
cerclemediateursbancaires.fr,"C'est officiel pour les locataires : quand le propriétaire a souscrit une assurance loyers impayés, la demande de garant change de statut - CMB",est officiel locataires,https://cerclemediateursbancaires.fr/cest-officiel-pour-les-locataires-quand-le-proprietaire-a-souscrit-une-assurance-loyers-impayes-la-demande-de-garant-change-de-statut,2026-10-02
cerclemediateursbancaires.fr,"J'ai demandé ma quittance de loyer par courrier juste pour garder une trace papier : le mois suivant, mon propriétaire m'a réclamé 5 euros et ce n'était pas pour le loyer - CMB",garder trace papier,https://cerclemediateursbancaires.fr/jai-demande-ma-quittance-de-loyer-par-courrier-juste-pour-garder-une-trace-papier-le-mois-suivant-mon-proprietaire-ma-reclame-5-euros-et-ce-netait-pas-pour-le-loyer,2026-10-02
cerclemediateursbancaires.fr,J'ai envoyé 800 € à ma fille un vendredi soir pour lui éviter le découvert : ma banque a tout stoppé et ce n'était pas mon solde - CMB,lui éviter découvert,https://cerclemediateursbancaires.fr/jai-envoye-800-e-a-ma-fille-un-vendredi-soir-pour-lui-eviter-le-decouvert-ma-banque-a-tout-stoppe-et-ce-netait-pas-mon-solde,2026-10-02
cerclemediateursbancaires.fr,"J'ai failli joindre le « service fraude » de ma banque sur simple demande d'une voix automatique : un homme a perdu 6 000 euros comme ça, sans jamais être remboursé - CMB",service fraude,https://cerclemediateursbancaires.fr/jai-failli-joindre-le-service-fraude-de-ma-banque-sur-simple-demande-dune-voix-automatique-un-homme-a-perdu-6-000-euros-comme-ca-sans-jamais-etre-rembourse,2026-10-02
cerclemediateursbancaires.fr,Plus personne ne cache ses comptes bancaires à la Carsat : voici ce qu'elle consulte avant de verser votre pension - CMB,personne ne cache,https://cerclemediateursbancaires.fr/plus-personne-ne-cache-ses-comptes-bancaires-a-la-carsat-voici-ce-quelle-consulte-avant-de-verser-votre-pension,2026-10-02
cerclemediateursbancaires.fr,Plus personne ne compte les années de mariage pour la réversion : voici ce que la caisse regarde vraiment - CMB,compte années mariage,https://cerclemediateursbancaires.fr/plus-personne-ne-compte-les-annees-de-mariage-pour-la-reversion-voici-ce-que-la-caisse-regarde-vraiment,2026-10-02
cerclemediateursbancaires.fr,Plus personne ne touche sa retraite en une seule fois en octobre : voici ce qui a changé sur le calendrier - CMB,touche sa retraite,https://cerclemediateursbancaires.fr/plus-personne-ne-touche-sa-retraite-en-une-seule-fois-en-octobre-voici-ce-qui-a-change-sur-le-calendrier,2026-10-02
cgt-76.fr,Condo ou Appartement : Quelles Différences et Avantages ? 🏢,condo appartement,https://cgt-76.fr/condo,2026-10-02
cgt-76.fr,"Eau Alcaline : Bienfaits, Dangers et Comment La Fabriquer ? 💧",eau alcaline,https://cgt-76.fr/eau-alcaline,2026-10-02
cgt-76.fr,"Horaires de Tonte dans les Communes : Règles, Jours et Amendes ⚖️",horaires tonte communes,https://cgt-76.fr/horaires-de-tonte-dans-les-communes,2026-10-02
chantier-expert.fr,,,https://chantier-expert.fr/ameliorations-salon-changer-espace,2026-10-02
chantier-expert.fr,,,https://chantier-expert.fr/astuces-deco-agrandir-piece,2026-10-02
chantier-expert.fr,,,https://chantier-expert.fr/beaux-rideaux-pour-magnifier-votre-interieur,2026-10-02
chantier-expert.fr,,,https://chantier-expert.fr/conseils-dessin-creation-interieur,2026-10-02
chantier-expert.fr,,,https://chantier-expert.fr/coudre-rideaux-idees,2026-10-02
chantier-expert.fr,,,https://chantier-expert.fr/crepuscule-ruelles-decoration,2026-10-02
chantier-expert.fr,,,https://chantier-expert.fr/deco-citrons-interieur,2026-10-02
chantier-expert.fr,,,https://chantier-expert.fr/fleurs-sommets-peints,2026-10-02
chantier-expert.fr,,,https://chantier-expert.fr/madame-monet-fils-deco-art,2026-10-02
chantier-expert.fr,,,https://chantier-expert.fr/tendances-deco-2026,2026-10-02
deco-et-vous.fr,Chambre bohème apaisante avec plantes et bois naturel - Deco-et-vous.fr,bohème apaisante plantes,https://deco-et-vous.fr/chambre-boheme-plantes-bois-naturel,2026-10-02
deco-et-vous.fr,Cuisines modernes pour un style bohème dans votre maison - Deco-et-vous.fr,bohème votre maison,https://deco-et-vous.fr/cuisines-modernes-style-boheme,2026-10-02
deco-et-vous.fr,Créez une ambiance hivernale bohème chez vous - Deco-et-vous.fr,hivernale bohème chez,https://deco-et-vous.fr/deco-maison-boheme-hivernale,2026-10-02
deco-et-vous.fr,29 idées de chambre bohème colorées qui rêvent - Deco-et-vous.fr,chambre bohème colorées,https://deco-et-vous.fr/idees-chambre-boheme-colores,2026-10-02
deco-et-vous.fr,Idées de salon bohème avec tables basse en bois vieilli - Deco-et-vous.fr,salon bohème tables,https://deco-et-vous.fr/salon-boheme-tables-bois-vieilli,2026-10-02
deco-et-vous.fr,Créez un salon accueillant pour les jours de pluie - Deco-et-vous.fr,salon accueillant jours,https://deco-et-vous.fr/salon-cozy-jours-de-pluie,2026-10-02
deco-habitat-mag.fr,Idées pratiques pour des maisons de plain-pied à Bloxburg - deco-habitat-mag.fr,maisons plain pied,https://deco-habitat-mag.fr/maisons-plain-pied-bloxburg,2026-10-02
deco-habitat-mag.fr,Transformez votre intérieur avec du revêtement SPC - deco-habitat-mag.fr,intérieur revêtement spc,https://deco-habitat-mag.fr/renover-maison-revetement-spc,2026-10-02
deco-habitat-mag.fr,Tout savoir sur le sol vinyle rigide SPC - deco-habitat-mag.fr,vinyle rigide spc,https://deco-habitat-mag.fr/sol-vinyle-rigide-spc,2026-10-02
deco-habitat-mag.fr,Les sols en béton poli : la tendance déco incontournable de 2025 - deco-habitat-mag.fr,sols béton poli,https://deco-habitat-mag.fr/sols-en-beton-poli-tendance-2025,2026-10-02
deco-habitat-mag.fr,Les tendances des parquets en 2026 à découvrir - deco-habitat-mag.fr,parquets 2026 découvrir,https://deco-habitat-mag.fr/tendances-parquets-2026,2026-10-02
deco-interieur-conseil.fr,Explorez l'art digital de Lin Ran : créativité et style - Deco-interieur-conseil.fr,art digital lin,https://deco-interieur-conseil.fr/art-digital-lin-ran,2026-10-02
deco-interieur-conseil.fr,Découvrez les bienfaits des graines de lin pour votre santé - Deco-interieur-conseil.fr,découvrez bienfaits graines,https://deco-interieur-conseil.fr/bienfaits-graines-de-lin-superaliment,2026-10-02
deco-interieur-conseil.fr,Découvrez le monde vibrant du Toraja - Deco-interieur-conseil.fr,monde vibrant toraja,https://deco-interieur-conseil.fr/couleurs-materiales-tendance-toraja,2026-10-02
deco-interieur-conseil.fr,L'envers du décor : couleurs et matériaux tendance - Deco-interieur-conseil.fr,envers décor,https://deco-interieur-conseil.fr/envers-du-decor-tendances-couleurs-materiaux,2026-10-02
deco-interieur-conseil.fr,Des conseils pour mieux gérer vos attentes - Deco-interieur-conseil.fr,conseils mieux gérer,https://deco-interieur-conseil.fr/gerer-ses-attentes-bien-etre,2026-10-02
deco-interieur-conseil.fr,Graines de lin et de chia : 5 façons de les intégrer dans vos repas - Deco-interieur-conseil.fr,graines lin chia,https://deco-interieur-conseil.fr/graines-lin-chia-utilisation,2026-10-02
deco-interieur-conseil.fr,Le mélange lin et coton : la couleur amande en vogue - Deco-interieur-conseil.fr,mélange lin coton,https://deco-interieur-conseil.fr/melange-lin-coton-couleur-amande,2026-10-02
decolux-maison.fr,Aménagement de piscine : créer une plage de galets élégante - decolux-maison.fr,aménagement piscine,https://decolux-maison.fr/amenagement-plage-galets-piscine,2026-10-02
decolux-maison.fr,Aménager une terrasse extérieure pour un style unique - decolux-maison.fr,aménager terrasse extérieure,https://decolux-maison.fr/amenager-terrasse-exterieure-design,2026-10-02
decolux-maison.fr,15 idées de clôtures de piscine élégantes pour sublimer votre jardin - decolux-maison.fr,piscine élégantes sublimer,https://decolux-maison.fr/clotures-piscine-design-luxueux,2026-10-02
decolux-maison.fr,Les critères essentiels pour choisir sa piscine idéale - decolux-maison.fr,sa piscine idéale,https://decolux-maison.fr/criteres-choisir-piscine,2026-10-02
decolux-maison.fr,15 idées de fêtes d'été autour de la piscine pour les enfants - decolux-maison.fr,piscine enfants,https://decolux-maison.fr/idees-fete-ete-piscine-enfants,2026-10-02
decolux-maison.fr,Liner de piscine pour un design extérieur chic - decolux-maison.fr,liner piscine design,https://decolux-maison.fr/liner-piscine-design-luxe,2026-10-02
decolux-maison.fr,Mixez les matériaux pour un revêtement de sol moderne - decolux-maison.fr,mixez matériaux revêtement,https://decolux-maison.fr/mixez-materiaux-revetement-sol,2026-10-02
decolux-maison.fr,Comment choisir la piscine enterrée et les margelles idéales pour votre jardin - decolux-maison.fr,idéales votre jardin,https://decolux-maison.fr/piscine-enterree-margelles-design,2026-10-02
domeus-constructions.fr,"Désherbant Radikal : Efficacité, Dosage, Avis Et Réglementation",désherbant radikal,https://domeus-constructions.fr/desherbant-radikal-autorisation-utilisation-france,2026-10-02
domeus-constructions.fr,"Patentkali : Composition, Bienfaits, Dosage Et Conseils D’utilisation",patentkali,https://domeus-constructions.fr/patentkali-dosage-utilisation-composition-periode-dapplication,2026-10-02
edito.selogerneuf.com,Logement neuf mal isolé : quels recours possibles ? | Edito SeLoger Neuf,logement neuf mal,https://edito.selogerneuf.com/materiaux-equipements/energie/logement-neuf-mal-isole-recours-possibles-article-23802.html,2026-10-02
famin-immobilier.fr,Projet immobilier en Nouvelle-Aquitaine : pourquoi le conseiller en agence fait toute la différence ?,immobilier nouvelle aquitaine,https://famin-immobilier.fr/projet-immobilier-en-nouvelle-aquitaine-pourquoi-le-conseiller-en-agence-fait-toute-la-difference,2026-10-02
famin-immobilier.fr,Les quartiers à éviter à Carpentras,quartiers éviter carpentras,https://famin-immobilier.fr/quartier-a-eviter-carpentras,2026-10-02
favrat-ossature-bois.fr,Brasure Cuivre : Comment Réussir Une Brasure étanche ?,brasure cuivre,https://favrat-ossature-bois.fr/brasure-cuivre-techniques-etapes-choix-materiel,2026-10-02
favrat-ossature-bois.fr,"Robinet Auto Perceur : Fonctionnement, Choix Et Installation",robinet auto perceur,https://favrat-ossature-bois.fr/robinet-auto-perceur-installation-etancheite-compatibilite-tuyaux,2026-10-02
fenrifoyer.fr,Habitation insolite sans permis de construire : est-ce possible ?,habitation insolite,https://fenrifoyer.fr/habitation-insolite-sans-permis-de-construire-est-ce-possible,2026-10-02
fenrifoyer.fr,Placo abîmé : réparer un carton arraché,placo abîmé,https://fenrifoyer.fr/placo-abime-reparer-un-carton-arrache,2026-10-02
foyerlumina.fr,"Aménager une cuisine scandinave qui mêle bois, pierre et lumière",cuisine scandinave qui,https://foyerlumina.fr/amenager-une-cuisine-scandinave-qui-mele-bois-pierre-et-lumiere,2026-10-02
foyerlumina.fr,Habitation insolite : votre guide sans permis de construire,habitation insolite,https://foyerlumina.fr/habitation-insolite-votre-guide-sans-permis-de-construire,2026-10-02
foyerlumina.fr,Quel constructeur de maison choisir à Brest et dans sa périphérie ?,constructeur maison choisir,https://foyerlumina.fr/quel-constructeur-de-maison-choisir-a-brest-et-dans-sa-peripherie,2026-10-02
foyerlumina.fr,Stage en permaculture : tout savoir pour bien le choisir,stage permaculture,https://foyerlumina.fr/stage-en-permaculture-tout-savoir-pour-bien-le-choisir,2026-10-02
foyerluxuria.fr,Drain de fosse septique saturé : causes et solutions,drain fosse septique,https://foyerluxuria.fr/drain-de-fosse-septique-sature-causes-et-solutions,2026-10-02
foyerluxuria.fr,Traitement chimique contre le papillon du palmier : comment agir ?,contre papillon palmier,https://foyerluxuria.fr/traitement-chimique-contre-le-papillon-du-palmier-comment-agir,2026-10-02
habitat-infos.fr,Couvre-patio durables : choisissez les meilleurs matériaux - Habitat-infos.fr,couvre patio durables,https://habitat-infos.fr/couvre-patio-durables-materiaux,2026-10-02
habitat-infos.fr,20 idées d'aménagement en treillis pour votre terrasse - Habitat-infos.fr,treillis votre terrasse,https://habitat-infos.fr/idees-amenagement-trellis-terrasse,2026-10-02
habitat-infos.fr,91 idées modernes de brise-vue pour embellir votre jardin - Habitat-infos.fr,embellir votre jardin,https://habitat-infos.fr/idees-moderne-brise-vue-jardin,2026-10-02
habitat-infos.fr,Inspirez-vous pour aménager votre patio extérieur - Habitat-infos.fr,votre patio extérieur,https://habitat-infos.fr/idees-patio-exterieur,2026-10-02
habitat-infos.fr,Découvrez les petites maisons tendance pour un aménagement charmant - Habitat-infos.fr,petites maisons tendance,https://habitat-infos.fr/petites-maisons-tendance-deco,2026-10-02
habitat-infos.fr,Découvrez un système de fixation innovant pour vos projets DIY - Habitat-infos.fr,système fixation innovant,https://habitat-infos.fr/systeme-fixation-novateur-bricolage,2026-10-02
habitat-infos.fr,26 terrasses pour créer un espace convivial en famille - Habitat-infos.fr,terrasses créer espace,https://habitat-infos.fr/terrasses-espaces-convivialite-famille,2026-10-02
habitat.immo,Digitalisation de la gestion locative : mode d'emploi complet,digitalisation gestion locative,https://habitat.immo/digitalisation-gestion-locative-mode-emploi,2026-10-02
harmonie-maison.fr,Choisir une entreprise de chemisage de canalisation en France - Harmonie Maison,chemisage canalisation france,https://harmonie-maison.fr/choisir-une-entreprise-de-chemisage-de-canalisation-en-france,2026-10-02
harmonie-maison.fr,Comment remplacer un robinet autoperceur sans erreur : astuces et conseils - Harmonie Maison,robinet autoperceur sans,https://harmonie-maison.fr/comment-remplacer-un-robinet-autoperceur,2026-10-02
harmonie-maison.fr,Dosage Roundup pour 5 litres d'eau : doser juste pour un désherbage efficace - Harmonie Maison,dosage roundup litres,https://harmonie-maison.fr/dosage-roundup-pour-5-litres-deau,2026-10-02
harmonie-maison.fr,Comment fabriquer un piège à guêpe maison efficace et économique - Harmonie Maison,maison efficace économique,https://harmonie-maison.fr/piege-a-guepe-maison,2026-10-02
harmonie-maison.fr,Potager City : comment profiter facilement de fruits et légumes frais chez soi - Harmonie Maison,potager city,https://harmonie-maison.fr/potager-city,2026-10-02
horizons-patrimoine.fr,"Colombes, les quartiers à éviter : notre guide sécurité",colombes quartiers éviter,https://horizons-patrimoine.fr/immobilier/colombes-les-quartiers-a-eviter-notre-guide-securite,2026-10-02
immo-libre.fr,Bornage d’un terrain de plus de 30 ans : droits et réglementation,bornage terrain,https://immo-libre.fr/bornage-terrain-de-plus-de-30-ans-2,2026-10-02
immo-libre.fr,"Maison Aimable : avis, services et accompagnement immobilier",maison aimable,https://immo-libre.fr/maison-aimable-2,2026-10-02
immo-patrimoine-conseil.fr,Acheter ou louer une maison : quel choix faire ? - Immo-patrimoine-conseil.fr,acheter louer maison,https://immo-patrimoine-conseil.fr/acheter-louer-maison-choix,2026-10-02
immo-patrimoine-conseil.fr,Aménagez un jardin à la française chez vous - Immo-patrimoine-conseil.fr,aménagez jardin française,https://immo-patrimoine-conseil.fr/jardin-a-la-francaise-amenagement,2026-10-02
immo-patrimoine-conseil.fr,Transformez un appartement fatigué en espace moderne et fonctionnel - Immo-patrimoine-conseil.fr,appartement fatigué espace,https://immo-patrimoine-conseil.fr/renovation-appartement-trois-pieces,2026-10-02
immo-patrimoine-conseil.fr,Rénover sa cuisine blanche sans se ruiner - Immo-patrimoine-conseil.fr,sa cuisine blanche,https://immo-patrimoine-conseil.fr/renovation-cuisine-blanche-budget,2026-10-02
immobilier-tout-savoir.fr,Vente immobilière : peut-on se rétracter sans conséquences ? 🏠⚖️,vente immobilière,https://immobilier-tout-savoir.fr/annuler-vente-immobiliere,2026-10-02
immodeco.net,Optimiser l'espace dans une petite chambre: astuces pro,optimiser espace,https://www.immodeco.net/optimiser-lespace-dans-une-petite-chambre,2026-10-02
immodeco.net,"Parasol chauffant et brasero, le match qui compte",parasol chauffant brasero,https://www.immodeco.net/parasol-chauffant-et-brasero,2026-10-02
immodeco.net,Serrure difficile à ouvrir : causes et solutions maison,serrure difficile ouvrir,https://www.immodeco.net/serrure-difficile-a-ouvrir,2026-10-02
interiora-style.fr,,,https://interiora-style.fr/amenagement-petite-cuisine-ilot-gris,2026-10-02
interiora-style.fr,,,https://interiora-style.fr/cuisine-blanche-bois-deco-chaleureuse,2026-10-02
interiora-style.fr,,,https://interiora-style.fr/cuisines-chaleureuses-modernite,2026-10-02
interiora-style.fr,Idées de couleurs extérieures pour une maison moderne et intemporelle - Interiora-style.fr,extérieures maison moderne,https://interiora-style.fr/idees-couleurs-exterieures-maison,2026-10-02
interiora-style.fr,Les indispensables du style méditerranéen pour votre intérieur - Interiora-style.fr,style méditerranéen votre,https://interiora-style.fr/style-mediterraneen-decoration-interieur,2026-10-02
isolationcombles.fr,Isolation des combles en Bretagne : astuces & aides financières,isolation combles bretagne,https://isolationcombles.fr/financer-isolation-combles/aide-isolation/isolation-des-combles-en-bretagne-guide-des-aides-financieres-disponibles,2026-10-02
isolationcombles.fr,"Isolation combles : soufflée vs rouleau, quel choix ?",isolation combles,https://isolationcombles.fr/travaux-isolation-combles/isolation-combles-dyi/comparaison-entre-isolation-des-combles-soufflee-et-isolation-en-rouleau,2026-10-02
jardinerlaville.fr,Comment se débarrasser des mulots au jardin ? | Jardiner la Ville,débarrasser mulots jardin,https://jardinerlaville.fr/comment-se-debarrasser-des-mulots,2026-10-02
jardinerlaville.fr,Comment traiter les punaises de la tomate ? | Jardiner la Ville,traiter punaises tomate,https://jardinerlaville.fr/traitement-punaise-tomate,2026-10-02
leconomieetmoi.fr,Placement de trésorerie : quelles solutions pour une entreprise ? - L'économie et moi,placement trésorerie,https://leconomieetmoi.fr/finance/placement-de-tresorerie-quelles-solutions-pour-une-entreprise-13392,2026-10-02
leconomieetmoi.fr,Indemnités de fin de carrière 2026 : combien allez-vous toucher ? - L'économie et moi,fin carrière 2026,https://leconomieetmoi.fr/retraite/indemnites-de-fin-de-carriere-a-quoi-sattendre-en-2026-13203,2026-10-02
loco-immo.fr,Les quartiers à éviter à Nantes,quartiers éviter nantes,https://loco-immo.fr/les-quartiers-a-eviter-a-nantes,2026-10-02
loco-immo.fr,Les quartiers à éviter à Romainville,quartiers éviter romainville,https://loco-immo.fr/les-quartiers-a-eviter-a-romainville,2026-10-02
lvdp.fr,"Béton désactivé : prix et pose en 2026, le guide pour réussir votre projet",béton désactivé,https://lvdp.fr/beton-desactive-prix-et-pose-en-2026-le-guide-complet-pour-reussir-votre-projet,2026-10-02
lvdp.fr,Piscine des Blagis : horaires et tarifs 2026 pour préparer votre visite,piscine blagis,https://lvdp.fr/piscine-des-blagis-horaires-et-tarifs-2026-pour-preparer-votre-visite,2026-10-02
maison-deco-design.fr,Transformez votre salon étroit en un espace convivial - Maison-deco-design.fr,salon étroit espace,https://maison-deco-design.fr/amenagement-salon-etroit,2026-10-02
maison-deco-design.fr,Avant et après : transformer votre espace avec style - Maison-deco-design.fr,avant après,https://maison-deco-design.fr/avant-apres-transformation-interieure,2026-10-02
maison-deco-design.fr,70 objets à désencombrer pour un intérieur minimaliste - Maison-deco-design.fr,désencombrer intérieur minimaliste,https://maison-deco-design.fr/desencombrer-interieur-minimaliste,2026-10-02
maison-deco-design.fr,100 idées pratiques pour aménager votre petit espace - Maison-deco-design.fr,votre petit espace,https://maison-deco-design.fr/idees-amenagement-petits-espaces,2026-10-02
maison-deco-design.fr,47 idées de coins lecture pour un espace chaleureux - Maison-deco-design.fr,lecture espace chaleureux,https://maison-deco-design.fr/idees-coin-lecture-chaleureux,2026-10-02
maison-deco-design.fr,Idées de salons modernes et organiques pour petits espaces - Maison-deco-design.fr,salons modernes organiques,https://maison-deco-design.fr/petits-salons-modernes-organique,2026-10-02
maison-entretien.com,Démarches d'urbanisme : les pièges à éviter avant de déposer un dossier - Maison Entretien,démarches urbanisme,https://maison-entretien.com/demarches-urbanisme-pieges-a-eviter-avant-deposer-dossier,2026-10-02
maison-entretien.com,Mur de soutènement en L : prix et pose - Maison Entretien,mur soutènement,https://maison-entretien.com/mur-de-soutenement-en-l-prix-et-pose,2026-10-02
maisondulcia.fr,Comment choisir une bibliothèque adaptée à son intérieur ?,choisir bibliothèque adaptée,https://maisondulcia.fr/comment-choisir-une-bibliotheque-adaptee-a-son-interieur,2026-10-02
maisondulcia.fr,Fraises en pot : cultiver et récolter de délicieux fruits,fraises pot,https://maisondulcia.fr/fraises-en-pot-cultiver-et-recolter-de-delicieux-fruits,2026-10-02
maisondulcia.fr,Semer des radis avec la lune : un guide complet,semer radis lune,https://maisondulcia.fr/semer-des-radis-avec-la-lune-un-guide-complet,2026-10-02
maisonfjord.fr,Fabriquer un socle pour sculpture : le guide complet,fabriquer socle sculpture,https://maisonfjord.fr/fabriquer-un-socle-pour-sculpture-le-guide-complet,2026-10-02
maisonfjord.fr,Porte coulissante sans rail apparent : discrète et esthétique,coulissante sans rail,https://maisonfjord.fr/porte-coulissante-sans-rail-apparent-discrete-et-esthetique,2026-10-02
maisonfloralis.fr,Alternative au béton ciré : quels revêtements choisir ?,alternative béton ciré,https://maisonfloralis.fr/alternative-au-beton-cire-quels-revetements-choisir,2026-10-02
maisonfloralis.fr,Mur soubassement : à quoi sert-il ?,mur soubassement,https://maisonfloralis.fr/mur-soubassement-a-quoi-sert-il,2026-10-02
maisonluminea.fr,Quel produit est interdit dans une pompe de relevage ?,produit est interdit,https://maisonluminea.fr/quel-produit-est-interdit-dans-une-pompe-de-relevage,2026-10-02
maisonluminea.fr,"Une maie en bois : histoire, usages et idées déco",maie bois,https://maisonluminea.fr/une-maie-en-bois-histoire-usages-et-idees-deco,2026-10-02
maizhome.fr,Kit transformation ballon électrique en chauffe-eau solaire,transformation ballon électrique,https://maizhome.fr/kit-transformation-ballon-electrique-en-chauffe-eau-solaire,2026-10-02
maizhome.fr,Pourquoi mon citronnier ne fait pas de citron ?,fait pas citron,https://maizhome.fr/pourquoi-mon-citronnier-ne-fait-pas-de-citron,2026-10-02
maizhome.fr,Quelle hauteur de grillage rigide choisir pour son jardin ?,grillage rigide choisir,https://maizhome.fr/quelle-hauteur-de-grillage-rigide-choisir-pour-son-jardin,2026-10-02
menuisiersdunord.fr,La poussière de découpe ne se voit qu'une fois retombée - Menuisiers du Nord,qu fois retombée,https://menuisiersdunord.fr/la-poussiere-de-decoupe-ne-se-voit-quune-fois-retombee,2026-10-02
micado-france.fr,Combien De Temps Pour Faire Construire : Le Planning Réel D'un Chantier,combien temps faire,https://micado-france.fr/delai-construction-maison-planning-retards,2026-10-02
micado-france.fr,Engrais Agrumes : Lequel Choisir Et Comment L’utiliser ?,engrais agrumes,https://micado-france.fr/engrais-agrumes-choisir-utiliser-citronnier-oranger-mandarinier,2026-10-02
micado-france.fr,"Prairie Fleurie : Comment La Créer, La Semer Et L’entretenir ?",prairie fleurie,https://micado-france.fr/prairie-fleurie-semis-entretien-choix-melange,2026-10-02
miui-france.org,GOG : boutique de jeux PC sans DRM et GOG Galaxy,gog,https://www.miui-france.org/gog,2026-10-02
miui-france.org,"Réglo Mobile : forfaits, prix et réseau de l'opérateur",réglo mobile,https://www.miui-france.org/reglomobile,2026-10-02
monhabitoo.fr,Changer baignoire sans tout casser : les méthodes efficaces,changer baignoire sans,https://monhabitoo.fr/changer-baignoire-sans-tout-casser-les-methodes-efficaces,2026-10-02
monhabitoo.fr,Tarif nettoyage vitre au m² : ce qu'il faut savoir,nettoyage vitre m²,https://monhabitoo.fr/tarif-nettoyage-vitre-au-m2-ce-quil-faut-savoir,2026-10-02
monimmeuble.com,Adapter son logement : êtes-vous vraiment prêt pour ce qui arrive ?,adapter son logement,https://monimmeuble.com/actualite/adapter-son-logement-etes-vous-vraiment-pret-pour-ce-qui-arrive,2026-10-02
monimmeuble.com,"Financement de la rénovation : Vasco lève 1,7 M€ pour 1 000 chantiers",financement rénovation,https://monimmeuble.com/actualite/financement-de-la-renovation-vasco-leve-17-me-pour-1-000-chantiers,2026-10-02
monimmeuble.com,Fiscalité locative : Laforêt lance un simulateur pour les bailleurs,fiscalité locative,https://monimmeuble.com/actualite/fiscalite-locative-laforet-lance-un-simulateur-pour-les-bailleurs,2026-10-02
monimmeuble.com,Rachat de soulte : les solutions financières pour chaque tournant de vie,rachat soulte,https://monimmeuble.com/actualite/rachat-de-soulte-les-solutions-financieres-pour-chaque-tournant-de-vie,2026-10-02
monimmeuble.com,"Succession, donation, héritage : les notaires décryptent la grande transmission de patrimoine",succession donation héritage,https://monimmeuble.com/actualite/succession-donation-heritage-les-notaires-decryptent-la-grande-transmission-de-patrimoine,2026-10-02
needl.fr,"Investissement locatif clé en main : comment ça marche, et pour qui ? - Needl",investissement locatif clé,https://needl.fr/investissement-locatif-cle-en-main-comment-ca-marche-et-pour-qui,2026-10-02
prats.fr,Entreprises du bâtiment : bien choisir ses garanties décennales - Prats,entreprises bâtiment,https://prats.fr/entreprises-du-batiment-bien-choisir-ses-garanties-decennales,2026-10-02
publicimmo.com,"Charlotte Da Silva, auteur sur Public Immo",da silva auteur,https://publicimmo.com/author/charlotte-da-silva,2026-10-02
publicimmo.com,"Grégory Chevallier, auteur sur Public Immo",grégory chevallier auteur,https://publicimmo.com/author/gregory-chevallier,2026-10-02
publicimmo.com,"Jérôme Pierre, auteur sur Public Immo",pierre auteur public,https://publicimmo.com/author/jerome-pierre,2026-10-02
publicimmo.com,"Lisa Laurent, auteur sur Public Immo",lisa laurent auteur,https://publicimmo.com/author/lisa-laurent,2026-10-02
publicimmo.com,"Marion Gillet, auteur sur Public Immo",marion gillet auteur,https://publicimmo.com/author/marion-gillet,2026-10-02
publicimmo.com,"Mathieu Guichard, auteur sur Public Immo",mathieu guichard auteur,https://publicimmo.com/author/mathieu-guichard,2026-10-02
publicimmo.com,"Mathilde Reynaud, auteur sur Public Immo",mathilde reynaud auteur,https://publicimmo.com/author/mathilde-reynaud,2026-10-02
publicimmo.com,"Maxime Fournier, auteur sur Public Immo",maxime fournier auteur,https://publicimmo.com/author/maxime-fournier,2026-10-02
publicimmo.com,"Morgane Simon, auteur sur Public Immo",morgane simon auteur,https://publicimmo.com/author/morgane-simon,2026-10-02
publicimmo.com,"Nadège Philippe, auteur sur Public Immo",nadège philippe auteur,https://publicimmo.com/author/nadege-philippe,2026-10-02
publicimmo.com,"Ophélie Robert, auteur sur Public Immo",ophélie robert auteur,https://publicimmo.com/author/ophelie-robert,2026-10-02
publicimmo.com,"Romane Lemaire, auteur sur Public Immo",romane lemaire auteur,https://publicimmo.com/author/romane-lemaire,2026-10-02
publicimmo.com,"Valentin Dupuis, auteur sur Public Immo",dupuis auteur public,https://publicimmo.com/author/valentin-dupuis,2026-10-02
rennes-blog.org,"Aurore Royer, auteur sur Rennes Blog",royer auteur rennes,https://rennes-blog.org/author/aurore-royer,2026-10-02
rennes-blog.org,"Damien Barré, auteur sur Rennes Blog",auteur rennes blog,https://rennes-blog.org/author/damien-barre,2026-10-02
rennes-blog.org,"Élise Rousseau, auteur sur Rennes Blog",rousseau auteur rennes,https://rennes-blog.org/author/elise-rousseau,2026-10-02
rennes-blog.org,"Emma Chevalier, auteur sur Rennes Blog",chevalier auteur rennes,https://rennes-blog.org/author/emma-chevalier,2026-10-02
rennes-blog.org,"Emma Hamon, auteur sur Rennes Blog",auteur rennes blog,https://rennes-blog.org/author/emma-hamon,2026-10-02
rennes-blog.org,"Emma Ménard, auteur sur Rennes Blog",auteur rennes blog,https://rennes-blog.org/author/emma-menard,2026-10-02
rennes-blog.org,"Hélène Bailly, auteur sur Rennes Blog",hélène bailly auteur,https://rennes-blog.org/author/helene-bailly,2026-10-02
rennes-blog.org,"Jérôme Delaunay, auteur sur Rennes Blog",delaunay auteur rennes,https://rennes-blog.org/author/jerome-delaunay,2026-10-02
rennes-blog.org,"Julie Guichard, auteur sur Rennes Blog",auteur rennes blog,https://rennes-blog.org/author/julie-guichard,2026-10-02
rennes-blog.org,"Kevin Breton, auteur sur Rennes Blog",auteur rennes blog,https://rennes-blog.org/author/kevin-breton,2026-10-02
rennes-blog.org,"Ludovic Daniel, auteur sur Rennes Blog",auteur rennes blog,https://rennes-blog.org/author/ludovic-daniel,2026-10-02
rennes-blog.org,"Mathieu Hervé, auteur sur Rennes Blog",mathieu hervé auteur,https://rennes-blog.org/author/mathieu-herve,2026-10-02
rennes-blog.org,"Mickaël Richard, auteur sur Rennes Blog",auteur rennes blog,https://rennes-blog.org/author/mickael-richard,2026-10-02
rennes-blog.org,"Nathalie Roche, auteur sur Rennes Blog",auteur rennes blog,https://rennes-blog.org/author/nathalie-roche,2026-10-02
rennes-blog.org,"Nathan Bertrand, auteur sur Rennes Blog",bertrand auteur rennes,https://rennes-blog.org/author/nathan-bertrand,2026-10-02
rennes-blog.org,"Océane Garnier, auteur sur Rennes Blog",océane garnier auteur,https://rennes-blog.org/author/oceane-garnier,2026-10-02
rennes-blog.org,"Pierre Dupuis, auteur sur Rennes Blog",dupuis auteur rennes,https://rennes-blog.org/author/pierre-dupuis,2026-10-02
rennes-blog.org,"Sabrina Le Goff, auteur sur Rennes Blog",sabrina goff auteur,https://rennes-blog.org/author/sabrina-le-goff,2026-10-02
rennes-blog.org,"Stéphanie Rodriguez, auteur sur Rennes Blog",auteur rennes blog,https://rennes-blog.org/author/stephanie-rodriguez,2026-10-02
rennes-blog.org,"Tristan Poulain, auteur sur Rennes Blog",poulain auteur rennes,https://rennes-blog.org/author/tristan-poulain,2026-10-02
rennes-blog.org,"Virginie Cousin, auteur sur Rennes Blog",cousin auteur rennes,https://rennes-blog.org/author/virginie-cousin,2026-10-02
renovation-astuces.fr,L'ail : l'allié secret pour des rosiers en pleine santé ! - Renovation astuces,ail,https://renovation-astuces.fr/ail-rosiers-sante-culture,2026-10-02
renovation-astuces.fr,Rendre un laurier-rose plus touffu et fleuri : nos astuces pratiques - Renovation astuces,touffu fleuri,https://renovation-astuces.fr/comment-rendre-laurier-rose-touffu-fleuri,2026-10-02
renovation-astuces.fr,Comment détecter une fuite dans votre piscine sans la vider - Renovation astuces,fuite votre piscine,https://renovation-astuces.fr/detecter-fuite-piscine-sans-vider,2026-10-02
renovation-astuces.fr,Comment faire pousser un rosier à partir d’une tige ? - Renovation astuces,rosier partir tige,https://renovation-astuces.fr/faire-pousser-rosier-tige,2026-10-02
renovation-astuces.fr,Préparez un flan de café léger et savoureux - Renovation astuces,café léger savoureux,https://renovation-astuces.fr/flan-cafe-facile-et-delicieux,2026-10-02
renovation-astuces.fr,Quand et combien de temps faire fonctionner votre pompe de piscine ? - Renovation astuces,votre pompe piscine,https://renovation-astuces.fr/fonctionnement-pompe-de-piscine,2026-10-02
renovation-astuces.fr,Transformez votre jardin à petit prix : 25 idées inspirantes - Renovation astuces,jardin petit prix,https://renovation-astuces.fr/jardin-style-petit-prix,2026-10-02
renovation-astuces.fr,Pompe de piscine : la vérité à connaître - Renovation astuces,pompe piscine,https://renovation-astuces.fr/pompe-piscine-utilisation,2026-10-02
renovation-astuces.fr,Des repas à préparer et à congeler sans stress - Renovation astuces,repas préparer congeler,https://renovation-astuces.fr/repas-a-preparer-et-congeler,2026-10-02
renovation-astuces.fr,Découvrez comment créer un jardin enchanteur chez vous - Renovation astuces,jardin enchanteur chez,https://renovation-astuces.fr/sublimer-petit-jardin,2026-10-02
renovation-conseils.fr,Coiffures de mariée pour un été enchanteur - Renovation-conseils.fr,mariée été enchanteur,https://renovation-conseils.fr/coiffures-mariee-ete-2025,2026-10-02
renovation-conseils.fr,Comment composer un bouquet de fleurs réussi - Renovation-conseils.fr,bouquet fleurs réussi,https://renovation-conseils.fr/composition-bouquet-fleurs,2026-10-02
renovation-conseils.fr,Créez une couronne de fleurs en eucalyptus pour votre déco - Renovation-conseils.fr,couronne fleurs eucalyptus,https://renovation-conseils.fr/couronne-fleurs-eucalyptus-deco,2026-10-02
renovation-conseils.fr,Créez une couronne en fleurs séchées pour votre intérieur - Renovation-conseils.fr,couronne fleurs séchées,https://renovation-conseils.fr/couronne-fleurs-sechees,2026-10-02
renovation-conseils.fr,Couronnes de fleurs colorées pour un look éclatant - Renovation-conseils.fr,couronnes fleurs colorées,https://renovation-conseils.fr/couronnes-fleurs-colorees,2026-10-02
renovation-conseils.fr,Explorez nos idées de couronnes de fleurs inspirantes - Renovation-conseils.fr,couronnes fleurs inspirantes,https://renovation-conseils.fr/couronnes-fleurs-faciles,2026-10-02
renovation-conseils.fr,Couronnes de fleurs colorées pour un mariage champêtre - Renovation-conseils.fr,couronnes fleurs colorées,https://renovation-conseils.fr/couronnes-fleurs-mariage-champetre,2026-10-02
renovation-conseils.fr,Créer une couronne florale pour embellir votre extérieur - Renovation-conseils.fr,florale embellir votre,https://renovation-conseils.fr/couronnes-florales-deco-jardin,2026-10-02
renovation-conseils.fr,Idées créatives pour couronnes de fête des mères - Renovation-conseils.fr,couronnes fête mères,https://renovation-conseils.fr/idees-couronnes-fete-des-meres,2026-10-02
renovation-conseils.fr,Découvrez le charme d'un petit bouquet de violettes - Renovation-conseils.fr,petit bouquet violettes,https://renovation-conseils.fr/petit-bouquet-de-violettes,2026-10-02
renovbox.com,"Meuble vasque : comment concilier rangement, confort et style dans la salle de bain ?",meuble vasque,https://renovbox.com/meuble-vasque-comment-concilier-rangement-confort-style-salle-de-bain,2026-10-02
revue-immo.com,SCPI Edissimmo : notre avis,scpi edissimmo,https://revue-immo.com/avis-scpi-edissimmo,2026-10-02
revue-immo.com,Meilleur investissement immobilier en 2026,investissement immobilier 2026,https://revue-immo.com/investir-immobilier-2026,2026-10-02
revue-immo.com,SCPI à crédit : comment ça fonctionne,scpi crédit,https://revue-immo.com/scpi-a-credit,2026-10-02
stid-france.fr,30000€ Brut En Net : Quel Salaire Net Obtenir Exactement ? 💰,30000 brut net,https://stid-france.fr/30000e-brut-en-net,2026-10-02
stid-france.fr,Esterel : Centre de Services et Accompagnement Aix-Marseille 📧,esterel,https://stid-france.fr/esterel-aix-marseille-2,2026-10-02
stid-france.fr,Quel master choisir après un bac+3 pour devenir expert en data - Stid France,choisir après bac,https://stid-france.fr/quel-master-choisir-apres-un-bac3-pour-devenir-expert-en-data,2026-10-02
thai-passion.fr,,,https://thai-passion.fr/activites-gratuites-kuala-lumpur,2026-10-02
thai-passion.fr,,,https://thai-passion.fr/activites-langkawi-malaisie,2026-10-02
thai-passion.fr,,,https://thai-passion.fr/bols-proteines-diner-sain,2026-10-02
thai-passion.fr,,,https://thai-passion.fr/bungalows-sur-eau-malaisie,2026-10-02
thai-passion.fr,,,https://thai-passion.fr/calamars-frits-croustillants,2026-10-02
thai-passion.fr,,,https://thai-passion.fr/curry-katsu-porc-japonais,2026-10-02
thai-passion.fr,,,https://thai-passion.fr/itineraire-4-jours-penang,2026-10-02
thai-passion.fr,,,https://thai-passion.fr/itineraire-voyage-malaisie,2026-10-02
thai-passion.fr,,,https://thai-passion.fr/jeu-societe-nommons-3-choses,2026-10-02
thai-passion.fr,,,https://thai-passion.fr/marinade-filet-mignon-parfait,2026-10-02
thai-passion.fr,,,https://thai-passion.fr/pates-cremeuses-poivrons-burrata-recette,2026-10-02
thai-passion.fr,,,https://thai-passion.fr/pates-crevettes-ail-sauce-tomate-vin-rouge,2026-10-02
thai-passion.fr,,,https://thai-passion.fr/pates-poulet-poivrons-creme,2026-10-02
thai-passion.fr,,,https://thai-passion.fr/poulet-ail-cuisine-chinoise,2026-10-02
thai-passion.fr,,,https://thai-passion.fr/poulet-piccata-sauce-beurre-citron,2026-10-02
thai-passion.fr,,,https://thai-passion.fr/poulet-saute-champignons-shiitake,2026-10-02
thai-passion.fr,,,https://thai-passion.fr/recette-haricots-verts-ail-echalotes,2026-10-02
thai-passion.fr,,,https://thai-passion.fr/recette-lassi-mangue-maison,2026-10-02
thai-passion.fr,,,https://thai-passion.fr/recette-porc-rouge-thai,2026-10-02
thai-passion.fr,,,https://thai-passion.fr/recettes-fruits-de-mer-faciles,2026-10-02
thai-passion.fr,,,https://thai-passion.fr/recettes-keto-voyage-malaisie,2026-10-02
thai-passion.fr,,,https://thai-passion.fr/recettes-libanaises-vegetaliennes,2026-10-02
thai-passion.fr,,,https://thai-passion.fr/recettes-rouleaux-printemps-frais,2026-10-02
thai-passion.fr,,,https://thai-passion.fr/recettes-salades-ete-inspirees-restaurants,2026-10-02
thai-passion.fr,,,https://thai-passion.fr/recettes-vegans-diner-rapide,2026-10-02
thai-passion.fr,,,https://thai-passion.fr/recettes-wraps-savoureuses,2026-10-02
thai-passion.fr,,,https://thai-passion.fr/reflexion-avant-de-tatouer,2026-10-02
thai-passion.fr,,,https://thai-passion.fr/repas-coreens-faciles,2026-10-02
thai-passion.fr,,,https://thai-passion.fr/resorts-flottants-malaisie,2026-10-02
thai-passion.fr,,,https://thai-passion.fr/salade-aubergines-rotees-lentilles,2026-10-02
thai-passion.fr,,,https://thai-passion.fr/salade-mediterraneenne-quinoa,2026-10-02
thai-passion.fr,,,https://thai-passion.fr/satay-poulet-sauce-cacahuetes,2026-10-02
thai-passion.fr,,,https://thai-passion.fr/sauce-cacahuetes-simple-recette,2026-10-02
thai-passion.fr,,,https://thai-passion.fr/sauce-cacahuetes-thai,2026-10-02
thai-passion.fr,,,https://thai-passion.fr/sauce-champignons-recette-facile,2026-10-02
thai-passion.fr,,,https://thai-passion.fr/sauce-satay-facile-recette-malaisienne,2026-10-02
thai-passion.fr,,,https://thai-passion.fr/sauces-a-burger-malaisie,2026-10-02
thai-passion.fr,,,https://thai-passion.fr/sauces-tremper-rouleaux-printemps,2026-10-02
thai-passion.fr,,,https://thai-passion.fr/spaghetti-alla-gricia-recette-authentique,2026-10-02
thai-passion.fr,,,https://thai-passion.fr/tartare-thon-entre-chic-simple,2026-10-02
thai-passion.fr,,,https://thai-passion.fr/tenues-automne-voyage-croatie,2026-10-02
thai-passion.fr,Idées de Tenues Élégantes pour Eid en Malaisie,élégantes eid malaisie,https://thai-passion.fr/tenues-eid-malaisie,2026-10-02
thai-passion.fr,,,https://thai-passion.fr/teppanyaki-boeuf-facile,2026-10-02
top-maison-confort.fr,Une solution d'éclairage originale pour les grands espaces - top-maison-confort.fr,originale grands espaces,https://top-maison-confort.fr/eclairage-original-grands-espaces,2026-10-02
top-maison-confort.fr,Luminaires ronds pour sublimer votre intérieur avec élégance - top-maison-confort.fr,votre intérieur élégance,https://top-maison-confort.fr/lampes-rondes-elegance-interieur,2026-10-02
topelevation.fr,Comment déclarer une location meublée à l'année en 2026 ?,meublée année 2026,https://topelevation.fr/immobilier/declarer-location-meublee-annee,2026-10-02
travaux-astuces.fr,Checklist essentielle pour votre projet de rénovation - Travaux-astuces.fr,votre projet rénovation,https://travaux-astuces.fr/checklist-renovation-maison,2026-10-02
travaux-astuces.fr,Donnez une touche personnelle à votre cuisine IKEA - Travaux-astuces.fr,votre cuisine ikea,https://travaux-astuces.fr/cuisine-ikea-personnalisee,2026-10-02
travaux-astuces.fr,21 erreurs de déco à éviter pour un intérieur réussi - Travaux-astuces.fr,éviter intérieur réussi,https://travaux-astuces.fr/erreurs-decoration-a-eviter,2026-10-02
travaux-astuces.fr,Les erreurs les plus courantes en design de salle de bain à éviter - Travaux-astuces.fr,design salle bain,https://travaux-astuces.fr/erreurs-design-salle-de-bain,2026-10-02
travaux-astuces.fr,19 idées de designs pour une cuisine étroite - Travaux-astuces.fr,designs cuisine étroite,https://travaux-astuces.fr/idees-design-cuisine-etroite,2026-10-02
travaux-astuces.fr,Les projets DIY IKEA les plus tendance de 2025 - Travaux-astuces.fr,projets diy ikea,https://travaux-astuces.fr/projets-diy-ikea-tendance-2025,2026-10-02
travaux-astuces.fr,Transformez votre sol sans vous ruiner - Travaux-astuces.fr,transformez votre sol,https://travaux-astuces.fr/relooking-sol-economique-diy,2026-10-02
travaux-astuces.fr,Créer un tableau de vision inspirant pour vos projets - Travaux-astuces.fr,vision inspirant vos,https://travaux-astuces.fr/tableau-vision-creatif,2026-10-02
travaux-astuces.fr,Transformez vos carreaux peints : 15 tutoriels faciles - Travaux-astuces.fr,transformez vos carreaux,https://travaux-astuces.fr/tutoriels-peinture-carreaux-faciles,2026-10-02
travaux-astuces.fr,Les différents types de fenêtres pour votre maison - Travaux-astuces.fr,fenêtres votre maison,https://travaux-astuces.fr/types-de-fenetres-et-style,2026-10-02
travaux-magazine.fr,Pergola toile : tous les avantages et inconvénients à connaître - Travaux-magazine.fr,pergola toile,https://travaux-magazine.fr/avantages-inconvenients-pergola-toile,2026-10-02
travaux-magazine.fr,Béton ciré au sol : le guide pratique pour un sol réussi - Travaux-magazine.fr,béton ciré sol,https://travaux-magazine.fr/beton-cire-sol-guide,2026-10-02
travaux-magazine.fr,Retrouvez une cave saine grâce à l'enduit à la chaux - Travaux-magazine.fr,retrouvez cave saine,https://travaux-magazine.fr/enduit-chaux-cave,2026-10-02
travaux-magazine.fr,Réalisez un enduit décoratif à l’argile chez vous - Travaux-magazine.fr,décoratif argile chez,https://travaux-magazine.fr/enduit-decoratif-argile,2026-10-02
travaux-magazine.fr,Imperméabilisez votre cave avec cet enduit pratique - Travaux-magazine.fr,imperméabilisez votre cave,https://travaux-magazine.fr/enduit-impermeabilisation-fondation-cave,2026-10-02
travaux-magazine.fr,Transformez votre salon et cuisine ouverts de 25m2 - Travaux-magazine.fr,transformez votre salon,https://travaux-magazine.fr/renovation-salon-cuisine-25m2,2026-10-02
travaux-magazine.fr,Comment réaliser un soubassement pour votre terrasse en bois - Travaux-magazine.fr,soubassement votre terrasse,https://travaux-magazine.fr/soubassement-terrasse-bois-diy,2026-10-02
travaux-magazine.fr,Transformez votre terrasse en bois avec ces astuces pratiques - Travaux-magazine.fr,transformez votre terrasse,https://travaux-magazine.fr/terrasse-bois-astuces,2026-10-02
travaux-magazine.fr,Aménagez votre terrasse avec une pergola en alu et un salon en bois - Travaux-magazine.fr,votre terrasse pergola,https://travaux-magazine.fr/terrasse-pergola-aluminium-salon-jardin-bois,2026-10-02
travaux-specialistes.fr,Les bases du dessin d'architecture pour votre maison - Travaux-specialistes.fr,architecture votre maison,https://travaux-specialistes.fr/bases-dessin-architecture-maison,2026-10-02
travaux-specialistes.fr,"Découvrez Castro Urdiales, le joyau de l'Espagne - Travaux-specialistes.fr",découvrez castro urdiales,https://travaux-specialistes.fr/castro-urdiales-destination-espagnole,2026-10-02
travaux-specialistes.fr,Tout savoir sur la chalk paint pour décorer votre maison - Travaux-specialistes.fr,paint décorer votre,https://travaux-specialistes.fr/chalk-paint-idees-deco,2026-10-02
travaux-specialistes.fr,Entretenez vos grilles pour un extérieur stylé - Travaux-specialistes.fr,entretenez vos grilles,https://travaux-specialistes.fr/entretien-grilles-exterieur,2026-10-02
travaux-specialistes.fr,5 idées créatives pour redonner vie aux vieilles machines à coudre - Travaux-specialistes.fr,créatives redonner vie,https://travaux-specialistes.fr/idees-creatives-machines-a-coudre,2026-10-02
travaux-specialistes.fr,Comment redonner vie à vos meubles en fer forgé ? - Travaux-specialistes.fr,redonner vie vos,https://travaux-specialistes.fr/peindre-meubles-fer-forge,2026-10-02
travaux-specialistes.fr,Rénover une chaise avec du câble de balai - Travaux-specialistes.fr,chaise câble balai,https://travaux-specialistes.fr/renovation-chaise-cable-balai,2026-10-02
travaux-specialistes.fr,Transformez votre vieux pavillon : idées de rénovation inspirantes - Travaux-specialistes.fr,transformez votre vieux,https://travaux-specialistes.fr/renovation-pavillon-terrasse-patio,2026-10-02
www.agence-etoile.fr,38 m2 office Les Pennes Mirabeau/Vitrolles - Agence Etoile,pennes mirabeau vitrolles,https://www.agence-etoile.fr/en/property/38-m2-office-les-pennes-mirabeau-vitrolles,2026-10-02
www.agence-etoile.fr,"4-room apartment with terrace, garage, and cellar - Agence Etoile",apartment with terrace,https://www.agence-etoile.fr/en/property/4-room-apartment-with-terrace-garage-and-cellar,2026-10-02
www.agence-etoile.fr,Closed garage of 14 m2 Marseille 8th - Agence Etoile,closed garage of,https://www.agence-etoile.fr/en/property/closed-garage-of-14-m2-marseille-8th,2026-10-02
www.agence-etoile.fr,MARSEILLE 12th LARGE TYPE 5 CROSSING OF 95 m2 4 BEDROOMS - Agence Etoile,marseille 12th large,https://www.agence-etoile.fr/en/property/marseille-12th-large-type-5-crossing-of-95-m2-4-bedrooms,2026-10-02
www.agence-etoile.fr,Appartement T4 avec terrasse garage cave - Agence Etoile,terrasse garage cave,https://www.agence-etoile.fr/property/appartement-t4-avec-terrasse-garage-cave,2026-10-02
www.agence-etoile.fr,Bureau de 38 m2 Les Pennes Mirabeau/Vitrolles - Agence Etoile,pennes mirabeau vitrolles,https://www.agence-etoile.fr/property/bureau-de-38-m2-les-pennes-mirabeau-vitrolles,2026-10-02
www.agence-etoile.fr,Garage fermé de 14 m2 Marseille 8ème - Agence Etoile,garage fermé 14,https://www.agence-etoile.fr/property/garage-ferme-de-14-m2-marseille-8eme,2026-10-02
www.agence-etoile.fr,MARSEILLE 12e GRAND TYPE 5 TRAVERSANT DE 95 m2 4 CHAMBRE - Agence Etoile,marseille 12e grand,https://www.agence-etoile.fr/property/marseille-12e-grand-type-5-traversant-de-95-m2-4-chambre,2026-10-02
www.agencedupaysdaigues.com,Se faire accompagner pour un investissement locatif : quelles options en 2026 ? Agencedupaysdaigues,faire accompagner investissement,https://www.agencedupaysdaigues.com/accompagnement-investissement-locatif-2026,2026-10-02
www.agencedupaysdaigues.com,Les Minguettes : comprendre les zones sensibles du quartier,minguettes,https://www.agencedupaysdaigues.com/les-minguettes-comprendre-les-zones-a-risque-du-quartier,2026-10-02
www.agencedupaysdaigues.com,Marx-Dormoy : au-delà des idées reçues sur la sécurité,marx dormoy,https://www.agencedupaysdaigues.com/quartier-marx-dormoy-a-paris-entre-perception-et-realite-securitaire,2026-10-02
www.agencedupaysdaigues.com,Créteil en 2026 : quatre quartiers sous vigilance,créteil 2026,https://www.agencedupaysdaigues.com/quartiers-sensibles-de-creteil-en-2026-4-zones-a-surveiller-de-pres,2026-10-02
www.airnews.net,"Adrien Gilbert, auteur sur Airnews",gilbert auteur airnews,https://www.airnews.net/author/adrien-gilbert,2026-10-02
www.airnews.net,"Alice Tessier, auteur sur Airnews",tessier auteur airnews,https://www.airnews.net/author/alice-tessier,2026-10-02
www.airnews.net,"Aurélien Richard, auteur sur Airnews",richard auteur airnews,https://www.airnews.net/author/aurelien-richard,2026-10-02
www.airnews.net,"Aurore Poulain, auteur sur Airnews",poulain auteur airnews,https://www.airnews.net/author/aurore-poulain,2026-10-02
www.airnews.net,"Clément Thomas, auteur sur Airnews",thomas auteur airnews,https://www.airnews.net/author/clement-thomas,2026-10-02
www.airnews.net,"David Renaud, auteur sur Airnews",renaud auteur airnews,https://www.airnews.net/author/david-renaud,2026-10-02
www.airnews.net,"Emma Aubert, auteur sur Airnews",aubert auteur airnews,https://www.airnews.net/author/emma-aubert,2026-10-02
www.airnews.net,"Fabien Leclercq, auteur sur Airnews",leclercq auteur airnews,https://www.airnews.net/author/fabien-leclercq,2026-10-02
www.airnews.net,"Florian Lemoine, auteur sur Airnews",lemoine auteur airnews,https://www.airnews.net/author/florian-lemoine,2026-10-02
www.airnews.net,"Frédéric Mercier, auteur sur Airnews",mercier auteur airnews,https://www.airnews.net/author/frederic-mercier,2026-10-02
www.airnews.net,"Jonathan Bouvier, auteur sur Airnews",bouvier auteur airnews,https://www.airnews.net/author/jonathan-bouvier,2026-10-02
www.airnews.net,"Julie Maréchal, auteur sur Airnews",maréchal auteur airnews,https://www.airnews.net/author/julie-marechal,2026-10-02
www.airnews.net,"Léa Delaunay, auteur sur Airnews",delaunay auteur airnews,https://www.airnews.net/author/lea-delaunay,2026-10-02
www.airnews.net,"Lucas Gaillard, auteur sur Airnews",gaillard auteur airnews,https://www.airnews.net/author/lucas-gaillard,2026-10-02
www.airnews.net,"Marion Arnaud, auteur sur Airnews",arnaud auteur airnews,https://www.airnews.net/author/marion-arnaud,2026-10-02
www.airnews.net,"Mathis Perrier, auteur sur Airnews",perrier auteur airnews,https://www.airnews.net/author/mathis-perrier,2026-10-02
www.airnews.net,"Nathalie Schneider, auteur sur Airnews",schneider auteur airnews,https://www.airnews.net/author/nathalie-schneider,2026-10-02
www.airnews.net,"Océane Giraud, auteur sur Airnews",giraud auteur airnews,https://www.airnews.net/author/oceane-giraud,2026-10-02
www.airnews.net,"Sarah Michaud, auteur sur Airnews",michaud auteur airnews,https://www.airnews.net/author/sarah-michaud,2026-10-02
www.airnews.net,"Thomas Chevalier, auteur sur Airnews",chevalier auteur airnews,https://www.airnews.net/author/thomas-chevalier,2026-10-02
www.airnews.net,"Tristan Riou, auteur sur Airnews",riou auteur airnews,https://www.airnews.net/author/tristan-riou,2026-10-02
www.airnews.net,"Vincent Roger, auteur sur Airnews",vincent roger auteur,https://www.airnews.net/author/vincent-roger,2026-10-02
www.airnews.net,"Virginie Lambert, auteur sur Airnews",lambert auteur airnews,https://www.airnews.net/author/virginie-lambert,2026-10-02
www.ameliorer-mon-logement.fr,Chaînes gouttières : comment ça marche et bien choisir,chaînes gouttières,https://www.ameliorer-mon-logement.fr/chaines-gouttieres-guide-complet,2026-10-02
www.ameliorer-mon-logement.fr,Elecsurtoile : test et avis sur les services réels,elecsurtoile,https://www.ameliorer-mon-logement.fr/elecsurtoile-avis-informations-services,2026-10-02
www.b2btoday.com,Lecteur de contrôle d'accès tactile : comment fonctionne cette technologie ? • Le blog B2B,contrôle accès tactile,https://www.b2btoday.com/lecteur-de-controle-dacces-tactile-comment-fonctionne-cette-technologie-11313,2026-10-02
www.belnap.fr,Confort de la chambre : choisir son matelas à ressorts ensachés,confort chambre,https://www.belnap.fr/confort-de-la-chambre-bien-choisir-son-matelas-a-ressorts-ensaches,2026-10-02
www.belnap.fr,Créer une décoration minimaliste : astuces pour un espace serein,créer décoration minimaliste,https://www.belnap.fr/creer-une-decoration-minimaliste,2026-10-02
www.cabane-deco.fr,"Coin spa intérieur : emplacement, poids, humidité, budget",coin spa intérieur,https://www.cabane-deco.fr/amenager-coin-spa-interieur,2026-10-02
www.cabane-deco.fr,Quelle couleur de plinthes avec un mur blanc ?,plinthes mur blanc,https://www.cabane-deco.fr/couleur-plinthes-mur-blanc,2026-10-02
www.cahorsjuinjardins.fr,"Comment faire pousser des fraises en pot : variétés, plantation et entretien",faire pousser fraises,https://www.cahorsjuinjardins.fr/comment-faire-pousser-fraises-pot,2026-10-02
www.cahorsjuinjardins.fr,Non classé - CahorsJuinJardin,non classé,https://www.cahorsjuinjardins.fr/en/category/non-classe-en,2026-10-02
www.cahorsjuinjardins.fr,Plantes - CahorsJuinJardin,plantes,https://www.cahorsjuinjardins.fr/en/category/plantes-en,2026-10-02
www.cahorsjuinjardins.fr,"Jardin en pente : principes, plantes et terrasses adaptées",jardin pente,https://www.cahorsjuinjardins.fr/jardin-pente,2026-10-02
www.cahorsjuinjardins.fr,Où jeter les radiographies : solutions et durée de conservation,où jeter radiographies,https://www.cahorsjuinjardins.fr/jeter-radiographies,2026-10-02
www.cercll.fr,Comment installer une porte de garage sectionnelle en bois ? - CERCLL,garage sectionnelle bois,https://www.cercll.fr/comment-installer-une-porte-de-garage-sectionnelle-en-bois,2026-10-02
www.cercll.fr,Configurer votre bâche sur mesure en ligne avec Acheter-ma-bache.com - CERCLL,configurer votre bâche,https://www.cercll.fr/configurateur-bache-pvc-sur-mesure,2026-10-02
www.cercll.fr,Nos conseils pour remplacer votre porte d'entrée en aluminium - CERCLL,porte entrée aluminium,https://www.cercll.fr/nos-conseils-pour-remplacer-votre-porte-dentree-en-aluminium,2026-10-02
www.cnsee.org,"Chèques cadeaux en entreprise : plafond, exonération et règles à connaître - CNSEE Business",chèques cadeaux entreprise,https://www.cnsee.org/cheques-cadeaux-entreprise-plafond-exoneration-regles-a-connaitre,2026-10-02
www.cnsee.org,Classement 2026 des banques d'affaires Small/Mid Cap,classement 2026 banques,https://www.cnsee.org/classement-banques-affaires-small-mid-cap,2026-10-02
www.cnsee.org,Ethereum 2.0 et le passage au Proof of Stake - CNSEE Business,proof of stake,https://www.cnsee.org/ethereum-2-0-passage-proof-of-stake,2026-10-02
www.cnsee.org,"Produits structurés : définition, fonctionnement et principaux types",produits structurés,https://www.cnsee.org/produits-structures-definition-fonctionnement-types-2,2026-10-02
www.cnsee.org,Référentiel national qualité : guide de lecture Qualiopi,référentiel national qualité,https://www.cnsee.org/referentiel-national-qualite-guide-qualiopi,2026-10-02
www.cogim-parisel.fr,Elitis Papier Peint : Décoration Murale Haut de Gamme & Design 🎨,elitis papier peint,https://www.cogim-parisel.fr/elitis-papier-peint,2026-10-02
www.cogim-parisel.fr,"Taxe Poulailler 2026 : Seuils, Montant et Exonérations expliqués 🐔",taxe poulailler 2026,https://www.cogim-parisel.fr/taxe-poulailler,2026-10-02
www.commentaider.fr,data center IA à Taylor : le terrain en litige,data center ia,https://www.commentaider.fr/de-10-dollars-a-10-millions-le-projet-de-data-center-ia-a-taylor,2026-10-02
www.commentaider.fr,Dreame X60 Pro : test des bras extensibles et du lavage,dreame x60 pro,https://www.commentaider.fr/dreame-x60-pro-ultra-complete-test-prix-et-limites,2026-10-02
www.commentaider.fr,Surveillance de l'Amazonie : trois angles morts,surveillance amazonie,https://www.commentaider.fr/en-amazonie-trois-angles-morts-de-la-surveillance-du-vivant,2026-10-02
www.commentaider.fr,"Impression 3D en 2026 : usages, coûts et limites",impression 3d 2026,https://www.commentaider.fr/impression-3d-en-2026-du-prototype-a-lusage-concret,2026-10-02
www.commentaider.fr,"Purificateur d'air chambre : débit, bruit et limites",purificateur air chambre,https://www.commentaider.fr/purificateur-dair-dans-une-chambre-ce-quil-filtre-et-ses-limites,2026-10-02
www.commentaider.fr,"Peinture auto-réparatrice : 600 fois, mais en laboratoire",peinture auto réparatrice,https://www.commentaider.fr/une-peinture-auto-reparatrice-ralentit-la-rouille-en-laboratoire,2026-10-02
www.coupefile-immobilier.com,"Damien Bonnet, auteur sur Coupefile Immobilier",bonnet auteur coupefile,https://www.coupefile-immobilier.com/author/damien-bonnet,2026-10-02
www.coupefile-immobilier.com,"Juliette Ménard, auteur sur Coupefile Immobilier",ménard auteur coupefile,https://www.coupefile-immobilier.com/author/juliette-menard,2026-10-02
www.coupefile-immobilier.com,"Ludovic Pasquier, auteur sur Coupefile Immobilier",ludovic pasquier auteur,https://www.coupefile-immobilier.com/author/ludovic-pasquier,2026-10-02
www.coupefile-immobilier.com,"Margaux Pichon, auteur sur Coupefile Immobilier",pichon auteur coupefile,https://www.coupefile-immobilier.com/author/margaux-pichon,2026-10-02
www.coupefile-immobilier.com,"Marine Carré, auteur sur Coupefile Immobilier",marine carré auteur,https://www.coupefile-immobilier.com/author/marine-carre,2026-10-02
www.coupefile-immobilier.com,"Vanessa Bouchet, auteur sur Coupefile Immobilier",bouchet auteur coupefile,https://www.coupefile-immobilier.com/author/vanessa-bouchet,2026-10-02
www.coupefile-immobilier.com,"Virginie Dupont, auteur sur Coupefile Immobilier",dupont auteur coupefile,https://www.coupefile-immobilier.com/author/virginie-dupont,2026-10-02
www.cyfernet.org,Arnaque faux coursiers carte bancaire : comprendre et réagir,coursiers carte bancaire,https://www.cyfernet.org/arnaque-faux-coursiers-carte-bancaire,2026-10-02
www.decodambiance.com,7 couleurs tendances pour le salon en 2027,couleurs tendances salon,https://www.decodambiance.com/couleur-tendance-2027-salon,2026-10-02
www.decodambiance.com,Couleurs chambre 2027 : les teintes à adopter,couleurs chambre 2027,https://www.decodambiance.com/couleurs-tendance-chambre-2027,2026-10-02
www.defoly-immobilier.fr,Louer à Gisors : les meilleures offres entre particuliers,louer gisors,https://www.defoly-immobilier.fr/location-appartement-gisors,2026-10-02
www.defoly-immobilier.fr,Pentes de 20° et 25° : ce qu’elles changent pour vos travaux,pentes 20 25,https://www.defoly-immobilier.fr/pente-20-25-degres,2026-10-02
www.defoly-immobilier.fr,Plaques en fibro-ciment : pose et prix en toiture ou façade,plaques fibro ciment,https://www.defoly-immobilier.fr/pose-plaque-fibro-ciment,2026-10-02
www.defoly-immobilier.fr,Recherche de marque à l’INPI : les bons réflexes pour vérifier en France,recherche marque inpi,https://www.defoly-immobilier.fr/recherche-marque-inpi,2026-10-02
www.eco-finance.info,Gestion locative par agence : tarifs et coûts en 2026,gestion locative agence,https://www.eco-finance.info/cout-gestion-locative-agence,2026-10-02
www.espacecastillon.fr,Les 3 meilleures boutiques pour acheter un portail aluminium pas cher en ligne - Espace Castillon,aluminium pas cher,https://www.espacecastillon.fr/les-3-meilleures-boutiques-pour-acheter-un-portail-aluminium-pas-cher-en-ligne,2026-10-02
www.exactimmo.fr,"Arnaud Gautier, auteur sur Exact Immo",arnaud gautier auteur,https://www.exactimmo.fr/author/arnaud-gautier,2026-10-02
www.exactimmo.fr,"Arnaud Gilbert, auteur sur Exact Immo",arnaud gilbert auteur,https://www.exactimmo.fr/author/arnaud-gilbert,2026-10-02
www.exactimmo.fr,"Audrey Bouvier, auteur sur Exact Immo",audrey bouvier auteur,https://www.exactimmo.fr/author/audrey-bouvier,2026-10-02
www.exactimmo.fr,"Delphine Bertrand, auteur sur Exact Immo",delphine bertrand auteur,https://www.exactimmo.fr/author/delphine-bertrand,2026-10-02
www.exactimmo.fr,"Jonathan Bourgeois, auteur sur Exact Immo",jonathan bourgeois auteur,https://www.exactimmo.fr/author/jonathan-bourgeois,2026-10-02
www.exactimmo.fr,"Mickaël Garcia, auteur sur Exact Immo",mickaël garcia auteur,https://www.exactimmo.fr/author/mickael-garcia,2026-10-02
www.experts-immobilier.fr,"Alice Bailly, auteur sur Experts Immobilier",alice bailly auteur,https://www.experts-immobilier.fr/author/alice-bailly,2026-10-02
www.experts-immobilier.fr,"Antoine Gay, auteur sur Experts Immobilier",antoine gay auteur,https://www.experts-immobilier.fr/author/antoine-gay,2026-10-02
www.experts-immobilier.fr,"Audrey Colin, auteur sur Experts Immobilier",audrey colin auteur,https://www.experts-immobilier.fr/author/audrey-colin,2026-10-02
www.experts-immobilier.fr,"Élise Gilbert, auteur sur Experts Immobilier",élise gilbert auteur,https://www.experts-immobilier.fr/author/elise-gilbert,2026-10-02
www.experts-immobilier.fr,"Elsa Prévost, auteur sur Experts Immobilier",elsa prévost auteur,https://www.experts-immobilier.fr/author/elsa-prevost,2026-10-02
www.experts-immobilier.fr,"Emma Pasquier, auteur sur Experts Immobilier",emma pasquier auteur,https://www.experts-immobilier.fr/author/emma-pasquier,2026-10-02
www.experts-immobilier.fr,"Fabien Cousin, auteur sur Experts Immobilier",fabien cousin auteur,https://www.experts-immobilier.fr/author/fabien-cousin,2026-10-02
www.experts-immobilier.fr,"Guillaume Richard, auteur sur Experts Immobilier",guillaume richard auteur,https://www.experts-immobilier.fr/author/guillaume-richard,2026-10-02
www.experts-immobilier.fr,"Inès Brun, auteur sur Experts Immobilier",inès brun auteur,https://www.experts-immobilier.fr/author/ines-brun,2026-10-02
www.experts-immobilier.fr,"Isabelle Leroux, auteur sur Experts Immobilier",isabelle leroux auteur,https://www.experts-immobilier.fr/author/isabelle-leroux,2026-10-02
www.experts-immobilier.fr,"Laetitia Lacroix, auteur sur Experts Immobilier",laetitia lacroix auteur,https://www.experts-immobilier.fr/author/laetitia-lacroix,2026-10-02
www.experts-immobilier.fr,"Loïc Fleury, auteur sur Experts Immobilier",loïc fleury auteur,https://www.experts-immobilier.fr/author/loic-fleury,2026-10-02
www.experts-immobilier.fr,"Lucas Adam, auteur sur Experts Immobilier",lucas adam auteur,https://www.experts-immobilier.fr/author/lucas-adam,2026-10-02
www.experts-immobilier.fr,"Marion Duval, auteur sur Experts Immobilier",marion duval auteur,https://www.experts-immobilier.fr/author/marion-duval,2026-10-02
www.experts-immobilier.fr,"Mathis Roux, auteur sur Experts Immobilier",mathis roux auteur,https://www.experts-immobilier.fr/author/mathis-roux,2026-10-02
www.experts-immobilier.fr,"Paul Schmitt, auteur sur Experts Immobilier",paul schmitt auteur,https://www.experts-immobilier.fr/author/paul-schmitt,2026-10-02
www.experts-immobilier.fr,"Sébastien Noël, auteur sur Experts Immobilier",sébastien noël auteur,https://www.experts-immobilier.fr/author/sebastien-noel,2026-10-02
www.experts-immobilier.fr,"Simon Leroy, auteur sur Experts Immobilier",simon leroy auteur,https://www.experts-immobilier.fr/author/simon-leroy,2026-10-02
www.experts-immobilier.fr,"Stéphane Joly, auteur sur Experts Immobilier",stéphane joly auteur,https://www.experts-immobilier.fr/author/stephane-joly,2026-10-02
www.experts-immobilier.fr,"Stéphane Marchal, auteur sur Experts Immobilier",stéphane marchal auteur,https://www.experts-immobilier.fr/author/stephane-marchal,2026-10-02
www.findtutorials.com,"Presse-papier Xiaomi, Redmi, POCO : oÃ¹ le trouver",presse papier xiaomi,https://www.findtutorials.com/presse-papier-xiaomi-redmi-poco,2026-10-02
www.fresc.org,J-NET chez Carrefour : le rayon exact et le code EAN,net chez carrefour,https://www.fresc.org/j-net-carrefour-rayon-ean,2026-10-02
www.fresc.org,"Trouble de jouissance : preuves, mise en demeure et juge",trouble jouissance,https://www.fresc.org/trouble-de-jouissance-dans-un-logement-comment-etre-indemnise,2026-10-02
www.gvu-immo.com,"Appartement à Aix-les-Bains (73100), 2 pièces, de 43m² à 299 000 €",aix bains 73100,https://www.gvu-immo.com/annonce/appartement-a-aix-les-bains-73100-2-pieces-13450,2026-10-02
www.gvu-immo.com,"Appartement à Annecy (74000), 4 pièces, de 81m² à 465 000 €",appartement annecy 74000,https://www.gvu-immo.com/annonce/appartement-a-annecy-74000-4-pieces-13452,2026-10-02
www.gvu-immo.com,"Appartement à Annecy (74000), 4 pièces, de 82m² à 485 000 €",appartement annecy 74000,https://www.gvu-immo.com/annonce/appartement-a-annecy-74000-4-pieces-13453,2026-10-02
www.gvu-immo.com,"Appartement à Annecy (74000), 5 pièces, de 112m² à 734 000 €",appartement annecy 74000,https://www.gvu-immo.com/annonce/appartement-a-annecy-74000-5-pieces-13451,2026-10-02
www.gvu-immo.com,"Appartement à Argentine (73220), 3 pièces, de 75m² à 885 €",argentine 73220 pièces,https://www.gvu-immo.com/annonce/appartement-a-argentine-73220-3-pieces-13447,2026-10-02
www.gvu-immo.com,"Appartement à Barberaz (73000), 3 pièces, de 66m² à 900 €",barberaz 73000 pièces,https://www.gvu-immo.com/annonce/appartement-a-barberaz-73000-3-pieces-13477,2026-10-02
www.gvu-immo.com,"Appartement à Bassens (73000), 2 pièces, de 54m² à 190 000 €",bassens 73000 pièces,https://www.gvu-immo.com/annonce/appartement-a-bassens-73000-2-pieces-13475,2026-10-02
www.gvu-immo.com,"Appartement à Bourgneuf (73390), 2 pièces, de 64m² à 690 €",bourgneuf 73390 pièces,https://www.gvu-immo.com/annonce/appartement-a-bourgneuf-73390-2-pieces-13439,2026-10-02
www.gvu-immo.com,"Appartement à Chambéry (73000), 3 pièces, de 58m² à 179 000 €",appartement chambéry 73000,https://www.gvu-immo.com/annonce/appartement-a-chambery-73000-3-pieces-13448,2026-10-02
www.gvu-immo.com,"Appartement à Chambéry (73000), 3 pièces, de 67m² à 852 €",appartement chambéry 73000,https://www.gvu-immo.com/annonce/appartement-a-chambery-73000-3-pieces-13470,2026-10-02
www.gvu-immo.com,"Appartement à Cognin (73160), 2 pièces, de 47m² à 230 000 €",cognin 73160 pièces,https://www.gvu-immo.com/annonce/appartement-a-cognin-73160-2-pieces-13460,2026-10-02
www.gvu-immo.com,"Appartement à Jacob-Bellecombette (73000), 3 pièces, de 65m² à 1 009 €",bellecombette 73000 pièces,https://www.gvu-immo.com/annonce/appartement-a-jacob-bellecombette-73000-3-pieces-13438,2026-10-02
www.gvu-immo.com,"Appartement à Le Bourget-du-Lac (73370), 2 pièces, de 51m² à 850 €",appartement bourget lac,https://www.gvu-immo.com/annonce/appartement-a-le-bourget-du-lac-73370-2-pieces-13474,2026-10-02
www.gvu-immo.com,"Appartement à Le Bourget-du-Lac (73370), 3 pièces, de 64m² à 295 000 €",bourget lac 73370,https://www.gvu-immo.com/annonce/appartement-a-le-bourget-du-lac-73370-3-pieces-13471,2026-10-02
www.gvu-immo.com,"Appartement à Saint-Jean-d'Arves (73530), 2 pièces, de 24m² à 90 000 €",arves 73530 pièces,https://www.gvu-immo.com/annonce/appartement-a-saint-jean-darves-73530-2-pieces-13449,2026-10-02
www.gvu-immo.com,"Appartement à Saint-Pierre-d'Albigny (73250), 1 pièces, de 20m² à 330 €",albigny 73250 pièces,https://www.gvu-immo.com/annonce/appartement-a-saint-pierre-dalbigny-73250-1-pieces-13440,2026-10-02
www.gvu-immo.com,"Duplex à Betton-Bettonet (73390), 3 pièces, de 51m² à 650 €",duplex betton bettonet,https://www.gvu-immo.com/annonce/duplex-a-betton-bettonet-73390-3-pieces-13441,2026-10-02
www.gvu-immo.com,"Garage à Chambéry (73000), pièces, de m² à 130 €",chambéry 73000 pièces,https://www.gvu-immo.com/annonce/garage-a-chambery-73000-pieces-13479,2026-10-02
www.gvu-immo.com,"Maison à Curienne (73190), 6 pièces, de 177m² à 619 000 €",curienne 73190 pièces,https://www.gvu-immo.com/annonce/maison-a-curienne-73190-6-pieces-13472,2026-10-02
www.gvu-immo.com,"Maison à La Motte-Servolex (73290), 7 pièces, de 169m² à 474 000 €",maison motte servolex,https://www.gvu-immo.com/annonce/maison-a-la-motte-servolex-73290-7-pieces-13459,2026-10-02
www.gvu-immo.com,"Maison à Yenne (73170), 5 pièces, de 115m² à 325 000 €",maison yenne 73170,https://www.gvu-immo.com/annonce/maison-a-yenne-73170-5-pieces-13442,2026-10-02
www.gvu-immo.com,"Maison neuve à Bonne (74380), 5 pièces, de 100m² à 549 000 €",maison neuve bonne,https://www.gvu-immo.com/annonce/maison-neuve-a-bonne-74380-5-pieces-13446,2026-10-02
www.gvu-immo.com,"Maison neuve à Bonne (74380), 6 pièces, de 130m² à 597 000 €",maison neuve bonne,https://www.gvu-immo.com/annonce/maison-neuve-a-bonne-74380-6-pieces-13445,2026-10-02
www.gvu-immo.com,"Maison neuve à Fillinges (74250), 4 pièces, de 100m² à 558 000 €",maison neuve fillinges,https://www.gvu-immo.com/annonce/maison-neuve-a-fillinges-74250-4-pieces-13444,2026-10-02
www.gvu-immo.com,"Maison neuve à Fillinges (74250), 5 pièces, de 110m² à 598 000 €",maison neuve fillinges,https://www.gvu-immo.com/annonce/maison-neuve-a-fillinges-74250-5-pieces-13469,2026-10-02
www.gvu-immo.com,"Maison neuve à Pers-Jussy (74930), 4 pièces, de 100m² à 479 000 €",maison neuve pers,https://www.gvu-immo.com/annonce/maison-neuve-a-pers-jussy-74930-4-pieces-13467,2026-10-02
www.gvu-immo.com,"Maison neuve à Pers-Jussy (74930), 5 pièces, de 130m² à 606 000 €",maison neuve pers,https://www.gvu-immo.com/annonce/maison-neuve-a-pers-jussy-74930-5-pieces-13466,2026-10-02
www.gvu-immo.com,"Maison neuve à Saint-Jorioz (74410), 6 pièces, de 120m² à 820 000 €",maison neuve saint,https://www.gvu-immo.com/annonce/maison-neuve-a-saint-jorioz-74410-6-pieces-13468,2026-10-02
www.gvu-immo.com,"Maison neuve à Seynod (74600), 6 pièces, de 110m² à 559 455 €",maison neuve seynod,https://www.gvu-immo.com/annonce/maison-neuve-a-seynod-74600-6-pieces-13462,2026-10-02
www.gvu-immo.com,"Maison neuve à Seynod (74600), 6 pièces, de 130m² à 967 000 €",maison neuve seynod,https://www.gvu-immo.com/annonce/maison-neuve-a-seynod-74600-6-pieces-13463,2026-10-02
www.gvu-immo.com,"Maison neuve à Vétraz-Monthoux (74100), 4 pièces, de 80m² à 550 000 €",maison neuve vétraz,https://www.gvu-immo.com/annonce/maison-neuve-a-vetraz-monthoux-74100-4-pieces-13443,2026-10-02
www.gvu-immo.com,"Maison neuve à Villard (74420), 4 pièces, de 110m² à 464 000 €",maison neuve villard,https://www.gvu-immo.com/annonce/maison-neuve-a-villard-74420-4-pieces-13464,2026-10-02
www.gvu-immo.com,"Maison neuve à Villard (74420), 5 pièces, de 122m² à 520 000 €",maison neuve villard,https://www.gvu-immo.com/annonce/maison-neuve-a-villard-74420-5-pieces-13465,2026-10-02
www.gvu-immo.com,"Parking à Chambéry (73000), pièces, de 14m² à 24 000 €",parking chambéry 73000,https://www.gvu-immo.com/annonce/parking-a-chambery-73000-pieces-13461,2026-10-02
www.gvu-immo.com,"T3 à Chambéry (73000), 3 pièces, de 62m² à 179 000 €",chambéry 73000 pièces,https://www.gvu-immo.com/annonce/t3-a-chambery-73000-3-pieces-13454,2026-10-02
www.gvu-immo.com,"T3 à Chambéry (73000), 3 pièces, de 62m² à 159 000 €",chambéry 73000 pièces,https://www.gvu-immo.com/annonce/t3-a-chambery-73000-3-pieces-13455,2026-10-02
www.gvu-immo.com,"T3 à Cognin (73160), 3 pièces, de 69m² à 920 €",cognin 73160 pièces,https://www.gvu-immo.com/annonce/t3-a-cognin-73160-3-pieces-13478,2026-10-02
www.gvu-immo.com,"T3 à La Ravoire (73490), 3 pièces, de 71m² à 249 000 €",ravoire 73490 pièces,https://www.gvu-immo.com/annonce/t3-a-la-ravoire-73490-3-pieces-13476,2026-10-02
www.gvu-immo.com,"Terrain à Saint-Jean-d'Arvey (73230), pièces, de 570m² à 149 000 €",terrain saint jean,https://www.gvu-immo.com/annonce/terrain-a-saint-jean-darvey-73230-pieces-13473,2026-10-02
www.gvu-immo.com,Terrain : immobilier Saint-Jean-d'Arvey,terrain,https://www.gvu-immo.com/immobilier/terrain/st-jean-d-arvey-73230,2026-10-02
www.habitat-groupe.be,"21/11 I Héritage, inégalités et droit au logement. Journée d'échanges sur la question de l'héritage - Habitat Groupé Solidaire",héritage inégalités droit,https://www.habitat-groupe.be/agenda/brabant-wallon/21-11-i-heritage-inegalites-et-droit-au-logement-journee-dechanges-sur-la-question-de-lheritage,2026-10-02
www.habitat-groupe.be,à vendre: magnifique duplex dans un habitat groupé - Habitat Groupé Solidaire,magnifique duplex habitat,https://www.habitat-groupe.be/petites-annonces/demandes-vente/brabant-wallon/a-vendre-magnifique-duplex-dans-un-habitat-groupe,2026-10-02
www.habitat-groupe.be,🌿 Et si on trouvait notre petit coin de paradis… à plusieurs ? - Habitat Groupé Solidaire,coin paradis plusieurs,https://www.habitat-groupe.be/petites-annonces/divers/brabant-wallon/et-si-on-trouvait-notre-petit-coin-de-paradis-a-plusieurs,2026-10-02
www.habitat-groupe.be,Chambre disponible avec possibilité d une 2eme chambree dans colocation de seulement 2 chambres!!!! - Habitat Groupé Solidaire,2eme chambree colocation,https://www.habitat-groupe.be/petites-annonces/offres-location/brabant-wallon/chambre-disponible-avec-possibilite-d-une-2eme-chambree-dans-colocation-de-seulement-2-chambres,2026-10-02
www.habitat-groupe.be,Recherche d'un-e ou deux colocataire-s à Grez-Doiceau - Habitat Groupé Solidaire,deux colocataire grez,https://www.habitat-groupe.be/petites-annonces/offres-location/brabant-wallon/recherche-colocataire-a-grez-doiceau,2026-10-02
www.habitat-groupe.be,"Chambres libres dans colocation à la campagne avec grand jardin, serre... - Habitat Groupé Solidaire",chambres libres colocation,https://www.habitat-groupe.be/petites-annonces/offres-location/namur/chambres-libres-dans-colocation-a-la-campagne-avec-grand-jardin-serre,2026-10-02
www.habitat-groupe.be,Yourte à louer - Habitat Groupé Solidaire,yourte louer,https://www.habitat-groupe.be/petites-annonces/offres-location/namur/yourte-a-louer,2026-10-02
www.habitat-groupe.be,à vendre: magnifique duplex dans un habitat groupé - Habitat Groupé Solidaire,magnifique duplex habitat,https://www.habitat-groupe.be/petites-annonces/offres-vente/brabant-wallon/a-vendre-magnifique-duplex-dans-un-habitat-groupe-2,2026-10-02
www.hebertimmobilier.fr,Articles mis à jour,articles mis jour,https://www.hebertimmobilier.fr/articles-mis-a-jour,2026-10-02
www.hebertimmobilier.fr,Charte éditoriale,charte éditoriale,https://www.hebertimmobilier.fr/charte-editoriale,2026-10-02
www.hebertimmobilier.fr,Quartiers à éviter à Versailles : ce que les acheteurs et accédants doivent savoir,quartiers éviter versailles,https://www.hebertimmobilier.fr/immobilier/quartiers-a-eviter-versailles,2026-10-02
www.hebertimmobilier.fr,Quartiers à éviter à Villejuif : le guide honnête pour ne pas se tromper,quartiers éviter villejuif,https://www.hebertimmobilier.fr/immobilier/quartiers-a-eviter-villejuif,2026-10-02
www.hebertimmobilier.fr,Nouveau virage pour Hébertimmobilier.fr : reprise du site & nouvelle rédaction,nouveau virage hébertimmobilier,https://www.hebertimmobilier.fr/investissement/nouveau-virage-hebertimmobilier-reprise-nouvelle-redaction,2026-10-02
www.hebertimmobilier.fr,"Olivier, membre fondateur",olivier membre fondateur,https://www.hebertimmobilier.fr/olivier,2026-10-02
www.hebertimmobilier.fr,"Rémy, membre fondateur",rémy membre fondateur,https://www.hebertimmobilier.fr/remy,2026-10-02
www.hebertimmobilier.fr,"Romain, membre fondateur",romain membre fondateur,https://www.hebertimmobilier.fr/romain,2026-10-02
www.homedome.fr,Prolonger son intérieur vers l'extérieur : les secrets d'un jardin en harmonie avec sa maison - Home Dome,prolonger son intérieur,https://www.homedome.fr/prolonger-son-interieur-vers-lexterieur-les-secrets-dun-jardin-en-harmonie-avec-sa-maison,2026-10-02
www.immobilier-web.fr,"Amandine Marie, auteur sur Immobilier Web",auteur immobilier web,https://www.immobilier-web.fr/author/amandine-marie,2026-10-02
www.immobilier-web.fr,"Bastien Germain, auteur sur Immobilier Web",bastien germain auteur,https://www.immobilier-web.fr/author/bastien-germain,2026-10-02
www.immobilier-web.fr,"David Rémy, auteur sur Immobilier Web",rémy auteur immobilier,https://www.immobilier-web.fr/author/david-remy,2026-10-02
www.immobilier-web.fr,"Eva Bouchet, auteur sur Immobilier Web",eva bouchet auteur,https://www.immobilier-web.fr/author/eva-bouchet,2026-10-02
www.immobilier-web.fr,"Laetitia Blanchard, auteur sur Immobilier Web",auteur immobilier web,https://www.immobilier-web.fr/author/laetitia-blanchard,2026-10-02
www.immobilier-web.fr,"Louise Lamy, auteur sur Immobilier Web",lamy auteur immobilier,https://www.immobilier-web.fr/author/louise-lamy,2026-10-02
www.immobilier-web.fr,"Mathilde Perrier, auteur sur Immobilier Web",mathilde perrier auteur,https://www.immobilier-web.fr/author/mathilde-perrier,2026-10-02
www.immobilier-web.fr,"Mélanie Arnaud, auteur sur Immobilier Web",mélanie arnaud auteur,https://www.immobilier-web.fr/author/melanie-arnaud,2026-10-02
www.immobilier-web.fr,"Raphaël Aubert, auteur sur Immobilier Web",raphaël aubert auteur,https://www.immobilier-web.fr/author/raphael-aubert,2026-10-02
www.immobilier-web.fr,"Stéphane Baron, auteur sur Immobilier Web",stéphane baron auteur,https://www.immobilier-web.fr/author/stephane-baron,2026-10-02
www.immoguru.fr,"Anaïs Aubry, auteur sur ImmoGuru",aubry auteur immoguru,https://www.immoguru.fr/author/anais-aubry,2026-10-02
www.immoguru.fr,"Corentin Monnier, auteur sur ImmoGuru",monnier auteur immoguru,https://www.immoguru.fr/author/corentin-monnier,2026-10-02
www.immoguru.fr,"Jonathan Rousseau, auteur sur ImmoGuru",rousseau auteur immoguru,https://www.immoguru.fr/author/jonathan-rousseau,2026-10-02
www.immoguru.fr,"Louis Léger, auteur sur ImmoGuru",léger auteur immoguru,https://www.immoguru.fr/author/louis-leger,2026-10-02
www.immoguru.fr,"Lucie Charpentier, auteur sur ImmoGuru",lucie charpentier auteur,https://www.immoguru.fr/author/lucie-charpentier,2026-10-02
www.immomatin.com,Immobilier ancien : les compromis reculent de 18 % au sein du réseau Foncia au 3e trimestre - Immo Matin,immobilier ancien,https://www.immomatin.com/franchise/agence-immobiliere-independante/immobilier-ancien-les-compromis-reculent-de-18-au-sein-du-reseau-foncia-au-3e-trimestre.html,2026-10-02
www.immomatin.com,"idealista accélère : l’Adresse, Era et 6ème Avenue font confiance au portail n°1 en Europe. - Immo Matin",idealista accélère,https://www.immomatin.com/portails/sites-professionnels/idealista-accelere-l-adresse-era-et-6eme-avenue-font-a-leur-tour-confiance-au-portail-n-1-en-europe.html,2026-10-02
www.immomatin.com,Portails immobiliers : pourquoi SeLoger met la main sur Ouest-France Immo ? - Immo Matin,portails immobiliers,https://www.immomatin.com/portails/sites-professionnels/seloger-met-la-main-sur-ouest-france-immo-et-pousse-ses-pions-a-l-ouest.html,2026-10-02
www.immoproxima.fr,"Antoine Leroy, auteur sur Immo Proxima",antoine leroy auteur,https://www.immoproxima.fr/author/antoine-leroy,2026-10-02
www.immoproxima.fr,"Enzo Gillet, auteur sur Immo Proxima",enzo gillet auteur,https://www.immoproxima.fr/author/enzo-gillet,2026-10-02
www.immoproxima.fr,"Hugo Jacob, auteur sur Immo Proxima",hugo jacob auteur,https://www.immoproxima.fr/author/hugo-jacob,2026-10-02
www.immoproxima.fr,"Jessica Daniel, auteur sur Immo Proxima",jessica daniel auteur,https://www.immoproxima.fr/author/jessica-daniel,2026-10-02
www.immoproxima.fr,"Laetitia Lévêque, auteur sur Immo Proxima",laetitia lévêque auteur,https://www.immoproxima.fr/author/laetitia-leveque,2026-10-02
www.immoproxima.fr,"Léo Lemoine, auteur sur Immo Proxima",lemoine auteur immo,https://www.immoproxima.fr/author/leo-lemoine,2026-10-02
www.immoproxima.fr,"Mathilde Hervé, auteur sur Immo Proxima",mathilde hervé auteur,https://www.immoproxima.fr/author/mathilde-herve,2026-10-02
www.immoproxima.fr,"Virginie Dupont, auteur sur Immo Proxima",virginie dupont auteur,https://www.immoproxima.fr/author/virginie-dupont,2026-10-02
www.immorush.fr,"Adrien Morel, auteur sur ImmoRush",morel auteur immorush,https://www.immorush.fr/author/adrien-morel,2026-10-02
www.immorush.fr,"Aurélie Royer, auteur sur ImmoRush",royer auteur immorush,https://www.immorush.fr/author/aurelie-royer,2026-10-02
www.immorush.fr,"Estelle Dupuis, auteur sur ImmoRush",estelle dupuis auteur,https://www.immorush.fr/author/estelle-dupuis,2026-10-02
www.immorush.fr,"Kevin Lambert, auteur sur ImmoRush",lambert auteur immorush,https://www.immorush.fr/author/kevin-lambert,2026-10-02
www.immorush.fr,"Ludovic Caron, auteur sur ImmoRush",ludovic caron auteur,https://www.immorush.fr/author/ludovic-caron,2026-10-02
www.immorush.fr,"Océane Besson, auteur sur ImmoRush",océane besson auteur,https://www.immorush.fr/author/oceane-besson,2026-10-02
www.immorush.fr,"Pauline Carpentier, auteur sur ImmoRush",pauline carpentier auteur,https://www.immorush.fr/author/pauline-carpentier,2026-10-02
www.immorush.fr,"Stéphanie Duval, auteur sur ImmoRush",stéphanie duval auteur,https://www.immorush.fr/author/stephanie-duval,2026-10-02
www.koliving.fr,"APL : la hausse de 1,15 % n'apparaît que sur le virement de novembre",apl,https://www.koliving.fr/apl-revalorisation-1-octobre-2026-versement-novembre,2026-10-02
www.koliving.fr,"Deux inondations, une seule franchise de 380 euros : ce que change la loi de 2026",franchise 380 euros,https://www.koliving.fr/franchise-catastrophe-naturelle-une-seule-fois-loi-2026,2026-10-02
www.koliving.fr,Prix du neuf 2026 : jusqu'à 25 % d'écart d'une ville à l'autre,prix neuf 2026,https://www.koliving.fr/prix-immobilier-neuf-par-ville-2026-barometre-superneuf,2026-10-02
www.latabledelacitadelle.fr,Temps cuisson pomme de terre : astuces et saveurs,temps cuisson pomme,https://www.latabledelacitadelle.fr/temps-cuisson-pommes-terre,2026-10-02
www.leemo.fr,La fortune d’Ingrid Betancourt : ce que l’on sait vraiment aujourd’hui,fortune ingrid betancourt,https://www.leemo.fr/fortune-ingrid-betancourt,2026-10-02
www.ma-propriete.fr,VENTE part de groupement foncier viticole | MA-PROPRIETE.FR,groupement foncier viticole,https://www.ma-propriete.fr/fr/agricole/groupt-foncier-agricole-gfa/gironde/vente-part-de-groupement-foncier-viticole,2026-10-02
www.ma-propriete.fr,Micro ferme maraichère | MA-PROPRIETE.FR,micro ferme maraichère,https://www.ma-propriete.fr/fr/agricole/maraichage/saone-et-loire/micro-ferme-maraichere,2026-10-02
www.ma-propriete.fr,Propriete à vendre 35 pièces MONTDAUPHIN (77) | MA-PROPRIETE.FR,pièces montdauphin 77,https://www.ma-propriete.fr/fr/agricole/volaille-de-chair/seine-et-marne/propriete-a-vendre-35-pieces-montdauphin-77,2026-10-02
www.ma-propriete.fr,Comment gérer une location saisonnière quand on n’habite pas sur place ? | MA-PROPRIETE.FR,gérer location saisonnière,https://www.ma-propriete.fr/fr/blog/comment-gerer-une-location-saisonniere-quand-on-nhabite-pas-sur-place,2026-10-02
www.ma-propriete.fr,Propriete à vendre 11 pièces DOMPIERRE SUR VEYLE (01) | MA-PROPRIETE.FR,pièces dompierre veyle,https://www.ma-propriete.fr/fr/equestre/proprietes-equestres/ain/propriete-a-vendre-11-pieces-dompierre-sur-veyle-01,2026-10-02
www.ma-propriete.fr,MAGNIFIQUE PROPRIÉTÉ ÉQUESTRE - SUD GIRONDE - PISCINE - GARAGE - QUIÉTUDE GARANTIE | MA-PROPRIETE.FR,magnifique propriété équestre,https://www.ma-propriete.fr/fr/equestre/proprietes-equestres/gironde/magnifique-propriete-equestre-sud-gironde-piscine-garage-quietude-garantie-2,2026-10-02
www.ma-propriete.fr,"PROPRIÉTÉ D'EXCEPTION À USAGE MIXTE D'HABITATION, ÉQUESTRE ET VITICOLE, AUX PORTES DE BORDEAUX | MA-PROPRIETE.FR",viticole portes bordeaux,https://www.ma-propriete.fr/fr/equestre/proprietes-equestres/gironde/propriete-dexception-a-usage-mixte-dhabitation-equestre-et-viticole-aux-portes-de-bordeaux-1,2026-10-02
www.ma-propriete.fr,Corps de ferme à vendre au cœur des Amognes | MA-PROPRIETE.FR,ferme vendre cœur,https://www.ma-propriete.fr/fr/equestre/proprietes-equestres/nievre/corps-de-ferme-a-vendre-au-coeur-des-amognes,2026-10-02
www.ma-propriete.fr,"Propriété forestière de chênes, capitalisée en bois moyens et gros bois – 840 m³ | MA-PROPRIETE.FR",forestière chênes capitalisée,https://www.ma-propriete.fr/fr/forestiere/bois-et-forets/lot/propriete-forestiere-de-chenes-capitalisee-en-bois-moyens-et-gros-bois-840-m3,2026-10-02
www.ma-propriete.fr,Votre guide « Créer une exploitation agricole » est prêt,exploitation agricole,https://www.ma-propriete.fr/fr/pages/merci-livre-blanc-creer-une-exploitation-agricole,2026-10-02
www.ma-propriete.fr,"Propriete à vendre à CRESSEVEUILLE (14) comprenant un château, un manoir, un pressoir | MA-PROPRIETE.FR",vendre cresseveuille 14,https://www.ma-propriete.fr/fr/prestige/chateaux/calvados/propriete-a-vendre-a-cresseveuille-14-comprenant-un-chateau-un-manoir-un-pressoir,2026-10-02
www.ma-propriete.fr,Chambre d'hôte | MA-PROPRIETE.FR,chambre hôte,https://www.ma-propriete.fr/fr/prestige/maison-de-maitre-belle-demeure/aude/chambre-dhote,2026-10-02
www.ma-propriete.fr,Maison de caractère | MA-PROPRIETE.FR,maison caractère,https://www.ma-propriete.fr/fr/prestige/maison-de-maitre-belle-demeure/aude/maison-de-caractere-121,2026-10-02
www.ma-propriete.fr,"Eygalières , L' oliveraie d'Eygalières , domaine contemporain d'environ 635 m² sur près de 2 hectares avec vue Alpilles, piscine, padel et orangerie | MA-PROPRIETE.FR",hectares vue alpilles,https://www.ma-propriete.fr/fr/prestige/maison-de-maitre-belle-demeure/bouches-du-rhone/eygalieres-l-oliveraie-deygalieres-domaine-contemporain-denviron-635-m2-sur-pres-de-2-hectares-avec-vue-alpilles-piscine-padel-et-orangerie,2026-10-02
www.ma-propriete.fr,"Eygalières , Le Jardin des Alpilles , domaine contemporain confidentiel avec vue Alpilles, piscine à fond mobile, padel et hammam | MA-PROPRIETE.FR",confidentiel vue alpilles,https://www.ma-propriete.fr/fr/prestige/maison-de-maitre-belle-demeure/bouches-du-rhone/eygalieres-le-jardin-des-alpilles-domaine-contemporain-confidentiel-avec-vue-alpilles-piscine-a-fond-mobile-padel-et-hammam,2026-10-02
www.ma-propriete.fr,LA GRAND COMBE (30) Propriété de Caractère et Activité Touristique – Portes des Cévennes | MA-PROPRIETE.FR,caractère activité touristique,https://www.ma-propriete.fr/fr/prestige/maison-de-maitre-belle-demeure/gard/la-grand-combe-30-propriete-de-caractere-et-activite-touristique-portes-des-cevennes,2026-10-02
www.ma-propriete.fr,BORDEAUX 15MN - SOMPTUEUSE PROPRIÉTÉ - ANCIENNES ÉCURIES RÉNOVÉES - 280M² - PARC 3000M² - PISCINE | MA-PROPRIETE.FR,bordeaux 15mn,https://www.ma-propriete.fr/fr/prestige/maison-de-maitre-belle-demeure/gironde/bordeaux-15mn-somptueuse-propriete-anciennes-ecuries-renovees-280m2-parc-3000m2-piscine-5,2026-10-02
www.ma-propriete.fr,"BORDEAUX 25 KM – ENTRE-DEUX-MERS – PROPRIÉTÉ D'EXCEPTION DU XVIIIe SIÈCLE – 8,5 HA – PISCINE & DÉPENDANCES | MA-PROPRIETE.FR",bordeaux 25 km,https://www.ma-propriete.fr/fr/prestige/maison-de-maitre-belle-demeure/gironde/bordeaux-25-km-entre-deux-mers-propriete-dexception-du-xviiie-siecle-8-5-ha-piscine-dependances-1,2026-10-02
www.ma-propriete.fr,BORDEAUX 35 MINUTES - SOMPTUEUSE PROPRIÉTÉ DE MAÎTRE XVIII° - 6 HECTARES - DÉPENDANCES - PISCINE | MA-PROPRIETE.FR,bordeaux 35 minutes,https://www.ma-propriete.fr/fr/prestige/maison-de-maitre-belle-demeure/gironde/bordeaux-35-minutes-somptueuse-propriete-de-maitre-xviiideg-6-hectares-dependances-piscine-11,2026-10-02
www.ma-propriete.fr,BORDEAUX RIVE DROITE – PROPRIÉTÉ D’EXCEPTION – PARC PAYSAGÉ – PISCINE – DÉPENDANCE | MA-PROPRIETE.FR,bordeaux rive droite,https://www.ma-propriete.fr/fr/prestige/maison-de-maitre-belle-demeure/gironde/bordeaux-rive-droite-propriete-dexception-parc-paysage-piscine-dependance-1,2026-10-02
www.ma-propriete.fr,"RARE - DOMAINE D'EXCEPTION AUX PORTES DE BORDEAUX, PARC & BOIS, PISCINE, TENNIS | MA-PROPRIETE.FR",rare,https://www.ma-propriete.fr/fr/prestige/maison-de-maitre-belle-demeure/gironde/rare-domaine-dexception-aux-portes-de-bordeaux-parc-bois-piscine-tennis-1,2026-10-02
www.ma-propriete.fr,VILLA D'ARCHITECTE D'EXCEPTION - VUE PANORAMIQUE SUR LA GARONNE ET LES PYRÉNÉES | MA-PROPRIETE.FR,villa architecte exception,https://www.ma-propriete.fr/fr/prestige/maison-de-maitre-belle-demeure/gironde/villa-darchitecte-dexception-vue-panoramique-sur-la-garonne-et-les-pyrenees-2,2026-10-02
www.ma-propriete.fr,Chambre d'hôte | MA-PROPRIETE.FR,chambre hôte,https://www.ma-propriete.fr/fr/prestige/maison-de-maitre-belle-demeure/herault/chambre-dhote-5,2026-10-02
www.ma-propriete.fr,Belle Propriété atypique 207m² piscine Saint-Cyprien- 66750 | MA-PROPRIETE.FR,piscine saint cyprien,https://www.ma-propriete.fr/fr/prestige/maison-de-maitre-belle-demeure/pyrenees-orientales/belle-propriete-atypique-207m2-piscine-saint-cyprien-66750-1,2026-10-02
www.ma-propriete.fr,"Corps de Ferme, écrin de verdure, 250 m2 habitables, 23 000 m2 de terrain, 400 m2 de dépendances, 20 mn Angoulême centre | MA-PROPRIETE.FR",terrain 400 m2,https://www.ma-propriete.fr/fr/rurale/ferme-grange-mas/charente/corps-de-ferme-ecrin-de-verdure-250-m2-habitables-23-000-m2-de-terrain-400-m2-de-dependances-20-mn-angouleme-centre,2026-10-02
www.ma-propriete.fr,"Maison 3 chambres, jardin et dépendances | MA-PROPRIETE.FR",maison chambres jardin,https://www.ma-propriete.fr/fr/rurale/maison-de-campagne/charente/maison-3-chambres-jardin-et-dependances-1,2026-10-02
www.ma-propriete.fr,"Dpt Ille et Vilaine (35), à vendre SAINT PERN propriete P6 de 228,5 m² - Terrain de 5 218,00 m² | MA-PROPRIETE.FR",vilaine 35 vendre,https://www.ma-propriete.fr/fr/rurale/maison-de-campagne/ile-et-vilaine/dpt-ille-et-vilaine-35-a-vendre-saint-pern-propriete-p6-de-228-5-m2-terrain-de-5-218-00-m2-3,2026-10-02
www.ma-propriete.fr,Propriete à vendre à ANTULLY avec terrain de 4577 m2 | MA-PROPRIETE.FR,terrain 4577 m2,https://www.ma-propriete.fr/fr/rurale/maison-de-campagne/saone-et-loire/propriete-a-vendre-a-antully-avec-terrain-de-4577-m2-1,2026-10-02
www.ma-propriete.fr,À vendre - Domaine d’exception en Ardèche méridionale - 17 logements | MA-PROPRIETE.FR,vendre,https://www.ma-propriete.fr/fr/touristique/gites/ardeche/a-vendre-domaine-dexception-en-ardeche-meridionale-17-logements,2026-10-02
www.ma-propriete.fr,Propriété de caractère avec activité touristique et potentiel événementiel en Ardèche | MA-PROPRIETE.FR,caractère activité touristique,https://www.ma-propriete.fr/fr/touristique/gites/ardeche/propriete-de-caractere-avec-activite-touristique-et-potentiel-evenementiel-en-ardeche,2026-10-02
www.ma-propriete.fr,"Domaine d'exception +500 m² sur 1,7 ha, Vue panoramique Aubrac, Idéal Gîte ou Grande Demeure | MA-PROPRIETE.FR",ha vue panoramique,https://www.ma-propriete.fr/fr/touristique/gites/aveyron/domaine-dexception-500-m2-sur-1-7-ha-vue-panoramique-aubrac-ideal-gite-ou-grande-demeure-1,2026-10-02
www.ma-propriete.fr,PROPRIÉTÉ D’EXCEPTION – DEUX MAISONS – LUX (21) | MA-PROPRIETE.FR,propriété exception,https://www.ma-propriete.fr/fr/touristique/gites/cote-dor/propriete-dexception-deux-maisons-lux-21,2026-10-02
www.ma-propriete.fr,Ensemble Immobilier | MA-PROPRIETE.FR,ensemble immobilier,https://www.ma-propriete.fr/fr/touristique/gites/herault/ensemble-immobilier-43,2026-10-02
www.ma-propriete.fr,Domaine de caractère de près de 19 hectares avec étang Anc | MA-PROPRIETE.FR,hectares étang anc,https://www.ma-propriete.fr/fr/touristique/gites/indre/domaine-de-caractere-de-pres-de-19-hectares-avec-etang-anc,2026-10-02
www.ma-propriete.fr,Propriété rénovée de 324 m² avec terrain à COUCHES (71) | MA-PROPRIETE.FR,terrain couches 71,https://www.ma-propriete.fr/fr/touristique/gites/saone-et-loire/propriete-renovee-de-324-m2-avec-terrain-a-couches-71,2026-10-02
www.ma-propriete.fr,PROCHE GAILLAC - LOCAL COMMERCIAL + HABITATION | MA-PROPRIETE.FR,proche gaillac,https://www.ma-propriete.fr/fr/touristique/gites/tarn/proche-gaillac-local-commercial-habitation,2026-10-02
www.ma-propriete.fr,Propriete à vendre 10 pièces ETIVAL CLAIREFONTAINE (88) | MA-PROPRIETE.FR,pièces etival clairefontaine,https://www.ma-propriete.fr/fr/touristique/gites/vosges/propriete-a-vendre-10-pieces-etival-clairefontaine-88,2026-10-02
www.ma-propriete.fr,Domaine de Prestige & Tourisme Insolite Clé en Main Manoir du XVIe s. et Jardin Zen d'Exception Centre Bretagne (Guerlédan) | MA-PROPRIETE.FR,domaine prestige tourisme,https://www.ma-propriete.fr/fr/touristique/hebergements-insolites/cotes-darmor/domaine-de-prestige-tourisme-insolite-cle-en-main-manoir-du-xvie-s-et-jardin-zen-dexception-centre-bretagne-guerledan,2026-10-02
www.ma-propriete.fr,Propriété viticole | MA-PROPRIETE.FR,propriété viticole,https://www.ma-propriete.fr/fr/touristique/maisons-dhotes/herault/propriete-viticole-292,2026-10-02
www.ma-propriete.fr,Terrain viticole | MA-PROPRIETE.FR,terrain viticole,https://www.ma-propriete.fr/fr/viticole/languedoc-roussillon/aude/terrain-viticole-20,2026-10-02
www.maison-poincare.fr,Simulation de rachat de crédits : anticipez votre nouvelle mensualité - Maison Poincaré,simulation rachat crédits,https://www.maison-poincare.fr/immobilier/simulation-de-rachat-de-credits-anticipez-votre-nouvelle-mensualite,2026-10-02
www.maison-poincare.fr,Nettoyer le fond de la piscine sans aspirateur : 5 étapes,nettoyer fond piscine,https://www.maison-poincare.fr/travaux/nettoyer-fond-piscine-sans-aspirateur,2026-10-02
www.maisonreflet.fr,Colle pour marbre : quel produit choisir pour réparer ?,colle marbre,https://www.maisonreflet.fr/colle-pour-marbre-quel-produit-choisir-pour-reparer,2026-10-02
www.maisonreflet.fr,Maison en kit ou maison modulaire : ce que le prix affiché cache,kit maison modulaire,https://www.maisonreflet.fr/maison-en-kit-ou-maison-modulaire-ce-que-le-prix-affiche-cache,2026-10-02
www.maisonreflet.fr,Prix pompe à chaleur Daikin pour maison de 200m2,prix pompe chaleur,https://www.maisonreflet.fr/prix-pompe-a-chaleur-daikin-pour-maison-de-200m2,2026-10-02
www.master-patrimoine.fr,Coach développement personnel Lyon : bien choisir,développement personnel lyon,https://www.master-patrimoine.fr/coach-developpement-personnel-lyon,2026-10-02
www.mes-bons-plans.fr,Chauffage : préparez l'hiver sans vous ruiner (et sans mauvaise surprise sur votre facture de 2027) | Mes Bons Plans,chauffage,https://mes-bons-plans.fr/lemag/chauffage-preparez-l-hiver-sans-vous-ruiner-et-sans-mauvaise-surprise-sur-votre-,2026-10-02
www.mes-bons-plans.fr,Code promo Menderwear Octobre 2026 : Aucune offre disponible | Mes Bons Plans,promo menderwear octobre,https://mes-bons-plans.fr/menderwear,2026-10-02
www.metiersdart-artisanat.com,"Consommation moyenne kWh par jour, le vrai chiffre 2026",jour vrai chiffre,https://www.metiersdart-artisanat.com/consommation-moyenne-kwh-par-jour,2026-10-02
www.metiersdart-artisanat.com,Le savoir-faire artisanal derrière une salle de bain réussie,salle bain réussie,https://www.metiersdart-artisanat.com/le-savoir-faire-artisanal-derriere-une-salle-de-bain-reussie,2026-10-02
www.metiersdart-artisanat.com,Norme NF S31-199 acoustique bureau : ce qu'elle impose vraiment,acoustique bureau,https://www.metiersdart-artisanat.com/norme-nf-s31-199-acoustique-bureau,2026-10-02
www.metiersdart-artisanat.com,Prix petit déménagement : tarifs réels et pièges à éviter,prix petit déménagement,https://www.metiersdart-artisanat.com/prix-petit-demenagement,2026-10-02
www.metiersdart-artisanat.com,Rachat mobilier entreprise : solutions pour valoriser et réemployer le mobilier,rachat mobilier entreprise,https://www.metiersdart-artisanat.com/rachat-mobilier-entreprise-solutions-pour-valoriser-et-reemployer-le-mobilier-professionnel,2026-10-02
www.metiersdart-artisanat.com,"Tuyau plomberie : cuivre, PER ou multicouche pour votre chantier",tuyau plomberie,https://www.metiersdart-artisanat.com/tuyau-plomberie,2026-10-02
www.mittelwihr.eu,"Où jeter les radiographies : déchèterie, hôpital, recyclage",où jeter radiographies,https://www.mittelwihr.eu/jeter-radiographies,2026-10-02
www.mittelwihr.eu,Nettoyer une terrasse en carrelage avec des produits naturels,carrelage produits naturels,https://www.mittelwihr.eu/nettoyer-terrasse-carrelage-produits-naturels,2026-10-02
www.monde-immobilier.com,"Adrien Pichon, auteur sur Monde Immobilier",pichon auteur monde,https://www.monde-immobilier.com/author/adrien-pichon,2026-10-02
www.monde-immobilier.com,"Anaïs Fabre, auteur sur Monde Immobilier",auteur monde immobilier,https://www.monde-immobilier.com/author/anais-fabre,2026-10-02
www.monde-immobilier.com,"Audrey Picard, auteur sur Monde Immobilier",audrey picard auteur,https://www.monde-immobilier.com/author/audrey-picard,2026-10-02
www.monde-immobilier.com,"Chloé Guyot, auteur sur Monde Immobilier",auteur monde immobilier,https://www.monde-immobilier.com/author/chloe-guyot,2026-10-02
www.monde-immobilier.com,"Coralie Meunier, auteur sur Monde Immobilier",coralie meunier auteur,https://www.monde-immobilier.com/author/coralie-meunier,2026-10-02
www.monde-immobilier.com,"Estelle Maréchal, auteur sur Monde Immobilier",estelle maréchal auteur,https://www.monde-immobilier.com/author/estelle-marechal,2026-10-02
www.monde-immobilier.com,"Franck Richard, auteur sur Monde Immobilier",auteur monde immobilier,https://www.monde-immobilier.com/author/franck-richard,2026-10-02
www.monde-immobilier.com,"Guillaume Leclercq, auteur sur Monde Immobilier",guillaume leclercq auteur,https://www.monde-immobilier.com/author/guillaume-leclercq,2026-10-02
www.monde-immobilier.com,"Jérémy Gautier, auteur sur Monde Immobilier",gautier auteur monde,https://www.monde-immobilier.com/author/jeremy-gautier,2026-10-02
www.monde-immobilier.com,"Juliette Fernandez, auteur sur Monde Immobilier",juliette fernandez auteur,https://www.monde-immobilier.com/author/juliette-fernandez,2026-10-02
www.monde-immobilier.com,"Léa Vidal, auteur sur Monde Immobilier",vidal auteur monde,https://www.monde-immobilier.com/author/lea-vidal,2026-10-02
www.monde-immobilier.com,"Lisa Barthélemy, auteur sur Monde Immobilier",barthélemy auteur monde,https://www.monde-immobilier.com/author/lisa-barthelemy,2026-10-02
www.monde-immobilier.com,"Ludovic Bertin, auteur sur Monde Immobilier",ludovic bertin auteur,https://www.monde-immobilier.com/author/ludovic-bertin,2026-10-02
www.monde-immobilier.com,"Manon Leblanc, auteur sur Monde Immobilier",leblanc auteur monde,https://www.monde-immobilier.com/author/manon-leblanc,2026-10-02
www.monde-immobilier.com,"Martin Poulain, auteur sur Monde Immobilier",poulain auteur monde,https://www.monde-immobilier.com/author/martin-poulain,2026-10-02
www.monde-immobilier.com,"Maxime Joly, auteur sur Monde Immobilier",maxime joly auteur,https://www.monde-immobilier.com/author/maxime-joly,2026-10-02
www.monde-immobilier.com,"Pierre Blanchard, auteur sur Monde Immobilier",blanchard auteur monde,https://www.monde-immobilier.com/author/pierre-blanchard,2026-10-02
www.monde-immobilier.com,"Quentin David, auteur sur Monde Immobilier",quentin david auteur,https://www.monde-immobilier.com/author/quentin-david,2026-10-02
www.monde-immobilier.com,"Romane Leroux, auteur sur Monde Immobilier",romane leroux auteur,https://www.monde-immobilier.com/author/romane-leroux,2026-10-02
www.monde-immobilier.com,"Sarah Royer, auteur sur Monde Immobilier",royer auteur monde,https://www.monde-immobilier.com/author/sarah-royer,2026-10-02
www.monde-immobilier.com,"Théo Hamon, auteur sur Monde Immobilier",hamon auteur monde,https://www.monde-immobilier.com/author/theo-hamon,2026-10-02
www.monde-immobilier.com,"Thomas Collin, auteur sur Monde Immobilier",collin auteur monde,https://www.monde-immobilier.com/author/thomas-collin,2026-10-02
www.monde-immobilier.com,"Tom Chevalier, auteur sur Monde Immobilier",chevalier auteur monde,https://www.monde-immobilier.com/author/tom-chevalier,2026-10-02
www.nostrodomus.fr,5 bonnes raisons de changer vos fenêtres pour un habitat plus confortable,changer vos fenêtres,https://www.nostrodomus.fr/5-bonnes-raisons-de-changer-vos-fenetres-pour-un-habitat-plus-confortable,2026-10-02
www.nostrodomus.fr,J'ai mis fin aux mauvaises odeurs de mon évier : mon secret ? Du gros sel chaque soir.,odeurs mon évier,https://www.nostrodomus.fr/jai-mis-fin-aux-mauvaises-odeurs-de-mon-evier-mon-secret-du-gros-sel-chaque-soir,2026-10-02
www.patricia4realestate.com,Avocat fiscaliste à Nice : défendez vos droits face au fisc,avocat fiscaliste nice,https://www.patricia4realestate.com/avocat-fiscaliste-a-nice-defendez-vos-droits-face-au-fisc,2026-10-02
www.patricia4realestate.com,Constructeur maison sur mesure : ce qu'on ne vous dit pas,constructeur maison mesure,https://www.patricia4realestate.com/constructeur-maison-sur-mesure,2026-10-02
www.patricia4realestate.com,Domiciliation entreprise : ce que le tarif ne dit pas,domiciliation entreprise,https://www.patricia4realestate.com/domiciliation-entreprise,2026-10-02
www.patricia4realestate.com,Garantir son emprunt : les critères essentiels pour prendre la bonne décision,garantir son emprunt,https://www.patricia4realestate.com/garantir-son-emprunt-les-criteres-essentiels-pour-prendre-la-bonne-decision,2026-10-02
www.patricia4realestate.com,null,null,https://www.patricia4realestate.com/le-bon-coin-mettre-annonce-gratuite,2026-10-02
www.patricia4realestate.com,"Prix pour refaire une toiture de 100m2 en tuiles, le vrai calcul",100m2 tuiles vrai,https://www.patricia4realestate.com/prix-pour-refaire-une-toiture-de-100m2-en-tuiles,2026-10-02
www.portail-immobilier.fr,"Adrien Blanchard, auteur sur Portail Immobilier",auteur portail immobilier,https://www.portail-immobilier.fr/author/adrien-blanchard,2026-10-02
www.portail-immobilier.fr,"Alexandre Léger, auteur sur Portail Immobilier",alexandre léger auteur,https://www.portail-immobilier.fr/author/alexandre-leger,2026-10-02
www.portail-immobilier.fr,"Aurélie Leroy, auteur sur Portail Immobilier",auteur portail immobilier,https://www.portail-immobilier.fr/author/aurelie-leroy,2026-10-02
www.portail-immobilier.fr,"Axel Étienne, auteur sur Portail Immobilier",étienne auteur portail,https://www.portail-immobilier.fr/author/axel-etienne,2026-10-02
www.portail-immobilier.fr,"Baptiste Collet, auteur sur Portail Immobilier",baptiste collet auteur,https://www.portail-immobilier.fr/author/baptiste-collet,2026-10-02
www.portail-immobilier.fr,"Benjamin Mercier, auteur sur Portail Immobilier",benjamin mercier auteur,https://www.portail-immobilier.fr/author/benjamin-mercier,2026-10-02
www.portail-immobilier.fr,"Chloé Richard, auteur sur Portail Immobilier",auteur portail immobilier,https://www.portail-immobilier.fr/author/chloe-richard,2026-10-02
www.portail-immobilier.fr,"Damien Chevalier, auteur sur Portail Immobilier",chevalier auteur portail,https://www.portail-immobilier.fr/author/damien-chevalier,2026-10-02
www.portail-immobilier.fr,"Emma Cousin, auteur sur Portail Immobilier",emma cousin auteur,https://www.portail-immobilier.fr/author/emma-cousin,2026-10-02
www.portail-immobilier.fr,"Fabien Rémy, auteur sur Portail Immobilier",fabien rémy auteur,https://www.portail-immobilier.fr/author/fabien-remy,2026-10-02
www.portail-immobilier.fr,"Florian Michaud, auteur sur Portail Immobilier",michaud auteur portail,https://www.portail-immobilier.fr/author/florian-michaud,2026-10-02
www.portail-immobilier.fr,"Franck Pasquier, auteur sur Portail Immobilier",franck pasquier auteur,https://www.portail-immobilier.fr/author/franck-pasquier,2026-10-02
www.portail-immobilier.fr,"Frédéric Giraud, auteur sur Portail Immobilier",frédéric giraud auteur,https://www.portail-immobilier.fr/author/frederic-giraud,2026-10-02
www.portail-immobilier.fr,"Guillaume Girard, auteur sur Portail Immobilier",guillaume girard auteur,https://www.portail-immobilier.fr/author/guillaume-girard,2026-10-02
www.portail-immobilier.fr,"Laetitia Da Silva, auteur sur Portail Immobilier",laetitia da silva,https://www.portail-immobilier.fr/author/laetitia-da-silva,2026-10-02
www.portail-immobilier.fr,"Mathieu Gérard, auteur sur Portail Immobilier",mathieu gérard auteur,https://www.portail-immobilier.fr/author/mathieu-gerard,2026-10-02
www.portail-immobilier.fr,"Mélanie Marie, auteur sur Portail Immobilier",marie auteur portail,https://www.portail-immobilier.fr/author/melanie-marie,2026-10-02
www.portail-immobilier.fr,"Nathalie Fournier, auteur sur Portail Immobilier",nathalie fournier auteur,https://www.portail-immobilier.fr/author/nathalie-fournier,2026-10-02
www.portail-immobilier.fr,"Océane Pelletier, auteur sur Portail Immobilier",océane pelletier auteur,https://www.portail-immobilier.fr/author/oceane-pelletier,2026-10-02
www.portail-immobilier.fr,"Olivier Collin, auteur sur Portail Immobilier",auteur portail immobilier,https://www.portail-immobilier.fr/author/olivier-collin,2026-10-02
www.portail-immobilier.fr,"Paul Germain, auteur sur Portail Immobilier",germain auteur portail,https://www.portail-immobilier.fr/author/paul-germain,2026-10-02
www.portail-immobilier.fr,"Quentin Legrand, auteur sur Portail Immobilier",quentin legrand auteur,https://www.portail-immobilier.fr/author/quentin-legrand,2026-10-02
www.portail-immobilier.fr,"Sophie Aubert, auteur sur Portail Immobilier",sophie aubert auteur,https://www.portail-immobilier.fr/author/sophie-aubert,2026-10-02
www.systemes-ceramiques.org,Pourquoi une pièce vide résonne : physique et solutions,pièce vide résonne,https://www.systemes-ceramiques.org/pourquoi-une-piece-vide-resonne,2026-10-02
www.tout-immo.net,"Alexandra Ménard, auteur sur Tout Immo",alexandra ménard auteur,https://www.tout-immo.net/author/alexandra-menard,2026-10-02
www.tout-immo.net,"Alice Klein, auteur sur Tout Immo",alice klein auteur,https://www.tout-immo.net/author/alice-klein,2026-10-02
www.tout-immo.net,"Anaïs Barthélemy, auteur sur Tout Immo",anaïs barthélemy auteur,https://www.tout-immo.net/author/anais-barthelemy,2026-10-02
www.tout-immo.net,"Antoine Bernard, auteur sur Tout Immo",antoine bernard auteur,https://www.tout-immo.net/author/antoine-bernard,2026-10-02
www.tout-immo.net,"Arthur Langlois, auteur sur Tout Immo",arthur langlois auteur,https://www.tout-immo.net/author/arthur-langlois,2026-10-02
www.tout-immo.net,"Baptiste Barbier, auteur sur Tout Immo",baptiste barbier auteur,https://www.tout-immo.net/author/baptiste-barbier,2026-10-02
www.tout-immo.net,"Benjamin Carré, auteur sur Tout Immo",carré auteur tout,https://www.tout-immo.net/author/benjamin-carre,2026-10-02
www.tout-immo.net,"Chloé Garcia, auteur sur Tout Immo",chloé garcia auteur,https://www.tout-immo.net/author/chloe-garcia,2026-10-02
www.tout-immo.net,"Clara Dubois, auteur sur Tout Immo",clara dubois auteur,https://www.tout-immo.net/author/clara-dubois,2026-10-02
www.tout-immo.net,"Clara Roger, auteur sur Tout Immo",clara roger auteur,https://www.tout-immo.net/author/clara-roger,2026-10-02
www.tout-immo.net,"Élise Laporte, auteur sur Tout Immo",élise laporte auteur,https://www.tout-immo.net/author/elise-laporte,2026-10-02
www.tout-immo.net,"Elsa Charles, auteur sur Tout Immo",elsa charles auteur,https://www.tout-immo.net/author/elsa-charles,2026-10-02
www.tout-immo.net,"Émilie Blanc, auteur sur Tout Immo",émilie blanc auteur,https://www.tout-immo.net/author/emilie-blanc,2026-10-02
www.tout-immo.net,"Guillaume Roy, auteur sur Tout Immo",guillaume roy auteur,https://www.tout-immo.net/author/guillaume-roy,2026-10-02
www.tout-immo.net,"Jérémy Garnier, auteur sur Tout Immo",garnier auteur tout,https://www.tout-immo.net/author/jeremy-garnier,2026-10-02
www.tout-immo.net,"Lucie Gautier, auteur sur Tout Immo",lucie gautier auteur,https://www.tout-immo.net/author/lucie-gautier,2026-10-02
www.tout-immo.net,"Marion Philippe, auteur sur Tout Immo",marion philippe auteur,https://www.tout-immo.net/author/marion-philippe,2026-10-02
www.tout-immo.net,"Martin Marie, auteur sur Tout Immo",auteur tout immo,https://www.tout-immo.net/author/martin-marie,2026-10-02
www.tout-immo.net,"Mélissa Simon, auteur sur Tout Immo",mélissa simon auteur,https://www.tout-immo.net/author/melissa-simon,2026-10-02
www.tout-immo.net,"Pauline Bouchet, auteur sur Tout Immo",pauline bouchet auteur,https://www.tout-immo.net/author/pauline-bouchet,2026-10-02
www.tout-immo.net,"Sandrine Michaud, auteur sur Tout Immo",sandrine michaud auteur,https://www.tout-immo.net/author/sandrine-michaud,2026-10-02
www.tout-immo.net,"Séverine Monnier, auteur sur Tout Immo",séverine monnier auteur,https://www.tout-immo.net/author/severine-monnier,2026-10-02
www.tout-immo.net,"Théo Da Silva, auteur sur Tout Immo",da silva auteur,https://www.tout-immo.net/author/theo-da-silva,2026-10-02
www.tout-immo.net,"Yoann Maillard, auteur sur Tout Immo",yoann maillard auteur,https://www.tout-immo.net/author/yoann-maillard,2026-10-02
www.tropheesdelamaison.com,Quand un buffet bois massif réinvente l'élégance moderne - Les Trophées de la Maison,massif réinvente élégance,https://www.tropheesdelamaison.com/quand-un-buffet-bois-massif-reinvente-lelegance-moderne,2026-10-02
www.usineadesign.com,"Combien coûte un déménagement : prix, aides et pièges",combien coûte déménagement,https://www.usineadesign.com/combien-coute-un-demenagement,2026-10-02
www.usineadesign.com,Comment déplacer son échafaudage ?,déplacer son échafaudage,https://www.usineadesign.com/comment-deplacer-son-echafaudage,2026-10-02
www.usineadesign.com,Entreprise de rénovation Paris : les vrais délais chantier,entreprise rénovation paris,https://www.usineadesign.com/entreprise-de-renovation-paris,2026-10-02
www.usineadesign.com,Le design comme levier de valorisation dans l’immobilier haut de gamme,levier valorisation immobilier,https://www.usineadesign.com/le-design-comme-levier-de-valorisation-dans-limmobilier-haut-de-gamme,2026-10-02
www.usineadesign.com,Les premiers signes de la mérule : ce que votre maison vous dit,premiers signes mérule,https://www.usineadesign.com/les-premiers-signes-de-la-merule-ce-que-votre-maison-vous-dit,2026-10-02
www.usineadesign.com,Salon moderne avec poutre apparente : styles et couleurs,salon moderne poutre,https://www.usineadesign.com/salon-moderne-avec-poutre-apparente,2026-10-02
www.usineadesign.com,Vitre poêle Godin : remplacement et entretien,vitre poêle godin,https://www.usineadesign.com/vitre-poele-godin,2026-10-02
www.vudailleurs.com,Dette publique : « Le point de rupture » — François Ecalle,dette publique,https://www.vudailleurs.com/dette-publique-france-interview-francois-ecalle,2026-10-02
www.vudailleurs.com,ETF et institutionnels : les nouveaux usages (,etf institutionnels,https://www.vudailleurs.com/investisseurs-institutionnels-nouveaux-roles-etf,2026-10-02
www.vudailleurs.com,Sommet FAB 2026 : l'axe Moyen-Orient–Asie,sommet fab 2026,https://www.vudailleurs.com/sommet-fab-moyen-orient-asie-2026,2026-10-02
