domain,title,keyword_keybert,url,detected_on
100pour100equitable.com,Mariage : quel budget prévoir pour un cadeau aux jeunes mariés ?,mariage,https://100pour100equitable.com/mariage-quel-budget-prevoir-pour-un-cadeau-aux-jeunes-maries,2026-08-31
123-deco.fr,Transformez votre jardin en un espace relaxant et accueillant - 132-deco.fr,jardin espace relaxant,https://123-deco.fr/amenagement-jardin-accueillant,2026-08-31
123-deco.fr,Transformez votre petit jardin en havre de paix à petit prix - 132-deco.fr,votre petit jardin,https://123-deco.fr/amenagement-jardin-eco-friendly,2026-08-31
123-deco.fr,Construire une terrasse couverte : le guide complet - 132-deco.fr,construire terrasse couverte,https://123-deco.fr/construire-terrasse-couvertes-guide-complet,2026-08-31
123-deco.fr,14 idées inspirantes pour aménager votre patio - 132-deco.fr,aménager votre patio,https://123-deco.fr/idees-patio-accueillant,2026-08-31
appart-garden.com,✨ Nettoyer Facilement des Dalles en Polystyrène 🧼,facilement dalles polystyrène,https://appart-garden.com/nettoyer-dalles-polystyrene,2026-08-31
appart-garden.com,🔧🔥 Surélever son poêle à bois : Guide pratique et astuces !,son poêle bois,https://appart-garden.com/surelevation-poele-bois,2026-08-31
art-pluriel.fr,"Miroir Piqué : Causes, Entretien & Restauration Essentiels",miroir piqué,https://art-pluriel.fr/miroir-pique-causes-entretien,2026-08-31
artisan-conseils.fr,Un petit-déjeuner original à tester absolument - Artisan-conseils.fr,déjeuner original tester,https://artisan-conseils.fr/petit-dejeuner-original-simple,2026-08-31
artisan-conseils.fr,Dessiner et procéder avec des planches à découper en bois - Artisan-conseils.fr,dessiner procéder planches,https://artisan-conseils.fr/planches-decouper-bois-cuisine,2026-08-31
batiment-actualites.fr,Construire une petite cabane en bois : guide pratique - batiment-actualites.fr,construire petite cabane,https://batiment-actualites.fr/construire-petite-cabane-en-bois,2026-08-31
batiment-actualites.fr,Construire sa piscine soi-même : Guide pratique en 4 étapes - batiment-actualites.fr,construire sa piscine,https://batiment-actualites.fr/construire-piscine-soi-meme,2026-08-31
batiment-actualites.fr,30 idées de lofts chaleureux pour votre maison - batiment-actualites.fr,lofts chaleureux votre,https://batiment-actualites.fr/idees-loft-chaleureux-maison,2026-08-31
batiment-actualites.fr,31 idées de paysages de piscine pour un jardin de rêve - batiment-actualites.fr,idées paysages piscine,https://batiment-actualites.fr/idees-paysages-piscine-jardin-dream,2026-08-31
batiment-actualites.fr,Plan de maison contemporaine avec balcon et garage 3 voitures - batiment-actualites.fr,maison contemporaine balcon,https://batiment-actualites.fr/plan-maison-contemporaine-balcon-garage,2026-08-31
ccae.fr,3G Immo : Pourquoi Choisir un Mandataire Immobilier à Annecy ? 🏡,3g immo,https://ccae.fr/3g-immo,2026-08-31
cerclemediateursbancaires.fr,Avant d'acheter : ces 4 indicateurs cruciaux pour savoir si une fissure sur la façade cache un véritable désastre - CMB,avant acheter,https://cerclemediateursbancaires.fr/avant-dacheter-ces-4-indicateurs-cruciaux-pour-savoir-si-une-fissure-sur-la-facade-cache-un-veritable-desastre,2026-08-31
cerclemediateursbancaires.fr,Ce droit sur l'argent de votre enfant que vous perdez à la seconde où il fête ses 18 ans - CMB,argent votre enfant,https://cerclemediateursbancaires.fr/ce-droit-sur-largent-de-votre-enfant-que-vous-perdez-a-la-seconde-ou-il-fete-ses-18-ans,2026-08-31
cerclemediateursbancaires.fr,Cyberattaque aux impôts : la technique indétectable qui s'apprête à siphonner votre épargne cet automne - CMB,cyberattaque impôts,https://cerclemediateursbancaires.fr/cyberattaque-aux-impots-la-technique-indetectable-qui-sapprete-a-siphonner-votre-epargne-cet-automne,2026-08-31
cerclemediateursbancaires.fr,Les conseillers retraite n'en peuvent plus de le répéter : ce que votre ex-conjoint ne peut pas toucher sur votre pension tant que vous vivez - CMB,conseillers retraite peuvent,https://cerclemediateursbancaires.fr/les-conseillers-retraite-nen-peuvent-plus-de-le-repeter-ce-que-votre-ex-conjoint-ne-peut-pas-toucher-sur-votre-pension-tant-que-vous-vivez,2026-08-31
cerclemediateursbancaires.fr,Plus personne ne pense pouvoir revenir sur son départ à la retraite : voici ce qui reste possible après la notification - CMB,pense pouvoir revenir,https://cerclemediateursbancaires.fr/plus-personne-ne-pense-pouvoir-revenir-sur-son-depart-a-la-retraite-voici-ce-qui-reste-possible-apres-la-notification,2026-08-31
chantier-expert.fr,Bougies coniques florales : une touche personnalisée pour votre décoration - Chantier-expert.fr,bougies coniques florales,https://chantier-expert.fr/bougies-coniques-florales-decoration,2026-08-31
chantier-expert.fr,Idées d'aménagement de bureau esthétique en rose et vert - Chantier-expert.fr,bureau esthétique rose,https://chantier-expert.fr/bureau-esthetique-rose-vert,2026-08-31
chantier-expert.fr,Décorez votre intérieur avec des touches estivales - Chantier-expert.fr,intérieur touches estivales,https://chantier-expert.fr/deco-plage-interieur,2026-08-31
chantier-expert.fr,Décoration DIY esthétique : idées murales en papier - Chantier-expert.fr,décoration diy esthétique,https://chantier-expert.fr/decorations-diy-murales-esthetiques,2026-08-31
chantier-expert.fr,Idées de coins études esthétiques pour petits espaces - Chantier-expert.fr,coins études esthétiques,https://chantier-expert.fr/idees-coin-etude-petits-espaces,2026-08-31
chantier-expert.fr,9 idées de déco murale pour transformer votre intérieur - Chantier-expert.fr,murale transformer votre,https://chantier-expert.fr/idees-deco-murale-transformer-interieur,2026-08-31
deco-et-vous.fr,Idées de décoration de table pour une fête de fin d'année magique - Deco-et-vous.fr,décoration table fête,https://deco-et-vous.fr/decorations-table-fete-magique,2026-08-31
deco-et-vous.fr,Créez des lanternes en papier pour votre décoration d'intérieur - Deco-et-vous.fr,papier votre décoration,https://deco-et-vous.fr/lanternes-papier-deco-interieure,2026-08-31
deco-habitat-mag.fr,14 jours pour une maison bien organisée - deco-habitat-mag.fr,14 jours maison,https://deco-habitat-mag.fr/14-jours-organisation-maison,2026-08-31
deco-habitat-mag.fr,Aménagement pratique d'une maison en U de 125 m² - deco-habitat-mag.fr,aménagement pratique maison,https://deco-habitat-mag.fr/amenagement-maison-en-u-125m2,2026-08-31
deco-habitat-mag.fr,Créez une maison à votre image - deco-habitat-mag.fr,maison votre image,https://deco-habitat-mag.fr/maison-a-votre-image,2026-08-31
deco-habitat-mag.fr,Organiser votre atelier de couture pour plus de créativité - deco-habitat-mag.fr,organiser votre atelier,https://deco-habitat-mag.fr/organisation-ateliers-couture,2026-08-31
deco-habitat-mag.fr,Organiser sa maison pour vivre mieux avec moins - deco-habitat-mag.fr,maison vivre mieux,https://deco-habitat-mag.fr/organiser-maison-vivre-moins,2026-08-31
deco-habitat-mag.fr,Un plan de nettoyage hebdomadaire pour une maison toujours propre - deco-habitat-mag.fr,nettoyage hebdomadaire maison,https://deco-habitat-mag.fr/plan-nettoyage-hebdomadaire-maison-impeccable,2026-08-31
deco-interieur-conseil.fr,Affichez les métiers en couleur : idées créatives pour votre classe - Deco-interieur-conseil.fr,affichez métiers couleur,https://deco-interieur-conseil.fr/affichages-metiers-couleurs-classe,2026-08-31
deco-interieur-conseil.fr,Découvrez la crème anglaise classique à la maison - Deco-interieur-conseil.fr,anglaise classique maison,https://deco-interieur-conseil.fr/creme-anglaise-classique-recette,2026-08-31
deco-interieur-conseil.fr,Crème au beurre facile : la recette incontournable - Deco-interieur-conseil.fr,crème beurre facile,https://deco-interieur-conseil.fr/creme-au-beurre-facile,2026-08-31
deco-interieur-conseil.fr,Découvrez la meilleure recette de crème au beurre - Deco-interieur-conseil.fr,découvrez meilleure recette,https://deco-interieur-conseil.fr/creme-au-beurre-recette-facile,2026-08-31
deco-interieur-conseil.fr,Crème au chocolat façon Danette à la maison - Deco-interieur-conseil.fr,chocolat façon danette,https://deco-interieur-conseil.fr/creme-chocolat-maison,2026-08-31
deco-interieur-conseil.fr,Tendances déco 2026 : des inspirations à ne pas manquer - Deco-interieur-conseil.fr,tendances déco 2026,https://deco-interieur-conseil.fr/tendances-deco-2026-inspirations,2026-08-31
decolux-maison.fr,Découvrez des idées de décoration intérieure inspirantes - decolux-maison.fr,décoration intérieure inspirantes,https://decolux-maison.fr/decoration-interieure-luxe-idees,2026-08-31
decolux-maison.fr,Aménagez votre espace sportif de rêve à la maison - decolux-maison.fr,sportif rêve maison,https://decolux-maison.fr/espace-sportif-sous-sol,2026-08-31
decolux-maison.fr,27 idées d'éclairage au plafond pour sublimer votre intérieur - decolux-maison.fr,sublimer votre intérieur,https://decolux-maison.fr/idees-eclairage-plafond,2026-08-31
decolux-maison.fr,Découvrez les maisons de style ranch en pleine nature - decolux-maison.fr,maisons style ranch,https://decolux-maison.fr/maisons-style-ranch-nature,2026-08-31
decolux-maison.fr,Découvrez l'expérience Officine Gullo à Florence - decolux-maison.fr,officine gullo florence,https://decolux-maison.fr/officine-gullo-experience-florence,2026-08-31
decolux-maison.fr,Découvrez l'intérieur de la villa Mamaia inspirée par Frank Lloyd Wright - decolux-maison.fr,inspirée frank lloyd,https://decolux-maison.fr/style-frank-lloyd-wright-villa-mamaia,2026-08-31
domeus-constructions.fr,Prix Construction Maison En 2026 : Quel Budget Prévoir ?,prix construction maison,https://domeus-constructions.fr/prix-construction-maison-2026-budget-frais-annexes,2026-08-31
domindo.fr,Poser un faîtage à sec (closoir ventilé) - Domindo,sec closoir ventilé,https://www.domindo.fr/poser-faitage-sec,2026-08-31
duflair.com,Association des copropriétaires : rôle et fonctionnement,association copropriétaires,https://duflair.com/association-coproprietaires-role-creation-fonctionnement,2026-08-31
edito.selogerneuf.com,Investissement neuf : comment choisir le bon emplacement ? | Edito SeLoger Neuf,investissement neuf,https://edito.selogerneuf.com/programmes-neufs/investissement-neuf-choisir-emplacement-article-23627.html,2026-08-31
favrat-ossature-bois.fr,Isolation Thermique Sous Carrelage Sans Chape : Les Solutions Fiables,isolation thermique sous,https://favrat-ossature-bois.fr/isolation-thermique-sous-carrelage-chape,2026-08-31
fenrifoyer.fr,Drain fosse septique saturé : causes et solutions,drain fosse septique,https://fenrifoyer.fr/drain-fosse-septique-sature-causes-et-solutions,2026-08-31
fenrifoyer.fr,Réglage porte d'entrée 4 gonds sans vis,entrée gonds sans,https://fenrifoyer.fr/reglage-porte-dentree-4-gonds-sans-vis,2026-08-31
foyerlumina.fr,Comment serrer une sangle sans cliquet : les astuces,sangle sans cliquet,https://foyerlumina.fr/comment-serrer-une-sangle-sans-cliquet-les-astuces,2026-08-31
foyerlumina.fr,Fraises en pot : cultiver des fruits gourmands à la maison,fraises pot,https://foyerlumina.fr/fraises-en-pot-cultiver-des-fruits-gourmands-a-la-maison,2026-08-31
foyerluxuria.fr,Bloc WC tombé dans les toilettes : comment le récupérer ?,wc tombé toilettes,https://foyerluxuria.fr/bloc-wc-tombe-dans-les-toilettes-comment-le-recuperer,2026-08-31
foyerluxuria.fr,Pourquoi faire réaliser une expertise immobilière plutôt qu’une simple estimation ?,qu simple estimation,https://foyerluxuria.fr/pourquoi-faire-realiser-une-expertise-immobiliere-plutot-quune-simple-estimation,2026-08-31
foyerluxuria.fr,Produit interdit : les risques pour votre pompe de relevage,produit interdit,https://foyerluxuria.fr/produit-interdit-les-risques-pour-votre-pompe-de-relevage,2026-08-31
gresel.org,Comment concevoir une maison individuelle adaptée à son terrain et à son mode de vie ? - Gresel - Immobilier,maison individuelle adaptée,https://gresel.org/comment-concevoir-une-maison-individuelle-adaptee-a-son-terrain-et-a-son-mode-de-vie,2026-08-31
habitat-infos.fr,9 façons de transformer votre salon avec une bibliothèque - Habitat-infos.fr,votre salon bibliothèque,https://habitat-infos.fr/bibliotheque-salon-decoration,2026-08-31
habitat-infos.fr,Créez un espace élégant avec une bibliothèque en verre Mid Century - Habitat-infos.fr,espace élégant bibliothèque,https://habitat-infos.fr/bibliotheque-verre-mid-century,2026-08-31
habitat-infos.fr,20 idées inspirantes de bibliothèques DIY pour votre intérieur - Habitat-infos.fr,idées inspirantes bibliothèques,https://habitat-infos.fr/bibliotheques-diy-idees-inspirantes,2026-08-31
habitat-infos.fr,12 idées de étagères flottantes créatives pour votre intérieur - Habitat-infos.fr,étagères flottantes créatives,https://habitat-infos.fr/etagere-flottante-creative,2026-08-31
harmonie-maison.fr,"Dermestidae : causes, dangers et solutions concrètes pour la maison - Harmonie Maison",dermestidae,https://harmonie-maison.fr/dermestidae,2026-08-31
harmonie-maison.fr,Photinia malade : comment l’identifier et éviter le pire - Harmonie Maison,photinia malade,https://harmonie-maison.fr/photinia-maladie-photo,2026-08-31
immo-libre.fr,Les quartiers à éviter à Palerme,quartiers éviter palerme,https://immo-libre.fr/quartiers-a-eviter-palerme,2026-08-31
immo-patrimoine-conseil.fr,Checklist d'entretien pour vos biens locatifs - Immo-patrimoine-conseil.fr,checklist entretien vos,https://immo-patrimoine-conseil.fr/checklist-entretien-biens-locatifs,2026-08-31
immo-patrimoine-conseil.fr,Check-list pour une inspection locative parfaite - Immo-patrimoine-conseil.fr,inspection locative parfaite,https://immo-patrimoine-conseil.fr/checklist-inspection-locative,2026-08-31
immo-patrimoine-conseil.fr,Transformez votre petit appartement avec ces idées françaises - Immo-patrimoine-conseil.fr,appartement idées françaises,https://immo-patrimoine-conseil.fr/idees-de-amelioration-petit-appartement,2026-08-31
immo-patrimoine-conseil.fr,Découvrez le Projet Duhesme à Paris 18 - Immo-patrimoine-conseil.fr,projet duhesme paris,https://immo-patrimoine-conseil.fr/projet-duhesme-paris-18,2026-08-31
immo-patrimoine-conseil.fr,Réchauffez votre cuisine avec un style moderne et chaleureux - Immo-patrimoine-conseil.fr,style moderne chaleureux,https://immo-patrimoine-conseil.fr/rechauffer-cuisine-moderne-chaleureuse,2026-08-31
immo-patrimoine-conseil.fr,Rénovez votre intérieur avec un style contemporain inspiré des années 90 - Immo-patrimoine-conseil.fr,contemporain inspiré années,https://immo-patrimoine-conseil.fr/renovation-interieur-style-annees-90,2026-08-31
immobilier-tout-savoir.fr,Louer une chambre chez soi : astuces faciles et sûres 🏡🔑,chambre chez soi,https://immobilier-tout-savoir.fr/louer-chambre-sans-risque,2026-08-31
immocompare.org,Constructeur de maison individuelle dans le Rhône - Immocompare,maison individuelle rhône,https://immocompare.org/avis-les-constructions-regionales,2026-08-31
interiora-style.fr,Le canapé Cezar : confort et style pour votre salon - Interiora-style.fr,canapé cezar,https://interiora-style.fr/canape-cezar-confort-style-salon,2026-08-31
interiora-style.fr,Comment créer un dressing fonctionnel et esthétique - Interiora-style.fr,dressing fonctionnel esthétique,https://interiora-style.fr/comment-optimiser-votre-dressing,2026-08-31
interiora-style.fr,35 idées pour optimiser votre appartement avec des meubles multifonctionnels - Interiora-style.fr,optimiser votre appartement,https://interiora-style.fr/idees-appartement-meubles-multifonctionnels,2026-08-31
interiora-style.fr,35 idées pour aménager une petite chambre avec style - Interiora-style.fr,aménager petite chambre,https://interiora-style.fr/idees-deco-petites-chambres,2026-08-31
interiora-style.fr,Organiser votre salon selon vos envies - Interiora-style.fr,organiser votre salon,https://interiora-style.fr/organiser-salon-a-votre-image,2026-08-31
interiora-style.fr,Optimiser votre petite cuisine pour un maximum de style et de fonctionnalité - Interiora-style.fr,votre petite cuisine,https://interiora-style.fr/petite-cuisine-fonctionnelle,2026-08-31
isolationcombles.fr,Avantages et inconvénients de la laine de verre et de la laine de roche en Nouvelle-Aquitaine - IsolationCombles.fr,roche nouvelle aquitaine,https://isolationcombles.fr/choisir-son-isolant/isolants-traditionnels/avantages-et-inconvenients-de-la-laine-de-verre-et-de-la-laine-de-roche-en-nouvelle-aquitaine,2026-08-31
jardinerlaville.fr,Actualités Menuisiers du Nord : conseils et informations pratiques | Jardiner la Ville,actualités menuisiers nord,https://jardinerlaville.fr/mirrier,2026-08-31
lebureaudelimmo.fr,CCAG MOE : Guide Contrat Maîtrise Œuvre 2026 - Bureau de l'immo,ccag moe,https://lebureaudelimmo.fr/ccag-moe-guide-contrat-maitrise-oeuvre-2026,2026-08-31
leconomieetmoi.fr,Assurance décennale : quel intérêt de passer par un courtier ? - L'économie et moi,assurance décennale,https://leconomieetmoi.fr/assurance/assurance-decennale-pourquoi-passer-par-un-courtier-13207,2026-08-31
lemandalamoris.com,Caterer für ein Bankett auf Mauritius,bankett auf mauritius,https://lemandalamoris.com/de/beste-caterer-bankett-mauritius,2026-08-31
lemandalamoris.com,%%tax_title%% - Le Mandala Moris,tax_title,https://lemandalamoris.com/de/category/events-feiern,2026-08-31
lemandalamoris.com,Villa mieten auf Mauritius mit Koch und Service vor Ort,mieten auf mauritius,https://lemandalamoris.com/de/villa-mauritius-mit-personal-und-koch,2026-08-31
lemandalamoris.com,Euro in Mauritius-Rupie: Kurs von heute,euro in mauritius,https://lemandalamoris.com/de/waehrung-auf-mauritius-rupie-geldwechsel-und-budget,2026-08-31
lemandalamoris.com,Beach Sports in Mauritius: An Active and Exotic Getaway,sports in mauritius,https://lemandalamoris.com/en/beach-sports-in-mauritius-an-active-and-exotic-getaway,2026-08-31
lemandalamoris.com,Botanical Gardens in Mauritius: Curepipe and Other Green Gems,gardens in mauritius,https://lemandalamoris.com/en/botanical-gardens-in-mauritius-curepipe-and-other-green-gems,2026-08-31
lemandalamoris.com,%%tax_title%% - Le Mandala Moris,tax_title,https://lemandalamoris.com/en/category/events-celebrations,2026-08-31
lemandalamoris.com,Euro to Mauritian Rupee: Today's Rate and Exchange,euro mauritian rupee,https://lemandalamoris.com/en/currency-in-mauritius-rupee-exchange-and-budget,2026-08-31
lemandalamoris.com,Dive into the Wonderful Adventure of Spearfishing in Mauritius,spearfishing in mauritius,https://lemandalamoris.com/en/dive-into-the-wonderful-adventure-of-spearfishing-in-mauritius,2026-08-31
lemandalamoris.com,"Diving in Mauritius: the Best Spots, Seasons and Tips",diving in mauritius,https://lemandalamoris.com/en/diving-in-mauritius-the-best-spots-seasons-and-tips,2026-08-31
lemandalamoris.com,Golf in Mauritius: A Paradise for Enthusiasts,golf in mauritius,https://lemandalamoris.com/en/golf-in-mauritius-a-paradise-for-enthusiasts,2026-08-31
lemandalamoris.com,Grand Bassin (Ganga Talao): Mauritius’ Sacred Lake,mauritius sacred lake,https://lemandalamoris.com/en/grand-bassin-ganga-talao-mauritius-sacred-lake,2026-08-31
lemandalamoris.com,Île aux Aigrettes: A Paradise to Discover | Le Mandala Moris,île aigrettes,https://lemandalamoris.com/en/ile-aux-aigrettes-a-paradise-to-discover,2026-08-31
lemandalamoris.com,Immersion in a Photo Safari in Mauritius | Le Mandala Moris,safari in mauritius,https://lemandalamoris.com/en/immersion-in-a-photo-safari-in-mauritius,2026-08-31
lemandalamoris.com,In the Footsteps of the Past: Historic Ruins of Mauritius,ruins of mauritius,https://lemandalamoris.com/en/in-the-footsteps-of-the-past-historic-ruins-of-mauritius,2026-08-31
lemandalamoris.com,Interactive Museums in Mauritius: A Unique Cultural Immersion,museums in mauritius,https://lemandalamoris.com/en/interactive-museums-in-mauritius-a-unique-cultural-immersion,2026-08-31
lemandalamoris.com,Kayak Excursions in Mauritius: An Unforgettable Adventure in the Mangroves,adventure in mangroves,https://lemandalamoris.com/en/kayak-excursions-in-mauritius-an-unforgettable-adventure-in-the-mangroves,2026-08-31
lemandalamoris.com,"Mauritian Craftsmanship: Textiles, Jewelry, Sculptures",mauritian craftsmanship,https://lemandalamoris.com/en/mauritian-craftsmanship-a-dive-into-the-islands-cultural-heritage,2026-08-31
lemandalamoris.com,"Mauritian Spices: A Journey of Flavors, Markets, and Plantations",mauritian spices journey,https://lemandalamoris.com/en/mauritian-spices-a-journey-of-flavors-markets-and-plantations,2026-08-31
lemandalamoris.com,Vanilla plantation Mauritius: where to visit and buy,vanilla plantation mauritius,https://lemandalamoris.com/en/mauritian-vanilla-plantations-to-visit-and-where-to-buy-it,2026-08-31
lemandalamoris.com,Mauritius: Climbing Spots for Thrill-Seekers,mauritius climbing spots,https://lemandalamoris.com/en/mauritius-climbing-spots-for-thrill-seekers,2026-08-31
lemandalamoris.com,Caterers for a banquet in Mauritius,banquet in mauritius,https://lemandalamoris.com/en/must-have-caterers-banquet-mauritius,2026-08-31
lemandalamoris.com,Organizing a Surprise Party in Mauritius | Le Mandala Moris,party in mauritius,https://lemandalamoris.com/en/organizing-a-surprise-party-in-mauritius,2026-08-31
lemandalamoris.com,Private Culinary Experiences in Mauritius,private culinary experiences,https://lemandalamoris.com/en/private-culinary-experiences-in-mauritius-a-celebration-for-the-taste-buds,2026-08-31
lemandalamoris.com,Snorkeling in Mauritius: The Most Beautiful Spots (and the Easiest Ones),snorkeling in mauritius,https://lemandalamoris.com/en/snorkeling-in-mauritius-the-most-beautiful-spots-and-the-easiest-ones,2026-08-31
lemandalamoris.com,Tamarin Bay: Your Next Adventure in Mauritius,adventure in mauritius,https://lemandalamoris.com/en/tamarin-bay-your-next-adventure-in-mauritius,2026-08-31
lemandalamoris.com,"Stargazing in Mauritius: Sites, Timing and Tips",stargazing in mauritius,https://lemandalamoris.com/en/the-celestial-wonders-of-mauritius-a-journey-among-the-stars,2026-08-31
lemandalamoris.com,The Most Beautiful Scenic Routes in Mauritius,routes in mauritius,https://lemandalamoris.com/en/the-most-beautiful-scenic-routes-in-mauritius,2026-08-31
lemandalamoris.com,The Secrets to an Unforgettable Family Picnic in Mauritius,picnic in mauritius,https://lemandalamoris.com/en/the-secrets-to-an-unforgettable-family-picnic-in-mauritius,2026-08-31
lemandalamoris.com,The Splendor of Mauritius’ Bird Reserves | Le Mandala Moris,mauritius bird reserves,https://lemandalamoris.com/en/the-splendor-of-mauritius-bird-reserves,2026-08-31
lemandalamoris.com,Best place to watch sunset in Mauritius: Flic en Flac,sunset in mauritius,https://lemandalamoris.com/en/the-splendor-of-sunsets-in-mauritius,2026-08-31
lemandalamoris.com,Thrilling Activities in Mauritius: An Unforgettable Journey for Adrenaline Lovers,activities in mauritius,https://lemandalamoris.com/en/thrilling-activities-in-mauritius-an-unforgettable-journey-for-adrenaline-lovers,2026-08-31
lemandalamoris.com,Weddings in Mauritius: intimate stays at Le Mandala Moris,weddings in mauritius,https://lemandalamoris.com/en/weddings-in-mauritius,2026-08-31
lemandalamoris.com,When to Visit Mauritius? Climate and Weather Month by Month,visit mauritius climate,https://lemandalamoris.com/en/when-to-visit-mauritius-climate-and-weather-month-by-month,2026-08-31
lemandalamoris.com,Yacht or Sailboat Charter in Mauritius: Your Route to an Unforgettable Stay,charter in mauritius,https://lemandalamoris.com/en/yacht-or-sailboat-charter-in-mauritius-your-route-to-an-unforgettable-stay,2026-08-31
lemandalamoris.com,Actividades emocionantes en Mauricio: un viaje inolvidable para los amantes de la adrenalina,actividades emocionantes mauricio,https://lemandalamoris.com/es/actividades-emocionantes-en-mauricio-un-viaje-inolvidable-para-los-amantes-de-la-adrenalina,2026-08-31
lemandalamoris.com,Alquiler de coches vintage para bodas en Mauricio,para bodas mauricio,https://lemandalamoris.com/es/alquiler-de-coches-vintage-para-bodas-en-mauricio,2026-08-31
lemandalamoris.com,Alquiler de yate o velero en Mauricio: su ruta hacia una estancia inolvidable,yate velero mauricio,https://lemandalamoris.com/es/alquiler-de-yate-o-velero-en-mauricio-su-ruta-hacia-una-estancia-inolvidable,2026-08-31
lemandalamoris.com,Boda mauriciana: ritos hindúes y criollos,mauriciana ritos hindúes,https://lemandalamoris.com/es/boda-tradicional-mauriciana-ritos-hindues-criollos-y-atuendos,2026-08-31
lemandalamoris.com,"Buceo en Mauricio: los mejores lugares, temporadas y consejos",mauricio los mejores,https://lemandalamoris.com/es/buceo-en-mauricio-los-mejores-lugares-temporadas-y-consejos,2026-08-31
lemandalamoris.com,Caterings para banquetes en la isla Mauricio,banquetes isla mauricio,https://lemandalamoris.com/es/caterings-imprescindibles-banquete-mauricio,2026-08-31
lemandalamoris.com,¿Cuándo viajar a Mauricio? Clima y tiempo mes a mes,cuándo viajar mauricio,https://lemandalamoris.com/es/cuando-viajar-a-mauricio-clima-y-tiempo-mes-a-mes,2026-08-31
lemandalamoris.com,Cumpleaños en la playa en Mauricio,cumpleaños playa mauricio,https://lemandalamoris.com/es/cumpleanos-playa-mauricio,2026-08-31
lemandalamoris.com,Curepipe: qué hacer en la ciudad alta de la isla Mauricio,alta isla mauricio,https://lemandalamoris.com/es/curepipe-que-hacer-en-la-ciudad-alta-de-la-isla-mauricio,2026-08-31
lemandalamoris.com,Deportes de playa en la Isla Mauricio: un viaje activo y exótico,playa isla mauricio,https://lemandalamoris.com/es/deportes-de-playa-en-la-isla-mauricio-un-viaje-activo-y-exotico,2026-08-31
lemandalamoris.com,Descubra las cascadas ocultas de la Isla Mauricio,ocultas isla mauricio,https://lemandalamoris.com/es/descubra-las-cascadas-ocultas-de-la-isla-mauricio,2026-08-31
lemandalamoris.com,"Domaine de Saint Aubin: ron, vainilla y cocina criolla en el sur",vainilla cocina criolla,https://lemandalamoris.com/es/domaine-de-saint-aubin-ron-vainilla-y-cocina-criolla-en-el-sur,2026-08-31
lemandalamoris.com,El Bosque de Macchabée en Mauricio: un refugio para senderistas,macchabée mauricio refugio,https://lemandalamoris.com/es/el-bosque-de-macchabee-en-mauricio-un-refugio-para-senderistas,2026-08-31
lemandalamoris.com,El esplendor de las reservas ornitológicas de Isla Mauricio,ornitológicas isla mauricio,https://lemandalamoris.com/es/el-esplendor-de-las-reservas-ornitologicas-de-isla-mauricio,2026-08-31
lemandalamoris.com,El golf en Mauricio: un paraíso para los apasionados,el golf mauricio,https://lemandalamoris.com/es/el-golf-en-mauricio-un-paraiso-para-los-apasionados,2026-08-31
lemandalamoris.com,El Jardín de Té Bois Chéri y sus Tradiciones,chéri sus tradiciones,https://lemandalamoris.com/es/el-jardin-de-te-bois-cheri-y-sus-tradiciones,2026-08-31
lemandalamoris.com,Vallée des Couleurs: 23 colores y cascadas,couleurs 23 colores,https://lemandalamoris.com/es/el-valle-de-los-colores-tierras-de-23-colores-tirolinas-y-cascadas,2026-08-31
lemandalamoris.com,"Especias de Mauricio: sabores, mercados y plantaciones",sabores mercados plantaciones,https://lemandalamoris.com/es/especias-de-mauricio-la-ruta-de-los-sabores-mercados-y-plantaciones,2026-08-31
lemandalamoris.com,Excursiones en barco con fondo de cristal en Mauricio: un viaje acuático inolvidable,mauricio viaje acuático,https://lemandalamoris.com/es/excursiones-en-barco-con-fondo-de-cristal-en-mauricio-un-viaje-acuatico-inolvidable,2026-08-31
lemandalamoris.com,Excursiones en kayak en Mauricio: una aventura inolvidable en los manglares,excursiones kayak mauricio,https://lemandalamoris.com/es/excursiones-en-kayak-en-mauricio-una-aventura-inolvidable-en-los-manglares,2026-08-31
lemandalamoris.com,Experiencias culinarias privadas en la isla Mauricio: una celebración para el paladar,culinarias privadas isla,https://lemandalamoris.com/es/experiencias-culinarias-privadas-en-la-isla-mauricio-una-celebracion-para-el-paladar,2026-08-31
lemandalamoris.com,Exploración en 4x4 de las montañas de la isla Mauricio,montañas isla mauricio,https://lemandalamoris.com/es/exploracion-en-4x4-de-las-montanas-de-la-isla-mauricio,2026-08-31
lemandalamoris.com,Île aux Aigrettes: un paraíso por descubrir,île aigrettes paraíso,https://lemandalamoris.com/es/ile-aux-aigrettes-un-paraiso-por-descubrir,2026-08-31
lemandalamoris.com,Inmersión en el safari fotográfico en Mauricio,safari fotográfico mauricio,https://lemandalamoris.com/es/inmersion-en-el-safari-fotografico-en-mauricio,2026-08-31
lemandalamoris.com,Jardines botánicos de Mauricio: rutas verdes,jardines botánicos mauricio,https://lemandalamoris.com/es/jardines-botanicos-de-mauricio-curepipe-y-otras-joyas-verdes,2026-08-31
lemandalamoris.com,"Artesanía mauriciana: textiles, joyas y esculturas",artesanía mauriciana textiles,https://lemandalamoris.com/es/la-artesania-mauriciana-una-inmersion-en-el-patrimonio-cultural-de-la-isla,2026-08-31
lemandalamoris.com,La Bahía de Tamarin: tu próxima aventura en Mauricio,bahía tamarin tu,https://lemandalamoris.com/es/la-bahia-de-tamarin-tu-proxima-aventura-en-mauricio,2026-08-31
lemandalamoris.com,La fauna emblemática de Isla Mauricio | Le Mandala Moris,fauna emblemática isla,https://lemandalamoris.com/es/la-fauna-emblematica-de-isla-mauricio,2026-08-31
lemandalamoris.com,La pesca tradicional en Mauricio | Le Mandala Moris,pesca tradicional mauricio,https://lemandalamoris.com/es/la-pesca-tradicional-en-mauricio,2026-08-31
lemandalamoris.com,La vida nocturna en Mauricio: una aventura inolvidable,vida nocturna mauricio,https://lemandalamoris.com/es/la-vida-nocturna-en-mauricio-una-aventura-inolvidable,2026-08-31
lemandalamoris.com,Las galerías de arte de Pointe aux Canonniers,galerías arte pointe,https://lemandalamoris.com/es/las-galerias-de-arte-de-pointe-aux-canonniers,2026-08-31
lemandalamoris.com,Las maravillas celestiales de Mauricio: un viaje entre las estrellas,maravillas celestiales mauricio,https://lemandalamoris.com/es/las-maravillas-celestiales-de-mauricio-un-viaje-entre-las-estrellas,2026-08-31
lemandalamoris.com,Las maravillas de la biodiversidad: reservas marinas y parques de conservación en Mauricio,biodiversidad reservas marinas,https://lemandalamoris.com/es/las-maravillas-de-la-biodiversidad-reservas-marinas-y-parques-de-conservacion-en-mauricio,2026-08-31
lemandalamoris.com,Las mejores escuelas de buceo para principiantes en la isla Mauricio,principiantes isla mauricio,https://lemandalamoris.com/es/las-mejores-escuelas-de-buceo-para-principiantes-en-la-isla-mauricio,2026-08-31
lemandalamoris.com,Las rutas panorámicas más bonitas de Mauricio,las rutas panorámicas,https://lemandalamoris.com/es/las-rutas-panoramicas-mas-bonitas-de-mauricio,2026-08-31
lemandalamoris.com,Los esplendores de los atardeceres en Isla Mauricio,atardeceres isla mauricio,https://lemandalamoris.com/es/los-esplendores-de-los-atardeceres-en-isla-mauricio,2026-08-31
lemandalamoris.com,Los lugares más bonitos para una sesión de fotos de boda en Mauricio,fotos boda mauricio,https://lemandalamoris.com/es/los-lugares-mas-bonitos-para-una-sesion-de-fotos-de-boda-en-mauricio,2026-08-31
lemandalamoris.com,Los masajes mauricianos: un viaje sensorial,masajes mauricianos viaje,https://lemandalamoris.com/es/los-masajes-mauricianos-un-viaje-sensorial,2026-08-31
lemandalamoris.com,"Mercados de Mauricio: Port Louis, Flacq y Mahébourg",mauricio port louis,https://lemandalamoris.com/es/los-mejores-mercados-de-mauricio-port-louis-flacq-mahebourg,2026-08-31
lemandalamoris.com,Los museos interactivos en Isla Mauricio: una inmersión cultural única,museos interactivos isla,https://lemandalamoris.com/es/los-museos-interactivos-en-isla-mauricio-una-inmersion-cultural-unica,2026-08-31
lemandalamoris.com,Los secretos de un picnic inolvidable en familia en Mauricio,inolvidable familia mauricio,https://lemandalamoris.com/es/los-secretos-de-un-picnic-inolvidable-en-familia-en-mauricio,2026-08-31
lemandalamoris.com,Playas secretas de Mauricio y actividades,secretas mauricio actividades,https://lemandalamoris.com/es/los-tesoros-ocultos-de-mauricio-descubra-sus-playas-secretas,2026-08-31
lemandalamoris.com,Mauricio: los mejores lugares para escalar para amantes de las emociones fuertes,mauricio los mejores,https://lemandalamoris.com/es/mauricio-los-mejores-lugares-para-escalar-para-amantes-de-las-emociones-fuertes,2026-08-31
lemandalamoris.com,"Mauricio: trámites de entrada, documentos y condiciones de viaje",trámites entrada documentos,https://lemandalamoris.com/es/mauricio-tramites-de-entrada-documentos-y-condiciones-de-viaje,2026-08-31
lemandalamoris.com,"Mercado de Flacq: días, ambiente y qué traer - la guía",días ambiente qué,https://lemandalamoris.com/es/mercado-de-flacq-dias-ambiente-y-que-traer-la-guia,2026-08-31
lemandalamoris.com,De euro a rupia mauriciana: tipo de hoy,euro rupia mauriciana,https://lemandalamoris.com/es/moneda-de-mauricio-rupia-mauriciana-cambio-y-presupuesto,2026-08-31
lemandalamoris.com,Observar la fauna haciendo senderismo en Mauricio,fauna haciendo senderismo,https://lemandalamoris.com/es/observar-la-fauna-haciendo-senderismo-en-mauricio,2026-08-31
lemandalamoris.com,Organizar una fiesta sorpresa en Mauricio | Le Mandala Moris,fiesta sorpresa mauricio,https://lemandalamoris.com/es/organizar-una-fiesta-sorpresa-en-mauricio,2026-08-31
lemandalamoris.com,Paseos a caballo por la playa en Mauricio | Le Mandala Moris,por playa mauricio,https://lemandalamoris.com/es/paseos-a-caballo-por-la-playa-en-mauricio,2026-08-31
lemandalamoris.com,Mont Choisy: la gran playa del norte de Mauricio,gran playa del,https://lemandalamoris.com/es/playa-de-mont-choisy-la-playa-mas-larga-del-norte-de-mauricio,2026-08-31
lemandalamoris.com,"Pointe aux Canonniers: playa, calas y calidad de vida en el norte",calas calidad vida,https://lemandalamoris.com/es/pointe-aux-canonniers-playa-calas-y-calidad-de-vida-en-el-norte,2026-08-31
lemandalamoris.com,"Quatre Bornes: mercado de telas, compras y vida local",bornes mercado telas,https://lemandalamoris.com/es/quatre-bornes-mercado-de-telas-compras-y-vida-local,2026-08-31
lemandalamoris.com,Senderismo hasta la cima de Le Pouce: una aventura inolvidable en Mauricio,pouce una aventura,https://lemandalamoris.com/es/senderismo-hasta-la-cima-de-le-pouce-una-aventura-inolvidable-en-mauricio,2026-08-31
lemandalamoris.com,Snorkel en Mauricio: lugares bonitos y fáciles,snorkel mauricio lugares,https://lemandalamoris.com/es/snorkel-en-mauricio-los-lugares-mas-bonitos-y-los-mas-faciles,2026-08-31
lemandalamoris.com,Sumérjase en la maravillosa aventura de la pesca submarina en Mauricio,maravillosa aventura pesca,https://lemandalamoris.com/es/sumerjase-en-la-maravillosa-aventura-de-la-pesca-submarina-en-mauricio,2026-08-31
lemandalamoris.com,Tras las huellas del pasado: ruinas históricas de la isla Mauricio,históricas isla mauricio,https://lemandalamoris.com/es/tras-las-huellas-del-pasado-ruinas-historicas-de-la-isla-mauricio,2026-08-31
lemandalamoris.com,"Vainilla en Mauricio: visitas, fincas y compra",vainilla mauricio visitas,https://lemandalamoris.com/es/vainilla-de-la-isla-mauricio-plantaciones-para-visitar-y-donde-comprarla,2026-08-31
lemandalamoris.com,Viajar de forma ecorresponsable a Mauricio,forma ecorresponsable mauricio,https://lemandalamoris.com/es/viajar-de-forma-ecorresponsable-a-mauricio,2026-08-31
lemandalamoris.com,Visitar Mauricio en una semana: itinerario día a día,semana itinerario día,https://lemandalamoris.com/es/visitar-mauricio-en-una-semana-itinerario-dia-a-dia,2026-08-31
lemandalamoris.com,Viva la aventura con los circuitos de BTT en Mauricio,circuitos btt mauricio,https://lemandalamoris.com/es/viva-la-aventura-con-los-circuitos-de-btt-en-mauricio,2026-08-31
lemandalamoris.com,अतीत के पदचिह्नों पर: मॉरीशस के ऐतिहासिक खंडहर,अत पदच पर,https://lemandalamoris.com/hi/अतीत-के-पदचिह्नों-पर-मॉरी,2026-08-31
lemandalamoris.com,आइल ऑक्स एग्रेट्स: खोजने लायक एक स्वर्ग | Le Mandala Moris,एग जन यक,https://lemandalamoris.com/hi/आइल-ऑक्स-एग्रेट्स-खोजने-ल,2026-08-31
lemandalamoris.com,एक सप्ताह में मॉरीशस द्वीप की यात्रा: दिन-प्रतिदिन यात्रा कार्यक्रम,यक रम,https://lemandalamoris.com/hi/एक-सप्ताह-में-मॉरीशस-द्वी,2026-08-31
lemandalamoris.com,"कात्र बोर्न्स: कपड़ों का बाज़ार, शॉपिंग और स्थानीय जीवन",कपड और वन,https://lemandalamoris.com/hi/कात्र-बोर्न्स-कपड़ों-का-ब,2026-08-31
lemandalamoris.com,क्योरपाइप: मॉरीशस के ऊँचाई वाले शहर में क्या करें,शहर कर,https://lemandalamoris.com/hi/क्योरपाइप-मॉरीशस-के-ऊँचा,2026-08-31
lemandalamoris.com,ग्रां बासां (गंगा तालाब): मॉरीशस की पवित्र झील,शस पव,https://lemandalamoris.com/hi/ग्रां-बासां-गंगा-तालाब-मॉ,2026-08-31
lemandalamoris.com,मॉरीशस में समुद्र तट पर जन्मदिन,पर जन मद,https://lemandalamoris.com/hi/जन्मदिन-समुद्र-तट,2026-08-31
lemandalamoris.com,मॉरीशस के समुद्री अभयारण्य और संरक्षण पार्क,सम अभय,https://lemandalamoris.com/hi/जैव-विविधता-के-चमत्कार-मॉ,2026-08-31
lemandalamoris.com,"डोमेन दे सेंट ऑबिन: दक्षिण में रम, वनीला और क्रियोल व्यंजन",दक रम वन,https://lemandalamoris.com/hi/डोमेन-दे-सेंट-ऑबिन-दक्षिण,2026-08-31
lemandalamoris.com,तामारिन की खाड़ी: मॉरीशस में आपका अगला रोमांच,आपक अगल,https://lemandalamoris.com/hi/तामारिन-की-खाड़ी-मॉरीशस-म,2026-08-31
lemandalamoris.com,पारंपरिक मॉरीशस विवाह: हिंदू और क्रियोल रीति-रिवाज व परिधान,शस और पर,https://lemandalamoris.com/hi/पारंपरिक-मॉरीशस-विवाह-हि,2026-08-31
lemandalamoris.com,पूस पर्वत की चोटी तक पैदल यात्रा: मॉरीशस में एक अविस्मरणीय रोमांच,तक दल शस,https://lemandalamoris.com/hi/पूस-पर्वत-की-चोटी-तक-पैदल-य,2026-08-31
lemandalamoris.com,"पॉइंट ऑ कैनोनियर्स: उत्तर में समुद्र तट, छोटी खाड़ियाँ और सुकून भरी जीवनशैली",उत तर सम,https://lemandalamoris.com/hi/पॉइंट-ऑ-कैनोनियर्स-उत्तर,2026-08-31
lemandalamoris.com,"फ्लैक बाज़ार: दिन, माहौल और क्या खरीदकर लाएँ - गाइड",और खर दकर,https://lemandalamoris.com/hi/फ्लैक-बाज़ार-दिन-माहौल-और,2026-08-31
lemandalamoris.com,बोइस शेरी चाय बागान और इसकी परंपराएँ | Le Mandala Moris,और इसक पर,https://lemandalamoris.com/hi/बोइस-शेरी-चाय-बागान-और-इसक,2026-08-31
lemandalamoris.com,मॉरीशस में भोज के लिए कैटरर,शस टरर,https://lemandalamoris.com/hi/भोज-कैटरर्स-मॉरीशस,2026-08-31
lemandalamoris.com,मॉरीशस कब जाएँ? महीने-दर-महीने जलवायु और मौसम,कब मह दर,https://lemandalamoris.com/hi/मॉरीशस-कब-जाएँ-महीने-दर-मह,2026-08-31
lemandalamoris.com,मॉरीशस की वनीला: घूमने लायक प्लांटेशन और इसे कहाँ खरीदें,इस कह खर,https://lemandalamoris.com/hi/मॉरीशस-की-वनीला-घूमने-लाय,2026-08-31
lemandalamoris.com,मॉरीशस की हस्तकला: द्वीप की सांस्कृतिक विरासत में एक गहरी झलक,एक गहर झलक,https://lemandalamoris.com/hi/मॉरीशस-की-हस्तकला-द्वीप-क,2026-08-31
lemandalamoris.com,मॉरीशस के इंटरैक्टिव संग्रहालय: एक अनूठा सांस्कृतिक अनुभव,रह लय एक,https://lemandalamoris.com/hi/मॉरीशस-के-इंटरैक्टिव-संग,2026-08-31
lemandalamoris.com,मॉरीशस के छिपे खज़ाने: इसके गुप्त समुद्र तटों की खोज करें,खज इसक सम,https://lemandalamoris.com/hi/मॉरीशस-के-छिपे-खज़ाने-इसक,2026-08-31
lemandalamoris.com,मॉरीशस के छिपे हुए झरनों की खोज पर निकलें | Le Mandala Moris,झरन पर कल,https://lemandalamoris.com/hi/मॉरीशस-के-छिपे-हुए-झरनों-क,2026-08-31
lemandalamoris.com,मॉरीशस के पक्षी अभयारण्यों की भव्यता | Le Mandala Moris,शस पक अभय,https://lemandalamoris.com/hi/मॉरीशस-के-पक्षी-अभयारण्य,2026-08-31
lemandalamoris.com,"मॉरीशस के मसाले: स्वादों की राह, बाज़ार और बागान",मस और,https://lemandalamoris.com/hi/मॉरीशस-के-मसाले-स्वादों-क,2026-08-31
lemandalamoris.com,"मॉरीशस के सबसे अच्छे बाज़ार: पोर्ट लुई, फ्लाक, माहेबुर्ग",सबस अच,https://lemandalamoris.com/hi/मॉरीशस-के-सबसे-अच्छे-बाज़,2026-08-31
lemandalamoris.com,मॉरीशस के सबसे खूबसूरत पैनोरमिक मार्ग | Le Mandala Moris,शस सबस बस,https://lemandalamoris.com/hi/मॉरीशस-के-सबसे-खूबसूरत-पै,2026-08-31
lemandalamoris.com,मॉरीशस द्वीप के पहाड़ों की 4x4 में खोज | Le Mandala Moris,शस पह 4x4,https://lemandalamoris.com/hi/मॉरीशस-द्वीप-के-पहाड़ों-क,2026-08-31
lemandalamoris.com,मॉरीशस द्वीप के वनस्पति उद्यान: क्योरपाइप और अन्य हरित रत्न,पत उद रप,https://lemandalamoris.com/hi/मॉरीशस-द्वीप-के-वनस्पति-उ,2026-08-31
lemandalamoris.com,"मॉरीशस: प्रवेश औपचारिकताएँ, दस्तावेज़ और यात्रा शर्तें",शस रव औपच,https://lemandalamoris.com/hi/मॉरीशस-प्रवेश-औपचारिकता,2026-08-31
lemandalamoris.com,मॉरीशस में एक सरप्राइज़ पार्टी आयोजित करना,इज आय करन,https://lemandalamoris.com/hi/मॉरीशस-में-एक-सरप्राइज़-प,2026-08-31
lemandalamoris.com,मॉरीशस में कयाक भ्रमण: मैंग्रोव के बीच एक अविस्मरणीय रोमांच,कय रमण एक,https://lemandalamoris.com/hi/मॉरीशस-में-कयाक-भ्रमण-मैं,2026-08-31
lemandalamoris.com,मॉरीशस में काँच की तली वाली नाव की सैर: एक अविस्मरणीय जलीय यात्रा,अव मरण जल,https://lemandalamoris.com/hi/मॉरीशस-में-काँच-की-तली-वाल,2026-08-31
lemandalamoris.com,मॉरीशस में कैटामरैन पर विवाह समारोह आयोजित करना,सम आय करन,https://lemandalamoris.com/hi/मॉरीशस-में-कैटामरैन-पर-वि,2026-08-31
lemandalamoris.com,मॉरीशस में खगोलीय चमत्कार: सितारों के बीच एक यात्रा,शस खग चमत,https://lemandalamoris.com/hi/मॉरीशस-में-खगोलीय-चमत्का,2026-08-31
lemandalamoris.com,मॉरीशस में गोल्फ: शौकीनों के लिए एक स्वर्ग,शस एक,https://lemandalamoris.com/hi/मॉरीशस-में-गोल्फ-शौकीनों,2026-08-31
lemandalamoris.com,"मॉरीशस में डाइविंग: सबसे खूबसूरत स्पॉट, मौसम और सुझाव",इव सबस बस,https://lemandalamoris.com/hi/मॉरीशस-में-डाइविंग-सबसे-ख,2026-08-31
lemandalamoris.com,मॉरीशस में नाइटलाइफ़: एक अविस्मरणीय रोमांच,एक अव मरण,https://lemandalamoris.com/hi/मॉरीशस-में-नाइटलाइफ़-एक-अ,2026-08-31
lemandalamoris.com,मॉरीशस में निजी पाक अनुभव: स्वाद कलियों के लिए एक उत्सव,एक उत सव,https://lemandalamoris.com/hi/मॉरीशस-में-निजी-पाक-अनुभव,2026-08-31
lemandalamoris.com,मॉरीशस में परिवार के साथ एक अविस्मरणीय पिकनिक के रहस्य,कन रहस,https://lemandalamoris.com/hi/मॉरीशस-में-परिवार-के-साथ-ए,2026-08-31
lemandalamoris.com,मॉरीशस में पर्यटक जालों से कैसे बचें | Le Mandala Moris,पर यटक बच,https://lemandalamoris.com/hi/मॉरीशस-में-पर्यटक-जालों-स,2026-08-31
lemandalamoris.com,मॉरीशस में पारंपरिक मछली पकड़ना | Le Mandala Moris,पर मछल पकड,https://lemandalamoris.com/hi/मॉरीशस-में-पारंपरिक-मछली,2026-08-31
lemandalamoris.com,मॉरीशस में फोटो सफारी का गहन अनुभव | Le Mandala Moris,सफ गहन अन,https://lemandalamoris.com/hi/मॉरीशस-में-फोटो-सफारी-का-ग,2026-08-31
lemandalamoris.com,मॉरीशस में बाँस के जंगलों में पैदल यात्रा | Le Mandala Moris,शस गल दल,https://lemandalamoris.com/hi/मॉरीशस-में-बाँस-के-जंगलों,2026-08-31
lemandalamoris.com,मॉरीशस में बीच स्पोर्ट्स: एक सक्रिय और अनोखा सफ़र,सक और अन,https://lemandalamoris.com/hi/मॉरीशस-में-बीच-स्पोर्ट्स,2026-08-31
lemandalamoris.com,मॉरीशस में माउंटेन बाइक टूर के साथ रोमांच पर निकलें,इक पर कल,https://lemandalamoris.com/hi/मॉरीशस-में-माउंटेन-बाइक-ट,2026-08-31
lemandalamoris.com,मॉरीशस में मैकाबी वन: पदयात्रियों के लिए एक आश्रय,पदय एक आश,https://lemandalamoris.com/hi/मॉरीशस-में-मैकाबी-वन-पदया,2026-08-31
lemandalamoris.com,मॉरीशस में यॉट या सेलबोट किराये पर लेना: एक अविस्मरणीय प्रवास की ओर आपकी यात्रा,शस लब पर,https://lemandalamoris.com/hi/मॉरीशस-में-यॉट-या-सेलबोट-क,2026-08-31
lemandalamoris.com,मॉरीशस में रात की मछली पकड़ना: तारों के नीचे एक रोमांचक अनुभव,चक अन भव,https://lemandalamoris.com/hi/मॉरीशस-में-रात-की-मछली-पकड,2026-08-31
lemandalamoris.com,मॉरीशस में रोमांचक गतिविधियाँ: एड्रेनालाईन के शौकीनों के लिए एक अविस्मरणीय यात्रा,अव मरण,https://lemandalamoris.com/hi/मॉरीशस-में-रोमांचक-गतिवि,2026-08-31
lemandalamoris.com,मॉरीशस में शादी के लिए विंटेज कार किराए पर लेना,शस पर,https://lemandalamoris.com/hi/मॉरीशस-में-शादी-के-लिए-विं,2026-08-31
lemandalamoris.com,मॉरीशस में शुरुआती लोगों के लिए सर्वश्रेष्ठ डाइविंग स्कूल,सर वश इव,https://lemandalamoris.com/hi/मॉरीशस-में-शुरुआती-लोगों,2026-08-31
lemandalamoris.com,मॉरीशस में समुद्र तट पर घुड़सवारी भ्रमण | Le Mandala Moris,सम तट पर,https://lemandalamoris.com/hi/मॉरीशस-में-समुद्र-तट-पर-घु,2026-08-31
lemandalamoris.com,मॉरीशस में स्नॉर्कलिंग: सबसे खूबसूरत जगहें (और सबसे आसान भी),जगह और सबस,https://lemandalamoris.com/hi/मॉरीशस-में-स्नॉर्कलिंग-स,2026-08-31
lemandalamoris.com,मॉरीशस में स्पीयरफिशिंग के अद्भुत रोमांच में डुबकी लगाएँ,अद बक लग,https://lemandalamoris.com/hi/मॉरीशस-में-स्पीयरफिशिंग,2026-08-31
lemandalamoris.com,मॉरीशस में हाइकिंग के दौरान वन्यजीवों का अवलोकन करना,अवल कन करन,https://lemandalamoris.com/hi/मॉरीशस-में-हाइकिंग-के-दौर,2026-08-31
lemandalamoris.com,यूरो से मॉरीशस रुपया: आज की विनिमय दर,आज मय दर,https://lemandalamoris.com/hi/मॉरीशस-रुपया-विनिमय,2026-08-31
lemandalamoris.com,मॉरीशस: रोमांच के शौकीनों के लिए रॉक क्लाइम्बिंग स्पॉट,शस इम,https://lemandalamoris.com/hi/मॉरीशस-रोमांच-के-शौकीनों,2026-08-31
lemandalamoris.com,मॉरीशियन मसाज: एक इंद्रिय-यात्रा | Le Mandala Moris,यन मस एक,https://lemandalamoris.com/hi/मॉरीशियन-मसाज-एक-इंद्रिय,2026-08-31
lemandalamoris.com,Plage de Mont Choisy : la plus longue plage du nord de Maurice,plage mont choisy,https://lemandalamoris.com/hi/मोंट-चोइसी-बीच-मॉरीशस-के-उ,2026-08-31
lemandalamoris.com,"रंगों की घाटी: 23 रंगों की धरती, ज़िपलाइन और झरने",23 धरत पल,https://lemandalamoris.com/hi/रंगों-की-घाटी-23-रंगों-की-धरत,2026-08-31
lemandalamoris.com,मॉरीशस के समुद्री भोजन बाजार,सम जन,https://lemandalamoris.com/hi/समुद्री-भोजन-बाज़ार,2026-08-31
lemandalamoris.com,Catering per banchetti a Mauritius,catering per banchetti,https://lemandalamoris.com/it/catering-banchetto-mauritius,2026-08-31
lemandalamoris.com,Come evitare le trappole per turisti a Mauritius,per turisti mauritius,https://lemandalamoris.com/it/come-evitare-le-trappole-per-turisti-a-mauritius,2026-08-31
lemandalamoris.com,Compleanno sulla spiaggia a Mauritius,sulla spiaggia mauritius,https://lemandalamoris.com/it/compleanno-spiaggia-mauritius,2026-08-31
lemandalamoris.com,Curepipe: cosa fare nella città alta di Mauritius,alta di mauritius,https://lemandalamoris.com/it/curepipe-cosa-fare-nella-citta-alta-di-mauritius,2026-08-31
lemandalamoris.com,"Domaine de Saint Aubin: rum, vaniglia e tavola creola",rum vaniglia tavola,https://lemandalamoris.com/it/domaine-de-saint-aubin-rum-vaniglia-e-tavola-creola-nel-sud,2026-08-31
lemandalamoris.com,Escursione nelle foreste di bambù a Mauritius,di bambù mauritius,https://lemandalamoris.com/it/escursione-nelle-foreste-di-bambu-a-mauritius,2026-08-31
lemandalamoris.com,Escursione verso la cima del Pouce: un’avventura indimenticabile a Mauritius,avventura indimenticabile mauritius,https://lemandalamoris.com/it/escursione-verso-la-cima-del-pouce-unavventura-indimenticabile-a-mauritius,2026-08-31
lemandalamoris.com,Escursioni a cavallo sulla spiaggia a Mauritius,sulla spiaggia mauritius,https://lemandalamoris.com/it/escursioni-a-cavallo-sulla-spiaggia-a-mauritius,2026-08-31
lemandalamoris.com,Escursioni in barca con fondo di vetro a Mauritius: un viaggio acquatico indimenticabile,di vetro mauritius,https://lemandalamoris.com/it/escursioni-in-barca-con-fondo-di-vetro-a-mauritius-un-viaggio-acquatico-indimenticabile,2026-08-31
lemandalamoris.com,Escursioni in kayak a Mauritius: un'avventura indimenticabile tra le mangrovie,kayak mauritius avventura,https://lemandalamoris.com/it/escursioni-in-kayak-a-mauritius-unavventura-indimenticabile-tra-le-mangrovie,2026-08-31
lemandalamoris.com,Esperienze culinarie private a Mauritius: una celebrazione per il palato,culinarie private mauritius,https://lemandalamoris.com/it/esperienze-culinarie-private-a-mauritius-una-celebrazione-per-il-palato,2026-08-31
lemandalamoris.com,Esplorazione in 4x4 delle montagne di Mauritius,montagne di mauritius,https://lemandalamoris.com/it/esplorazione-in-4x4-delle-montagne-di-mauritius,2026-08-31
lemandalamoris.com,Giardini botanici di Mauritius: Curepipe e altre perle verdi,botanici di mauritius,https://lemandalamoris.com/it/giardini-botanici-di-mauritius-curepipe-e-altre-perle-verdi,2026-08-31
lemandalamoris.com,Grand Bassin (Ganga Talao): il lago sacro di Mauritius,sacro di mauritius,https://lemandalamoris.com/it/grand-bassin-ganga-talao-il-lago-sacro-di-mauritius,2026-08-31
lemandalamoris.com,I luoghi più belli per un servizio fotografico di matrimonio a Mauritius,fotografico di matrimonio,https://lemandalamoris.com/it/i-luoghi-piu-belli-per-un-servizio-fotografico-di-matrimonio-a-mauritius,2026-08-31
lemandalamoris.com,I Massaggi Mauriziani: Un Viaggio Sensoriale,mauriziani viaggio sensoriale,https://lemandalamoris.com/it/i-massaggi-mauriziani-un-viaggio-sensoriale,2026-08-31
lemandalamoris.com,"Mercati di Mauritius: Port Louis, Flacq, Mahébourg",mauritius port louis,https://lemandalamoris.com/it/i-migliori-mercati-di-mauritius-port-louis-flacq-mahebourg,2026-08-31
lemandalamoris.com,I musei interattivi a Mauritius: un'immersione culturale unica,mauritius immersione culturale,https://lemandalamoris.com/it/i-musei-interattivi-a-mauritius-unimmersione-culturale-unica,2026-08-31
lemandalamoris.com,I segreti di un picnic in famiglia indimenticabile a Mauritius,famiglia indimenticabile mauritius,https://lemandalamoris.com/it/i-segreti-di-un-picnic-in-famiglia-indimenticabile-a-mauritius,2026-08-31
lemandalamoris.com,Spiagge segrete di Mauritius: La Prairie e Le Morne,segrete di mauritius,https://lemandalamoris.com/it/i-tesori-nascosti-di-mauritius-scoprite-le-sue-spiagge-segrete,2026-08-31
lemandalamoris.com,Il Giardino del Tè Bois Chéri e le sue Tradizioni,chéri sue tradizioni,https://lemandalamoris.com/it/il-giardino-del-te-bois-cheri-e-le-sue-tradizioni,2026-08-31
lemandalamoris.com,Il golf a Mauritius: un paradiso per gli appassionati,il golf mauritius,https://lemandalamoris.com/it/il-golf-a-mauritius-un-paradiso-per-gli-appassionati,2026-08-31
lemandalamoris.com,Île aux Aigrettes: un paradiso da scoprire,île aigrettes paradiso,https://lemandalamoris.com/it/ile-aux-aigrettes-un-paradiso-da-scoprire,2026-08-31
lemandalamoris.com,Immergetevi nella meravigliosa avventura della pesca subacquea a Mauritius,pesca subacquea mauritius,https://lemandalamoris.com/it/immergetevi-nella-meravigliosa-avventura-della-pesca-subacquea-a-mauritius,2026-08-31
lemandalamoris.com,Immersione nel safari fotografico a Mauritius,safari fotografico mauritius,https://lemandalamoris.com/it/immersione-nel-safari-fotografico-a-mauritius,2026-08-31
lemandalamoris.com,"Immersioni a Mauritius: i siti più belli, stagioni e consigli",immersioni mauritius siti,https://lemandalamoris.com/it/immersioni-a-mauritius-i-siti-piu-belli-stagioni-e-consigli,2026-08-31
lemandalamoris.com,La Baia di Tamarin: la vostra prossima avventura a Mauritius,prossima avventura mauritius,https://lemandalamoris.com/it/la-baia-di-tamarin-la-vostra-prossima-avventura-a-mauritius,2026-08-31
lemandalamoris.com,La pesca tradizionale a Mauritius | Le Mandala Moris,pesca tradizionale mauritius,https://lemandalamoris.com/it/la-pesca-tradizionale-a-mauritius,2026-08-31
lemandalamoris.com,"Vallée des Couleurs: terre, zipline e cascate",vallée couleurs terre,https://lemandalamoris.com/it/la-vallee-des-couleurs-terre-di-23-colori-zipline-e-cascate,2026-08-31
lemandalamoris.com,La vita notturna a Mauritius: un’avventura indimenticabile,vita notturna mauritius,https://lemandalamoris.com/it/la-vita-notturna-a-mauritius-unavventura-indimenticabile,2026-08-31
lemandalamoris.com,Le attività emozionanti a Mauritius: un viaggio indimenticabile per gli amanti dell’adrenalina,attività emozionanti mauritius,https://lemandalamoris.com/it/le-attivita-emozionanti-a-mauritius-un-viaggio-indimenticabile-per-gli-amanti-delladrenalina,2026-08-31
lemandalamoris.com,Le gallerie d'arte di Pointe aux Canonniers,gallerie arte di,https://lemandalamoris.com/it/le-gallerie-darte-di-pointe-aux-canonniers,2026-08-31
lemandalamoris.com,Le meraviglie celesti a Mauritius: un viaggio tra le stelle,meraviglie celesti mauritius,https://lemandalamoris.com/it/le-meraviglie-celesti-a-mauritius-un-viaggio-tra-le-stelle,2026-08-31
lemandalamoris.com,Le meraviglie della biodiversità: riserve marine e parchi di conservazione a Mauritius,conservazione mauritius,https://lemandalamoris.com/it/le-meraviglie-della-biodiversita-riserve-marine-e-parchi-di-conservazione-a-mauritius,2026-08-31
lemandalamoris.com,Le migliori scuole di immersione per principianti a Mauritius,per principianti mauritius,https://lemandalamoris.com/it/le-migliori-scuole-di-immersione-per-principianti-a-mauritius,2026-08-31
lemandalamoris.com,Le strade panoramiche più belle dell’isola di Mauritius,isola di mauritius,https://lemandalamoris.com/it/le-strade-panoramiche-piu-belle-dellisola-di-mauritius,2026-08-31
lemandalamoris.com,Lo splendore delle riserve ornitologiche di Mauritius,ornitologiche di mauritius,https://lemandalamoris.com/it/lo-splendore-delle-riserve-ornitologiche-di-mauritius,2026-08-31
lemandalamoris.com,"Matrimonio mauriziano: riti indù, creoli e abiti",matrimonio mauriziano riti,https://lemandalamoris.com/it/matrimonio-tradizionale-mauriziano-riti-indu-creoli-e-abiti,2026-08-31
lemandalamoris.com,"Mauritius: formalità d’ingresso, documenti e condizioni di viaggio",mauritius formalità ingresso,https://lemandalamoris.com/it/mauritius-formalita-dingresso-documenti-e-condizioni-di-viaggio,2026-08-31
lemandalamoris.com,Mauritius: i luoghi di arrampicata per gli amanti delle emozioni forti,mauritius luoghi di,https://lemandalamoris.com/it/mauritius-i-luoghi-di-arrampicata-per-gli-amanti-delle-emozioni-forti,2026-08-31
lemandalamoris.com,Noleggio di auto d’epoca per matrimoni a Mauritius,per matrimoni mauritius,https://lemandalamoris.com/it/noleggio-di-auto-depoca-per-matrimoni-a-mauritius,2026-08-31
lemandalamoris.com,Noleggio di yacht o barca a vela a Mauritius: il vostro itinerario verso un soggiorno indimenticabile,barca vela mauritius,https://lemandalamoris.com/it/noleggio-di-yacht-o-barca-a-vela-a-mauritius-il-vostro-itinerario-verso-un-soggiorno-indimenticabile,2026-08-31
lemandalamoris.com,Organizzare una cerimonia di matrimonio su un catamarano a Mauritius,cerimonia di matrimonio,https://lemandalamoris.com/it/organizzare-una-cerimonia-di-matrimonio-su-un-catamarano-a-mauritius,2026-08-31
lemandalamoris.com,Organizzare una festa a sorpresa a Mauritius,festa sorpresa mauritius,https://lemandalamoris.com/it/organizzare-una-festa-a-sorpresa-a-mauritius,2026-08-31
lemandalamoris.com,Osservare la fauna durante un'escursione a Mauritius,durante escursione mauritius,https://lemandalamoris.com/it/osservare-la-fauna-durante-unescursione-a-mauritius,2026-08-31
lemandalamoris.com,Partite alla scoperta delle cascate nascoste di Mauritius,nascoste di mauritius,https://lemandalamoris.com/it/partite-alla-scoperta-delle-cascate-nascoste-di-mauritius,2026-08-31
lemandalamoris.com,Partite all'avventura con i percorsi in mountain bike a Mauritius,mountain bike mauritius,https://lemandalamoris.com/it/partite-allavventura-con-i-percorsi-in-mountain-bike-a-mauritius,2026-08-31
lemandalamoris.com,Pesca notturna a Mauritius: un’avventura sotto le stelle,pesca notturna mauritius,https://lemandalamoris.com/it/pesca-notturna-a-mauritius-unavventura-sotto-le-stelle,2026-08-31
lemandalamoris.com,Pointe aux Canonniers: spiaggia e calette,pointe canonniers spiaggia,https://lemandalamoris.com/it/pointe-aux-canonniers-spiaggia-calette-e-dolcezza-di-vivere-al-nord,2026-08-31
lemandalamoris.com,Quando andare alle Mauritius? Clima e meteo mese per mese,alle mauritius clima,https://lemandalamoris.com/it/quando-andare-alle-mauritius-clima-e-meteo-mese-per-mese,2026-08-31
lemandalamoris.com,"Quatre Bornes: mercato dei tessuti, shopping e vita locale",mercato dei tessuti,https://lemandalamoris.com/it/quatre-bornes-mercato-dei-tessuti-shopping-e-vita-locale,2026-08-31
lemandalamoris.com,Snorkeling a Mauritius: gli spot più belli (e i più facili),snorkeling mauritius gli,https://lemandalamoris.com/it/snorkeling-a-mauritius-gli-spot-piu-belli-e-i-piu-facili,2026-08-31
lemandalamoris.com,"Spezie di Mauritius: sapori, mercati e piantagioni",di mauritius sapori,https://lemandalamoris.com/it/spezie-di-mauritius-la-via-dei-sapori-mercati-e-piantagioni,2026-08-31
lemandalamoris.com,Mont Choisy: la grande spiaggia del nord di Mauritius,nord di mauritius,https://lemandalamoris.com/it/spiaggia-di-mont-choisy-la-spiaggia-piu-lunga-del-nord-di-mauritius,2026-08-31
lemandalamoris.com,Sport da spiaggia a Mauritius: un viaggio attivo ed esotico,spiaggia mauritius viaggio,https://lemandalamoris.com/it/sport-da-spiaggia-a-mauritius-un-viaggio-attivo-ed-esotico,2026-08-31
lemandalamoris.com,Da euro a rupia mauriziana: tasso di oggi,euro rupia mauriziana,https://lemandalamoris.com/it/valuta-di-mauritius-rupia-mauriziana-cambio-e-budget,2026-08-31
lemandalamoris.com,Vaniglia a Mauritius: piantagioni e acquisto,vaniglia mauritius piantagioni,https://lemandalamoris.com/it/vaniglia-dellisola-mauritius-piantagioni-da-visitare-e-dove-acquistarla,2026-08-31
lemandalamoris.com,Visitare l'isola Mauritius in una settimana: l'itinerario giorno per giorno,visitare isola mauritius,https://lemandalamoris.com/it/visitare-lisola-mauritius-in-una-settimana-litinerario-giorno-per-giorno,2026-08-31
lemandalamoris.com,"Mariage à l'île Maurice, hôtel intimiste à Grand Baie",île maurice hôtel,https://lemandalamoris.com/se-marier-a-lile-maurice-hotel-intimiste,2026-08-31
loco-immo.fr,Les quartiers à éviter à Saint-Herblain,quartiers éviter saint,https://loco-immo.fr/les-quartiers-a-eviter-a-saint-herblain,2026-08-31
ma-maison-pratique.fr,Aménagez un jardin épanouissant avec ces conseils pratiques - ma-maison-pratique.fr,aménagez jardin épanouissant,https://ma-maison-pratique.fr/amenagement-jardin-pratique,2026-08-31
ma-maison-pratique.fr,,,https://ma-maison-pratique.fr/amenagement-jardin-pratique-et-chaleureux,2026-08-31
ma-maison-pratique.fr,,,https://ma-maison-pratique.fr/fontaine-solaire-diy-jardin,2026-08-31
ma-maison-pratique.fr,,,https://ma-maison-pratique.fr/fontaines-de-jardin-diy-petit-budget,2026-08-31
ma-maison-pratique.fr,Idées de fontaines de jardin inspirées de l'Espagne - ma-maison-pratique.fr,fontaines jardin inspirées,https://ma-maison-pratique.fr/idees-fontaines-jardin-espagnol,2026-08-31
ma-maison-pratique.fr,,,https://ma-maison-pratique.fr/jardinage-art-cultiver-temps,2026-08-31
maison-deco-design.fr,,,https://maison-deco-design.fr/cuisines-blanches-bois-illuminer-interieur,2026-08-31
maison-deco-design.fr,,,https://maison-deco-design.fr/deco-nordique-style-minimaliste,2026-08-31
maison-deco-design.fr,Comment déterminer votre style de décoration intérieure - Maison-deco-design.fr,style décoration intérieure,https://maison-deco-design.fr/determiner-style-decoration,2026-08-31
maison-deco-design.fr,,,https://maison-deco-design.fr/guide-deco-boheme,2026-08-31
maison-deco-design.fr,40 idées de salons en noir et neutre à découvrir - Maison-deco-design.fr,salons noir neutre,https://maison-deco-design.fr/salons-noir-beige-inspirations,2026-08-31
maison-deco-design.fr,29 styles d'appartements cozy alliant chaleur et minimalisme - Maison-deco-design.fr,alliant chaleur minimalisme,https://maison-deco-design.fr/styles-appartements-cozy-minimalistes,2026-08-31
maison-entretien.com,Tarifs artisan pour pose de carrelage au m²,artisan pose carrelage,https://maison-entretien.com/prix-pose-carrelage-sol,2026-08-31
maisondulcia.fr,Comment teinter une moquette : guide complet,teinter moquette,https://maisondulcia.fr/comment-teinter-une-moquette-guide-complet,2026-08-31
maisondulcia.fr,Tailler un cyprès trop haut : techniques et conseils,tailler cyprès trop,https://maisondulcia.fr/tailler-un-cypres-trop-haut-techniques-et-conseils,2026-08-31
maisonfjord.fr,Amélanchier : le fruit est-il vraiment toxique ?,amélanchier,https://maisonfjord.fr/amelanchier-le-fruit-est-il-vraiment-toxique,2026-08-31
maisonfjord.fr,Déplacer un mobil home soi-même : faisabilité et alternatives,mobil home soi,https://maisonfjord.fr/deplacer-un-mobil-home-soi-meme-faisabilite-et-alternatives,2026-08-31
maisonfloralis.fr,Comment déboucher des toilettes sans ventouse ?,déboucher toilettes sans,https://maisonfloralis.fr/comment-deboucher-des-toilettes-sans-ventouse,2026-08-31
maisonfloralis.fr,Pose caniveau sans pente : conseils et astuces,pose caniveau sans,https://maisonfloralis.fr/pose-caniveau-sans-pente-conseils-et-astuces,2026-08-31
maisonluminea.fr,Béton ciré ou résine : comment choisir votre revêtement ?,béton ciré résine,https://maisonluminea.fr/beton-cire-ou-resine-comment-choisir-votre-revetement,2026-08-31
maisons-deco-jardin.com,Tracteur tondeuse : comment choisir selon la surface et le terrain ?,tracteur tondeuse,https://maisons-deco-jardin.com/tracteur-tondeuse-choisir-surface-terrain,2026-08-31
maizhome.fr,"Fond de forme terrassement : matériaux, coût et techniques",fond forme terrassement,https://maizhome.fr/fond-de-forme-terrassement-materiaux-cout-et-techniques,2026-08-31
maizhome.fr,Hibiscus corpus : confusion ou droit fondamental ?,hibiscus corpus,https://maizhome.fr/hibiscus-corpus-confusion-ou-droit-fondamental,2026-08-31
maizhome.fr,Quels sont les avantages d'un lit mezzanine pour une chambre d'ado ?,mezzanine chambre ado,https://maizhome.fr/quels-sont-les-avantages-dun-lit-mezzanine-pour-une-chambre-dado,2026-08-31
menuisiersdunord.fr,"Larve d'Anthrène : Identifier, Dangers et Traitements Efficaces 🐛",larve anthrène,https://menuisiersdunord.fr/larve-danthrene,2026-08-31
micado-france.fr,Association De Légumes Au Potager : Tableau PDF à Imprimer,association légumes potager,https://micado-france.fr/association-legumes-potager-pdf,2026-08-31
miui-france.org,Rentrée scolaire : méfiez-vous de l'arnaque qui prétend dévoiler la classe de votre enfant | Miui-france.org,rentrée scolaire,https://www.miui-france.org/arche-rentree-scolaire,2026-08-31
miui-france.org,Comment réussir Ondulation du temps dans Pokémon GO | Miui-france.org,ondulation temps pokémon,https://www.miui-france.org/comment-reussir-ondulation-du-temps-pokemon-go,2026-08-31
miui-france.org,Lanterns épisode 3 : une critique qui évoque les sommets de Watchmen | Miui-france.org,lanterns épisode,https://www.miui-france.org/lanterns-episode-3-une-critique-qui-evoque-les-sommets-de-watchmen,2026-08-31
miui-france.org,Spider-Man : Les 3 principales divergences entre Far From Home et les bandes dessinées emblématiques | Miui-france.org,spider man,https://www.miui-france.org/spider-man-les-3-principales-divergences-entre-far-from-home-et-les-bandes-dessinees-emblematiques,2026-08-31
miui-france.org,Sudoku diabolique gratuit : quel prix faut-il prévoir ? | Miui-france.org,sudoku diabolique gratuit,https://www.miui-france.org/sudoku-diabolique-gratuit-prix,2026-08-31
miui-france.org,arnaque rentrée Archives | Miui-france.org,arnaque rentrée archives,https://www.miui-france.org/tag/arnaque-rentree,2026-08-31
miui-france.org,classe enfant Archives | Miui-france.org,classe enfant archives,https://www.miui-france.org/tag/classe-enfant,2026-08-31
miui-france.org,rentrée scolaire Archives | Miui-france.org,rentrée scolaire archives,https://www.miui-france.org/tag/rentree-scolaire,2026-08-31
miui-france.org,sécurité enfants Archives | Miui-france.org,sécurité enfants archives,https://www.miui-france.org/tag/securite-enfants,2026-08-31
monhabitoo.fr,Pourpier toxique : identifier l'intrus en photo,pourpier toxique,https://monhabitoo.fr/pourpier-toxique-identifier-lintrus-en-photo,2026-08-31
monhabitoo.fr,Schéma branchement bouton poussoir sans télérupteur,poussoir sans télérupteur,https://monhabitoo.fr/schema-branchement-bouton-poussoir-sans-telerupteur,2026-08-31
monimmeuble.com,​8 Français sur 10 lient sécurité du domicile et sérénité quotidienne,français 10 lient,https://monimmeuble.com/actualite/8-francais-sur-10-lient-securite-du-domicile-et-serenite-quotidienne,2026-08-31
monimmeuble.com,Assurance local professionnel : 7 points à vérifier,assurance local professionnel,https://monimmeuble.com/actualite/assurance-du-local-professionnel-7-changements-qui-doivent-vous-pousser-a-revoir-votre-contrat,2026-08-31
monimmeuble.com,"​Panne d'ascenseur dans un immeuble : droits, délais et obligations légales",panne ascenseur immeuble,https://monimmeuble.com/actualite/panne-dascenseur-dans-un-immeuble-droits-delais-et-obligations-legales,2026-08-31
renovalp.fr,"Réparer sa tondeuse à gazon, du diagnostic à la remise en route",tondeuse gazon diagnostic,https://renovalp.fr/reparer-sa-tondeuse-a-gazon-du-diagnostic-a-la-remise-en-route,2026-08-31
renovation-astuces.fr,Aménagez votre jardin dans une cour avec succès - Renovation astuces,aménagez votre jardin,https://renovation-astuces.fr/amenager-jardin-cour,2026-08-31
renovation-astuces.fr,Aménager un petit jardin plein de charme avec ces 12 idées - Renovation astuces,aménager petit jardin,https://renovation-astuces.fr/amenager-petit-jardin-charme,2026-08-31
renovation-astuces.fr,"Ce charmant appartement avec terrasse à Barcelone, un havre de paix - Renovation astuces",terrasse barcelone havre,https://renovation-astuces.fr/appartement-barcelone-terrasse-havre-paysage,2026-08-31
renovation-astuces.fr,Créez un bar avec un effet vert-de-gris élégant - Renovation astuces,bar effet vert,https://renovation-astuces.fr/bar-effet-vert-de-gris,2026-08-31
renovation-astuces.fr,Transformez votre cuisine avec le granito - Renovation astuces,transformez votre cuisine,https://renovation-astuces.fr/cuisine-granito-avantages,2026-08-31
renovation-astuces.fr,Transformez votre petite terrasse avec ces idées déco faciles - Renovation astuces,transformez votre petite,https://renovation-astuces.fr/transformer-petite-terrasse-idees-deco,2026-08-31
renovation-conseils.fr,Créez le patio parfait pour vos moments de détente - Renovation-conseils.fr,patio parfait vos,https://renovation-conseils.fr/creer-patio-parfait,2026-08-31
renovation-conseils.fr,Idées déco estivales pour votre jardin et vos soirées - Renovation-conseils.fr,estivales votre jardin,https://renovation-conseils.fr/deco-estivale-jardin-soirees,2026-08-31
renovation-conseils.fr,Construisez la maison de jeu parfaite pour l'été - Renovation-conseils.fr,maison jeu parfaite,https://renovation-conseils.fr/maison-de-jeu-ete,2026-08-31
renovation-conseils.fr,Petit jardin : 15 idées astucieuses pour en profiter pleinement - Renovation-conseils.fr,petit jardin,https://renovation-conseils.fr/petit-jardin-idees-valorisation,2026-08-31
renovation-conseils.fr,Idées de vérandas et auvents charmants pour votre jardin - Renovation-conseils.fr,charmants votre jardin,https://renovation-conseils.fr/verandas-auvents-jardin,2026-08-31
renovation-conseils.fr,Aménagez une villa de jeux élégante dans le jardin - Renovation-conseils.fr,aménagez villa jeux,https://renovation-conseils.fr/villa-de-jeux-jardin,2026-08-31
renovbox.com,Colonne de douche : comment bien la choisir ?,colonne douche,https://renovbox.com/colonne-de-douche-comment-bien-la-choisir,2026-08-31
souslouer.com,petites annonces - Offres de sous-location - Results from #1920,petites annonces,https://www.souslouer.com/deposer-une-annonce/1-offres-de-sous-location?start=1920,2026-08-31
souslouer.com,petites annonces - Offres de sous-location - Results from #1940,petites annonces,https://www.souslouer.com/deposer-une-annonce/1-offres-de-sous-location?start=1940,2026-08-31
souslouer.com,petites annonces - Offres de sous-location - Results from #1960,petites annonces,https://www.souslouer.com/deposer-une-annonce/1-offres-de-sous-location?start=1960,2026-08-31
souslouer.com,petites annonces - Offres de sous-location - Results from #1980,petites annonces,https://www.souslouer.com/deposer-une-annonce/1-offres-de-sous-location?start=1980,2026-08-31
souslouer.com,petites annonces - Offres de sous-location - Results from #2000,petites annonces,https://www.souslouer.com/deposer-une-annonce/1-offres-de-sous-location?start=2000,2026-08-31
souslouer.com,petites annonces - Offres de sous-location - Results from #2020,petites annonces,https://www.souslouer.com/deposer-une-annonce/1-offres-de-sous-location?start=2020,2026-08-31
souslouer.com,petites annonces - Offres de sous-location - Results from #2040,petites annonces,https://www.souslouer.com/deposer-une-annonce/1-offres-de-sous-location?start=2040,2026-08-31
souslouer.com,petites annonces - Offres de sous-location - Results from #2060,petites annonces,https://www.souslouer.com/deposer-une-annonce/1-offres-de-sous-location?start=2060,2026-08-31
souslouer.com,petites annonces - Offres de sous-location - Results from #2080,petites annonces,https://www.souslouer.com/deposer-une-annonce/1-offres-de-sous-location?start=2080,2026-08-31
souslouer.com,petites annonces - Offres de sous-location - Results from #2100,petites annonces,https://www.souslouer.com/deposer-une-annonce/1-offres-de-sous-location?start=2100,2026-08-31
souslouer.com,petites annonces - Offres de sous-location - Results from #2120,petites annonces,https://www.souslouer.com/deposer-une-annonce/1-offres-de-sous-location?start=2120,2026-08-31
souslouer.com,petites annonces - Offres de sous-location - Results from #2140,petites annonces,https://www.souslouer.com/deposer-une-annonce/1-offres-de-sous-location?start=2140,2026-08-31
souslouer.com,petites annonces - Offres de sous-location - Results from #2160,petites annonces,https://www.souslouer.com/deposer-une-annonce/1-offres-de-sous-location?start=2160,2026-08-31
souslouer.com,petites annonces - Offres de sous-location - Results from #2180,petites annonces,https://www.souslouer.com/deposer-une-annonce/1-offres-de-sous-location?start=2180,2026-08-31
souslouer.com,petites annonces - Offres de sous-location - Results from #2200,petites annonces,https://www.souslouer.com/deposer-une-annonce/1-offres-de-sous-location?start=2200,2026-08-31
souslouer.com,petites annonces - Offres de sous-location - Results from #2220,petites annonces,https://www.souslouer.com/deposer-une-annonce/1-offres-de-sous-location?start=2220,2026-08-31
souslouer.com,Déposer une annonce - Results from #2240,déposer annonce,https://www.souslouer.com/deposer-une-annonce/1-offres-de-sous-location?start=2240,2026-08-31
souslouer.com,petites annonces - Offres de sous-location - Results from #2260,petites annonces,https://www.souslouer.com/deposer-une-annonce/1-offres-de-sous-location?start=2260,2026-08-31
souslouer.com,petites annonces - Offres de sous-location - Results from #2280,petites annonces,https://www.souslouer.com/deposer-une-annonce/1-offres-de-sous-location?start=2280,2026-08-31
souslouer.com,petites annonces - Offres de sous-location - Results from #2300,petites annonces,https://www.souslouer.com/deposer-une-annonce/1-offres-de-sous-location?start=2300,2026-08-31
souslouer.com,petites annonces - Offres de sous-location - Results from #2320,petites annonces,https://www.souslouer.com/deposer-une-annonce/1-offres-de-sous-location?start=2320,2026-08-31
souslouer.com,petites annonces - Offres de sous-location - Results from #5100,petites annonces,https://www.souslouer.com/deposer-une-annonce/1-offres-de-sous-location?start=5100,2026-08-31
souslouer.com,petites annonces - Offres de sous-location - Results from #5120,petites annonces,https://www.souslouer.com/deposer-une-annonce/1-offres-de-sous-location?start=5120,2026-08-31
souslouer.com,petites annonces - Offres de sous-location - Results from #5140,petites annonces,https://www.souslouer.com/deposer-une-annonce/1-offres-de-sous-location?start=5140,2026-08-31
souslouer.com,petites annonces - Offres de sous-location - Results from #5160,petites annonces,https://www.souslouer.com/deposer-une-annonce/1-offres-de-sous-location?start=5160,2026-08-31
souslouer.com,petites annonces - Offres de sous-location - Results from #5180,petites annonces,https://www.souslouer.com/deposer-une-annonce/1-offres-de-sous-location?start=5180,2026-08-31
souslouer.com,petites annonces - Offres de sous-location - Results from #5200,petites annonces,https://www.souslouer.com/deposer-une-annonce/1-offres-de-sous-location?start=5200,2026-08-31
souslouer.com,petites annonces - Offres de sous-location - Results from #5220,petites annonces,https://www.souslouer.com/deposer-une-annonce/1-offres-de-sous-location?start=5220,2026-08-31
souslouer.com,petites annonces - Offres de sous-location - Results from #5240,petites annonces,https://www.souslouer.com/deposer-une-annonce/1-offres-de-sous-location?start=5240,2026-08-31
souslouer.com,petites annonces - Offres de sous-location - Results from #5260,petites annonces,https://www.souslouer.com/deposer-une-annonce/1-offres-de-sous-location?start=5260,2026-08-31
souslouer.com,petites annonces - Offres de sous-location - Results from #5280,petites annonces,https://www.souslouer.com/deposer-une-annonce/1-offres-de-sous-location?start=5280,2026-08-31
souslouer.com,petites annonces - Offres de sous-location - Results from #5300,petites annonces,https://www.souslouer.com/deposer-une-annonce/1-offres-de-sous-location?start=5300,2026-08-31
souslouer.com,petites annonces - Offres de sous-location - Results from #5320,petites annonces,https://www.souslouer.com/deposer-une-annonce/1-offres-de-sous-location?start=5320,2026-08-31
souslouer.com,petites annonces - Offres de sous-location - Results from #5340,petites annonces,https://www.souslouer.com/deposer-une-annonce/1-offres-de-sous-location?start=5340,2026-08-31
souslouer.com,petites annonces - Offres de sous-location - Results from #5360,petites annonces,https://www.souslouer.com/deposer-une-annonce/1-offres-de-sous-location?start=5360,2026-08-31
souslouer.com,petites annonces - Offres de sous-location - Results from #5380,petites annonces,https://www.souslouer.com/deposer-une-annonce/1-offres-de-sous-location?start=5380,2026-08-31
souslouer.com,petites annonces - Offres de sous-location - Results from #5400,petites annonces,https://www.souslouer.com/deposer-une-annonce/1-offres-de-sous-location?start=5400,2026-08-31
souslouer.com,petites annonces - Offres de sous-location - Results from #5420,petites annonces,https://www.souslouer.com/deposer-une-annonce/1-offres-de-sous-location?start=5420,2026-08-31
souslouer.com,petites annonces - Offres de sous-location - Results from #5440,petites annonces,https://www.souslouer.com/deposer-une-annonce/1-offres-de-sous-location?start=5440,2026-08-31
souslouer.com,petites annonces - Demandes de sous-location - Results from #1940,petites annonces,https://www.souslouer.com/deposer-une-annonce/2-demandes-de-sous-location?start=1940,2026-08-31
souslouer.com,petites annonces - Demandes de sous-location - Results from #1960,petites annonces,https://www.souslouer.com/deposer-une-annonce/2-demandes-de-sous-location?start=1960,2026-08-31
souslouer.com,petites annonces - Demandes de sous-location - Results from #1980,petites annonces,https://www.souslouer.com/deposer-une-annonce/2-demandes-de-sous-location?start=1980,2026-08-31
souslouer.com,petites annonces - Demandes de sous-location - Results from #2000,petites annonces,https://www.souslouer.com/deposer-une-annonce/2-demandes-de-sous-location?start=2000,2026-08-31
souslouer.com,petites annonces - Demandes de sous-location - Results from #2020,petites annonces,https://www.souslouer.com/deposer-une-annonce/2-demandes-de-sous-location?start=2020,2026-08-31
souslouer.com,petites annonces - Demandes de sous-location - Results from #2040,petites annonces,https://www.souslouer.com/deposer-une-annonce/2-demandes-de-sous-location?start=2040,2026-08-31
souslouer.com,petites annonces - Demandes de sous-location - Results from #2060,petites annonces,https://www.souslouer.com/deposer-une-annonce/2-demandes-de-sous-location?start=2060,2026-08-31
souslouer.com,petites annonces - Demandes de sous-location - Results from #2080,petites annonces,https://www.souslouer.com/deposer-une-annonce/2-demandes-de-sous-location?start=2080,2026-08-31
souslouer.com,petites annonces - Demandes de sous-location - Results from #2100,petites annonces,https://www.souslouer.com/deposer-une-annonce/2-demandes-de-sous-location?start=2100,2026-08-31
souslouer.com,petites annonces - Demandes de sous-location - Results from #2120,petites annonces,https://www.souslouer.com/deposer-une-annonce/2-demandes-de-sous-location?start=2120,2026-08-31
souslouer.com,petites annonces - Demandes de sous-location - Results from #2140,petites annonces,https://www.souslouer.com/deposer-une-annonce/2-demandes-de-sous-location?start=2140,2026-08-31
souslouer.com,petites annonces - Toutes les annonces - 1 chambre - 55 m² au Avenue Pasteur,petites annonces,https://www.souslouer.com/deposer-une-annonce/REGION/DEPARTEMENT/VILLE/1-chambre-55-m-au-Avenue-Pasteur-11043,2026-08-31
souslouer.com,petites annonces - Toutes les annonces - 21 déc-3janvier.sous-Colocation dans le 12e,petites annonces,https://www.souslouer.com/deposer-une-annonce/REGION/DEPARTEMENT/VILLE/13-21-mars-sous-Colocation-12e-18368,2026-08-31
souslouer.com,petites annonces - Toutes les annonces - 130 m2 de surface de vente,petites annonces,https://www.souslouer.com/deposer-une-annonce/REGION/DEPARTEMENT/VILLE/130-m2-de-surface-de-vente-18560,2026-08-31
souslouer.com,petites annonces - Toutes les annonces - 1er novembre au 15 janvier,petites annonces,https://www.souslouer.com/deposer-une-annonce/REGION/DEPARTEMENT/VILLE/1er-novembre-au-15-janvier-9709,2026-08-31
souslouer.com,"petites annonces - Toutes les annonces - 2 PIECES PARIS 02, pour une semaine",petites annonces,https://www.souslouer.com/deposer-une-annonce/REGION/DEPARTEMENT/VILLE/2-PIECES-PARIS-02-pour-une-semaine-18143,2026-08-31
souslouer.com,petites annonces - Toutes les annonces - 2 PIECES a PARIS 20. 2semaines de Noel. 800e,petites annonces,https://www.souslouer.com/deposer-une-annonce/REGION/DEPARTEMENT/VILLE/2-PIECES-a-PARIS-20-2semaines-de-Noel-800e-10777,2026-08-31
souslouer.com,petites annonces - Toutes les annonces - 2 Pièces Paris 20ème,petites annonces,https://www.souslouer.com/deposer-une-annonce/REGION/DEPARTEMENT/VILLE/2-Pieces-Paris-20eme-11014,2026-08-31
souslouer.com,"petites annonces - Toutes les annonces - 2 Pieces Paris 3éme, le Haut Marais",petites annonces,https://www.souslouer.com/deposer-une-annonce/REGION/DEPARTEMENT/VILLE/2-Pieces-Paris-3eme-le-Haut-Marais-10894,2026-08-31
souslouer.com,"petites annonces - Toutes les annonces - 2 chambres - 90 m² Rue Goudard, Marseille",petites annonces,https://www.souslouer.com/deposer-une-annonce/REGION/DEPARTEMENT/VILLE/2-chambres-90-m-Rue-Goudard-Marseille-10018,2026-08-31
souslouer.com,petites annonces - Toutes les annonces - 2 étudiantes cherchent sous location à Paris ou 92 pour un stage !!,petites annonces,https://www.souslouer.com/deposer-une-annonce/REGION/DEPARTEMENT/VILLE/2-etudiantes-cherchent-sous-location-a-Paris-ou-92-pour-un-stage-11889,2026-08-31
souslouer.com,petites annonces - Toutes les annonces - 2 étudiantes cherchent une sous location à Paris pour la période d'un stage,petites annonces,https://www.souslouer.com/deposer-une-annonce/REGION/DEPARTEMENT/VILLE/2-etudiantes-cherchent-une-sous-location-a-Paris-pour-la-periode-d-un-stage-11888,2026-08-31
souslouer.com,petites annonces - Toutes les annonces - 2 pièces 40 m2 Paris 11,petites annonces,https://www.souslouer.com/deposer-une-annonce/REGION/DEPARTEMENT/VILLE/2-pieces-40-m2-Paris-11-18135,2026-08-31
souslouer.com,petites annonces - Toutes les annonces - 2 pièces Genève,petites annonces,https://www.souslouer.com/deposer-une-annonce/REGION/DEPARTEMENT/VILLE/2-pieces-Geneve-10659,2026-08-31
souslouer.com,petites annonces - Toutes les annonces - 2 pièces Mouffetard Noël,petites annonces,https://www.souslouer.com/deposer-une-annonce/REGION/DEPARTEMENT/VILLE/2-pieces-Mouffetard-Nocl-10288,2026-08-31
souslouer.com,petites annonces - Toutes les annonces - 2 pièces PARIS 10 ème du 01 Juillet au 31 Août,petites annonces,https://www.souslouer.com/deposer-une-annonce/REGION/DEPARTEMENT/VILLE/2-pieces-PARIS-10-eme-du-01-Juillet-au-31-Aout-18952,2026-08-31
souslouer.com,petites annonces - Toutes les annonces - 2 pièces PARIS 1Oème du 01 juillet au 31 août,petites annonces,https://www.souslouer.com/deposer-une-annonce/REGION/DEPARTEMENT/VILLE/2-pieces-PARIS-1Oeme-du-01-juillet-au-31-aout-18950,2026-08-31
souslouer.com,petites annonces - Toutes les annonces - 2 pièces PARIS Métro LAUMIERE 75019,petites annonces,https://www.souslouer.com/deposer-une-annonce/REGION/DEPARTEMENT/VILLE/2-pieces-PARIS-Metro-LAUMIERE-75019-19151,2026-08-31
souslouer.com,petites annonces - Toutes les annonces - 2 pièces Paris 10ème arrt du 01 juillet au 31 août,petites annonces,https://www.souslouer.com/deposer-une-annonce/REGION/DEPARTEMENT/VILLE/2-pieces-Paris-10eme-arrt-du-01-juillet-au-31-aout-18953,2026-08-31
souslouer.com,petites annonces - Toutes les annonces - 2 pièces Paris 18ème du 26 déc. au 2 janv.,petites annonces,https://www.souslouer.com/deposer-une-annonce/REGION/DEPARTEMENT/VILLE/2-pieces-Paris-18eme-du-26-dec-au-2-janv-10698,2026-08-31
souslouer.com,petites annonces - Toutes les annonces - 2 pièces Suresnes - La Défense - Du 10/03 au 27/04,petites annonces,https://www.souslouer.com/deposer-une-annonce/REGION/DEPARTEMENT/VILLE/2-pieces-Suresnes-La-Defense-Du-10-03-au-27-04-18293,2026-08-31
souslouer.com,petites annonces - Toutes les annonces - 2 pièces à Paris,petites annonces,https://www.souslouer.com/deposer-une-annonce/REGION/DEPARTEMENT/VILLE/2-pieces-a-Paris-11948,2026-08-31
souslouer.com,petites annonces - Toutes les annonces - 2 pièces à Vincennes disponible immédiatement pour 4 à 5 mois,petites annonces,https://www.souslouer.com/deposer-une-annonce/REGION/DEPARTEMENT/VILLE/2-pieces-a-Vincennes-disponible-immediatement-pour-4-a-5-mois-11021,2026-08-31
souslouer.com,petites annonces - Toutes les annonces - 2 pieces a louer Paris,petites annonces,https://www.souslouer.com/deposer-une-annonce/REGION/DEPARTEMENT/VILLE/2-pieces-a-louer-Paris-11755,2026-08-31
souslouer.com,petites annonces - Toutes les annonces - 2 pièces proche Paris; Durée:5 à 6 mois,petites annonces,https://www.souslouer.com/deposer-une-annonce/REGION/DEPARTEMENT/VILLE/2-pieces-proche-Paris-Duree-5-a-6-mois-18443,2026-08-31
souslouer.com,petites annonces - Toutes les annonces - 2 pièces - quartier 11e Oberkampf pour vacances de Noël !,petites annonces,https://www.souslouer.com/deposer-une-annonce/REGION/DEPARTEMENT/VILLE/2-pieces-quartier-11e-Oberkampf-pour-vacances-de-Nocl-10614,2026-08-31
souslouer.com,petites annonces - Toutes les annonces - 2 pièces sur équipé Montmartre ETE 2012,petites annonces,https://www.souslouer.com/deposer-une-annonce/REGION/DEPARTEMENT/VILLE/2-pieces-sur-equipe-Montmartre-ETE-2012-17942,2026-08-31
souslouer.com,petites annonces - Toutes les annonces - 2 pièces + terrasse à 5 min du RER B Arcueil Cachan,petites annonces,https://www.souslouer.com/deposer-une-annonce/REGION/DEPARTEMENT/VILLE/2-pieces-terrasse-a-5-min-du-RER-B-Arcueil-Cachan-11291,2026-08-31
souslouer.com,petites annonces - Toutes les annonces - 2 pièces vincennes - 94300,petites annonces,https://www.souslouer.com/deposer-une-annonce/REGION/DEPARTEMENT/VILLE/2-pieces-vincennes-94300-10928,2026-08-31
souslouer.com,petites annonces - Toutes les annonces - 2pièces Paris 10ème arrt du 01 juillet au 31 Août,petites annonces,https://www.souslouer.com/deposer-une-annonce/REGION/DEPARTEMENT/VILLE/2pieces-Paris-10eme-arrt-du-01-juillet-au-31-Aout-18951,2026-08-31
souslouer.com,petites annonces - Toutes les annonces - 2pièces Paris 15e,petites annonces,https://www.souslouer.com/deposer-une-annonce/REGION/DEPARTEMENT/VILLE/2pieces-Paris-15e-18486,2026-08-31
souslouer.com,"petites annonces - Toutes les annonces - 3 pieces 66m² sur étage avec ascenseur , rue Auguste BLANQUI",petites annonces,https://www.souslouer.com/deposer-une-annonce/REGION/DEPARTEMENT/VILLE/3-pieces-66m-sur-etage-avec-ascenseur-rue-Auguste-BLANQUI-11159,2026-08-31
souslouer.com,petites annonces - Toutes les annonces - 3 pièces 70 m2 Meublé - Paris 13ème,petites annonces,https://www.souslouer.com/deposer-une-annonce/REGION/DEPARTEMENT/VILLE/3-pieces-70-m2-Meuble-Paris-13eme-10043,2026-08-31
souslouer.com,petites annonces - Toutes les annonces - 3 pièces - 90m² au rue Christophe Colomb Paris,petites annonces,https://www.souslouer.com/deposer-une-annonce/REGION/DEPARTEMENT/VILLE/3-pieces-90m-au-rue-Christophe-Colomb-Paris-10129,2026-08-31
souslouer.com,petites annonces - Toutes les annonces - 3 pièces PARIS MONTMARTRE,petites annonces,https://www.souslouer.com/deposer-une-annonce/REGION/DEPARTEMENT/VILLE/3-pieces-PARIS-MONTMARTRE-10837,2026-08-31
souslouer.com,petites annonces - Toutes les annonces - 30m2: 13 au 30 avril + Juillet&aout,petites annonces,https://www.souslouer.com/deposer-une-annonce/REGION/DEPARTEMENT/VILLE/30m2-13-au-30-avril-Juillet-aout-18415,2026-08-31
souslouer.com,petites annonces - Toutes les annonces - 34m2 centre ville Toulouse,petites annonces,https://www.souslouer.com/deposer-une-annonce/REGION/DEPARTEMENT/VILLE/34m2-centre-ville-Toulouse-9945,2026-08-31
souslouer.com,petites annonces - Toutes les annonces - 3Pièces: - 85 m² au Rue Pecquay 75004,petites annonces,https://www.souslouer.com/deposer-une-annonce/REGION/DEPARTEMENT/VILLE/3Pieces-85-m-au-Rue-Pecquay-75004-10019,2026-08-31
souslouer.com,petites annonces - Toutes les annonces - 47 m2 à Montmartre proche transport,petites annonces,https://www.souslouer.com/deposer-une-annonce/REGION/DEPARTEMENT/VILLE/47-m2-a-Montmartre-proche-transport-11909,2026-08-31
souslouer.com,petites annonces - Toutes les annonces - 50 m2 hyper centre grenoble fevrier/mars,petites annonces,https://www.souslouer.com/deposer-une-annonce/REGION/DEPARTEMENT/VILLE/50-m2-hyper-centre-grenoble-fevrier-mars-11893,2026-08-31
souslouer.com,petites annonces - Toutes les annonces - 5ieme arrondissment Paris,petites annonces,https://www.souslouer.com/deposer-une-annonce/REGION/DEPARTEMENT/VILLE/5ieme-arrondissment-Paris-10036,2026-08-31
souslouer.com,petites annonces - Toutes les annonces - 60€/nuit - Studio 25m² PARIS 9ème - 5 au 11 février,petites annonces,https://www.souslouer.com/deposer-une-annonce/REGION/DEPARTEMENT/VILLE/60-nuit-Studio-25m-PARIS-9eme-5-au-11-fevrier-11970,2026-08-31
souslouer.com,petites annonces - Toutes les annonces - 700-800 euros 1 pers Paris 3eme - fin Mars au 1er Juillet 2011,petites annonces,https://www.souslouer.com/deposer-une-annonce/REGION/DEPARTEMENT/VILLE/700-800-euros-1-pers-Paris-3eme-fin-Mars-au-1er-Juillet-2011-10002,2026-08-31
souslouer.com,petites annonces - Toutes les annonces - A la semaine/ courtes durées dans Co-Location (paris 75010) / Tarif très abordable,petites annonces,https://www.souslouer.com/deposer-une-annonce/REGION/DEPARTEMENT/VILLE/A-la-semaine-courtes-durees-dans-Co-Location-paris-75010-Tarif-tres-abordable-11939,2026-08-31
souslouer.com,petites annonces - Toutes les annonces - A partir du 1er janvier 2011,petites annonces,https://www.souslouer.com/deposer-une-annonce/REGION/DEPARTEMENT/VILLE/A-partir-du-1er-janvier-2011-9710,2026-08-31
souslouer.com,petites annonces - Toutes les annonces - APPART 75018 57m2 balcon clair calme,petites annonces,https://www.souslouer.com/deposer-une-annonce/REGION/DEPARTEMENT/VILLE/APPART-75018-57m2-balcon-clair-calme-18919,2026-08-31
souslouer.com,petites annonces - Toutes les annonces - APPARTEMENT A PARIS,petites annonces,https://www.souslouer.com/deposer-une-annonce/REGION/DEPARTEMENT/VILLE/APPARTEMENT-A-PARIS-9794,2026-08-31
souslouer.com,petites annonces - Toutes les annonces - APPARTEMENT CANAL ST-MARTIN POUR LES FÊTES,petites annonces,https://www.souslouer.com/deposer-une-annonce/REGION/DEPARTEMENT/VILLE/APPARTEMENT-CANAL-ST-MARTIN-POUR-LES-FeTES-17922,2026-08-31
souslouer.com,petites annonces - Toutes les annonces - APPARTEMENT CHARMANT COEUR DE PRESQU'ILE,petites annonces,https://www.souslouer.com/deposer-une-annonce/REGION/DEPARTEMENT/VILLE/APPARTEMENT-CHARMANT-COEUR-DE-PRESQU-ILE-19132,2026-08-31
souslouer.com,petites annonces - Toutes les annonces - Angers T1 Bis,petites annonces,https://www.souslouer.com/deposer-une-annonce/REGION/DEPARTEMENT/VILLE/Angers-T1-Bis-10794,2026-08-31
souslouer.com,petites annonces - Toutes les annonces - App. 2pièces Paris11 17déc- 31janv 2011,petites annonces,https://www.souslouer.com/deposer-une-annonce/REGION/DEPARTEMENT/VILLE/App-2pieces-Paris11-17dec-31janv-2011-10302,2026-08-31
souslouer.com,petites annonces - Toutes les annonces - Appart Grenoble,petites annonces,https://www.souslouer.com/deposer-une-annonce/REGION/DEPARTEMENT/VILLE/Appart-Grenoble-18352,2026-08-31
souslouer.com,petites annonces - Toutes les annonces - Appart T2 Vincennes disponible immédiatement jusqu'à début mai,petites annonces,https://www.souslouer.com/deposer-une-annonce/REGION/DEPARTEMENT/VILLE/Appart-T2-Vincennes-disponible-immediatement-jusqu-a-debut-mai-10729,2026-08-31
souslouer.com,petites annonces - Toutes les annonces - Appart à 5min de paris Lumineux métro9,petites annonces,https://www.souslouer.com/deposer-une-annonce/REGION/DEPARTEMENT/VILLE/Appart-a-5min-de-paris-Lumineux-metro9-11334,2026-08-31
souslouer.com,petites annonces - Toutes les annonces - Appart atypique Paris 17 proche metro,petites annonces,https://www.souslouer.com/deposer-une-annonce/REGION/DEPARTEMENT/VILLE/Appart-atypique-Paris-17-proche-metro-18199,2026-08-31
souslouer.com,petites annonces - Toutes les annonces - Appart de 45 m² centre ville asnieres sur seine,petites annonces,https://www.souslouer.com/deposer-une-annonce/REGION/DEPARTEMENT/VILLE/Appart-de-45-m-centre-ville-asnieres-sur-seine-18206,2026-08-31
souslouer.com,petites annonces - Toutes les annonces - Appart sympa et calme-Paris 18ème,petites annonces,https://www.souslouer.com/deposer-une-annonce/REGION/DEPARTEMENT/VILLE/Appart-sympa-et-calme-Paris-18eme-10088,2026-08-31
souslouer.com,petites annonces - Toutes les annonces - Appartement 2 pièces 40m² meublé avec Jardin Privatif,petites annonces,https://www.souslouer.com/deposer-une-annonce/REGION/DEPARTEMENT/VILLE/Appartement-2-pieces-40m-meuble-avec-Jardin-Privatif-18635,2026-08-31
souslouer.com,petites annonces - Toutes les annonces - Appartement 2 pièces 43 m2 Paris 11e - Place de la BASTILLE,petites annonces,https://www.souslouer.com/deposer-une-annonce/REGION/DEPARTEMENT/VILLE/Appartement-2-pieces-43-m2-Paris-11e-Place-de-la-BASTILLE-19173,2026-08-31
souslouer.com,petites annonces - Toutes les annonces - 2 pièces meublés à Noisy le Grand + ssl,petites annonces,https://www.souslouer.com/deposer-une-annonce/REGION/DEPARTEMENT/VILLE/Appartement-2-pieces-meuble-a-Noisy-le-Grand-18858,2026-08-31
souslouer.com,petites annonces - Toutes les annonces - Appartement 2pièces DUPLEX 10minutes Montparnasse,petites annonces,https://www.souslouer.com/deposer-une-annonce/REGION/DEPARTEMENT/VILLE/Appartement-2pieces-DUPLEX-10minutes-Montparnasse-17953,2026-08-31
souslouer.com,petites annonces - Toutes les annonces - Appartement 3 pièces 17eme,petites annonces,https://www.souslouer.com/deposer-une-annonce/REGION/DEPARTEMENT/VILLE/Appartement-3-pieces-17eme-18553,2026-08-31
souslouer.com,petites annonces - Toutes les annonces - Appartement 3pieces,petites annonces,https://www.souslouer.com/deposer-une-annonce/REGION/DEPARTEMENT/VILLE/Appartement-3pieces-11917,2026-08-31
souslouer.com,petites annonces - Toutes les annonces - Appartement 40 m2 à Aubervilliers sur la 7,petites annonces,https://www.souslouer.com/deposer-une-annonce/REGION/DEPARTEMENT/VILLE/Appartement-40-m2-a-Aubervilliers-sur-la-7-18884,2026-08-31
souslouer.com,petites annonces - Toutes les annonces - Appartement 45m2 à 3 min Tour Eiffel,petites annonces,https://www.souslouer.com/deposer-une-annonce/REGION/DEPARTEMENT/VILLE/Appartement-45m2-a-3-min-Tour-Eiffel-18270,2026-08-31
souslouer.com,petites annonces - Toutes les annonces - Appartement 90 m2 proche du canal Saint Martin 800 euros/semaine,petites annonces,https://www.souslouer.com/deposer-une-annonce/REGION/DEPARTEMENT/VILLE/Appartement-90-m2-proche-du-canal-Saint-Martin-800-euros-semaine-18724,2026-08-31
souslouer.com,petites annonces - Toutes les annonces - Appartement - Aix en Provence (Centre) 68 m2,petites annonces,https://www.souslouer.com/deposer-une-annonce/REGION/DEPARTEMENT/VILLE/Appartement-Aix-en-Provence-Centre-68-m2-10987,2026-08-31
souslouer.com,petites annonces - Toutes les annonces - Appartement F2 Boulogne Billancourt,petites annonces,https://www.souslouer.com/deposer-une-annonce/REGION/DEPARTEMENT/VILLE/Appartement-F2-Boulogne-Billancourt-10195,2026-08-31
souslouer.com,petites annonces - Toutes les annonces - Appartement F2 Meublé 2 pas de la comédie,petites annonces,https://www.souslouer.com/deposer-une-annonce/REGION/DEPARTEMENT/VILLE/Appartement-F2-Meuble-2-pas-de-la-comedie-18600,2026-08-31
souslouer.com,petites annonces - Toutes les annonces - Appartement Meublé Paris 1er Saint Honoré,petites annonces,https://www.souslouer.com/deposer-une-annonce/REGION/DEPARTEMENT/VILLE/Appartement-Meuble-Paris-1er-Saint-Honore-18411,2026-08-31
souslouer.com,petites annonces - Toutes les annonces - Appartement Nogent sur marne,petites annonces,https://www.souslouer.com/deposer-une-annonce/REGION/DEPARTEMENT/VILLE/Appartement-Nogent-sur-marne-19141,2026-08-31
souslouer.com,petites annonces - Toutes les annonces - Appartement Nogent sur marne,petites annonces,https://www.souslouer.com/deposer-une-annonce/REGION/DEPARTEMENT/VILLE/Appartement-Nogent-sur-marne-19145,2026-08-31
souslouer.com,petites annonces - Toutes les annonces - Appartement PARIS 75004,petites annonces,https://www.souslouer.com/deposer-une-annonce/REGION/DEPARTEMENT/VILLE/Appartement-PARIS-75004-11855,2026-08-31
souslouer.com,petites annonces - Toutes les annonces - Appartement PARIS 75004,petites annonces,https://www.souslouer.com/deposer-une-annonce/REGION/DEPARTEMENT/VILLE/Appartement-PARIS-75004-11856,2026-08-31
souslouer.com,petites annonces - Toutes les annonces - Appartement PARIS (Abbesses) 26m²,petites annonces,https://www.souslouer.com/deposer-une-annonce/REGION/DEPARTEMENT/VILLE/Appartement-PARIS-Abbesses-26m-10825,2026-08-31
souslouer.com,petites annonces - Toutes les annonces - Appartement Paris 10 - Standing,petites annonces,https://www.souslouer.com/deposer-une-annonce/REGION/DEPARTEMENT/VILLE/Appartement-Paris-10-Standing-18248,2026-08-31
souslouer.com,petites annonces - Toutes les annonces - Appartement Paris 11ème,petites annonces,https://www.souslouer.com/deposer-une-annonce/REGION/DEPARTEMENT/VILLE/Appartement-Paris-11eme-18426,2026-08-31
souslouer.com,petites annonces - Toutes les annonces - Appartement Paris 15 ème,petites annonces,https://www.souslouer.com/deposer-une-annonce/REGION/DEPARTEMENT/VILLE/Appartement-Paris-15-eme-18146,2026-08-31
souslouer.com,petites annonces - Toutes les annonces - Appartement Paris 19e,petites annonces,https://www.souslouer.com/deposer-une-annonce/REGION/DEPARTEMENT/VILLE/Appartement-Paris-19e-10700,2026-08-31
souslouer.com,petites annonces - Toutes les annonces - Appartement Paris 20 eme,petites annonces,https://www.souslouer.com/deposer-une-annonce/REGION/DEPARTEMENT/VILLE/Appartement-Paris-20-eme-18200,2026-08-31
souslouer.com,petites annonces - Toutes les annonces - Appartement Paris 20Ã¨me URGENT,petites annonces,https://www.souslouer.com/deposer-une-annonce/REGION/DEPARTEMENT/VILLE/Appartement-Paris-20a-me-URGENT-18762,2026-08-31
souslouer.com,petites annonces - Toutes les annonces - Appartement Paris 20ème,petites annonces,https://www.souslouer.com/deposer-une-annonce/REGION/DEPARTEMENT/VILLE/Appartement-Paris-20eme-18775,2026-08-31
souslouer.com,petites annonces - Toutes les annonces - Appartement Suresnes/puteaux 50m²,petites annonces,https://www.souslouer.com/deposer-une-annonce/REGION/DEPARTEMENT/VILLE/Appartement-Suresnes-puteaux-50m-10337,2026-08-31
souslouer.com,petites annonces - Toutes les annonces - Appartement T2 Toulouse,petites annonces,https://www.souslouer.com/deposer-une-annonce/REGION/DEPARTEMENT/VILLE/Appartement-T2-Toulouse-10778,2026-08-31
souslouer.com,petites annonces - Toutes les annonces - Appartement à Pau.,petites annonces,https://www.souslouer.com/deposer-une-annonce/REGION/DEPARTEMENT/VILLE/Appartement-a-Pau-11056,2026-08-31
souslouer.com,petites annonces - Toutes les annonces - Appartement centre ANGERS 30M²,petites annonces,https://www.souslouer.com/deposer-une-annonce/REGION/DEPARTEMENT/VILLE/Appartement-centre-ANGERS-30M-11790,2026-08-31
souslouer.com,petites annonces - Toutes les annonces - Appartement dans le 13e PARIS.,petites annonces,https://www.souslouer.com/deposer-une-annonce/REGION/DEPARTEMENT/VILLE/Appartement-dans-le-13e-PARIS-12023,2026-08-31
souslouer.com,petites annonces - Toutes les annonces - Appartement de 40 m² environ RDC sans ascenseur,petites annonces,https://www.souslouer.com/deposer-une-annonce/REGION/DEPARTEMENT/VILLE/Appartement-de-40-m-environ-RDC-sans-ascenseur-11911,2026-08-31
souslouer.com,petites annonces - Toutes les annonces - Appartement de charme et ensoleillÃ©,petites annonces,https://www.souslouer.com/deposer-une-annonce/REGION/DEPARTEMENT/VILLE/Appartement-de-charme-et-ensoleilla-19129,2026-08-31
souslouer.com,petites annonces - Toutes les annonces - Appartement meublé à louer Lille,petites annonces,https://www.souslouer.com/deposer-une-annonce/REGION/DEPARTEMENT/VILLE/Appartement-meuble-a-louer-Lille-18432,2026-08-31
souslouer.com,petites annonces - Toutes les annonces - Appartement meublé à louer Lille,petites annonces,https://www.souslouer.com/deposer-une-annonce/REGION/DEPARTEMENT/VILLE/Appartement-meuble-a-louer-Lille-18434,2026-08-31
souslouer.com,petites annonces - Toutes les annonces - Appartement meublé à louer à Lille,petites annonces,https://www.souslouer.com/deposer-une-annonce/REGION/DEPARTEMENT/VILLE/Appartement-meuble-a-louer-a-Lille-18438,2026-08-31
souslouer.com,petites annonces - Toutes les annonces - Appartement studio Alcove - 28 m² au sol,petites annonces,https://www.souslouer.com/deposer-une-annonce/REGION/DEPARTEMENT/VILLE/Appartement-studio-Alcove-28-m-au-sol-10552,2026-08-31
souslouer.com,petites annonces - Toutes les annonces - Appt 2 pièces- Vincennes(94300) de décembre 2010 à début mai 2011,petites annonces,https://www.souslouer.com/deposer-une-annonce/REGION/DEPARTEMENT/VILLE/Appt-2-pieces-Vincennes-94300-de-decembre-2010-a-debut-mai-2011-10654,2026-08-31
souslouer.com,petites annonces - Toutes les annonces - Appt.F3 à Evry 91000/,petites annonces,https://www.souslouer.com/deposer-une-annonce/REGION/DEPARTEMENT/VILLE/Appt-F3-a-Evry-91000-18417,2026-08-31
souslouer.com,petites annonces - Toutes les annonces - Avril et Mai Lyon,petites annonces,https://www.souslouer.com/deposer-une-annonce/REGION/DEPARTEMENT/VILLE/Avril-et-Mai-Lyon-11925,2026-08-31
souslouer.com,"petites annonces - Toutes les annonces - BONJOUR, RECHERCHE CHAMBRE RENNES",petites annonces,https://www.souslouer.com/deposer-une-annonce/REGION/DEPARTEMENT/VILLE/BONJOUR-RECHERCHE-CHAMBRE-RENNES-9158,2026-08-31
souslouer.com,petites annonces - Toutes les annonces - BONNE AFFAIRE MEAUX,petites annonces,https://www.souslouer.com/deposer-une-annonce/REGION/DEPARTEMENT/VILLE/BONNE-AFFAIRE-MEAUX-18570,2026-08-31
souslouer.com,petites annonces - Toutes les annonces - Beau T2 en colocation a 100 m du port,petites annonces,https://www.souslouer.com/deposer-une-annonce/REGION/DEPARTEMENT/VILLE/Beau-T2-en-colocation-a-100-m-du-port-11960,2026-08-31
souslouer.com,petites annonces - Toutes les annonces - Bel appartement f2 de 55m²,petites annonces,https://www.souslouer.com/deposer-une-annonce/REGION/DEPARTEMENT/VILLE/Bel-appartement-f2-de-55m-11303,2026-08-31
souslouer.com,petites annonces - Toutes les annonces - Bel appartement spacieux Paris 18 - 500€ cc,petites annonces,https://www.souslouer.com/deposer-une-annonce/REGION/DEPARTEMENT/VILLE/Bel-appartement-spacieux-Paris-18-500-cc-17921,2026-08-31
souslouer.com,petites annonces - Toutes les annonces - Bordeaux sous loc Centre ville,petites annonces,https://www.souslouer.com/deposer-une-annonce/REGION/DEPARTEMENT/VILLE/Bordeaux-sous-loc-Centre-ville-19148,2026-08-31
souslouer.com,petites annonces - Toutes les annonces - CHERCHE APPARTEMENT MEUBLE A PARIS - COURT TERME,petites annonces,https://www.souslouer.com/deposer-une-annonce/REGION/DEPARTEMENT/VILLE/CHERCHE-APPARTEMENT-MEUBLE-A-PARIS-COURT-TERME-9238,2026-08-31
souslouer.com,petites annonces - Toutes les annonces - CHERCHE LOCATION 1 OU 2 SEMAINE URGENT,petites annonces,https://www.souslouer.com/deposer-une-annonce/REGION/DEPARTEMENT/VILLE/CHERCHE-LOCATION-1-OU-2-SEMAINE-URGENT-9207,2026-08-31
souslouer.com,petites annonces - Toutes les annonces - CHERCHE SOUS LOCATION,petites annonces,https://www.souslouer.com/deposer-une-annonce/REGION/DEPARTEMENT/VILLE/CHERCHE-SOUS-LOCATION-9799,2026-08-31
souslouer.com,"petites annonces - Toutes les annonces - Centre ville de Blois, très grande chambre meublée, dans une collocation, de Mai à fin Juin, appartement 100m²",petites annonces,https://www.souslouer.com/deposer-une-annonce/REGION/DEPARTEMENT/VILLE/Centre-ville-de-Blois-tres-grande-chambre-meublee-dans-une-collocation-de-Mai-a-fin-Juin-appartement-100m-19012,2026-08-31
souslouer.com,petites annonces - Toutes les annonces - Ch Sous Location Paris 12/2010 a 10/2011,petites annonces,https://www.souslouer.com/deposer-une-annonce/REGION/DEPARTEMENT/VILLE/Ch-Sous-Location-Paris-12-2010-a-10-2011-10026,2026-08-31
souslouer.com,"petites annonces - Toutes les annonces - Ch Studio (Clichy, Paris...)",petites annonces,https://www.souslouer.com/deposer-une-annonce/REGION/DEPARTEMENT/VILLE/Ch-Studio-Clichy-Paris-9424,2026-08-31
souslouer.com,petites annonces - Toutes les annonces - Ch sous location Paris du 15 nov au 15 fév,petites annonces,https://www.souslouer.com/deposer-une-annonce/REGION/DEPARTEMENT/VILLE/Ch-sous-location-Paris-du-15-nov-au-15-fev-9263,2026-08-31
souslouer.com,petites annonces - Toutes les annonces - Ch. ss-location centre 30/01-30/04 2011,petites annonces,https://www.souslouer.com/deposer-une-annonce/REGION/DEPARTEMENT/VILLE/Ch-ss-location-centre-30-01-30-04-2011-10118,2026-08-31
souslouer.com,petites annonces - Toutes les annonces - Chambre Paris 12ème,petites annonces,https://www.souslouer.com/deposer-une-annonce/REGION/DEPARTEMENT/VILLE/Chambre-Paris-12eme-11495,2026-08-31
souslouer.com,"petites annonces - Toutes les annonces - Chambre Paris, Av Foch",petites annonces,https://www.souslouer.com/deposer-une-annonce/REGION/DEPARTEMENT/VILLE/Chambre-Paris-Av-Foch-11234,2026-08-31
souslouer.com,petites annonces - Toutes les annonces - Chambre Paris dans coloc 25 mai-10 juin,petites annonces,https://www.souslouer.com/deposer-une-annonce/REGION/DEPARTEMENT/VILLE/Chambre-Paris-dans-coloc-25-mai-10-juin-18800,2026-08-31
souslouer.com,petites annonces - Toutes les annonces - Chambre a louer,petites annonces,https://www.souslouer.com/deposer-une-annonce/REGION/DEPARTEMENT/VILLE/Chambre-a-louer-11674,2026-08-31
souslouer.com,petites annonces - Toutes les annonces - Chambre à louer dans T3,petites annonces,https://www.souslouer.com/deposer-une-annonce/REGION/DEPARTEMENT/VILLE/Chambre-a-louer-dans-T3-18344,2026-08-31
souslouer.com,petites annonces - Toutes les annonces - Chambre à louer dans coloc à Paris,petites annonces,https://www.souslouer.com/deposer-une-annonce/REGION/DEPARTEMENT/VILLE/Chambre-a-louer-dans-coloc-a-Paris-11518,2026-08-31
souslouer.com,petites annonces - Toutes les annonces - Chambre à louer dans maison grenobloise,petites annonces,https://www.souslouer.com/deposer-une-annonce/REGION/DEPARTEMENT/VILLE/Chambre-a-louer-dans-maison-grenobloise-11558,2026-08-31
souslouer.com,petites annonces - Toutes les annonces - Chambre à sous-louer dans coloc sympa paris 19,petites annonces,https://www.souslouer.com/deposer-une-annonce/REGION/DEPARTEMENT/VILLE/Chambre-a-sous-louer-dans-coloc-sympa-paris-19-11660,2026-08-31
souslouer.com,petites annonces - Toutes les annonces - Chambre dans 3P 17eme,petites annonces,https://www.souslouer.com/deposer-une-annonce/REGION/DEPARTEMENT/VILLE/Chambre-dans-3P-17eme-18850,2026-08-31
souslouer.com,petites annonces - Toutes les annonces - Chambre dans appartement de 72 m2 Lyon 8ème,petites annonces,https://www.souslouer.com/deposer-une-annonce/REGION/DEPARTEMENT/VILLE/Chambre-dans-appartement-de-72-m2-Lyon-8eme-11633,2026-08-31
souslouer.com,petites annonces - Toutes les annonces - Chambre dans collocation pour le mois de mars,petites annonces,https://www.souslouer.com/deposer-une-annonce/REGION/DEPARTEMENT/VILLE/Chambre-dans-collocation-pour-le-mois-de-mars-11735,2026-08-31
souslouer.com,petites annonces - Toutes les annonces - Chambre dans colocation Paris XV février-mars.,petites annonces,https://www.souslouer.com/deposer-une-annonce/REGION/DEPARTEMENT/VILLE/Chambre-dans-colocation-Paris-XV-fevrier-mars-11841,2026-08-31
souslouer.com,petites annonces - Toutes les annonces - Chambre dans colocation Toulouse,petites annonces,https://www.souslouer.com/deposer-une-annonce/REGION/DEPARTEMENT/VILLE/Chambre-dans-colocation-Toulouse-11865,2026-08-31
souslouer.com,petites annonces - Toutes les annonces - Chambre dans grand appart ensoleillée banlieue proche Paris 450 euros/mois,petites annonces,https://www.souslouer.com/deposer-une-annonce/REGION/DEPARTEMENT/VILLE/Chambre-dans-grand-appart-ensoleillee-banlieue-proche-Paris-450-euros-mois-18998,2026-08-31
souslouer.com,"petites annonces - Toutes les annonces - Chambre de Bonne, Porte de Champerret, Paris 17",petites annonces,https://www.souslouer.com/deposer-une-annonce/REGION/DEPARTEMENT/VILLE/Chambre-de-Bonne-Porte-de-Champerret-Paris-17-18202,2026-08-31
souslouer.com,petites annonces - Toutes les annonces - Chambre en centre ville de lyon,petites annonces,https://www.souslouer.com/deposer-une-annonce/REGION/DEPARTEMENT/VILLE/Chambre-en-centre-ville-de-lyon-10367,2026-08-31
souslouer.com,petites annonces - Toutes les annonces - Chambre en colocation à Montpellier,petites annonces,https://www.souslouer.com/deposer-une-annonce/REGION/DEPARTEMENT/VILLE/Chambre-en-colocation-a-Montpellier-18956,2026-08-31
souslouer.com,"petites annonces - Toutes les annonces - *Chambre individuelle Colombes,dispo*",petites annonces,https://www.souslouer.com/deposer-une-annonce/REGION/DEPARTEMENT/VILLE/Chambre-individuelle-Colombes-dispo-18273,2026-08-31
souslouer.com,petites annonces - Toutes les annonces - Chambre meublée 300 eurosVaulx en velin,petites annonces,https://www.souslouer.com/deposer-une-annonce/REGION/DEPARTEMENT/VILLE/Chambre-meublee-300-eurosVaulx-en-velin-10767,2026-08-31
souslouer.com,petites annonces - Toutes les annonces - Charmant T4 Marseille,petites annonces,https://www.souslouer.com/deposer-une-annonce/REGION/DEPARTEMENT/VILLE/Charmant-T4-Marseille-18673,2026-08-31
souslouer.com,"petites annonces - Toutes les annonces - Sous-location appartement T2, Paris 18e, Avril-Mai-Juin",petites annonces,https://www.souslouer.com/deposer-une-annonce/REGION/DEPARTEMENT/VILLE/Charmant-appartement-T3-2-chambres-Paris-18e-70e-jour-LOCATION-DE-COURT-TERME-18907,2026-08-31
souslouer.com,petites annonces - Toutes les annonces - Charmant studio 20m2 - Paris 6 - Quartier de la Monnaie,petites annonces,https://www.souslouer.com/deposer-une-annonce/REGION/DEPARTEMENT/VILLE/Charmant-studio-20m2-Paris-6-Quartier-de-la-Monnaie-10888,2026-08-31
souslouer.com,petites annonces - Toutes les annonces - Cherche BUREAU à sous louer,petites annonces,https://www.souslouer.com/deposer-une-annonce/REGION/DEPARTEMENT/VILLE/Cherche-BUREAU-a-sous-louer-9627,2026-08-31
souslouer.com,petites annonces - Toutes les annonces - Cherche Sous Loc urgent,petites annonces,https://www.souslouer.com/deposer-une-annonce/REGION/DEPARTEMENT/VILLE/Cherche-Sous-Loc-urgent-9656,2026-08-31
souslouer.com,petites annonces - Toutes les annonces - Cherche chambre/studio/appart 10-01 au 10-08,petites annonces,https://www.souslouer.com/deposer-une-annonce/REGION/DEPARTEMENT/VILLE/Cherche-chambre-studio-appart-10-01-au-10-08-9998,2026-08-31
souslouer.com,petites annonces - Toutes les annonces - Cherche colocation du 1er novembre,petites annonces,https://www.souslouer.com/deposer-une-annonce/REGION/DEPARTEMENT/VILLE/Cherche-colocation-du-1er-novembre-9082,2026-08-31
souslouer.com,petites annonces - Toutes les annonces - Cherche location Janvier 2011 à Paris,petites annonces,https://www.souslouer.com/deposer-une-annonce/REGION/DEPARTEMENT/VILLE/Cherche-location-Janvier-2011-a-Paris-10029,2026-08-31
souslouer.com,petites annonces - Toutes les annonces - Cherche logement Paris Est,petites annonces,https://www.souslouer.com/deposer-une-annonce/REGION/DEPARTEMENT/VILLE/Cherche-logement-Paris-Est-10491,2026-08-31
souslouer.com,petites annonces - Toutes les annonces - Cherche pied à terre début 2011,petites annonces,https://www.souslouer.com/deposer-une-annonce/REGION/DEPARTEMENT/VILLE/Cherche-pied-a-terre-debut-2011-9879,2026-08-31
souslouer.com,petites annonces - Toutes les annonces - Cherche /s Loc à Paris longue durée,petites annonces,https://www.souslouer.com/deposer-une-annonce/REGION/DEPARTEMENT/VILLE/Cherche-s-Loc-a-Paris-longue-duree-9426,2026-08-31
souslouer.com,"petites annonces - Toutes les annonces - Cherche sous-loc Paris, novembre, max 550euros",petites annonces,https://www.souslouer.com/deposer-une-annonce/REGION/DEPARTEMENT/VILLE/Cherche-sous-loc-Paris-novembre-max-550euros-9195,2026-08-31
souslouer.com,"petites annonces - Toutes les annonces - Cherche sous loc, coloc ou loc sur Paris jusqu'à 500euros",petites annonces,https://www.souslouer.com/deposer-une-annonce/REGION/DEPARTEMENT/VILLE/Cherche-sous-loc-coloc-ou-loc-sur-Paris-jusqu-a-500euros-9808,2026-08-31
souslouer.com,petites annonces - Toutes les annonces - Cherche sous location,petites annonces,https://www.souslouer.com/deposer-une-annonce/REGION/DEPARTEMENT/VILLE/Cherche-sous-location-9376,2026-08-31
souslouer.com,petites annonces - Toutes les annonces - Cherche sous location Nice,petites annonces,https://www.souslouer.com/deposer-une-annonce/REGION/DEPARTEMENT/VILLE/Cherche-sous-location-Nice-10307,2026-08-31
souslouer.com,petites annonces - Toutes les annonces - Cherche sous-location Paris 75 entra muros,petites annonces,https://www.souslouer.com/deposer-une-annonce/REGION/DEPARTEMENT/VILLE/Cherche-sous-location-Paris-75-entra-muros-9119,2026-08-31
souslouer.com,petites annonces - Toutes les annonces - Cherche sous location Paris,petites annonces,https://www.souslouer.com/deposer-une-annonce/REGION/DEPARTEMENT/VILLE/Cherche-sous-location-Paris-9655,2026-08-31
souslouer.com,petites annonces - Toutes les annonces - Cherche sous location Paris à partir de janvier 2011,petites annonces,https://www.souslouer.com/deposer-une-annonce/REGION/DEPARTEMENT/VILLE/Cherche-sous-location-Paris-a-partir-de-janvier-2011-10041,2026-08-31
souslouer.com,petites annonces - Toutes les annonces - Cherche sous-location à PARIS dès maintentant pour 5 mois,petites annonces,https://www.souslouer.com/deposer-une-annonce/REGION/DEPARTEMENT/VILLE/Cherche-sous-location-a-PARIS-des-maintentant-pour-5-mois-9521,2026-08-31
souslouer.com,petites annonces - Toutes les annonces - Cherche sous location à Paris,petites annonces,https://www.souslouer.com/deposer-une-annonce/REGION/DEPARTEMENT/VILLE/Cherche-sous-location-a-Paris-9473,2026-08-31
souslouer.com,petites annonces - Toutes les annonces - Cherche sous location a Paris,petites annonces,https://www.souslouer.com/deposer-une-annonce/REGION/DEPARTEMENT/VILLE/Cherche-sous-location-a-Paris-9838,2026-08-31
souslouer.com,petites annonces - Toutes les annonces - Cherche sous-location de fin janvier à fin mai 350£ max,petites annonces,https://www.souslouer.com/deposer-une-annonce/REGION/DEPARTEMENT/VILLE/Cherche-sous-location-de-fin-janvier-a-fin-mai-350-max-9990,2026-08-31
souslouer.com,petites annonces - Toutes les annonces - Cherche sous-location dès maintenant,petites annonces,https://www.souslouer.com/deposer-une-annonce/REGION/DEPARTEMENT/VILLE/Cherche-sous-location-des-maintenant-9921,2026-08-31
souslouer.com,petites annonces - Toutes les annonces - Cherche sous location rapidement,petites annonces,https://www.souslouer.com/deposer-une-annonce/REGION/DEPARTEMENT/VILLE/Cherche-sous-location-rapidement-9367,2026-08-31
souslouer.com,petites annonces - Toutes les annonces - Cherche sous-location sur Paris,petites annonces,https://www.souslouer.com/deposer-une-annonce/REGION/DEPARTEMENT/VILLE/Cherche-sous-location-sur-Paris-10015,2026-08-31
souslouer.com,petites annonces - Toutes les annonces - Cherche sous location sur Paris URGENT,petites annonces,https://www.souslouer.com/deposer-une-annonce/REGION/DEPARTEMENT/VILLE/Cherche-sous-location-sur-Paris-URGENT-10117,2026-08-31
souslouer.com,petites annonces - Toutes les annonces - Cherche souslocation,petites annonces,https://www.souslouer.com/deposer-une-annonce/REGION/DEPARTEMENT/VILLE/Cherche-souslocation-9339,2026-08-31
souslouer.com,petites annonces - Toutes les annonces - Cherche souslocation à Lille de janvier à avril,petites annonces,https://www.souslouer.com/deposer-une-annonce/REGION/DEPARTEMENT/VILLE/Cherche-souslocation-a-Lille-de-janvier-a-avril-10056,2026-08-31
souslouer.com,petites annonces - Toutes les annonces - Cherche studio Clichy (environs),petites annonces,https://www.souslouer.com/deposer-une-annonce/REGION/DEPARTEMENT/VILLE/Cherche-studio-Clichy-environs-9283,2026-08-31
souslouer.com,petites annonces - Toutes les annonces - Cherche studio Paris,petites annonces,https://www.souslouer.com/deposer-une-annonce/REGION/DEPARTEMENT/VILLE/Cherche-studio-Paris-9443,2026-08-31
souslouer.com,petites annonces - Toutes les annonces - Cherche studio /T1 Lyon / Villeurbanne,petites annonces,https://www.souslouer.com/deposer-une-annonce/REGION/DEPARTEMENT/VILLE/Cherche-studio-T1-Lyon-Villeurbanne-9647,2026-08-31
souslouer.com,petites annonces - Toutes les annonces - Cherche studio/T2 Paris Novembre,petites annonces,https://www.souslouer.com/deposer-une-annonce/REGION/DEPARTEMENT/VILLE/Cherche-studio-T2-Paris-Novembre-9615,2026-08-31
souslouer.com,petites annonces - Toutes les annonces - Cherche studio ou T1 Paris ou proche (métro) 700€ Max,petites annonces,https://www.souslouer.com/deposer-une-annonce/REGION/DEPARTEMENT/VILLE/Cherche-studio-ou-T1-Paris-ou-proche-metro-700-Max-9732,2026-08-31
souslouer.com,petites annonces - Toutes les annonces - Cherche un T4 a Marseille 3 mois,petites annonces,https://www.souslouer.com/deposer-une-annonce/REGION/DEPARTEMENT/VILLE/Cherche-un-T4-a-Marseille-3-mois-9878,2026-08-31
souslouer.com,petites annonces - Toutes les annonces - Cherche une chambre à partir de février 2011 pour 2 mois,petites annonces,https://www.souslouer.com/deposer-une-annonce/REGION/DEPARTEMENT/VILLE/Cherche-une-chambre-a-partir-de-fevrier-2011-pour-2-mois-10055,2026-08-31
souslouer.com,petites annonces - Toutes les annonces - Coach de relaxation,petites annonces,https://www.souslouer.com/deposer-une-annonce/REGION/DEPARTEMENT/VILLE/Coach-de-relaxation-9456,2026-08-31
souslouer.com,petites annonces - Toutes les annonces - Colocation funky pour été 2012,petites annonces,https://www.souslouer.com/deposer-une-annonce/REGION/DEPARTEMENT/VILLE/Colocation-funky-pour-ete-2012-18888,2026-08-31
souslouer.com,petites annonces - Toutes les annonces - Colocation joli 2-Pièces Paris,petites annonces,https://www.souslouer.com/deposer-une-annonce/REGION/DEPARTEMENT/VILLE/Colocation-joli-2-Pieces-Paris-10147,2026-08-31
souslouer.com,petites annonces - Toutes les annonces - Colocation ou Sous-location Novembre 2010,petites annonces,https://www.souslouer.com/deposer-une-annonce/REGION/DEPARTEMENT/VILLE/Colocation-ou-Sous-location-Novembre-2010-9289,2026-08-31
souslouer.com,petites annonces - Toutes les annonces - Couple cherche sous-location Paris en Decembre,petites annonces,https://www.souslouer.com/deposer-une-annonce/REGION/DEPARTEMENT/VILLE/Couple-cherche-sous-location-Paris-en-Decembre-9778,2026-08-31
souslouer.com,petites annonces - Toutes les annonces - Couple cherche sous location appartament Paris,petites annonces,https://www.souslouer.com/deposer-une-annonce/REGION/DEPARTEMENT/VILLE/Couple-cherche-sous-location-appartament-Paris-11919,2026-08-31
souslouer.com,"petites annonces - Toutes les annonces - Couple journaliste sous-loue 3p, 70m2, Fev-Avr 2012",petites annonces,https://www.souslouer.com/deposer-une-annonce/REGION/DEPARTEMENT/VILLE/Couple-journaliste-sous-loue-3p-70m2-Fev-Avr-2012-18068,2026-08-31
souslouer.com,petites annonces - Toutes les annonces - Couple recherche petit Concon Temporaire,petites annonces,https://www.souslouer.com/deposer-une-annonce/REGION/DEPARTEMENT/VILLE/Couple-recherche-petit-Concon-Temporaire-9585,2026-08-31
souslouer.com,petites annonces - Toutes les annonces - Couple sérieux,petites annonces,https://www.souslouer.com/deposer-une-annonce/REGION/DEPARTEMENT/VILLE/Couple-serieux-9479,2026-08-31
souslouer.com,petites annonces - Toutes les annonces - Courte Durée!,petites annonces,https://www.souslouer.com/deposer-une-annonce/REGION/DEPARTEMENT/VILLE/Courte-Duree-11918,2026-08-31
souslouer.com,petites annonces - Toutes les annonces - DEMANDE T1 OU T2 PARIS,petites annonces,https://www.souslouer.com/deposer-une-annonce/REGION/DEPARTEMENT/VILLE/DEMANDE-T1-OU-T2-PARIS-10087,2026-08-31
souslouer.com,petites annonces - Toutes les annonces - DEMANDE T2 PARIS,petites annonces,https://www.souslouer.com/deposer-une-annonce/REGION/DEPARTEMENT/VILLE/DEMANDE-T2-PARIS-9988,2026-08-31
souslouer.com,petites annonces - Toutes les annonces - DEMANDE URGENTE PARIS T1 OU T2,petites annonces,https://www.souslouer.com/deposer-une-annonce/REGION/DEPARTEMENT/VILLE/DEMANDE-URGENTE-PARIS-T1-OU-T2-9363,2026-08-31
souslouer.com,petites annonces - Toutes les annonces - DEMANDE URGENTE SOUS LOCATION IDF,petites annonces,https://www.souslouer.com/deposer-une-annonce/REGION/DEPARTEMENT/VILLE/DEMANDE-URGENTE-SOUS-LOCATION-IDF-10031,2026-08-31
souslouer.com,petites annonces - Toutes les annonces - DUPLEX 2 pièces Paris Porte de Vanves,petites annonces,https://www.souslouer.com/deposer-une-annonce/REGION/DEPARTEMENT/VILLE/DUPLEX-2-pieces-Paris-Porte-de-Vanves-17955,2026-08-31
souslouer.com,petites annonces - Toutes les annonces - Demande de Sous location long terme dans Paris,petites annonces,https://www.souslouer.com/deposer-une-annonce/REGION/DEPARTEMENT/VILLE/Demande-de-Sous-location-long-terme-dans-Paris-18709,2026-08-31
souslouer.com,petites annonces - Toutes les annonces - Demande de sous-location,petites annonces,https://www.souslouer.com/deposer-une-annonce/REGION/DEPARTEMENT/VILLE/Demande-de-sous-location-11923,2026-08-31
souslouer.com,petites annonces - Toutes les annonces - Demande de sous location du 25 au 12 novembre,petites annonces,https://www.souslouer.com/deposer-une-annonce/REGION/DEPARTEMENT/VILLE/Demande-de-sous-location-du-25-au-12-novembre-9118,2026-08-31
souslouer.com,petites annonces - Toutes les annonces - Demande sous location appart Paris env. 50m2 6 mois,petites annonces,https://www.souslouer.com/deposer-une-annonce/REGION/DEPARTEMENT/VILLE/Demande-sous-location-appart-Paris-env-50m2-6-mois-9399,2026-08-31
souslouer.com,petites annonces - Toutes les annonces - Demande sous location pour février 2011,petites annonces,https://www.souslouer.com/deposer-une-annonce/REGION/DEPARTEMENT/VILLE/Demande-sous-location-pour-fevrier-2011-10066,2026-08-31
souslouer.com,petites annonces - Toutes les annonces - Deux chambres sur Paris,petites annonces,https://www.souslouer.com/deposer-une-annonce/REGION/DEPARTEMENT/VILLE/Deux-chambres-sur-Paris-9702,2026-08-31
souslouer.com,petites annonces - Toutes les annonces - Deux pieces style loft avec terrasse 18ème,petites annonces,https://www.souslouer.com/deposer-une-annonce/REGION/DEPARTEMENT/VILLE/Deux-pieces-style-loft-avec-terrasse-18eme-18963,2026-08-31
souslouer.com,petites annonces - Toutes les annonces - Deux pieces style loft avec terrasse 18ème,petites annonces,https://www.souslouer.com/deposer-une-annonce/REGION/DEPARTEMENT/VILLE/Deux-pieces-style-loft-avec-terrasse-18eme-18964,2026-08-31
souslouer.com,petites annonces - Toutes les annonces - Dispo Immediat.....,petites annonces,https://www.souslouer.com/deposer-une-annonce/REGION/DEPARTEMENT/VILLE/Dispo-Immediat-11955,2026-08-31
souslouer.com,petites annonces - Toutes les annonces - Douillet 2P avec vue Montmartre,petites annonces,https://www.souslouer.com/deposer-une-annonce/REGION/DEPARTEMENT/VILLE/Douillet-2P-avec-vue-Montmartre-18214,2026-08-31
souslouer.com,petites annonces - Toutes les annonces - Duplex 40m2 Lyon Centre,petites annonces,https://www.souslouer.com/deposer-une-annonce/REGION/DEPARTEMENT/VILLE/Duplex-40m2-Lyon-Centre-18218,2026-08-31
souslouer.com,petites annonces - Toutes les annonces - Duplex 65 m2 à Saint Germain en Laye (RER A - proche Paris),petites annonces,https://www.souslouer.com/deposer-une-annonce/REGION/DEPARTEMENT/VILLE/Duplex-65-m2-a-Saint-Germain-en-Laye-RER-A-proche-Paris-10799,2026-08-31
souslouer.com,petites annonces - Toutes les annonces - EXCLU - 29m² - Saint Michel (quartier latin),petites annonces,https://www.souslouer.com/deposer-une-annonce/REGION/DEPARTEMENT/VILLE/EXCLU-29m-Saint-Michel-quartier-latin-19130,2026-08-31
souslouer.com,petites annonces - Toutes les annonces - Envie de finir l'année dans un appartement de rêve ?,petites annonces,https://www.souslouer.com/deposer-une-annonce/REGION/DEPARTEMENT/VILLE/Envie-de-finir-l-annee-dans-un-appartement-de-reve-11055,2026-08-31
souslouer.com,petites annonces - Toutes les annonces - Etudiante recherche sous-location Paris de novembre 2010 à Janvier 2011,petites annonces,https://www.souslouer.com/deposer-une-annonce/REGION/DEPARTEMENT/VILLE/Etudiante-recherche-sous-location-Paris-de-novembre-2010-a-Janvier-2011-9175,2026-08-31
souslouer.com,petites annonces - Toutes les annonces - F1 650,petites annonces,https://www.souslouer.com/deposer-une-annonce/REGION/DEPARTEMENT/VILLE/F1-650-10854,2026-08-31
souslouer.com,petites annonces - Toutes les annonces - F1 de 40m2 paris 11 à sous louer printemps,petites annonces,https://www.souslouer.com/deposer-une-annonce/REGION/DEPARTEMENT/VILLE/F1-de-40m2-paris-11-a-sous-louer-printemps-11757,2026-08-31
souslouer.com,petites annonces - Toutes les annonces - F1 meublé,petites annonces,https://www.souslouer.com/deposer-une-annonce/REGION/DEPARTEMENT/VILLE/F1-meuble-10690,2026-08-31
souslouer.com,petites annonces - Toutes les annonces - F2 28m² centre ville Montrouge URGENT,petites annonces,https://www.souslouer.com/deposer-une-annonce/REGION/DEPARTEMENT/VILLE/F2-28m-centre-ville-Montrouge-URGENT-18984,2026-08-31
souslouer.com,petites annonces - Toutes les annonces - F2 28m2 JOURDAIN,petites annonces,https://www.souslouer.com/deposer-une-annonce/REGION/DEPARTEMENT/VILLE/F2-28m2-JOURDAIN-17918,2026-08-31
souslouer.com,petites annonces - Toutes les annonces - F2 28m2 JOURDAIN,petites annonces,https://www.souslouer.com/deposer-une-annonce/REGION/DEPARTEMENT/VILLE/F2-28m2-JOURDAIN-17919,2026-08-31
souslouer.com,petites annonces - Toutes les annonces - F2 50m2 Porte de Clichy Paris,petites annonces,https://www.souslouer.com/deposer-une-annonce/REGION/DEPARTEMENT/VILLE/F2-50m2-Porte-de-Clichy-Paris-18489,2026-08-31
souslouer.com,petites annonces - Toutes les annonces - F2 60m2 PARIS dispo Parc des Buttes de Chaumont,petites annonces,https://www.souslouer.com/deposer-une-annonce/REGION/DEPARTEMENT/VILLE/F2-60m2-PARIS-dispo-Parc-des-Buttes-de-Chaumont-11439,2026-08-31
souslouer.com,petites annonces - Toutes les annonces - F2 Alfortville proche Paris mi-juin mi-juillet,petites annonces,https://www.souslouer.com/deposer-une-annonce/REGION/DEPARTEMENT/VILLE/F2-Alfortville-proche-Paris-mi-juin-mi-juillet-19009,2026-08-31
souslouer.com,petites annonces - Toutes les annonces - F2 Bercy,petites annonces,https://www.souslouer.com/deposer-une-annonce/REGION/DEPARTEMENT/VILLE/F2-Bercy-18679,2026-08-31
souslouer.com,petites annonces - Toutes les annonces - F2 Pied du metro Vincennes + RER - 380€,petites annonces,https://www.souslouer.com/deposer-une-annonce/REGION/DEPARTEMENT/VILLE/F2-Pied-du-metro-Vincennes-RER-380-18175,2026-08-31
souslouer.com,petites annonces - Toutes les annonces - F2 - Rueil-Malmaison - Proche La-Défense,petites annonces,https://www.souslouer.com/deposer-une-annonce/REGION/DEPARTEMENT/VILLE/F2-Rueil-Malmaison-Proche-La-Defense-18447,2026-08-31
souslouer.com,petites annonces - Toutes les annonces - F2 Strasbourg krutenau,petites annonces,https://www.souslouer.com/deposer-une-annonce/REGION/DEPARTEMENT/VILLE/F2-Strasbourg-krutenau-18818,2026-08-31
souslouer.com,petites annonces - Toutes les annonces - F2 à Issy les Moulineaux à 5 m à pied du metro,petites annonces,https://www.souslouer.com/deposer-une-annonce/REGION/DEPARTEMENT/VILLE/F2-a-Issy-les-Moulineaux-a-5-m-a-pied-du-metro-11588,2026-08-31
souslouer.com,petites annonces - Toutes les annonces - F2 centre ville Chalon sur saone,petites annonces,https://www.souslouer.com/deposer-une-annonce/REGION/DEPARTEMENT/VILLE/F2-centre-ville-Chalon-sur-saone-12029,2026-08-31
souslouer.com,petites annonces - Toutes les annonces - F2 pres Chateau de Vincennes,petites annonces,https://www.souslouer.com/deposer-une-annonce/REGION/DEPARTEMENT/VILLE/F2-pres-Chateau-de-Vincennes-10742,2026-08-31
souslouer.com,petites annonces - Toutes les annonces - Fêtes de fin d'année,petites annonces,https://www.souslouer.com/deposer-une-annonce/REGION/DEPARTEMENT/VILLE/Fetes-de-fin-d-annee-10920,2026-08-31
souslouer.com,petites annonces - Toutes les annonces - GARAGE MOTO MONTPELLIER QUARTIER BOUTONNET,petites annonces,https://www.souslouer.com/deposer-une-annonce/REGION/DEPARTEMENT/VILLE/GARAGE-MOTO-MONTPELLIER-QUARTIER-BOUTONNET-11261,2026-08-31
souslouer.com,petites annonces - Toutes les annonces - Grand 2 pièces au pied de la Tour Eiffel (75007,petites annonces,https://www.souslouer.com/deposer-une-annonce/REGION/DEPARTEMENT/VILLE/Grand-2-pieces-au-pied-de-la-Tour-Eiffel-75007-11907,2026-08-31
souslouer.com,petites annonces - Toutes les annonces - Grand T1 33m2 Paris 14e,petites annonces,https://www.souslouer.com/deposer-une-annonce/REGION/DEPARTEMENT/VILLE/Grand-T1-33m2-Paris-14e-10950,2026-08-31
souslouer.com,"petites annonces - Toutes les annonces - Grand, beau et moderne",petites annonces,https://www.souslouer.com/deposer-une-annonce/REGION/DEPARTEMENT/VILLE/Grand-beau-et-moderne-10665,2026-08-31
souslouer.com,petites annonces - Toutes les annonces - H recherche URGENT sous location paris octobre=>nov/dec,petites annonces,https://www.souslouer.com/deposer-une-annonce/REGION/DEPARTEMENT/VILLE/H-recherche-URGENT-sous-location-paris-octobre-nov-dec-9050,2026-08-31
souslouer.com,petites annonces - Toutes les annonces - J'ai besoin de louer appartement,petites annonces,https://www.souslouer.com/deposer-une-annonce/REGION/DEPARTEMENT/VILLE/J-ai-besoin-de-louer-appartement-10120,2026-08-31
souslouer.com,petites annonces - Toutes les annonces - JF - cherche souloc studio / chambre de Janvier à Avril 2011 Paris centre - environ 500euros,petites annonces,https://www.souslouer.com/deposer-une-annonce/REGION/DEPARTEMENT/VILLE/JF-cherche-souloc-studio-chambre-de-Janvier-a-Avril-2011-Paris-centre-environ-500euros-10052,2026-08-31
souslouer.com,petites annonces - Toutes les annonces - JF nouvelle cherche +30m2,petites annonces,https://www.souslouer.com/deposer-une-annonce/REGION/DEPARTEMENT/VILLE/JF-nouvelle-cherche-30m2-10213,2026-08-31
souslouer.com,petites annonces - Toutes les annonces - JF serieuse 2 pieces Paris,petites annonces,https://www.souslouer.com/deposer-une-annonce/REGION/DEPARTEMENT/VILLE/JF-serieuse-2-pieces-Paris-9213,2026-08-31
souslouer.com,petites annonces - Toutes les annonces - JH cherche appart pour novembre à Janvier,petites annonces,https://www.souslouer.com/deposer-une-annonce/REGION/DEPARTEMENT/VILLE/JH-cherche-appart-pour-novembre-a-Janvier-9245,2026-08-31
souslouer.com,petites annonces - Toutes les annonces - JOLI F2 PARIS MARS 2011,petites annonces,https://www.souslouer.com/deposer-une-annonce/REGION/DEPARTEMENT/VILLE/JOLI-F2-PARIS-MARS-2011-11424,2026-08-31
souslouer.com,petites annonces - Toutes les annonces - JOLI STUDIO MEUBLE de 17 m2 rue de la POMPE - PARIS 16,petites annonces,https://www.souslouer.com/deposer-une-annonce/REGION/DEPARTEMENT/VILLE/JOLI-STUDIO-MEUBLE-de-17-m2-rue-de-la-POMPE-PARIS-16-18648,2026-08-31
souslouer.com,"petites annonces - Toutes les annonces - Je cherche un appart a Belleville, debut Nov- Jan",petites annonces,https://www.souslouer.com/deposer-une-annonce/REGION/DEPARTEMENT/VILLE/Je-cherche-un-appart-a-Belleville-debut-Nov-Jan-9482,2026-08-31
souslouer.com,petites annonces - Toutes les annonces - Je cherche une cambre de Novembre à Janvier -Paris e proximités,petites annonces,https://www.souslouer.com/deposer-une-annonce/REGION/DEPARTEMENT/VILLE/Je-cherche-une-cambre-de-Novembre-a-Janvier-Paris-e-proximites-9441,2026-08-31
souslouer.com,petites annonces - Toutes les annonces - Je cherche une sous location à Paris,petites annonces,https://www.souslouer.com/deposer-une-annonce/REGION/DEPARTEMENT/VILLE/Je-cherche-une-sous-location-a-Paris-9048,2026-08-31
souslouer.com,petites annonces - Toutes les annonces - Jeune Cadre Recherche Sous location Paris,petites annonces,https://www.souslouer.com/deposer-une-annonce/REGION/DEPARTEMENT/VILLE/Jeune-Cadre-Recherche-Sous-location-Paris-9197,2026-08-31
souslouer.com,"petites annonces - Toutes les annonces - Jeune diplômé en architecture, 23 ans, recherche sous-location",petites annonces,https://www.souslouer.com/deposer-une-annonce/REGION/DEPARTEMENT/VILLE/Jeune-diplome-en-architecture-23-ans-recherche-sous-location-9264,2026-08-31
souslouer.com,petites annonces - Toutes les annonces - Jeune étudiante recherche logement pour 3 mois à Paris,petites annonces,https://www.souslouer.com/deposer-une-annonce/REGION/DEPARTEMENT/VILLE/Jeune-etudiante-recherche-logement-pour-3-mois-a-Paris-9600,2026-08-31
souslouer.com,petites annonces - Toutes les annonces - Jeune-femme recherche T2 en sous-location,petites annonces,https://www.souslouer.com/deposer-une-annonce/REGION/DEPARTEMENT/VILLE/Jeune-femme-recherche-T2-en-sous-location-9915,2026-08-31
souslouer.com,petites annonces - Toutes les annonces - Jeune salarié cherche studio,petites annonces,https://www.souslouer.com/deposer-une-annonce/REGION/DEPARTEMENT/VILLE/Jeune-salarie-cherche-studio-9620,2026-08-31
souslouer.com,petites annonces - Toutes les annonces - Jf et son chien cherche !!! urgence pour novembre et déce,petites annonces,https://www.souslouer.com/deposer-une-annonce/REGION/DEPARTEMENT/VILLE/Jf-et-son-chien-cherche-urgence-pour-novembre-et-dece-9752,2026-08-31
souslouer.com,petites annonces - Toutes les annonces - Joli 2pièces à Montmartre avec vue,petites annonces,https://www.souslouer.com/deposer-une-annonce/REGION/DEPARTEMENT/VILLE/Joli-2pieces-a-Montmartre-avec-vue-18311,2026-08-31
souslouer.com,petites annonces - Toutes les annonces - Joli Appartement : 2 pièces-30m²,petites annonces,https://www.souslouer.com/deposer-une-annonce/REGION/DEPARTEMENT/VILLE/Joli-Appartement-2-pieces-30m-11992,2026-08-31
souslouer.com,petites annonces - Toutes les annonces - Joli T1 à Saint Ouen (noël et nouvel an),petites annonces,https://www.souslouer.com/deposer-une-annonce/REGION/DEPARTEMENT/VILLE/Joli-T1-a-Saint-Ouen-nocl-et-nouvel-an-17941,2026-08-31
souslouer.com,petites annonces - Toutes les annonces - Joli T2 à Toulouse,petites annonces,https://www.souslouer.com/deposer-une-annonce/REGION/DEPARTEMENT/VILLE/Joli-T2-a-Toulouse-11548,2026-08-31
souslouer.com,petites annonces - Toutes les annonces - Jolie Studette,petites annonces,https://www.souslouer.com/deposer-une-annonce/REGION/DEPARTEMENT/VILLE/Jolie-Studette-18133,2026-08-31
souslouer.com,petites annonces - Toutes les annonces - LIBRE DES DEMAIN STUDIO A PARIS BASTILLE,petites annonces,https://www.souslouer.com/deposer-une-annonce/REGION/DEPARTEMENT/VILLE/LIBRE-DES-DEMAIN-STUDIO-A-PARIS-BASTILLE-17927,2026-08-31
souslouer.com,petites annonces - Toutes les annonces - LOCATION 12EME PARIS,petites annonces,https://www.souslouer.com/deposer-une-annonce/REGION/DEPARTEMENT/VILLE/LOCATION-12EME-PARIS-10250,2026-08-31
souslouer.com,petites annonces - Toutes les annonces - LOCATION MAISON MEUBLE EQUIPEE BORDEAUX 45m² JUIN_SEPT 500euro,petites annonces,https://www.souslouer.com/deposer-une-annonce/REGION/DEPARTEMENT/VILLE/LOCATION-MAISON-MEUBLE-EQUIPEE-BORDEAUX-45m-JUIN-SEPT-500euro-18688,2026-08-31
souslouer.com,petites annonces - Toutes les annonces - LOCATION PARIS 12,petites annonces,https://www.souslouer.com/deposer-une-annonce/REGION/DEPARTEMENT/VILLE/LOCATION-PARIS-12-10704,2026-08-31
souslouer.com,petites annonces - Toutes les annonces - LOOKING FOR A STUDIO FLAT IN PARIS,petites annonces,https://www.souslouer.com/deposer-une-annonce/REGION/DEPARTEMENT/VILLE/LOOKING-FOR-A-STUDIO-FLAT-IN-PARIS-10063,2026-08-31
souslouer.com,petites annonces - Toutes les annonces - LOOKING FOR A STUDIO FLAT IN PARIS,petites annonces,https://www.souslouer.com/deposer-une-annonce/REGION/DEPARTEMENT/VILLE/LOOKING-FOR-A-STUDIO-FLAT-IN-PARIS-10065,2026-08-31
souslouer.com,petites annonces - Toutes les annonces - Loc région parisienne pour 3 ans min,petites annonces,https://www.souslouer.com/deposer-une-annonce/REGION/DEPARTEMENT/VILLE/Loc-region-parisienne-pour-3-ans-min-9727,2026-08-31
souslouer.com,petites annonces - Toutes les annonces - Location Appartement Centre de Lille Ete 2011,petites annonces,https://www.souslouer.com/deposer-une-annonce/REGION/DEPARTEMENT/VILLE/Location-Appartement-Centre-de-Lille-Ete-2011-10730,2026-08-31
souslouer.com,petites annonces - Toutes les annonces - Location Appartement à 10 min de Paris,petites annonces,https://www.souslouer.com/deposer-une-annonce/REGION/DEPARTEMENT/VILLE/Location-Appartement-a-10-min-de-Paris-10610,2026-08-31
souslouer.com,petites annonces - Toutes les annonces - Location Appartement f2 de 40m² situer au (10 rue Vauquelin) 75005.,petites annonces,https://www.souslouer.com/deposer-une-annonce/REGION/DEPARTEMENT/VILLE/Location-Appartement-f2-de-40m-situer-au-10-rue-Vauquelin-75005-11288,2026-08-31
souslouer.com,petites annonces - Toutes les annonces - Location Appartement f2 de 40m² situer au (10 rue Vauquelin) 75005.,petites annonces,https://www.souslouer.com/deposer-une-annonce/REGION/DEPARTEMENT/VILLE/Location-Appartement-f2-de-40m-situer-au-10-rue-Vauquelin-75005-11289,2026-08-31
souslouer.com,petites annonces - Toutes les annonces - Location Courte durée BEAU 2 PIECES PROCHE BASTILLE !,petites annonces,https://www.souslouer.com/deposer-une-annonce/REGION/DEPARTEMENT/VILLE/Location-Courte-duree-BEAU-2-PIECES-PROCHE-BASTILLE-19083,2026-08-31
souslouer.com,petites annonces - Toutes les annonces - Location F3 Paris 13,petites annonces,https://www.souslouer.com/deposer-une-annonce/REGION/DEPARTEMENT/VILLE/Location-F3-Paris-13-18341,2026-08-31
souslouer.com,petites annonces - Toutes les annonces - Location Paris Vacances Noël,petites annonces,https://www.souslouer.com/deposer-une-annonce/REGION/DEPARTEMENT/VILLE/Location-Paris-Vacances-Nocl-10008,2026-08-31
souslouer.com,petites annonces - Toutes les annonces - Location de chambre,petites annonces,https://www.souslouer.com/deposer-une-annonce/REGION/DEPARTEMENT/VILLE/Location-de-chambre-11172,2026-08-31
souslouer.com,petites annonces - Toutes les annonces - Loue chambre dans 3P quartier Batignolles 600 euros,petites annonces,https://www.souslouer.com/deposer-une-annonce/REGION/DEPARTEMENT/VILLE/Loue-chambre-dans-3P-quartier-Batignolles-600-euros-18106,2026-08-31
souslouer.com,petites annonces - Toutes les annonces - Location F3 (2 chambres) Pantin Août-Octobre 2013,petites annonces,https://www.souslouer.com/deposer-une-annonce/REGION/DEPARTEMENT/VILLE/Loue-joli-F3-2-chambres-a-Pantin-Juillet-2012-19051,2026-08-31
souslouer.com,petites annonces - Toutes les annonces - Louvre Rivoli - Sentier 75001,petites annonces,https://www.souslouer.com/deposer-une-annonce/REGION/DEPARTEMENT/VILLE/Louvre-Rivoli-Sentier-75001-11881,2026-08-31
souslouer.com,petites annonces - Toutes les annonces - Lyon 2ème (Bellecour) 90 m2 JUIN-SEPTEMBRE,petites annonces,https://www.souslouer.com/deposer-une-annonce/REGION/DEPARTEMENT/VILLE/Lyon-2eme-Bellecour-90-m2-JUIN-SEPTEMBRE-18790,2026-08-31
souslouer.com,petites annonces - Toutes les annonces - Lyon 7éme Mi Mai sous loc,petites annonces,https://www.souslouer.com/deposer-une-annonce/REGION/DEPARTEMENT/VILLE/Lyon-7eme-Mi-Mai-sous-loc-18914,2026-08-31
souslouer.com,petites annonces - Toutes les annonces - Lyon Coquet Studio,petites annonces,https://www.souslouer.com/deposer-une-annonce/REGION/DEPARTEMENT/VILLE/Lyon-Coquet-Studio-11283,2026-08-31
souslouer.com,petites annonces - Toutes les annonces - Lyon T1 - Lyon plein centre - tout confort,petites annonces,https://www.souslouer.com/deposer-une-annonce/REGION/DEPARTEMENT/VILLE/Lyon-T1-Lyon-plein-centre-tout-confort-11344,2026-08-31
souslouer.com,petites annonces - Toutes les annonces - MAISON IMPECCABLE a louer,petites annonces,https://www.souslouer.com/deposer-une-annonce/REGION/DEPARTEMENT/VILLE/MAISON-IMPECCABLE-a-louer-11730,2026-08-31
souslouer.com,petites annonces - Toutes les annonces - MAISON IMPECCABLE a louer,petites annonces,https://www.souslouer.com/deposer-une-annonce/REGION/DEPARTEMENT/VILLE/MAISON-IMPECCABLE-a-louer-11744,2026-08-31
souslouer.com,petites annonces - Toutes les annonces - MASSY - 5 min RER B et C,petites annonces,https://www.souslouer.com/deposer-une-annonce/REGION/DEPARTEMENT/VILLE/MASSY-5-min-RER-B-et-C-10735,2026-08-31
souslouer.com,petites annonces - Toutes les annonces - Merveilleux appartement canal st martin,petites annonces,https://www.souslouer.com/deposer-une-annonce/REGION/DEPARTEMENT/VILLE/Merveilleux-appartement-canal-st-martin-18805,2026-08-31
souslouer.com,petites annonces - Toutes les annonces - Mi-mars - avril : recherche Paris 2 pièces à sous-louer,petites annonces,https://www.souslouer.com/deposer-une-annonce/REGION/DEPARTEMENT/VILLE/Mi-mars-avril-recherche-Paris-2-pieces-a-sous-louer-18334,2026-08-31
souslouer.com,petites annonces - Toutes les annonces - Montmartre août 2012 - Double-séjour 28m²,petites annonces,https://www.souslouer.com/deposer-une-annonce/REGION/DEPARTEMENT/VILLE/Montmartre-aout-2012-Double-sejour-28m-19048,2026-08-31
souslouer.com,petites annonces - Toutes les annonces - NOEL à PARIS 19éme grand appartement meublé 56M2 métro prés du Parc des Buttes-Chaumont,petites annonces,https://www.souslouer.com/deposer-une-annonce/REGION/DEPARTEMENT/VILLE/NOEL-a-PARIS-19eme-grand-appartement-meuble-56M2-metro-pres-du-Parc-des-Buttes-Chaumont-10740,2026-08-31
souslouer.com,"petites annonces - Toutes les annonces - Nancy, sous-location dans F4",petites annonces,https://www.souslouer.com/deposer-une-annonce/REGION/DEPARTEMENT/VILLE/Nancy-sous-location-dans-F4-10850,2026-08-31
souslouer.com,petites annonces - Toutes les annonces - Noël et Jour de l'an dans un charmant deux pièces à deux pas de la bastille,petites annonces,https://www.souslouer.com/deposer-une-annonce/REGION/DEPARTEMENT/VILLE/Nocl-et-Jour-de-l-an-dans-un-charmant-deux-pieces-a-deux-pas-de-la-bastille-10912,2026-08-31
souslouer.com,petites annonces - Toutes les annonces - Nouveau job à Paris !,petites annonces,https://www.souslouer.com/deposer-une-annonce/REGION/DEPARTEMENT/VILLE/Nouveau-job-a-Paris-9507,2026-08-31
souslouer.com,petites annonces - Toutes les annonces - Offre sous-location appart. Montreuil-Paris,petites annonces,https://www.souslouer.com/deposer-une-annonce/REGION/DEPARTEMENT/VILLE/Offre-sous-location-appart-Montreuil-Paris-10806,2026-08-31
souslouer.com,petites annonces - Toutes les annonces - Offre sous location appartement courte durée,petites annonces,https://www.souslouer.com/deposer-une-annonce/REGION/DEPARTEMENT/VILLE/Offre-sous-location-appartement-courte-duree-18321,2026-08-31
souslouer.com,petites annonces - Toutes les annonces - PARIS 11è - chambre dans 65 metres carré,petites annonces,https://www.souslouer.com/deposer-une-annonce/REGION/DEPARTEMENT/VILLE/PARIS-11e-chambre-dans-65-metres-carre-18150,2026-08-31
souslouer.com,petites annonces - Toutes les annonces - PARIS 20ème Chambre OU Appartement DE 1 à 10 PERSONNES à louer de NOEL au 1er de l'AN,petites annonces,https://www.souslouer.com/deposer-une-annonce/REGION/DEPARTEMENT/VILLE/PARIS-20eme-Chambre-OU-Appartement-DE-1-a-10-PERSONNES-a-louer-de-NOEL-au-1er-de-l-AN-17923,2026-08-31
souslouer.com,petites annonces - Toutes les annonces - PARIS 2MOIS MINIMUM,petites annonces,https://www.souslouer.com/deposer-une-annonce/REGION/DEPARTEMENT/VILLE/PARIS-2MOIS-MINIMUM-9054,2026-08-31
souslouer.com,petites annonces - Toutes les annonces - PARIS 2MOIS MINIMUM,petites annonces,https://www.souslouer.com/deposer-une-annonce/REGION/DEPARTEMENT/VILLE/PARIS-2MOIS-MINIMUM-9091,2026-08-31
souslouer.com,petites annonces - Toutes les annonces - PARIS Bel apt Canal st martin 1250€,petites annonces,https://www.souslouer.com/deposer-une-annonce/REGION/DEPARTEMENT/VILLE/PARIS-Bel-apt-Canal-st-martin-1250-18829,2026-08-31
souslouer.com,petites annonces - Toutes les annonces - PARIS CENTRE Studio 20m2 du 21 DECEMBRE AU 15 janvier,petites annonces,https://www.souslouer.com/deposer-une-annonce/REGION/DEPARTEMENT/VILLE/PARIS-CENTRE-Studio-20m2-du-21-DECEMBRE-AU-15-janvier-11199,2026-08-31
souslouer.com,petites annonces - Toutes les annonces - PARIS CENTRE URGENT,petites annonces,https://www.souslouer.com/deposer-une-annonce/REGION/DEPARTEMENT/VILLE/PARIS-CENTRE-URGENT-9687,2026-08-31
souslouer.com,petites annonces - Toutes les annonces - PARIS / MARAIS / ILE SAINT LOUIS 45m2,petites annonces,https://www.souslouer.com/deposer-une-annonce/REGION/DEPARTEMENT/VILLE/PARIS-MARAIS-ILE-SAINT-LOUIS-45m2-12026,2026-08-31
souslouer.com,petites annonces - Toutes les annonces - PARIS T2 OU T1 DEMANDE URGENTE,petites annonces,https://www.souslouer.com/deposer-une-annonce/REGION/DEPARTEMENT/VILLE/PARIS-T2-OU-T1-DEMANDE-URGENTE-9428,2026-08-31
souslouer.com,"petites annonces - Toutes les annonces - PARIS, location F2 -de Juillet à Décembre 2012",petites annonces,https://www.souslouer.com/deposer-une-annonce/REGION/DEPARTEMENT/VILLE/PARIS-location-F2-de-Juillet-a-Decembre-2012-18728,2026-08-31
souslouer.com,petites annonces - Toutes les annonces - PAris 19eme 18 au 26 fevrier,petites annonces,https://www.souslouer.com/deposer-une-annonce/REGION/DEPARTEMENT/VILLE/PAris-19eme-18-au-26-fevrier-11980,2026-08-31
souslouer.com,petites annonces - Toutes les annonces - POUR UN MOIS LYON 8EME,petites annonces,https://www.souslouer.com/deposer-une-annonce/REGION/DEPARTEMENT/VILLE/POUR-UN-MOIS-LYON-8EME-18322,2026-08-31
souslouer.com,petites annonces - Toutes les annonces - Paris 11° Studio 6 janvier-6 février,petites annonces,https://www.souslouer.com/deposer-une-annonce/REGION/DEPARTEMENT/VILLE/Paris-11-Studio-6-janvier-6-fevrier-10127,2026-08-31
souslouer.com,"petites annonces - Toutes les annonces - Paris, 11e, 54m carres, 15janvier-30 avril",petites annonces,https://www.souslouer.com/deposer-une-annonce/REGION/DEPARTEMENT/VILLE/Paris-11e-54m-carres-15janvier-30-avril-11541,2026-08-31
souslouer.com,petites annonces - Toutes les annonces - Paris 11ème,petites annonces,https://www.souslouer.com/deposer-une-annonce/REGION/DEPARTEMENT/VILLE/Paris-11eme-11551,2026-08-31
souslouer.com,petites annonces - Toutes les annonces - Paris 12 35m2,petites annonces,https://www.souslouer.com/deposer-une-annonce/REGION/DEPARTEMENT/VILLE/Paris-12-35m2-11663,2026-08-31
souslouer.com,petites annonces - Toutes les annonces - Paris 14e,petites annonces,https://www.souslouer.com/deposer-une-annonce/REGION/DEPARTEMENT/VILLE/Paris-14e-18237,2026-08-31
souslouer.com,petites annonces - Toutes les annonces - Paris 15e Sous loue studio 20 m2 500€,petites annonces,https://www.souslouer.com/deposer-une-annonce/REGION/DEPARTEMENT/VILLE/Paris-15e-Sous-loue-studio-20-m2-500-19121,2026-08-31
souslouer.com,petites annonces - Toutes les annonces - Paris 18ème-Chambre du 15 janvier au 15 mars 2011,petites annonces,https://www.souslouer.com/deposer-une-annonce/REGION/DEPARTEMENT/VILLE/Paris-18eme-Chambre-du-15-janvier-au-15-mars-2011-10885,2026-08-31
souslouer.com,petites annonces - Toutes les annonces - Paris 18ème - chambre du 19 déc. au 7 janvier 2011,petites annonces,https://www.souslouer.com/deposer-une-annonce/REGION/DEPARTEMENT/VILLE/Paris-18eme-chambre-du-19-dec-au-7-janvier-2011-10880,2026-08-31
souslouer.com,petites annonces - Toutes les annonces - Paris 19e : chambre à louer pour Noël,petites annonces,https://www.souslouer.com/deposer-une-annonce/REGION/DEPARTEMENT/VILLE/Paris-19e-chambre-a-louer-pour-Nocl-9957,2026-08-31
souslouer.com,petites annonces - Toutes les annonces - Paris 19èeme T2 debut février / mi mars,petites annonces,https://www.souslouer.com/deposer-une-annonce/REGION/DEPARTEMENT/VILLE/Paris-19eeme-T2-debut-fevrier-mi-mars-12012,2026-08-31
souslouer.com,petites annonces - Toutes les annonces - Paris 1er - Louvre - T2 28m² - Mai 2012 pour 1 an,petites annonces,https://www.souslouer.com/deposer-une-annonce/REGION/DEPARTEMENT/VILLE/Paris-1er-Louvre-T2-28m-Mai-2012-pour-1-an-18675,2026-08-31
souslouer.com,petites annonces - Toutes les annonces - Paris 2 pièces Ternes - Etoile,petites annonces,https://www.souslouer.com/deposer-une-annonce/REGION/DEPARTEMENT/VILLE/Paris-2-pieces-Ternes-Etoile-11732,2026-08-31
souslouer.com,petites annonces - Toutes les annonces - Paris 5 pièces du 18 au 30 décembre 2010,petites annonces,https://www.souslouer.com/deposer-une-annonce/REGION/DEPARTEMENT/VILLE/Paris-5-pieces-du-18-au-30-decembre-2010-10070,2026-08-31
souslouer.com,petites annonces - Toutes les annonces - Paris Juillet/Aout,petites annonces,https://www.souslouer.com/deposer-une-annonce/REGION/DEPARTEMENT/VILLE/Paris-Juillet-Aout-18866,2026-08-31
souslouer.com,petites annonces - Toutes les annonces - Paris - Novembre,petites annonces,https://www.souslouer.com/deposer-une-annonce/REGION/DEPARTEMENT/VILLE/Paris-Novembre-9697,2026-08-31
souslouer.com,petites annonces - Toutes les annonces - Paris Studio 26 m² : 680 euros,petites annonces,https://www.souslouer.com/deposer-une-annonce/REGION/DEPARTEMENT/VILLE/Paris-Studio-26-m-680-euros-18622,2026-08-31
souslouer.com,"petites annonces - Toutes les annonces - Paris, Très beau 3 pièces 66m², Juillet, Août (Eventuellement Septembre) 850 euros charges comprises",petites annonces,https://www.souslouer.com/deposer-une-annonce/REGION/DEPARTEMENT/VILLE/Paris-Tres-beau-3-pieces-66m-Juillet-Aout-Eventuellement-Septembre-850-euros-charges-comprises-18722,2026-08-31
souslouer.com,"petites annonces - Toutes les annonces - Paris XIXe, Appartement 2 pièces 50 m², Sous location 6 mois (janvier-juin 2011)",petites annonces,https://www.souslouer.com/deposer-une-annonce/REGION/DEPARTEMENT/VILLE/Paris-XIXe-Appartement-2-pieces-50-m-Sous-location-6-mois-janvier-juin-2011-10751,2026-08-31
souslouer.com,petites annonces - Toutes les annonces - Paris je t'aime! Je cherche studio/apartament a Paris,petites annonces,https://www.souslouer.com/deposer-une-annonce/REGION/DEPARTEMENT/VILLE/Paris-je-t-aime-Je-cherche-studio-apartament-a-Paris-9958,2026-08-31
souslouer.com,petites annonces - Toutes les annonces - Paris ou 92 - Cherche sous location a partir de décembre 2010,petites annonces,https://www.souslouer.com/deposer-une-annonce/REGION/DEPARTEMENT/VILLE/Paris-ou-92-Cherche-sous-location-a-partir-de-decembre-2010-10113,2026-08-31
souslouer.com,petites annonces - Toutes les annonces - Paris pour pls mois,petites annonces,https://www.souslouer.com/deposer-une-annonce/REGION/DEPARTEMENT/VILLE/Paris-pour-pls-mois-9865,2026-08-31
souslouer.com,petites annonces - Toutes les annonces - Partage 2P 47m2 Chacun 1Pièce,petites annonces,https://www.souslouer.com/deposer-une-annonce/REGION/DEPARTEMENT/VILLE/Partage-2P-47m2-Chacun-1Piece-11526,2026-08-31
souslouer.com,petites annonces - Toutes les annonces - Petit Duplex Paris 13e,petites annonces,https://www.souslouer.com/deposer-une-annonce/REGION/DEPARTEMENT/VILLE/Petit-Duplex-Paris-13e-18843,2026-08-31
souslouer.com,"petites annonces - Toutes les annonces - Petit appartement-studio, 27m2, Sceaux",petites annonces,https://www.souslouer.com/deposer-une-annonce/REGION/DEPARTEMENT/VILLE/Petit-appartement-studio-27m2-Sceaux-18478,2026-08-31
souslouer.com,petites annonces - Toutes les annonces - Pour quelques semaines à Paris,petites annonces,https://www.souslouer.com/deposer-une-annonce/REGION/DEPARTEMENT/VILLE/Pour-quelques-semaines-a-Paris-10289,2026-08-31
souslouer.com,petites annonces - Toutes les annonces - Professionelle cherche une sous-loc,petites annonces,https://www.souslouer.com/deposer-une-annonce/REGION/DEPARTEMENT/VILLE/Professionelle-cherche-une-sous-loc-10046,2026-08-31
souslouer.com,petites annonces - Toutes les annonces - Propose sous-location Agen Centre,petites annonces,https://www.souslouer.com/deposer-une-annonce/REGION/DEPARTEMENT/VILLE/Propose-sous-location-Agen-Centre-11615,2026-08-31
souslouer.com,petites annonces - Toutes les annonces - Propose sous location pour le mois de mars,petites annonces,https://www.souslouer.com/deposer-une-annonce/REGION/DEPARTEMENT/VILLE/Propose-sous-location-pour-le-mois-de-mars-18220,2026-08-31
souslouer.com,petites annonces - Toutes les annonces - RECH SOUS LOC MAX 900 EUR DES MI OCTOBRE,petites annonces,https://www.souslouer.com/deposer-une-annonce/REGION/DEPARTEMENT/VILLE/RECH-SOUS-LOC-MAX-900-EUR-DES-MI-OCTOBRE-9124,2026-08-31
souslouer.com,petites annonces - Toutes les annonces - RECH SOUS LOCATION 92 OU PARIS,petites annonces,https://www.souslouer.com/deposer-une-annonce/REGION/DEPARTEMENT/VILLE/RECH-SOUS-LOCATION-92-OU-PARIS-9996,2026-08-31
souslouer.com,petites annonces - Toutes les annonces - RECHERCHE APT 2 CHBRES SUR LYON,petites annonces,https://www.souslouer.com/deposer-une-annonce/REGION/DEPARTEMENT/VILLE/RECHERCHE-APT-2-CHBRES-SUR-LYON-9689,2026-08-31
souslouer.com,petites annonces - Toutes les annonces - RECHERCHE SOUS-LOC LYON CENTRAL 1 A 2 PIECES,petites annonces,https://www.souslouer.com/deposer-une-annonce/REGION/DEPARTEMENT/VILLE/RECHERCHE-SOUS-LOC-LYON-CENTRAL-1-A-2-PIECES-9442,2026-08-31
souslouer.com,petites annonces - Toutes les annonces - RECHERCHE STUDIO A SOUS LOUER,petites annonces,https://www.souslouer.com/deposer-une-annonce/REGION/DEPARTEMENT/VILLE/RECHERCHE-STUDIO-A-SOUS-LOUER-9839,2026-08-31
souslouer.com,petites annonces - Toutes les annonces - ROUEN - sous-location duplex meublé,petites annonces,https://www.souslouer.com/deposer-une-annonce/REGION/DEPARTEMENT/VILLE/ROUEN-sous-location-duplex-meuble-18593,2026-08-31
souslouer.com,petites annonces - Toutes les annonces - Récent et spacieux 4 pièces proche de Paris,petites annonces,https://www.souslouer.com/deposer-une-annonce/REGION/DEPARTEMENT/VILLE/Recent-et-spacieux-4-pieces-proche-de-Paris-18662,2026-08-31
souslouer.com,petites annonces - Toutes les annonces - Rech. Studio Strasbourg janvier-juin,petites annonces,https://www.souslouer.com/deposer-une-annonce/REGION/DEPARTEMENT/VILLE/Rech-Studio-Strasbourg-janvier-juin-9802,2026-08-31
souslouer.com,petites annonces - Toutes les annonces - Recheche appt Paris min 25m2 pour max 750e,petites annonces,https://www.souslouer.com/deposer-une-annonce/REGION/DEPARTEMENT/VILLE/Recheche-appt-Paris-min-25m2-pour-max-750e-9320,2026-08-31
souslouer.com,petites annonces - Toutes les annonces - Recherche Mini 6 mois à Paris,petites annonces,https://www.souslouer.com/deposer-une-annonce/REGION/DEPARTEMENT/VILLE/Recherche-Mini-6-mois-a-Paris-9322,2026-08-31
souslouer.com,petites annonces - Toutes les annonces - Recherche Studio/F2 sur Paris URGENT,petites annonces,https://www.souslouer.com/deposer-une-annonce/REGION/DEPARTEMENT/VILLE/Recherche-Studio-F2-sur-Paris-URGENT-9210,2026-08-31
souslouer.com,petites annonces - Toutes les annonces - Recherche URGENTE,petites annonces,https://www.souslouer.com/deposer-une-annonce/REGION/DEPARTEMENT/VILLE/Recherche-URGENTE-9382,2026-08-31
souslouer.com,petites annonces - Toutes les annonces - Recherche appart Lyon centre,petites annonces,https://www.souslouer.com/deposer-une-annonce/REGION/DEPARTEMENT/VILLE/Recherche-appart-Lyon-centre-9069,2026-08-31
souslouer.com,petites annonces - Toutes les annonces - Recherche appartement sud du 92 ou 15e,petites annonces,https://www.souslouer.com/deposer-une-annonce/REGION/DEPARTEMENT/VILLE/Recherche-appartement-sud-du-92-ou-15e-9776,2026-08-31
souslouer.com,petites annonces - Toutes les annonces - Recherche chambre dans coloc pour 3 mois Paris intramuros,petites annonces,https://www.souslouer.com/deposer-une-annonce/REGION/DEPARTEMENT/VILLE/Recherche-chambre-dans-coloc-pour-3-mois-Paris-intramuros-9097,2026-08-31
souslouer.com,petites annonces - Toutes les annonces - Recherche d'appartement pour deux mois,petites annonces,https://www.souslouer.com/deposer-une-annonce/REGION/DEPARTEMENT/VILLE/Recherche-d-appartement-pour-deux-mois-9660,2026-08-31
souslouer.com,petites annonces - Toutes les annonces - Recherche de logement sur Paris,petites annonces,https://www.souslouer.com/deposer-une-annonce/REGION/DEPARTEMENT/VILLE/Recherche-de-logement-sur-Paris-9078,2026-08-31
souslouer.com,petites annonces - Toutes les annonces - Recherche de sous location pour le mois de janvier,petites annonces,https://www.souslouer.com/deposer-une-annonce/REGION/DEPARTEMENT/VILLE/Recherche-de-sous-location-pour-le-mois-de-janvier-17978,2026-08-31
souslouer.com,petites annonces - Toutes les annonces - Recherche sous-loc Montréal àp de FEVRIER- AOÛT,petites annonces,https://www.souslouer.com/deposer-une-annonce/REGION/DEPARTEMENT/VILLE/Recherche-sous-loc-Montreal-ap-de-FEVRIER-AOuT-10081,2026-08-31
souslouer.com,petites annonces - Toutes les annonces - Recherche sous loc Paris et environs,petites annonces,https://www.souslouer.com/deposer-une-annonce/REGION/DEPARTEMENT/VILLE/Recherche-sous-loc-Paris-et-environs-9737,2026-08-31
souslouer.com,petites annonces - Toutes les annonces - Recherche sous-loc pour 2 à 4 mois sur Paris,petites annonces,https://www.souslouer.com/deposer-une-annonce/REGION/DEPARTEMENT/VILLE/Recherche-sous-loc-pour-2-a-4-mois-sur-Paris-10110,2026-08-31
souslouer.com,petites annonces - Toutes les annonces - Recherche sous loc quelques mois Paris,petites annonces,https://www.souslouer.com/deposer-une-annonce/REGION/DEPARTEMENT/VILLE/Recherche-sous-loc-quelques-mois-Paris-9074,2026-08-31
souslouer.com,"petites annonces - Toutes les annonces - Recherche sous loc' sur Paris, URGENT",petites annonces,https://www.souslouer.com/deposer-une-annonce/REGION/DEPARTEMENT/VILLE/Recherche-sous-loc-sur-Paris-URGENT-9550,2026-08-31
souslouer.com,petites annonces - Toutes les annonces - Recherche sous-location Paris ( 05/11/2010 - 01/09/2011 ),petites annonces,https://www.souslouer.com/deposer-une-annonce/REGION/DEPARTEMENT/VILLE/Recherche-sous-location-Paris-05-11-2010-01-09-2011-9477,2026-08-31
souslouer.com,petites annonces - Toutes les annonces - Recherche sous location Paris 6e ou 14e,petites annonces,https://www.souslouer.com/deposer-une-annonce/REGION/DEPARTEMENT/VILLE/Recherche-sous-location-Paris-6e-ou-14e-9675,2026-08-31
souslouer.com,petites annonces - Toutes les annonces - Recherche sous location Paris à partir de Janvier jusqu'à la fin du mois de Mars 2011,petites annonces,https://www.souslouer.com/deposer-une-annonce/REGION/DEPARTEMENT/VILLE/Recherche-sous-location-Paris-a-partir-de-Janvier-jusqu-a-la-fin-du-mois-de-Mars-2011-9644,2026-08-31
souslouer.com,petites annonces - Toutes les annonces - Recherche sous-location Paris : mi octobre - mi décembre,petites annonces,https://www.souslouer.com/deposer-une-annonce/REGION/DEPARTEMENT/VILLE/Recherche-sous-location-Paris-mi-octobre-mi-decembre-9234,2026-08-31
souslouer.com,petites annonces - Toutes les annonces - Recherche sous location paris Urgente,petites annonces,https://www.souslouer.com/deposer-une-annonce/REGION/DEPARTEMENT/VILLE/Recherche-sous-location-paris-Urgente-9146,2026-08-31
souslouer.com,petites annonces - Toutes les annonces - Recherche sous location région parisienne,petites annonces,https://www.souslouer.com/deposer-une-annonce/REGION/DEPARTEMENT/VILLE/Recherche-sous-location-region-parisienne-9986,2026-08-31
souslouer.com,petites annonces - Toutes les annonces - Recherche sous location : studio ou F2,petites annonces,https://www.souslouer.com/deposer-une-annonce/REGION/DEPARTEMENT/VILLE/Recherche-sous-location-studio-ou-F2-19113,2026-08-31
souslouer.com,petites annonces - Toutes les annonces - Recherche sous location sur Paris,petites annonces,https://www.souslouer.com/deposer-une-annonce/REGION/DEPARTEMENT/VILLE/Recherche-sous-location-sur-Paris-9114,2026-08-31
souslouer.com,petites annonces - Toutes les annonces - Recherche sous-location sur Paris,petites annonces,https://www.souslouer.com/deposer-une-annonce/REGION/DEPARTEMENT/VILLE/Recherche-sous-location-sur-Paris-9228,2026-08-31
souslouer.com,petites annonces - Toutes les annonces - Recherche sous-location sur Paris,petites annonces,https://www.souslouer.com/deposer-une-annonce/REGION/DEPARTEMENT/VILLE/Recherche-sous-location-sur-Paris-9979,2026-08-31
souslouer.com,petites annonces - Toutes les annonces - Recherche sous-location sur Paris ou proche banlieue,petites annonces,https://www.souslouer.com/deposer-une-annonce/REGION/DEPARTEMENT/VILLE/Recherche-sous-location-sur-Paris-ou-proche-banlieue-9849,2026-08-31
souslouer.com,"petites annonces - Toutes les annonces - Recherche sous location, urgent, pour novembre et décembre Paris centre.",petites annonces,https://www.souslouer.com/deposer-une-annonce/REGION/DEPARTEMENT/VILLE/Recherche-sous-location-urgent-pour-novembre-et-decembre-Paris-centre-9658,2026-08-31
souslouer.com,petites annonces - Toutes les annonces - Recherche sous loctaion à Paris,petites annonces,https://www.souslouer.com/deposer-une-annonce/REGION/DEPARTEMENT/VILLE/Recherche-sous-loctaion-a-Paris-9170,2026-08-31
souslouer.com,petites annonces - Toutes les annonces - Recherche studio meuble pour deux mois,petites annonces,https://www.souslouer.com/deposer-une-annonce/REGION/DEPARTEMENT/VILLE/Recherche-studio-meuble-pour-deux-mois-9353,2026-08-31
souslouer.com,petites annonces - Toutes les annonces - Recherche studio ou T1 à Paris de déc. à fév.,petites annonces,https://www.souslouer.com/deposer-une-annonce/REGION/DEPARTEMENT/VILLE/Recherche-studio-ou-T1-a-Paris-de-dec-a-fev-9433,2026-08-31
souslouer.com,petites annonces - Toutes les annonces - Recherche stuio urgent,petites annonces,https://www.souslouer.com/deposer-une-annonce/REGION/DEPARTEMENT/VILLE/Recherche-stuio-urgent-9096,2026-08-31
souslouer.com,petites annonces - Toutes les annonces - Recherche une sous location,petites annonces,https://www.souslouer.com/deposer-une-annonce/REGION/DEPARTEMENT/VILLE/Recherche-une-sous-location-9758,2026-08-31
souslouer.com,petites annonces - Toutes les annonces - Recherche urgente 1er janvier,petites annonces,https://www.souslouer.com/deposer-une-annonce/REGION/DEPARTEMENT/VILLE/Recherche-urgente-1er-janvier-9512,2026-08-31
souslouer.com,petites annonces - Toutes les annonces - Recherchons Sous-location du 15 au 24 décembre,petites annonces,https://www.souslouer.com/deposer-une-annonce/REGION/DEPARTEMENT/VILLE/Recherchons-Sous-location-du-15-au-24-decembre-9389,2026-08-31
souslouer.com,petites annonces - Toutes les annonces - Rennes à partir de décembre,petites annonces,https://www.souslouer.com/deposer-une-annonce/REGION/DEPARTEMENT/VILLE/Rennes-a-partir-de-decembre-9272,2026-08-31
souslouer.com,petites annonces - Toutes les annonces - SOUS LOCATION 4 PIECES PARIS,petites annonces,https://www.souslouer.com/deposer-une-annonce/REGION/DEPARTEMENT/VILLE/SOUS-LOCATION-4-PIECES-PARIS-11253,2026-08-31
souslouer.com,petites annonces - Toutes les annonces - SOUS-LOCATION 6MOIS STUDIO PARIS 20EME,petites annonces,https://www.souslouer.com/deposer-une-annonce/REGION/DEPARTEMENT/VILLE/SOUS-LOCATION-6MOIS-STUDIO-PARIS-20EME-18253,2026-08-31
souslouer.com,petites annonces - Toutes les annonces - SOUS LOCATION APPARTEMENT 68 m2 PARIS MONTMARTRE,petites annonces,https://www.souslouer.com/deposer-une-annonce/REGION/DEPARTEMENT/VILLE/SOUS-LOCATION-APPARTEMENT-68-m2-PARIS-MONTMARTRE-18823,2026-08-31
souslouer.com,petites annonces - Toutes les annonces - SOUS LOCATION APPARTEMENT BOULOGNE MARCEL SAMBAT T2 45m2 LUMINEUX LONGUE OU COURTE DUREE,petites annonces,https://www.souslouer.com/deposer-une-annonce/REGION/DEPARTEMENT/VILLE/SOUS-LOCATION-APPARTEMENT-BOULOGNE-MARCEL-SAMBAT-T2-45m2-LUMINEUX-LONGUE-OU-COURTE-DUREE-11355,2026-08-31
souslouer.com,petites annonces - Toutes les annonces - SOUS LOCATION BORDEAUX par mois ou par semaine d'un SUPERBE ET GRAND T1 Bis 40 M2,petites annonces,https://www.souslouer.com/deposer-une-annonce/REGION/DEPARTEMENT/VILLE/SOUS-LOCATION-BORDEAUX-par-mois-ou-par-semaine-d-un-SUPERBE-ET-GRAND-T1-Bis-40-M2-11879,2026-08-31
souslouer.com,petites annonces - Toutes les annonces - SOUS LOCATION IDF PARIS,petites annonces,https://www.souslouer.com/deposer-une-annonce/REGION/DEPARTEMENT/VILLE/SOUS-LOCATION-IDF-PARIS-9911,2026-08-31
souslouer.com,petites annonces - Toutes les annonces - SOUS LOCATION JOLI STUDIO de 17 m2 - PARIS 16 - Rue de la Pompe,petites annonces,https://www.souslouer.com/deposer-une-annonce/REGION/DEPARTEMENT/VILLE/SOUS-LOCATION-JOLI-STUDIO-de-17-m2-PARIS-16-Rue-de-la-Pompe-18287,2026-08-31
souslouer.com,petites annonces - Toutes les annonces - SOUS LOCATION NANCY BOUFFLERS F3,petites annonces,https://www.souslouer.com/deposer-une-annonce/REGION/DEPARTEMENT/VILLE/SOUS-LOCATION-NANCY-BOUFFLERS-F3-11559,2026-08-31
souslouer.com,petites annonces - Toutes les annonces - SOUS LOCATION PARIS 18 EME MEUBLE,petites annonces,https://www.souslouer.com/deposer-une-annonce/REGION/DEPARTEMENT/VILLE/SOUS-LOCATION-PARIS-18-EME-MEUBLE-11805,2026-08-31
souslouer.com,petites annonces - Toutes les annonces - SOUS LOCATION PARIS ET PROCHE BANLIEU,petites annonces,https://www.souslouer.com/deposer-une-annonce/REGION/DEPARTEMENT/VILLE/SOUS-LOCATION-PARIS-ET-PROCHE-BANLIEU-9638,2026-08-31
souslouer.com,petites annonces - Toutes les annonces - SOUS LOCATION PARIS URGENT,petites annonces,https://www.souslouer.com/deposer-une-annonce/REGION/DEPARTEMENT/VILLE/SOUS-LOCATION-PARIS-URGENT-10695,2026-08-31
souslouer.com,petites annonces - Toutes les annonces - SOUS LOCATION PARIS URGENT,petites annonces,https://www.souslouer.com/deposer-une-annonce/REGION/DEPARTEMENT/VILLE/SOUS-LOCATION-PARIS-URGENT-9451,2026-08-31
souslouer.com,petites annonces - Toutes les annonces - SOUS LOCATION STUDIO 17 m paris 12,petites annonces,https://www.souslouer.com/deposer-une-annonce/REGION/DEPARTEMENT/VILLE/SOUS-LOCATION-STUDIO-17-m-paris-12-18609,2026-08-31
souslouer.com,petites annonces - Toutes les annonces - SOUS-LOCATION STUDIO MEUBLE 25m2 - TOULOUSE,petites annonces,https://www.souslouer.com/deposer-une-annonce/REGION/DEPARTEMENT/VILLE/SOUS-LOCATION-STUDIO-MEUBLE-25m2-TOULOUSE-17980,2026-08-31
souslouer.com,petites annonces - Toutes les annonces - SOUS LOCATION STUDIO PARIS,petites annonces,https://www.souslouer.com/deposer-une-annonce/REGION/DEPARTEMENT/VILLE/SOUS-LOCATION-STUDIO-PARIS-9281,2026-08-31
souslouer.com,petites annonces - Toutes les annonces - SOUS LOCATION pour courte durée,petites annonces,https://www.souslouer.com/deposer-une-annonce/REGION/DEPARTEMENT/VILLE/SOUS-LOCATION-pour-courte-duree-10126,2026-08-31
souslouer.com,petites annonces - Toutes les annonces - SOUS LOUE APPARTEMENT T2 PARIS,petites annonces,https://www.souslouer.com/deposer-une-annonce/REGION/DEPARTEMENT/VILLE/SOUS-LOUE-APPARTEMENT-T2-PARIS-18640,2026-08-31
souslouer.com,petites annonces - Toutes les annonces - SOUS LOUE T2 BOULOGNE ROLAND GARROS,petites annonces,https://www.souslouer.com/deposer-une-annonce/REGION/DEPARTEMENT/VILLE/SOUS-LOUE-T2-BOULOGNE-ROLAND-GARROS-19128,2026-08-31
souslouer.com,petites annonces - Toutes les annonces - SOUS location 2 piece meublé en plein 16ème,petites annonces,https://www.souslouer.com/deposer-une-annonce/REGION/DEPARTEMENT/VILLE/SOUS-location-2-piece-meuble-en-plein-16eme-18141,2026-08-31
souslouer.com,petites annonces - Toutes les annonces - SS-location juill-sept Paris studio 16m2/ 320 euros,petites annonces,https://www.souslouer.com/deposer-une-annonce/REGION/DEPARTEMENT/VILLE/SS-location-juill-sept-Paris-studio-16m2-320-euros-18566,2026-08-31
souslouer.com,petites annonces - Toutes les annonces - SSLOC COLOC CHBRE DS T2,petites annonces,https://www.souslouer.com/deposer-une-annonce/REGION/DEPARTEMENT/VILLE/SSLOC-COLOC-CHBRE-DS-T2-10165,2026-08-31
souslouer.com,petites annonces - Toutes les annonces - SSLOC COLOC CHBRE DS T2,petites annonces,https://www.souslouer.com/deposer-une-annonce/REGION/DEPARTEMENT/VILLE/SSLOC-COLOC-CHBRE-DS-T2-10556,2026-08-31
souslouer.com,petites annonces - Toutes les annonces - SSLOC COLOC CHBRE DS T2 PARIS,petites annonces,https://www.souslouer.com/deposer-une-annonce/REGION/DEPARTEMENT/VILLE/SSLOC-COLOC-CHBRE-DS-T2-PARIS-11562,2026-08-31
souslouer.com,petites annonces - Toutes les annonces - SSLOC COLOC CHBRE DS T2 PARIS fêtes,petites annonces,https://www.souslouer.com/deposer-une-annonce/REGION/DEPARTEMENT/VILLE/SSLOC-COLOC-CHBRE-DS-T2-PARIS-fetes-11077,2026-08-31
souslouer.com,petites annonces - Toutes les annonces - STUDIO 32M2 PARIS 12 -70€ la nuitée,petites annonces,https://www.souslouer.com/deposer-une-annonce/REGION/DEPARTEMENT/VILLE/STUDIO-32M2-PARIS-12-70-la-nuitee-11542,2026-08-31
souslouer.com,petites annonces - Toutes les annonces - STUDIO 35M2 AVENUE WAGRAM Paris 17ème.,petites annonces,https://www.souslouer.com/deposer-une-annonce/REGION/DEPARTEMENT/VILLE/STUDIO-35M2-AVENUE-WAGRAM-Paris-17eme-18605,2026-08-31
souslouer.com,petites annonces - Toutes les annonces - STUDIO MARAIS uniquement le week-end,petites annonces,https://www.souslouer.com/deposer-une-annonce/REGION/DEPARTEMENT/VILLE/STUDIO-MARAIS-uniquement-le-week-end-18475,2026-08-31
souslouer.com,petites annonces - Toutes les annonces - STUDIO PARIS 11EME 5MN BASTILLE,petites annonces,https://www.souslouer.com/deposer-une-annonce/REGION/DEPARTEMENT/VILLE/STUDIO-PARIS-11EME-5MN-BASTILLE-11083,2026-08-31
souslouer.com,petites annonces - Toutes les annonces - STUDIO PARIS 12E 3 MOIS,petites annonces,https://www.souslouer.com/deposer-une-annonce/REGION/DEPARTEMENT/VILLE/STUDIO-PARIS-12E-3-MOIS-10440,2026-08-31
souslouer.com,petites annonces - Toutes les annonces - STUDIO PARIS 16,petites annonces,https://www.souslouer.com/deposer-une-annonce/REGION/DEPARTEMENT/VILLE/STUDIO-PARIS-16-19072,2026-08-31
souslouer.com,petites annonces - Toutes les annonces - STUDIO PARIS 17,petites annonces,https://www.souslouer.com/deposer-une-annonce/REGION/DEPARTEMENT/VILLE/STUDIO-PARIS-17-11666,2026-08-31
souslouer.com,petites annonces - Toutes les annonces - STUDIO PORTE D'ITALIE 700 euros,petites annonces,https://www.souslouer.com/deposer-une-annonce/REGION/DEPARTEMENT/VILLE/STUDIO-PORTE-D-ITALIE-700-euros-17976,2026-08-31
souslouer.com,petites annonces - Toutes les annonces - STUDIO ST-GERMAIN-DES-PRES PARIS 6,petites annonces,https://www.souslouer.com/deposer-une-annonce/REGION/DEPARTEMENT/VILLE/STUDIO-ST-GERMAIN-DES-PRES-PARIS-6-17963,2026-08-31
souslouer.com,petites annonces - Toutes les annonces - SUPER GRAND T1 bis 40 m2 sur BORDEAUX CENTRE à la semaine ou au mois ....,petites annonces,https://www.souslouer.com/deposer-une-annonce/REGION/DEPARTEMENT/VILLE/SUPER-GRAND-T1-bis-40-m2-sur-BORDEAUX-CENTRE-a-la-semaine-ou-au-mois-11880,2026-08-31
souslouer.com,petites annonces - Toutes les annonces - Seulement pour MAI- Location Paris- Appartement grand T2 - 52m- Paris 14,petites annonces,https://www.souslouer.com/deposer-une-annonce/REGION/DEPARTEMENT/VILLE/Seulement-pour-MAI-Location-Paris-Appartement-grand-T2-52m-Paris-14-18595,2026-08-31
souslouer.com,petites annonces - Toutes les annonces - Sous Loc. d'une residence étudiante LYON 4iem,petites annonces,https://www.souslouer.com/deposer-une-annonce/REGION/DEPARTEMENT/VILLE/Sous-Loc-d-une-residence-etudiante-LYON-4iem-19126,2026-08-31
souslouer.com,petites annonces - Toutes les annonces - Sous Location 2 pièces Paris 3ème arrondissement,petites annonces,https://www.souslouer.com/deposer-une-annonce/REGION/DEPARTEMENT/VILLE/Sous-Location-2-pieces-Paris-3eme-arrondissement-18153,2026-08-31
souslouer.com,petites annonces - Toutes les annonces - Sous Location Appartement 39m² Paris 11,petites annonces,https://www.souslouer.com/deposer-une-annonce/REGION/DEPARTEMENT/VILLE/Sous-Location-Appartement-39m-Paris-11-18987,2026-08-31
souslouer.com,petites annonces - Toutes les annonces - Sous Location F1 30m2-Paris 8e,petites annonces,https://www.souslouer.com/deposer-une-annonce/REGION/DEPARTEMENT/VILLE/Sous-Location-F1-30m2-Paris-8e-18470,2026-08-31
souslouer.com,petites annonces - Toutes les annonces - Sous Location GRAND 2 PIECES 56 m2 PARIS 17 pour un an,petites annonces,https://www.souslouer.com/deposer-une-annonce/REGION/DEPARTEMENT/VILLE/Sous-Location-GRAND-2-PIECES-56-m2-PARIS-17-pour-un-an-10178,2026-08-31
souslouer.com,petites annonces - Toutes les annonces - Sous Location Paris,petites annonces,https://www.souslouer.com/deposer-une-annonce/REGION/DEPARTEMENT/VILLE/Sous-Location-Paris-18687,2026-08-31
souslouer.com,petites annonces - Toutes les annonces - Sous-Location Paris 2P à partir de décembre.,petites annonces,https://www.souslouer.com/deposer-une-annonce/REGION/DEPARTEMENT/VILLE/Sous-Location-Paris-2P-a-partir-de-decembre-9147,2026-08-31
souslouer.com,petites annonces - Toutes les annonces - Sous Location Parking Boulogne Billancourt,petites annonces,https://www.souslouer.com/deposer-une-annonce/REGION/DEPARTEMENT/VILLE/Sous-Location-Parking-Boulogne-Billancourt-18612,2026-08-31
souslouer.com,"petites annonces - Toutes les annonces - Sous Location Studio PARIS 11, République",petites annonces,https://www.souslouer.com/deposer-une-annonce/REGION/DEPARTEMENT/VILLE/Sous-Location-Studio-PARIS-11-Republique-17975,2026-08-31
souslouer.com,petites annonces - Toutes les annonces - *** Sous-Location Studio PARIS 12 - Juillet et Aout 2012 ***,petites annonces,https://www.souslouer.com/deposer-une-annonce/REGION/DEPARTEMENT/VILLE/Sous-Location-Studio-PARIS-12-Juillet-et-Aout-2012-18642,2026-08-31
souslouer.com,petites annonces - Toutes les annonces - *** Sous-Location Studio PARIS 12 - Juillet et Aout 2012 ***,petites annonces,https://www.souslouer.com/deposer-une-annonce/REGION/DEPARTEMENT/VILLE/Sous-Location-Studio-PARIS-12-Juillet-et-Aout-2012-18792,2026-08-31
souslouer.com,petites annonces - Toutes les annonces - Sous Location Studio Paris 10éme,petites annonces,https://www.souslouer.com/deposer-une-annonce/REGION/DEPARTEMENT/VILLE/Sous-Location-Studio-Paris-10eme-10652,2026-08-31
souslouer.com,petites annonces - Toutes les annonces - Sous Location Studio Paris en Aout,petites annonces,https://www.souslouer.com/deposer-une-annonce/REGION/DEPARTEMENT/VILLE/Sous-Location-Studio-Paris-en-Aout-18611,2026-08-31
souslouer.com,petites annonces - Toutes les annonces - Sous Location appartement Poitiers,petites annonces,https://www.souslouer.com/deposer-une-annonce/REGION/DEPARTEMENT/VILLE/Sous-Location-appartement-Poitiers-11436,2026-08-31
souslouer.com,petites annonces - Toutes les annonces - Sous Location colocation dans appartement Paris,petites annonces,https://www.souslouer.com/deposer-une-annonce/REGION/DEPARTEMENT/VILLE/Sous-Location-colocation-dans-appartement-Paris-11252,2026-08-31
souslouer.com,petites annonces - Toutes les annonces - Sous Location petit 2 pièces PARIS,petites annonces,https://www.souslouer.com/deposer-une-annonce/REGION/DEPARTEMENT/VILLE/Sous-Location-petit-2-pieces-PARIS-18903,2026-08-31
souslouer.com,"petites annonces - Toutes les annonces - Sous-colocation, T3, 70m²",petites annonces,https://www.souslouer.com/deposer-une-annonce/REGION/DEPARTEMENT/VILLE/Sous-colocation-T3-70m-18234,2026-08-31
souslouer.com,petites annonces - Toutes les annonces - Sous loc Beau 50m2 Courbevoie/La Defense,petites annonces,https://www.souslouer.com/deposer-une-annonce/REGION/DEPARTEMENT/VILLE/Sous-loc-Beau-50m2-Courbevoie-La-Defense-18617,2026-08-31
souslouer.com,petites annonces - Toutes les annonces - Sous loc T2 10è arrondissement,petites annonces,https://www.souslouer.com/deposer-une-annonce/REGION/DEPARTEMENT/VILLE/Sous-loc-T2-10e-arrondissement-9987,2026-08-31
souslouer.com,petites annonces - Toutes les annonces - Sous loc T2 Paris,petites annonces,https://www.souslouer.com/deposer-une-annonce/REGION/DEPARTEMENT/VILLE/Sous-loc-T2-Paris-10962,2026-08-31
souslouer.com,petites annonces - Toutes les annonces - Sous loc T2 Paris,petites annonces,https://www.souslouer.com/deposer-une-annonce/REGION/DEPARTEMENT/VILLE/Sous-loc-T2-Paris-10963,2026-08-31
souslouer.com,petites annonces - Toutes les annonces - Sous loc décembre Paris,petites annonces,https://www.souslouer.com/deposer-une-annonce/REGION/DEPARTEMENT/VILLE/Sous-loc-decembre-Paris-10291,2026-08-31
souslouer.com,petites annonces - Toutes les annonces - Sous-loc grand 2P Paris 12è de fin mai à fin août 2012,petites annonces,https://www.souslouer.com/deposer-une-annonce/REGION/DEPARTEMENT/VILLE/Sous-loc-grand-2P-Paris-12e-de-fin-mai-a-fin-aout-2012-18122,2026-08-31
souslouer.com,petites annonces - Toutes les annonces - Sous loc plein centyre montpellier,petites annonces,https://www.souslouer.com/deposer-une-annonce/REGION/DEPARTEMENT/VILLE/Sous-loc-plein-centyre-montpellier-11734,2026-08-31
souslouer.com,petites annonces - Toutes les annonces - Sous loc sur Paris ou banlieu,petites annonces,https://www.souslouer.com/deposer-une-annonce/REGION/DEPARTEMENT/VILLE/Sous-loc-sur-Paris-ou-banlieu-9257,2026-08-31
souslouer.com,petites annonces - Toutes les annonces - Sous-location,petites annonces,https://www.souslouer.com/deposer-une-annonce/REGION/DEPARTEMENT/VILLE/Sous-location-10561,2026-08-31
souslouer.com,petites annonces - Toutes les annonces - Sous-location 50 m2 Lille été 2012,petites annonces,https://www.souslouer.com/deposer-une-annonce/REGION/DEPARTEMENT/VILLE/Sous-location-50-m2-Lille-ete-2012-19020,2026-08-31
souslouer.com,petites annonces - Toutes les annonces - Sous-location 50 m2 Lille été 2012,petites annonces,https://www.souslouer.com/deposer-une-annonce/REGION/DEPARTEMENT/VILLE/Sous-location-50-m2-Lille-ete-2012-19085,2026-08-31
souslouer.com,petites annonces - Toutes les annonces - Sous location 6mois - proche 19e,petites annonces,https://www.souslouer.com/deposer-une-annonce/REGION/DEPARTEMENT/VILLE/Sous-location-6mois-proche-19e-18851,2026-08-31
souslouer.com,petites annonces - Toutes les annonces - Sous-location 75018,petites annonces,https://www.souslouer.com/deposer-une-annonce/REGION/DEPARTEMENT/VILLE/Sous-location-75018-11343,2026-08-31
souslouer.com,petites annonces - Toutes les annonces - Sous-location Appartement Bordeaux,petites annonces,https://www.souslouer.com/deposer-une-annonce/REGION/DEPARTEMENT/VILLE/Sous-location-Appartement-Bordeaux-18637,2026-08-31
souslouer.com,petites annonces - Toutes les annonces - Sous-location Appartement Lyon,petites annonces,https://www.souslouer.com/deposer-une-annonce/REGION/DEPARTEMENT/VILLE/Sous-location-Appartement-Lyon-11921,2026-08-31
souslouer.com,petites annonces - Toutes les annonces - Sous location Appartement Ski Chamrousse (proche Grenoble),petites annonces,https://www.souslouer.com/deposer-une-annonce/REGION/DEPARTEMENT/VILLE/Sous-location-Appartement-Ski-Chamrousse-proche-Grenoble-11968,2026-08-31
souslouer.com,petites annonces - Toutes les annonces - Sous location Avril-Août - chambre dans collocation,petites annonces,https://www.souslouer.com/deposer-une-annonce/REGION/DEPARTEMENT/VILLE/Sous-location-Avril-Aout-chambre-dans-collocation-18363,2026-08-31
souslouer.com,petites annonces - Toutes les annonces - Sous location - Coloc pour 2 - Lyon,petites annonces,https://www.souslouer.com/deposer-une-annonce/REGION/DEPARTEMENT/VILLE/Sous-location-Coloc-pour-2-Lyon-10413,2026-08-31
souslouer.com,petites annonces - Toutes les annonces - Sous location Etampes / appartement 55m²,petites annonces,https://www.souslouer.com/deposer-une-annonce/REGION/DEPARTEMENT/VILLE/Sous-location-Etampes-appartement-55m-19089,2026-08-31
souslouer.com,petites annonces - Toutes les annonces - Sous-location F2 Boissy(94) 750€,petites annonces,https://www.souslouer.com/deposer-une-annonce/REGION/DEPARTEMENT/VILLE/Sous-location-F2-Boissy-94-750-18310,2026-08-31
souslouer.com,petites annonces - Toutes les annonces - Sous location F2 Paris 18ème,petites annonces,https://www.souslouer.com/deposer-une-annonce/REGION/DEPARTEMENT/VILLE/Sous-location-F2-Paris-18eme-18636,2026-08-31
souslouer.com,petites annonces - Toutes les annonces - Sous-location F2 Paris 3ème - JUIL /AOUT,petites annonces,https://www.souslouer.com/deposer-une-annonce/REGION/DEPARTEMENT/VILLE/Sous-location-F2-Paris-3eme-JUIL-AOUT-11872,2026-08-31
souslouer.com,petites annonces - Toutes les annonces - Sous-location F2 Porte de paris,petites annonces,https://www.souslouer.com/deposer-une-annonce/REGION/DEPARTEMENT/VILLE/Sous-location-F2-Porte-de-paris-18466,2026-08-31
souslouer.com,petites annonces - Toutes les annonces - Sous-location F2 porte de paris-Stade de France,petites annonces,https://www.souslouer.com/deposer-une-annonce/REGION/DEPARTEMENT/VILLE/Sous-location-F2-porte-de-paris-Stade-de-France-18464,2026-08-31
souslouer.com,petites annonces - Toutes les annonces - Sous-location F2 porte de paris-Stade de France,petites annonces,https://www.souslouer.com/deposer-une-annonce/REGION/DEPARTEMENT/VILLE/Sous-location-F2-porte-de-paris-Stade-de-France-18522,2026-08-31
souslouer.com,petites annonces - Toutes les annonces - Sous location Joli T1 porte de Paris,petites annonces,https://www.souslouer.com/deposer-une-annonce/REGION/DEPARTEMENT/VILLE/Sous-location-Joli-T1-porte-de-Paris-18245,2026-08-31
souslouer.com,petites annonces - Toutes les annonces - Sous-location MONTRÉAL,petites annonces,https://www.souslouer.com/deposer-une-annonce/REGION/DEPARTEMENT/VILLE/Sous-location-MONTReAL-10606,2026-08-31
souslouer.com,petites annonces - Toutes les annonces - Sous location NANTES,petites annonces,https://www.souslouer.com/deposer-une-annonce/REGION/DEPARTEMENT/VILLE/Sous-location-NANTES-10145,2026-08-31
souslouer.com,"petites annonces - Toutes les annonces - Sous location PARIS, T2, 40 m², 20e arr",petites annonces,https://www.souslouer.com/deposer-une-annonce/REGION/DEPARTEMENT/VILLE/Sous-location-PARIS-T2-40-m-20e-arr-19157,2026-08-31
souslouer.com,petites annonces - Toutes les annonces - Sous-location Paris 11 Fin Juillet 2012,petites annonces,https://www.souslouer.com/deposer-une-annonce/REGION/DEPARTEMENT/VILLE/Sous-location-Paris-11-Fin-Juillet-2012-18161,2026-08-31
souslouer.com,petites annonces - Toutes les annonces - Sous location Paris 12ème,petites annonces,https://www.souslouer.com/deposer-une-annonce/REGION/DEPARTEMENT/VILLE/Sous-location-Paris-12eme-18730,2026-08-31
souslouer.com,petites annonces - Toutes les annonces - Sous location Paris 3eme / mois d'aout,petites annonces,https://www.souslouer.com/deposer-une-annonce/REGION/DEPARTEMENT/VILLE/Sous-location-Paris-3eme-mois-d-aout-18787,2026-08-31
souslouer.com,petites annonces - Toutes les annonces - Sous location Paris 4e,petites annonces,https://www.souslouer.com/deposer-une-annonce/REGION/DEPARTEMENT/VILLE/Sous-location-Paris-4e-10395,2026-08-31
souslouer.com,petites annonces - Toutes les annonces - Sous location Paris Aout Septembre,petites annonces,https://www.souslouer.com/deposer-une-annonce/REGION/DEPARTEMENT/VILLE/Sous-location-Paris-Aout-Septembre-18576,2026-08-31
souslouer.com,petites annonces - Toutes les annonces - Sous-location Paris Trocadéro,petites annonces,https://www.souslouer.com/deposer-une-annonce/REGION/DEPARTEMENT/VILLE/Sous-location-Paris-Trocadero-18521,2026-08-31
souslouer.com,petites annonces - Toutes les annonces - Sous-location Paris Trocadéro,petites annonces,https://www.souslouer.com/deposer-une-annonce/REGION/DEPARTEMENT/VILLE/Sous-location-Paris-Trocadero-18526,2026-08-31
souslouer.com,petites annonces - Toutes les annonces - Sous location Paris ou Banlieue,petites annonces,https://www.souslouer.com/deposer-une-annonce/REGION/DEPARTEMENT/VILLE/Sous-location-Paris-ou-Banlieue-9553,2026-08-31
souslouer.com,petites annonces - Toutes les annonces - Sous location Paris ou banlieue proche,petites annonces,https://www.souslouer.com/deposer-une-annonce/REGION/DEPARTEMENT/VILLE/Sous-location-Paris-ou-banlieue-proche-10345,2026-08-31
souslouer.com,petites annonces - Toutes les annonces - Sous location Paris place d'italie (13eme),petites annonces,https://www.souslouer.com/deposer-une-annonce/REGION/DEPARTEMENT/VILLE/Sous-location-Paris-place-d-italie-13eme-12016,2026-08-31
souslouer.com,petites annonces - Toutes les annonces - Sous location Rennes,petites annonces,https://www.souslouer.com/deposer-une-annonce/REGION/DEPARTEMENT/VILLE/Sous-location-Rennes-10817,2026-08-31
souslouer.com,petites annonces - Toutes les annonces - Sous location St Etienne,petites annonces,https://www.souslouer.com/deposer-une-annonce/REGION/DEPARTEMENT/VILLE/Sous-location-St-Etienne-9926,2026-08-31
souslouer.com,petites annonces - Toutes les annonces - Sous-location Studio Meublé 20m² Paris Photo par Mail!.,petites annonces,https://www.souslouer.com/deposer-une-annonce/REGION/DEPARTEMENT/VILLE/Sous-location-Studio-Meuble-20m-Paris-Photo-par-Mail-18816,2026-08-31
souslouer.com,petites annonces - Toutes les annonces - Sous location - Studio Paris,petites annonces,https://www.souslouer.com/deposer-une-annonce/REGION/DEPARTEMENT/VILLE/Sous-location-Studio-Paris-10526,2026-08-31
souslouer.com,petites annonces - Toutes les annonces - Sous-location Studio T1 Saint-Etienne,petites annonces,https://www.souslouer.com/deposer-une-annonce/REGION/DEPARTEMENT/VILLE/Sous-location-Studio-T1-Saint-Etienne-18156,2026-08-31
souslouer.com,petites annonces - Toutes les annonces - Sous location Studio/T1/T2 - Début Décembre,petites annonces,https://www.souslouer.com/deposer-une-annonce/REGION/DEPARTEMENT/VILLE/Sous-location-Studio-T1-T2-Debut-Decembre-9927,2026-08-31
souslouer.com,petites annonces - Toutes les annonces - Sous location Sud de Paris (Ivry sur Seine) - Juin/Juillet et Août 37m² + garage- 700Euros,petites annonces,https://www.souslouer.com/deposer-une-annonce/REGION/DEPARTEMENT/VILLE/Sous-location-Sud-de-Paris-Ivry-sur-Seine-Juin-Juillet-et-Aout-37m-garage-700Euros-19124,2026-08-31
souslouer.com,petites annonces - Toutes les annonces - Sous-location T1 bis Angers,petites annonces,https://www.souslouer.com/deposer-une-annonce/REGION/DEPARTEMENT/VILLE/Sous-location-T1-bis-Angers-10783,2026-08-31
souslouer.com,petites annonces - Toutes les annonces - Sous-location T2 Lyon 2,petites annonces,https://www.souslouer.com/deposer-une-annonce/REGION/DEPARTEMENT/VILLE/Sous-location-T2-Lyon-2-10386,2026-08-31
souslouer.com,petites annonces - Toutes les annonces - Sous-location T2 Paris 14e proche Montparnasse,petites annonces,https://www.souslouer.com/deposer-une-annonce/REGION/DEPARTEMENT/VILLE/Sous-location-T2-Paris-14e-proche-Montparnasse-18305,2026-08-31
souslouer.com,petites annonces - Toutes les annonces - Sous location T3 MEAUX,petites annonces,https://www.souslouer.com/deposer-une-annonce/REGION/DEPARTEMENT/VILLE/Sous-location-T3-MEAUX-11122,2026-08-31
souslouer.com,petites annonces - Toutes les annonces - Sous-location T3 paris 11,petites annonces,https://www.souslouer.com/deposer-une-annonce/REGION/DEPARTEMENT/VILLE/Sous-location-T3-paris-11-11369,2026-08-31
souslouer.com,petites annonces - Toutes les annonces - Sous-location Toulouse appt T2 centre-ville,petites annonces,https://www.souslouer.com/deposer-une-annonce/REGION/DEPARTEMENT/VILLE/Sous-location-Toulouse-appt-T2-centre-ville-18265,2026-08-31
souslouer.com,petites annonces - Toutes les annonces - Sous location Très proche des Champs Elysées,petites annonces,https://www.souslouer.com/deposer-une-annonce/REGION/DEPARTEMENT/VILLE/Sous-location-Tres-proche-des-Champs-Elysees-11062,2026-08-31
souslouer.com,petites annonces - Toutes les annonces - Sous location URGENT,petites annonces,https://www.souslouer.com/deposer-une-annonce/REGION/DEPARTEMENT/VILLE/Sous-location-URGENT-9157,2026-08-31
souslouer.com,petites annonces - Toutes les annonces - Sous location Vieux Lille,petites annonces,https://www.souslouer.com/deposer-une-annonce/REGION/DEPARTEMENT/VILLE/Sous-location-Vieux-Lille-11661,2026-08-31
souslouer.com,petites annonces - Toutes les annonces - Sous location à Grenoble,petites annonces,https://www.souslouer.com/deposer-une-annonce/REGION/DEPARTEMENT/VILLE/Sous-location-a-Grenoble-10553,2026-08-31
souslouer.com,petites annonces - Toutes les annonces - Sous location à Paris,petites annonces,https://www.souslouer.com/deposer-une-annonce/REGION/DEPARTEMENT/VILLE/Sous-location-a-Paris-9189,2026-08-31
souslouer.com,petites annonces - Toutes les annonces - Sous location apparrtement Angers,petites annonces,https://www.souslouer.com/deposer-une-annonce/REGION/DEPARTEMENT/VILLE/Sous-location-apparrtement-Angers-18700,2026-08-31
souslouer.com,petites annonces - Toutes les annonces - Sous location apparrtement Angers,petites annonces,https://www.souslouer.com/deposer-une-annonce/REGION/DEPARTEMENT/VILLE/Sous-location-apparrtement-Angers-18865,2026-08-31
souslouer.com,petites annonces - Toutes les annonces - Sous-location appart Angers,petites annonces,https://www.souslouer.com/deposer-une-annonce/REGION/DEPARTEMENT/VILLE/Sous-location-appart-Angers-11231,2026-08-31
souslouer.com,petites annonces - Toutes les annonces - Sous location appart paris 20ème pour mars,petites annonces,https://www.souslouer.com/deposer-une-annonce/REGION/DEPARTEMENT/VILLE/Sous-location-appart-paris-20eme-pour-mars-18101,2026-08-31
souslouer.com,petites annonces - Toutes les annonces - Sous location appartement 30 m2 Angers (doutre) 300 euros,petites annonces,https://www.souslouer.com/deposer-une-annonce/REGION/DEPARTEMENT/VILLE/Sous-location-appartement-30-m2-Angers-doutre-300-euros-18965,2026-08-31
souslouer.com,petites annonces - Toutes les annonces - Sous location appartement Bordeaux centre (victoire),petites annonces,https://www.souslouer.com/deposer-une-annonce/REGION/DEPARTEMENT/VILLE/Sous-location-appartement-Bordeaux-centre-victoire-10091,2026-08-31
souslouer.com,petites annonces - Toutes les annonces - Sous location appartement F3 Paris 13,petites annonces,https://www.souslouer.com/deposer-une-annonce/REGION/DEPARTEMENT/VILLE/Sous-location-appartement-F3-Paris-13-18663,2026-08-31
souslouer.com,petites annonces - Toutes les annonces - Sous-location appartement Grenoble centre,petites annonces,https://www.souslouer.com/deposer-une-annonce/REGION/DEPARTEMENT/VILLE/Sous-location-appartement-Grenoble-18915,2026-08-31
souslouer.com,petites annonces - Toutes les annonces - Sous location appartement Lyon 2ème,petites annonces,https://www.souslouer.com/deposer-une-annonce/REGION/DEPARTEMENT/VILLE/Sous-location-appartement-Lyon-2eme-18416,2026-08-31
souslouer.com,petites annonces - Toutes les annonces - Sous location appartement Nogent/Marne 94,petites annonces,https://www.souslouer.com/deposer-une-annonce/REGION/DEPARTEMENT/VILLE/Sous-location-appartement-Nogent-Marne-94-10260,2026-08-31
souslouer.com,petites annonces - Toutes les annonces - Sous location appartement Paris,petites annonces,https://www.souslouer.com/deposer-une-annonce/REGION/DEPARTEMENT/VILLE/Sous-location-appartement-Paris-10103,2026-08-31
souslouer.com,petites annonces - Toutes les annonces - Sous location appartement Paris,petites annonces,https://www.souslouer.com/deposer-une-annonce/REGION/DEPARTEMENT/VILLE/Sous-location-appartement-Paris-10554,2026-08-31
souslouer.com,petites annonces - Toutes les annonces - Sous location appartement Paris,petites annonces,https://www.souslouer.com/deposer-une-annonce/REGION/DEPARTEMENT/VILLE/Sous-location-appartement-Paris-18826,2026-08-31
souslouer.com,petites annonces - Toutes les annonces - Sous-location appartement Paris,petites annonces,https://www.souslouer.com/deposer-une-annonce/REGION/DEPARTEMENT/VILLE/Sous-location-appartement-Paris-19152,2026-08-31
souslouer.com,petites annonces - Toutes les annonces - Sous-location appartement Paris,petites annonces,https://www.souslouer.com/deposer-une-annonce/REGION/DEPARTEMENT/VILLE/Sous-location-appartement-Paris-19167,2026-08-31
souslouer.com,petites annonces - Toutes les annonces - Sous location appartement Paris,petites annonces,https://www.souslouer.com/deposer-une-annonce/REGION/DEPARTEMENT/VILLE/Sous-location-appartement-Paris-9875,2026-08-31
souslouer.com,petites annonces - Toutes les annonces - Sous location appartement Paris,petites annonces,https://www.souslouer.com/deposer-une-annonce/REGION/DEPARTEMENT/VILLE/Sous-location-appartement-Paris-9932,2026-08-31
souslouer.com,petites annonces - Toutes les annonces - Sous-location appartement Rennes,petites annonces,https://www.souslouer.com/deposer-une-annonce/REGION/DEPARTEMENT/VILLE/Sous-location-appartement-Rennes-9784,2026-08-31
souslouer.com,petites annonces - Toutes les annonces - Sous location appartement T2 Lyon,petites annonces,https://www.souslouer.com/deposer-une-annonce/REGION/DEPARTEMENT/VILLE/Sous-location-appartement-T2-Lyon-18297,2026-08-31
souslouer.com,petites annonces - Toutes les annonces - Sous location appartement T2 Paris,petites annonces,https://www.souslouer.com/deposer-une-annonce/REGION/DEPARTEMENT/VILLE/Sous-location-appartement-T2-Paris-19144,2026-08-31
souslouer.com,"petites annonces - Toutes les annonces - Sous location appartement Toulouse, patte d oie T3 meuble août à deçembre inclus",petites annonces,https://www.souslouer.com/deposer-une-annonce/REGION/DEPARTEMENT/VILLE/Sous-location-appartement-Toulouse-patte-d-oie-T3-meuble-aout-a-deiembre-inclus-18798,2026-08-31
souslouer.com,petites annonces - Toutes les annonces - Sous location appartement Villejuif,petites annonces,https://www.souslouer.com/deposer-une-annonce/REGION/DEPARTEMENT/VILLE/Sous-location-appartement-Villejuif-10497,2026-08-31
souslouer.com,petites annonces - Toutes les annonces - Sous-location appartement à Lyon,petites annonces,https://www.souslouer.com/deposer-une-annonce/REGION/DEPARTEMENT/VILLE/Sous-location-appartement-a-Lyon-10060,2026-08-31
souslouer.com,petites annonces - Toutes les annonces - Sous location appartement cœur Marais Paris,petites annonces,https://www.souslouer.com/deposer-une-annonce/REGION/DEPARTEMENT/VILLE/Sous-location-appartement-c-ur-Marais-Paris-19165,2026-08-31
souslouer.com,petites annonces - Toutes les annonces - Sous location appartement colombes,petites annonces,https://www.souslouer.com/deposer-une-annonce/REGION/DEPARTEMENT/VILLE/Sous-location-appartement-colombes-18107,2026-08-31
souslouer.com,petites annonces - Toutes les annonces - Sous location appartement paris,petites annonces,https://www.souslouer.com/deposer-une-annonce/REGION/DEPARTEMENT/VILLE/Sous-location-appartement-paris-9068,2026-08-31
souslouer.com,petites annonces - Toutes les annonces - Sous location appartement paris et île de france,petites annonces,https://www.souslouer.com/deposer-une-annonce/REGION/DEPARTEMENT/VILLE/Sous-location-appartement-paris-et-ile-de-france-9789,2026-08-31
souslouer.com,petites annonces - Toutes les annonces - Sous location appartement rennes,petites annonces,https://www.souslouer.com/deposer-une-annonce/REGION/DEPARTEMENT/VILLE/Sous-location-appartement-rennes-9181,2026-08-31
souslouer.com,petites annonces - Toutes les annonces - Sous location appt T2 Cormeilles(18mntes PARIS ST LAZARRE),petites annonces,https://www.souslouer.com/deposer-une-annonce/REGION/DEPARTEMENT/VILLE/Sous-location-appt-T2-Cormeilles-18mntes-PARIS-ST-LAZARRE-18766,2026-08-31
souslouer.com,petites annonces - Toutes les annonces - Sous-location (avec contrat) - 8 mois - boulogne-billancourt (92 100),petites annonces,https://www.souslouer.com/deposer-une-annonce/REGION/DEPARTEMENT/VILLE/Sous-location-avec-contrat-8-mois-boulogne-billancourt-92-100-11899,2026-08-31
souslouer.com,petites annonces - Toutes les annonces - Sous location chambre LYON,petites annonces,https://www.souslouer.com/deposer-une-annonce/REGION/DEPARTEMENT/VILLE/Sous-location-chambre-LYON-19006,2026-08-31
souslouer.com,petites annonces - Toutes les annonces - Sous-location chambre Paris 17-28 mai - 150€,petites annonces,https://www.souslouer.com/deposer-une-annonce/REGION/DEPARTEMENT/VILLE/Sous-location-chambre-Paris-17-28-mai-150-18235,2026-08-31
souslouer.com,petites annonces - Toutes les annonces - Sous location chambre Paris,petites annonces,https://www.souslouer.com/deposer-une-annonce/REGION/DEPARTEMENT/VILLE/Sous-location-chambre-Paris-18082,2026-08-31
souslouer.com,petites annonces - Toutes les annonces - Sous location chambre Paris 20,petites annonces,https://www.souslouer.com/deposer-une-annonce/REGION/DEPARTEMENT/VILLE/Sous-location-chambre-Paris-20-18592,2026-08-31
souslouer.com,petites annonces - Toutes les annonces - Sous location chambre dans grande coloc Mars-Avril Paris 14,petites annonces,https://www.souslouer.com/deposer-une-annonce/REGION/DEPARTEMENT/VILLE/Sous-location-chambre-dans-grande-coloc-Mars-Avril-Paris-14-18375,2026-08-31
souslouer.com,petites annonces - Toutes les annonces - Sous location chambre dans une maison à Grenoble,petites annonces,https://www.souslouer.com/deposer-une-annonce/REGION/DEPARTEMENT/VILLE/Sous-location-chambre-dans-une-maison-a-Grenoble-10271,2026-08-31
souslouer.com,petites annonces - Toutes les annonces - Sous location chambre meublée appartement Paris 11ème,petites annonces,https://www.souslouer.com/deposer-une-annonce/REGION/DEPARTEMENT/VILLE/Sous-location-chambre-meublee-appartement-Paris-11eme-18968,2026-08-31
souslouer.com,petites annonces - Toutes les annonces - Sous location chambre ou studio,petites annonces,https://www.souslouer.com/deposer-une-annonce/REGION/DEPARTEMENT/VILLE/Sous-location-chambre-ou-studio-9372,2026-08-31
souslouer.com,petites annonces - Toutes les annonces - Sous-location chambre/studio Marseille,petites annonces,https://www.souslouer.com/deposer-une-annonce/REGION/DEPARTEMENT/VILLE/Sous-location-chambre-studio-Marseille-9089,2026-08-31
souslouer.com,petites annonces - Toutes les annonces - Sous-location chambre/studio Paris 4 mois Janvier/Avril,petites annonces,https://www.souslouer.com/deposer-une-annonce/REGION/DEPARTEMENT/VILLE/Sous-location-chambre-studio-Paris-4-mois-Janvier-Avril-10059,2026-08-31
souslouer.com,petites annonces - Toutes les annonces - Sous location d'un Appartement T1 (20m2) à LILLE situé à 2min des 2 gares,petites annonces,https://www.souslouer.com/deposer-une-annonce/REGION/DEPARTEMENT/VILLE/Sous-location-d-un-Appartement-T1-20m2-a-LILLE-situe-a-2min-des-2-gares-19075,2026-08-31
souslouer.com,petites annonces - Toutes les annonces - Sous location de studio dans le 5ème,petites annonces,https://www.souslouer.com/deposer-une-annonce/REGION/DEPARTEMENT/VILLE/Sous-location-de-studio-dans-le-5eme-17926,2026-08-31
souslouer.com,petites annonces - Toutes les annonces - Sous-location du studio Paris-Montmartre,petites annonces,https://www.souslouer.com/deposer-une-annonce/REGION/DEPARTEMENT/VILLE/Sous-location-du-studio-Paris-Montmartre-18331,2026-08-31
souslouer.com,petites annonces - Toutes les annonces - Sous-location du studio pour les vacances de Noël à Paris.,petites annonces,https://www.souslouer.com/deposer-une-annonce/REGION/DEPARTEMENT/VILLE/Sous-location-du-studio-pour-les-vacances-de-Nocl-a-Paris-17933,2026-08-31
souslouer.com,petites annonces - Toutes les annonces - Sous location ile de france un mois,petites annonces,https://www.souslouer.com/deposer-une-annonce/REGION/DEPARTEMENT/VILLE/Sous-location-ile-de-france-un-mois-9661,2026-08-31
souslouer.com,petites annonces - Toutes les annonces - Sous-location meublï¿½ de charme,petites annonces,https://www.souslouer.com/deposer-une-annonce/REGION/DEPARTEMENT/VILLE/Sous-location-meublu-de-charme-18092,2026-08-31
souslouer.com,petites annonces - Toutes les annonces - Sous-location paris 20 du 17 au 24 mai - 150€,petites annonces,https://www.souslouer.com/deposer-une-annonce/REGION/DEPARTEMENT/VILLE/Sous-location-paris-20-du-17-au-24-mai-150-19084,2026-08-31
souslouer.com,petites annonces - Toutes les annonces - Sous location paris vacances,petites annonces,https://www.souslouer.com/deposer-une-annonce/REGION/DEPARTEMENT/VILLE/Sous-location-paris-vacances-10782,2026-08-31
souslouer.com,petites annonces - Toutes les annonces - Sous-location pour ETUDIANTS studio Neuilly Plaisance,petites annonces,https://www.souslouer.com/deposer-une-annonce/REGION/DEPARTEMENT/VILLE/Sous-location-pour-ETUDIANTS-studio-Neuilly-Plaisance-18337,2026-08-31
souslouer.com,"petites annonces - Toutes les annonces - Sous location rue des Petits champs,Paris",petites annonces,https://www.souslouer.com/deposer-une-annonce/REGION/DEPARTEMENT/VILLE/Sous-location-rue-des-Petits-champs-Paris-18369,2026-08-31
souslouer.com,petites annonces - Toutes les annonces - Sous location studio 30 m2 odeon paris pour juillet aout septembre,petites annonces,https://www.souslouer.com/deposer-une-annonce/REGION/DEPARTEMENT/VILLE/Sous-location-studio-30-m2-odeon-paris-pour-juillet-aout-septembre-18399,2026-08-31
souslouer.com,petites annonces - Toutes les annonces - Sous-location studio Chaville-Velizy,petites annonces,https://www.souslouer.com/deposer-une-annonce/REGION/DEPARTEMENT/VILLE/Sous-location-studio-Chaville-Velizy-18891,2026-08-31
souslouer.com,petites annonces - Toutes les annonces - Sous-location studio Paris,petites annonces,https://www.souslouer.com/deposer-une-annonce/REGION/DEPARTEMENT/VILLE/Sous-location-studio-Paris-10892,2026-08-31
souslouer.com,petites annonces - Toutes les annonces - Sous-location studio Paris,petites annonces,https://www.souslouer.com/deposer-une-annonce/REGION/DEPARTEMENT/VILLE/Sous-location-studio-Paris-17924,2026-08-31
souslouer.com,petites annonces - Toutes les annonces - Sous location studio Paris 19ème,petites annonces,https://www.souslouer.com/deposer-une-annonce/REGION/DEPARTEMENT/VILLE/Sous-location-studio-Paris-19eme-18538,2026-08-31
souslouer.com,petites annonces - Toutes les annonces - Sous location studio Paris 20,petites annonces,https://www.souslouer.com/deposer-une-annonce/REGION/DEPARTEMENT/VILLE/Sous-location-studio-Paris-20-19070,2026-08-31
souslouer.com,petites annonces - Toutes les annonces - Sous location studio Paris,petites annonces,https://www.souslouer.com/deposer-une-annonce/REGION/DEPARTEMENT/VILLE/Sous-location-studio-Paris-9484,2026-08-31
souslouer.com,petites annonces - Toutes les annonces - Sous-location studio Paris,petites annonces,https://www.souslouer.com/deposer-une-annonce/REGION/DEPARTEMENT/VILLE/Sous-location-studio-Paris-9899,2026-08-31
souslouer.com,petites annonces - Toutes les annonces - Sous-location studio Paris (Marais) vacances de Noël,petites annonces,https://www.souslouer.com/deposer-une-annonce/REGION/DEPARTEMENT/VILLE/Sous-location-studio-Paris-Marais-vacances-de-Nocl-10756,2026-08-31
souslouer.com,petites annonces - Toutes les annonces - Sous location studio ou appartement NANCY,petites annonces,https://www.souslouer.com/deposer-une-annonce/REGION/DEPARTEMENT/VILLE/Sous-location-studio-ou-appartement-NANCY-9266,2026-08-31
souslouer.com,petites annonces - Toutes les annonces - Sous location versailles/ Quartier Pershing,petites annonces,https://www.souslouer.com/deposer-une-annonce/REGION/DEPARTEMENT/VILLE/Sous-location-versailles-Quartier-Pershing-18208,2026-08-31
souslouer.com,petites annonces - Toutes les annonces - Sous-locattio appartement st-denis ou stains,petites annonces,https://www.souslouer.com/deposer-une-annonce/REGION/DEPARTEMENT/VILLE/Sous-locattio-appartement-st-denis-ou-stains-17964,2026-08-31
souslouer.com,petites annonces - Toutes les annonces - Sous-loue 2 pièces 39m² Paris 2è (Montorgueil),petites annonces,https://www.souslouer.com/deposer-une-annonce/REGION/DEPARTEMENT/VILLE/Sous-loue-2-pieces-39m-Paris-2e-Montorgueil-10262,2026-08-31
souslouer.com,petites annonces - Toutes les annonces - Sous-loue F1 meublé à Montpellier,petites annonces,https://www.souslouer.com/deposer-une-annonce/REGION/DEPARTEMENT/VILLE/Sous-loue-F1-meuble-a-Montpellier-11295,2026-08-31
souslouer.com,petites annonces - Toutes les annonces - Sous loue appartement 15 m2 croix rousse Lyon,petites annonces,https://www.souslouer.com/deposer-une-annonce/REGION/DEPARTEMENT/VILLE/Sous-loue-appartement-15-m2-croix-rousse-Lyon-11550,2026-08-31
souslouer.com,petites annonces - Toutes les annonces - Sous loue appartement paris 12 de janvier à juin 2010,petites annonces,https://www.souslouer.com/deposer-une-annonce/REGION/DEPARTEMENT/VILLE/Sous-loue-appartement-paris-12-de-janvier-a-juin-2010-10174,2026-08-31
souslouer.com,"petites annonces - Toutes les annonces - Sous loue grand studio, Kremlin bicetre",petites annonces,https://www.souslouer.com/deposer-une-annonce/REGION/DEPARTEMENT/VILLE/Sous-loue-grand-studio-Kremlin-bicetre-11130,2026-08-31
souslouer.com,petites annonces - Toutes les annonces - Sous loue studio 19m2 au coeur de Paris,petites annonces,https://www.souslouer.com/deposer-une-annonce/REGION/DEPARTEMENT/VILLE/Sous-loue-studio-19m2-au-coeur-de-Paris-19010,2026-08-31
souslouer.com,petites annonces - Toutes les annonces - Sous-loue studio 38 m2,petites annonces,https://www.souslouer.com/deposer-une-annonce/REGION/DEPARTEMENT/VILLE/Sous-loue-studio-38-m2-18127,2026-08-31
souslouer.com,petites annonces - Toutes les annonces - Sous loue studio pour noel,petites annonces,https://www.souslouer.com/deposer-une-annonce/REGION/DEPARTEMENT/VILLE/Sous-loue-studio-pour-noel-10905,2026-08-31
souslouer.com,petites annonces - Toutes les annonces - Sous loue un T2 - Paris 15ème,petites annonces,https://www.souslouer.com/deposer-une-annonce/REGION/DEPARTEMENT/VILLE/Sous-loue-un-T2-Paris-15eme-11061,2026-08-31
souslouer.com,petites annonces - Toutes les annonces - Souslocation en collocation/500€mois/Meaux,petites annonces,https://www.souslouer.com/deposer-une-annonce/REGION/DEPARTEMENT/VILLE/Souslocation-en-collocation-500-mois-Meaux-11039,2026-08-31
souslouer.com,petites annonces - Toutes les annonces - Sousloue studio Paris 20eme,petites annonces,https://www.souslouer.com/deposer-une-annonce/REGION/DEPARTEMENT/VILLE/Sousloue-studio-Paris-20eme-10629,2026-08-31
souslouer.com,petites annonces - Toutes les annonces - Ss location Paris 1er Avril au 13mai,petites annonces,https://www.souslouer.com/deposer-une-annonce/REGION/DEPARTEMENT/VILLE/Ss-location-Paris-1er-Avril-au-13mai-18554,2026-08-31
souslouer.com,petites annonces - Toutes les annonces - Ss loue studio Paris Abbesses (du 25 mai au 9 juin),petites annonces,https://www.souslouer.com/deposer-une-annonce/REGION/DEPARTEMENT/VILLE/Ss-loue-studio-Paris-Abbesses-du-25-mai-au-9-juin-18883,2026-08-31
souslouer.com,petites annonces - Toutes les annonces - Stagiaire cherche sous-loc au moins 2 mois,petites annonces,https://www.souslouer.com/deposer-une-annonce/REGION/DEPARTEMENT/VILLE/Stagiaire-cherche-sous-loc-au-moins-2-mois-9395,2026-08-31
souslouer.com,petites annonces - Toutes les annonces - Studio 12e Paris pour 6 mois ou +,petites annonces,https://www.souslouer.com/deposer-une-annonce/REGION/DEPARTEMENT/VILLE/Studio-12e-Paris-pour-6-mois-ou-11679,2026-08-31
souslouer.com,petites annonces - Toutes les annonces - Studio 18m2 du 21 au 27 décembre en plein centre de Paris,petites annonces,https://www.souslouer.com/deposer-une-annonce/REGION/DEPARTEMENT/VILLE/Studio-18m2-du-21-au-27-decembre-en-plein-centre-de-Paris-11197,2026-08-31
souslouer.com,petites annonces - Toutes les annonces - Studio 20m2,petites annonces,https://www.souslouer.com/deposer-une-annonce/REGION/DEPARTEMENT/VILLE/Studio-20m2-11788,2026-08-31
souslouer.com,petites annonces - Toutes les annonces - Studio 21m / Oberkampf / vacances de Noël,petites annonces,https://www.souslouer.com/deposer-une-annonce/REGION/DEPARTEMENT/VILLE/Studio-21m-Oberkampf-vacances-de-Nocl-11040,2026-08-31
souslouer.com,petites annonces - Toutes les annonces - Studio 25m2 Paris 7e de Mars 2011 à Janvier 2012,petites annonces,https://www.souslouer.com/deposer-une-annonce/REGION/DEPARTEMENT/VILLE/Studio-25m2-Paris-7e-de-Mars-2011-a-Janvier-2012-10981,2026-08-31
souslouer.com,petites annonces - Toutes les annonces - Studio 28 m à Sous louer,petites annonces,https://www.souslouer.com/deposer-une-annonce/REGION/DEPARTEMENT/VILLE/Studio-28-m-a-Sous-louer-10876,2026-08-31
souslouer.com,petites annonces - Toutes les annonces - Studio 28m2 environ Paris 11ème,petites annonces,https://www.souslouer.com/deposer-une-annonce/REGION/DEPARTEMENT/VILLE/Studio-28m2-environ-Paris-11eme-10884,2026-08-31
souslouer.com,petites annonces - Toutes les annonces - Studio 28m2 environ Paris 11ème,petites annonces,https://www.souslouer.com/deposer-une-annonce/REGION/DEPARTEMENT/VILLE/Studio-28m2-environ-Paris-11eme-11557,2026-08-31
souslouer.com,"petites annonces - Toutes les annonces - Studio 30 m², à BLOIS - Loir et Cher, mai/juin",petites annonces,https://www.souslouer.com/deposer-une-annonce/REGION/DEPARTEMENT/VILLE/Studio-30-m-a-BLOIS-Loir-et-Cher-mai-juin-11622,2026-08-31
souslouer.com,petites annonces - Toutes les annonces - Studio 30m2 Paris en juillet et août 750 euros,petites annonces,https://www.souslouer.com/deposer-une-annonce/REGION/DEPARTEMENT/VILLE/Studio-30m2-Paris-en-juillet-et-aout-750-euros-18832,2026-08-31
souslouer.com,petites annonces - Toutes les annonces - Studio 35 m2 Saint Cloud,petites annonces,https://www.souslouer.com/deposer-une-annonce/REGION/DEPARTEMENT/VILLE/Studio-35-m2-Saint-Cloud-11013,2026-08-31
souslouer.com,petites annonces - Toutes les annonces - Studio 75011 pour Février et mars 2012,petites annonces,https://www.souslouer.com/deposer-une-annonce/REGION/DEPARTEMENT/VILLE/Studio-75011-pour-Fevrier-et-mars-2012-17962,2026-08-31
souslouer.com,petites annonces - Toutes les annonces - Studio Belleville - Pratique,petites annonces,https://www.souslouer.com/deposer-une-annonce/REGION/DEPARTEMENT/VILLE/Studio-Belleville-Pratique-10538,2026-08-31
souslouer.com,petites annonces - Toutes les annonces - Studio Blagnac/Toulouse,petites annonces,https://www.souslouer.com/deposer-une-annonce/REGION/DEPARTEMENT/VILLE/Studio-Blagnac-Toulouse-11571,2026-08-31
souslouer.com,petites annonces - Toutes les annonces - Studio Jaurès - 23 décembre au 2 janvier,petites annonces,https://www.souslouer.com/deposer-une-annonce/REGION/DEPARTEMENT/VILLE/Studio-Jaures-23-decembre-au-2-janvier-11225,2026-08-31
souslouer.com,petites annonces - Toutes les annonces - Studio Neuilly sur seine (92),petites annonces,https://www.souslouer.com/deposer-une-annonce/REGION/DEPARTEMENT/VILLE/Studio-Neuilly-sur-seine-92-18772,2026-08-31
souslouer.com,"petites annonces - Toutes les annonces - Studio Nice, Quartier Pasteur/Cimiez",petites annonces,https://www.souslouer.com/deposer-une-annonce/REGION/DEPARTEMENT/VILLE/Studio-Nice-Quartier-Pasteur-Cimiez-11803,2026-08-31
souslouer.com,petites annonces - Toutes les annonces - Studio PARIS 17 Villiers,petites annonces,https://www.souslouer.com/deposer-une-annonce/REGION/DEPARTEMENT/VILLE/Studio-PARIS-17-Villiers-10853,2026-08-31
souslouer.com,petites annonces - Toutes les annonces - Studio PARIS Villiers pour NOEL et Nouvel AN,petites annonces,https://www.souslouer.com/deposer-une-annonce/REGION/DEPARTEMENT/VILLE/Studio-PARIS-Villiers-pour-NOEL-et-Nouvel-AN-10847,2026-08-31
souslouer.com,petites annonces - Toutes les annonces - Studio Paris 11E,petites annonces,https://www.souslouer.com/deposer-une-annonce/REGION/DEPARTEMENT/VILLE/Studio-Paris-11E-10525,2026-08-31
souslouer.com,petites annonces - Toutes les annonces - Studio Paris 20 ème,petites annonces,https://www.souslouer.com/deposer-une-annonce/REGION/DEPARTEMENT/VILLE/Studio-Paris-20-eme-11070,2026-08-31
souslouer.com,petites annonces - Toutes les annonces - Studio Paris à Belleville fin février-début juillet 2012,petites annonces,https://www.souslouer.com/deposer-une-annonce/REGION/DEPARTEMENT/VILLE/Studio-Paris-a-Belleville-fin-fevrier-debut-juillet-2012-18093,2026-08-31
souslouer.com,petites annonces - Toutes les annonces - Studio Place Pereire 35 M2 75017,petites annonces,https://www.souslouer.com/deposer-une-annonce/REGION/DEPARTEMENT/VILLE/Studio-Place-Pereire-35-M2-75017-19133,2026-08-31
souslouer.com,petites annonces - Toutes les annonces - Studio - Saint Germain Paris,petites annonces,https://www.souslouer.com/deposer-une-annonce/REGION/DEPARTEMENT/VILLE/Studio-Saint-Germain-Paris-11284,2026-08-31
souslouer.com,petites annonces - Toutes les annonces - Studio à Brochant Paris 17,petites annonces,https://www.souslouer.com/deposer-une-annonce/REGION/DEPARTEMENT/VILLE/Studio-a-Brochant-Paris-17-11276,2026-08-31
souslouer.com,petites annonces - Toutes les annonces - Studio a Paris75,petites annonces,https://www.souslouer.com/deposer-une-annonce/REGION/DEPARTEMENT/VILLE/Studio-a-Paris75-9586,2026-08-31
souslouer.com,petites annonces - Toutes les annonces - Studio à louer Paris,petites annonces,https://www.souslouer.com/deposer-une-annonce/REGION/DEPARTEMENT/VILLE/Studio-a-louer-Paris-10846,2026-08-31
souslouer.com,"petites annonces - Toutes les annonces - Studio a louer a december.pernety, paris",petites annonces,https://www.souslouer.com/deposer-une-annonce/REGION/DEPARTEMENT/VILLE/Studio-a-louer-a-december-pernety-paris-10375,2026-08-31
souslouer.com,"petites annonces - Toutes les annonces - Studio à sous-louer , Sceaux",petites annonces,https://www.souslouer.com/deposer-une-annonce/REGION/DEPARTEMENT/VILLE/Studio-a-sous-louer-Sceaux-18472,2026-08-31
souslouer.com,petites annonces - Toutes les annonces - Studio au bord du canal,petites annonces,https://www.souslouer.com/deposer-une-annonce/REGION/DEPARTEMENT/VILLE/Studio-au-bord-du-canal-18117,2026-08-31
souslouer.com,petites annonces - Toutes les annonces - Studio au centre de Paris (1er arrondissement),petites annonces,https://www.souslouer.com/deposer-une-annonce/REGION/DEPARTEMENT/VILLE/Studio-au-centre-de-Paris-1er-arrondissement-11080,2026-08-31
souslouer.com,petites annonces - Toutes les annonces - Studio au centre de Paris (1er arrondissement),petites annonces,https://www.souslouer.com/deposer-une-annonce/REGION/DEPARTEMENT/VILLE/Studio-au-centre-de-Paris-1er-arrondissement-11081,2026-08-31
souslouer.com,petites annonces - Toutes les annonces - Studio au centre de Paris (1er arrondissement),petites annonces,https://www.souslouer.com/deposer-une-annonce/REGION/DEPARTEMENT/VILLE/Studio-au-centre-de-Paris-1er-arrondissement-11088,2026-08-31
souslouer.com,petites annonces - Toutes les annonces - Studio au centre de Paris (1er arrondissement),petites annonces,https://www.souslouer.com/deposer-une-annonce/REGION/DEPARTEMENT/VILLE/Studio-au-centre-de-Paris-1er-arrondissement-11089,2026-08-31
souslouer.com,"petites annonces - Toutes les annonces - Studio confortable, 10 min de Paris",petites annonces,https://www.souslouer.com/deposer-une-annonce/REGION/DEPARTEMENT/VILLE/Studio-confortable-10-min-de-Paris-18152,2026-08-31
souslouer.com,petites annonces - Toutes les annonces - Studio dans le 15e arrondissement de Paris,petites annonces,https://www.souslouer.com/deposer-une-annonce/REGION/DEPARTEMENT/VILLE/Studio-dans-le-15e-arrondissement-de-Paris-10247,2026-08-31
souslouer.com,petites annonces - Toutes les annonces - Studio dans le 15e arrondissement de Paris,petites annonces,https://www.souslouer.com/deposer-une-annonce/REGION/DEPARTEMENT/VILLE/Studio-dans-le-15e-arrondissement-de-Paris-11862,2026-08-31
souslouer.com,petites annonces - Toutes les annonces - Studio dans le 16éme,petites annonces,https://www.souslouer.com/deposer-une-annonce/REGION/DEPARTEMENT/VILLE/Studio-dans-le-16eme-18621,2026-08-31
souslouer.com,petites annonces - Toutes les annonces - Studio dans le 16eme à louer a partir de janvier,petites annonces,https://www.souslouer.com/deposer-une-annonce/REGION/DEPARTEMENT/VILLE/Studio-dans-le-16eme-a-louer-a-partir-de-janvier-11330,2026-08-31
souslouer.com,petites annonces - Toutes les annonces - Studio dans le centre de Nantes,petites annonces,https://www.souslouer.com/deposer-une-annonce/REGION/DEPARTEMENT/VILLE/Studio-dans-le-centre-de-Nantes-10666,2026-08-31
souslouer.com,petites annonces - Toutes les annonces - Studio dans le centre de Paris,petites annonces,https://www.souslouer.com/deposer-une-annonce/REGION/DEPARTEMENT/VILLE/Studio-dans-le-centre-de-Paris-18955,2026-08-31
souslouer.com,petites annonces - Toutes les annonces - Studio du 19/12-18/01 Paris /possible par semaine,petites annonces,https://www.souslouer.com/deposer-une-annonce/REGION/DEPARTEMENT/VILLE/Studio-du-19-12-18-01-Paris-possible-par-semaine-11113,2026-08-31
souslouer.com,petites annonces - Toutes les annonces - Studio du 20 au 27 décembre Paris 10ème,petites annonces,https://www.souslouer.com/deposer-une-annonce/REGION/DEPARTEMENT/VILLE/Studio-du-20-au-27-decembre-Paris-10eme-11121,2026-08-31
souslouer.com,petites annonces - Toutes les annonces - Studio gentilly /75013 à sous louer,petites annonces,https://www.souslouer.com/deposer-une-annonce/REGION/DEPARTEMENT/VILLE/Studio-gentilly-75013-a-sous-louer-9293,2026-08-31
souslouer.com,"petites annonces - Toutes les annonces - Studio, paris 05",petites annonces,https://www.souslouer.com/deposer-une-annonce/REGION/DEPARTEMENT/VILLE/Studio-paris-05-11707,2026-08-31
souslouer.com,petites annonces - Toutes les annonces - Studio tout près de l'île des impressionnistes de Chatou,petites annonces,https://www.souslouer.com/deposer-une-annonce/REGION/DEPARTEMENT/VILLE/Studio-tout-pres-de-l-ile-des-impressionnistes-de-Chatou-10966,2026-08-31
souslouer.com,petites annonces - Toutes les annonces - Studio trocadero,petites annonces,https://www.souslouer.com/deposer-une-annonce/REGION/DEPARTEMENT/VILLE/Studio-trocadero-18228,2026-08-31
souslouer.com,petites annonces - Toutes les annonces - Super 57 M2 - 2 pieces Paris pres du pere lachaise,petites annonces,https://www.souslouer.com/deposer-une-annonce/REGION/DEPARTEMENT/VILLE/Super-57-M2-2-pieces-Paris-pres-du-pere-lachaise-11929,2026-08-31
souslouer.com,petites annonces - Toutes les annonces - Super T3 au Paris 19 7emme,petites annonces,https://www.souslouer.com/deposer-une-annonce/REGION/DEPARTEMENT/VILLE/Super-T3-au-Paris-19-7emme-10951,2026-08-31
souslouer.com,petites annonces - Toutes les annonces - Superbe 2P 39 m2 Gambetta,petites annonces,https://www.souslouer.com/deposer-une-annonce/REGION/DEPARTEMENT/VILLE/Superbe-2P-39-m2-Gambetta-18483,2026-08-31
souslouer.com,petites annonces - Toutes les annonces - T1 11e Paris à 15 min de Bastille à pied,petites annonces,https://www.souslouer.com/deposer-une-annonce/REGION/DEPARTEMENT/VILLE/T1-11e-Paris-a-15-min-de-Bastille-a-pied-10541,2026-08-31
souslouer.com,petites annonces - Toutes les annonces - T1 20m² angers,petites annonces,https://www.souslouer.com/deposer-une-annonce/REGION/DEPARTEMENT/VILLE/T1-20m-angers-11034,2026-08-31
souslouer.com,petites annonces - Toutes les annonces - T1 20m carre Angers,petites annonces,https://www.souslouer.com/deposer-une-annonce/REGION/DEPARTEMENT/VILLE/T1-20m-carre-Angers-11036,2026-08-31
souslouer.com,petites annonces - Toutes les annonces - T1 35m2 - Paris dispo du 1/7 au 31/8,petites annonces,https://www.souslouer.com/deposer-une-annonce/REGION/DEPARTEMENT/VILLE/T1-35m2-Paris-dispo-du-1-7-au-31-8-19037,2026-08-31
souslouer.com,petites annonces - Toutes les annonces - T1 Bis de charme quartier St Pierre Bordeaux,petites annonces,https://www.souslouer.com/deposer-une-annonce/REGION/DEPARTEMENT/VILLE/T1-Bis-de-charme-quartier-St-Pierre-Bordeaux-18095,2026-08-31
souslouer.com,petites annonces - Toutes les annonces - T1 PARIS Juillet 2012 à sous louer,petites annonces,https://www.souslouer.com/deposer-une-annonce/REGION/DEPARTEMENT/VILLE/T1-PARIS-Juillet-2012-a-sous-louer-18786,2026-08-31
souslouer.com,petites annonces - Toutes les annonces - T1 à Aubagne,petites annonces,https://www.souslouer.com/deposer-une-annonce/REGION/DEPARTEMENT/VILLE/T1-a-Aubagne-11268,2026-08-31
souslouer.com,petites annonces - Toutes les annonces - T1 a villejuif aux portes de paris sud,petites annonces,https://www.souslouer.com/deposer-une-annonce/REGION/DEPARTEMENT/VILLE/T1-a-villejuif-aux-portes-de-paris-sud-18973,2026-08-31
souslouer.com,petites annonces - Toutes les annonces - T1 a villejuif aux portes de paris sud,petites annonces,https://www.souslouer.com/deposer-une-annonce/REGION/DEPARTEMENT/VILLE/T1-a-villejuif-aux-portes-de-paris-sud-18974,2026-08-31
souslouer.com,petites annonces - Toutes les annonces - T1 a villejuif aux portes de paris sud,petites annonces,https://www.souslouer.com/deposer-une-annonce/REGION/DEPARTEMENT/VILLE/T1-a-villejuif-aux-portes-de-paris-sud-18975,2026-08-31
souslouer.com,petites annonces - Toutes les annonces - T1 de 40m² quartier de l'étoile,petites annonces,https://www.souslouer.com/deposer-une-annonce/REGION/DEPARTEMENT/VILLE/T1-de-40m-quartier-de-l-etoile-10699,2026-08-31
souslouer.com,petites annonces - Toutes les annonces - T1 proche banlieue parisienne AOUT 2012,petites annonces,https://www.souslouer.com/deposer-une-annonce/REGION/DEPARTEMENT/VILLE/T1-proche-banlieue-parisienne-AOUT-2012-18836,2026-08-31
souslouer.com,"petites annonces - Toutes les annonces - T2 45m² Paris 10, du 16/05 au 03/06",petites annonces,https://www.souslouer.com/deposer-une-annonce/REGION/DEPARTEMENT/VILLE/T2-45m-Paris-10-du-16-05-au-03-06-19000,2026-08-31
souslouer.com,petites annonces - Toutes les annonces - T2 50m2 LA ROCHE SUR YON,petites annonces,https://www.souslouer.com/deposer-une-annonce/REGION/DEPARTEMENT/VILLE/T2-50m2-LA-ROCHE-SUR-YON-10745,2026-08-31
souslouer.com,petites annonces - Toutes les annonces - T2 60m2 Paris centre,petites annonces,https://www.souslouer.com/deposer-une-annonce/REGION/DEPARTEMENT/VILLE/T2-60m2-Paris-centre-10518,2026-08-31
souslouer.com,petites annonces - Toutes les annonces - T2 JOURDAIN 75020,petites annonces,https://www.souslouer.com/deposer-une-annonce/REGION/DEPARTEMENT/VILLE/T2-JOURDAIN-75020-18864,2026-08-31
souslouer.com,petites annonces - Toutes les annonces - T2 Lille plein centre,petites annonces,https://www.souslouer.com/deposer-une-annonce/REGION/DEPARTEMENT/VILLE/T2-Lille-plein-centre-11418,2026-08-31
souslouer.com,petites annonces - Toutes les annonces - T2 -Mairie du 18eme- aux pieds de Montmartre - courte durée-,petites annonces,https://www.souslouer.com/deposer-une-annonce/REGION/DEPARTEMENT/VILLE/T2-Mairie-du-18eme-aux-pieds-de-Montmartre-courte-duree-18317,2026-08-31
souslouer.com,petites annonces - Toutes les annonces - T2 Marseille centre,petites annonces,https://www.souslouer.com/deposer-une-annonce/REGION/DEPARTEMENT/VILLE/T2-Marseille-centre-11906,2026-08-31
souslouer.com,petites annonces - Toutes les annonces - T2 Oberkampf Paris juillet Aout,petites annonces,https://www.souslouer.com/deposer-une-annonce/REGION/DEPARTEMENT/VILLE/T2-Oberkampf-Paris-juillet-Aout-18304,2026-08-31
souslouer.com,petites annonces - Toutes les annonces - T2 Paris 14ème,petites annonces,https://www.souslouer.com/deposer-une-annonce/REGION/DEPARTEMENT/VILLE/T2-Paris-14eme-18712,2026-08-31
souslouer.com,petites annonces - Toutes les annonces - T2 de caractère,petites annonces,https://www.souslouer.com/deposer-une-annonce/REGION/DEPARTEMENT/VILLE/T2-de-caractere-18420,2026-08-31
souslouer.com,petites annonces - Toutes les annonces - T2 laiterie STRASBOURG,petites annonces,https://www.souslouer.com/deposer-une-annonce/REGION/DEPARTEMENT/VILLE/T2-laiterie-STRASBOURG-18753,2026-08-31
souslouer.com,petites annonces - Toutes les annonces - T2 meublé 29 m² Paris 14ème Dispo du 8 au 31 août,petites annonces,https://www.souslouer.com/deposer-une-annonce/REGION/DEPARTEMENT/VILLE/T2-meuble-29-m-Paris-14eme-Dispo-du-8-au-31-aout-19131,2026-08-31
souslouer.com,petites annonces - Toutes les annonces - T2 meublé 45 m2 Paris 7,petites annonces,https://www.souslouer.com/deposer-une-annonce/REGION/DEPARTEMENT/VILLE/T2-meuble-45-m2-Paris-7-18511,2026-08-31
souslouer.com,petites annonces - Toutes les annonces - T2 meublé Clermont-Ferrand,petites annonces,https://www.souslouer.com/deposer-une-annonce/REGION/DEPARTEMENT/VILLE/T2-meuble-Clermont-Ferrand-18505,2026-08-31
souslouer.com,"petites annonces - Toutes les annonces - T2 très ensoleillé, Paris, libre de suite",petites annonces,https://www.souslouer.com/deposer-une-annonce/REGION/DEPARTEMENT/VILLE/T2-tres-ensoleille-Paris-libre-de-suite-18462,2026-08-31
souslouer.com,"petites annonces - Toutes les annonces - T2 très ensoleillé, Paris, libre de suite",petites annonces,https://www.souslouer.com/deposer-une-annonce/REGION/DEPARTEMENT/VILLE/T2-tres-ensoleille-Paris-libre-de-suite-18703,2026-08-31
souslouer.com,petites annonces - Toutes les annonces - T3 60m² Paris 11,petites annonces,https://www.souslouer.com/deposer-une-annonce/REGION/DEPARTEMENT/VILLE/T3-60m-Paris-11-11084,2026-08-31
souslouer.com,"petites annonces - Toutes les annonces - T3 65 M2, meublé tout confort, pour 1 ou 2 actifs non fumeur(s) et sérieux, 2000 E CC / MOIS.",petites annonces,https://www.souslouer.com/deposer-une-annonce/REGION/DEPARTEMENT/VILLE/T3-65-M2-meuble-tout-confort-pour-1-ou-2-actifs-non-fumeur-s-et-serieux-2000-E-CC-MOIS-11373,2026-08-31
souslouer.com,"petites annonces - Toutes les annonces - T3 Marseille, 70m² métro Périer",petites annonces,https://www.souslouer.com/deposer-une-annonce/REGION/DEPARTEMENT/VILLE/T3-Marseille-70m-metro-Perier-18340,2026-08-31
souslouer.com,petites annonces - Toutes les annonces - T3 Neuf,petites annonces,https://www.souslouer.com/deposer-une-annonce/REGION/DEPARTEMENT/VILLE/T3-Neuf-18861,2026-08-31
souslouer.com,petites annonces - Toutes les annonces - T3 Paris 11 en Colocation,petites annonces,https://www.souslouer.com/deposer-une-annonce/REGION/DEPARTEMENT/VILLE/T3-Paris-11-en-Colocation-18809,2026-08-31
souslouer.com,petites annonces - Toutes les annonces - T3 Proche conception,petites annonces,https://www.souslouer.com/deposer-une-annonce/REGION/DEPARTEMENT/VILLE/T3-Proche-conception-11636,2026-08-31
souslouer.com,petites annonces - Toutes les annonces - T3 Proche conception MARSEILLE 13005,petites annonces,https://www.souslouer.com/deposer-une-annonce/REGION/DEPARTEMENT/VILLE/T3-Proche-conception-MARSEILLE-13005-11635,2026-08-31
souslouer.com,petites annonces - Toutes les annonces - T3 Toulouse Saint Michel,petites annonces,https://www.souslouer.com/deposer-une-annonce/REGION/DEPARTEMENT/VILLE/T3-Toulouse-Saint-Michel-18774,2026-08-31
souslouer.com,petites annonces - Toutes les annonces - TRES BEAU DEUX PIECES 45 M2 75020 Gambetta,petites annonces,https://www.souslouer.com/deposer-une-annonce/REGION/DEPARTEMENT/VILLE/TRES-BEAU-DEUX-PIECES-45-M2-75020-Gambetta-18748,2026-08-31
souslouer.com,petites annonces - Toutes les annonces - TRES URGENT SUR PARIS,petites annonces,https://www.souslouer.com/deposer-une-annonce/REGION/DEPARTEMENT/VILLE/TRES-URGENT-SUR-PARIS-9301,2026-08-31
souslouer.com,petites annonces - Toutes les annonces - Toulouse pour 2 mois,petites annonces,https://www.souslouer.com/deposer-une-annonce/REGION/DEPARTEMENT/VILLE/Toulouse-pour-2-mois-10680,2026-08-31
souslouer.com,petites annonces - Toutes les annonces - Toulouse sous loue une chambre dans T3 mois de juin/400e,petites annonces,https://www.souslouer.com/deposer-une-annonce/REGION/DEPARTEMENT/VILLE/Toulouse-sous-loue-une-chambre-dans-T3-mois-de-juin-400e-19033,2026-08-31
souslouer.com,petites annonces - Toutes les annonces - Trés Beau Pièces Disponible Immédiatement,petites annonces,https://www.souslouer.com/deposer-une-annonce/REGION/DEPARTEMENT/VILLE/Tres-Beau-Pieces-Disponible-Immediatement-10643,2026-08-31
souslouer.com,petites annonces - Toutes les annonces - Très URGENT,petites annonces,https://www.souslouer.com/deposer-une-annonce/REGION/DEPARTEMENT/VILLE/Tres-URGENT-11966,2026-08-31
souslouer.com,petites annonces - Toutes les annonces - Très beau 2 pièces à Strasbourg/Krutenau,petites annonces,https://www.souslouer.com/deposer-une-annonce/REGION/DEPARTEMENT/VILLE/Tres-beau-2-pieces-a-Strasbourg-Krutenau-18912,2026-08-31
souslouer.com,petites annonces - Toutes les annonces - Très beau studio dans le 5ème (Monge/Mouffetard),petites annonces,https://www.souslouer.com/deposer-une-annonce/REGION/DEPARTEMENT/VILLE/Tres-beau-studio-dans-le-5eme-Monge-Mouffetard-18394,2026-08-31
souslouer.com,petites annonces - Toutes les annonces - Très beau studio dans le 5ème (Monge/Mouffetard),petites annonces,https://www.souslouer.com/deposer-une-annonce/REGION/DEPARTEMENT/VILLE/Tres-beau-studio-dans-le-5eme-Monge-Mouffetard-18867,2026-08-31
souslouer.com,petites annonces - Toutes les annonces - Très beau studio dans le 5ème (Monge/Mouffetard),petites annonces,https://www.souslouer.com/deposer-une-annonce/REGION/DEPARTEMENT/VILLE/Tres-beau-studio-dans-le-5eme-Monge-Mouffetard-19112,2026-08-31
souslouer.com,petites annonces - Toutes les annonces - Très bel appartement de charme à 2 pièce,petites annonces,https://www.souslouer.com/deposer-une-annonce/REGION/DEPARTEMENT/VILLE/Tres-bel-appartement-de-charme-a-2-piece-10130,2026-08-31
souslouer.com,petites annonces - Toutes les annonces - URGENT A ASNIERES,petites annonces,https://www.souslouer.com/deposer-une-annonce/REGION/DEPARTEMENT/VILLE/URGENT-A-ASNIERES-10492,2026-08-31
souslouer.com,petites annonces - Toutes les annonces - URGENT A ASNIERES,petites annonces,https://www.souslouer.com/deposer-une-annonce/REGION/DEPARTEMENT/VILLE/URGENT-A-ASNIERES-10493,2026-08-31
souslouer.com,petites annonces - Toutes les annonces - URGENT - Cherche sous-location Paris/banlieue,petites annonces,https://www.souslouer.com/deposer-une-annonce/REGION/DEPARTEMENT/VILLE/URGENT-Cherche-sous-location-Paris-banlieue-10045,2026-08-31
souslouer.com,petites annonces - Toutes les annonces - URGENT - Etudiante en Master de droit cherche ss-location,petites annonces,https://www.souslouer.com/deposer-une-annonce/REGION/DEPARTEMENT/VILLE/URGENT-Etudiante-en-Master-de-droit-cherche-ss-location-9701,2026-08-31
souslouer.com,petites annonces - Toutes les annonces - URGENT - Paris cherche appartement du 12/10 au 7/11,petites annonces,https://www.souslouer.com/deposer-une-annonce/REGION/DEPARTEMENT/VILLE/URGENT-Paris-cherche-appartement-du-12-10-au-7-11-9186,2026-08-31
souslouer.com,petites annonces - Toutes les annonces - URGENT : Rch un studio dès maintenant,petites annonces,https://www.souslouer.com/deposer-une-annonce/REGION/DEPARTEMENT/VILLE/URGENT-Rch-un-studio-des-maintenant-9790,2026-08-31
souslouer.com,petites annonces - Toutes les annonces - URGENT! Rech. ss-loc Paris,petites annonces,https://www.souslouer.com/deposer-une-annonce/REGION/DEPARTEMENT/VILLE/URGENT-Rech-ss-loc-Paris-9531,2026-08-31
souslouer.com,petites annonces - Toutes les annonces - URGENT! Recherche appartement sur Paris pour 1an maximum,petites annonces,https://www.souslouer.com/deposer-une-annonce/REGION/DEPARTEMENT/VILLE/URGENT-Recherche-appartement-sur-Paris-pour-1an-maximum-9217,2026-08-31
souslouer.com,petites annonces - Toutes les annonces - URGENT! Recherche sous-location a Paris,petites annonces,https://www.souslouer.com/deposer-une-annonce/REGION/DEPARTEMENT/VILLE/URGENT-Recherche-sous-location-a-Paris-9540,2026-08-31
souslouer.com,petites annonces - Toutes les annonces - URGENT SOUS LOCATION PARIS,petites annonces,https://www.souslouer.com/deposer-une-annonce/REGION/DEPARTEMENT/VILLE/URGENT-SOUS-LOCATION-PARIS-9053,2026-08-31
souslouer.com,petites annonces - Toutes les annonces - URGENT STUDIO PARIS,petites annonces,https://www.souslouer.com/deposer-une-annonce/REGION/DEPARTEMENT/VILLE/URGENT-STUDIO-PARIS-9992,2026-08-31
souslouer.com,petites annonces - Toutes les annonces - URGENT Sous location Paris jusqu'à debut novembre,petites annonces,https://www.souslouer.com/deposer-une-annonce/REGION/DEPARTEMENT/VILLE/URGENT-Sous-location-Paris-jusqu-a-debut-novembre-9413,2026-08-31
souslouer.com,petites annonces - Toutes les annonces - URGENT Sous location en Aout chambre Paris 18e,petites annonces,https://www.souslouer.com/deposer-une-annonce/REGION/DEPARTEMENT/VILLE/URGENT-Sous-location-en-Aout-chambre-Paris-18e-18148,2026-08-31
souslouer.com,petites annonces - Toutes les annonces - URGENT URGENT,petites annonces,https://www.souslouer.com/deposer-une-annonce/REGION/DEPARTEMENT/VILLE/URGENT-URGENT-9440,2026-08-31
souslouer.com,petites annonces - Toutes les annonces - URGENT chambre dans bel appartement en région parisienne,petites annonces,https://www.souslouer.com/deposer-une-annonce/REGION/DEPARTEMENT/VILLE/URGENT-chambre-dans-bel-appartement-en-region-parisienne-11041,2026-08-31
souslouer.com,petites annonces - Toutes les annonces - URGENT cherche Sous Location Appartement Paris ou banlieue,petites annonces,https://www.souslouer.com/deposer-une-annonce/REGION/DEPARTEMENT/VILLE/URGENT-cherche-Sous-Location-Appartement-Paris-ou-banlieue-9206,2026-08-31
souslouer.com,petites annonces - Toutes les annonces - URGENT cherche Studio/F2 Paris fin novembre/mi janvier,petites annonces,https://www.souslouer.com/deposer-une-annonce/REGION/DEPARTEMENT/VILLE/URGENT-cherche-Studio-F2-Paris-fin-novembre-mi-janvier-9827,2026-08-31
souslouer.com,petites annonces - Toutes les annonces - URGENT! cherche sous location PARIS,petites annonces,https://www.souslouer.com/deposer-une-annonce/REGION/DEPARTEMENT/VILLE/URGENT-cherche-sous-location-PARIS-9801,2026-08-31
souslouer.com,petites annonces - Toutes les annonces - URGENT!!!colocation/appartement a rennes,petites annonces,https://www.souslouer.com/deposer-une-annonce/REGION/DEPARTEMENT/VILLE/URGENT-colocation-appartement-a-rennes-9224,2026-08-31
souslouer.com,petites annonces - Toutes les annonces - URGENT couple cherche ss-loc Région Parisienne,petites annonces,https://www.souslouer.com/deposer-une-annonce/REGION/DEPARTEMENT/VILLE/URGENT-couple-cherche-ss-loc-Region-Parisienne-9901,2026-08-31
souslouer.com,"petites annonces - Toutes les annonces - URGENT, couple serieux en formation sur Paris, cherche pour Novembre et Décembre",petites annonces,https://www.souslouer.com/deposer-une-annonce/REGION/DEPARTEMENT/VILLE/URGENT-couple-serieux-en-formation-sur-Paris-cherche-pour-Novembre-et-Decembre-9563,2026-08-31
souslouer.com,petites annonces - Toutes les annonces - URGENT !!! jeune couple ch ss loc !,petites annonces,https://www.souslouer.com/deposer-une-annonce/REGION/DEPARTEMENT/VILLE/URGENT-jeune-couple-ch-ss-loc-10204,2026-08-31
souslouer.com,petites annonces - Toutes les annonces - URGENT sous location pour couple serieux PARIS,petites annonces,https://www.souslouer.com/deposer-une-annonce/REGION/DEPARTEMENT/VILLE/URGENT-sous-location-pour-couple-serieux-PARIS-9466,2026-08-31
souslouer.com,petites annonces - Toutes les annonces - Urgent 2 pièces 40m2 paris,petites annonces,https://www.souslouer.com/deposer-une-annonce/REGION/DEPARTEMENT/VILLE/Urgent-2-pieces-40m2-paris-18497,2026-08-31
souslouer.com,petites annonces - Toutes les annonces - Urgent! Appartement Paris pour début décembre,petites annonces,https://www.souslouer.com/deposer-une-annonce/REGION/DEPARTEMENT/VILLE/Urgent-Appartement-Paris-pour-debut-decembre-9898,2026-08-31
souslouer.com,petites annonces - Toutes les annonces - Urgent - Cherche Sous Location Paris,petites annonces,https://www.souslouer.com/deposer-une-annonce/REGION/DEPARTEMENT/VILLE/Urgent-Cherche-Sous-Location-Paris-9571,2026-08-31
souslouer.com,petites annonces - Toutes les annonces - Urgent - Cherche Sous Location Paris,petites annonces,https://www.souslouer.com/deposer-une-annonce/REGION/DEPARTEMENT/VILLE/Urgent-Cherche-Sous-Location-Paris-9572,2026-08-31
souslouer.com,petites annonces - Toutes les annonces - Urgent!! Cherche sous-location a Paris: fin Octobre - fin Mars,petites annonces,https://www.souslouer.com/deposer-une-annonce/REGION/DEPARTEMENT/VILLE/Urgent-Cherche-sous-location-a-Paris-fin-Octobre-fin-Mars-9248,2026-08-31
souslouer.com,petites annonces - Toutes les annonces - Urgent - Cherche sous location studio ou appartement Paris,petites annonces,https://www.souslouer.com/deposer-une-annonce/REGION/DEPARTEMENT/VILLE/Urgent-Cherche-sous-location-studio-ou-appartement-Paris-9575,2026-08-31
souslouer.com,"petites annonces - Toutes les annonces - Urgent, JF cherche sous-location",petites annonces,https://www.souslouer.com/deposer-une-annonce/REGION/DEPARTEMENT/VILLE/Urgent-JF-cherche-sous-location-10116,2026-08-31
souslouer.com,petites annonces - Toutes les annonces - Urgent ! Location d'une Grande chambre meublée/Mars-avril pour 400e,petites annonces,https://www.souslouer.com/deposer-une-annonce/REGION/DEPARTEMENT/VILLE/Urgent-Location-d-une-Grande-chambre-meublee-Mars-avril-pour-400e-18325,2026-08-31
souslouer.com,petites annonces - Toutes les annonces - Urgent Sous Location Studio Hyper Centre Angers,petites annonces,https://www.souslouer.com/deposer-une-annonce/REGION/DEPARTEMENT/VILLE/Urgent-Sous-Location-Studio-Hyper-Centre-Angers-11687,2026-08-31
souslouer.com,petites annonces - Toutes les annonces - Urgent Sous location 2 mois,petites annonces,https://www.souslouer.com/deposer-une-annonce/REGION/DEPARTEMENT/VILLE/Urgent-Sous-location-2-mois-10027,2026-08-31
souslouer.com,"petites annonces - Toutes les annonces - Urgent! Studio Nice, Quartier Pasteur/Cimiez",petites annonces,https://www.souslouer.com/deposer-une-annonce/REGION/DEPARTEMENT/VILLE/Urgent-Studio-Nice-Quartier-Pasteur-Cimiez-11804,2026-08-31
souslouer.com,petites annonces - Toutes les annonces - Urgent cherche sous location du 22/11 au 26/12 Reims,petites annonces,https://www.souslouer.com/deposer-une-annonce/REGION/DEPARTEMENT/VILLE/Urgent-cherche-sous-location-du-22-11-au-26-12-Reims-9946,2026-08-31
souslouer.com,petites annonces - Toutes les annonces - Urgent cherche studio paris,petites annonces,https://www.souslouer.com/deposer-une-annonce/REGION/DEPARTEMENT/VILLE/Urgent-cherche-studio-paris-9876,2026-08-31
souslouer.com,petites annonces - Toutes les annonces - Urgent dernier jour : studio Paris 2e du 21 mars au 13 avril,petites annonces,https://www.souslouer.com/deposer-une-annonce/REGION/DEPARTEMENT/VILLE/Urgent-dernier-jour-studio-Paris-2e-du-21-mars-au-13-avril-18307,2026-08-31
souslouer.com,petites annonces - Toutes les annonces - Urgent recherche colocation à Paris,petites annonces,https://www.souslouer.com/deposer-une-annonce/REGION/DEPARTEMENT/VILLE/Urgent-recherche-colocation-a-Paris-9841,2026-08-31
souslouer.com,petites annonces - Toutes les annonces - Urgent sous loc Paris,petites annonces,https://www.souslouer.com/deposer-une-annonce/REGION/DEPARTEMENT/VILLE/Urgent-sous-loc-Paris-9463,2026-08-31
souslouer.com,petites annonces - Toutes les annonces - Urgent sous location studio Nantes,petites annonces,https://www.souslouer.com/deposer-une-annonce/REGION/DEPARTEMENT/VILLE/Urgent-sous-location-studio-Nantes-18075,2026-08-31
souslouer.com,petites annonces - Toutes les annonces - Urgent sous-loue 2pièces La Garenne-Colombes,petites annonces,https://www.souslouer.com/deposer-une-annonce/REGION/DEPARTEMENT/VILLE/Urgent-sous-loue-2pieces-La-Garenne-Colombes-11093,2026-08-31
souslouer.com,petites annonces - Toutes les annonces - VACANCES PARIS 10e/19e - loc vacances - T2 : 30m2 proche du canal de l'Ourq / parc Villette,petites annonces,https://www.souslouer.com/deposer-une-annonce/REGION/DEPARTEMENT/VILLE/VACANCES-PARIS-10e-19e-loc-vacances-T2-30m2-proche-du-canal-de-l-Ourq-parc-Villette-10830,2026-08-31
souslouer.com,petites annonces - Toutes les annonces - Vanves chambre dans une coloc de 3 peronnes,petites annonces,https://www.souslouer.com/deposer-une-annonce/REGION/DEPARTEMENT/VILLE/Vanves-chambre-dans-une-coloc-de-3-peronnes-10405,2026-08-31
souslouer.com,petites annonces - Toutes les annonces - Vite vit vite !!!!!!!!!!!!!!!!!!!!!!!,petites annonces,https://www.souslouer.com/deposer-une-annonce/REGION/DEPARTEMENT/VILLE/Vite-vit-vite-9135,2026-08-31
souslouer.com,petites annonces - Toutes les annonces - WEEKEND- STUDIO MARAIS,petites annonces,https://www.souslouer.com/deposer-une-annonce/REGION/DEPARTEMENT/VILLE/WEEKEND-STUDIO-MARAIS-18490,2026-08-31
souslouer.com,petites annonces - Toutes les annonces - à deux pas des buttes chaumot,petites annonces,https://www.souslouer.com/deposer-une-annonce/REGION/DEPARTEMENT/VILLE/a-deux-pas-des-buttes-chaumot-18149,2026-08-31
souslouer.com,petites annonces - Toutes les annonces - a la recherche d'une sous location,petites annonces,https://www.souslouer.com/deposer-une-annonce/REGION/DEPARTEMENT/VILLE/a-la-recherche-d-une-sous-location-9412,2026-08-31
souslouer.com,petites annonces - Toutes les annonces - à partir de Janvier Appartement Paris ( 10 / 11/ 3/ 4/ 9/ 18 ème arrondissement) ),petites annonces,https://www.souslouer.com/deposer-une-annonce/REGION/DEPARTEMENT/VILLE/a-partir-de-Janvier-Appartement-Paris-10-11-3-4-9-18-eme-arrondissement-9420,2026-08-31
souslouer.com,petites annonces - Toutes les annonces - appart 3 pieces à neuilly sur seine,petites annonces,https://www.souslouer.com/deposer-une-annonce/REGION/DEPARTEMENT/VILLE/appart-3-pieces-a-neuilly-sur-seine-11161,2026-08-31
souslouer.com,"petites annonces - Toutes les annonces - appart. Croix ade Chaveaux, 50 m2, 900 euros du 29 nov au 22 janvier",petites annonces,https://www.souslouer.com/deposer-une-annonce/REGION/DEPARTEMENT/VILLE/appart-Croix-ade-Chaveaux-50-m2-900-euros-du-29-nov-au-22-janvier-10096,2026-08-31
souslouer.com,petites annonces - Toutes les annonces - appart à louer dans le 12éme Paris,petites annonces,https://www.souslouer.com/deposer-une-annonce/REGION/DEPARTEMENT/VILLE/appart-a-louer-dans-le-12eme-Paris-10199,2026-08-31
souslouer.com,petites annonces - Toutes les annonces - appartement 2 pièces 35 m2 à versailles,petites annonces,https://www.souslouer.com/deposer-une-annonce/REGION/DEPARTEMENT/VILLE/appartement-2-pieces-35-m2-a-versailles-18815,2026-08-31
souslouer.com,petites annonces - Toutes les annonces - appartement 2 pièces - 90m²,petites annonces,https://www.souslouer.com/deposer-une-annonce/REGION/DEPARTEMENT/VILLE/appartement-2-pieces-90m-11182,2026-08-31
souslouer.com,petites annonces - Toutes les annonces - appartement 2 pièces nantes,petites annonces,https://www.souslouer.com/deposer-une-annonce/REGION/DEPARTEMENT/VILLE/appartement-2-pieces-nantes-10838,2026-08-31
souslouer.com,petites annonces - Toutes les annonces - appartement 4 piéces a louer a Paris 10ème ardt,petites annonces,https://www.souslouer.com/deposer-une-annonce/REGION/DEPARTEMENT/VILLE/appartement-4-pieces-a-louer-a-Paris-10eme-ardt-11582,2026-08-31
souslouer.com,petites annonces - Toutes les annonces - appartement 50 m² Paris 13ème 15 jours en mai,petites annonces,https://www.souslouer.com/deposer-une-annonce/REGION/DEPARTEMENT/VILLE/appartement-50-m-Paris-13eme-15-jours-en-mai-18513,2026-08-31
souslouer.com,"petites annonces - Toutes les annonces - appartement 50m2 Paris 3eme, Marais, mai 2012",petites annonces,https://www.souslouer.com/deposer-une-annonce/REGION/DEPARTEMENT/VILLE/appartement-50m2-Paris-3eme-Marais-mai-2012-18638,2026-08-31
souslouer.com,petites annonces - Toutes les annonces - appartement 95 m2 Agen centre,petites annonces,https://www.souslouer.com/deposer-une-annonce/REGION/DEPARTEMENT/VILLE/appartement-95-m2-Agen-centre-10441,2026-08-31
souslouer.com,petites annonces - Toutes les annonces - appartement F2 à l'Isle Adam 95,petites annonces,https://www.souslouer.com/deposer-une-annonce/REGION/DEPARTEMENT/VILLE/appartement-F2-a-l-Isle-Adam-95-18183,2026-08-31
souslouer.com,petites annonces - Toutes les annonces - appartement P2 à Nimes,petites annonces,https://www.souslouer.com/deposer-une-annonce/REGION/DEPARTEMENT/VILLE/appartement-P2-a-Nimes-10828,2026-08-31
souslouer.com,petites annonces - Toutes les annonces - appartement T2 avec cour privée,petites annonces,https://www.souslouer.com/deposer-une-annonce/REGION/DEPARTEMENT/VILLE/appartement-T2-avec-cour-privee-18342,2026-08-31
souslouer.com,petites annonces - Toutes les annonces - appartement de 38 m2 métro Basilique de Saint Denis,petites annonces,https://www.souslouer.com/deposer-une-annonce/REGION/DEPARTEMENT/VILLE/appartement-de-38-m2-metro-Basilique-de-Saint-Denis-19102,2026-08-31
souslouer.com,petites annonces - Toutes les annonces - appartement en plein milieu du 16eme arrondissement,petites annonces,https://www.souslouer.com/deposer-une-annonce/REGION/DEPARTEMENT/VILLE/appartement-en-plein-milieu-du-16eme-arrondissement-19021,2026-08-31
souslouer.com,petites annonces - Toutes les annonces - appartement t1-t2,petites annonces,https://www.souslouer.com/deposer-une-annonce/REGION/DEPARTEMENT/VILLE/appartement-t1-t2-9820,2026-08-31
souslouer.com,petites annonces - Toutes les annonces - belle chambre dble dans appartement pour les fetes à Oberkampf,petites annonces,https://www.souslouer.com/deposer-une-annonce/REGION/DEPARTEMENT/VILLE/belle-chambre-dble-dans-appartement-pour-les-fetes-a-Oberkampf-11190,2026-08-31
souslouer.com,petites annonces - Toutes les annonces - bouogne billancourt 85 m2,petites annonces,https://www.souslouer.com/deposer-une-annonce/REGION/DEPARTEMENT/VILLE/bouogne-billancourt-85-m2-18878,2026-08-31
souslouer.com,petites annonces - Toutes les annonces - cède bail Grenoble,petites annonces,https://www.souslouer.com/deposer-une-annonce/REGION/DEPARTEMENT/VILLE/cede-bail-Grenoble-11430,2026-08-31
souslouer.com,petites annonces - Toutes les annonces - ch sous location paris 11eme 75011,petites annonces,https://www.souslouer.com/deposer-une-annonce/REGION/DEPARTEMENT/VILLE/ch-sous-location-paris-11eme-75011-9834,2026-08-31
souslouer.com,"petites annonces - Toutes les annonces - chambre 13M2 confortable,pas cher,10 minutes de paris",petites annonces,https://www.souslouer.com/deposer-une-annonce/REGION/DEPARTEMENT/VILLE/chambre-13M2-confortable-pas-cher-10-minutes-de-paris-18268,2026-08-31
souslouer.com,petites annonces - Toutes les annonces - chambre (20m2) juillet-Aout,petites annonces,https://www.souslouer.com/deposer-une-annonce/REGION/DEPARTEMENT/VILLE/chambre-20m2-juillet-Aout-19097,2026-08-31
souslouer.com,petites annonces - Toutes les annonces - chambre Fontenay-sous-Bois,petites annonces,https://www.souslouer.com/deposer-une-annonce/REGION/DEPARTEMENT/VILLE/chambre-Fontenay-sous-Bois-9176,2026-08-31
souslouer.com,petites annonces - Toutes les annonces - chambre à louer courte durée,petites annonces,https://www.souslouer.com/deposer-une-annonce/REGION/DEPARTEMENT/VILLE/chambre-a-louer-courte-duree-18271,2026-08-31
souslouer.com,petites annonces - Toutes les annonces - chambre dans appartement meublé,petites annonces,https://www.souslouer.com/deposer-une-annonce/REGION/DEPARTEMENT/VILLE/chambre-dans-appartement-meuble-17993,2026-08-31
souslouer.com,petites annonces - Toutes les annonces - chambre dans coloc pigalle (avril/ mai /juin ),petites annonces,https://www.souslouer.com/deposer-une-annonce/REGION/DEPARTEMENT/VILLE/chambre-dans-coloc-pigalle-avril-mai-juin-18543,2026-08-31
souslouer.com,petites annonces - Toutes les annonces - chambre dans un appartement T3,petites annonces,https://www.souslouer.com/deposer-une-annonce/REGION/DEPARTEMENT/VILLE/chambre-dans-un-appartement-T3-19069,2026-08-31
souslouer.com,petites annonces - Toutes les annonces - chambre ds colocation,petites annonces,https://www.souslouer.com/deposer-une-annonce/REGION/DEPARTEMENT/VILLE/chambre-ds-colocation-18074,2026-08-31
souslouer.com,petites annonces - Toutes les annonces - chambre mai à août colocation Lyon 1er,petites annonces,https://www.souslouer.com/deposer-une-annonce/REGION/DEPARTEMENT/VILLE/chambre-mai-a-aout-colocation-Lyon-1er-18510,2026-08-31
souslouer.com,petites annonces - Toutes les annonces - chambre meublée,petites annonces,https://www.souslouer.com/deposer-une-annonce/REGION/DEPARTEMENT/VILLE/chambre-meublee-19001,2026-08-31
souslouer.com,petites annonces - Toutes les annonces - chambre ou sous-location paris,petites annonces,https://www.souslouer.com/deposer-une-annonce/REGION/DEPARTEMENT/VILLE/chambre-ou-sous-location-paris-9342,2026-08-31
souslouer.com,"petites annonces - Toutes les annonces - charmant 2 pièces, Paris, Pyrénées, du 24 décembre au 2 janvier",petites annonces,https://www.souslouer.com/deposer-une-annonce/REGION/DEPARTEMENT/VILLE/charmant-2-pieces-Paris-Pyrenees-du-24-decembre-au-2-janvier-10827,2026-08-31
souslouer.com,petites annonces - Toutes les annonces - charmant studio 25 m2 Montmartre vue sur tout Paris,petites annonces,https://www.souslouer.com/deposer-une-annonce/REGION/DEPARTEMENT/VILLE/charmant-studio-25-m2-Montmartre-vue-sur-tout-Paris-17977,2026-08-31
souslouer.com,petites annonces - Toutes les annonces - cherche F3 EN SOUS LOCATION A PARIS OU IDF,petites annonces,https://www.souslouer.com/deposer-une-annonce/REGION/DEPARTEMENT/VILLE/cherche-F3-EN-SOUS-LOCATION-A-PARIS-OU-IDF-9318,2026-08-31
souslouer.com,petites annonces - Toutes les annonces - cherche Paris plusieurs mois ? moi et mon chien on cherche,petites annonces,https://www.souslouer.com/deposer-une-annonce/REGION/DEPARTEMENT/VILLE/cherche-Paris-plusieurs-mois-moi-et-mon-chien-on-cherche-9925,2026-08-31
souslouer.com,petites annonces - Toutes les annonces - cherche appartement à sous louer,petites annonces,https://www.souslouer.com/deposer-une-annonce/REGION/DEPARTEMENT/VILLE/cherche-appartement-a-sous-louer-10109,2026-08-31
souslouer.com,petites annonces - Toutes les annonces - cherche chambre ou F1 en sous-location sur strasbourg urgent,petites annonces,https://www.souslouer.com/deposer-une-annonce/REGION/DEPARTEMENT/VILLE/cherche-chambre-ou-F1-en-sous-location-sur-strasbourg-urgent-9510,2026-08-31
souslouer.com,petites annonces - Toutes les annonces - cherche sous loc,petites annonces,https://www.souslouer.com/deposer-une-annonce/REGION/DEPARTEMENT/VILLE/cherche-sous-loc-10237,2026-08-31
souslouer.com,petites annonces - Toutes les annonces - cherche sous loc à Paris,petites annonces,https://www.souslouer.com/deposer-une-annonce/REGION/DEPARTEMENT/VILLE/cherche-sous-loc-a-Paris-10678,2026-08-31
souslouer.com,petites annonces - Toutes les annonces - cherche sous-loc à paris,petites annonces,https://www.souslouer.com/deposer-une-annonce/REGION/DEPARTEMENT/VILLE/cherche-sous-loc-a-paris-9888,2026-08-31
souslouer.com,petites annonces - Toutes les annonces - cherche sous location,petites annonces,https://www.souslouer.com/deposer-une-annonce/REGION/DEPARTEMENT/VILLE/cherche-sous-location-10086,2026-08-31
souslouer.com,petites annonces - Toutes les annonces - cherche sous location,petites annonces,https://www.souslouer.com/deposer-une-annonce/REGION/DEPARTEMENT/VILLE/cherche-sous-location-9137,2026-08-31
souslouer.com,petites annonces - Toutes les annonces - cherche sous location,petites annonces,https://www.souslouer.com/deposer-une-annonce/REGION/DEPARTEMENT/VILLE/cherche-sous-location-9327,2026-08-31
souslouer.com,petites annonces - Toutes les annonces - cherche sous location,petites annonces,https://www.souslouer.com/deposer-une-annonce/REGION/DEPARTEMENT/VILLE/cherche-sous-location-9588,2026-08-31
souslouer.com,petites annonces - Toutes les annonces - cherche sous location,petites annonces,https://www.souslouer.com/deposer-une-annonce/REGION/DEPARTEMENT/VILLE/cherche-sous-location-9743,2026-08-31
souslouer.com,petites annonces - Toutes les annonces - cherche sous location à Paris de novembre à mai.,petites annonces,https://www.souslouer.com/deposer-une-annonce/REGION/DEPARTEMENT/VILLE/cherche-sous-location-a-Paris-de-novembre-a-mai-9251,2026-08-31
souslouer.com,petites annonces - Toutes les annonces - cherche sous location a partir du 1er novembre,petites annonces,https://www.souslouer.com/deposer-une-annonce/REGION/DEPARTEMENT/VILLE/cherche-sous-location-a-partir-du-1er-novembre-9317,2026-08-31
souslouer.com,petites annonces - Toutes les annonces - cherche sous location appartement Lyon,petites annonces,https://www.souslouer.com/deposer-une-annonce/REGION/DEPARTEMENT/VILLE/cherche-sous-location-appartement-Lyon-10028,2026-08-31
souslouer.com,petites annonces - Toutes les annonces - cherche sous location appartement région parisienne,petites annonces,https://www.souslouer.com/deposer-une-annonce/REGION/DEPARTEMENT/VILLE/cherche-sous-location-appartement-region-parisienne-9123,2026-08-31
souslouer.com,petites annonces - Toutes les annonces - cherche sous location de studio,petites annonces,https://www.souslouer.com/deposer-une-annonce/REGION/DEPARTEMENT/VILLE/cherche-sous-location-de-studio-9268,2026-08-31
souslouer.com,petites annonces - Toutes les annonces - cherche sous location en urgence,petites annonces,https://www.souslouer.com/deposer-une-annonce/REGION/DEPARTEMENT/VILLE/cherche-sous-location-en-urgence-9856,2026-08-31
souslouer.com,petites annonces - Toutes les annonces - cherche sous location longue durée (1an minimum).,petites annonces,https://www.souslouer.com/deposer-une-annonce/REGION/DEPARTEMENT/VILLE/cherche-sous-location-longue-duree-1an-minimum-9051,2026-08-31
souslouer.com,petites annonces - Toutes les annonces - cherche sous location novembre decembre 2010,petites annonces,https://www.souslouer.com/deposer-une-annonce/REGION/DEPARTEMENT/VILLE/cherche-sous-location-novembre-decembre-2010-9454,2026-08-31
souslouer.com,petites annonces - Toutes les annonces - cherche sous location pour jeune fille de 24ans sérieuse et responsable,petites annonces,https://www.souslouer.com/deposer-une-annonce/REGION/DEPARTEMENT/VILLE/cherche-sous-location-pour-jeune-fille-de-24ans-serieuse-et-responsable-9434,2026-08-31
souslouer.com,petites annonces - Toutes les annonces - cherche sous location pour un mois a deux mois sur nice urgent,petites annonces,https://www.souslouer.com/deposer-une-annonce/REGION/DEPARTEMENT/VILLE/cherche-sous-location-pour-un-mois-a-deux-mois-sur-nice-urgent-9079,2026-08-31
souslouer.com,petites annonces - Toutes les annonces - cherche sous-location sur Paris,petites annonces,https://www.souslouer.com/deposer-une-annonce/REGION/DEPARTEMENT/VILLE/cherche-sous-location-sur-Paris-9122,2026-08-31
souslouer.com,petites annonces - Toutes les annonces - cherche sous-location urgent sur paris,petites annonces,https://www.souslouer.com/deposer-une-annonce/REGION/DEPARTEMENT/VILLE/cherche-sous-location-urgent-sur-paris-9308,2026-08-31
souslouer.com,petites annonces - Toutes les annonces - cherche sousloc Paris nov-dec,petites annonces,https://www.souslouer.com/deposer-une-annonce/REGION/DEPARTEMENT/VILLE/cherche-sousloc-Paris-nov-dec-9552,2026-08-31
souslouer.com,petites annonces - Toutes les annonces - cherche souslocation à paris ou proche banlieue,petites annonces,https://www.souslouer.com/deposer-une-annonce/REGION/DEPARTEMENT/VILLE/cherche-souslocation-a-paris-ou-proche-banlieue-9187,2026-08-31
souslouer.com,petites annonces - Toutes les annonces - cherche studio F1 ou F2,petites annonces,https://www.souslouer.com/deposer-une-annonce/REGION/DEPARTEMENT/VILLE/cherche-studio-F1-ou-F2-9679,2026-08-31
souslouer.com,petites annonces - Toutes les annonces - cherche studio en ile de france,petites annonces,https://www.souslouer.com/deposer-une-annonce/REGION/DEPARTEMENT/VILLE/cherche-studio-en-ile-de-france-11652,2026-08-31
souslouer.com,petites annonces - Toutes les annonces - cherche studio fevrier-juillet 2011,petites annonces,https://www.souslouer.com/deposer-une-annonce/REGION/DEPARTEMENT/VILLE/cherche-studio-fevrier-juillet-2011-9948,2026-08-31
souslouer.com,"petites annonces - Toutes les annonces - collocation T3, Marseille, Périer, 70m2",petites annonces,https://www.souslouer.com/deposer-une-annonce/REGION/DEPARTEMENT/VILLE/collocation-T3-Marseille-Perier-70m2-18256,2026-08-31
souslouer.com,petites annonces - Toutes les annonces - coloc à courbevoie/levallois,petites annonces,https://www.souslouer.com/deposer-une-annonce/REGION/DEPARTEMENT/VILLE/coloc-a-courbevoie-levallois-11092,2026-08-31
souslouer.com,petites annonces - Toutes les annonces - colocation à marseille,petites annonces,https://www.souslouer.com/deposer-une-annonce/REGION/DEPARTEMENT/VILLE/colocation-a-marseille-10252,2026-08-31
souslouer.com,petites annonces - Toutes les annonces - colocation bordeaux centre,petites annonces,https://www.souslouer.com/deposer-une-annonce/REGION/DEPARTEMENT/VILLE/colocation-bordeaux-centre-11564,2026-08-31
souslouer.com,petites annonces - Toutes les annonces - demande de sous location,petites annonces,https://www.souslouer.com/deposer-une-annonce/REGION/DEPARTEMENT/VILLE/demande-de-sous-location-9136,2026-08-31
souslouer.com,petites annonces - Toutes les annonces - demande sous location appartement Paris,petites annonces,https://www.souslouer.com/deposer-une-annonce/REGION/DEPARTEMENT/VILLE/demande-sous-location-appartement-Paris-9052,2026-08-31
souslouer.com,petites annonces - Toutes les annonces - demande sous location haute garonne,petites annonces,https://www.souslouer.com/deposer-une-annonce/REGION/DEPARTEMENT/VILLE/demande-sous-location-haute-garonne-9734,2026-08-31
souslouer.com,petites annonces - Toutes les annonces - demande sous location meudon,petites annonces,https://www.souslouer.com/deposer-une-annonce/REGION/DEPARTEMENT/VILLE/demande-sous-location-meudon-10101,2026-08-31
souslouer.com,petites annonces - Toutes les annonces - duplex saint jean,petites annonces,https://www.souslouer.com/deposer-une-annonce/REGION/DEPARTEMENT/VILLE/duplex-saint-jean-10667,2026-08-31
souslouer.com,petites annonces - Toutes les annonces - étudiant M2 droit,petites annonces,https://www.souslouer.com/deposer-une-annonce/REGION/DEPARTEMENT/VILLE/etudiant-M2-droit-9072,2026-08-31
souslouer.com,petites annonces - Toutes les annonces - etudiante cherche sous-location urgente!,petites annonces,https://www.souslouer.com/deposer-une-annonce/REGION/DEPARTEMENT/VILLE/etudiante-cherche-sous-location-urgente-9374,2026-08-31
souslouer.com,petites annonces - Toutes les annonces - f2 11e,petites annonces,https://www.souslouer.com/deposer-une-annonce/REGION/DEPARTEMENT/VILLE/f2-11e-10819,2026-08-31
souslouer.com,petites annonces - Toutes les annonces - f2 650,petites annonces,https://www.souslouer.com/deposer-une-annonce/REGION/DEPARTEMENT/VILLE/f2-650-10507,2026-08-31
souslouer.com,petites annonces - Toutes les annonces - f2 a maisons alfort,petites annonces,https://www.souslouer.com/deposer-une-annonce/REGION/DEPARTEMENT/VILLE/f2-a-maisons-alfort-18354,2026-08-31
souslouer.com,petites annonces - Toutes les annonces - grand studio à marseille pour l'été,petites annonces,https://www.souslouer.com/deposer-une-annonce/REGION/DEPARTEMENT/VILLE/grand-studio-a-marseille-pour-l-ete-19074,2026-08-31
souslouer.com,petites annonces - Toutes les annonces - grand studio paris nation,petites annonces,https://www.souslouer.com/deposer-une-annonce/REGION/DEPARTEMENT/VILLE/grand-studio-paris-nation-10864,2026-08-31
souslouer.com,petites annonces - Toutes les annonces - grande chambre dans colocation à Clermont-Ferrand,petites annonces,https://www.souslouer.com/deposer-une-annonce/REGION/DEPARTEMENT/VILLE/grande-chambre-dans-colocation-a-Clermont-Ferrand-11519,2026-08-31
souslouer.com,petites annonces - Toutes les annonces - ça c'est de la chambre..,petites annonces,https://www.souslouer.com/deposer-une-annonce/REGION/DEPARTEMENT/VILLE/ia-c-est-de-la-chambre-18123,2026-08-31
souslouer.com,petites annonces - Toutes les annonces - is no longer available,petites annonces,https://www.souslouer.com/deposer-une-annonce/REGION/DEPARTEMENT/VILLE/is-no-longer-available-18389,2026-08-31
souslouer.com,petites annonces - Toutes les annonces - je sous loue une chambre dans une residence etudiante,petites annonces,https://www.souslouer.com/deposer-une-annonce/REGION/DEPARTEMENT/VILLE/je-sous-loue-une-chambre-dans-une-residence-etudiante-10320,2026-08-31
souslouer.com,petites annonces - Toutes les annonces - jeune couple cherche T2,petites annonces,https://www.souslouer.com/deposer-une-annonce/REGION/DEPARTEMENT/VILLE/jeune-couple-cherche-T2-9526,2026-08-31
souslouer.com,petites annonces - Toutes les annonces - jeune étudiante étrangère rech SL à Paris,petites annonces,https://www.souslouer.com/deposer-une-annonce/REGION/DEPARTEMENT/VILLE/jeune-etudiante-etrangere-rech-SL-a-Paris-9768,2026-08-31
souslouer.com,petites annonces - Toutes les annonces - jf rech ss loc 1 an F1 / F2 paris prix 850e cc,petites annonces,https://www.souslouer.com/deposer-une-annonce/REGION/DEPARTEMENT/VILLE/jf-rech-ss-loc-1-an-F1-F2-paris-prix-850e-cc-9769,2026-08-31
souslouer.com,petites annonces - Toutes les annonces - joli studio Paris 20ème,petites annonces,https://www.souslouer.com/deposer-une-annonce/REGION/DEPARTEMENT/VILLE/joli-studio-Paris-20eme-10925,2026-08-31
souslouer.com,petites annonces - Toutes les annonces - jolie Appartement PAU 64000,petites annonces,https://www.souslouer.com/deposer-une-annonce/REGION/DEPARTEMENT/VILLE/jolie-Appartement-PAU-64000-11922,2026-08-31
souslouer.com,petites annonces - Toutes les annonces - location 13m² Neuilly-sur-seine,petites annonces,https://www.souslouer.com/deposer-une-annonce/REGION/DEPARTEMENT/VILLE/location-13m-Neuilly-sur-seine-19022,2026-08-31
souslouer.com,petites annonces - Toutes les annonces - location 2 pieces,petites annonces,https://www.souslouer.com/deposer-une-annonce/REGION/DEPARTEMENT/VILLE/location-2-pieces-9093,2026-08-31
souslouer.com,petites annonces - Toutes les annonces - location 3p Paris Gambetta Juin-Septembre,petites annonces,https://www.souslouer.com/deposer-une-annonce/REGION/DEPARTEMENT/VILLE/location-3p-Paris-Gambetta-Juin-Septembre-18894,2026-08-31
souslouer.com,petites annonces - Toutes les annonces - location T2 standing dans centre toulouse,petites annonces,https://www.souslouer.com/deposer-une-annonce/REGION/DEPARTEMENT/VILLE/location-T2-standing-dans-centre-toulouse-10802,2026-08-31
souslouer.com,petites annonces - Toutes les annonces - location T3 3 fenetres sr parc fetes et janvier,petites annonces,https://www.souslouer.com/deposer-une-annonce/REGION/DEPARTEMENT/VILLE/location-T3-3-fenetres-sr-parc-fetes-et-janvier-10874,2026-08-31
souslouer.com,petites annonces - Toutes les annonces - location T3 3 fenetres sr parc fetes et janvier,petites annonces,https://www.souslouer.com/deposer-une-annonce/REGION/DEPARTEMENT/VILLE/location-T3-3-fenetres-sr-parc-fetes-et-janvier-10875,2026-08-31
souslouer.com,petites annonces - Toutes les annonces - location appartement,petites annonces,https://www.souslouer.com/deposer-une-annonce/REGION/DEPARTEMENT/VILLE/location-appartement-11317,2026-08-31
souslouer.com,petites annonces - Toutes les annonces - location de t3 marseille 7 em,petites annonces,https://www.souslouer.com/deposer-une-annonce/REGION/DEPARTEMENT/VILLE/location-de-t3-marseille-7-em-11437,2026-08-31
souslouer.com,petites annonces - Toutes les annonces - location studio Paris 30m2 juillet/aout,petites annonces,https://www.souslouer.com/deposer-une-annonce/REGION/DEPARTEMENT/VILLE/location-studio-Paris-30m2-juillet-aout-19101,2026-08-31
souslouer.com,"petites annonces - Toutes les annonces - loft 110 m2, terrasse, Marseille centre, 30 nov-1er mars",petites annonces,https://www.souslouer.com/deposer-une-annonce/REGION/DEPARTEMENT/VILLE/loft-110-m2-terrasse-Marseille-centre-30-nov-1er-mars-10095,2026-08-31
souslouer.com,petites annonces - Toutes les annonces - loue studio Suresnes,petites annonces,https://www.souslouer.com/deposer-une-annonce/REGION/DEPARTEMENT/VILLE/loue-studio-Suresnes-11236,2026-08-31
souslouer.com,petites annonces - Toutes les annonces - loue studio dans le 16eme entierement equipé,petites annonces,https://www.souslouer.com/deposer-une-annonce/REGION/DEPARTEMENT/VILLE/loue-studio-dans-le-16eme-entierement-equipe-10971,2026-08-31
souslouer.com,petites annonces - Toutes les annonces - maison bourg en bresse,petites annonces,https://www.souslouer.com/deposer-une-annonce/REGION/DEPARTEMENT/VILLE/maison-bourg-en-bresse-11233,2026-08-31
souslouer.com,petites annonces - Toutes les annonces - maison montpellier 19.07 au 16.08.2012,petites annonces,https://www.souslouer.com/deposer-une-annonce/REGION/DEPARTEMENT/VILLE/maison-montpellier-19-07-au-16-08-2012-18096,2026-08-31
souslouer.com,petites annonces - Toutes les annonces - n'est plus disponible,petites annonces,https://www.souslouer.com/deposer-une-annonce/REGION/DEPARTEMENT/VILLE/n-est-plus-disponible-18326,2026-08-31
souslouer.com,petites annonces - Toutes les annonces - offre d'un appartement sur paris,petites annonces,https://www.souslouer.com/deposer-une-annonce/REGION/DEPARTEMENT/VILLE/offre-d-un-appartement-sur-paris-11413,2026-08-31
souslouer.com,petites annonces - Toutes les annonces - offre sous location,petites annonces,https://www.souslouer.com/deposer-une-annonce/REGION/DEPARTEMENT/VILLE/offre-sous-location-11138,2026-08-31
souslouer.com,petites annonces - Toutes les annonces - offres de sous-location paris 75011,petites annonces,https://www.souslouer.com/deposer-une-annonce/REGION/DEPARTEMENT/VILLE/offres-de-sous-location-paris-75011-11145,2026-08-31
souslouer.com,petites annonces - Toutes les annonces - paris 12 16dec/27dec 2010,petites annonces,https://www.souslouer.com/deposer-une-annonce/REGION/DEPARTEMENT/VILLE/paris-12-16dec-27dec-2010-10573,2026-08-31
souslouer.com,"petites annonces - Toutes les annonces - paris 17° ou ligne 3, a partir mi-nov",petites annonces,https://www.souslouer.com/deposer-une-annonce/REGION/DEPARTEMENT/VILLE/paris-17-ou-ligne-3-a-partir-mi-nov-9156,2026-08-31
souslouer.com,petites annonces - Toutes les annonces - paris du 20 décembre au 2 janvier,petites annonces,https://www.souslouer.com/deposer-une-annonce/REGION/DEPARTEMENT/VILLE/paris-du-20-decembre-au-2-janvier-10826,2026-08-31
souslouer.com,petites annonces - Toutes les annonces - paris meublé,petites annonces,https://www.souslouer.com/deposer-une-annonce/REGION/DEPARTEMENT/VILLE/paris-meuble-11650,2026-08-31
souslouer.com,petites annonces - Toutes les annonces - propose une sous location toulouse,petites annonces,https://www.souslouer.com/deposer-une-annonce/REGION/DEPARTEMENT/VILLE/propose-une-sous-location-toulouse-11079,2026-08-31
souslouer.com,petites annonces - Toutes les annonces - recherche T1 ou T2 à Bordeaux ou autour 1 mois,petites annonces,https://www.souslouer.com/deposer-une-annonce/REGION/DEPARTEMENT/VILLE/recherche-T1-ou-T2-a-Bordeaux-ou-autour-1-mois-9804,2026-08-31
souslouer.com,petites annonces - Toutes les annonces - recherche colloc nov 2010 Paris,petites annonces,https://www.souslouer.com/deposer-une-annonce/REGION/DEPARTEMENT/VILLE/recherche-colloc-nov-2010-Paris-9400,2026-08-31
souslouer.com,petites annonces - Toutes les annonces - recherche d'un studio ou T1 sur Paris,petites annonces,https://www.souslouer.com/deposer-une-annonce/REGION/DEPARTEMENT/VILLE/recherche-d-un-studio-ou-T1-sur-Paris-9401,2026-08-31
souslouer.com,petites annonces - Toutes les annonces - recherche de sous-location à toulouse,petites annonces,https://www.souslouer.com/deposer-une-annonce/REGION/DEPARTEMENT/VILLE/recherche-de-sous-location-a-toulouse-9493,2026-08-31
souslouer.com,petites annonces - Toutes les annonces - recherche location à montmartre,petites annonces,https://www.souslouer.com/deposer-une-annonce/REGION/DEPARTEMENT/VILLE/recherche-location-a-montmartre-9125,2026-08-31
souslouer.com,petites annonces - Toutes les annonces - recherche location paris studio,petites annonces,https://www.souslouer.com/deposer-une-annonce/REGION/DEPARTEMENT/VILLE/recherche-location-paris-studio-9312,2026-08-31
souslouer.com,petites annonces - Toutes les annonces - recherche sous loc pour 5 mois paris,petites annonces,https://www.souslouer.com/deposer-une-annonce/REGION/DEPARTEMENT/VILLE/recherche-sous-loc-pour-5-mois-paris-9384,2026-08-31
souslouer.com,petites annonces - Toutes les annonces - recherche sous-location,petites annonces,https://www.souslouer.com/deposer-une-annonce/REGION/DEPARTEMENT/VILLE/recherche-sous-location-9907,2026-08-31
souslouer.com,petites annonces - Toutes les annonces - recherche sous location a lyon,petites annonces,https://www.souslouer.com/deposer-une-annonce/REGION/DEPARTEMENT/VILLE/recherche-sous-location-a-lyon-9205,2026-08-31
souslouer.com,petites annonces - Toutes les annonces - recherche sous location du 1er déc 2010 au 30 juin 2011,petites annonces,https://www.souslouer.com/deposer-une-annonce/REGION/DEPARTEMENT/VILLE/recherche-sous-location-du-1er-dec-2010-au-30-juin-2011-10104,2026-08-31
souslouer.com,petites annonces - Toutes les annonces - recherche sous location long terme paris,petites annonces,https://www.souslouer.com/deposer-une-annonce/REGION/DEPARTEMENT/VILLE/recherche-sous-location-long-terme-paris-18007,2026-08-31
souslouer.com,petites annonces - Toutes les annonces - recherche sous location paris centre,petites annonces,https://www.souslouer.com/deposer-une-annonce/REGION/DEPARTEMENT/VILLE/recherche-sous-location-paris-centre-9793,2026-08-31
souslouer.com,petites annonces - Toutes les annonces - recherche sous location paris courte durée,petites annonces,https://www.souslouer.com/deposer-une-annonce/REGION/DEPARTEMENT/VILLE/recherche-sous-location-paris-courte-duree-9498,2026-08-31
souslouer.com,petites annonces - Toutes les annonces - recherche sous location sur Toulouse,petites annonces,https://www.souslouer.com/deposer-une-annonce/REGION/DEPARTEMENT/VILLE/recherche-sous-location-sur-Toulouse-10082,2026-08-31
souslouer.com,petites annonces - Toutes les annonces - recherche sous location sur lyon,petites annonces,https://www.souslouer.com/deposer-une-annonce/REGION/DEPARTEMENT/VILLE/recherche-sous-location-sur-lyon-10001,2026-08-31
souslouer.com,petites annonces - Toutes les annonces - recherche ss location paris,petites annonces,https://www.souslouer.com/deposer-une-annonce/REGION/DEPARTEMENT/VILLE/recherche-ss-location-paris-9530,2026-08-31
souslouer.com,petites annonces - Toutes les annonces - recherche une sous location urgent,petites annonces,https://www.souslouer.com/deposer-une-annonce/REGION/DEPARTEMENT/VILLE/recherche-une-sous-location-urgent-9953,2026-08-31
souslouer.com,petites annonces - Toutes les annonces - recherche urgement une sous location,petites annonces,https://www.souslouer.com/deposer-une-annonce/REGION/DEPARTEMENT/VILLE/recherche-urgement-une-sous-location-9551,2026-08-31
souslouer.com,petites annonces - Toutes les annonces - recherche urgent appartement sur Toulouse,petites annonces,https://www.souslouer.com/deposer-une-annonce/REGION/DEPARTEMENT/VILLE/recherche-urgent-appartement-sur-Toulouse-9115,2026-08-31
souslouer.com,petites annonces - Toutes les annonces - recherche urgente,petites annonces,https://www.souslouer.com/deposer-une-annonce/REGION/DEPARTEMENT/VILLE/recherche-urgente-9326,2026-08-31
souslouer.com,petites annonces - Toutes les annonces - salariée cherche sous location paris,petites annonces,https://www.souslouer.com/deposer-une-annonce/REGION/DEPARTEMENT/VILLE/salariee-cherche-sous-location-paris-9071,2026-08-31
souslouer.com,petites annonces - Toutes les annonces - sosu location studio paris,petites annonces,https://www.souslouer.com/deposer-une-annonce/REGION/DEPARTEMENT/VILLE/sosu-location-studio-paris-9885,2026-08-31
souslouer.com,petites annonces - Toutes les annonces - sous-Loc LILLE proche gares,petites annonces,https://www.souslouer.com/deposer-une-annonce/REGION/DEPARTEMENT/VILLE/sous-Loc-LILLE-proche-gares-11621,2026-08-31
souslouer.com,petites annonces - Toutes les annonces - sous appartement st Pierre en Faucigny Haute Savoie,petites annonces,https://www.souslouer.com/deposer-une-annonce/REGION/DEPARTEMENT/VILLE/sous-appartement-st-Pierre-en-Faucigny-Haute-Savoie-11749,2026-08-31
souslouer.com,petites annonces - Toutes les annonces - sous-loc 3 pièces paris 16,petites annonces,https://www.souslouer.com/deposer-une-annonce/REGION/DEPARTEMENT/VILLE/sous-loc-3-pieces-paris-16-19064,2026-08-31
souslouer.com,petites annonces - Toutes les annonces - sous loc,petites annonces,https://www.souslouer.com/deposer-une-annonce/REGION/DEPARTEMENT/VILLE/sous-loc-9335,2026-08-31
souslouer.com,petites annonces - Toutes les annonces - sous-loc Paris 6 mois Janv-Juin,petites annonces,https://www.souslouer.com/deposer-une-annonce/REGION/DEPARTEMENT/VILLE/sous-loc-Paris-6-mois-Janv-Juin-10017,2026-08-31
souslouer.com,petites annonces - Toutes les annonces - sous loc. T1 Cassis,petites annonces,https://www.souslouer.com/deposer-une-annonce/REGION/DEPARTEMENT/VILLE/sous-loc-T1-Cassis-11008,2026-08-31
souslouer.com,petites annonces - Toutes les annonces - sous loc T2 30m² Paris 19ème janvier,petites annonces,https://www.souslouer.com/deposer-une-annonce/REGION/DEPARTEMENT/VILLE/sous-loc-T2-30m-Paris-19eme-janvier-10415,2026-08-31
souslouer.com,petites annonces - Toutes les annonces - sous loc T2 30m² Paris 19ème janvier,petites annonces,https://www.souslouer.com/deposer-une-annonce/REGION/DEPARTEMENT/VILLE/sous-loc-T2-30m-Paris-19eme-janvier-10585,2026-08-31
souslouer.com,petites annonces - Toutes les annonces - sous loc T3 Yvelines - 40 mn de Paris,petites annonces,https://www.souslouer.com/deposer-une-annonce/REGION/DEPARTEMENT/VILLE/sous-loc-T3-Yvelines-40-mn-de-Paris-10741,2026-08-31
souslouer.com,petites annonces - Toutes les annonces - sous loc a Paris pour 3 mois,petites annonces,https://www.souslouer.com/deposer-une-annonce/REGION/DEPARTEMENT/VILLE/sous-loc-a-Paris-pour-3-mois-9812,2026-08-31
souslouer.com,petites annonces - Toutes les annonces - sous loc appart 2 pces PARIS 20e,petites annonces,https://www.souslouer.com/deposer-une-annonce/REGION/DEPARTEMENT/VILLE/sous-loc-appart-2-pces-PARIS-20e-18961,2026-08-31
souslouer.com,petites annonces - Toutes les annonces - sous loc collocation environ toulouse,petites annonces,https://www.souslouer.com/deposer-une-annonce/REGION/DEPARTEMENT/VILLE/sous-loc-collocation-environ-toulouse-10712,2026-08-31
souslouer.com,petites annonces - Toutes les annonces - sous loc lyon 7,petites annonces,https://www.souslouer.com/deposer-une-annonce/REGION/DEPARTEMENT/VILLE/sous-loc-lyon-7-18831,2026-08-31
souslouer.com,petites annonces - Toutes les annonces - sous-loc maison craponne,petites annonces,https://www.souslouer.com/deposer-une-annonce/REGION/DEPARTEMENT/VILLE/sous-loc-maison-craponne-10168,2026-08-31
souslouer.com,petites annonces - Toutes les annonces - sous loc paris,petites annonces,https://www.souslouer.com/deposer-une-annonce/REGION/DEPARTEMENT/VILLE/sous-loc-paris-9080,2026-08-31
souslouer.com,petites annonces - Toutes les annonces - sous loc paris avril 2011,petites annonces,https://www.souslouer.com/deposer-une-annonce/REGION/DEPARTEMENT/VILLE/sous-loc-paris-avril-2011-11684,2026-08-31
souslouer.com,petites annonces - Toutes les annonces - sous loc st mande,petites annonces,https://www.souslouer.com/deposer-une-annonce/REGION/DEPARTEMENT/VILLE/sous-loc-st-mande-10548,2026-08-31
souslouer.com,petites annonces - Toutes les annonces - sous loc studio 17m2 Paris 5 ème,petites annonces,https://www.souslouer.com/deposer-une-annonce/REGION/DEPARTEMENT/VILLE/sous-loc-studio-17m2-Paris-5-eme-18332,2026-08-31
souslouer.com,petites annonces - Toutes les annonces - sous loc studio 17m2 Paris 5 ème,petites annonces,https://www.souslouer.com/deposer-une-annonce/REGION/DEPARTEMENT/VILLE/sous-loc-studio-17m2-Paris-5-eme-18396,2026-08-31
souslouer.com,petites annonces - Toutes les annonces - sous loc studio 17m2 dans le 5 ème,petites annonces,https://www.souslouer.com/deposer-une-annonce/REGION/DEPARTEMENT/VILLE/sous-loc-studio-17m2-dans-le-5-eme-18660,2026-08-31
souslouer.com,petites annonces - Toutes les annonces - sous loc' studio Paris 09,petites annonces,https://www.souslouer.com/deposer-une-annonce/REGION/DEPARTEMENT/VILLE/sous-loc-studio-Paris-09-18301,2026-08-31
souslouer.com,petites annonces - Toutes les annonces - sous location,petites annonces,https://www.souslouer.com/deposer-une-annonce/REGION/DEPARTEMENT/VILLE/sous-location-10575,2026-08-31
souslouer.com,petites annonces - Toutes les annonces - sous location,petites annonces,https://www.souslouer.com/deposer-une-annonce/REGION/DEPARTEMENT/VILLE/sous-location-10915,2026-08-31
souslouer.com,petites annonces - Toutes les annonces - sous location,petites annonces,https://www.souslouer.com/deposer-une-annonce/REGION/DEPARTEMENT/VILLE/sous-location-10976,2026-08-31
souslouer.com,petites annonces - Toutes les annonces - sous-location 2 pièces Paris 9eme fevrier/mars,petites annonces,https://www.souslouer.com/deposer-une-annonce/REGION/DEPARTEMENT/VILLE/sous-location-2-pieces-Paris-9eme-fevrier-mars-11072,2026-08-31
souslouer.com,petites annonces - Toutes les annonces - sous location 2 pieces Versailles 78000,petites annonces,https://www.souslouer.com/deposer-une-annonce/REGION/DEPARTEMENT/VILLE/sous-location-2-pieces-Versailles-78000-11602,2026-08-31
souslouer.com,petites annonces - Toutes les annonces - sous location 22 avril- 30 avril,petites annonces,https://www.souslouer.com/deposer-une-annonce/REGION/DEPARTEMENT/VILLE/sous-location-22-avril-30-avril-18769,2026-08-31
souslouer.com,petites annonces - Toutes les annonces - sous location 2p/3p/4p Paris18,petites annonces,https://www.souslouer.com/deposer-une-annonce/REGION/DEPARTEMENT/VILLE/sous-location-2p-3p-4p-Paris18-9532,2026-08-31
souslouer.com,petites annonces - Toutes les annonces - sous location 3pièces meublé Paris 19ème,petites annonces,https://www.souslouer.com/deposer-une-annonce/REGION/DEPARTEMENT/VILLE/sous-location-3pieces-meuble-Paris-19eme-11870,2026-08-31
souslouer.com,petites annonces - Toutes les annonces - sous location,petites annonces,https://www.souslouer.com/deposer-une-annonce/REGION/DEPARTEMENT/VILLE/sous-location-9113,2026-08-31
souslouer.com,"petites annonces - Toutes les annonces - sous location Chambre 10m², proche Paris, Nanterre, Villetaneuse",petites annonces,https://www.souslouer.com/deposer-une-annonce/REGION/DEPARTEMENT/VILLE/sous-location-Chambre-10m-proche-Paris-Nanterre-Villetaneuse-11451,2026-08-31
souslouer.com,petites annonces - Toutes les annonces - sous-location F1 à Montpellier,petites annonces,https://www.souslouer.com/deposer-une-annonce/REGION/DEPARTEMENT/VILLE/sous-location-F1-a-Montpellier-11120,2026-08-31
souslouer.com,petites annonces - Toutes les annonces - sous location F2 30m2 paris 15,petites annonces,https://www.souslouer.com/deposer-une-annonce/REGION/DEPARTEMENT/VILLE/sous-location-F2-30m2-paris-15-10232,2026-08-31
souslouer.com,petites annonces - Toutes les annonces - sous location F2 Neuilly sur Marne,petites annonces,https://www.souslouer.com/deposer-une-annonce/REGION/DEPARTEMENT/VILLE/sous-location-F2-Neuilly-sur-Marne-18988,2026-08-31
souslouer.com,petites annonces - Toutes les annonces - sous location F3 Mairie des Lilas,petites annonces,https://www.souslouer.com/deposer-une-annonce/REGION/DEPARTEMENT/VILLE/sous-location-F3-Mairie-des-Lilas-18236,2026-08-31
souslouer.com,petites annonces - Toutes les annonces - sous location Lyon,petites annonces,https://www.souslouer.com/deposer-une-annonce/REGION/DEPARTEMENT/VILLE/sous-location-Lyon-9246,2026-08-31
souslouer.com,petites annonces - Toutes les annonces - sous-location Maison+terrasse+jardin Luberon,petites annonces,https://www.souslouer.com/deposer-une-annonce/REGION/DEPARTEMENT/VILLE/sous-location-Maison-terrasse-jardin-Luberon-10156,2026-08-31
souslouer.com,petites annonces - Toutes les annonces - sous location Paris,petites annonces,https://www.souslouer.com/deposer-une-annonce/REGION/DEPARTEMENT/VILLE/sous-location-Paris-10074,2026-08-31
souslouer.com,petites annonces - Toutes les annonces - sous location Paris 4eme ou 6 eme,petites annonces,https://www.souslouer.com/deposer-une-annonce/REGION/DEPARTEMENT/VILLE/sous-location-Paris-4eme-ou-6-eme-9606,2026-08-31
souslouer.com,petites annonces - Toutes les annonces - sous location Paris,petites annonces,https://www.souslouer.com/deposer-une-annonce/REGION/DEPARTEMENT/VILLE/sous-location-Paris-9708,2026-08-31
souslouer.com,petites annonces - Toutes les annonces - sous location Paris,petites annonces,https://www.souslouer.com/deposer-une-annonce/REGION/DEPARTEMENT/VILLE/sous-location-Paris-9735,2026-08-31
souslouer.com,petites annonces - Toutes les annonces - sous-location Paris,petites annonces,https://www.souslouer.com/deposer-une-annonce/REGION/DEPARTEMENT/VILLE/sous-location-Paris-9833,2026-08-31
souslouer.com,petites annonces - Toutes les annonces - sous location Paris Montmartre 25m2 du 20/02 au 11/03.,petites annonces,https://www.souslouer.com/deposer-une-annonce/REGION/DEPARTEMENT/VILLE/sous-location-Paris-Montmartre-25m2-du-20-02-au-11-03-18291,2026-08-31
souslouer.com,"petites annonces - Toutes les annonces - sous location Paris T2, Canal ST Martin",petites annonces,https://www.souslouer.com/deposer-une-annonce/REGION/DEPARTEMENT/VILLE/sous-location-Paris-T2-Canal-ST-Martin-19109,2026-08-31
souslouer.com,"petites annonces - Toutes les annonces - sous location Paris, condo de luxe",petites annonces,https://www.souslouer.com/deposer-une-annonce/REGION/DEPARTEMENT/VILLE/sous-location-Paris-condo-de-luxe-11913,2026-08-31
souslouer.com,petites annonces - Toutes les annonces - sous location St Etienne,petites annonces,https://www.souslouer.com/deposer-une-annonce/REGION/DEPARTEMENT/VILLE/sous-location-St-Etienne-9503,2026-08-31
souslouer.com,petites annonces - Toutes les annonces - sous location T1 Lyon 6e,petites annonces,https://www.souslouer.com/deposer-une-annonce/REGION/DEPARTEMENT/VILLE/sous-location-T1-Lyon-6e-11167,2026-08-31
souslouer.com,petites annonces - Toutes les annonces - sous-location T1 Paris 20e / à la semaine,petites annonces,https://www.souslouer.com/deposer-une-annonce/REGION/DEPARTEMENT/VILLE/sous-location-T1-Paris-20e-a-la-semaine-19002,2026-08-31
souslouer.com,petites annonces - Toutes les annonces - sous location T1 a ivry sur seine,petites annonces,https://www.souslouer.com/deposer-une-annonce/REGION/DEPARTEMENT/VILLE/sous-location-T1-a-ivry-sur-seine-18134,2026-08-31
souslouer.com,petites annonces - Toutes les annonces - sous-location T1 ou T2 Nancy,petites annonces,https://www.souslouer.com/deposer-une-annonce/REGION/DEPARTEMENT/VILLE/sous-location-T1-ou-T2-Nancy-9993,2026-08-31
souslouer.com,petites annonces - Toutes les annonces - sous location T2 75018,petites annonces,https://www.souslouer.com/deposer-une-annonce/REGION/DEPARTEMENT/VILLE/sous-location-T2-75018-11293,2026-08-31
souslouer.com,petites annonces - Toutes les annonces - sous location T2 neuf lyon 1er,petites annonces,https://www.souslouer.com/deposer-une-annonce/REGION/DEPARTEMENT/VILLE/sous-location-T2-neuf-lyon-1er-18656,2026-08-31
souslouer.com,petites annonces - Toutes les annonces - sous location T2 paris 13 ème ardt,petites annonces,https://www.souslouer.com/deposer-une-annonce/REGION/DEPARTEMENT/VILLE/sous-location-T2-paris-13-eme-ardt-11809,2026-08-31
souslouer.com,petites annonces - Toutes les annonces - sous location T2 standing centre Toulouse,petites annonces,https://www.souslouer.com/deposer-une-annonce/REGION/DEPARTEMENT/VILLE/sous-location-T2-standing-centre-Toulouse-10499,2026-08-31
souslouer.com,petites annonces - Toutes les annonces - sous-location T3 angers centre,petites annonces,https://www.souslouer.com/deposer-une-annonce/REGION/DEPARTEMENT/VILLE/sous-location-T3-angers-centre-19099,2026-08-31
souslouer.com,petites annonces - Toutes les annonces - sous location T3 une semaine à toulouse!,petites annonces,https://www.souslouer.com/deposer-une-annonce/REGION/DEPARTEMENT/VILLE/sous-location-T3-une-semaine-a-toulouse-10815,2026-08-31
souslouer.com,petites annonces - Toutes les annonces - sous location Toulouse centre,petites annonces,https://www.souslouer.com/deposer-une-annonce/REGION/DEPARTEMENT/VILLE/sous-location-Toulouse-centre-11146,2026-08-31
souslouer.com,petites annonces - Toutes les annonces - sous location à Paris 18eme (Guy Moquet - Lamarck),petites annonces,https://www.souslouer.com/deposer-une-annonce/REGION/DEPARTEMENT/VILLE/sous-location-a-Paris-18eme-Guy-Moquet-Lamarck-11487,2026-08-31
souslouer.com,petites annonces - Toutes les annonces - sous-location à Paris jusqu'à février,petites annonces,https://www.souslouer.com/deposer-une-annonce/REGION/DEPARTEMENT/VILLE/sous-location-a-Paris-jusqu-a-fevrier-9087,2026-08-31
souslouer.com,petites annonces - Toutes les annonces - sous location appart T1 30 M2 Paris 11eme république,petites annonces,https://www.souslouer.com/deposer-une-annonce/REGION/DEPARTEMENT/VILLE/sous-location-appart-T1-30-M2-Paris-11eme-republique-19076,2026-08-31
souslouer.com,petites annonces - Toutes les annonces - sous location appart T2 marseille 8eme proche plage et parc,petites annonces,https://www.souslouer.com/deposer-une-annonce/REGION/DEPARTEMENT/VILLE/sous-location-appart-T2-marseille-8eme-proche-plage-et-parc-18316,2026-08-31
souslouer.com,petites annonces - Toutes les annonces - sous location appart bordeaux,petites annonces,https://www.souslouer.com/deposer-une-annonce/REGION/DEPARTEMENT/VILLE/sous-location-appart-bordeaux-9862,2026-08-31
souslouer.com,petites annonces - Toutes les annonces - sous location appart toulouse/blagnac,petites annonces,https://www.souslouer.com/deposer-une-annonce/REGION/DEPARTEMENT/VILLE/sous-location-appart-toulouse-blagnac-18380,2026-08-31
souslouer.com,petites annonces - Toutes les annonces - sous location appartement 95,petites annonces,https://www.souslouer.com/deposer-une-annonce/REGION/DEPARTEMENT/VILLE/sous-location-appartement-95-10183,2026-08-31
souslouer.com,petites annonces - Toutes les annonces - sous location appartement Avignon,petites annonces,https://www.souslouer.com/deposer-une-annonce/REGION/DEPARTEMENT/VILLE/sous-location-appartement-Avignon-18105,2026-08-31
souslouer.com,petites annonces - Toutes les annonces - sous location appartement Bezons,petites annonces,https://www.souslouer.com/deposer-une-annonce/REGION/DEPARTEMENT/VILLE/sous-location-appartement-Bezons-10714,2026-08-31
souslouer.com,petites annonces - Toutes les annonces - sous location appartement Bordeaux centre,petites annonces,https://www.souslouer.com/deposer-une-annonce/REGION/DEPARTEMENT/VILLE/sous-location-appartement-Bordeaux-centre-10691,2026-08-31
souslouer.com,petites annonces - Toutes les annonces - sous location appartement F2 près de Paris,petites annonces,https://www.souslouer.com/deposer-une-annonce/REGION/DEPARTEMENT/VILLE/sous-location-appartement-F2-pres-de-Paris-18574,2026-08-31
souslouer.com,petites annonces - Toutes les annonces - sous-location appartement Lyon,petites annonces,https://www.souslouer.com/deposer-une-annonce/REGION/DEPARTEMENT/VILLE/sous-location-appartement-Lyon-18350,2026-08-31
souslouer.com,petites annonces - Toutes les annonces - sous-location T2 Lyon libre le 10/12/12,petites annonces,https://www.souslouer.com/deposer-une-annonce/REGION/DEPARTEMENT/VILLE/sous-location-appartement-Lyon-18406,2026-08-31
souslouer.com,petites annonces - Toutes les annonces - sous-location appartement Lyon,petites annonces,https://www.souslouer.com/deposer-une-annonce/REGION/DEPARTEMENT/VILLE/sous-location-appartement-Lyon-9329,2026-08-31
souslouer.com,petites annonces - Toutes les annonces - sous-location appartement MEAUX,petites annonces,https://www.souslouer.com/deposer-une-annonce/REGION/DEPARTEMENT/VILLE/sous-location-appartement-MEAUX-11958,2026-08-31
souslouer.com,petites annonces - Toutes les annonces - sous location appartement PARIS,petites annonces,https://www.souslouer.com/deposer-une-annonce/REGION/DEPARTEMENT/VILLE/sous-location-appartement-PARIS-10535,2026-08-31
souslouer.com,petites annonces - Toutes les annonces - sous location appartement Paris,petites annonces,https://www.souslouer.com/deposer-une-annonce/REGION/DEPARTEMENT/VILLE/sous-location-appartement-Paris-10108,2026-08-31
souslouer.com,petites annonces - Toutes les annonces - sous location appartement Paris,petites annonces,https://www.souslouer.com/deposer-une-annonce/REGION/DEPARTEMENT/VILLE/sous-location-appartement-Paris-10164,2026-08-31
souslouer.com,petites annonces - Toutes les annonces - sous location appartement Paris,petites annonces,https://www.souslouer.com/deposer-une-annonce/REGION/DEPARTEMENT/VILLE/sous-location-appartement-Paris-11372,2026-08-31
souslouer.com,petites annonces - Toutes les annonces - sous location appartement Paris,petites annonces,https://www.souslouer.com/deposer-une-annonce/REGION/DEPARTEMENT/VILLE/sous-location-appartement-Paris-11610,2026-08-31
souslouer.com,petites annonces - Toutes les annonces - sous location appartement Paris,petites annonces,https://www.souslouer.com/deposer-une-annonce/REGION/DEPARTEMENT/VILLE/sous-location-appartement-Paris-11858,2026-08-31
souslouer.com,petites annonces - Toutes les annonces - sous location appartement Paris,petites annonces,https://www.souslouer.com/deposer-une-annonce/REGION/DEPARTEMENT/VILLE/sous-location-appartement-Paris-11891,2026-08-31
souslouer.com,petites annonces - Toutes les annonces - sous location appartement Paris,petites annonces,https://www.souslouer.com/deposer-une-annonce/REGION/DEPARTEMENT/VILLE/sous-location-appartement-Paris-12011,2026-08-31
souslouer.com,petites annonces - Toutes les annonces - sous location appartement Paris,petites annonces,https://www.souslouer.com/deposer-une-annonce/REGION/DEPARTEMENT/VILLE/sous-location-appartement-Paris-18491,2026-08-31
souslouer.com,petites annonces - Toutes les annonces - sous location appartement Paris 5ieme,petites annonces,https://www.souslouer.com/deposer-une-annonce/REGION/DEPARTEMENT/VILLE/sous-location-appartement-Paris-5ieme-10051,2026-08-31
souslouer.com,petites annonces - Toutes les annonces - sous location appartement Paris 5ieme,petites annonces,https://www.souslouer.com/deposer-une-annonce/REGION/DEPARTEMENT/VILLE/sous-location-appartement-Paris-5ieme-10352,2026-08-31
souslouer.com,petites annonces - Toutes les annonces - sous location appartement Paris,petites annonces,https://www.souslouer.com/deposer-une-annonce/REGION/DEPARTEMENT/VILLE/sous-location-appartement-Paris-9409,2026-08-31
souslouer.com,petites annonces - Toutes les annonces - sous location appartement Paris,petites annonces,https://www.souslouer.com/deposer-une-annonce/REGION/DEPARTEMENT/VILLE/sous-location-appartement-Paris-9750,2026-08-31
souslouer.com,petites annonces - Toutes les annonces - sous location appartement Paris,petites annonces,https://www.souslouer.com/deposer-une-annonce/REGION/DEPARTEMENT/VILLE/sous-location-appartement-Paris-9842,2026-08-31
souslouer.com,petites annonces - Toutes les annonces - sous location appartement Paris du 14 avril au 29 avril 2012,petites annonces,https://www.souslouer.com/deposer-une-annonce/REGION/DEPARTEMENT/VILLE/sous-location-appartement-Paris-du-14-avril-au-29-avril-2012-18405,2026-08-31
souslouer.com,petites annonces - Toutes les annonces - sous location appartement Paris du 14 avril au 29 avril 2012,petites annonces,https://www.souslouer.com/deposer-une-annonce/REGION/DEPARTEMENT/VILLE/sous-location-appartement-Paris-du-14-avril-au-29-avril-2012-18441,2026-08-31
souslouer.com,petites annonces - Toutes les annonces - sous location appartement Rennes,petites annonces,https://www.souslouer.com/deposer-une-annonce/REGION/DEPARTEMENT/VILLE/sous-location-appartement-Rennes-18905,2026-08-31
souslouer.com,petites annonces - Toutes les annonces - Loue un 37 m2 dans un immeuble atypique au coeur de Ménilmontant,petites annonces,https://www.souslouer.com/deposer-une-annonce/REGION/DEPARTEMENT/VILLE/sous-location-appartement-T2-sur-Paris-11689,2026-08-31
souslouer.com,petites annonces - Toutes les annonces - sous location appartement a 15min de paris,petites annonces,https://www.souslouer.com/deposer-une-annonce/REGION/DEPARTEMENT/VILLE/sous-location-appartement-a-15min-de-paris-11321,2026-08-31
souslouer.com,petites annonces - Toutes les annonces - sous location appartement chambre nantes,petites annonces,https://www.souslouer.com/deposer-une-annonce/REGION/DEPARTEMENT/VILLE/sous-location-appartement-chambre-nantes-9900,2026-08-31
souslouer.com,petites annonces - Toutes les annonces - sous location appartement guadeloupe,petites annonces,https://www.souslouer.com/deposer-une-annonce/REGION/DEPARTEMENT/VILLE/sous-location-appartement-guadeloupe-18126,2026-08-31
souslouer.com,petites annonces - Toutes les annonces - sous location appartement lille,petites annonces,https://www.souslouer.com/deposer-une-annonce/REGION/DEPARTEMENT/VILLE/sous-location-appartement-lille-9081,2026-08-31
souslouer.com,petites annonces - Toutes les annonces - sous-location appartement lyon,petites annonces,https://www.souslouer.com/deposer-une-annonce/REGION/DEPARTEMENT/VILLE/sous-location-appartement-lyon-9390,2026-08-31
souslouer.com,petites annonces - Toutes les annonces - sous location appartement paris,petites annonces,https://www.souslouer.com/deposer-une-annonce/REGION/DEPARTEMENT/VILLE/sous-location-appartement-paris-19023,2026-08-31
souslouer.com,petites annonces - Toutes les annonces - sous location appartement paris,petites annonces,https://www.souslouer.com/deposer-une-annonce/REGION/DEPARTEMENT/VILLE/sous-location-appartement-paris-9148,2026-08-31
souslouer.com,petites annonces - Toutes les annonces - sous location appartement paris,petites annonces,https://www.souslouer.com/deposer-une-annonce/REGION/DEPARTEMENT/VILLE/sous-location-appartement-paris-9191,2026-08-31
souslouer.com,petites annonces - Toutes les annonces - sous location appartement paris,petites annonces,https://www.souslouer.com/deposer-une-annonce/REGION/DEPARTEMENT/VILLE/sous-location-appartement-paris-9364,2026-08-31
souslouer.com,petites annonces - Toutes les annonces - sous location appartement paris,petites annonces,https://www.souslouer.com/deposer-une-annonce/REGION/DEPARTEMENT/VILLE/sous-location-appartement-paris-9800,2026-08-31
souslouer.com,petites annonces - Toutes les annonces - sous-location appartement paris du 28 juillet au 25 aout 2012,petites annonces,https://www.souslouer.com/deposer-une-annonce/REGION/DEPARTEMENT/VILLE/sous-location-appartement-paris-du-28-juillet-au-25-aout-2012-18801,2026-08-31
souslouer.com,petites annonces - Toutes les annonces - sous location appartement proche bastille DU 1ER JUIN AU 15 SEPTEMBRE 2012,petites annonces,https://www.souslouer.com/deposer-une-annonce/REGION/DEPARTEMENT/VILLE/sous-location-appartement-proche-bastille-DU-1ER-JUIN-AU-15-SEPTEMBRE-2012-18163,2026-08-31
souslouer.com,petites annonces - Toutes les annonces - sous location appartement studio Paris 19eme,petites annonces,https://www.souslouer.com/deposer-une-annonce/REGION/DEPARTEMENT/VILLE/sous-location-appartement-studio-Paris-19eme-10396,2026-08-31
souslouer.com,petites annonces - Toutes les annonces - sous location apprtement Paris,petites annonces,https://www.souslouer.com/deposer-une-annonce/REGION/DEPARTEMENT/VILLE/sous-location-apprtement-Paris-9577,2026-08-31
souslouer.com,petites annonces - Toutes les annonces - sous location appt Paris et très proche banlieue,petites annonces,https://www.souslouer.com/deposer-une-annonce/REGION/DEPARTEMENT/VILLE/sous-location-appt-Paris-et-tres-proche-banlieue-9173,2026-08-31
souslouer.com,petites annonces - Toutes les annonces - sous location appt. charmant Paris 14eme,petites annonces,https://www.souslouer.com/deposer-une-annonce/REGION/DEPARTEMENT/VILLE/sous-location-appt-charmant-Paris-14eme-10389,2026-08-31
souslouer.com,petites annonces - Toutes les annonces - sous location avec moi a paris 15 eme,petites annonces,https://www.souslouer.com/deposer-une-annonce/REGION/DEPARTEMENT/VILLE/sous-location-avec-moi-a-paris-15-eme-11819,2026-08-31
souslouer.com,petites annonces - Toutes les annonces - sous location chambre 13 m2 dans colocation de 90 m2 paris 19,petites annonces,https://www.souslouer.com/deposer-une-annonce/REGION/DEPARTEMENT/VILLE/sous-location-chambre-13-m2-dans-colocation-de-90-m2-paris-19-18972,2026-08-31
souslouer.com,petites annonces - Toutes les annonces - sous location chambre Reims,petites annonces,https://www.souslouer.com/deposer-une-annonce/REGION/DEPARTEMENT/VILLE/sous-location-chambre-Reims-10708,2026-08-31
souslouer.com,petites annonces - Toutes les annonces - sous location chambre dans colocation à Toulouse,petites annonces,https://www.souslouer.com/deposer-une-annonce/REGION/DEPARTEMENT/VILLE/sous-location-chambre-dans-colocation-a-Toulouse-18312,2026-08-31
souslouer.com,petites annonces - Toutes les annonces - sous location chambre dans un T3 tout équipé,petites annonces,https://www.souslouer.com/deposer-une-annonce/REGION/DEPARTEMENT/VILLE/sous-location-chambre-dans-un-T3-tout-equipe-11249,2026-08-31
souslouer.com,petites annonces - Toutes les annonces - sous location chambre garges les gonesse,petites annonces,https://www.souslouer.com/deposer-une-annonce/REGION/DEPARTEMENT/VILLE/sous-location-chambre-garges-les-gonesse-10090,2026-08-31
souslouer.com,petites annonces - Toutes les annonces - sous location chambres Iles de France,petites annonces,https://www.souslouer.com/deposer-une-annonce/REGION/DEPARTEMENT/VILLE/sous-location-chambres-Iles-de-France-10048,2026-08-31
souslouer.com,petites annonces - Toutes les annonces - sous-location clermont ferrand,petites annonces,https://www.souslouer.com/deposer-une-annonce/REGION/DEPARTEMENT/VILLE/sous-location-clermont-ferrand-9773,2026-08-31
souslouer.com,petites annonces - Toutes les annonces - sous location coloc 3 chambres Lyon 7eme,petites annonces,https://www.souslouer.com/deposer-une-annonce/REGION/DEPARTEMENT/VILLE/sous-location-coloc-3-chambres-Lyon-7eme-18856,2026-08-31
souslouer.com,petites annonces - Toutes les annonces - sous location / colocation Paris Montparnasse,petites annonces,https://www.souslouer.com/deposer-une-annonce/REGION/DEPARTEMENT/VILLE/sous-location-colocation-Paris-Montparnasse-9483,2026-08-31
souslouer.com,petites annonces - Toutes les annonces - Sous-location courte durée chambre Paris 14eme,petites annonces,https://www.souslouer.com/deposer-une-annonce/REGION/DEPARTEMENT/VILLE/sous-location-courte-duree-Paris-14eme-10809,2026-08-31
souslouer.com,petites annonces - Toutes les annonces - sous location de juillet à septembre à 10 min de Paris( Bourg la reine),petites annonces,https://www.souslouer.com/deposer-une-annonce/REGION/DEPARTEMENT/VILLE/sous-location-de-juillet-a-septembre-a-10-min-de-Paris-Bourg-la-reine-18365,2026-08-31
souslouer.com,petites annonces - Toutes les annonces - sous location de novembre à mars Paris,petites annonces,https://www.souslouer.com/deposer-une-annonce/REGION/DEPARTEMENT/VILLE/sous-location-de-novembre-a-mars-Paris-9103,2026-08-31
souslouer.com,petites annonces - Toutes les annonces - sous-location deux pièces - Paris 18ème - proche montmartre,petites annonces,https://www.souslouer.com/deposer-une-annonce/REGION/DEPARTEMENT/VILLE/sous-location-deux-pieces-Paris-18eme-proche-montmartre-18971,2026-08-31
souslouer.com,petites annonces - Toutes les annonces - sous-location deux pièces - proche montmartre,petites annonces,https://www.souslouer.com/deposer-une-annonce/REGION/DEPARTEMENT/VILLE/sous-location-deux-pieces-proche-montmartre-18970,2026-08-31
souslouer.com,petites annonces - Toutes les annonces - sous-location duplex Saint-Etienne,petites annonces,https://www.souslouer.com/deposer-une-annonce/REGION/DEPARTEMENT/VILLE/sous-location-duplex-Saint-Etienne-10208,2026-08-31
souslouer.com,petites annonces - Toutes les annonces - sous-location duplex Saint-Etienne,petites annonces,https://www.souslouer.com/deposer-une-annonce/REGION/DEPARTEMENT/VILLE/sous-location-duplex-Saint-Etienne-10209,2026-08-31
souslouer.com,petites annonces - Toutes les annonces - sous-location duplex Saint-Etienne,petites annonces,https://www.souslouer.com/deposer-une-annonce/REGION/DEPARTEMENT/VILLE/sous-location-duplex-Saint-Etienne-10210,2026-08-31
souslouer.com,"petites annonces - Toutes les annonces - sous-location été, Paris 12ème, 70m², idéal enfants",petites annonces,https://www.souslouer.com/deposer-une-annonce/REGION/DEPARTEMENT/VILLE/sous-location-ete-Paris-12eme-70m-ideal-enfants-18791,2026-08-31
souslouer.com,petites annonces - Toutes les annonces - sous location février appartement T2 paris,petites annonces,https://www.souslouer.com/deposer-une-annonce/REGION/DEPARTEMENT/VILLE/sous-location-fevrier-appartement-T2-paris-11954,2026-08-31
souslouer.com,petites annonces - Toutes les annonces - sous location grand studio Paris,petites annonces,https://www.souslouer.com/deposer-une-annonce/REGION/DEPARTEMENT/VILLE/sous-location-grand-studio-Paris-18797,2026-08-31
souslouer.com,petites annonces - Toutes les annonces - sous location grand studio les lilas,petites annonces,https://www.souslouer.com/deposer-une-annonce/REGION/DEPARTEMENT/VILLE/sous-location-grand-studio-les-lilas-18793,2026-08-31
souslouer.com,petites annonces - Toutes les annonces - sous location grand studio paris,petites annonces,https://www.souslouer.com/deposer-une-annonce/REGION/DEPARTEMENT/VILLE/sous-location-grand-studio-paris-10709,2026-08-31
souslouer.com,petites annonces - Toutes les annonces - sous location ile de france,petites annonces,https://www.souslouer.com/deposer-une-annonce/REGION/DEPARTEMENT/VILLE/sous-location-ile-de-france-9890,2026-08-31
souslouer.com,petites annonces - Toutes les annonces - sous location joli studio Paris 6e (Odéon),petites annonces,https://www.souslouer.com/deposer-une-annonce/REGION/DEPARTEMENT/VILLE/sous-location-joli-studio-Paris-6e-Odeon-19049,2026-08-31
souslouer.com,petites annonces - Toutes les annonces - sous location longue duree ile de france,petites annonces,https://www.souslouer.com/deposer-une-annonce/REGION/DEPARTEMENT/VILLE/sous-location-longue-duree-ile-de-france-9381,2026-08-31
souslouer.com,petites annonces - Toutes les annonces - sous location lyon,petites annonces,https://www.souslouer.com/deposer-une-annonce/REGION/DEPARTEMENT/VILLE/sous-location-lyon-10114,2026-08-31
souslouer.com,petites annonces - Toutes les annonces - sous location magnifique T3paris 1 ème ardt,petites annonces,https://www.souslouer.com/deposer-une-annonce/REGION/DEPARTEMENT/VILLE/sous-location-magnifique-T3paris-1-eme-ardt-11810,2026-08-31
souslouer.com,petites annonces - Toutes les annonces - sous location maison Guadeloupe été 2012,petites annonces,https://www.souslouer.com/deposer-une-annonce/REGION/DEPARTEMENT/VILLE/sous-location-maison-Guadeloupe-ete-2012-18676,2026-08-31
souslouer.com,petites annonces - Toutes les annonces - sous location maison Guadeloupe été 2012,petites annonces,https://www.souslouer.com/deposer-une-annonce/REGION/DEPARTEMENT/VILLE/sous-location-maison-Guadeloupe-ete-2012-18677,2026-08-31
souslouer.com,petites annonces - Toutes les annonces - sous location maison montpellier du 19.07.12 au 16.08.12,petites annonces,https://www.souslouer.com/deposer-une-annonce/REGION/DEPARTEMENT/VILLE/sous-location-maison-montpellier-du-19-07-12-au-16-08-12-19062,2026-08-31
souslouer.com,petites annonces - Toutes les annonces - sous location marseille,petites annonces,https://www.souslouer.com/deposer-une-annonce/REGION/DEPARTEMENT/VILLE/sous-location-marseille-18563,2026-08-31
souslouer.com,petites annonces - Toutes les annonces - sous location mois d'août studio 25m2 Ménilmontant,petites annonces,https://www.souslouer.com/deposer-une-annonce/REGION/DEPARTEMENT/VILLE/sous-location-mois-d-aout-studio-25m2-Menilmontant-19140,2026-08-31
souslouer.com,petites annonces - Toutes les annonces - sous location orleans,petites annonces,https://www.souslouer.com/deposer-une-annonce/REGION/DEPARTEMENT/VILLE/sous-location-orleans-10496,2026-08-31
souslouer.com,petites annonces - Toutes les annonces - sous location paris,petites annonces,https://www.souslouer.com/deposer-une-annonce/REGION/DEPARTEMENT/VILLE/sous-location-paris-10078,2026-08-31
souslouer.com,petites annonces - Toutes les annonces - sous-location paris,petites annonces,https://www.souslouer.com/deposer-une-annonce/REGION/DEPARTEMENT/VILLE/sous-location-paris-10106,2026-08-31
souslouer.com,petites annonces - Toutes les annonces - sous location paris,petites annonces,https://www.souslouer.com/deposer-une-annonce/REGION/DEPARTEMENT/VILLE/sous-location-paris-10551,2026-08-31
souslouer.com,petites annonces - Toutes les annonces - sous location - paris 18e,petites annonces,https://www.souslouer.com/deposer-une-annonce/REGION/DEPARTEMENT/VILLE/sous-location-paris-18e-17958,2026-08-31
souslouer.com,petites annonces - Toutes les annonces - sous location paris,petites annonces,https://www.souslouer.com/deposer-une-annonce/REGION/DEPARTEMENT/VILLE/sous-location-paris-19034,2026-08-31
souslouer.com,petites annonces - Toutes les annonces - sous location paris,petites annonces,https://www.souslouer.com/deposer-une-annonce/REGION/DEPARTEMENT/VILLE/sous-location-paris-9127,2026-08-31
souslouer.com,petites annonces - Toutes les annonces - sous location paris,petites annonces,https://www.souslouer.com/deposer-une-annonce/REGION/DEPARTEMENT/VILLE/sous-location-paris-9807,2026-08-31
souslouer.com,petites annonces - Toutes les annonces - sous location paris intra muros 6 mois,petites annonces,https://www.souslouer.com/deposer-une-annonce/REGION/DEPARTEMENT/VILLE/sous-location-paris-intra-muros-6-mois-11198,2026-08-31
souslouer.com,petites annonces - Toutes les annonces - sous-location ponctuelle T2 Marseille,petites annonces,https://www.souslouer.com/deposer-une-annonce/REGION/DEPARTEMENT/VILLE/sous-location-ponctuelle-T2-Marseille-11905,2026-08-31
souslouer.com,petites annonces - Toutes les annonces - sous location pour 15 jours,petites annonces,https://www.souslouer.com/deposer-une-annonce/REGION/DEPARTEMENT/VILLE/sous-location-pour-15-jours-9397,2026-08-31
souslouer.com,petites annonces - Toutes les annonces - sous location rennes,petites annonces,https://www.souslouer.com/deposer-une-annonce/REGION/DEPARTEMENT/VILLE/sous-location-rennes-9180,2026-08-31
souslouer.com,petites annonces - Toutes les annonces - sous location studio 20m2 boulogne billancourt,petites annonces,https://www.souslouer.com/deposer-une-annonce/REGION/DEPARTEMENT/VILLE/sous-location-studio-20m2-boulogne-billancourt-18272,2026-08-31
souslouer.com,petites annonces - Toutes les annonces - sous location studio 4 personnes Font-Romeu près pistes ski,petites annonces,https://www.souslouer.com/deposer-une-annonce/REGION/DEPARTEMENT/VILLE/sous-location-studio-4-personnes-Font-Romeu-pres-pistes-ski-11299,2026-08-31
souslouer.com,petites annonces - Toutes les annonces - sous-location studio Asnières,petites annonces,https://www.souslouer.com/deposer-une-annonce/REGION/DEPARTEMENT/VILLE/sous-location-studio-Asnieres-11528,2026-08-31
souslouer.com,petites annonces - Toutes les annonces - sous location studio Chatillon région Parisienne,petites annonces,https://www.souslouer.com/deposer-une-annonce/REGION/DEPARTEMENT/VILLE/sous-location-studio-Chatillon-region-Parisienne-18614,2026-08-31
souslouer.com,petites annonces - Toutes les annonces - sous-location studio Kremlin bicètre,petites annonces,https://www.souslouer.com/deposer-une-annonce/REGION/DEPARTEMENT/VILLE/sous-location-studio-Kremlin-bicetre-11690,2026-08-31
souslouer.com,petites annonces - Toutes les annonces - sous location studio Paris,petites annonces,https://www.souslouer.com/deposer-une-annonce/REGION/DEPARTEMENT/VILLE/sous-location-studio-Paris-10100,2026-08-31
souslouer.com,petites annonces - Toutes les annonces - sous location studio Paris,petites annonces,https://www.souslouer.com/deposer-une-annonce/REGION/DEPARTEMENT/VILLE/sous-location-studio-Paris-10211,2026-08-31
souslouer.com,petites annonces - Toutes les annonces - sous location studio Paris 13,petites annonces,https://www.souslouer.com/deposer-une-annonce/REGION/DEPARTEMENT/VILLE/sous-location-studio-Paris-13-11031,2026-08-31
souslouer.com,petites annonces - Toutes les annonces - sous location studio Paris,petites annonces,https://www.souslouer.com/deposer-une-annonce/REGION/DEPARTEMENT/VILLE/sous-location-studio-Paris-9169,2026-08-31
souslouer.com,petites annonces - Toutes les annonces - sous location studio Paris,petites annonces,https://www.souslouer.com/deposer-une-annonce/REGION/DEPARTEMENT/VILLE/sous-location-studio-Paris-9665,2026-08-31
souslouer.com,petites annonces - Toutes les annonces - sous location studio Paris,petites annonces,https://www.souslouer.com/deposer-une-annonce/REGION/DEPARTEMENT/VILLE/sous-location-studio-Paris-9738,2026-08-31
souslouer.com,petites annonces - Toutes les annonces - sous location studio Paris centre (9°),petites annonces,https://www.souslouer.com/deposer-une-annonce/REGION/DEPARTEMENT/VILLE/sous-location-studio-Paris-centre-9-10904,2026-08-31
souslouer.com,petites annonces - Toutes les annonces - sous location studio Paris pour couple,petites annonces,https://www.souslouer.com/deposer-une-annonce/REGION/DEPARTEMENT/VILLE/sous-location-studio-Paris-pour-couple-9445,2026-08-31
souslouer.com,petites annonces - Toutes les annonces - sous location studio ST NAZAIRE,petites annonces,https://www.souslouer.com/deposer-une-annonce/REGION/DEPARTEMENT/VILLE/sous-location-studio-ST-NAZAIRE-18641,2026-08-31
souslouer.com,petites annonces - Toutes les annonces - sous-location studio/T2 Paris,petites annonces,https://www.souslouer.com/deposer-une-annonce/REGION/DEPARTEMENT/VILLE/sous-location-studio-T2-Paris-9236,2026-08-31
souslouer.com,petites annonces - Toutes les annonces - sous-location studio à Lons-le-Saunier,petites annonces,https://www.souslouer.com/deposer-une-annonce/REGION/DEPARTEMENT/VILLE/sous-location-studio-a-Lons-le-Saunier-10049,2026-08-31
souslouer.com,petites annonces - Toutes les annonces - sous-location studio/appartement meublé PARIS,petites annonces,https://www.souslouer.com/deposer-une-annonce/REGION/DEPARTEMENT/VILLE/sous-location-studio-appartement-meuble-PARIS-9159,2026-08-31
souslouer.com,petites annonces - Toutes les annonces - sous-location studio lille,petites annonces,https://www.souslouer.com/deposer-une-annonce/REGION/DEPARTEMENT/VILLE/sous-location-studio-lille-10071,2026-08-31
souslouer.com,"petites annonces - Toutes les annonces - sous-location studio lyon, villeurbanne",petites annonces,https://www.souslouer.com/deposer-une-annonce/REGION/DEPARTEMENT/VILLE/sous-location-studio-lyon-villeurbanne-10013,2026-08-31
souslouer.com,petites annonces - Toutes les annonces - sous-location studio marseille,petites annonces,https://www.souslouer.com/deposer-une-annonce/REGION/DEPARTEMENT/VILLE/sous-location-studio-marseille-11570,2026-08-31
souslouer.com,petites annonces - Toutes les annonces - sous location studio paris,petites annonces,https://www.souslouer.com/deposer-une-annonce/REGION/DEPARTEMENT/VILLE/sous-location-studio-paris-10039,2026-08-31
souslouer.com,petites annonces - Toutes les annonces - sous location studio paris 17,petites annonces,https://www.souslouer.com/deposer-une-annonce/REGION/DEPARTEMENT/VILLE/sous-location-studio-paris-17-17996,2026-08-31
souslouer.com,petites annonces - Toutes les annonces - sous location studio paris,petites annonces,https://www.souslouer.com/deposer-une-annonce/REGION/DEPARTEMENT/VILLE/sous-location-studio-paris-9253,2026-08-31
souslouer.com,petites annonces - Toutes les annonces - sous location studio paris,petites annonces,https://www.souslouer.com/deposer-une-annonce/REGION/DEPARTEMENT/VILLE/sous-location-studio-paris-9491,2026-08-31
souslouer.com,petites annonces - Toutes les annonces - sous location studio paris,petites annonces,https://www.souslouer.com/deposer-une-annonce/REGION/DEPARTEMENT/VILLE/sous-location-studio-paris-9494,2026-08-31
souslouer.com,petites annonces - Toutes les annonces - sous location studio paris,petites annonces,https://www.souslouer.com/deposer-une-annonce/REGION/DEPARTEMENT/VILLE/sous-location-studio-paris-9642,2026-08-31
souslouer.com,petites annonces - Toutes les annonces - sous-location studio paris et banlieue mi septembre-fin janvier,petites annonces,https://www.souslouer.com/deposer-une-annonce/REGION/DEPARTEMENT/VILLE/sous-location-studio-paris-et-banlieue-mi-septembre-fin-janvier-18726,2026-08-31
souslouer.com,petites annonces - Toutes les annonces - sous location sud Paris ou sud 92,petites annonces,https://www.souslouer.com/deposer-une-annonce/REGION/DEPARTEMENT/VILLE/sous-location-sud-Paris-ou-sud-92-9771,2026-08-31
souslouer.com,petites annonces - Toutes les annonces - sous location t2 Toulouse centre,petites annonces,https://www.souslouer.com/deposer-une-annonce/REGION/DEPARTEMENT/VILLE/sous-location-t2-Toulouse-centre-10599,2026-08-31
souslouer.com,"petites annonces - Toutes les annonces - sous location village, hautes alpes",petites annonces,https://www.souslouer.com/deposer-une-annonce/REGION/DEPARTEMENT/VILLE/sous-location-village-hautes-alpes-11258,2026-08-31
souslouer.com,petites annonces - Toutes les annonces - sous location vitré (35),petites annonces,https://www.souslouer.com/deposer-une-annonce/REGION/DEPARTEMENT/VILLE/sous-location-vitre-35-10444,2026-08-31
souslouer.com,petites annonces - Toutes les annonces - sous location2 pièces 40m2 Paris 12e 750€,petites annonces,https://www.souslouer.com/deposer-une-annonce/REGION/DEPARTEMENT/VILLE/sous-location2-pieces-40m2-Paris-12e-750-11986,2026-08-31
souslouer.com,petites annonces - Toutes les annonces - sous location2 pièces 40m2 Paris 12e 750€,petites annonces,https://www.souslouer.com/deposer-une-annonce/REGION/DEPARTEMENT/VILLE/sous-location2-pieces-40m2-Paris-12e-750-11987,2026-08-31
souslouer.com,petites annonces - Toutes les annonces - sous loue 2pièces 75011,petites annonces,https://www.souslouer.com/deposer-une-annonce/REGION/DEPARTEMENT/VILLE/sous-loue-2pieces-75011-17920,2026-08-31
souslouer.com,petites annonces - Toutes les annonces - sous loue appart a republique,petites annonces,https://www.souslouer.com/deposer-une-annonce/REGION/DEPARTEMENT/VILLE/sous-loue-appart-a-republique-17988,2026-08-31
souslouer.com,petites annonces - Toutes les annonces - sous loue apparteent 58m2 Lyon 7eme proche métro,petites annonces,https://www.souslouer.com/deposer-une-annonce/REGION/DEPARTEMENT/VILLE/sous-loue-apparteent-58m2-Lyon-7eme-proche-metro-18562,2026-08-31
souslouer.com,petites annonces - Toutes les annonces - sous loue appartement T3 Jules Joffrin,petites annonces,https://www.souslouer.com/deposer-une-annonce/REGION/DEPARTEMENT/VILLE/sous-loue-appartement-T3-Jules-Joffrin-19179,2026-08-31
souslouer.com,petites annonces - Toutes les annonces - sous loue charmant studio Paris montmartre,petites annonces,https://www.souslouer.com/deposer-une-annonce/REGION/DEPARTEMENT/VILLE/sous-loue-charmant-studio-Paris-montmartre-17950,2026-08-31
souslouer.com,petites annonces - Toutes les annonces - sous loue mon appart 30m2 +30m2 terrasse,petites annonces,https://www.souslouer.com/deposer-une-annonce/REGION/DEPARTEMENT/VILLE/sous-loue-mon-appart-30m2-30m2-terrasse-11255,2026-08-31
souslouer.com,petites annonces - Toutes les annonces - sous loue studio 8ème Paris,petites annonces,https://www.souslouer.com/deposer-une-annonce/REGION/DEPARTEMENT/VILLE/sous-loue-studio-8eme-Paris-10341,2026-08-31
souslouer.com,petites annonces - Toutes les annonces - sous loue t2 45 m2 residence standing,petites annonces,https://www.souslouer.com/deposer-une-annonce/REGION/DEPARTEMENT/VILLE/sous-loue-t2-45-m2-residence-standing-18835,2026-08-31
souslouer.com,petites annonces - Toutes les annonces - sous louer f2,petites annonces,https://www.souslouer.com/deposer-une-annonce/REGION/DEPARTEMENT/VILLE/sous-louer-f2-10447,2026-08-31
souslouer.com,petites annonces - Toutes les annonces - souslocation T1 NICE,petites annonces,https://www.souslouer.com/deposer-une-annonce/REGION/DEPARTEMENT/VILLE/souslocation-T1-NICE-18121,2026-08-31
souslouer.com,petites annonces - Toutes les annonces - souslocation apptmt mitry mory 15mns de paris,petites annonces,https://www.souslouer.com/deposer-une-annonce/REGION/DEPARTEMENT/VILLE/souslocation-apptmt-mitry-mory-15mns-de-paris-18547,2026-08-31
souslouer.com,petites annonces - Toutes les annonces - studio 11ï¿½me,petites annonces,https://www.souslouer.com/deposer-une-annonce/REGION/DEPARTEMENT/VILLE/studio-11u-me-18615,2026-08-31
souslouer.com,petites annonces - Toutes les annonces - studio 26m2 a montmartre sous-location,petites annonces,https://www.souslouer.com/deposer-une-annonce/REGION/DEPARTEMENT/VILLE/studio-26m2-a-montmartre-sous-location-18444,2026-08-31
souslouer.com,petites annonces - Toutes les annonces - studio 26m2 canal saint martin,petites annonces,https://www.souslouer.com/deposer-une-annonce/REGION/DEPARTEMENT/VILLE/studio-26m2-canal-saint-martin-10975,2026-08-31
souslouer.com,petites annonces - Toutes les annonces - studio 28m² meublé Paris 15ème,petites annonces,https://www.souslouer.com/deposer-une-annonce/REGION/DEPARTEMENT/VILLE/studio-28m-meuble-Paris-15eme-18238,2026-08-31
souslouer.com,petites annonces - Toutes les annonces - studio à Vincennes,petites annonces,https://www.souslouer.com/deposer-une-annonce/REGION/DEPARTEMENT/VILLE/studio-a-Vincennes-12015,2026-08-31
souslouer.com,petites annonces - Toutes les annonces - studio à sous louer à Alfortville 4 mois,petites annonces,https://www.souslouer.com/deposer-une-annonce/REGION/DEPARTEMENT/VILLE/studio-a-sous-louer-a-Alfortville-4-mois-18254,2026-08-31
souslouer.com,petites annonces - Toutes les annonces - studio charmant et calme a montmartre(paris) a louer du 15 JANVIER au 1 MARS : 800euros/mois,petites annonces,https://www.souslouer.com/deposer-une-annonce/REGION/DEPARTEMENT/VILLE/studio-charmant-et-calme-a-montmartre-paris-a-louer-du-15-JANVIER-au-1-MARS-800euros-mois-17960,2026-08-31
souslouer.com,petites annonces - Toutes les annonces - studio de 20m2 cœur saxe Gambetta,petites annonces,https://www.souslouer.com/deposer-une-annonce/REGION/DEPARTEMENT/VILLE/studio-de-20m2-c-ur-saxe-Gambetta-18784,2026-08-31
souslouer.com,petites annonces - Toutes les annonces - studio entièrement équipé dans le nord pas de calais,petites annonces,https://www.souslouer.com/deposer-une-annonce/REGION/DEPARTEMENT/VILLE/studio-entierement-equipe-dans-le-nord-pas-de-calais-10378,2026-08-31
souslouer.com,petites annonces - Toutes les annonces - studio environ 30m2,petites annonces,https://www.souslouer.com/deposer-une-annonce/REGION/DEPARTEMENT/VILLE/studio-environ-30m2-9183,2026-08-31
souslouer.com,petites annonces - Toutes les annonces - studio lyon,petites annonces,https://www.souslouer.com/deposer-une-annonce/REGION/DEPARTEMENT/VILLE/studio-lyon-9851,2026-08-31
souslouer.com,petites annonces - Toutes les annonces - studio meublé paris pour 3 mois,petites annonces,https://www.souslouer.com/deposer-une-annonce/REGION/DEPARTEMENT/VILLE/studio-meuble-paris-pour-3-mois-9643,2026-08-31
souslouer.com,petites annonces - Toutes les annonces - studio meublé paris proche banlieue (metro hoche),petites annonces,https://www.souslouer.com/deposer-une-annonce/REGION/DEPARTEMENT/VILLE/studio-meuble-paris-proche-banlieue-metro-hoche-18633,2026-08-31
souslouer.com,petites annonces - Toutes les annonces - studio mezzanine draguignan,petites annonces,https://www.souslouer.com/deposer-une-annonce/REGION/DEPARTEMENT/VILLE/studio-mezzanine-draguignan-10638,2026-08-31
souslouer.com,petites annonces - Toutes les annonces - studio montmartre 26m2 avec cour intérieure calme a louer du 1 au 31 mai 800eu ttc+internet,petites annonces,https://www.souslouer.com/deposer-une-annonce/REGION/DEPARTEMENT/VILLE/studio-montmartre-26m2-avec-cour-interieure-calme-a-louer-du-1-au-31-mai-800eu-ttc-internet-18879,2026-08-31
souslouer.com,petites annonces - Toutes les annonces - studio paris 20 eme,petites annonces,https://www.souslouer.com/deposer-une-annonce/REGION/DEPARTEMENT/VILLE/studio-paris-20-eme-11383,2026-08-31
souslouer.com,petites annonces - Toutes les annonces - studio près du Canal St Martin -300/SEMAINE,petites annonces,https://www.souslouer.com/deposer-une-annonce/REGION/DEPARTEMENT/VILLE/studio-pres-du-Canal-St-Martin-300-SEMAINE-10773,2026-08-31
souslouer.com,petites annonces - Toutes les annonces - studio tout confort 30m2 Paris,petites annonces,https://www.souslouer.com/deposer-une-annonce/REGION/DEPARTEMENT/VILLE/studio-tout-confort-30m2-Paris-10299,2026-08-31
souslouer.com,petites annonces - Toutes les annonces - une chambre à coucher appartement ou studio dans le premier - 9ème arrondissement,petites annonces,https://www.souslouer.com/deposer-une-annonce/REGION/DEPARTEMENT/VILLE/une-chambre-a-coucher-appartement-ou-studio-dans-le-premier-9eme-arrondissement-9085,2026-08-31
souslouer.com,petites annonces - Toutes les annonces - urgent ch sous loc marseille,petites annonces,https://www.souslouer.com/deposer-une-annonce/REGION/DEPARTEMENT/VILLE/urgent-ch-sous-loc-marseille-9259,2026-08-31
souslouer.com,petites annonces - Toutes les annonces - urgent cherche ptit appart ou studio bayonne,petites annonces,https://www.souslouer.com/deposer-une-annonce/REGION/DEPARTEMENT/VILLE/urgent-cherche-ptit-appart-ou-studio-bayonne-9831,2026-08-31
souslouer.com,petites annonces - Toutes les annonces - urgent cherche sous location,petites annonces,https://www.souslouer.com/deposer-une-annonce/REGION/DEPARTEMENT/VILLE/urgent-cherche-sous-location-9090,2026-08-31
souslouer.com,petites annonces - Toutes les annonces - urgent cherche sous location ilr de france,petites annonces,https://www.souslouer.com/deposer-une-annonce/REGION/DEPARTEMENT/VILLE/urgent-cherche-sous-location-ilr-de-france-9425,2026-08-31
souslouer.com,petites annonces - Toutes les annonces - urgent cherche sous location paris centre,petites annonces,https://www.souslouer.com/deposer-une-annonce/REGION/DEPARTEMENT/VILLE/urgent-cherche-sous-location-paris-centre-9286,2026-08-31
souslouer.com,petites annonces - Toutes les annonces - urgent cherche sous location paris centre,petites annonces,https://www.souslouer.com/deposer-une-annonce/REGION/DEPARTEMENT/VILLE/urgent-cherche-sous-location-paris-centre-9287,2026-08-31
souslouer.com,petites annonces - Toutes les annonces - urgent lille,petites annonces,https://www.souslouer.com/deposer-une-annonce/REGION/DEPARTEMENT/VILLE/urgent-lille-9765,2026-08-31
souslouer.com,petites annonces - Toutes les annonces - urgent loue f1 650,petites annonces,https://www.souslouer.com/deposer-une-annonce/REGION/DEPARTEMENT/VILLE/urgent-loue-f1-650-10849,2026-08-31
souslouer.com,petites annonces - Toutes les annonces - urgent recherche appart paris pour Déc-Janv,petites annonces,https://www.souslouer.com/deposer-une-annonce/REGION/DEPARTEMENT/VILLE/urgent-recherche-appart-paris-pour-Dec-Janv-10089,2026-08-31
souslouer.com,"petites annonces - Toutes les annonces - urgent, recherche sous location à Nantes",petites annonces,https://www.souslouer.com/deposer-une-annonce/REGION/DEPARTEMENT/VILLE/urgent-recherche-sous-location-a-Nantes-9516,2026-08-31
souslouer.com,petites annonces - Toutes les annonces - urgent recherche sous location à partir de janvier pour 6 mois,petites annonces,https://www.souslouer.com/deposer-une-annonce/REGION/DEPARTEMENT/VILLE/urgent-recherche-sous-location-a-partir-de-janvier-pour-6-mois-9459,2026-08-31
souslouer.com,petites annonces - Toutes les annonces - urgent recherche studio paris rer A,petites annonces,https://www.souslouer.com/deposer-une-annonce/REGION/DEPARTEMENT/VILLE/urgent-recherche-studio-paris-rer-A-9609,2026-08-31
souslouer.com,petites annonces - Toutes les annonces - urgent souslocation Paris chambre ou studio (prix jusqu´à 600),petites annonces,https://www.souslouer.com/deposer-une-annonce/REGION/DEPARTEMENT/VILLE/urgent-souslocation-Paris-chambre-ou-studio-prix-jusqu-a-600-9172,2026-08-31
souslouer.com,petites annonces - Toutes les annonces - urgent super urgent,petites annonces,https://www.souslouer.com/deposer-une-annonce/REGION/DEPARTEMENT/VILLE/urgent-super-urgent-10025,2026-08-31
souslouer.com,petites annonces - Toutes les annonces - Results from #3820,petites annonces,https://www.souslouer.com/deposer-une-annonce/toutes_les_annonces?start=3820,2026-08-31
souslouer.com,petites annonces - Toutes les annonces - Results from #3840,petites annonces,https://www.souslouer.com/deposer-une-annonce/toutes_les_annonces?start=3840,2026-08-31
souslouer.com,petites annonces - Toutes les annonces - Results from #3860,petites annonces,https://www.souslouer.com/deposer-une-annonce/toutes_les_annonces?start=3860,2026-08-31
souslouer.com,petites annonces - Toutes les annonces - Results from #3880,petites annonces,https://www.souslouer.com/deposer-une-annonce/toutes_les_annonces?start=3880,2026-08-31
souslouer.com,petites annonces - Toutes les annonces - Results from #3900,petites annonces,https://www.souslouer.com/deposer-une-annonce/toutes_les_annonces?start=3900,2026-08-31
souslouer.com,petites annonces - Toutes les annonces - Results from #3920,petites annonces,https://www.souslouer.com/deposer-une-annonce/toutes_les_annonces?start=3920,2026-08-31
souslouer.com,petites annonces - Toutes les annonces - Results from #3940,petites annonces,https://www.souslouer.com/deposer-une-annonce/toutes_les_annonces?start=3940,2026-08-31
souslouer.com,petites annonces - Toutes les annonces - Results from #3960,petites annonces,https://www.souslouer.com/deposer-une-annonce/toutes_les_annonces?start=3960,2026-08-31
souslouer.com,petites annonces - Toutes les annonces - Results from #3980,petites annonces,https://www.souslouer.com/deposer-une-annonce/toutes_les_annonces?start=3980,2026-08-31
souslouer.com,petites annonces - Toutes les annonces - Results from #4000,petites annonces,https://www.souslouer.com/deposer-une-annonce/toutes_les_annonces?start=4000,2026-08-31
souslouer.com,petites annonces - Toutes les annonces - Results from #4020,petites annonces,https://www.souslouer.com/deposer-une-annonce/toutes_les_annonces?start=4020,2026-08-31
souslouer.com,petites annonces - Toutes les annonces - Results from #4040,petites annonces,https://www.souslouer.com/deposer-une-annonce/toutes_les_annonces?start=4040,2026-08-31
souslouer.com,petites annonces - Toutes les annonces - Results from #4060,petites annonces,https://www.souslouer.com/deposer-une-annonce/toutes_les_annonces?start=4060,2026-08-31
souslouer.com,petites annonces - Toutes les annonces - Results from #4080,petites annonces,https://www.souslouer.com/deposer-une-annonce/toutes_les_annonces?start=4080,2026-08-31
souslouer.com,petites annonces - Toutes les annonces - Results from #4100,petites annonces,https://www.souslouer.com/deposer-une-annonce/toutes_les_annonces?start=4100,2026-08-31
souslouer.com,petites annonces - Toutes les annonces - Results from #4120,petites annonces,https://www.souslouer.com/deposer-une-annonce/toutes_les_annonces?start=4120,2026-08-31
souslouer.com,petites annonces - Toutes les annonces - Results from #4140,petites annonces,https://www.souslouer.com/deposer-une-annonce/toutes_les_annonces?start=4140,2026-08-31
souslouer.com,petites annonces - Toutes les annonces - Results from #4160,petites annonces,https://www.souslouer.com/deposer-une-annonce/toutes_les_annonces?start=4160,2026-08-31
souslouer.com,petites annonces - Toutes les annonces - Results from #4180,petites annonces,https://www.souslouer.com/deposer-une-annonce/toutes_les_annonces?start=4180,2026-08-31
souslouer.com,petites annonces - Toutes les annonces - Results from #4200,petites annonces,https://www.souslouer.com/deposer-une-annonce/toutes_les_annonces?start=4200,2026-08-31
souslouer.com,petites annonces - Toutes les annonces - Results from #4220,petites annonces,https://www.souslouer.com/deposer-une-annonce/toutes_les_annonces?start=4220,2026-08-31
souslouer.com,Annonces de sous-location - Results from #1940,annonces sous location,https://www.souslouer.com/offre-sous-location?amp;dept=75&reg=11&start=1940,2026-08-31
souslouer.com,Annonces de sous-location - Results from #1960,annonces sous location,https://www.souslouer.com/offre-sous-location?amp;dept=75&reg=11&start=1960,2026-08-31
souslouer.com,Annonces de sous-location - Results from #1980,annonces sous location,https://www.souslouer.com/offre-sous-location?amp;dept=75&reg=11&start=1980,2026-08-31
souslouer.com,Annonces de sous-location - Results from #2000,annonces sous location,https://www.souslouer.com/offre-sous-location?amp;dept=75&reg=11&start=2000,2026-08-31
souslouer.com,Annonces de sous-location - Results from #2020,annonces sous location,https://www.souslouer.com/offre-sous-location?amp;dept=75&reg=11&start=2020,2026-08-31
souslouer.com,Annonces de sous-location - Results from #2040,annonces sous location,https://www.souslouer.com/offre-sous-location?amp;dept=75&reg=11&start=2040,2026-08-31
souslouer.com,Annonces de sous-location - Results from #2060,annonces sous location,https://www.souslouer.com/offre-sous-location?amp;dept=75&reg=11&start=2060,2026-08-31
souslouer.com,Annonces de sous-location - Results from #2080,annonces sous location,https://www.souslouer.com/offre-sous-location?amp;dept=75&reg=11&start=2080,2026-08-31
souslouer.com,Annonces de sous-location - Results from #2100,annonces sous location,https://www.souslouer.com/offre-sous-location?amp;dept=75&reg=11&start=2100,2026-08-31
souslouer.com,Annonces de sous-location - Results from #2120,annonces sous location,https://www.souslouer.com/offre-sous-location?amp;dept=75&reg=11&start=2120,2026-08-31
souslouer.com,Annonces de sous-location - Results from #2140,annonces sous location,https://www.souslouer.com/offre-sous-location?amp;dept=75&reg=11&start=2140,2026-08-31
souslouer.com,Annonces de sous-location - Results from #2160,annonces sous location,https://www.souslouer.com/offre-sous-location?amp;dept=75&reg=11&start=2160,2026-08-31
souslouer.com,Annonces de sous-location - Results from #2180,annonces sous location,https://www.souslouer.com/offre-sous-location?amp;dept=75&reg=11&start=2180,2026-08-31
souslouer.com,Annonces de sous-location - Results from #2200,annonces sous location,https://www.souslouer.com/offre-sous-location?amp;dept=75&reg=11&start=2200,2026-08-31
souslouer.com,Annonces de sous-location - Results from #2220,annonces sous location,https://www.souslouer.com/offre-sous-location?amp;dept=75&reg=11&start=2220,2026-08-31
souslouer.com,Annonces de sous-location - Results from #2240,annonces sous location,https://www.souslouer.com/offre-sous-location?amp;dept=75&reg=11&start=2240,2026-08-31
souslouer.com,Annonces de sous-location - Results from #2260,annonces sous location,https://www.souslouer.com/offre-sous-location?amp;dept=75&reg=11&start=2260,2026-08-31
souslouer.com,Annonces de sous-location - Results from #2280,annonces sous location,https://www.souslouer.com/offre-sous-location?amp;dept=75&reg=11&start=2280,2026-08-31
souslouer.com,Annonces de sous-location - Results from #2300,annonces sous location,https://www.souslouer.com/offre-sous-location?amp;dept=75&reg=11&start=2300,2026-08-31
souslouer.com,Annonces de sous-location - Results from #2320,annonces sous location,https://www.souslouer.com/offre-sous-location?amp;dept=75&reg=11&start=2320,2026-08-31
souslouer.com,Annonces de sous-location - Results from #2340,annonces sous location,https://www.souslouer.com/offre-sous-location?amp;dept=75&reg=11&start=2340,2026-08-31
stid-france.fr,Inconvénient d’une Habilitation Familiale : Quels Dangers Pour Proches ? ⚠️,inconvénient habilitation familiale,https://stid-france.fr/inconvenient-dune-habilitation-familiale,2026-08-31
svmmac.fr,Autonomie des seniors : quelles solutions existent avant l’entrée en établissement ?,autonomie seniors,https://svmmac.fr/autonomie-des-seniors-quelles-solutions-existent-avant-lentree-en-etablissement,2026-08-31
top-maison-confort.fr,Comment aménager un salon rectangle avec style - top-maison-confort.fr,aménager salon rectangle,https://top-maison-confort.fr/amenagement-salon-rectangle-style,2026-08-31
top-maison-confort.fr,Un foyer extérieur chic pour votre jardin - top-maison-confort.fr,chic votre jardin,https://top-maison-confort.fr/foyer-exterieur-decoratif,2026-08-31
top-maison-confort.fr,Découvrez les maisons privées dubaïotes : luxe et design - top-maison-confort.fr,maisons privées dubaïotes,https://top-maison-confort.fr/maison-privee-dubai-idees-deco,2026-08-31
top-maison-confort.fr,Le minimalisme chaleureux : une tendance intemporelle pour votre intérieur - top-maison-confort.fr,minimalisme chaleureux,https://top-maison-confort.fr/minimalisme-chaleureux-decoration-interieur,2026-08-31
top-maison-confort.fr,Transformez votre salon avec un style nordique et un sol gris - top-maison-confort.fr,transformez votre salon,https://top-maison-confort.fr/salon-nordique-sol-gris,2026-08-31
top-maison-confort.fr,Les 5 styles décoratifs à découvrir absolument - top-maison-confort.fr,décoratifs découvrir absolument,https://top-maison-confort.fr/styles-decoratifs-populaires,2026-08-31
topelevation.fr,SARL de famille ou SCI : que choisir en 2026 ?,sarl famille sci,https://topelevation.fr/immobilier/sarl-de-famille-ou-sci,2026-08-31
travaux-astuces.fr,Construire un petit chalet A-frame à moindre coût - Travaux-astuces.fr,construire petit chalet,https://travaux-astuces.fr/construire-chalet-a-frame-budget,2026-08-31
travaux-astuces.fr,Optimisez vos projets avec l'outil idéal - Travaux-astuces.fr,optimisez vos projets,https://travaux-astuces.fr/outil-gestion-projet-renovation,2026-08-31
travaux-astuces.fr,Les secrets d'une vie réussie dans une tiny house - Travaux-astuces.fr,vie réussie tiny,https://travaux-astuces.fr/vie-simplifiee-tiny-house,2026-08-31
travaux-magazine.fr,Transformez votre dressing avec jusqu'à 2000€ d'aides - Travaux-magazine.fr,transformez votre dressing,https://travaux-magazine.fr/aides-financieres-dressing,2026-08-31
travaux-magazine.fr,Confort et rénovation : 5 astuces à découvrir pour un intérieur chaleureux - Travaux-magazine.fr,confort rénovation,https://travaux-magazine.fr/confort-renovation-interieur,2026-08-31
travaux-magazine.fr,Décorer la chambre parentale dans le style Wabi-Sabi - Travaux-magazine.fr,parentale style wabi,https://travaux-magazine.fr/decorer-chambre-parentale-wabi-sabi,2026-08-31
travaux-magazine.fr,13 idées pratiques pour optimiser l'espace dans votre petit appartement - Travaux-magazine.fr,pratiques optimiser espace,https://travaux-magazine.fr/gagner-place-appartement-petit,2026-08-31
travaux-magazine.fr,10 aménagements pratiques pour un appartement de 30 m2 - Travaux-magazine.fr,appartement 30 m2,https://travaux-magazine.fr/idees-amenagement-appartement-30m2,2026-08-31
travaux-magazine.fr,Optimisez votre petite cuisine avec style - Travaux-magazine.fr,votre petite cuisine,https://travaux-magazine.fr/optimiser-petite-cuisine,2026-08-31
travaux-specialistes.fr,Les secrets de l'anatomie des logos : un guide visuel - Travaux-specialistes.fr,secrets anatomie logos,https://travaux-specialistes.fr/anatomie-logos-design-graphique,2026-08-31
travaux-specialistes.fr,Comment concevoir des structures métalliques résistantes - Travaux-specialistes.fr,structures métalliques résistantes,https://travaux-specialistes.fr/conception-structures-metal-connections,2026-08-31
travaux-specialistes.fr,Comprendre le plan de finitions pour votre rénovation - Travaux-specialistes.fr,finitions votre rénovation,https://travaux-specialistes.fr/plan-finitions-renovation-maison,2026-08-31
travaux-specialistes.fr,Comment suivre efficacement vos colis ? - Travaux-specialistes.fr,efficacement vos colis,https://travaux-specialistes.fr/suivre-vos-colis-efficacement,2026-08-31
www.agencedupaysdaigues.com,Quartier Croix Argent à Montpellier : Guide Essentiel et Avis,croix argent montpellier,https://www.agencedupaysdaigues.com/quartier-croix-argent-a-montpellier-guide-complet-et-avis-essentiels,2026-08-31
www.aidologement.com,Nouvelle loi sur les loyers impayés : ce qui change vraiment,nouvelle loi loyers,https://www.aidologement.com/nouvelle-loi-sur-les-loyers-impayes,2026-08-31
www.aidologement.com,Quels sont les tarifs d'une dératisation à Paris en 2026 ?,tarifs dératisation paris,https://www.aidologement.com/quels-sont-les-tarifs-dune-deratisation-a-paris-en-2026,2026-08-31
www.aidologement.com,Résiliation mandat de gestion locative sans erreur,résiliation mandat gestion,https://www.aidologement.com/resiliation-mandat-de-gestion-locative,2026-08-31
www.ameliorer-mon-logement.fr,Avis Aquabion : test & efficacité réelle,avis aquabion,https://www.ameliorer-mon-logement.fr/avis-aquabion,2026-08-31
www.atlasimmobilier.com,Magnifique appartement rénové dans l’une des plus belles résidences de Marrakech,résidences marrakech,https://atlasimmobilier.com/en/p/magnifique-appartement-renove-dans-lune-des-plus-belles-residences-de-marrakech,2026-08-31
www.atlasimmobilier.com,Renovated duplex apartment in Ghazoua – Long-term rental near Essaouira.,apartment in ghazoua,https://atlasimmobilier.com/en/p/renovated-three-bedroom-duplex-apartment-with-a-patio-in-ghazoua-near-essaouira,2026-08-31
www.atlasimmobilier.com,Quel est le meilleur antiquaire de Brest ?,meilleur antiquaire brest,https://atlasimmobilier.com/quel-est-le-meilleur-antiquaire-de-brest,2026-08-31
www.blueprintforsafety.org,Micro-entrepreneur et chômage : combien peut-on toucher en 2026 ? - Blueprint For Safety,micro entrepreneur chômage,https://www.blueprintforsafety.org/micro-entrepreneur-et-chomage-combien-peut-on-toucher-en-2026,2026-08-31
www.cercll.fr,Quelle housse choisir selon les dimensions de son canapé convertible ? - CERCLL,son canapé convertible,https://www.cercll.fr/quelle-housse-choisir-selon-les-dimensions-de-son-canape-convertible,2026-08-31
www.commentaider.fr,Bons plans et offres moto BMW : quand une promotion peut vraiment changer votre projet,offres moto bmw,https://www.commentaider.fr/bons-plans-et-offres-moto-bmw-quand-une-promotion-peut-vraiment-changer-votre-projet,2026-08-31
www.commentaider.fr,Papier intelligent en 2026 : usages et limites concrètes,papier intelligent 2026,https://www.commentaider.fr/papier-intelligent-en-2026-capteurs-materiaux-et-carnet-numerique,2026-08-31
www.commentaider.fr,Prospection B2B : Comment les données légales sécurisent votre développement commercial,prospection b2b,https://www.commentaider.fr/prospection-b2b-comment-les-donnees-legales-securisent-votre-developpement-commercial,2026-08-31
www.commentaider.fr,Autonomie Tesla Model 3 : 38 km gagnés grâce aux pneus,autonomie tesla model,https://www.commentaider.fr/tesla-model-3-les-pneus-font-gagner-38-km-au-wltp,2026-08-31
www.defoly-immobilier.fr,Manatime SIRH : Connexion et gestion simplifiée des congés,manatime sirh,https://www.defoly-immobilier.fr/manatime-sirh-conges,2026-08-31
www.diapola.fr,Réussir la refonte de son site e-commerce : de l’audit à la performance - diapola.fr,site commerce,https://www.diapola.fr/reussir-la-refonte-de-son-site-e-commerce-de-laudit-a-la-performance,2026-08-31
www.dixmois.fr,Rentrée scolaire : 5 bonnes habitudes à prendre pour toute la famille,rentrée scolaire,https://www.dixmois.fr/rentree-scolaire-5-bonnes-habitudes-a-prendre-pour-toute-la-famille,2026-08-31
www.eco-finance.info,"Encadrement des loyers 2026 : villes, plafonds et recours",encadrement loyers 2026,https://www.eco-finance.info/encadrement-loyers-villes-plafonds-recours,2026-08-31
www.espacecastillon.fr,Une Seule Souris dans la Maison : Risque d’Infestation ?,seule souris maison,https://www.espacecastillon.fr/souris-isolee-maison,2026-08-31
www.gvu-immo.com,"Appartement à Aix-les-Bains (73100), 2 pièces, de 58m² à 785 €",aix bains 73100,https://www.gvu-immo.com/annonce/appartement-a-aix-les-bains-73100-2-pieces-12866,2026-08-31
www.gvu-immo.com,"Appartement à Aix-les-Bains (73100), 2 pièces, de 37m² à 900 €",aix bains 73100,https://www.gvu-immo.com/annonce/appartement-a-aix-les-bains-73100-2-pieces-12869,2026-08-31
www.gvu-immo.com,"Appartement à Aix-les-Bains (73100), 2 pièces, de 41m² à 900 €",aix bains 73100,https://www.gvu-immo.com/annonce/appartement-a-aix-les-bains-73100-2-pieces-12875,2026-08-31
www.gvu-immo.com,"Appartement à Aix-les-Bains (73100), 4 pièces, de 112m² à 750 000 €",aix bains 73100,https://www.gvu-immo.com/annonce/appartement-a-aix-les-bains-73100-4-pieces-12871,2026-08-31
www.gvu-immo.com,"Appartement à Chambéry (73000), 4 pièces, de 104m² à 292 000 €",appartement chambéry 73000,https://www.gvu-immo.com/annonce/appartement-a-chambery-73000-4-pieces-12876,2026-08-31
www.gvu-immo.com,"Appartement à Chambéry (73000), 4 pièces, de 72m² à 287 000 €",appartement chambéry 73000,https://www.gvu-immo.com/annonce/appartement-a-chambery-73000-4-pieces-12878,2026-08-31
www.gvu-immo.com,"Appartement à Cognin (73160), 5 pièces, de 66m² à 149 900 €",cognin 73160 pièces,https://www.gvu-immo.com/annonce/appartement-a-cognin-73160-5-pieces-12677,2026-08-31
www.gvu-immo.com,"Appartement à Grésy-sur-Aix (73100), 4 pièces, de 109m² à 239 000 €",aix 73100 pièces,https://www.gvu-immo.com/annonce/appartement-a-gresy-sur-aix-73100-4-pieces-12868,2026-08-31
www.gvu-immo.com,"Appartement à Saint-Baldoph (73190), 3 pièces, de 67m² à 239 900 €",baldoph 73190 pièces,https://www.gvu-immo.com/annonce/appartement-a-saint-baldoph-73190-3-pieces-12873,2026-08-31
www.gvu-immo.com,"Appartement à Yenne (73170), 3 pièces, de 71m² à 259 000 €",yenne 73170 pièces,https://www.gvu-immo.com/annonce/appartement-a-yenne-73170-3-pieces-12872,2026-08-31
www.gvu-immo.com,"Maison à Saint-Alban-Leysse (73230), 6 pièces, de 159m² à 836 000 €",maison saint alban,https://www.gvu-immo.com/annonce/maison-a-saint-alban-leysse-73230-6-pieces-12877,2026-08-31
www.gvu-immo.com,"Maison à Saint-Jeoire-Prieuré (73190), 13 pièces, de 371m² à 1 490 000 €",maison saint jeoire,https://www.gvu-immo.com/annonce/maison-a-saint-jeoire-prieure-73190-13-pieces-12867,2026-08-31
www.gvu-immo.com,"Terrain à Chambéry (73000), pièces, de 857m² à 222 000 €",terrain chambéry 73000,https://www.gvu-immo.com/annonce/terrain-a-chambery-73000-pieces-12874,2026-08-31
www.gvu-immo.com,"Terrain à Grésy-sur-Aix (73100), pièces, de 863m² à 189 000 €",terrain grésy aix,https://www.gvu-immo.com/annonce/terrain-a-gresy-sur-aix-73100-pieces-12870,2026-08-31
www.habitat-groupe.be,🏡 Recherche lieu de domiciliation & d'atterrissage en Belgique 🌿 Voyageuse cherche port d'attache authentique - Habitat Groupé Solidaire,voyageuse cherche port,https://www.habitat-groupe.be/petites-annonces/demandes-location/brabant-wallon/recherche-lieu-de-domiciliation-datterrissage-en-belgique-voyageuse-cherche-port-dattache-authentique,2026-08-31
www.habitat-groupe.be,cherche logement ou coloc' mamans solo - Habitat Groupé Solidaire,cherche logement coloc,https://www.habitat-groupe.be/petites-annonces/demandes-location/hainaut/cherche-logement-ou-coloc-mamans-solo,2026-08-31
www.habitat-groupe.be,Chambre à louer pour 1 personne pour courte durée (1 semaine à 3 mois) - Habitat Groupé Solidaire,louer personne courte,https://www.habitat-groupe.be/petites-annonces/offres-location/brabant-wallon/chambre-a-louer-pour-1-personne-pour-courte-duree-1-semaine-a-3-mois,2026-08-31
www.habitat-groupe.be,Sous-location de 4 mois à Chaumont-Gistoux au sein d’un habitat partagé (novembre 2026 à février 2027) - Habitat Groupé Solidaire,chaumont gistoux,https://www.habitat-groupe.be/petites-annonces/offres-location/brabant-wallon/sous-location-de-4-mois-a-chaumont-gistoux-au-sein-dun-habitat-partage-novembre-2026-a-fevrier-2027,2026-08-31
www.habitat-groupe.be,Colocation Charleroi - location - Habitat Groupé Solidaire,colocation charleroi,https://www.habitat-groupe.be/petites-annonces/offres-location/hainaut/colocation-charleroi-location,2026-08-31
www.habitat-groupe.be,COLOC À SALZINNES Namur 📍1er OCTOBRE 2026 - Habitat Groupé Solidaire,coloc salzinnes namur,https://www.habitat-groupe.be/petites-annonces/offres-location/namur/coloc-a-salzinnes-namur-1er-octobre-2026,2026-08-31
www.habitat-groupe.be,COLOC À SALZINNES Namur 📍2 CHAMBRES LIBRES POUR LE 1er OCTOBRE 2026 - Habitat Groupé Solidaire,1er octobre 2026,https://www.habitat-groupe.be/petites-annonces/offres-location/namur/coloc-a-salzinnes-namur-2-chambres-libres-pour-le-1er-octobre-2026,2026-08-31
www.habitat-groupe.be,"Petit habitat groupé dans un bel environnement verdoyant, calme, au bord d’un ruisseau - Habitat Groupé Solidaire",petit habitat groupé,https://www.habitat-groupe.be/petites-annonces/offres-location/namur/petit-habitat-groupe-dans-un-bel-environnement-verdoyant-calme-au-bord-dun-ruisseau-2,2026-08-31
www.habitat-groupe.be,Recherche Colocataires - Habitat Groupé Solidaire,recherche colocataires,https://www.habitat-groupe.be/petites-annonces/offres-location/namur/recherche-colocataires,2026-08-31
www.habitat-groupe.be,Vous souhaitez louer une maison à la campagne entre Namur et Charleroi et vous avez envie de cultiver vos propres légumes dans un grand potager partagé en permaculture ? - Habitat Groupé Solidaire,vos propres légumes,https://www.habitat-groupe.be/petites-annonces/offres-location/namur/vous-souhaitez-louer-une-maison-a-la-campagne-entre-namur-et-charleroi-et-vous-avez-envie-de-cultiver-vos-propres-legumes-dans-un-grand-potager-partage-en-permaculture-2,2026-08-31
www.habitat-groupe.be,Dernières opportunités de rejoindre l’habitat groupé « The Reef » à Jette – 24 septembre - Habitat Groupé Solidaire,habitat groupé reef,https://www.habitat-groupe.be/petites-annonces/offres-vente/bruxelles/dernieres-opportunites-de-rejoindre-lhabitat-groupe-the-reef-a-jette-24-septembre,2026-08-31
www.hebertimmobilier.fr,Quartier à éviter à Clamart : le vrai visage de la ville pour acheter ou habiter,quartier éviter clamart,https://www.hebertimmobilier.fr/immobilier/quartiers-a-eviter-clamart,2026-08-31
www.hop-house.fr,Acheter dans un programme immobilier neuf : quelles erreurs éviter ?,programme immobilier neuf,https://www.hop-house.fr/acheter-dans-un-programme-immobilier-neuf-quelles-erreurs-eviter,2026-08-31
www.hop-house.fr,Acheter sur plan : l’essentiel à connaître avant de signer avec un promoteur immobilier,acheter plan,https://www.hop-house.fr/acheter-sur-plan-lessentiel-a-connaitre-avant-de-signer-avec-un-promoteur-immobilier,2026-08-31
www.hop-house.fr,Crowdfunding immobilier : la fête est vraiment terminée: ce que les chiffres ne disent pas,crowdfunding immobilier,https://www.hop-house.fr/crowdfunding-immobilier-la-fete-est-vraiment-terminee-ce-que-les-chiffres-ne-disent-pas,2026-08-31
www.hop-house.fr,éponge magique danger : utilisation sûre,éponge magique danger,https://www.hop-house.fr/eponge-magique-danger,2026-08-31
www.hop-house.fr,lave vaisselle eau chaude ou froide : raccordement,eau chaude froide,https://www.hop-house.fr/lave-vaisselle-eau-chaude-ou-froide-raccordement,2026-08-31
www.hop-house.fr,"Lave vaisselle qui rouille : couverts, que faire ?",vaisselle qui rouille,https://www.hop-house.fr/lave-vaisselle-qui-rouille-couverts-panier,2026-08-31
www.hop-house.fr,monte charge fait maison : fabriquer en sécurité,monte charge fait,https://www.hop-house.fr/monte-charge-fait-maison-plan-securite,2026-08-31
www.hop-house.fr,"pologne fenetre avis : prix, qualité, SAV",pologne fenetre avis,https://www.hop-house.fr/pologne-fenetre-avis-prix-qualite-sav,2026-08-31
www.hop-house.fr,purgeur automatique bouchon ouvert ou fermé : réglage,purgeur automatique bouchon,https://www.hop-house.fr/purgeur-automatique-bouchon-ouvert-ou-ferme,2026-08-31
www.hop-house.fr,senseo qui clignote vite : causes et reset,senseo qui clignote,https://www.hop-house.fr/senseo-qui-clignote-vite,2026-08-31
www.hop-house.fr,Tout comprendre sur le marquage-piquetage pour la sécurité des chantiers,piquetage sécurité chantiers,https://www.hop-house.fr/tout-comprendre-sur-le-marquage-piquetage-pour-la-securite-des-chantiers,2026-08-31
www.immob.biz,Immo B - L'immobilier optimisé,immo,https://www.immob.biz/,2026-08-31
www.immob.biz,Comment réussir facilement ses travaux de rénovation ?,ses travaux rénovation,https://www.immob.biz/10-conseils-pour-reussir-ses-travaux-de-renovation,2026-08-31
www.immob.biz,123 SeLoger et fiscalité locative : ce que les bailleurs ignorent souvent - Immo B,123 seloger fiscalité,https://www.immob.biz/123-seloger-et-fiscalite-locative-ce-que-les-bailleurs-ignorent-souvent,2026-08-31
www.immob.biz,2 étapes à suivre pour vendre sa maison - Immo B,étapes suivre vendre,https://www.immob.biz/2-etapes-a-suivre-pour-vendre-sa-maison,2026-08-31
www.immob.biz,"2020, explosion des prêts immobilier en Belgique - Immo B",prêts immobilier belgique,https://www.immob.biz/2020-explosion-des-prets-immobilier-en-belgique,2026-08-31
www.immob.biz,2020 : une bonne année pour investir dans l’immobilier ou à la bourse ? - Immo B,2020,https://www.immob.biz/2020-une-bonne-annee-pour-investir-dans-limmobilier-ou-a-la-bourse,2026-08-31
www.immob.biz,3 bonnes raisons d’installer un carport pour sa voiture - Immo B,bonnes raisons installer,https://www.immob.biz/3-bonnes-raisons-dinstaller-un-carport-pour-sa-voiture,2026-08-31
www.immob.biz,3 pôles pour investir malin - Immo B,pôles investir malin,https://www.immob.biz/3-poles-pour-investir-malin,2026-08-31
www.immob.biz,3 projets à entreprendre avec le mélaminé - Immo B,projets entreprendre mélaminé,https://www.immob.biz/3-projets-a-entreprendre-avec-le-melamine,2026-08-31
www.immob.biz,3 questions à vous poser avant de souscrire un prêt immobilier - Immo B,poser avant souscrire,https://www.immob.biz/3-questions-a-vous-poser-avant-de-souscrire-un-pret-immobilier,2026-08-31
www.immob.biz,3 raisons d’investir dans l’immobilier haut de gamme sur la Côte d’Azur ? - Immo B,investir immobilier haut,https://www.immob.biz/3-raisons-dinvestir-dans-limmobilier-haut-de-gamme-sur-la-cote-dazur,2026-08-31
www.immob.biz,3 raisons d’opter pour une maison de plain-pied - Immo B,maison plain pied,https://www.immob.biz/3-raisons-dopter-pour-une-maison-de-plain-pied,2026-08-31
www.immob.biz,3 raisons d'utiliser les services d'un conseiller en gestion de patrimoine - Immo B,conseiller gestion patrimoine,https://www.immob.biz/3-raisons-dutiliser-les-services-dun-conseiller-en-gestion-de-patrimoine,2026-08-31
www.immob.biz,4 astuces pour vendre votre appartement plus rapidement - Immo B,vendre votre appartement,https://www.immob.biz/4-astuces-pour-vendre-votre-appartement-plus-rapidement,2026-08-31
www.immob.biz,4 avantages de construire sur son propre terrain - Immo B,son propre terrain,https://www.immob.biz/4-avantages-de-construire-sur-son-propre-terrain,2026-08-31
www.immob.biz,4 choses que peut faire une agence immobilière pour les vendeurs - Immo B,agence immobilière vendeurs,https://www.immob.biz/4-choses-que-peut-faire-une-agence-immobiliere-pour-les-vendeurs,2026-08-31
www.immob.biz,4 conseils pour choisir son serrurier à Lyon - Immo B,son serrurier lyon,https://www.immob.biz/4-conseils-pour-choisir-son-serrurier-a-lyon,2026-08-31
www.immob.biz,4 conseils pour facilement vendre une maison,facilement vendre maison,https://www.immob.biz/4-conseils-pour-facilement-vendre-une-maison,2026-08-31
www.immob.biz,Investir à Paris : cinq atouts qui font la différence,investir paris,https://www.immob.biz/5-bonnes-raisons-dinvestir-a-paris,2026-08-31
www.immob.biz,5 conseils de pro pour le déménagement de votre coffre-fort - Immo B,votre coffre fort,https://www.immob.biz/5-conseils-de-pro-pour-le-demenagement-de-votre-coffre-fort,2026-08-31
www.immob.biz,5 conseils pour bien choisir son électricien ! - Immo B,choisir son électricien,https://www.immob.biz/5-conseils-pour-bien-choisir-son-electricien,2026-08-31
www.immob.biz,5 critères pour bien choisir son box de stockage,box stockage,https://www.immob.biz/5-criteres-pour-bien-choisir-son-box-de-stockage,2026-08-31
www.immob.biz,5 idées pour réussir son flyer agence immobilière | IMMO B,flyer agence immobilière,https://www.immob.biz/5-idees-pour-reussir-son-flyer-agence-immobiliere,2026-08-31
www.immob.biz,À quel âge ne paie-t-on plus la taxe foncière ? Démarches et infos utiles - Immo B,taxe foncière démarches,https://www.immob.biz/a-quel-age-ne-paie-t-on-plus-la-taxe-fonciere-demarches-et-infos-utiles,2026-08-31
www.immob.biz,À quel moment faire appel à un avocat de droit administratif ? - Immo B,avocat droit administratif,https://www.immob.biz/a-quel-moment-faire-appel-a-un-avocat-de-droit-administratif,2026-08-31
www.immob.biz,À quelles normes se conformer avant de mettre son bien en location ? - Immo B,quelles normes se,https://www.immob.biz/a-quelles-normes-se-conformer-avant-de-mettre-son-bien-en-location,2026-08-31
www.immob.biz,À qui faire appel pour la construction de maison individuelle dans le Gard ? - Immo B,maison individuelle gard,https://www.immob.biz/a-qui-faire-appel-pour-la-construction-de-maison-individuelle-dans-le-gard,2026-08-31
www.immob.biz,À quoi ressemblera la maison de demain ?,ressemblera maison demain,https://www.immob.biz/a-quoi-ressemblera-la-maison-de-demain,2026-08-31
www.immob.biz,À quoi sert un regroupement de crédit ? - Immo B,sert regroupement crédit,https://www.immob.biz/a-quoi-sert-un-regroupement-de-credit,2026-08-31
www.immob.biz,A quoi sert un robot de piscine - Immo B,robot piscine,https://www.immob.biz/a-quoi-sert-un-robot-de-piscine,2026-08-31
www.immob.biz,Accastillage : pourquoi privilégier l'inox pour les accessoires de pont ? - Immo B,accastillage,https://www.immob.biz/accastillage-pourquoi-privilegier-linox-pour-les-accessoires-de-pont,2026-08-31
www.immob.biz,Accompagnement et expertise : comment un cabinet de gestion de patrimoine peut vous accompagner dans vos investissements - Immo B,accompagnement expertise,https://www.immob.biz/accompagnement-et-expertise-comment-un-cabinet-de-gestion-de-patrimoine-peut-vous-accompagner-dans-vos-investissements,2026-08-31
www.immob.biz,"Achat ancien, neuf ou VEFA : la contribution sécurité immobilière varie-t-elle ? - Immo B",ancien neuf vefa,https://www.immob.biz/achat-ancien-neuf-ou-vefa-la-contribution-securite-immobiliere-varie-t-elle,2026-08-31
www.immob.biz,Achat appartement neuf à Lyon : conseils et clés pour réussir son projet - Immo B,appartement neuf lyon,https://www.immob.biz/achat-appartement-neuf-a-lyon-conseils-et-cles-pour-reussir-son-projet,2026-08-31
www.immob.biz,Achat de maison : comment négocier le prix ? - Immo B,achat maison,https://www.immob.biz/achat-de-maison-comment-negocier-le-prix,2026-08-31
www.immob.biz,Achat de pergola : comment faire le bon choix ? - Immo B,achat pergola,https://www.immob.biz/achat-de-pergola-comment-faire-le-bon-choix,2026-08-31
www.immob.biz,Achat de store : quel budget prévoir ? - Immo B,achat store,https://www.immob.biz/achat-de-store-quel-budget-prevoir,2026-08-31
www.immob.biz,Achat d’un bien immobilier : comment calculer son taux d’endettement ? - Immo B,achat immobilier,https://www.immob.biz/achat-dun-bien-immobilier-comment-calculer-son-taux-dendettement,2026-08-31
www.immob.biz,Achat d’un bien immobilier : faire le bon choix - Immo B,achat immobilier,https://www.immob.biz/achat-dun-bien-immobilier-faire-le-bon-choix,2026-08-31
www.immob.biz,Achat d’une maison de vacances : pourquoi faire appel à une agence immobilière ?,maison vacances,https://www.immob.biz/achat-dune-maison-de-vacances,2026-08-31
www.immob.biz,Achat d'une maison neuve en 3 pièces : où trouver le meilleur rapport qualité/prix ? - Immo B,maison neuve pièces,https://www.immob.biz/achat-dune-maison-neuve-en-3-pieces-ou-trouver-le-meilleur-rapport-qualite-prix,2026-08-31
www.immob.biz,Achat et investissement dans un programme immobilier neuf à Villiers-sur-Marne : les avantages - Immo B,immobilier neuf villiers,https://www.immob.biz/achat-et-investissement-dans-un-programme-immobilier-neuf-a-villiers-sur-marne-les-avantages,2026-08-31
www.immob.biz,Achat immobilier neuf : le bon moment pour investir - Immo B,achat immobilier neuf,https://www.immob.biz/achat-immobilier-neuf-le-bon-moment-pour-investir,2026-08-31
www.immob.biz,Pourquoi l'expertise pré-achat sécurise votre projet immobilier,pourquoi expertise pré,https://www.immob.biz/achat-immobilier-passez-par-une-expertise-pre-achat,2026-08-31
www.immob.biz,Achat immobilier vs construction : avantages et coûts comparés - Immo B,achat immobilier construction,https://www.immob.biz/achat-immobilier-vs-construction-avantages-et-couts-compares,2026-08-31
www.immob.biz,Chasseur immobilier et achat immobilier neuf en Ile de France,immobilier neuf ile,https://www.immob.biz/acheter-de-limmobilier-neuf-en-ile-de-france-les-avantages-de-passer-par-un-chasseur,2026-08-31
www.immob.biz,Acheter les meilleurs outils pour les travaux électriques - Immo B,outils travaux électriques,https://www.immob.biz/acheter-les-meilleurs-outils-pour-les-travaux-electriques,2026-08-31
www.immob.biz,Acheter ou faire construire sa maison - Immo B,acheter faire construire,https://www.immob.biz/acheter-ou-faire-construire-sa-maison,2026-08-31
www.immob.biz,Acheter ou vendre un bien immobilier en Alsace - Immo B,vendre immobilier alsace,https://www.immob.biz/acheter-ou-vendre-un-bien-immobilier-en-alsace,2026-08-31
www.immob.biz,Faut-il choisir l'achat d'une résidence neuve ou l'investissement en Normandie ?,neuve investissement normandie,https://www.immob.biz/acheter-sa-residence-principale-neuve-ou-investir-dans-limmobilier-en-normandie,2026-08-31
www.immob.biz,Acheter son logement neuf : ce qu'il ne faut pas négliger - Immo B,acheter son logement,https://www.immob.biz/acheter-son-logement-neuf-ce-quil-ne-faut-pas-negliger,2026-08-31
www.immob.biz,"Acheter sur plan un Condominium Thaïlande : garanties, risques, contrats - Immo B",plan condominium thaïlande,https://www.immob.biz/acheter-sur-plan-un-condominium-thailande-garanties-risques-contrats,2026-08-31
www.immob.biz,"Acheter un ancien bien de l'état, une bonne ou une mauvaise idée ? - Immo B",état bonne mauvaise,https://www.immob.biz/acheter-un-ancien-bien-de-letat-une-bonne-ou-une-mauvaise-idee,2026-08-31
www.immob.biz,Acheter un appartement en Andorre en société : avantages et limites - Immo B,appartement andorre société,https://www.immob.biz/acheter-un-appartement-en-andorre-en-societe-avantages-et-limites,2026-08-31
www.immob.biz,Faut-il choisir un appartement neuf ou ancien pour acheter ?,choisir appartement neuf,https://www.immob.biz/acheter-un-appartement-opter-pour-le-neuf-ou-lancien,2026-08-31
www.immob.biz,Acheter un bar en Loire Atlantique : confiez cette mission à une agence immobilière spécialisée - Immo B,bar loire atlantique,https://www.immob.biz/acheter-un-bar-en-loire-atlantique-confiez-cette-mission-a-une-agence-immobiliere-specialisee,2026-08-31
www.immob.biz,Acheter un bien immobilier en 2020 : comment investir malin ?,acheter immobilier 2020,https://www.immob.biz/acheter-un-bien-immobilier-en-2020-comment-investir-malin,2026-08-31
www.immob.biz,Acheter un bien immobilier en ligne : quels avantages pour les investisseurs ? - Immo B,acheter immobilier ligne,https://www.immob.biz/acheter-un-bien-immobilier-en-ligne-quels-avantages-pour-les-investisseurs,2026-08-31
www.immob.biz,Acheter un bien immobilier : quels sont les diagnostics à faire ? - Immo B,acheter immobilier,https://www.immob.biz/acheter-un-bien-immobilier-quels-sont-les-diagnostics-a-faire,2026-08-31
www.immob.biz,Acheter un garage : les secrets pour rentabiliser son investissement - Immo B,acheter garage,https://www.immob.biz/acheter-un-garage-les-secrets-pour-rentabiliser-son-investissement,2026-08-31
www.immob.biz,Acheter un logement neuf avec le statut LMNP - Immo B,neuf statut lmnp,https://www.immob.biz/acheter-un-logement-neuf-avec-le-statut-lmnp,2026-08-31
www.immob.biz,Acheter un terrain non constructible : droits et règles pour cabanons cadastrés - Immo B,acheter terrain non,https://www.immob.biz/acheter-un-terrain-non-constructible-droits-et-regles-pour-cabanons-cadastres,2026-08-31
www.immob.biz,Acheter un viager libre en Ile de France quand on est investisseur prudent - Immo B,on est investisseur,https://www.immob.biz/acheter-un-viager-libre-en-ile-de-france-quand-on-est-investisseur-prudent,2026-08-31
www.immob.biz,Revendre sa maison 6 mois après l'avoir achetée : que faut-il savoir sur cette transaction?,maison mois après,https://www.immob.biz/acheter-une-maison-et-la-revendre-6-mois-plus-tard,2026-08-31
www.immob.biz,Acheter une maison modulaire en kit et en bois - Immo B,acheter maison modulaire,https://www.immob.biz/acheter-une-maison-modulaire-en-kit-et-en-bois,2026-08-31
www.immob.biz,Achetez des équipements de literie de qualité à prix raisonnable - Immo B,literie qualité prix,https://www.immob.biz/achetez-des-equipements-de-literie-de-qualite-a-prix-raisonnable,2026-08-31
www.immob.biz,Acquisition d’une maison : critère de choix d’une agence immobilière - Immo B,acquisition maison,https://www.immob.biz/acquisition-dune-maison-critere-de-choix-dune-agence-immobiliere,2026-08-31
www.immob.biz,Action en cas de violation de propriété : comprendre l'article 673 du Code civil - Immo B,cas violation propriété,https://www.immob.biz/action-en-cas-de-violation-de-propriete-comprendre-larticle-673-du-code-civil,2026-08-31
www.immob.biz,"Actu-immobilier.net, l'allié des primo-accédants pour un achat serein - Immo B",actu immobilier net,https://www.immob.biz/actu-immobilier-net-lallie-des-primo-accedants-pour-un-achat-serein,2026-08-31
www.immob.biz,Intégrer la domotique chez soi pour plus de confort au quotidien,intégrer domotique chez,https://www.immob.biz/adopter-la-domotique-a-la-maison,2026-08-31
www.immob.biz,Adopter une piscine naturelle pour son jardin - Immo B,piscine naturelle son,https://www.immob.biz/adopter-une-piscine-naturelle-pour-son-jardin,2026-08-31
www.immob.biz,Agence immo : trouvez rapidement un bien du côté de Charleroi en Belgique - Immo B,agence immo,https://www.immob.biz/agence-immo-trouvez-rapidement-un-bien-du-cote-de-charleroi-en-belgique,2026-08-31
www.immob.biz,Agence immobilière à Monaco : 5 raisons de leur faire confiance - Immo B,agence immobilière monaco,https://www.immob.biz/agence-immobiliere-a-monaco-5-raisons-de-leur-faire-confiance,2026-08-31
www.immob.biz,Agence immobilière : quel pourcentage pour une location saisonnière ? - Immo B,agence immobilière,https://www.immob.biz/agence-immobiliere-quel-pourcentage-pour-une-location-saisonniere,2026-08-31
www.immob.biz,Agrandir sa maison avec une extension en aluminium - Immo B,maison extension aluminium,https://www.immob.biz/agrandir-sa-maison-avec-une-extension-en-aluminium,2026-08-31
www.immob.biz,Agrandir sa maison grace a une pergola bioclimatique - Immo B,grace pergola bioclimatique,https://www.immob.biz/agrandir-sa-maison-grace-a-une-pergola-bioclimatique,2026-08-31
www.immob.biz,Aide au déménagement : qui peut en bénéficier ? Conseils et conditions - Immo B,aide déménagement,https://www.immob.biz/aide-au-demenagement-qui-peut-en-beneficier-conseils-et-conditions,2026-08-31
www.immob.biz,AL ni : que faire si aucune offre de logement ne vous est proposée ? - Immo B,al ni,https://www.immob.biz/al-ni-que-faire-si-aucune-offre-de-logement-ne-vous-est-proposee,2026-08-31
www.immob.biz,Alin fr et Action Logement : comment maximiser vos chances d'attribution ? - Immo B,fr action logement,https://www.immob.biz/alin-fr-et-action-logement-comment-maximiser-vos-chances-dattribution,2026-08-31
www.immob.biz,Améliorer les espaces immobiliers professionnels grâce aux rideaux tamisants non feu M1 - Immo B,espaces immobiliers professionnels,https://www.immob.biz/ameliorer-les-espaces-immobiliers-professionnels-grace-aux-rideaux-tamisants-non-feu-m1,2026-08-31
www.immob.biz,aménagement et décoration maison : quel mobilier choisir ?,aménagement décoration maison,https://www.immob.biz/amenagement-et-decoration-maison-alices-garden-devient-sweeek,2026-08-31
www.immob.biz,Aménager des combles : idées de rangement pour les espaces exigus - Immo B,aménager combles,https://www.immob.biz/amenager-des-combles-idees-de-rangement-pour-les-espaces-exigus,2026-08-31
www.immob.biz,Amenez un peu de chaleur dans votre maison en l'aménageant avec du bois - Immo B,votre maison aménageant,https://www.immob.biz/amenez-un-peu-de-chaleur-dans-votre-maison-en-lamenageant-avec-du-bois,2026-08-31
www.immob.biz,Amortir bien immobilier en LMNP : conseils et astuces performants pour investir - Immo B,amortir immobilier lmnp,https://www.immob.biz/amortir-bien-immobilier-en-lmnp-conseils-et-astuces-performants-pour-investir,2026-08-31
www.immob.biz,Analyse des écarts de prix immobiliers entre les quartiers parisiens - Immo B,prix immobiliers entre,https://www.immob.biz/analyse-des-ecarts-de-prix-immobiliers-entre-les-quartiers-parisiens,2026-08-31
www.immob.biz,Analyse du marché immobilier à Nantes : tendances et évolutions - Immo B,marché immobilier nantes,https://www.immob.biz/analyse-du-marche-immobilier-a-nantes-tendances-et-evolutions,2026-08-31
www.immob.biz,Sites d’annonces immobilières et conseils pour l’achat et la location,sites annonces immobilières,https://www.immob.biz/annonces-immobilieres-et-conseils-pour-lachat-et-la-location-concretiser-lacquisition-immobiliere-avec-un-professionnel,2026-08-31
www.immob.biz,Annuaire de service client : ce qu’il faut savoir - Immo B,annuaire service client,https://www.immob.biz/annuaire-de-service-client-ce-quil-faut-savoir,2026-08-31
www.immob.biz,Apimo Pro : Solution immobilière complète pour les professionnels - Immo B,apimo pro,https://www.immob.biz/apimo-pro-solution-immobiliere-complete-pour-les-professionnels,2026-08-31
www.immob.biz,APL premier emploi : tout savoir - Immo B,apl premier emploi,https://www.immob.biz/apl-premier-emploi-tout-savoir,2026-08-31
www.immob.biz,"Appartement neuf à Brignais : opportunités, confort et vie pratique aux portes de Lyon - Immo B",appartement neuf brignais,https://www.immob.biz/appartement-neuf-a-brignais-opportunites-confort-et-vie-pratique-aux-portes-de-lyon,2026-08-31
www.immob.biz,Appartement neuf à Thonon-les-Bains : une opportunité à ne pas manquer pour primo-accédants et investisseurs - Immo B,neuf thonon bains,https://www.immob.biz/appartement-neuf-a-thonon-les-bains-une-opportunite-a-ne-pas-manquer-pour-primo-accedants-et-investisseurs,2026-08-31
www.immob.biz,Apporteur d'affaires en immobilier : le rôle de cet intermédiaire - Immo B,apporteur affaires immobilier,https://www.immob.biz/apporteur-affaires-en-immobilier-le-role-de-cet-intermediaire,2026-08-31
www.immob.biz,Arnaque financière du Marché St Honoré ? - Immo B,arnaque financière marché,https://www.immob.biz/arnaque-financiere-du-marche-st-honore,2026-08-31
www.immob.biz,Comprendre l'assistance maîtrise d'ouvrage et ses enjeux clés,assistance maîtrise ouvrage,https://www.immob.biz/assistance-maitrise-douvrage-quest-ce-que-cest,2026-08-31
www.immob.biz,Assurance auto : tout savoir pour bien choisir - Immo B,assurance auto,https://www.immob.biz/assurance-auto-tout-savoir-pour-bien-choisir,2026-08-31
www.immob.biz,Assurance caution : découvrez son fonctionnement et ses avantages - Immo B,assurance caution,https://www.immob.biz/assurance-caution-decouvrez-son-fonctionnement-et-ses-avantages,2026-08-31
www.immob.biz,Assurance de prêt pour senior : comment choisir la meilleure offre ? - Immo B,assurance prêt senior,https://www.immob.biz/assurance-de-pret-pour-senior-comment-choisir-la-meilleure-offre,2026-08-31
www.immob.biz,Assurance décennale dans le BTP : quelles garanties ? - Immo B,assurance décennale btp,https://www.immob.biz/assurance-decennale-dans-le-btp-quelles-garanties,2026-08-31
www.immob.biz,Assurance décennale : quelles garanties pour les autoentrepreneurs du BTP ? - Immo B,assurance décennale,https://www.immob.biz/assurance-decennale-quelles-garanties-pour-les-autoentrepreneurs-du-btp,2026-08-31
www.immob.biz,Assurance dommage ouvrage : une souscription rapide et d'un simple clic - Immo B,assurance dommage ouvrage,https://www.immob.biz/assurance-dommage-ouvrage-une-souscription-rapide-et-dun-simple-clic,2026-08-31
www.immob.biz,Assurance emprunteur : comment éviter d'être limité par les exclusions ? - Immo B,assurance emprunteur,https://www.immob.biz/assurance-emprunteur-comment-eviter-detre-limite-par-les-exclusions,2026-08-31
www.immob.biz,Assurance emprunteur : les avantages d’opter pour un assureur en ligne - Immo B,assurance emprunteur,https://www.immob.biz/assurance-emprunteur-les-avantages-dopter-pour-un-assureur-en-ligne,2026-08-31
www.immob.biz,Assurance emprunteur : les garanties supplémentaires à l'ère de la pandémie - Immo B,assurance emprunteur,https://www.immob.biz/assurance-emprunteur-les-garanties-supplementaires-a-lere-de-la-pandemie,2026-08-31
www.immob.biz,Assurance habitation : les impératifs à connaître pour être en conformité avec la loi - Immo B,assurance habitation,https://www.immob.biz/assurance-habitation-les-imperatifs-a-connaitre-pour-etre-en-conformite-avec-la-loi,2026-08-31
www.immob.biz,Assurance habitation : les interventions de serrurerie sont-elles prises en charge ? - Immo B,assurance habitation,https://www.immob.biz/assurance-habitation-les-interventions-de-serrurerie-sont-elles-prises-en-charge,2026-08-31
www.immob.biz,Assurance habitation : quoi déclarer ? - Immo B,assurance habitation,https://www.immob.biz/assurance-habitation-quoi-declarer,2026-08-31
www.immob.biz,"Assurance incendie : risques couverts, astuces et conseils pour une meilleure protection - Immo B",assurance incendie,https://www.immob.biz/assurance-incendie-risques-couverts-astuces-et-conseils-pour-une-meilleure-protection,2026-08-31
www.immob.biz,Assurance locataire : comment trouver la meilleure offre ? - Immo B,assurance locataire,https://www.immob.biz/assurance-locataire-comment-trouver-la-meilleure-offre,2026-08-31
www.immob.biz,Assurance de logement en Belgique : Particularités pour les français,assurance logement belgique,https://www.immob.biz/assurance-logement-belgique,2026-08-31
www.immob.biz,Assurance logement étudiant : pourquoi est-ce indispensable ? - Immo B,assurance logement étudiant,https://www.immob.biz/assurance-logement-etudiant-pourquoi-est-ce-indispensable,2026-08-31
www.immob.biz,L’importance de souscrire à une assurance prêt immobilier adaptée à votre projet,importance souscrire assurance,https://www.immob.biz/assurance-pret-immobilier-pourquoi-en-choisir-une-adaptee-a-votre-projet,2026-08-31
www.immob.biz,Assurance SPITI : pour qui et pourquoi ? - Immo B,assurance spiti,https://www.immob.biz/assurance-spiti-pour-qui-et-pourquoi,2026-08-31
www.immob.biz,"Assurer son appartement : quand, comment et pourquoi souscrire ? - Immo B",assurer son appartement,https://www.immob.biz/assurer-son-appartement-quand-comment-et-pourquoi-souscrire,2026-08-31
www.immob.biz,Astuce déco pour améliorer la luminosité - Immo B,astuce déco améliorer,https://www.immob.biz/astuce-deco-pour-ameliorer-la-luminosite,2026-08-31
www.immob.biz,Astuce pour vendre avec un PTZ et racheter plus grand sans perdre l'avantage - Immo B,vendre ptz racheter,https://www.immob.biz/astuce-pour-vendre-avec-un-ptz-et-racheter-plus-grand-sans-perdre-lavantage,2026-08-31
www.immob.biz,Astuces déco : Comment valoriser votre maison pour réaliser une meilleure vente ? - Immo B,astuces déco,https://www.immob.biz/astuces-deco-comment-valoriser-votre-maison-pour-realiser-une-meilleure-vente,2026-08-31
www.immob.biz,Astuces pour négocier le prix du mobil-home - Immo B,négocier prix mobil,https://www.immob.biz/astuces-pour-negocier-le-prix-du-mobil-home,2026-08-31
www.immob.biz,Choisir les bonnes vis à bois : les erreurs à éviter,bonnes vis bois,https://www.immob.biz/attention-a-ne-pas-vous-tromper-lors-de-lachat-de-vos-vis-a-bois,2026-08-31
www.immob.biz,"Au chaud ou au frais, petit point sur l'isolation - Immo B",frais petit point,https://www.immob.biz/au-chaud-ou-au-frais-petit-point-sur-lisolation,2026-08-31
www.immob.biz,Augmentation de loyer : quel est le maximum possible ? - Immo B,augmentation loyer,https://www.immob.biz/augmentation-de-loyer-quel-est-le-maximum-possible,2026-08-31
www.immob.biz,Augmenter les loyers : obligation légale ou choix du propriétaire ? - Immo B,augmenter loyers,https://www.immob.biz/augmenter-les-loyers-obligation-legale-ou-choix-du-proprietaire,2026-08-31
www.immob.biz,Avantages et installation en Zone de Revitalisation Rurale : que savoir ? - Immo B,zone revitalisation rurale,https://www.immob.biz/avantages-et-installation-en-zone-de-revitalisation-rurale-que-savoir,2026-08-31
www.immob.biz,Avenue de l'industrie à Malemort : commerces de proximité et pouvoir d'achat - Immo B,avenue industrie malemort,https://www.immob.biz/avenue-de-lindustrie-a-malemort-commerces-de-proximite-et-pouvoir-dachat,2026-08-31
www.immob.biz,Avis sur LocService : avantages et inconvénients détaillés - Immo B,avis locservice,https://www.immob.biz/avis-sur-locservice-avantages-et-inconvenients-detailles,2026-08-31
www.immob.biz,Avis sur zelok : ce que les locataires ne disent pas aux agences - Immo B,avis zelok,https://www.immob.biz/avis-sur-zelok-ce-que-les-locataires-ne-disent-pas-aux-agences,2026-08-31
www.immob.biz,Bail de 1 an : comment renouveler et conditions légales - Immo B,bail,https://www.immob.biz/bail-de-1-an-comment-renouveler-et-conditions-legales,2026-08-31
www.immob.biz,"Bail d'un an : signer un contrat locatif de courte durée, est-ce une bonne idée ? - Immo B",bail,https://www.immob.biz/bail-dun-an-signer-un-contrat-locatif-de-courte-duree-est-ce-une-bonne-idee,2026-08-31
www.immob.biz,Bail Réel Solidaire : qui peut en bénéficier ? - Immo B,bail réel solidaire,https://www.immob.biz/bail-reel-solidaire-qui-peut-en-beneficier,2026-08-31
www.immob.biz,Pourquoi choisir un bâtiment industriel démontable pour votre activité,choisir bâtiment industriel,https://www.immob.biz/batiment-industriel-demontable-quels-sont-ses-avantages,2026-08-31
www.immob.biz,Bâtiment modulaire reconditionné : une solution d'avenir - Immo B,bâtiment modulaire reconditionné,https://www.immob.biz/batiment-modulaire-reconditionne-une-solution-davenir,2026-08-31
www.immob.biz,Bénéficier 1000€ Action logement : ce qu'il faut savoir pour en profiter pleinement ! - Immo B,1000 action logement,https://www.immob.biz/beneficier-1000e-action-logement-ce-quil-faut-savoir-pour-en-profiter-pleinement,2026-08-31
www.immob.biz,Besoin d'investir dans l'immobilier ? Demandez conseil à un professionnel,investir immobilier demandez,https://www.immob.biz/besoin-dinvestir-dans-limmobilier-demandez-conseil-a-un-professionnel,2026-08-31
www.immob.biz,Bien à vendre à Liège : comment bien choisir son appartement ? - Immo B,vendre liège,https://www.immob.biz/bien-a-vendre-a-liege-comment-bien-choisir-son-appartement,2026-08-31
www.immob.biz,Comment sélectionner la porte d'entrée sur-mesure idéale,entrée mesure idéale,https://www.immob.biz/bien-choisir-sa-porte-dentree-sur-mesure,2026-08-31
www.immob.biz,Bien choisir ses fermetures de maison - Immo B,ses fermetures maison,https://www.immob.biz/bien-choisir-ses-fermetures-de-maison,2026-08-31
www.immob.biz,Bien immobilier : comment estimer son appartement ? - Immo B,immobilier,https://www.immob.biz/bien-immobilier-comment-estimer-son-appartement,2026-08-31
www.immob.biz,Bien réussir son investissement immobilier en 2023 : les précautions à prendre - Immo B,investissement immobilier 2023,https://www.immob.biz/bien-reussir-son-investissement-immobilier-en-2023-les-precautions-a-prendre,2026-08-31
www.immob.biz,Pourquoi le marché immobilier à Bois-le-Roi attire autant d'acheteurs,pourquoi marché immobilier,https://www.immob.biz/bois-le-roi-un-marche-immobilier-dynamique-pour-les-acheteurs,2026-08-31
www.immob.biz,BT01 : décryptage de l'indice et son impact sur les coûts de construction - Immo B,bt01,https://www.immob.biz/bt01-decryptage-de-lindice-et-son-impact-sur-les-couts-de-construction,2026-08-31
www.immob.biz,Bureaux flexibles : un vent de changement pour les entreprises en 2024 ? - Immo B,bureaux flexibles,https://www.immob.biz/bureaux-flexibles-un-vent-de-changement-pour-les-entreprises-en-2024,2026-08-31
www.immob.biz,Cabanon cadastré sur terrain non constructible : droits et réglementations - Immo B,cabanon cadastré terrain,https://www.immob.biz/cabanon-cadastre-sur-terrain-non-constructible-droits-et-reglementations,2026-08-31
www.immob.biz,"Caf declarations loyers et location meublée, ce qu'un bailleur doit savoir - Immo B",bailleur doit savoir,https://www.immob.biz/caf-declarations-loyers-et-location-meublee-ce-quun-bailleur-doit-savoir,2026-08-31
www.immob.biz,Calcul de charge mur porteur : comment faire le bon choix ? - Immo B,charge mur porteur,https://www.immob.biz/calcul-de-charge-mur-porteur-comment-faire-le-bon-choix,2026-08-31
www.immob.biz,Calcul du nombre de cartons à déménager : astuces pratiques pour l'estimation - Immo B,nombre cartons déménager,https://www.immob.biz/calcul-du-nombre-de-cartons-a-demenager-astuces-pratiques-pour-lestimation,2026-08-31
www.immob.biz,Calcul du nombre de cartons à déménager : nos conseils pratiques et astuces - Immo B,nombre cartons déménager,https://www.immob.biz/calcul-du-nombre-de-cartons-a-demenager-nos-conseils-pratiques-et-astuces,2026-08-31
www.immob.biz,Calcul du périmètre d'un cercle en immobilier : méthodes et astuces - Immo B,périmètre cercle immobilier,https://www.immob.biz/calcul-du-perimetre-dun-cercle-en-immobilier-methodes-et-astuces,2026-08-31
www.immob.biz,Calcul du taux de rentabilité en viager : méthodes et astuces pratiques - Immo B,calcul taux rentabilité,https://www.immob.biz/calcul-du-taux-de-rentabilite-en-viager-methodes-et-astuces-pratiques,2026-08-31
www.immob.biz,Calcul loi Malraux : les étapes pour optimiser vos réductions fiscales - Immo B,calcul loi malraux,https://www.immob.biz/calcul-loi-malraux-les-etapes-pour-optimiser-vos-reductions-fiscales,2026-08-31
www.immob.biz,Calcul surface emprise au sol : méthodes précises et astuces - Immo B,calcul surface emprise,https://www.immob.biz/calcul-surface-emprise-au-sol-methodes-precises-et-astuces,2026-08-31
www.immob.biz,Calcul viager occupé : méthodes et astuces pour investisseurs avertis - Immo B,calcul viager occupé,https://www.immob.biz/calcul-viager-occupe-methodes-et-astuces-pour-investisseurs-avertis,2026-08-31
www.immob.biz,Calculatrice m2 : la méthode simple pour mesurer un appartement avant achat - Immo B,calculatrice m2,https://www.immob.biz/calculatrice-m2-la-methode-simple-pour-mesurer-un-appartement-avant-achat,2026-08-31
www.immob.biz,Calculer la rentabilité d'une location saisonnière : astuces et méthode efficace - Immo B,rentabilité location saisonnière,https://www.immob.biz/calculer-la-rentabilite-dune-location-saisonniere-astuces-et-methode-efficace,2026-08-31
www.immob.biz,"Calculer un déménagement : coût, formules, astuces et conseils - Immo B",calculer déménagement,https://www.immob.biz/calculer-un-demenagement-cout-formules-astuces-et-conseils,2026-08-31
www.immob.biz,Camion déménagement : quel véhicule choisir pour transporter un T4 ? - Immo B,camion déménagement,https://www.immob.biz/camion-demenagement-quel-vehicule-choisir-pour-transporter-un-t4,2026-08-31
www.immob.biz,Camion pour déménager 100m2 : comment choisir le bon véhicule pour votre déménagement - Immo B,camion déménager 100m2,https://www.immob.biz/camion-pour-demenager-100m2-comment-choisir-le-bon-vehicule-pour-votre-demenagement,2026-08-31
www.immob.biz,Cannes : conseils pour valoriser un bien immobilier avant sa vente - Immo B,cannes,https://www.immob.biz/cannes-conseils-pour-valoriser-un-bien-immobilier-avant-sa-vente,2026-08-31
www.immob.biz,Carte interactive des zones sensibles : quartier de Nice à éviter en 2026 - Immo B,carte interactive zones,https://www.immob.biz/carte-interactive-des-zones-sensibles-quartier-de-nice-a-eviter-en-2026,2026-08-31
www.immob.biz,Carte professionnelle immobilier : pourquoi renouveler,carte professionnelle immobilier,https://www.immob.biz/carte-professionnelle-immobilier-pourquoi-renouveler,2026-08-31
www.immob.biz,Caution locative : Quel organisme peut avancer ? Les solutions en France - Immo B,caution locative,https://www.immob.biz/caution-locative-quel-organisme-peut-avancer-les-solutions-en-france,2026-08-31
www.immob.biz,Caution logement : fonctionnement et explications en détail - Immo B,caution logement,https://www.immob.biz/caution-logement-fonctionnement-et-explications-en-detail,2026-08-31
www.immob.biz,Caution personnelle : comment éviter les mauvaises surprises ? - Immo B,caution personnelle,https://www.immob.biz/caution-personnelle-comment-eviter-les-mauvaises-surprises,2026-08-31
www.immob.biz,Ce qui a changé depuis le 1er septembre pour l'assurance emprunteur - Immo B,septembre assurance emprunteur,https://www.immob.biz/ce-qui-a-change-depuis-le-1er-septembre-pour-lassurance-emprunteur,2026-08-31
www.immob.biz,Ce qu’il faut absolument savoir avant d’emménager dans un logement étudiant - Immo B,emménager logement étudiant,https://www.immob.biz/ce-quil-faut-absolument-savoir-avant-demmenager-dans-un-logement-etudiant,2026-08-31
www.immob.biz,Ce qu'il faut savoir sur le contrat de droit au Luxembourg - Immo B,contrat droit luxembourg,https://www.immob.biz/ce-quil-faut-savoir-sur-le-contrat-de-droit-au-luxembourg,2026-08-31
www.immob.biz,Ce qu'il faut savoir sur les atouts de la grille extensible - Immo B,il faut savoir,https://www.immob.biz/ce-quil-faut-savoir-sur-les-atouts-de-la-grille-extensible,2026-08-31
www.immob.biz,Cession en viager : est-ce vraiment un atout pour les seniors ? - Immo B,cession viager,https://www.immob.biz/cession-en-viager-est-ce-vraiment-un-atout-pour-les-seniors,2026-08-31
www.immob.biz,Chambre moins de 9m2 : comment régulariser une location déjà en cours ? - Immo B,chambre moins 9m2,https://www.immob.biz/chambre-moins-de-9m2-comment-regulariser-une-location-deja-en-cours,2026-08-31
www.immob.biz,Changement d'adresse : comment ne rien oublier dans vos démarches - Immo B,changement adresse,https://www.immob.biz/changement-dadresse-comment-ne-rien-oublier-dans-vos-demarches,2026-08-31
www.immob.biz,Changement d'adresse : comment procéder et coût associé - Immo B,changement adresse,https://www.immob.biz/changement-dadresse-comment-proceder-et-cout-associe,2026-08-31
www.immob.biz,Les papiers indispensables à présenter lors d'un changement d'adresse,présenter lors changement,https://www.immob.biz/changement-dadresse-papiers-obligatoires-a-fournir,2026-08-31
www.immob.biz,Changer de fournisseur d'électricité pro en 2026 sans compliquer son quotidien - Immo B,fournisseur électricité pro,https://www.immob.biz/changer-de-fournisseur-delectricite-pro-en-2026-sans-compliquer-son-quotidien,2026-08-31
www.immob.biz,Relooker votre porte d'entrée pour booster le style de votre maison,votre porte entrée,https://www.immob.biz/changer-de-porte-dentree-oui-mais-avec-une-inspiration-deco,2026-08-31
www.immob.biz,Charges comprises dans un loyer meublé : définition et explications pour locataires - Immo B,charges comprises,https://www.immob.biz/charges-comprises-dans-un-loyer-meuble-definition-et-explications-pour-locataires,2026-08-31
www.immob.biz,Chasseur en immobilier : comment recruter le meilleur commercial ? - Immo B,chasseur immobilier,https://www.immob.biz/chasseur-en-immobilier-comment-recruter-le-meilleur-commercial,2026-08-31
www.immob.biz,Les signes précurseurs d'une panne de chauffage central à surveiller,signes précurseurs panne,https://www.immob.biz/chauffage-central-les-signes-avant-coureurs-dune-panne-imminente,2026-08-31
www.immob.biz,Checklist déménagement : Que emporter avant déménager ? - Immo B,checklist déménagement,https://www.immob.biz/checklist-demenagement-que-emporter-avant-demenager,2026-08-31
www.immob.biz,Cherbourg : Pourquoi le marché immobilier est en pleine évolution ? - Immo B,cherbourg,https://www.immob.biz/cherbourg-pourquoi-le-marche-immobilier-est-en-pleine-evolution,2026-08-31
www.immob.biz,Choisir des caillebotis en plastique - Immo B,choisir caillebotis plastique,https://www.immob.biz/choisir-des-caillebotis-en-plastique,2026-08-31
www.immob.biz,Choisir des volets roulants selon plusieurs critères - Immo B,choisir volets roulants,https://www.immob.biz/choisir-des-volets-roulants-selon-plusieurs-criteres,2026-08-31
www.immob.biz,Choisir le bon modèle de chauffe-eau électrique - Immo B,modèle chauffe eau,https://www.immob.biz/choisir-le-bon-modele-de-chauffeeau-electrique,2026-08-31
www.immob.biz,Choisir le carrelage sol de sa cuisine : quelles sont les bonnes pratiques ? - Immo B,choisir carrelage sol,https://www.immob.biz/choisir-le-carrelage-sol-de-sa-cuisine-quelles-sont-les-bonnes-pratiques,2026-08-31
www.immob.biz,Choisir son syndic de copropriété : ce qu’il faut savoir - Immo B,son syndic copropriété,https://www.immob.biz/choisir-son-syndic-de-copropriete-ce-quil-faut-savoir,2026-08-31
www.immob.biz,Trouvez le monte personne vertical sur mesure qui vous correspond,monte personne vertical,https://www.immob.biz/choisissez-un-monte-personne-vertical-sur-mesure,2026-08-31
www.immob.biz,Bien choisir son modèle de climatisation pour un intérieur confortable,modèle climatisation intérieur,https://www.immob.biz/climatisation-comment-choisir-le-bon-modele,2026-08-31
www.immob.biz,Colocation ou résidence : quel logement étudiant choisir à Nice ? - Immo B,colocation résidence,https://www.immob.biz/colocation-ou-residence-quel-logement-etudiant-choisir-a-nice,2026-08-31
www.immob.biz,Colocations meublées : pour qui et pourquoi ? - Immo B,colocations meublées,https://www.immob.biz/colocations-meublees-pour-qui-et-pourquoi,2026-08-31
www.immob.biz,Combien coûte la pose de fenêtre ? - Immo B,coûte pose fenêtre,https://www.immob.biz/combien-coute-la-pose-de-fenetre,2026-08-31
www.immob.biz,Combien coûte l'installation d'un système domotique ? - Immo B,installation système domotique,https://www.immob.biz/combien-coute-linstallation-dun-systeme-domotique,2026-08-31
www.immob.biz,Combien coûte une assurance dommage ouvrage - Immo B,combien coûte assurance,https://www.immob.biz/combien-coute-une-assurance-dommage-ouvrage,2026-08-31
www.immob.biz,Combien coûte une installation de parquet ? - Immo B,coûte installation parquet,https://www.immob.biz/combien-coute-une-installation-de-parquet,2026-08-31
www.immob.biz,Combien coûte une ouverture de porte par un serrurier ? - Immo B,ouverture porte serrurier,https://www.immob.biz/combien-coute-une-ouverture-de-porte-par-un-serrurier,2026-08-31
www.immob.biz,Combien pour l'installation de panneaux photovoltaïques ? - Immo B,installation panneaux photovoltaïques,https://www.immob.biz/combien-pour-linstallation-de-panneaux-photovoltaiques,2026-08-31
www.immob.biz,Combien prévoir pour la conception et l'installation de la fumisterie ? - Immo B,combien prévoir conception,https://www.immob.biz/combien-prevoir-pour-la-conception-et-linstallation-de-la-fumisterie,2026-08-31
www.immob.biz,Combles aménageables : avantages et prix ! - Immo B,combles aménageables,https://www.immob.biz/combles-amenageables-avantages-et-prix,2026-08-31
www.immob.biz,Réussir l'achat de son bien immobilier à Bordeaux,son immobilier bordeaux,https://www.immob.biz/comment-acheter-son-bien-immobilier-a-bordeaux,2026-08-31
www.immob.biz,Comment acheter un bien immobilier sans apport ? - Immo B,immobilier sans apport,https://www.immob.biz/comment-acheter-un-bien-immobilier-sans-apport,2026-08-31
www.immob.biz,Comment acheter une maison en couple ? - Immo B,acheter maison couple,https://www.immob.biz/comment-acheter-une-maison-en-couple,2026-08-31
www.immob.biz,Comment acheter une maison neuve ? - Immo B,acheter maison neuve,https://www.immob.biz/comment-acheter-une-maison-neuve,2026-08-31
www.immob.biz,Comment actu-immobilier.net aide à comprendre la valeur réelle d'un bien ? - Immo B,comprendre valeur réelle,https://www.immob.biz/comment-actu-immobilier-net-aide-a-comprendre-la-valeur-reelle-dun-bien,2026-08-31
www.immob.biz,Comment améliorer la performance thermique d'un habitat - Immo B,performance thermique habitat,https://www.immob.biz/comment-ameliorer-la-performance-thermique-dun-habitat,2026-08-31
www.immob.biz,Comment améliorer l'aménagement d'un jardin public ? - Immo B,aménagement jardin public,https://www.immob.biz/comment-ameliorer-lamenagement-dun-jardin-public,2026-08-31
www.immob.biz,Comment bien choisir les artisans pour la construction d’une maison ? - Immo B,artisans construction maison,https://www.immob.biz/comment-bien-choisir-les-artisans-pour-la-construction-dune-maison,2026-08-31
www.immob.biz,Comment bien choisir sa pergola ? - Immo B,choisir sa pergola,https://www.immob.biz/comment-bien-choisir-sa-pergola,2026-08-31
www.immob.biz,Comment bien choisir sa solution acoustique ? - Immo B,sa solution acoustique,https://www.immob.biz/comment-bien-choisir-sa-solution-acoustique,2026-08-31
www.immob.biz,Comment bien choisir son assurance emprunteur ? - Immo B,son assurance emprunteur,https://www.immob.biz/comment-bien-choisir-son-assurance-emprunteur,2026-08-31
www.immob.biz,Comment bien choisir son assurance habitation ? - Immo B,choisir son assurance,https://www.immob.biz/comment-bien-choisir-son-assurance-habitation,2026-08-31
www.immob.biz,Comment bien choisir son local commercial ?,son local commercial,https://www.immob.biz/comment-bien-choisir-son-local-commercial,2026-08-31
www.immob.biz,Comment bien choisir son store banne ? - Immo B,son store banne,https://www.immob.biz/comment-bien-choisir-son-store-banne,2026-08-31
www.immob.biz,Comment bien choisir son store banne ? - Immo B,son store banne,https://www.immob.biz/comment-bien-choisir-son-store-banne-2,2026-08-31
www.immob.biz,Comment bien entretenir ses volets roulants ? - Immo B,ses volets roulants,https://www.immob.biz/comment-bien-entretenir-ses-volets-roulants,2026-08-31
www.immob.biz,Comment bien estimer son bien immobilier ?,estimer son immobilier,https://www.immob.biz/comment-bien-estimer-son-bien-immobilier,2026-08-31
www.immob.biz,Comment bien gérer son projet de construction de maison neuve ? - Immo B,construction maison neuve,https://www.immob.biz/comment-bien-gerer-son-projet-de-construction-de-maison-neuve,2026-08-31
www.immob.biz,Les clés d'une négociation réussie pour votre rachat de crédit,votre rachat crédit,https://www.immob.biz/comment-bien-negocier-son-rachat-de-credit,2026-08-31
www.immob.biz,Comment bien préparer votre investissement immobilier ? - Immo B,votre investissement immobilier,https://www.immob.biz/comment-bien-preparer-votre-investissement-immobilier,2026-08-31
www.immob.biz,Comment bien profiter des primes pour les travaux en région Wallone ? - Immo B,primes travaux région,https://www.immob.biz/comment-bien-profiter-des-primes-pour-les-travaux-en-region-wallone,2026-08-31
www.immob.biz,"Comment bien protéger son appartement : bonnes pratiques, obligations et garanties clés - Immo B",protéger son appartement,https://www.immob.biz/comment-bien-proteger-son-appartement-bonnes-pratiques-obligations-et-garanties-cles,2026-08-31
www.immob.biz,Comment bien se protéger des accidents quand on bricole ? - Immo B,quand on bricole,https://www.immob.biz/comment-bien-se-proteger-des-accidents-quand-on-bricole,2026-08-31
www.immob.biz,Comment bien traiter la condensation sur fenêtre ? - Immo B,condensation fenêtre,https://www.immob.biz/comment-bien-traiter-la-condensation-sur-fenetre,2026-08-31
www.immob.biz,Comment bloquer un achat immobilier sur Paris ? - Immo B,achat immobilier paris,https://www.immob.biz/comment-bloquer-un-achat-immobilier-sur-paris,2026-08-31
www.immob.biz,Comment calculer son prêt immobilier ? - Immo B,son prêt immobilier,https://www.immob.biz/comment-calculer-son-pret-immobilier,2026-08-31
www.immob.biz,Comment changer de fournisseur d’électricité après un déménagement ? - Immo B,électricité après déménagement,https://www.immob.biz/comment-changer-de-fournisseur-delectricite-apres-un-demenagement,2026-08-31
www.immob.biz,Comment chiffrer des devis de menuiseries pour des grosses constructions ?,menuiseries grosses constructions,https://www.immob.biz/comment-chiffrer-des-devis-de-menuiseries-pour-des-grosses-constructions,2026-08-31
www.immob.biz,Comment choisir des bureaux pour votre entreprise ? - Immo B,bureaux votre entreprise,https://www.immob.biz/comment-choisir-des-bureaux-pour-votre-entreprise,2026-08-31
www.immob.biz,Comment choisir des professionnels pour ses travaux de rénovation ? - Immo B,ses travaux rénovation,https://www.immob.biz/comment-choisir-des-professionnels-pour-ses-travaux-de-renovation,2026-08-31
www.immob.biz,Comment choisir la banque qui offre le meilleur taux pour un prêt immobilier ? - Immo B,offre meilleur taux,https://www.immob.biz/comment-choisir-la-banque-qui-offre-le-meilleur-taux-pour-un-pret-immobilier,2026-08-31
www.immob.biz,Comment choisir la bonne agence immobilière pour votre recherche de logement ? - Immo B,bonne agence immobilière,https://www.immob.biz/comment-choisir-la-bonne-agence-immobiliere-pour-votre-recherche-de-logement,2026-08-31
www.immob.biz,Comment choisir la meilleure assurance emprunteur pour votre prêt immobilier - Immo B,meilleure assurance emprunteur,https://www.immob.biz/comment-choisir-la-meilleure-assurance-emprunteur-pour-votre-pret-immobilier,2026-08-31
www.immob.biz,Comment choisir la meilleure location de vacances à Courchevel pour un séjour inoubliable - Immo B,vacances courchevel séjour,https://www.immob.biz/comment-choisir-la-meilleure-location-de-vacances-a-courchevel-pour-un-sejour-inoubliable,2026-08-31
www.immob.biz,Comment choisir le bon constructeur de maison en Charente-Maritime pour votre projet ? - Immo B,constructeur maison charente,https://www.immob.biz/comment-choisir-le-bon-constructeur-de-maison-en-charentemaritime-pour-votre-projet,2026-08-31
www.immob.biz,Comment choisir le bon locataire - Immo B,choisir bon locataire,https://www.immob.biz/comment-choisir-le-bon-locataire,2026-08-31
www.immob.biz,Comment choisir le bon professionnel pour la rénovation de votre revêtement de sol ? - Immo B,rénovation votre revêtement,https://www.immob.biz/comment-choisir-le-bon-professionnel-pour-la-renovation-de-votre-revetement-de-sol,2026-08-31
www.immob.biz,Comment choisir le bon quartier pour un investissement immobilier - Immo B,bon quartier investissement,https://www.immob.biz/comment-choisir-le-bon-quartier-pour-un-investissement-immobilier,2026-08-31
www.immob.biz,Comment choisir le bon réseau d'agences immobilières pour son activité - Immo B,réseau agences immobilières,https://www.immob.biz/comment-choisir-le-bon-reseau-dagences-immobilieres-pour-son-activite,2026-08-31
www.immob.biz,Comment choisir le bon rupteur thermique pour votre application - Immo B,rupteur thermique votre,https://www.immob.biz/comment-choisir-le-bon-rupteur-thermique-pour-votre-application,2026-08-31
www.immob.biz,Comment choisir le meilleur constructeur de maison à Rennes ? - Immo B,meilleur constructeur maison,https://www.immob.biz/comment-choisir-le-meilleur-constructeur-de-maison-a-rennes,2026-08-31
www.immob.biz,Comment choisir le meilleur hydrofuge pour travertin ?,meilleur hydrofuge travertin,https://www.immob.biz/comment-choisir-le-meilleur-hydrofuge-pour-travertin,2026-08-31
www.immob.biz,Comment choisir le style de votre maison ? - Immo B,style votre maison,https://www.immob.biz/comment-choisir-le-style-de-votre-maison,2026-08-31
www.immob.biz,Comment choisir les meilleurs poêles à bois pour une efficacité maximale - Immo B,bois efficacité maximale,https://www.immob.biz/comment-choisir-les-meilleurs-poeles-a-bois-pour-une-efficacite-maximale,2026-08-31
www.immob.biz,Comment choisir sa bombe de traçage au sol ? - Immo B,bombe traçage sol,https://www.immob.biz/comment-choisir-sa-bombe-de-tracage-au-sol,2026-08-31
www.immob.biz,Comment choisir sa maison quand on est jeune couple ? - Immo B,est jeune couple,https://www.immob.biz/comment-choisir-sa-maison-quand-on-est-jeune-couple,2026-08-31
www.immob.biz,Comment choisir sa ventouse électromagnétique ? - Immo B,sa ventouse électromagnétique,https://www.immob.biz/comment-choisir-sa-ventouse-electromagnetique,2026-08-31
www.immob.biz,Comment choisir son appareil de mesure au laser ? - Immo B,appareil mesure laser,https://www.immob.biz/comment-choisir-son-appareil-de-mesure-au-laser,2026-08-31
www.immob.biz,Comment choisir son assurance dommage-ouvrage ? - Immo B,assurance dommage ouvrage,https://www.immob.biz/comment-choisir-son-assurance-dommage-ouvrage,2026-08-31
www.immob.biz,Comment choisir son assurance emprunteur selon son profil ? - Immo B,assurance emprunteur selon,https://www.immob.biz/comment-choisir-son-assurance-emprunteur-selon-son-profil,2026-08-31
www.immob.biz,Comment choisir son entreprise de peinture ? - Immo B,son entreprise peinture,https://www.immob.biz/comment-choisir-son-entreprise-de-peinture,2026-08-31
www.immob.biz,Comment choisir son entreprise de TP ? - Immo B,son entreprise tp,https://www.immob.biz/comment-choisir-son-entreprise-de-tp,2026-08-31
www.immob.biz,Comment choisir son expert immobilier ? - Immo B,son expert immobilier,https://www.immob.biz/comment-choisir-son-expert-immobilier,2026-08-31
www.immob.biz,Comment choisir son grillage rigide - Immo B,son grillage rigide,https://www.immob.biz/comment-choisir-son-grillage-rigide,2026-08-31
www.immob.biz,Bien choisir son installateur de climatisation pour un service fiable,choisir son installateur,https://www.immob.biz/comment-choisir-son-installateur-de-climatisation,2026-08-31
www.immob.biz,Comment choisir son meuble de rangement de cuisine ? - Immo B,meuble rangement cuisine,https://www.immob.biz/comment-choisir-son-meuble-de-rangement-de-cuisine,2026-08-31
www.immob.biz,Comment choisir son notaire ? - Immo B,choisir son notaire,https://www.immob.biz/comment-choisir-son-notaire,2026-08-31
www.immob.biz,Comment choisir son plafonnier de main de maitre ? - Immo B,plafonnier main maitre,https://www.immob.biz/comment-choisir-son-plafonnier-de-main-de-maitre,2026-08-31
www.immob.biz,Comment choisir son plan de maison ? - Immo B,son plan maison,https://www.immob.biz/comment-choisir-son-plan-de-maison,2026-08-31
www.immob.biz,Bien sélectionner un poseur de fenêtres pvc pour des travaux réussis,sélectionner poseur fenêtres,https://www.immob.biz/comment-choisir-son-poseur-de-fenetres-pvc,2026-08-31
www.immob.biz,Comment choisir son promoteur immobilier ? - Immo B,son promoteur immobilier,https://www.immob.biz/comment-choisir-son-promoteur-immobilier,2026-08-31
www.immob.biz,Bien choisir son syndic de copropriété pour éviter les mauvaises surprises,copropriété éviter mauvaises,https://www.immob.biz/comment-choisir-son-syndic-de-copropriete,2026-08-31
www.immob.biz,Comment choisir un bon constructeur ? - Immo B,choisir bon constructeur,https://www.immob.biz/comment-choisir-un-bon-constructeur,2026-08-31
www.immob.biz,Trouver un électricien fiable : les critères qui font la différence,trouver électricien fiable,https://www.immob.biz/comment-choisir-un-bon-electricien,2026-08-31
www.immob.biz,Comment choisir un bon serrurier ? - Immo B,choisir bon serrurier,https://www.immob.biz/comment-choisir-un-bon-serrurier,2026-08-31
www.immob.biz,Comment choisir un constructeur pour sa maison ?,constructeur sa maison,https://www.immob.biz/comment-choisir-un-constructeur-pour-sa-maison,2026-08-31
www.immob.biz,Comment choisir un expert chauffage et climatisation au Mans pour une installation sans souci - Immo B,installation sans souci,https://www.immob.biz/comment-choisir-un-expert-chauffage-et-climatisation-au-mans-pour-une-installation-sans-souci,2026-08-31
www.immob.biz,Comment choisir un local pour ses bureaux ? - Immo B,ses bureaux,https://www.immob.biz/comment-choisir-un-local-pour-ses-bureaux,2026-08-31
www.immob.biz,Trouver un serrurier de confiance pour sécuriser votre domicile,sécuriser votre domicile,https://www.immob.biz/comment-choisir-un-serrurier-de-confiance,2026-08-31
www.immob.biz,Comment choisir une action pour investir - Immo B,choisir action investir,https://www.immob.biz/comment-choisir-une-action-pour-investir,2026-08-31
www.immob.biz,Comment choisir une agence de viager en Alsace pour un accompagnement personnalisé ? - Immo B,agence viager alsace,https://www.immob.biz/comment-choisir-une-agence-de-viager-en-alsace-pour-un-accompagnement-personnalise,2026-08-31
www.immob.biz,Comment choisir une bonne agence immobilière à cherbourg ? - Immo B,agence immobilière cherbourg,https://www.immob.biz/comment-choisir-une-bonne-agence-immobiliere-a-cherbourg,2026-08-31
www.immob.biz,Comment choisir une extincteur pour vos besoins personnels ? - Immo B,choisir extincteur vos,https://www.immob.biz/comment-choisir-une-extincteur-pour-vos-besoins-personnels,2026-08-31
www.immob.biz,Comment choisir une porte de parking collectif ? - Immo B,porte parking collectif,https://www.immob.biz/comment-choisir-une-porte-de-parking-collectif,2026-08-31
www.immob.biz,Société d’électricité à Bruxelles : Guide pour bien choisir,société électricité bruxelles,https://www.immob.biz/comment-choisir-une-societe-delectricite-a-bruxelles-pour-vos-travaux,2026-08-31
www.immob.biz,Comment choisir une structure ou un portique métallique ? - Immo B,structure portique métallique,https://www.immob.biz/comment-choisir-une-structure-ou-un-portique-metallique,2026-08-31
www.immob.biz,Bien choisir ses volets roulants grâce à nos conseils pratiques,choisir ses volets,https://www.immob.biz/comment-choisir-vos-volets-roulants-nos-conseils,2026-08-31
www.immob.biz,Comment choisir votre tête de lit à panneau capitonné ? - Immo B,lit panneau capitonné,https://www.immob.biz/comment-choisir-votre-tete-de-lit-a-panneau-capitonne,2026-08-31
www.immob.biz,Comment comparer les meilleures assurances habitation ? - Immo B,comparer meilleures assurances,https://www.immob.biz/comment-comparer-les-meilleures-assurances-habitation,2026-08-31
www.immob.biz,Comment comparer une assurance de prêt immobilier sans y passer des heures,assurance prêt immobilier,https://www.immob.biz/comment-comparer-une-assurance-de-pret-immobilier-sans-y-passer-des-heures,2026-08-31
www.immob.biz,Comment concevoir un schéma du va-et-vient efficace étape par étape - Immo B,vient efficace étape,https://www.immob.biz/comment-concevoir-un-schema-du-va-et-vient-efficace-etape-par-etape,2026-08-31
www.immob.biz,Comment connaitre / déterminer l’orientation d’un appartement ? - Immo B,connaitre déterminer orientation,https://www.immob.biz/comment-connaitre-determiner-lorientation-dun-appartement,2026-08-31
www.immob.biz,Comment construire un tableau d'amortissement? - Immo B,construire tableau amortissement,https://www.immob.biz/comment-construire-un-tableau-damortissement,2026-08-31
www.immob.biz,Comment contester une estimation maison par un notaire jugée trop basse ? - Immo B,notaire jugée trop,https://www.immob.biz/comment-contester-une-estimation-maison-par-un-notaire-jugee-trop-basse,2026-08-31
www.immob.biz,Comment créer sa SCI ? - Immo B,créer sa sci,https://www.immob.biz/comment-creer-sa-sci,2026-08-31
www.immob.biz,Comment créer un mur télévision acoustique avec les panneaux acoustiques ? - Immo B,télévision acoustique panneaux,https://www.immob.biz/comment-creer-un-mur-television-acoustique-avec-les-panneaux-acoustiques,2026-08-31
www.immob.biz,Comment créer une SCI en ligne ?,créer sci ligne,https://www.immob.biz/comment-creer-une-sci-en-ligne,2026-08-31
www.immob.biz,Comment déménager à moindre coût ? - Immo B,déménager moindre coût,https://www.immob.biz/comment-demenager-a-moindre-cout,2026-08-31
www.immob.biz,Comment déménager sans faire aucun effort ? - Immo B,déménager sans faire,https://www.immob.biz/comment-demenager-sans-faire-aucun-effort,2026-08-31
www.immob.biz,Comment dénicher rapidement un logement à louer - Immo B,rapidement logement louer,https://www.immob.biz/comment-denicher-rapidement-un-logement-a-louer,2026-08-31
www.immob.biz,Trouver un bureau à Bordeaux : conseils pratiques pour faire le bon choix,trouver bureau bordeaux,https://www.immob.biz/comment-denicher-un-bureau-sur-bordeaux,2026-08-31
www.immob.biz,Comment devenir conseiller en immobilier : les etapes a suivre - Immo B,devenir conseiller immobilier,https://www.immob.biz/comment-devenir-conseiller-en-immobilier-les-etapes-a-suivre,2026-08-31
www.immob.biz,Comment devenir diagnostiqueur immobilier ? - Immo B,devenir diagnostiqueur immobilier,https://www.immob.biz/comment-devenir-diagnostiqueur-immobilier,2026-08-31
www.immob.biz,Comment devenir hôte Airbnb sans mauvaise surprise juridique ? - Immo B,airbnb sans mauvaise,https://www.immob.biz/comment-devenir-hote-airbnb-sans-mauvaise-surprise-juridique,2026-08-31
www.immob.biz,Comment devenir mandataire immobilier ? - Immo B,devenir mandataire immobilier,https://www.immob.biz/comment-devenir-mandataire-immobilier,2026-08-31
www.immob.biz,Comment économiser avec le coup de Pouce Thermostat d'Engie ?,pouce thermostat engie,https://www.immob.biz/comment-economiser-avec-le-coup-de-pouce-thermostat-dengie,2026-08-31
www.immob.biz,Comment économiser de l'espace avec un escalier sur mesure,économiser espace escalier,https://www.immob.biz/comment-economiser-de-lespace-avec-un-escalier-sur-mesure,2026-08-31
www.immob.biz,Comment effectuer la gestion de son LMNP en ligne ? - Immo B,son lmnp ligne,https://www.immob.biz/comment-effectuer-la-gestion-de-son-lmnp-en-ligne,2026-08-31
www.immob.biz,Comment effectuer une estimation adéquate d'un appartement ? - Immo B,effectuer estimation adéquate,https://www.immob.biz/comment-effectuer-une-estimation-adequate-dun-appartement,2026-08-31
www.immob.biz,Comment envoyer des colis ? - Immo B,envoyer colis,https://www.immob.biz/comment-envoyer-des-colis,2026-08-31
www.immob.biz,Comment estimer le prix d’un bien immobilier ? - Immo B,estimer prix immobilier,https://www.immob.biz/comment-estimer-le-prix-dun-bien-immobilier,2026-08-31
www.immob.biz,Comment évaluer la rentabilité d'un projet immobilier avant d'investir ? - Immo B,rentabilité projet immobilier,https://www.immob.biz/comment-evaluer-la-rentabilite-dun-projet-immobilier-avant-dinvestir,2026-08-31
www.immob.biz,Dites adieu à la condensation dans votre salle de bain facilement,condensation votre salle,https://www.immob.biz/comment-eviter-la-condensation-dans-votre-salle-de-bain,2026-08-31
www.immob.biz,Comment éviter toutes les fuites ? - Immo B,éviter toutes fuites,https://www.immob.biz/comment-eviter-toutes-les-fuites,2026-08-31
www.immob.biz,Comment faciliter la vente d’une maison en lui donnant un nom ? - Immo B,vente maison lui,https://www.immob.biz/comment-faciliter-la-vente-dune-maison-en-lui-donnant-un-nom,2026-08-31
www.immob.biz,Comment faire connaître votre agence immobilière ? - Immo B,votre agence immobilière,https://www.immob.biz/comment-faire-connaitre-votre-agence-immobiliere,2026-08-31
www.immob.biz,Comment faire estimer son bien immobilier en cas de divorce ? - Immo B,faire estimer son,https://www.immob.biz/comment-faire-estimer-son-bien-immobilier-en-cas-de-divorce,2026-08-31
www.immob.biz,Comment faire fonctionner une assurance prêt immobilier ? - Immo B,faire fonctionner assurance,https://www.immob.biz/comment-faire-fonctionner-une-assurance-pret-immobilier,2026-08-31
www.immob.biz,Comment faire fructifier votre épargne tout en soutenant les énergies vertes ? - Immo B,fructifier votre épargne,https://www.immob.biz/comment-faire-fructifier-votre-epargne-tout-en-soutenant-les-energies-vertes,2026-08-31
www.immob.biz,Les astuces pour s'installer et louer un appartement à Paris,louer appartement paris,https://www.immob.biz/comment-faire-la-location-dun-appartement-a-paris,2026-08-31
www.immob.biz,Comment faire le bon choix du constructeur de maison - Immo B,choix constructeur maison,https://www.immob.biz/comment-faire-le-bon-choix-du-constructeur-de-maison,2026-08-31
www.immob.biz,Comment faire le choix de ses verrières ? - Immo B,choix ses verrières,https://www.immob.biz/comment-faire-le-choix-de-ses-verrieres,2026-08-31
www.immob.biz,Comment faire marcher son assurance prêt immobilier - Immo B,faire marcher son,https://www.immob.biz/comment-faire-marcher-son-assurance-pret-immobilier,2026-08-31
www.immob.biz,Obtenir le départ d'un locataire avant l'échéance du bail,locataire avant échéance,https://www.immob.biz/comment-faire-partir-un-locataire-avant-la-fin-du-bail,2026-08-31
www.immob.biz,Comment faire un achat immobilier sur la Côte Basque ? - Immo B,immobilier côte basque,https://www.immob.biz/comment-faire-un-achat-immobilier-sur-la-cote-basque,2026-08-31
www.immob.biz,Comment faire une comparaison efficace de SCPI - Immo B,comparaison efficace scpi,https://www.immob.biz/comment-faire-une-comparaison-efficace-de-scpi,2026-08-31
www.immob.biz,Comment financer son achat immobilier ? - Immo B,financer son achat,https://www.immob.biz/comment-financer-son-achat-immobilier,2026-08-31
www.immob.biz,Comment financer un prêt avec banque en ligne ? - Immo B,financer prêt banque,https://www.immob.biz/comment-financer-un-pret-avec-banque-en-ligne,2026-08-31
www.immob.biz,Comment financer un projet de rénovation ? - Immo B,financer projet rénovation,https://www.immob.biz/comment-financer-un-projet-de-renovation,2026-08-31
www.immob.biz,Comment fixer un bon loyer pour limiter le turnover des locataires ? - Immo B,limiter turnover locataires,https://www.immob.biz/comment-fixer-un-bon-loyer-pour-limiter-le-turnover-des-locataires,2026-08-31
www.immob.biz,Comment fonctionne la garantie décennale obligatoire en immobilier ? - Immo B,décennale obligatoire immobilier,https://www.immob.biz/comment-fonctionne-la-garantie-decennale-obligatoire-en-immobilier,2026-08-31
www.immob.biz,Comment fonctionne la succession avec une SCPI ? - Immo B,fonctionne succession scpi,https://www.immob.biz/comment-fonctionne-la-succession-avec-une-scpi,2026-08-31
www.immob.biz,Comment fonctionne l’immobilier fractionné ? - Immo B,fonctionne immobilier fractionné,https://www.immob.biz/comment-fonctionne-limmobilier-fractionn,2026-08-31
www.immob.biz,Comment fonctionne une agence immobilière ? - Immo B,fonctionne agence immobilière,https://www.immob.biz/comment-fonctionne-une-agence-immobiliere,2026-08-31
www.immob.biz,Comment générer des revenus passifs grâce à l'immobilier ? - Immo B,générer revenus passifs,https://www.immob.biz/comment-generer-des-revenus-passifs-grace-a-limmobilier,2026-08-31
www.immob.biz,Installer des cloisons pour optimiser vos locaux professionnels,installer cloisons optimiser,https://www.immob.biz/comment-installer-des-cloisons-dans-des-locaux-professionnels,2026-08-31
www.immob.biz,Comment installer son escalier sur mesure ? - Immo B,installer son escalier,https://www.immob.biz/comment-installer-son-escalier-sur-mesure,2026-08-31
www.immob.biz,Comment installer un rideau store : guide étape par étape - Immo B,installer rideau store,https://www.immob.biz/comment-installer-un-rideau-store-guide-etape-par-etape,2026-08-31
www.immob.biz,Comment installer un spa dans son jardin ? - Immo B,spa son jardin,https://www.immob.biz/comment-installer-un-spa-dans-son-jardin,2026-08-31
www.immob.biz,Comment interpréter les résultats d'un diagnostic immobilier ? - Immo B,résultats diagnostic immobilier,https://www.immob.biz/comment-interpreter-les-resultats-dun-diagnostic-immobilier,2026-08-31
www.immob.biz,Les étapes clés pour investir sereinement aux États-Unis,étapes clés investir,https://www.immob.biz/comment-investir-aux-etats-unis,2026-08-31
www.immob.biz,Investir dans l'immobilier même avec un budget limité,investir immobilier même,https://www.immob.biz/comment-investir-dans-la-pierre-avec-un-petit-budget,2026-08-31
www.immob.biz,Comment investir dans les SCPI - Immo B,investir scpi,https://www.immob.biz/comment-investir-dans-les-scpi,2026-08-31
www.immob.biz,Comment investir dans l’immobilier ? - Immo B,investir immobilier,https://www.immob.biz/comment-investir-dans-limmobilier,2026-08-31
www.immob.biz,Investir dans l'immobilier à Tours : étapes et conseils clés,investir immobilier tours,https://www.immob.biz/comment-investir-dans-limmobilier-a-tours,2026-08-31
www.immob.biz,Comment investir dans l'immobilier avec des crypto ? - Immo B,investir immobilier crypto,https://www.immob.biz/comment-investir-dans-limmobilier-avec-des-crypto,2026-08-31
www.immob.biz,Comment investir dans l'immobilier commercial à Paris ? - Immo B,immobilier commercial paris,https://www.immob.biz/comment-investir-dans-limmobilier-commercial-a-paris,2026-08-31
www.immob.biz,Comment investir en viager ? - Immo B,investir viager,https://www.immob.biz/comment-investir-en-viager,2026-08-31
www.immob.biz,Comment isoler acoustiquement un escalier en Bois ? - Immo B,isoler acoustiquement escalier,https://www.immob.biz/comment-isoler-acoustiquement-un-escalier-en-bois,2026-08-31
www.immob.biz,Comment isoler des combles en copropriété - Immo B,isoler combles copropriété,https://www.immob.biz/comment-isoler-des-combles-en-copropriete,2026-08-31
www.immob.biz,Comment la vente en réméré peut vous aider dans votre projet immobilier ? - Immo B,vente réméré peut,https://www.immob.biz/comment-la-vente-en-remere-peut-vous-aider-dans-votre-projet-immobilier,2026-08-31
www.immob.biz,Comment lancer sa conciergerie ? - Immo B,lancer sa conciergerie,https://www.immob.biz/comment-lancer-sa-conciergerie,2026-08-31
www.immob.biz,Comment lancer un emprunt obligataire ? - Immo B,lancer emprunt obligataire,https://www.immob.biz/comment-lancer-un-emprunt-obligataire,2026-08-31
www.immob.biz,Trouver la maison idéale grâce à l'aide d'une agence immobilière,maison idéale grâce,https://www.immob.biz/comment-les-agences-immobilieres-peuvent-vous-aider-a-trouver-la-maison-de-vos-reves,2026-08-31
www.immob.biz,Comment les entreprises peuvent optimiser leur délai de livraison ? - Immo B,peuvent optimiser leur,https://www.immob.biz/comment-les-entreprises-peuvent-optimiser-leur-delai-de-livraison,2026-08-31
www.immob.biz,Comment lire un plan pour la maison ? - Immo B,lire plan maison,https://www.immob.biz/comment-lire-un-plan-pour-la-maison,2026-08-31
www.immob.biz,Comment localiser les réseaux enterrés avant la construction ? - Immo B,réseaux enterrés avant,https://www.immob.biz/comment-localiser-les-reseaux-enterres-avant-la-construction,2026-08-31
www.immob.biz,Comment louer un local commercial à Villeurbanne ? - Immo B,commercial villeurbanne,https://www.immob.biz/comment-louer-un-local-commercial-a-villeurbanne,2026-08-31
www.immob.biz,Comment l'urbanisme rennais redessine les projets de vie des familles - Immo B,urbanisme rennais redessine,https://www.immob.biz/comment-lurbanisme-rennais-redessine-les-projets-de-vie-des-familles,2026-08-31
www.immob.biz,Comment minimiser le stress lié aux travaux immobiliers - Immo B,stress lié travaux,https://www.immob.biz/comment-minimiser-le-stress-lie-aux-travaux-immobiliers,2026-08-31
www.immob.biz,Comment ne pas commettre d'erreur pour un premier investissement LMNP - Immo B,premier investissement lmnp,https://www.immob.biz/comment-ne-pas-commettre-derreur-pour-un-premier-investissement-lmnp,2026-08-31
www.immob.biz,Comment négocier les conditions de son crédit immobilier - Immo B,crédit immobilier,https://www.immob.biz/comment-negocier-les-conditions-de-son-credit-immobilier,2026-08-31
www.immob.biz,Comment obtenir le meilleur devis déménagement ? - Immo B,meilleur devis déménagement,https://www.immob.biz/comment-obtenir-le-meilleur-devis-demenagement,2026-08-31
www.immob.biz,Comment obtenir le meilleur devis travaux ? - Immo B,meilleur devis travaux,https://www.immob.biz/comment-obtenir-le-meilleur-devis-travaux,2026-08-31
www.immob.biz,Comment obtenir le meilleur taux pour son crédit immobilier ? - Immo B,obtenir meilleur taux,https://www.immob.biz/comment-obtenir-le-meilleur-taux-pour-son-credit-immobilier,2026-08-31
www.immob.biz,Comment obtenir un crédit immobilier ? - Immo B,obtenir crédit immobilier,https://www.immob.biz/comment-obtenir-un-credit-immobilier,2026-08-31
www.immob.biz,Comment obtenir un meilleur taux hypothécaire ? - Immo B,meilleur taux hypothécaire,https://www.immob.biz/comment-obtenir-un-meilleur-taux-hypothecaire,2026-08-31
www.immob.biz,Les solutions fiables pour décrocher un mini prêt urgent,solutions fiables décrocher,https://www.immob.biz/comment-obtenir-un-mini-pret-urgent,2026-08-31
www.immob.biz,Comment obtenir un permis de construire - Immo B,obtenir permis construire,https://www.immob.biz/comment-obtenir-un-permis-de-construire,2026-08-31
www.immob.biz,Comment optimiser le prix de rénovation de votre maison historique ? - Immo B,rénovation votre maison,https://www.immob.biz/comment-optimiser-le-prix-de-renovation-de-votre-maison-historique,2026-08-31
www.immob.biz,Comment optimiser sa gestion de patrimoine ? - Immo B,optimiser sa gestion,https://www.immob.biz/comment-optimiser-sa-gestion-de-patrimoine,2026-08-31
www.immob.biz,Comment optimiser son planning de chantier ? - Immo B,son planning chantier,https://www.immob.biz/comment-optimiser-son-planning-de-chantier,2026-08-31
www.immob.biz,Comment optimiser vos revenus locatifs avec le régime réel ? - Immo B,optimiser vos revenus,https://www.immob.biz/comment-optimiser-vos-revenus-locatifs-avec-le-regime-reel,2026-08-31
www.immob.biz,Comment passer d'une location nue à une location meublée ? - Immo B,nue location meublée,https://www.immob.biz/comment-passer-dune-location-nue-a-une-location-meublee,2026-08-31
www.immob.biz,Comment poser un plan de travail ? - Immo B,poser plan travail,https://www.immob.biz/comment-poser-un-plan-de-travail,2026-08-31
www.immob.biz,Comment procéder à un agrandissement de son bien immobilier - Immo B,agrandissement son immobilier,https://www.immob.biz/comment-proceder-a-un-agrandissement-de-son-bien-immobilier,2026-08-31
www.immob.biz,Comment profiter de son rachat de crédit pour renégocier son assurance emprunteur ? - Immo B,rachat crédit renégocier,https://www.immob.biz/comment-profiter-de-son-rachat-de-credit-pour-renegocier-son-assurance-emprunteur,2026-08-31
www.immob.biz,Comment puis-je louer un appartement à Paris ? - Immo B,louer appartement paris,https://www.immob.biz/comment-puis-je-louer-un-appartement-a-paris,2026-08-31
www.immob.biz,Comment réagir face à une urgence plomberie ? - Immo B,face urgence plomberie,https://www.immob.biz/comment-reagir-face-a-une-urgence-plomberie,2026-08-31
www.immob.biz,Comment réaliser la dissolution de sa SCI - Immo B,dissolution sa sci,https://www.immob.biz/comment-realiser-la-dissolution-de-sa-sci,2026-08-31
www.immob.biz,Réussir son diagnostic immobilier étape par étape,diagnostic immobilier étape,https://www.immob.biz/comment-realiser-un-diagnostic-immobilier,2026-08-31
www.immob.biz,Comment réaliser une estimation de loyer - Immo B,estimation loyer,https://www.immob.biz/comment-realiser-une-estimation-de-loyer,2026-08-31
www.immob.biz,Comment récupérer les plans d'une maison en Bretagne ? - Immo B,plans maison bretagne,https://www.immob.biz/comment-recuperer-les-plans-dune-maison-en-bretagne,2026-08-31
www.immob.biz,Comment réduire les risques liés aux SCPI d'entreprise ? - Immo B,liés scpi entreprise,https://www.immob.biz/comment-reduire-les-risques-lies-aux-scpi-dentreprise,2026-08-31
www.immob.biz,Comment rendre votre maison écologique et autonome en énergie ? - Immo B,votre maison écologique,https://www.immob.biz/comment-rendre-votre-maison-ecologique-et-autonome-en-energie,2026-08-31
www.immob.biz,Comment renforcer la sécurité de votre piscine ? - Immo B,sécurité votre piscine,https://www.immob.biz/comment-renforcer-la-securite-de-votre-piscine,2026-08-31
www.immob.biz,Comment renforcer la structure d’une bâtisse ? - Immo B,structure bâtisse,https://www.immob.biz/comment-renforcer-la-structure-dune-batisse,2026-08-31
www.immob.biz,Comment rentabiliser son investissement immobilier à Paris ? - Immo B,investissement immobilier paris,https://www.immob.biz/comment-rentabiliser-son-investissement-immobilier-a-paris,2026-08-31
www.immob.biz,Comment réparer une fuite de toiture terrasse ? - Immo B,fuite toiture terrasse,https://www.immob.biz/comment-reparer-une-fuite-de-toiture-terrasse,2026-08-31
www.immob.biz,Réglementation construction : les bonnes pratiques à adopter dès le départ,réglementation construction,https://www.immob.biz/comment-respecter-la-reglementation-en-matiere-de-construction,2026-08-31
www.immob.biz,Vendre son bien rapidement : les clés d'une transaction efficace,vendre son rapidement,https://www.immob.biz/comment-reussir-a-vendre-son-bien-rapidement,2026-08-31
www.immob.biz,Créer un cabinet médical : étapes clés pour réussir son lancement,créer cabinet médical,https://www.immob.biz/comment-reussir-la-creation-dun-cabinet-medical,2026-08-31
www.immob.biz,Comment réussir la location d'un local commercial ? - Immo B,location local commercial,https://www.immob.biz/comment-reussir-la-location-dun-local-commercial,2026-08-31
www.immob.biz,Comment réussir l’achat de sa maison - Immo B,achat sa maison,https://www.immob.biz/comment-reussir-lachat-de-sa-maison,2026-08-31
www.immob.biz,Comment réussir l'isolation de votre toiture - Immo B,isolation votre toiture,https://www.immob.biz/comment-reussir-lisolation-de-votre-toiture,2026-08-31
www.immob.biz,Comment réussir mon projet de maison ? - Immo B,mon projet maison,https://www.immob.biz/comment-reussir-mon-projet-de-maison,2026-08-31
www.immob.biz,Comment réussir son achat dans l'immobilier neuf ? - Immo B,immobilier neuf,https://www.immob.biz/comment-reussir-son-achat-dans-limmobilier-neuf,2026-08-31
www.immob.biz,Comment réussir son installation à Londres ? - Immo B,son installation londres,https://www.immob.biz/comment-reussir-son-installation-a-londres,2026-08-31
www.immob.biz,Comment réussir son projet de construction de maison familiale ? - Immo B,construction maison familiale,https://www.immob.biz/comment-reussir-son-projet-de-construction-de-maison-familiale,2026-08-31
www.immob.biz,Comment réussir votre investissement immobilier - Immo B,votre investissement immobilier,https://www.immob.biz/comment-reussir-votre-investissement-immobilier,2026-08-31
www.immob.biz,Revendre son LMNP en résidence services : méthodes et conseils pratiques,lmnp résidence services,https://www.immob.biz/comment-revendre-mon-lmnp-en-residence-services,2026-08-31
www.immob.biz,Comment s'assurer comme emprunteur tout en réalisant des économies importantes - Immo B,assurer comme emprunteur,https://www.immob.biz/comment-sassurer-comme-emprunteur-tout-en-realisant-des-economies-importantes,2026-08-31
www.immob.biz,Comment se débarrasser des chenilles processionnaires dans votre maison à Nice ? - Immo B,chenilles processionnaires votre,https://www.immob.biz/comment-se-debarrasser-des-chenilles-processionnaires-dans-votre-maison-a-nice,2026-08-31
www.immob.biz,Ce qui vous attend lors d'un déménagement avec des déménageurs,lors déménagement déménageurs,https://www.immob.biz/comment-se-deroule-un-demenagement-avec-demenageurs,2026-08-31
www.immob.biz,Comment se déroule une vente immobilière entre particuliers ? - Immo B,vente immobilière entre,https://www.immob.biz/comment-se-deroule-une-vente-immobiliere-entre-particuliers,2026-08-31
www.immob.biz,Comment se lancer dans un projet immobilier ? - Immo B,lancer projet immobilier,https://www.immob.biz/comment-se-lancer-dans-un-projet-immobilier,2026-08-31
www.immob.biz,Comment se passe la réalisation de travaux pendant une location ? - Immo B,passe réalisation travaux,https://www.immob.biz/comment-se-passe-la-realisation-de-travaux-pendant-une-location,2026-08-31
www.immob.biz,Rachat de crédit immobilier : comment ça marche?,rachat crédit immobilier,https://www.immob.biz/comment-se-passe-un-rachat-de-credit-immobilier,2026-08-31
www.immob.biz,Comment se porte le marché de l'immobilier à Toulouse ? - Immo B,marché immobilier toulouse,https://www.immob.biz/comment-se-porte-le-marche-de-limmobilier-a-toulouse,2026-08-31
www.immob.biz,Comment se protéger quand on jardine ? - Immo B,quand on jardine,https://www.immob.biz/comment-se-proteger-quand-on-jardine,2026-08-31
www.immob.biz,Comment sécuriser des bâtiments professionnels ? - Immo B,sécuriser bâtiments professionnels,https://www.immob.biz/comment-securiser-des-batiments-professionnels,2026-08-31
www.immob.biz,Comment sécuriser les loyers de votre investissement locatif ? - Immo B,loyers votre investissement,https://www.immob.biz/comment-securiser-les-loyers-de-votre-investissement-locatif,2026-08-31
www.immob.biz,Comment sécuriser les résidences collectives ? - Immo B,sécuriser résidences collectives,https://www.immob.biz/comment-securiser-les-residences-collectives,2026-08-31
www.immob.biz,Comment sécuriser simplement sa maison ? - Immo B,simplement sa maison,https://www.immob.biz/comment-securiser-simplement-sa-maison,2026-08-31
www.immob.biz,Déménagement piano : comment le transporter ?,déménagement piano,https://www.immob.biz/comment-transporter-un-piano,2026-08-31
www.immob.biz,Comment trouver des financements pour un projet immobilier ? - Immo B,financements projet immobilier,https://www.immob.biz/comment-trouver-des-financements-pour-un-projet-immobilier,2026-08-31
www.immob.biz,Comment trouver le meilleur constructeur de maisons ? - Immo B,meilleur constructeur maisons,https://www.immob.biz/comment-trouver-le-meilleur-constructeur-de-maisons,2026-08-31
www.immob.biz,Comment trouver son promoteur immobilier à Paris ? - Immo B,promoteur immobilier paris,https://www.immob.biz/comment-trouver-son-promoteur-immobilier-a-paris,2026-08-31
www.immob.biz,Trouver un appartement à Paris : astuces pour faciliter votre recherche,trouver appartement paris,https://www.immob.biz/comment-trouver-un-appartement-a-paris,2026-08-31
www.immob.biz,Comment trouver un appartement à son goût ? - Immo B,appartement son goût,https://www.immob.biz/comment-trouver-un-appartement-a-son-gout,2026-08-31
www.immob.biz,Comment trouver un bien à louer facilement ? - Immo B,trouver louer facilement,https://www.immob.biz/comment-trouver-un-bien-a-louer-facilement,2026-08-31
www.immob.biz,Comment trouver un bien immobilier en Bretagne ? - Immo B,trouver immobilier bretagne,https://www.immob.biz/comment-trouver-un-bien-immobilier-en-bretagne,2026-08-31
www.immob.biz,Réussir à dénicher un appartement 2 pièces au meilleur prix,pièces meilleur prix,https://www.immob.biz/comment-trouver-un-bon-appartement-2-pieces-a-un-bon-prix,2026-08-31
www.immob.biz,Trouver un vitrier fiable à Paris : conseils et astuces utiles,vitrier fiable paris,https://www.immob.biz/comment-trouver-un-bon-vitrier-a-paris,2026-08-31
www.immob.biz,Comment trouver un électricien compétent pour vos travaux ?,trouver électricien compétent,https://www.immob.biz/comment-trouver-un-electricien-competent-pour-vos-travaux,2026-08-31
www.immob.biz,Comment trouver un emploi sur l'immobilier? - Immo B,trouver emploi immobilier,https://www.immob.biz/comment-trouver-un-emploi-sur-limmobilier,2026-08-31
www.immob.biz,Comment trouver un local commercial pas cher ? - Immo B,commercial pas cher,https://www.immob.biz/comment-trouver-un-local-commercial-pas-cher,2026-08-31
www.immob.biz,Comment trouver un logement quand on cherche à déménager près de la mer ? - Immo B,cherche déménager près,https://www.immob.biz/comment-trouver-un-logement-quand-on-cherche-a-demenager-pres-de-la-mer,2026-08-31
www.immob.biz,Comment trouver un maître d’œuvre à Lyon ? - Immo B,maître œuvre lyon,https://www.immob.biz/comment-trouver-un-maitre-doeuvre-a-lyon,2026-08-31
www.immob.biz,Comment trouver un menuisier compétent pour vos travaux ? - Immo B,trouver menuisier compétent,https://www.immob.biz/comment-trouver-un-menuisier-competent-pour-vos-travaux,2026-08-31
www.immob.biz,Comment trouver un plombier à Paris ? - Immo B,trouver plombier paris,https://www.immob.biz/comment-trouver-un-plombier-a-paris,2026-08-31
www.immob.biz,Comment trouver un poste d'architecte d'intérieur sur Paris ? - Immo B,architecte intérieur paris,https://www.immob.biz/comment-trouver-un-poste-darchitecte-dinterieur-sur-paris,2026-08-31
www.immob.biz,Comment trouver un studio à louer à Lyon ? - Immo B,studio louer lyon,https://www.immob.biz/comment-trouver-un-studio-a-louer-a-lyon,2026-08-31
www.immob.biz,Comment trouver une bonne agence immobilière ? - Immo B,bonne agence immobilière,https://www.immob.biz/comment-trouver-une-bonne-agence-immobiliere,2026-08-31
www.immob.biz,Comment un expert en bâtiment gère-t-il un sinistre ? - Immo B,gère il sinistre,https://www.immob.biz/comment-un-expert-en-batiment-gere-t-il-un-sinistre,2026-08-31
www.immob.biz,Comment vendre sa maison en rez-de-jardin ? - Immo B,maison rez jardin,https://www.immob.biz/comment-vendre-sa-maison-en-rez-de-jardin,2026-08-31
www.immob.biz,Communes ZRR : découvrez quels territoires en bénéficient - Immo B,communes zrr,https://www.immob.biz/communes-zrr-decouvrez-quels-territoires-en-beneficient,2026-08-31
www.immob.biz,Comparateur de syndics de copropriété : Revoyez vos charges de copropriété - Immo B,comparateur syndics copropriété,https://www.immob.biz/comparateur-de-syndics-de-copropriete-revoyez-vos-charges-de-copropriete,2026-08-31
www.immob.biz,Comparatif des offres pour le prix de location d’échafaudage : trouvez la meilleure option - Immo B,prix location échafaudage,https://www.immob.biz/comparatif-des-offres-pour-le-prix-de-location-dechafaudage-trouvez-la-meilleure-option,2026-08-31
www.immob.biz,"Comprendre la scpi midcaps européennes, avantages importants pour l'investisseur - Immo B",scpi midcaps européennes,https://www.immob.biz/comprendre-la-scpi-aux-midcaps-europeennes-atouts-et-perspectives-pour-linvestisseur,2026-08-31
www.immob.biz,Comprendre l’aménagement des combles à ossature métallique - Immo B,combles ossature métallique,https://www.immob.biz/comprendre-lamenagement-des-combles-a-ossature-metallique,2026-08-31
www.immob.biz,Comprendre l'assurance logement étudiant : tout ce que vous devez savoir - Immo B,assurance logement étudiant,https://www.immob.biz/comprendre-lassurance-logement-etudiant-tout-ce-que-vous-devez-savoir,2026-08-31
www.immob.biz,Comprendre le fonctionnement d’une assurance pour résidence secondaire - Immo B,assurance résidence secondaire,https://www.immob.biz/comprendre-le-fonctionnement-dune-assurance-pour-residence-secondaire,2026-08-31
www.immob.biz,Comprendre le rôle du courtier en crédit immobilier - Immo B,courtier crédit immobilier,https://www.immob.biz/comprendre-le-role-du-courtier-en-credit-immobilier,2026-08-31
www.immob.biz,Comprendre le rôle essentiel du courtier immobilier dans votre projet - Immo B,rôle essentiel courtier,https://www.immob.biz/comprendre-le-role-essentiel-du-courtier-immobilier-dans-votre-projet,2026-08-31
www.immob.biz,Comprendre les enjeux du secteur immobilier - Immo B,enjeux secteur immobilier,https://www.immob.biz/comprendre-les-enjeux-du-secteur-immobilier,2026-08-31
www.immob.biz,Comprendre les étapes pour remplir le formulaire H2 de la Loi Pinel - Immo B,remplir formulaire h2,https://www.immob.biz/comprendre-les-etapes-pour-remplir-le-formulaire-h2-de-la-loi-pinel,2026-08-31
www.immob.biz,"Comprendre les logements HLM : définition, critères et attribution - Immo B",comprendre logements hlm,https://www.immob.biz/comprendre-les-logements-hlm-definition-criteres-et-attribution,2026-08-31
www.immob.biz,Comprendre les propriétés mécaniques de l'IPN en acier - Immo B,mécaniques ipn acier,https://www.immob.biz/comprendre-les-proprietes-mecaniques-de-lipn-en-acier,2026-08-31
www.immob.biz,Compromis et promesse de vente : quelles différences ? - Immo B,compromis promesse vente,https://www.immob.biz/compromis-et-promesse-de-vente-quelles-differences,2026-08-31
www.immob.biz,"Comptabilité LMNP : amortissements, documents et gestion simplifiée - Immo B",comptabilité lmnp,https://www.immob.biz/comptabilite-lmnp-amortissements-documents-et-gestion-simplifiee,2026-08-31
www.immob.biz,Comptoir d'accueil professionnel : pourquoi faire appel à une menuiserie ? - Immo B,comptoir accueil professionnel,https://www.immob.biz/comptoir-daccueil-professionnel-pourquoi-faire-appel-a-une-menuiserie,2026-08-31
www.immob.biz,"Conditions pour louer un box : critères, documents nécessaires et conseils pratiques - Immo B",conditions louer box,https://www.immob.biz/conditions-pour-louer-un-box-criteres-documents-necessaires-et-conseils-pratiques,2026-08-31
www.immob.biz,Confiez la recherche de votre futur logement parisien à un professionnel - Immo B,logement parisien professionnel,https://www.immob.biz/confiez-la-recherche-de-votre-futur-logement-parisien-a-un-professionnel,2026-08-31
www.immob.biz,Confiez le recrutement dans l'immobilier à un cabinet - Immo B,recrutement immobilier cabinet,https://www.immob.biz/confiez-le-recrutement-dans-limmobilier-a-un-cabinet,2026-08-31
www.immob.biz,Connaissez la valeur objective de votre bien grâce à une estimation immobilière ! - Immo B,votre grâce estimation,https://www.immob.biz/connaissez-la-valeur-objective-de-votre-bien-grace-a-une-estimation-immobiliere,2026-08-31
www.immob.biz,Connaissez-vous le statut LMNP ? - Immo B,vous statut lmnp,https://www.immob.biz/connaissez-vous-le-statut-lmnp,2026-08-31
www.immob.biz,Conseils avant de souscrire un crédit à la consommation - Immo B,conseils avant souscrire,https://www.immob.biz/conseils-avant-de-souscrire-un-credit-a-la-consommation,2026-08-31
www.immob.biz,Conseils et astuces : quels sont les critères de choix d’un mobilier urbain ? - Immo B,conseils astuces,https://www.immob.biz/conseils-et-astuces-quels-sont-les-criteres-de-choix-dun-mobilier-urbain,2026-08-31
www.immob.biz,Conseils pour bien acheter un appartement neuf à Lyon - Immo B,appartement neuf lyon,https://www.immob.biz/conseils-pour-bien-acheter-un-appartement-neuf-a-lyon,2026-08-31
www.immob.biz,Comment choisir un isolant thermique adapté à votre maison,adapté votre maison,https://www.immob.biz/conseils-pour-bien-choisir-votre-isolant-thermique,2026-08-31
www.immob.biz,Conseils pour un aménagement de cuisine pratique et fonctionnel,cuisine pratique fonctionnel,https://www.immob.biz/conseils-pour-un-amenagement-de-cuisine-pratique-et-fonctionnel,2026-08-31
www.immob.biz,Conserver son bien grâce au portage immobilier - Immo B,portage immobilier,https://www.immob.biz/conserver-son-bien-grace-au-portage-immobilier,2026-08-31
www.immob.biz,Constat huissier avant travaux : les mentions indispensables pour qu'il soit incontestable - Immo B,huissier avant travaux,https://www.immob.biz/constat-huissier-avant-travaux-les-mentions-indispensables-pour-quil-soit-incontestable,2026-08-31
www.immob.biz,Constructeur ou maître d'œuvre dans l'immobilier : comment s'y retrouver ? - Immo B,constructeur maître œuvre,https://www.immob.biz/constructeur-ou-maitre-doeuvre-dans-limmobilier-comment-sy-retrouver,2026-08-31
www.immob.biz,Construction de bâtiments industriels : les étapes - Immo B,construction bâtiments industriels,https://www.immob.biz/construction-de-batiments-industriels-les-etapes,2026-08-31
www.immob.biz,Construction de maison : comment bien choisir son assurance ? - Immo B,construction maison,https://www.immob.biz/construction-de-maison-comment-bien-choisir-son-assurance,2026-08-31
www.immob.biz,Construction d'une maison neuve à Rouen : l'importance de faire appel à un constructeur - Immo B,maison neuve rouen,https://www.immob.biz/construction-dune-maison-neuve-a-rouen-limportance-de-faire-appel-a-un-constructeur,2026-08-31
www.immob.biz,Construction traditionnelle : avantages et inconvénients - Immo B,construction traditionnelle,https://www.immob.biz/construction-traditionnelle-avantages-et-inconvenients,2026-08-31
www.immob.biz,Qui fait quoi sur un chantier lors de la construction d'une maison,fait quoi chantier,https://www.immob.biz/construire-sa-maison-qui-fait-quoi-sur-le-chantier,2026-08-31
www.immob.biz,"Construire sa maison, une étape clé qui transforme la vie",maison étape clé,https://www.immob.biz/construire-sa-maison-un-grand-changement-dans-la-vie,2026-08-31
www.immob.biz,Construire une maison : quelles sont les étapes ? - Immo B,construire maison,https://www.immob.biz/construire-une-maison-quelles-sont-les-etapes,2026-08-31
www.immob.biz,"Construire une terrasse avec des plots, c’est très simple - Immo B",terrasse plots est,https://www.immob.biz/construire-une-terrasse-avec-des-plots-cest-tres-simple,2026-08-31
www.immob.biz,Contrat d’assurance habitation : que devez-vous considérer avant de souscrire ? - Immo B,assurance habitation,https://www.immob.biz/contrat-dassurance-habitation-que-devez-vous-considerer-avant-de-souscrire,2026-08-31
www.immob.biz,Contrat location 4 mois : quel type de bail choisir ? - Immo B,contrat location mois,https://www.immob.biz/contrat-location-4-mois-quel-type-de-bail-choisir,2026-08-31
www.immob.biz,Copropriété : le syndic sur-mesure est-il la solution pour vous ? - Immo B,copropriété,https://www.immob.biz/copropriete-le-syndic-sur-mesure-est-il-la-solution-pour-vous,2026-08-31
www.immob.biz,Corse : pourquoi faire construire une maison BBC ? - Immo B,corse,https://www.immob.biz/corse-pourquoi-faire-construire-une-maison-bbc,2026-08-31
www.immob.biz,Costa Brava : l'immobilier résidentiel bat son plein - Immo B,costa brava,https://www.immob.biz/costa-brava-limmobilier-residentiel-bat-son-plein,2026-08-31
www.immob.biz,Côté Neuf : Réussir Votre Achat dans l'Immobilier Neuf,côté neuf,https://www.immob.biz/cote-neuf-le-courtier-du-neuf-reussir-son-achat-dans-limmobilier-neuf,2026-08-31
www.immob.biz,Couleurs autorisées pour bâtiments de France : normes et restrictions - Immo B,autorisées bâtiments france,https://www.immob.biz/couleurs-autorisees-pour-batiments-de-france-normes-et-restrictions,2026-08-31
www.immob.biz,Couper l'électricité avant l'état des lieux : bon plan pour votre déménagement ? - Immo B,électricité avant état,https://www.immob.biz/couper-lelectricite-avant-letat-des-lieux-bon-plan-pour-votre-demenagement,2026-08-31
www.immob.biz,Coups de cœur avec vue : Chasseur appartement terrasse Paris pour biens rares - Immo B,coups cœur vue,https://www.immob.biz/coups-de-coeur-avec-vue-chasseur-appartement-terrasse-paris-pour-biens-rares,2026-08-31
www.immob.biz,Courtier immobilier : les avantages à ne pas manquer ! - Immo B,courtier immobilier,https://www.immob.biz/courtier-immobilier-les-avantages-a-ne-pas-manquer,2026-08-31
www.immob.biz,Courtier pour un crédit : quels critères prendre en compte pour le choisir ? - Immo B,courtier crédit,https://www.immob.biz/courtier-pour-un-credit-quels-criteres-prendre-en-compte-pour-le-choisir,2026-08-31
www.immob.biz,Coût d'une obligation hypothécaire : comparer les tarifs et options - Immo B,coût obligation hypothécaire,https://www.immob.biz/cout-dune-obligation-hypothecaire-comparer-les-tarifs-et-options,2026-08-31
www.immob.biz,Coût moyen assurance habitation : quel prix en France ? - Immo B,moyen assurance habitation,https://www.immob.biz/cout-moyen-assurance-habitation-quel-prix-en-france,2026-08-31
www.immob.biz,Coût moyen du self-stockage au Royaume-Uni : tarifs et prix actuels - Immo B,stockage royaume uni,https://www.immob.biz/cout-moyen-du-self-stockage-au-royaume-uni-tarifs-et-prix-actuels,2026-08-31
www.immob.biz,Couverture de terrain de tennis : pourquoi est-ce nécessaire ? - Immo B,couverture terrain tennis,https://www.immob.biz/couverture-de-terrain-de-tennis-pourquoi-est-ce-necessaire,2026-08-31
www.immob.biz,Le plan de sortie de crise pour les entreprises dévoilé par Bercy,crise entreprises dévoilé,https://www.immob.biz/covid-un-plan-de-sortir-de-crise-entreprise-presente-par-bercy,2026-08-31
www.immob.biz,Création d'une SCI (société civile immobilière) - Immo B,société civile immobilière,https://www.immob.biz/creation-dune-sci-societe-civile-immobiliere,2026-08-31
www.immob.biz,Crédences en alu pour cuisine et salle de bain : pourquoi pas ? - Immo B,crédences alu cuisine,https://www.immob.biz/credences-en-alu-pour-cuisine-et-salle-de-bain-pourquoi-pas,2026-08-31
www.immob.biz,Crédit à la consommation : quels documents apporter ? - Immo B,crédit consommation,https://www.immob.biz/credit-a-la-consommation-quels-documents-apporter,2026-08-31
www.immob.biz,Crédit immobilier 2022 : comment être sûr d’en obtenir un auprès d’une banque ? - Immo B,crédit immobilier 2022,https://www.immob.biz/credit-immobilier-2022-comment-etre-sur-den-obtenir-un-aupres-dune-banque,2026-08-31
www.immob.biz,Crédit immobilier au meilleur taux : les banques en ligne sont-elles fiables ? - Immo B,immobilier meilleur taux,https://www.immob.biz/credit-immobilier-au-meilleur-taux-les-banques-en-ligne-sont-elles-fiables,2026-08-31
www.immob.biz,Crédit immobilier : pourquoi faire appel à un courtier ? - Immo B,crédit immobilier,https://www.immob.biz/credit-immobilier-pourquoi-faire-appel-a-un-courtier,2026-08-31
www.immob.biz,Crédit immobilier : quel salaire est retenu ? - Immo B,crédit immobilier,https://www.immob.biz/credit-immobilier-quel-salaire-est-retenu,2026-08-31
www.immob.biz,Crédit logement : Comment récupérer efficacement son crédit ? - Immo B,crédit logement,https://www.immob.biz/credit-logement-comment-recuperer-efficacement-son-credit,2026-08-31
www.immob.biz,Crédits et réduction d’impôts pour investir dans l’ancien : Ce qu’il faut savoir - Immo B,réduction impôts investir,https://www.immob.biz/credits-et-reduction-dimpots-pour-investir-dans-lancien-ce-quil-faut-savoir,2026-08-31
www.immob.biz,De nombreux avantages d'investir dans l'immobilier locatif - Immo B,nombreux avantages investir,https://www.immob.biz/de-nombreux-avantages-dinvestir-dans-limmobilier-locatif,2026-08-31
www.immob.biz,Déchets de chantier : 3 conseils pour maîtriser les coûts - Immo B,déchets chantier,https://www.immob.biz/dechets-de-chantier-3-conseils-pour-maitriser-les-couts,2026-08-31
www.immob.biz,Déclaration fiscale biens immobiliers : astuces intelligentes pour minimiser impôts - Immo B,fiscale biens immobiliers,https://www.immob.biz/declaration-fiscale-biens-immobiliers-astuces-intelligentes-pour-minimiser-impots,2026-08-31
www.immob.biz,"Declarationexpertise.fr : jardin, maison, travaux… tout y est ! - Immo B",declarationexpertise fr,https://www.immob.biz/declarationexpertise-fr-jardin-maison-travaux-tout-y-est,2026-08-31
www.immob.biz,Déclarer les revenus d'une location meublée de tourisme : tous nos conseils pratiques - Immo B,location meublée tourisme,https://www.immob.biz/declarer-les-revenus-dune-location-meublee-de-tourisme-tous-nos-conseils-pratiques,2026-08-31
www.immob.biz,Découvrez l'agence immobilière à caen pour vos projets !,agence immobilière caen,https://www.immob.biz/decouvrez-lagence-immobiliere-a-caen-pour-vos-projets,2026-08-31
www.immob.biz,Découvrez les atouts du courtier pour votre crédit immobilier - Immo B,votre crédit immobilier,https://www.immob.biz/decouvrez-les-atouts-du-courtier-pour-votre-credit-immobilier,2026-08-31
www.immob.biz,Découvrez les avantages de l'abri de terrasse coulissant - Immo B,abri terrasse coulissant,https://www.immob.biz/decouvrez-les-avantages-de-labri-de-terrasse-coulissant,2026-08-31
www.immob.biz,Découvrez les avantages de Roof - résidence étudiante à Lille - Immo B,découvrez avantages roof,https://www.immob.biz/decouvrez-les-avantages-de-roof-residence-etudiante-a-lille,2026-08-31
www.immob.biz,Pourquoi choisir une construction de maison sur mesure séduit de plus en plus,construction maison mesure,https://www.immob.biz/decouvrez-les-avantages-dune-construction-de-maison-sur-mesure,2026-08-31
www.immob.biz,Découvrez les avantages d'une construction écologique ? - Immo B,avantages construction écologique,https://www.immob.biz/decouvrez-les-avantages-dune-construction-ecologique,2026-08-31
www.immob.biz,Découvrez les avantages d’une maison domotique - Immo B,avantages maison domotique,https://www.immob.biz/decouvrez-les-avantages-dune-maison-domotique,2026-08-31
www.immob.biz,Découvrez les avantages d'une maison passive - Immo B,avantages maison passive,https://www.immob.biz/decouvrez-les-avantages-dune-maison-passive,2026-08-31
www.immob.biz,Découvrez les dernières tendances en matière de styles de cuisines,styles cuisines,https://www.immob.biz/decouvrez-les-dernieres-tendances-en-matiere-de-styles-de-cuisine,2026-08-31
www.immob.biz,Découvrez les différentes étapes d'un diagnostic immobilier - Immo B,étapes diagnostic immobilier,https://www.immob.biz/decouvrez-les-differentes-etapes-dun-diagnostic-immobilier,2026-08-31
www.immob.biz,Découvrez les joyaux cachés : maisons en bord de mer à vendre - Immo B,découvrez joyaux cachés,https://www.immob.biz/decouvrez-les-joyaux-caches-maisons-en-bord-de-mer-a-vendre,2026-08-31
www.immob.biz,Découvrez les nouveaux projets immobiliers à Lille - Immo B,projets immobiliers lille,https://www.immob.biz/decouvrez-les-nouveaux-projets-immobiliers-a-lille,2026-08-31
www.immob.biz,découvrez l'immobilier de luxe en plein cœur de bordeaux avec une agence de confiance - Immo B,bordeaux agence confiance,https://www.immob.biz/decouvrez-limmobilier-de-luxe-en-plein-cur-de-bordeaux-avec-une-agence-de-confiance,2026-08-31
www.immob.biz,Découvrez nos conseils pour investir dans l'immobilier belge - Immo B,investir immobilier belge,https://www.immob.biz/decouvrez-nos-conseils-pour-investir-dans-limmobilier-belge,2026-08-31
www.immob.biz,Les plus beaux coins pour trouver un hébergement cosy à Saint Tropez,coins trouver hébergement,https://www.immob.biz/decouvrir-les-charmes-de-la-cote-dazur-ou-trouver-votre-nid-douillet-a-saint-tropez,2026-08-31
www.immob.biz,Déduire son crédit immobilier des impôts : comment et pourquoi ? - Immo B,crédit immobilier impôts,https://www.immob.biz/deduire-son-credit-immobilier-des-impots-comment-et-pourquoi,2026-08-31
www.immob.biz,Déficit foncier : quels travaux déductibles pour optimiser vos impôts ? - Immo B,déficit foncier,https://www.immob.biz/deficit-foncier-quels-travaux-deductibles-pour-optimiser-vos-impots,2026-08-31
www.immob.biz,Défiscalisation : comment défiscaliser avec la loi Pinel en 2020 ? - Immo B,défiscalisation,https://www.immob.biz/defiscalisation-comment-defiscaliser-avec-la-loi-pinel-en-2020,2026-08-31
www.immob.biz,Défiscalisation : pour qui ? Avantages & conditions à connaître ! - Immo B,défiscalisation,https://www.immob.biz/defiscalisation-pour-qui-avantages-conditions-a-connaitre,2026-08-31
www.immob.biz,La défiscalisation immobilière en 2018: de nombreuses possibilités,défiscalisation immobilière 2018,https://www.immob.biz/defiscalisation-quel-regime-choisir-en-2018,2026-08-31
www.immob.biz,Dégât des eaux assurance : montant maximum et démarches à suivre - Immo B,dégât eaux assurance,https://www.immob.biz/degat-des-eaux-assurance-montant-maximum-et-demarches-a-suivre,2026-08-31
www.immob.biz,Délai légal pour restituer une caution : les points clés à connaître - Immo B,légal restituer caution,https://www.immob.biz/delai-legal-pour-restituer-une-caution-les-points-cles-a-connaitre,2026-08-31
www.immob.biz,Demandez conseil à une agence immobilière avant d'investir dans la pierre - Immo B,investir pierre,https://www.immob.biz/demandez-conseil-a-une-agence-immobiliere-avant-dinvestir-dans-la-pierre,2026-08-31
www.immob.biz,Déménagement : assurance de son contenu sécurisé pendant le transfert - Immo B,déménagement,https://www.immob.biz/demenagement-assurance-de-son-contenu-securise-pendant-le-transfert,2026-08-31
www.immob.biz,Déménagement : Comment choisir le bon utilitaire pour votre déménagement ? - Immo B,déménagement,https://www.immob.biz/demenagement-comment-choisir-le-bon-utilitaire-pour-votre-demenagement,2026-08-31
www.immob.biz,Déménagement : comment faire ses cartons ?,déménagement,https://www.immob.biz/demenagement-comment-faire-ses-cartons,2026-08-31
www.immob.biz,Déménagement : comment vérifier son budget efficacement ? - Immo B,déménagement,https://www.immob.biz/demenagement-comment-verifier-son-budget-efficacement,2026-08-31
www.immob.biz,Déménagement : Comparatif des différentes formules et leurs avantages et inconvénients - Immo B,déménagement,https://www.immob.biz/demenagement-comparatif-des-differentes-formules-et-leurs-avantages-et-inconvenients,2026-08-31
www.immob.biz,Déménagement : est-ce que mon contenu est assuré ? - Immo B,déménagement,https://www.immob.biz/demenagement-est-ce-que-mon-contenu-est-assure,2026-08-31
www.immob.biz,Déménagement longue distance : estimer le coût sans surprise ! - Immo B,déménagement longue distance,https://www.immob.biz/demenagement-longue-distance-estimer-le-cout-sans-surprise,2026-08-31
www.immob.biz,Déménagement : Quand commencer à faire des cartons ? Conseils efficaces - Immo B,déménagement,https://www.immob.biz/demenagement-quand-commencer-a-faire-des-cartons-conseils-efficaces,2026-08-31
www.immob.biz,Déménagement : que faut-il emporter 2 semaines avant de changer de domicile ? - Immo B,déménagement,https://www.immob.biz/demenagement-que-faut-il-emporter-2-semaines-avant-de-changer-de-domicile,2026-08-31
www.immob.biz,Déménagement : qui informer pour changer d'adresse ? - Immo B,déménagement,https://www.immob.biz/demenagement-qui-informer-pour-changer-dadresse,2026-08-31
www.immob.biz,Déménagement : Qui prévenir ? Liste des organismes essentiels à informer - Immo B,déménagement,https://www.immob.biz/demenagement-qui-prevenir-liste-des-organismes-essentiels-a-informer,2026-08-31
www.immob.biz,Déménager avec un professionnel : sérénité et efficacité garanties - Immo B,déménager professionnel,https://www.immob.biz/demenager-avec-un-professionnel-serenite-et-efficacite-garanties,2026-08-31
www.immob.biz,Déménager dans un appartement bruxellois : les erreurs logistiques qui coûtent cher - Immo B,déménager appartement bruxellois,https://www.immob.biz/demenager-dans-un-appartement-bruxellois-les-erreurs-logistiques-qui-coutent-cher,2026-08-31
www.immob.biz,Déménager moins cher : conseils pratiques et astuces économiques - Immo B,déménager moins cher,https://www.immob.biz/demenager-moins-cher-conseils-pratiques-et-astuces-economiques,2026-08-31
www.immob.biz,Déménager plus petit : conseils pratiques pour optimiser l'espace - Immo B,déménager plus petit,https://www.immob.biz/demenager-plus-petit-conseils-pratiques-pour-optimiser-lespace,2026-08-31
www.immob.biz,Déménager : quel jour de la semaine choisir pour un budget serré ? - Immo B,déménager,https://www.immob.biz/demenager-quel-jour-de-la-semaine-choisir-pour-un-budget-serre,2026-08-31
www.immob.biz,Dépannage de serrure Paris : comment s'y prendre ? - Immo B,dépannage serrure paris,https://www.immob.biz/depannage-de-serrure-paris-comment-sy-prendre,2026-08-31
www.immob.biz,Des solutions personnalisées pour intégrer le granito à vos projets,granito vos projets,https://www.immob.biz/des-chantiers-sur-mesure-pour-lusage-du-granito,2026-08-31
www.immob.biz,Des conseils pour acheter une maison au Havre - Immo B,acheter maison havre,https://www.immob.biz/des-conseils-pour-acheter-une-maison-au-havre,2026-08-31
www.immob.biz,Devenez propriétaire d'une maison de standing en Corse grâce à des experts,propriétaire maison standing,https://www.immob.biz/des-experts-vous-aident-a-devenir-proprietaire-dune-maison-de-standing-sur-lile-de-beaute,2026-08-31
www.immob.biz,Des idées simples pour réaménager son hall d'entrée - Immo B,son hall entrée,https://www.immob.biz/des-idees-simples-pour-reamenager-son-hall-dentree,2026-08-31
www.immob.biz,Developper son business dans la capitale est-il toujours pertinent? - Immo B,business capitale est,https://www.immob.biz/developper-son-business-dans-la-capitale-estil-toujours-pertinent,2026-08-31
www.immob.biz,Devenez propriétaire grâce à un programme immobilier neuf à Caen - Immo B,programme immobilier neuf,https://www.immob.biz/devenez-proprietaire-grace-a-un-programme-immobilier-neuf-a-caen,2026-08-31
www.immob.biz,Devenir propriétaire d'un bien immobilier - Immo B,devenir propriétaire immobilier,https://www.immob.biz/devenir-proprietaire-dun-bien-immobilier,2026-08-31
www.immob.biz,Devenir propriétaire : passez par le dispositif de location-accession ! - Immo B,devenir propriétaire,https://www.immob.biz/devenir-proprietaire-passez-par-le-dispositif-de-location-accession,2026-08-31
www.immob.biz,Devenir propriétaire sans apport : stratégies et conseils - Immo B,devenir propriétaire sans,https://www.immob.biz/devenir-proprietaire-sans-apport-strategies-et-conseils,2026-08-31
www.immob.biz,Diagnostic électrique avant rénovation : sécurisez votre projet - Immo B,diagnostic électrique avant,https://www.immob.biz/diagnostic-electrique-avant-renovation-securisez-votre-projet,2026-08-31
www.immob.biz,"Diagnostics immobiliers et assurance habitation, ce qui compte vraiment pour votre dossier - Immo B",diagnostics immobiliers assurance,https://www.immob.biz/diagnostics-immobiliers-et-assurance-habitation-ce-qui-compte-vraiment-pour-votre-dossier,2026-08-31
www.immob.biz,Diagnostics immobiliers : pourquoi l'année de construction compte ? - Immo B,diagnostics immobiliers,https://www.immob.biz/diagnostics-immobiliers-pourquoi-lannee-de-construction-compte,2026-08-31
www.immob.biz,Disjoncteur ou fusible : comment diagnostiquer un problème électrique domestique - Immo B,disjoncteur fusible,https://www.immob.biz/disjoncteur-ou-fusible-comment-diagnostiquer-un-probleme-electrique-domestique,2026-08-31
www.immob.biz,Dispositif LMNP : Comment fonctionne la location meublée non professionnelle ? - Immo B,dispositif lmnp,https://www.immob.biz/dispositif-lmnp-comment-fonctionne-la-location-meublee-non-professionnelle,2026-08-31
www.immob.biz,Dois-je assurer le débouchage de canalisation dans la vente d'un bien immobilier ? - Immo B,canalisation vente immobilier,https://www.immob.biz/dois-je-assurer-le-debouchage-de-canalisation-dans-la-vente-dun-bien-immobilier,2026-08-31
www.immob.biz,Dossier béton sur loc service fr : maximiser vos chances d'être choisi - Immo B,dossier béton loc,https://www.immob.biz/dossier-beton-sur-loc-service-fr-maximiser-vos-chances-detre-choisi,2026-08-31
www.immob.biz,Dossier de prêt immobilier : qui valide ? Les étapes à suivre pour l'approbation - Immo B,dossier prêt immobilier,https://www.immob.biz/dossier-de-pret-immobilier-qui-valide-les-etapes-a-suivre-pour-lapprobation,2026-08-31
www.immob.biz,Droit de propriété sur les trésors : comprendre l'article 716 du Code civil - Immo B,droit propriété trésors,https://www.immob.biz/droit-de-propriete-sur-les-tresors-comprendre-larticle-716-du-code-civil,2026-08-31
www.immob.biz,Droits des locataires : tout ce qu'il faut savoir sur les droits des locataires en France - Immo B,droits locataires,https://www.immob.biz/droits-des-locataires-tout-ce-quil-faut-savoir-sur-les-droits-des-locataires-en-france,2026-08-31
www.immob.biz,"Dubaï, le nouvel eldorado pour améliorer votre investissement immobilier - Immo B",dubaï nouvel eldorado,https://www.immob.biz/dubai-le-nouvel-eldorado-de-linvestissement-immobilier,2026-08-31
www.immob.biz,Durée maximale de défiscalisation en Pinel : les clés à connaître - Immo B,maximale défiscalisation pinel,https://www.immob.biz/duree-maximale-de-defiscalisation-en-pinel-les-cles-a-connaitre,2026-08-31
www.immob.biz,Durée minimum d'un bail de location : combien de temps pour un bail de location en France ? - Immo B,minimum bail location,https://www.immob.biz/duree-minimum-dun-bail-de-location-combien-de-temps-pour-un-bail-de-location-en-france,2026-08-31
www.immob.biz,Edifea : un grand nom de la construction romande - Immo B,edifea,https://www.immob.biz/edifea-un-grand-nom-de-la-construction-romande,2026-08-31
www.immob.biz,Eldorado Immobilier est-il vraiment efficace ? Avis honnête et analyse complète en 2025 - Immo B,eldorado immobilier est,https://www.immob.biz/eldorado-immobilier-est-il-vraiment-efficace-avis-honnete-et-analyse-complete-en-2025,2026-08-31
www.immob.biz,Emballer canapé pour déménagement : astuces faciles et pratiques - Immo B,emballer canapé déménagement,https://www.immob.biz/emballer-canape-pour-demenagement-astuces-faciles-et-pratiques,2026-08-31
www.immob.biz,Emprunt immobilier : comment obtenir le meilleur taux ? - Immo B,emprunt immobilier,https://www.immob.biz/emprunt-immobilier-comment-obtenir-le-meilleur-taux,2026-08-31
www.immob.biz,Emprunter 200 000 euros pour un achat immobilier : jusqu'où pouvez-vous aller ? - Immo B,euros achat immobilier,https://www.immob.biz/emprunter-200-000-euros-pour-un-achat-immobilier-jusquou-pouvez-vous-aller,2026-08-31
www.immob.biz,En quoi consiste le travail d'un notaire en situation d'achat et vente immobilière ?,vente immobilière,https://www.immob.biz/en-quoi-consiste-le-travail-dun-notaire-en-situation-dachat-et-vente-immobiliere,2026-08-31
www.immob.biz,En quoi les diagnostics immobiliers sont-ils importants ? - Immo B,diagnostics immobiliers sont,https://www.immob.biz/en-quoi-les-diagnostics-immobiliers-sont-ils-importants,2026-08-31
www.immob.biz,En quoi les fenêtres en bois sont-elles encore pertinentes aujourd'hui ? - Immo B,fenêtres bois sont,https://www.immob.biz/en-quoi-les-fenetres-en-bois-sont-elles-encore-pertinentes-aujourdhui,2026-08-31
www.immob.biz,En quoi peut-on transformer un container - Immo B,peut on transformer,https://www.immob.biz/en-quoi-peut-on-transformer-un-container,2026-08-31
www.immob.biz,Engager un constructeur de maison individuelle : les détails à connaître - Immo B,constructeur maison individuelle,https://www.immob.biz/engager-un-constructeur-de-maison-individuelle-les-details-a-connaitre,2026-08-31
www.immob.biz,Engager une société de nettoyage professionnelle pour débarrasser une maison à Paris - Immo B,société nettoyage professionnelle,https://www.immob.biz/engager-une-societe-de-nettoyage-professionnelle-pour-debarrasser-une-maison-a-paris,2026-08-31
www.immob.biz,Comment une plateforme cloud IoT booste l'efficacité des entreprises domotiques,plateforme cloud iot,https://www.immob.biz/entreprises-du-secteur-domotique-en-quoi-une-plateforme-cloud-iot-peut-vous-aider,2026-08-31
www.immob.biz,Entretien ballon d'eau chaude en location : responsabilités locataire/propriétaire - Immo B,entretien ballon eau,https://www.immob.biz/entretien-ballon-deau-chaude-en-location-responsabilites-locataire-proprietaire,2026-08-31
www.immob.biz,Envisager un investissement locatif à Montigny-le-Bretonneux - Immo B,locatif montigny bretonneux,https://www.immob.biz/envisager-un-investissement-locatif-a-montigny-le-bretonneux,2026-08-31
www.immob.biz,ERP : comment équiper vos escaliers ? - Immo B,erp,https://www.immob.biz/erp-comment-equiper-vos-escaliers,2026-08-31
www.immob.biz,Est-ce que votre congé est vraiment valable au regard de la Loi du 6 juillet 1989 article 15 ? - Immo B,congé est vraiment,https://www.immob.biz/est-ce-que-votre-conge-est-vraiment-valable-au-regard-de-la-loi-du-6-juillet-1989-article-15,2026-08-31
www.immob.biz,Est-il intéressant de louer en meublé son bien immobilier ? - Immo B,intéressant louer meublé,https://www.immob.biz/est-il-interessant-de-louer-en-meuble-son-bien-immobilier,2026-08-31
www.immob.biz,Estimation bien immobilier : tout savoir - Immo B,estimation immobilier,https://www.immob.biz/estimation-bien-immobilier-tout-savoir,2026-08-31
www.immob.biz,Estimation loyer Lyon Prix terhexagone-immo.fr : décryptez le vrai prix au m2 quartier par quartier - Immo B,lyon prix terhexagone,https://www.immob.biz/estimation-loyer-lyon-prix-terhexagone-immo-fr-decryptez-le-vrai-prix-au-m2-quartier-par-quartier,2026-08-31
www.immob.biz,Estimer et vendre sa maison sur internet - Immo B,sa maison internet,https://www.immob.biz/estimer-et-vendre-sa-maison-sur-internet,2026-08-31
www.immob.biz,Estimer son bien immobilier : les grandes lignes à connaître ! - Immo B,estimer son immobilier,https://www.immob.biz/estimer-son-bien-immobilier-les-grandes-lignes-a-connaitre,2026-08-31
www.immob.biz,Et si vous achetiez un appartement neuf à Annecy ? - Immo B,appartement neuf annecy,https://www.immob.biz/et-si-vous-achetiez-un-appartement-neuf-a-annecy,2026-08-31
www.immob.biz,Et si vous faisiez construire votre maison en Nouvelle-Aquitaine ? - Immo B,maison nouvelle aquitaine,https://www.immob.biz/et-si-vous-faisiez-construire-votre-maison-en-nouvelle-aquitaine,2026-08-31
www.immob.biz,État des lieux de location : les erreurs à ne pas commettre - Immo B,état lieux location,https://www.immob.biz/etat-des-lieux-de-location-les-erreurs-a-ne-pas-commettre,2026-08-31
www.immob.biz,Étude de sol G1 : l'essentiel pour votre projet immobilier,étude sol g1,https://www.immob.biz/etude-de-sol-g1-lessentiel-pour-votre-projet-immobilier,2026-08-31
www.immob.biz,Évaluation immobiliere bricosuccess-immo.fr : la checklist à suivre avant de valider le prix de vente - Immo B,évaluation immobiliere bricosuccess,https://www.immob.biz/evaluation-immobiliere-bricosuccess-immo-fr-la-checklist-a-suivre-avant-de-valider-le-prix-de-vente,2026-08-31
www.immob.biz,Éviter la plus-value sur une maison secondaire : astuces à connaître - Immo B,value maison secondaire,https://www.immob.biz/eviter-la-plus-value-sur-une-maison-secondaire-astuces-a-connaitre,2026-08-31
www.immob.biz,Éviter la taxe foncière : conditions à respecter pour ne pas payer - Immo B,éviter taxe foncière,https://www.immob.biz/eviter-la-taxe-fonciere-conditions-a-respecter-pour-ne-pas-payer,2026-08-31
www.immob.biz,Éviter les frais de sortie de prêt immobilier : astuces et conseils pour économiser - Immo B,sortie prêt immobilier,https://www.immob.biz/eviter-les-frais-de-sortie-de-pret-immobilier-astuces-et-conseils-pour-economiser,2026-08-31
www.immob.biz,"Loyers impayés, nos conseils pratiques pour sécuriser vos locations - Immo B",pratiques sécuriser vos,https://www.immob.biz/eviter-les-loyers-impayes-conseils-pratiques-pour-les-proprietaires,2026-08-31
www.immob.biz,"Exonération taxe habitation résidence secondaire : foyer concerné, démarches - Immo B",taxe habitation résidence,https://www.immob.biz/exoneration-taxe-habitation-residence-secondaire-foyer-concerne-demarches,2026-08-31
www.immob.biz,"Exposition est, nord, sud, ouest : comment choisir l'orientation - Immo B",exposition est nord,https://www.immob.biz/exposition-est-nord-sud-ouest-comment-choisir-lorientation,2026-08-31
www.immob.biz,Extension de maison : prix et techniques - Immo B,extension maison,https://www.immob.biz/extension-de-maison-prix-et-techniques,2026-08-31
www.immob.biz,Faire appel à un courtier pour un prêt immobilier - Immo B,courtier prêt immobilier,https://www.immob.biz/faire-appel-a-un-courtier-pour-un-pret-immobilier,2026-08-31
www.immob.biz,Faire appel à un détective privé - Immo B,faire appel détective,https://www.immob.biz/faire-appel-a-un-detective-prive,2026-08-31
www.immob.biz,Faire appel à un huissier à Bordeaux pour le constat de livraison de votre VEFA - Immo B,appel huissier bordeaux,https://www.immob.biz/faire-appel-a-un-huissier-a-bordeaux-pour-le-constat-de-livraison-de-votre-vefa,2026-08-31
www.immob.biz,Les avantages de passer par un mandataire immobilier pour vos projets,avantages passer mandataire,https://www.immob.biz/faire-appel-a-un-mandataire-immobilier,2026-08-31
www.immob.biz,Pourquoi choisir une agence immobilière à Saint-Prix pour votre projet,prix votre projet,https://www.immob.biz/faire-appel-a-une-agence-immobiliere-a-saint-prix-des-avantages-a-la-cle,2026-08-31
www.immob.biz,"L'architecte, votre allié incontournable pour vos projets à Lyon",vos projets lyon,https://www.immob.biz/faire-appel-aux-services-dun-architecte-a-lyon-un-atout-pour-la-reussite-de-vos-projets,2026-08-31
www.immob.biz,Faire construire : le reve d'une vie - Immo B,faire construire,https://www.immob.biz/faire-construire-le-reve-dune-vie,2026-08-31
www.immob.biz,"Construire sa maison soi-même, une aventure accessible",construire sa maison,https://www.immob.biz/faire-construire-sa-propre-maison,2026-08-31
www.immob.biz,Le vrai prix de la gestion locative pour votre bien immobilier,locative votre immobilier,https://www.immob.biz/faire-gerer-son-bien-immobilier-combien-ca-coute,2026-08-31
www.immob.biz,Faire poser une fenêtre de toit Velux par un professionnel pour gagner de la lumière - Immo B,professionnel gagner lumière,https://www.immob.biz/faire-poser-une-fenetre-de-toit-velux-par-un-professionnel-pour-gagner-de-la-lumiere,2026-08-31
www.immob.biz,Faire ses déclarations quand on est professionnel - Immo B,faire ses déclarations,https://www.immob.biz/faire-ses-declarations-quand-on-est-professionnel,2026-08-31
www.immob.biz,Faites appel à des couvreurs expérimentés pour rénover votre toiture - Immo B,expérimentés rénover votre,https://www.immob.biz/faites-appel-a-des-couvreurs-experimentes-pour-renover-votre-toiture,2026-08-31
www.immob.biz,Faites appel à des couvreurs pour vos travaux de couverture et d'isolation - Immo B,travaux couverture isolation,https://www.immob.biz/faites-appel-a-des-couvreurs-pour-vos-travaux-de-couverture-et-disolation,2026-08-31
www.immob.biz,Confiez la rénovation de votre toiture et de votre isolation à des experts,rénovation votre toiture,https://www.immob.biz/faites-appel-a-des-experts-pour-renover-votre-toiture-et-votre-isolation,2026-08-31
www.immob.biz,Faites appel à un plombier chauffagiste pour votre installation - Immo B,chauffagiste votre installation,https://www.immob.biz/faites-appel-a-un-plombier-chauffagiste-pour-votre-installation,2026-08-31
www.immob.biz,Faites appel au spécialiste des structures métalliques - Immo B,spécialiste structures métalliques,https://www.immob.biz/faites-appel-au-specialiste-des-structures-metalliques,2026-08-31
www.immob.biz,Faites confiance à un constructeur pour faire naître votre projet immobilier - Immo B,faites confiance constructeur,https://www.immob.biz/faites-confiance-a-un-constructeur-pour-faire-naitre-votre-projet-immobilier,2026-08-31
www.immob.biz,"Faites de votre nouvelle habitation, un logement qui vous ressemble - Immo B",nouvelle habitation logement,https://www.immob.biz/faites-de-votre-nouvelle-habitation-un-logement-qui-vous-ressemble,2026-08-31
www.immob.biz,Faut-il acheter ou louer ses locaux d’entreprise ? - Immo B,faut il acheter,https://www.immob.biz/faut-il-acheter-ou-louer-ses-locaux-dentreprise,2026-08-31
www.immob.biz,Faut-il acheter une maison de pêcheur à vendre pour en faire une résidence principale ? - Immo B,maison pêcheur vendre,https://www.immob.biz/faut-il-acheter-une-maison-de-pecheur-a-vendre-pour-en-faire-une-residence-principale,2026-08-31
www.immob.biz,Faut-il acheter-vendre entre particuliers ou avec une agence - Immo B,entre particuliers agence,https://www.immob.biz/faut-il-acheter-vendre-entre-particuliers-ou-avec-une-agence,2026-08-31
www.immob.biz,Faut-il élargir la largeur d'une place de parking pour les véhicules électriques ? - Immo B,parking véhicules électriques,https://www.immob.biz/faut-il-elargir-la-largeur-dune-place-de-parking-pour-les-vehicules-electriques,2026-08-31
www.immob.biz,Faut-il faire confiance à HabitatFuturVert.fr pour son DPE en 2026 ? - Immo B,il faire confiance,https://www.immob.biz/faut-il-faire-confiance-a-habitatfuturvert-fr-pour-son-dpe-en-2026,2026-08-31
www.immob.biz,Faut-il faire les travaux avant d'emménager ou après ?,travaux avant emménager,https://www.immob.biz/faut-il-faire-les-travaux-avant-demmenager-ou-apres,2026-08-31
www.immob.biz,Faut-il louer ou acheter ses bureaux d’entreprise ? - Immo B,faut il louer,https://www.immob.biz/faut-il-louer-ou-acheter-ses-bureaux-dentreprise,2026-08-31
www.immob.biz,Louer ou acheter un bien immobilier : comment faire le bon choix ?,louer acheter immobilier,https://www.immob.biz/faut-il-louer-ou-acheter-un-bien-immobilier,2026-08-31
www.immob.biz,Faut-il passer par immobilier-coteaux .com pour un premier investissement ? - Immo B,passer immobilier coteaux,https://www.immob.biz/faut-il-passer-par-immobilier-coteaux-com-pour-un-premier-investissement,2026-08-31
www.immob.biz,Faut-il privilégier la vente Mobil home occasion dans camping ouvert à l'année chez un pro ou un particulier ? - Immo B,privilégier vente mobil,https://www.immob.biz/faut-il-privilegier-la-vente-mobil-home-occasion-dans-camping-ouvert-a-lannee-chez-un-pro-ou-un-particulier,2026-08-31
www.immob.biz,Faut-il une lettre de motivation pour appartement quand on a un garant solide ? - Immo B,il lettre motivation,https://www.immob.biz/faut-il-une-lettre-de-motivation-pour-appartement-quand-on-a-un-garant-solide,2026-08-31
www.immob.biz,Fiscalité des cuisines d'été : sont-elles soumises à imposition ? - Immo B,fiscalité cuisines été,https://www.immob.biz/fiscalite-des-cuisines-dete-sont-elles-soumises-a-imposition,2026-08-31
www.immob.biz,Flexibilité et rotation élevée : le nouveau modèle de location urbaine - Immo B,flexibilité rotation élevée,https://www.immob.biz/flexibilite-et-rotation-elevee-le-nouveau-modele-de-location-urbaine,2026-08-31
www.immob.biz,Fonction du propriétaire immobilier : rôles et missions à connaître - Immo B,fonction propriétaire immobilier,https://www.immob.biz/fonction-du-proprietaire-immobilier-roles-et-missions-a-connaitre,2026-08-31
www.immob.biz,Formation en investissement immobilier : améliorez vos compétences,formation investissement immobilier,https://www.immob.biz/formation-en-investissement-immobilier-les-competences-a-acquerir,2026-08-31
www.immob.biz,Frais d'expertise : Qui doit les payer ? Règles et obligations en France - Immo B,frais expertise,https://www.immob.biz/frais-dexpertise-qui-doit-les-payer-regles-et-obligations-en-france,2026-08-31
www.immob.biz,Frais d'hypothèque : quand les récupère-t-on ? Toutes les infos - Immo B,frais hypothèque,https://www.immob.biz/frais-dhypotheque-quand-les-recupere-t-on-toutes-les-infos,2026-08-31
www.immob.biz,Frais d'hypothèque : qui doit les payer ? Responsabilités et partages - Immo B,frais hypothèque,https://www.immob.biz/frais-dhypotheque-qui-doit-les-payer-responsabilites-et-partages,2026-08-31
www.immob.biz,Fuite d'eau à Bruxelles : quand faire appel à un plombier ?,fuite eau bruxelles,https://www.immob.biz/fuite-deau-a-bruxelles-quand-faire-appel-a-un-plombier,2026-08-31
www.immob.biz,Garantie décennale : quand et comment s'applique-t-elle ? - Immo B,garantie décennale,https://www.immob.biz/garantie-decennale-quand-et-comment-sapplique-t-elle,2026-08-31
www.immob.biz,Garantie locative : qui doit la constituer ? - Immo B,garantie locative,https://www.immob.biz/garantie-locative-qui-doit-la-constituer,2026-08-31
www.immob.biz,Garantie loyer : comment choisir la meilleure option pour sécuriser son logement ? - Immo B,garantie loyer,https://www.immob.biz/garantie-loyer-comment-choisir-la-meilleure-option-pour-securiser-son-logement,2026-08-31
www.immob.biz,Garanties obligatoires : ce qu'il faut savoir pour une protection optimale - Immo B,garanties obligatoires,https://www.immob.biz/garanties-obligatoires-ce-quil-faut-savoir-pour-une-protection-optimale,2026-08-31
www.immob.biz,Pourquoi miser sur un garde-corps en kit ?,pourquoi miser garde,https://www.immob.biz/garde-corps-en-kit-loption-ideale-pour-une-installation-rapide-et-efficace,2026-08-31
www.immob.biz,Gestion immobilière à distance : préserver et valoriser sa résidence secondaire sur la riviera - Immo B,gestion immobilière distance,https://www.immob.biz/gestion-immobiliere-a-distance-preserver-et-valoriser-sa-residence-secondaire-sur-la-riviera,2026-08-31
www.immob.biz,Gestion locative : que comprend-elle ? - Immo B,gestion locative,https://www.immob.biz/gestion-locative-que-comprend-elle,2026-08-31
www.immob.biz,Gros plans sur les avantages des petites annonces - Immo B,avantages petites annonces,https://www.immob.biz/gros-plans-sur-les-avantages-des-petites-annonces,2026-08-31
www.immob.biz,Guide de la construction de maisons dans la région PACA - Immo B,construction maisons région,https://www.immob.biz/guide-de-la-construction-de-maisons-dans-la-region-paca,2026-08-31
www.immob.biz,Guide MyFoncia com mes documents pour locataires : tout télécharger sans stress - Immo B,mes documents locataires,https://www.immob.biz/guide-myfoncia-com-mes-documents-pour-locataires-tout-telecharger-sans-stress,2026-08-31
www.immob.biz,Guide pour choisir le bon carrelage pour votre sol extérieur - Immo B,bon carrelage votre,https://www.immob.biz/guide-pour-choisir-le-bon-carrelage-pour-votre-sol-exterieur,2026-08-31
www.immob.biz,Guide pour choisir une assurance habitation adaptée aux étudiants et jeunes travailleurs - Immo B,assurance habitation,https://www.immob.biz/guide-pour-choisir-une-assurance-habitation-adaptee-aux-etudiants-et-jeunes-travailleurs,2026-08-31
www.immob.biz,A savoir sur le montant et la restitution de la garantie locative en Belgique,savoir montant restitution,https://www.immob.biz/guide-pratique-du-fonctionnement-de-la-garantie-locative-en-belgique,2026-08-31
www.immob.biz,Bien doser son béton en seau pour réussir un ancrage solide,béton seau réussir,https://www.immob.biz/guide-pratique-pour-un-dosage-optimal-du-beton-en-seau-pour-ancrage,2026-08-31
www.immob.biz,Habiller un mur moche avec des panneaux muraux - Immo B,mur moche panneaux,https://www.immob.biz/habiller-un-mur-moche-avec-des-panneaux-muraux,2026-08-31
www.immob.biz,Habitat léger permanent : vivre autrement et économiser - Immo B,habitat léger permanent,https://www.immob.biz/habitat-leger-permanent-vivre-autrement-et-economiser,2026-08-31
www.immob.biz,Habitatparticipatif.net pour les collectivités : un outil clé pour vos projets - Immo B,habitatparticipatif net collectivités,https://www.immob.biz/habitatparticipatif-net-pour-les-collectivites-un-outil-cle-pour-vos-projets,2026-08-31
www.immob.biz,Halpade CLUSES : comment signaler un problème dans votre logement ou votre immeuble ? - Immo B,halpade cluses,https://www.immob.biz/halpade-cluses-comment-signaler-un-probleme-dans-votre-logement-ou-votre-immeuble,2026-08-31
www.immob.biz,IAD intranet : connexion au compte - Immo B,iad intranet,https://www.immob.biz/iad-intranet-connexion-au-compte,2026-08-31
www.immob.biz,Idées de Déco pour décorer votre intérieur ! - Immo B,décorer votre intérieur,https://www.immob.biz/idees-de-deco-pour-decorer-votre-interieur,2026-08-31
www.immob.biz,Idées de placement pendant la crise du COVID,crise covid,https://www.immob.biz/idees-de-placement-pendant-la-crise-du-covid,2026-08-31
www.immob.biz,Ile Verte Grenoble attire-t-elle vraiment les familles et les cadres ? - Immo B,attire elle vraiment,https://www.immob.biz/ile-verte-grenoble-attire-t-elle-vraiment-les-familles-et-les-cadres,2026-08-31
www.immob.biz,Immobilier : 4 raisons d'investir dans une ville étudiante - Immo B,immobilier,https://www.immob.biz/immobilier-4-raisons-dinvestir-dans-une-ville-etudiante,2026-08-31
www.immob.biz,Immobilier à Bordeaux : le grand boom des prix dans l'ancien en 2020 - Immo B,immobilier bordeaux,https://www.immob.biz/immobilier-a-bordeaux-le-grand-boom-des-prix-dans-lancien-en-2020,2026-08-31
www.immob.biz,"Immobilier : acheter ou construire sa maison, que choisir ? - Immo B",immobilier,https://www.immob.biz/immobilier-acheter-ou-construire-sa-maison-que-choisir,2026-08-31
www.immob.biz,Immobilier : comment bien communiquer ? - Immo B,immobilier,https://www.immob.biz/immobilier-comment-bien-communiquer,2026-08-31
www.immob.biz,Immobilier de luxe : quels sont les avantages ? - Immo B,immobilier luxe,https://www.immob.biz/immobilier-de-luxe-quels-sont-les-avantages,2026-08-31
www.immob.biz,Immobilier d’entreprise : la location en tête du marché en 2021 - Immo B,immobilier entreprise,https://www.immob.biz/immobilier-dentreprise-la-location-en-tete-du-marche-en-2021-2,2026-08-31
www.immob.biz,Immobilier d'officines : pourquoi faire appel à une agence spécialisée en transactions pharmaceutiques ? - Immo B,immobilier officines,https://www.immob.biz/immobilier-dofficines-pourquoi-faire-appel-a-une-agence-specialisee-en-transactions-pharmaceutiques,2026-08-31
www.immob.biz,Immobilier et avis Maisons Laffitte : est-ce encore le bon moment pour acheter ? - Immo B,immobilier avis maisons,https://www.immob.biz/immobilier-et-avis-maisons-laffitte-est-ce-encore-le-bon-moment-pour-acheter,2026-08-31
www.immob.biz,Immobilier : faut-il investir seul ? - Immo B,immobilier,https://www.immob.biz/immobilier-faut-il-investir-seul,2026-08-31
www.immob.biz,Immobilier interactif : mode d’emploi - Immo B,immobilier interactif,https://www.immob.biz/immobilier-interactif-mode-demploi,2026-08-31
www.immob.biz,Immobilier : le boom de la visite virtuelle - Immo B,immobilier,https://www.immob.biz/immobilier-le-boom-de-la-visite-virtuelle,2026-08-31
www.immob.biz,Immobilier : les raisons d’opter pour une maison clé sur porte - Immo B,immobilier,https://www.immob.biz/immobilier-les-raisons-dopter-pour-une-maison-cle-sur-porte,2026-08-31
www.immob.biz,Immobilier : mieux connaître le profil des acquéreurs - Immo B,immobilier,https://www.immob.biz/immobilier-mieux-connaitre-le-profil-des-acquereurs,2026-08-31
www.immob.biz,Immobilier neuf en Corse : pourquoi est-ce le moment d'investir ? - Immo B,immobilier neuf corse,https://www.immob.biz/immobilier-neuf-en-corse-pourquoi-est-ce-le-moment-dinvestir,2026-08-31
www.immob.biz,Les bonnes raisons de choisir un prêteur privé en immobilier,choisir prêteur privé,https://www.immob.biz/immobilier-pourquoi-passer-par-un-preteur-prive,2026-08-31
www.immob.biz,Immobserver : l'outil sous-estimé pour analyser la concurrence agence par agence - Immo B,immobserver,https://www.immob.biz/immobserver-loutil-sous-estime-pour-analyser-la-concurrence-agence-par-agence,2026-08-31
www.immob.biz,Impôt sur la vente de maison en France : vos obligations fiscales expliquées - Immo B,vente maison france,https://www.immob.biz/impot-sur-la-vente-de-maison-en-france-vos-obligations-fiscales-expliquees,2026-08-31
www.immob.biz,Impôt sur les loyers d'un logement meublé : tout savoir sur la fiscalité - Immo B,loyers logement meublé,https://www.immob.biz/impot-sur-les-loyers-dun-logement-meuble-tout-savoir-sur-la-fiscalite,2026-08-31
www.immob.biz,Impôt sur les revenus locatifs saisonniers : quelles règles fiscales en France ? - Immo B,revenus locatifs saisonniers,https://www.immob.biz/impot-sur-les-revenus-locatifs-saisonniers-quelles-regles-fiscales-en-france,2026-08-31
www.immob.biz,Impôts et construction de terrasse en 2024 : quelles obligations ? - Immo B,construction terrasse 2024,https://www.immob.biz/impots-et-construction-de-terrasse-en-2024-quelles-obligations,2026-08-31
www.immob.biz,"In li et moi pour gérer son bail, ses loyers et ses demandes en ligne - Immo B",ses demandes ligne,https://www.immob.biz/in-li-et-moi-pour-gerer-son-bail-ses-loyers-et-ses-demandes-en-ligne,2026-08-31
www.immob.biz,Indemnisation dégât des eaux : comment ça se passe et démarches à suivre - Immo B,indemnisation dégât eaux,https://www.immob.biz/indemnisation-degat-des-eaux-comment-ca-se-passe-et-demarches-a-suivre,2026-08-31
www.immob.biz,Stockage des produits dangereux en industrie : les pratiques à privilégier,produits dangereux industrie,https://www.immob.biz/industrie-et-securite-les-bonnes-pratiques-pour-stocker-les-produits-dangereux,2026-08-31
www.immob.biz,Inscription LMNP : les étapes essentielles à suivre pour démarrer en toute légalité - Immo B,inscription lmnp,https://www.immob.biz/inscription-lmnp-les-etapes-essentielles-a-suivre-pour-demarrer-en-toute-legalite,2026-08-31
www.immob.biz,Investir à Marseille : un projet rentable pour chaque investisseur.,investir marseille,https://www.immob.biz/investir-a-marseille-laissez-vous-accompagner-pour-le-projet,2026-08-31
www.immob.biz,Réussir son investissement immobilier à marseille en toute confiance,investissement immobilier marseille,https://www.immob.biz/investir-a-marseille-le-guide-essentiel-pour-reussir,2026-08-31
www.immob.biz,Investir avec Killahejlaszo Housing Ltd en 2026 : opportunité ou mirage ? - Immo B,investir killahejlaszo housing,https://www.immob.biz/investir-avec-killahejlaszo-housing-ltd-en-2026-opportunite-ou-mirage,2026-08-31
www.immob.biz,Investir dans le neuf : pourquoi et comment ? - Immo B,investir neuf,https://www.immob.biz/investir-dans-le-neuf-pourquoi-et-comment,2026-08-31
www.immob.biz,Investir dans l'immobilier en 2025 : les clés pour s'adapter à un marché en mutation - Immo B,investir immobilier 2025,https://www.immob.biz/investir-dans-limmobilier-en-2025-les-cles-pour-sadapter-a-un-marche-en-mutation,2026-08-31
www.immob.biz,Investir dans l'immobilier haut de gamme a Courchevel - Immo B,investir immobilier haut,https://www.immob.biz/investir-dans-limmobilier-haut-de-gamme-a-courchevel,2026-08-31
www.immob.biz,Investir dans l'immobilier locatif quand on manque de temps pour tout gérer - Immo B,investir immobilier locatif,https://www.immob.biz/investir-dans-limmobilier-locatif-quand-on-manque-de-temps-pour-tout-gerer,2026-08-31
www.immob.biz,Investir dans l'immobilier locatif : se faire accompagner par des experts - Immo B,investir immobilier locatif,https://www.immob.biz/investir-dans-limmobilier-locatif-se-faire-accompagner-par-des-experts,2026-08-31
www.immob.biz,Investir dans l'immobilier neuf en Corse attire de plus en plus,investir immobilier neuf,https://www.immob.biz/investir-dans-limmobilier-neuf-en-corse-les-avantages-et-les-opportunites,2026-08-31
www.immob.biz,Investir dans l'immobilier neuf : quels avantages ? - Immo B,investir immobilier neuf,https://www.immob.biz/investir-dans-limmobilier-neuf-quels-avantages,2026-08-31
www.immob.biz,Investir dans l'immobilier : nos conseils - Immo B,investir immobilier,https://www.immob.biz/investir-dans-limmobilier-nos-conseils,2026-08-31
www.immob.biz,Pourquoi l'île Maurice séduit les investisseurs immobiliers en 2024,investisseurs immobiliers 2024,https://www.immob.biz/investir-dans-limmobilier-pourquoi-lile-maurice-est-une-destination-prisee,2026-08-31
www.immob.biz,Investir dans l'immobilier : quelle zone à Versailles choisir ? - Immo B,investir immobilier,https://www.immob.biz/investir-dans-limmobilier-quelle-zone-a-versailles-choisir,2026-08-31
www.immob.biz,Investir dans l'immobilier via la bourse en 2021 - Immo B,investir immobilier via,https://www.immob.biz/investir-dans-limmobilier-via-la-bourse-en-2021,2026-08-31
www.immob.biz,Investir dans LMNP ancien ou LMNP neuf ? - Immo B,investir lmnp ancien,https://www.immob.biz/investir-dans-lmnp-ancien-ou-lmnp-neuf,2026-08-31
www.immob.biz,Investir en Belgique : bonne ou mauvaise idée ?,investir belgique,https://www.immob.biz/investir-en-belgique-bonne-ou-mauvaise-idee,2026-08-31
www.immob.biz,"Investir en Floride : immobilier, avantages et types de propriétés... - Immo B",investir floride,https://www.immob.biz/investir-en-floride-immobilier-avantages-et-types-de-proprietes,2026-08-31
www.immob.biz,Investir en loi Malraux : comment selectionner son bien ? - Immo B,investir loi malraux,https://www.immob.biz/investir-en-loi-malraux-comment-selectionner-son-bien,2026-08-31
www.immob.biz,Investir en Pinel : où ne pas placer son argent pour minimiser les risques ? - Immo B,investir pinel,https://www.immob.biz/investir-en-pinel-ou-ne-pas-placer-son-argent-pour-minimiser-les-risques,2026-08-31
www.immob.biz,Investir en Thaïlande maison à vendre : bonne idée en 2026 ? - Immo B,investir thaïlande maison,https://www.immob.biz/investir-en-thailande-maison-a-vendre-bonne-idee-en-2026,2026-08-31
www.immob.biz,Investissement immobilier à Barcelone: comment s’y prendre? - Immo B,investissement immobilier barcelone,https://www.immob.biz/investissement-immobilier-a-barcelone-comment-sy-prendre,2026-08-31
www.immob.biz,Investissement immobilier à Fréjus : meilleurs quartiers pour 2023 - Immo B,investissement immobilier fréjus,https://www.immob.biz/investissement-immobilier-a-frejus-meilleurs-quartiers-pour-2023,2026-08-31
www.immob.biz,Investissement immobilier à Viré Normandie : faites-vous accompagner.,immobilier viré normandie,https://www.immob.biz/investissement-immobilier-a-vire-normandie-pourquoi-vous-tourner-vers-un-promoteur,2026-08-31
www.immob.biz,Trouver rapidement le bien immobilier neuf qui vous correspond,rapidement immobilier neuf,https://www.immob.biz/investissement-immobilier-dans-le-neuf-comment-trouver-rapidement-le-bien-ideal,2026-08-31
www.immob.biz,Investissement immobilier : faut-il privilégier un bien ancien ? - Immo B,investissement immobilier,https://www.immob.biz/investissement-immobilier-faut-il-privilegier-un-bien-ancien-2,2026-08-31
www.immob.biz,Location meublée : les vrais atouts pour réussir son investissement immobilier,location meublée,https://www.immob.biz/investissement-immobilier-locatif-pourquoi-choisir-une-location-meublee,2026-08-31
www.immob.biz,Investissement immobilier : maison neuve ou appartement de standing ? - Immo B,investissement immobilier,https://www.immob.biz/investissement-immobilier-maison-neuve-ou-appartement-de-standing,2026-08-31
www.immob.biz,Investissement immobilier : mettez toutes les chances de votre côté - Immo B,investissement immobilier,https://www.immob.biz/investissement-immobilier-mettez-toutes-les-chances-de-votre-cote,2026-08-31
www.immob.biz,Investissement immobilier Pinel : opportunité ou piège ? - Immo B,investissement immobilier pinel,https://www.immob.biz/investissement-immobilier-pinel-opportunite-ou-piege,2026-08-31
www.immob.biz,Investissement immobilier : top villes près d'Orléans où investir - Immo B,investissement immobilier,https://www.immob.biz/investissement-immobilier-top-villes-pres-dorleans-ou-investir,2026-08-31
www.immob.biz,Investissement locatif : comment accélérer la mise en location ? - Immo B,investissement locatif,https://www.immob.biz/investissement-locatif-comment-accelerer-la-mise-en-location,2026-08-31
www.immob.biz,"Investissement locatif à Toulouse, les bonnes raisons de s'y intéresser",investissement locatif toulouse,https://www.immob.biz/investissement-locatif-pourquoi-envisager-toulouse,2026-08-31
www.immob.biz,Investissement locatif : zoom sur les immeubles de rapport - Immo B,investissement locatif,https://www.immob.biz/investissement-locatif-zoom-sur-les-immeubles-de-rapport,2026-08-31
www.immob.biz,Isolation de toiture par l’intérieur ou l’extérieur : que choisir pour votre maison à Dijon ? - Immo B,isolation toiture intérieur,https://www.immob.biz/isolation-de-toiture-par-linterieur-ou-lexterieur-que-choisir-pour-votre-maison-a-dijon,2026-08-31
www.immob.biz,Isolation des combles : comment ça fonctionne - Immo B,isolation combles,https://www.immob.biz/isolation-des-combles-comment-ca-fonctionne,2026-08-31
www.immob.biz,Isolation du plafond du garage : comparatif des meilleures solutions thermiques - Immo B,isolation plafond garage,https://www.immob.biz/isolation-du-plafond-du-garage-comparatif-des-meilleures-solutions-thermiques,2026-08-31
www.immob.biz,Isolation extérieure : améliorez le confort de votre maison en toutes saisons - Immo B,isolation extérieure,https://www.immob.biz/isolation-exterieure-ameliorez-le-confort-de-votre-maison-en-toutes-saisons,2026-08-31
www.immob.biz,Isolation extérieure de vos murs : quels sont les avantages ? - Immo B,isolation extérieure vos,https://www.immob.biz/isolation-exterieure-de-vos-murs-quels-sont-les-avantages,2026-08-31
www.immob.biz,"Isolation thermique, pourquoi contacter le service client de votre fournisseur d’énergie ? - Immo B",thermique pourquoi contacter,https://www.immob.biz/isolation-thermique-pourquoi-contacter-le-service-client-de-votre-fournisseur-denergie,2026-08-31
www.immob.biz,Isolez vos combles à moindre coût pour gagner en confort - Immo B,isolez vos combles,https://www.immob.biz/isolez-vos-combles-a-moindre-cout-pour-gagner-en-confort,2026-08-31
www.immob.biz,Itea propriétaires : les réglages indispensables avant d'ouvrir aux réservations - Immo B,itea propriétaires,https://www.immob.biz/itea-proprietaires-les-reglages-indispensables-avant-douvrir-aux-reservations,2026-08-31
www.immob.biz,JDS Center : tout ce dont une entreprise a besoin ! - Immo B,jds center,https://www.immob.biz/jds-center-tout-ce-dont-une-entreprise-a-besoin,2026-08-31
www.immob.biz,Je paye seul le crédit immobilier indivision : que vaut vraiment l'indemnité d'occupation ? - Immo B,crédit immobilier indivision,https://www.immob.biz/je-paye-seul-le-credit-immobilier-indivision-que-vaut-vraiment-lindemnite-doccupation,2026-08-31
www.immob.biz,Jours de congé pour déménagement : quels sont vos droits et comment en bénéficier ? - Immo B,jours congé déménagement,https://www.immob.biz/jours-de-conge-pour-demenagement-quels-sont-vos-droits-et-comment-en-beneficier,2026-08-31
www.immob.biz,Justificatif de déménagement : quels documents fournir pour un changement d'adresse ? - Immo B,justificatif déménagement,https://www.immob.biz/justificatif-de-demenagement-quels-documents-fournir-pour-un-changement-dadresse,2026-08-31
www.immob.biz,"Killahejlaszo Housing Ltd vue par les experts : risques, potentiel, enjeux - Immo B",killahejlaszo housing ltd,https://www.immob.biz/killahejlaszo-housing-ltd-vue-par-les-experts-risques-potentiel-enjeux,2026-08-31
www.immob.biz,Koh Samui achat maison : les erreurs fréquentes des acheteurs étrangers à ne pas reproduire - Immo B,samui achat maison,https://www.immob.biz/koh-samui-achat-maison-les-erreurs-frequentes-des-acheteurs-etrangers-a-ne-pas-reproduire,2026-08-31
www.immob.biz,"La Bonne Marienne, le service de conciergerie AirBnb qui cartonne à Angers - Immo B",conciergerie airbnb qui,https://www.immob.biz/la-bonne-marienne-le-service-de-conciergerie-airbnb-qui-cartonne-a-angers,2026-08-31
www.immob.biz,"La construction modulaire pour un bureau, bonne ou mauvaise idée ? - Immo B",construction modulaire bureau,https://www.immob.biz/la-construction-modulaire-pour-un-bureau-bonne-ou-mauvaise-idee,2026-08-31
www.immob.biz,La crise du covid-19 entraîne un boum du coworking,crise covid 19,https://www.immob.biz/la-crise-du-covid-19-entraine-un-boum-du-coworking,2026-08-31
www.immob.biz,Des idées d'aménagement pour sublimer votre décoration,sublimer votre décoration,https://www.immob.biz/la-decoration-merite-quelques-amenagements,2026-08-31
www.immob.biz,La défiscalisation immobilière : un moyen efficace de réduire ses impôts - Immo B,défiscalisation immobilière,https://www.immob.biz/la-defiscalisation-immobiliere-un-moyen-efficace-de-reduire-ses-impots,2026-08-31
www.immob.biz,Pourquoi la défonceuse Bosch s'impose en menuiserie,pourquoi défonceuse bosch,https://www.immob.biz/la-defonceuse-bosch-loutil-ideal-pour-les-travaux-de-menuiserie,2026-08-31
www.immob.biz,La demeure la plus vaste du monde : une merveille architecturale insoupçonnée - Immo B,demeure plus vaste,https://www.immob.biz/la-demeure-la-plus-vaste-du-monde-une-merveille-architecturale-insoupconnee,2026-08-31
www.immob.biz,"Ouvrir son agence immobilière grâce à la franchise, un atout concret",ouvrir son agence,https://www.immob.biz/la-franchise-un-excellent-moyen-douvrir-son-agence-immobiliere,2026-08-31
www.immob.biz,Location d'un appartement : les étapes importants à connaître - Immo B,location appartement,https://www.immob.biz/la-location-dun-appartement-quelques-etapes-necessaires,2026-08-31
www.immob.biz,"La location d'un bien immobilier lorsqu'on est etudiant, comment s'y prendre ? - Immo B",est etudiant prendre,https://www.immob.biz/la-location-dun-bien-immobilier-lorsquon-est-etudiant-comment-sy-prendre,2026-08-31
www.immob.biz,La location saisonnière : comment se lancer et optimiser ses revenus - Immo B,location saisonnière,https://www.immob.biz/la-location-saisonniere-comment-se-lancer-et-optimiser-ses-revenus,2026-08-31
www.immob.biz,La loi Pinel à Bordeaux et les avantages - Immo B,pinel bordeaux avantages,https://www.immob.biz/la-loi-pinel-a-bordeaux-et-les-avantages,2026-08-31
www.immob.biz,La maison en bois et ses nombreux avantages - Immo B,maison bois ses,https://www.immob.biz/la-maison-en-bois-et-ses-nombreux-avantages,2026-08-31
www.immob.biz,"La pergola alu sur mesure, design & pratique - Immo B",pergola alu mesure,https://www.immob.biz/la-pergola-alu-sur-mesure-design-pratique,2026-08-31
www.immob.biz,La taille parfaite de camion de déménagement selon le nombre de pièces - Immo B,selon nombre pièces,https://www.immob.biz/la-taille-parfaite-de-camion-de-demenagement-selon-le-nombre-de-pieces,2026-08-31
www.immob.biz,La télésurveillance permet-elle de protéger efficacement sa maison ?,télésurveillance permet elle,https://www.immob.biz/la-telesurveillance-permet-elle-de-proteger-efficacement-sa-maison,2026-08-31
www.immob.biz,"La tuile romane, le choix idéal pour un toit durable - Immo B",tuile romane choix,https://www.immob.biz/la-tuile-romane-le-choix-ideal-pour-un-toit-durable,2026-08-31
www.immob.biz,La ville de Montpellier : un endroit idéal pour un achat immobilier - Immo B,ville montpellier,https://www.immob.biz/la-ville-de-montpellier-un-endroit-ideal-pour-un-achat-immobilier,2026-08-31
www.immob.biz,Laissez-vous tenter par l'achat d'un appartement pour gagner en sérénité - Immo B,laissez vous tenter,https://www.immob.biz/laissez-vous-tenter-par-lachat-dun-appartement-pour-gagner-en-serenite,2026-08-31
www.immob.biz,L'alinéa et ses implications législatives sur le logement social - Immo B,législatives logement social,https://www.immob.biz/lalinea-et-ses-implications-legislatives-sur-le-logement-social,2026-08-31
www.immob.biz,L'architecte d'intérieur rennais qui subliment les intérieurs - Immo B,architecte intérieur rennais,https://www.immob.biz/larchitecte-dinterieur-rennais-qui-subliment-les-interieurs,2026-08-31
www.immob.biz,"L’ardoise, un matériau qui vous veut du bien - Immo B",ardoise matériau qui,https://www.immob.biz/lardoise-un-materiau-qui-vous-veut-du-bien,2026-08-31
www.immob.biz,"L’arrivée des agences immobilières en ligne, challenge pour les agences traditionnelles ? - Immo B",arrivée agences immobilières,https://www.immob.biz/larrivee-des-agences-immobilieres-en-ligne-challenge-pour-les-agences-traditionnelles,2026-08-31
www.immob.biz,L'article 15 de la loi du 6 juillet 1989 : un tournant pour les propriétaires immobiliers - Immo B,loi juillet 1989,https://www.immob.biz/larticle-15-de-la-loi-du-6-juillet-1989-un-tournant-pour-les-proprietaires-immobiliers,2026-08-31
www.immob.biz,L'ascension de la maison américaine : entre modernité et tradition - Immo B,ascension maison américaine,https://www.immob.biz/lascension-de-la-maison-americaine-entre-modernite-et-tradition,2026-08-31
www.immob.biz,Assurance de prêt immobilier – obligation ou non ?,assurance prêt immobilier,https://www.immob.biz/lassurance-de-pret-immobilier-est-elle-obligatoire,2026-08-31
www.immob.biz,L'assurance décennale dans le gros œuvre - Immo B,assurance décennale gros,https://www.immob.biz/lassurance-decennale-dans-le-gros-oeuvre,2026-08-31
www.immob.biz,L’avantage d’une extension en bois à ne pas négliger - Immo B,pas négliger,https://www.immob.biz/lavantage-dune-extension-en-bois-a-ne-pas-negliger,2026-08-31
www.immob.biz,"Le bois, matériau très prisé dans l'architecture - Immo B",matériau très prisé,https://www.immob.biz/le-bois-materiau-tres-prise-dans-larchitecture,2026-08-31
www.immob.biz,Le bon choix d’un expert d’assuré - Immo B,choix expert assuré,https://www.immob.biz/le-bon-choix-dun-expert-dassure,2026-08-31
www.immob.biz,Le ciment : quelles techniques de fabrication pour quelles variétés ? - Immo B,ciment,https://www.immob.biz/le-ciment-quelles-techniques-de-fabrication-pour-quelles-varietes,2026-08-31
www.immob.biz,Le classement des meilleures SCPI en 2021 - Immo B,meilleures scpi 2021,https://www.immob.biz/le-classement-des-meilleures-scpi-en-2021,2026-08-31
www.immob.biz,Le crédit consommation : une aide pour vos projets - Immo B,crédit consommation,https://www.immob.biz/le-credit-consommation-une-aide-pour-vos-projets,2026-08-31
www.immob.biz,Le désamiantage de couverture pour les professionnels : l'importance d'un spécialiste - Immo B,désamiantage couverture professionnels,https://www.immob.biz/le-desamiantage-de-couverture-pour-les-professionnels-limportance-dun-specialiste,2026-08-31
www.immob.biz,Le dispositif Malraux pour réduire vos impôts - Immo B,dispositif malraux réduire,https://www.immob.biz/le-dispositif-malraux-pour-reduire-vos-impots,2026-08-31
www.immob.biz,Le guide ultime pour choisir le style et le matériau de votre porte d'entrée sur mesure - Immo B,votre porte entrée,https://www.immob.biz/le-guide-ultime-pour-choisir-le-style-et-le-materiau-de-votre-porte-dentree-sur-mesure,2026-08-31
www.immob.biz,Le jacuzzi d'extérieur vous promet une incroyable détente ! - Immo B,jacuzzi extérieur vous,https://www.immob.biz/le-jacuzzi-dexterieur-vous-promet-une-incroyable-detente,2026-08-31
www.immob.biz,Ce qui change pour l'immobilier neuf à Bordeaux aujourd'hui,immobilier neuf bordeaux,https://www.immob.biz/le-marche-de-limmobilier-neuf-a-bordeaux,2026-08-31
www.immob.biz,Le meilleur fournisseur pour les serruriers et les menuisiers - Immo B,meilleur fournisseur serruriers,https://www.immob.biz/le-meilleur-fournisseur-pour-les-serruriers-et-les-menuisiers,2026-08-31
www.immob.biz,"Le panneau OSB, un dérivé du bois - Immo B",panneau osb dérivé,https://www.immob.biz/le-panneau-osb-un-derive-du-bois,2026-08-31
www.immob.biz,Le processus d'immatriculation d'entreprise - Immo B,processus immatriculation entreprise,https://www.immob.biz/le-processus-dimmatriculation-dentreprise,2026-08-31
www.immob.biz,Le rachat de crédits peut-il vous aider à financer un projet immobilier - Immo B,crédits peut il,https://www.immob.biz/le-rachat-de-credits-peut-il-vous-aider-a-financer-un-projet-immobilier,2026-08-31
www.immob.biz,Le rôle crucial d'un menuisier expérimenté dans les projets neufs de grande envergure - Immo B,menuisier expérimenté projets,https://www.immob.biz/le-role-crucial-dun-menuisier-experimente-dans-les-projets-neufs-de-grande-envergure,2026-08-31
www.immob.biz,Le SHM : que faut-il savoir sur cette technique de pérennisation des infrastructures - Immo B,shm,https://www.immob.biz/le-shm-que-faut-il-savoir-sur-cette-technique-de-perennisation-des-infrastructures,2026-08-31
www.immob.biz,Le store enrouleur tamisant ou occultant : 5 idées déco pour le jour et la nuit - Immo B,enrouleur tamisant occultant,https://www.immob.biz/le-store-enrouleur-tamisant-ou-occultant-5-idees-deco-pour-le-jour-et-la-nuit,2026-08-31
www.immob.biz,Le succès de la société Edifea n'est plus à prouver - Immo B,succès société edifea,https://www.immob.biz/le-succes-de-la-societe-edifea-nest-plus-a-prouver,2026-08-31
www.immob.biz,Le syndic de copropriété est-il obligatoire ?,syndic copropriété est,https://www.immob.biz/le-syndic-de-copropriete-est-il-obligatoire,2026-08-31
www.immob.biz,L’encadrement des loyers à Lille : tout ce qu'il faut savoir - Immo B,encadrement loyers lille,https://www.immob.biz/lencadrement-des-loyers-a-lille-tout-ce-quil-faut-savoir,2026-08-31
www.immob.biz,Comment identifier les critères clés pour choisir une agence web,choisir agence web,https://www.immob.biz/les-10-criteres-indispensables-pour-choisir-une-agence-web,2026-08-31
www.immob.biz,5 astuces simples pour vendre sa maison plus rapidement,maison plus rapidement,https://www.immob.biz/les-5-astuces-pour-mieux-vendre-sa-maison,2026-08-31
www.immob.biz,Les 5 choses à savoir avant de faire construire une maison en Ille et Vilaine - Immo B,maison ille vilaine,https://www.immob.biz/les-5-choses-a-savoir-avant-de-faire-construire-une-maison-en-ille-et-vilaine,2026-08-31
www.immob.biz,Les aides financières pour faire construire en 2021 - Immo B,aides financières faire,https://www.immob.biz/les-aides-financieres-pour-faire-construire-en-2021,2026-08-31
www.immob.biz,Les astuces pour réduire le coût d'une extension de maison - Immo B,coût extension maison,https://www.immob.biz/les-astuces-pour-reduire-le-cout-dune-extension-de-maison,2026-08-31
www.immob.biz,Les astuces pratiques pour réussir son investissement LMNP - Immo B,investissement lmnp,https://www.immob.biz/les-astuces-pratiques-pour-reussir-son-investissement-lmnp,2026-08-31
www.immob.biz,Les atouts de l'isolation thermique par l'extérieur pour votre maison - Immo B,isolation thermique extérieur,https://www.immob.biz/les-atouts-de-lisolation-thermique-par-lexterieur-pour-votre-maison,2026-08-31
www.immob.biz,Les avantages d'acheter un appartement en Sarthe ! - Immo B,acheter appartement sarthe,https://www.immob.biz/les-avantages-dacheter-un-appartement-en-sarthe,2026-08-31
www.immob.biz,Les avantages d'acheter un bien immobilier à Strasbourg... - Immo B,acheter immobilier strasbourg,https://www.immob.biz/les-avantages-dacheter-un-bien-immobilier-a-strasbourg,2026-08-31
www.immob.biz,Les avantages d'aménager son prêt immobilier - Immo B,avantages aménager son,https://www.immob.biz/les-avantages-damenager-son-pret-immobilier,2026-08-31
www.immob.biz,Les avantages de demenager dans une maison de retraite - Immo B,demenager maison retraite,https://www.immob.biz/les-avantages-de-demenager-dans-une-maison-de-retraite,2026-08-31
www.immob.biz,Les avantages de devenir agent immobilier - Immo B,devenir agent immobilier,https://www.immob.biz/les-avantages-de-devenir-agent-immobilier,2026-08-31
www.immob.biz,Les avantages de faire appel à un expert-comptable spécialisé en investissement immobilier - Immo B,spécialisé investissement immobilier,https://www.immob.biz/les-avantages-de-faire-appel-a-un-expert-comptable-specialise-en-investissement-immobilier,2026-08-31
www.immob.biz,Les avantages de la construction de maisons à Ancenis en Loire-Atlantique... - Immo B,maisons ancenis loire,https://www.immob.biz/les-avantages-de-la-construction-de-maisons-a-ancenis-en-loire-atlantique,2026-08-31
www.immob.biz,Les avantages de la sci - Immo B,avantages sci,https://www.immob.biz/les-avantages-de-la-sci,2026-08-31
www.immob.biz,Les avantages de l'achat d'un appartement neuf - Immo B,avantages achat appartement,https://www.immob.biz/les-avantages-de-lachat-dun-appartement-neuf,2026-08-31
www.immob.biz,Les avantages de l’apprentissage du métier de menuisier - Immo B,apprentissage métier menuisier,https://www.immob.biz/les-avantages-de-lapprentissage-du-metier-de-menuisier,2026-08-31
www.immob.biz,Les avantages de rénovations faux plafond - Immo B,rénovations faux plafond,https://www.immob.biz/les-avantages-de-renovations-faux-plafond,2026-08-31
www.immob.biz,Les avantages des fenêtres en aluminium - Immo B,avantages fenêtres aluminium,https://www.immob.biz/les-avantages-des-fenetres-en-aluminium,2026-08-31
www.immob.biz,Les avantages d’investir en loi Pinel à Nantes - Immo B,loi pinel nantes,https://www.immob.biz/les-avantages-dinvestir-en-loi-pinel-a-nantes,2026-08-31
www.immob.biz,Les avantages d'opter pour une formation en immobilier - Immo B,formation immobilier,https://www.immob.biz/les-avantages-dopter-pour-une-formation-en-immobilier,2026-08-31
www.immob.biz,Les avantages d'un courtier en prêt immobilier - Immo B,avantages courtier prêt,https://www.immob.biz/les-avantages-dun-courtier-en-pret-immobilier,2026-08-31
www.immob.biz,Les avantages d’un investissement en immobilier neuf à Marseille - Immo B,immobilier neuf marseille,https://www.immob.biz/les-avantages-dun-investissement-en-immobilier-neuf-a-marseille,2026-08-31
www.immob.biz,Les avantages d'une assurance habitation sans engagement contractuel - Immo B,assurance habitation sans,https://www.immob.biz/les-avantages-dune-assurance-habitation-sans-engagement-contractuel,2026-08-31
www.immob.biz,Les avantages d’une maison clé sur porte - Immo B,avantages maison clé,https://www.immob.biz/les-avantages-dune-maison-cle-sur-porte,2026-08-31
www.immob.biz,Le concept d'une résidence étudiante : définition et critères de choi,résidence étudiante,https://www.immob.biz/les-avantages-dune-residence-etudiante,2026-08-31
www.immob.biz,Pourquoi un système d'accès sécurisé change la vie en entreprise,sécurisé change vie,https://www.immob.biz/les-bonnes-raisons-dinstaller-un-systeme-dacces-en-entreprise,2026-08-31
www.immob.biz,Les carreaux de ciment : le charme d'antan - Immo B,carreaux ciment,https://www.immob.biz/les-carreaux-de-ciment-le-charme-dantan,2026-08-31
www.immob.biz,Les clés pour renégocier son prêt immobilier comme un pro et les pièges que vous devez éviter - Immo B,pro pièges que,https://www.immob.biz/les-cles-pour-renegocier-son-pret-immobilier-comme-un-pro-et-les-pieges-que-vous-devez-eviter,2026-08-31
www.immob.biz,Investir dans l'immobilier en Martinique avec succès : méthodes et conseils clés,investir immobilier martinique,https://www.immob.biz/les-cles-pour-reussir-son-investissement-immobilier-en-martinique,2026-08-31
www.immob.biz,Les clés pour réussir son placement immobilier en France - Immo B,placement immobilier france,https://www.immob.biz/les-cles-pour-reussir-son-placement-immobilier-en-france,2026-08-31
www.immob.biz,Les conseils du pro pour choisir le type de fenêtres adapté à votre rénovation ou construction - Immo B,adapté votre rénovation,https://www.immob.biz/les-conseils-du-pro-pour-choisir-le-type-de-fenetres-adapte-a-votre-renovation-ou-construction,2026-08-31
www.immob.biz,Les conseils pour améliorer votre profil et décrocher un prêt immobilier - Immo B,décrocher prêt immobilier,https://www.immob.biz/les-conseils-pour-ameliorer-votre-profil-et-decrocher-un-pret-immobilier,2026-08-31
www.immob.biz,Comment bien choisir le bureau idéal selon vos besoins,choisir bureau idéal,https://www.immob.biz/les-conseils-pour-trouver-le-bureau-qui-vous-correspond,2026-08-31
www.immob.biz,Les contributions d'un promoteur immobilier à la réussite de votre projet - Immo B,promoteur immobilier réussite,https://www.immob.biz/les-contributions-dun-promoteur-immobilier-a-la-reussite-de-votre-projet,2026-08-31
www.immob.biz,Les défis du coliving,défis coliving,https://www.immob.biz/les-defis-du-coliving-comment-favoriser-la-cohesion-dans-un-environnement-partage,2026-08-31
www.immob.biz,Changer d'assurance emprunteur devient simple grâce à ces étapes clés,assurance emprunteur devient,https://www.immob.biz/les-demarches-pour-changer-son-assurance-emprunteur,2026-08-31
www.immob.biz,"Les diagnostics énergétiques, une vraie question pour les petites surfaces sous les toits - Immo B",diagnostics énergétiques vraie,https://www.immob.biz/les-diagnostics-energetiques-une-vraie-question-pour-les-petites-surfaces-sous-les-toits,2026-08-31
www.immob.biz,Pourquoi les diagnostics immobiliers sont essentiels avant de vendre,pourquoi diagnostics immobiliers,https://www.immob.biz/les-diagnostics-immobiliers-sont-incontournables,2026-08-31
www.immob.biz,Recruter efficacement dans l'immobilier grâce aux meilleures techniques,efficacement immobilier,https://www.immob.biz/les-differentes-techniques-pour-recruter-dans-limmobilier,2026-08-31
www.immob.biz,"Types de pavés en pierre naturelle, béton et pierre reconstituée - Immo B",types pavés pierre,https://www.immob.biz/les-differents-types-de-paves-pierre-naturelle-beton-et-pierre-reconstituee,2026-08-31
www.immob.biz,Les différents types de prêts immobiliers disponibles - Immo B,prêts immobiliers disponibles,https://www.immob.biz/les-differents-types-de-prets-immobiliers-disponibles-2,2026-08-31
www.immob.biz,Les dimensions idéales pour un garage ergonomique - Immo B,dimensions idéales garage,https://www.immob.biz/les-dimensions-ideales-pour-un-garage-ergonomique,2026-08-31
www.immob.biz,Les diverses problématiques de l’immobilier - Immo B,diverses problématiques immobilier,https://www.immob.biz/les-diverses-problematiques-de-limmobilier,2026-08-31
www.immob.biz,Les documents essentiels pour encadrer efficacement votre location de vacances - Immo B,votre location vacances,https://www.immob.biz/les-documents-essentiels-pour-encadrer-efficacement-votre-location-de-vacances,2026-08-31
www.immob.biz,Les écueils à éviter lors de l'enduit de votre mur intérieur - Immo B,enduit votre mur,https://www.immob.biz/les-ecueils-a-eviter-lors-de-lenduit-de-votre-mur-interieur,2026-08-31
www.immob.biz,Les enjeux juridiques dans le secteur immobilier à Lorient : conseils et solutions - Immo B,juridiques secteur immobilier,https://www.immob.biz/les-enjeux-juridiques-dans-le-secteur-immobilier-a-lorient-conseils-et-solutions,2026-08-31
www.immob.biz,Les enjeux majeurs de l'innovation dans le secteur du BTP - Immo B,innovation secteur btp,https://www.immob.biz/les-enjeux-majeurs-de-linnovation-dans-le-secteur-du-btp,2026-08-31
www.immob.biz,Les étapes à suivre pour acheter un appartement à Nancy - Immo B,suivre acheter appartement,https://www.immob.biz/les-etapes-a-suivre-pour-acheter-un-appartement-a-nancy,2026-08-31
www.immob.biz,Les étapes à suivre pour devenir agent immobilier mandataire à Brest - Immo B,immobilier mandataire brest,https://www.immob.biz/les-etapes-a-suivre-pour-devenir-agent-immobilier-mandataire-a-brest,2026-08-31
www.immob.biz,Les étapes clés pour réaliser un relevé 3d de bâtiment - Immo B,étapes clés réaliser,https://www.immob.biz/les-etapes-cles-pour-realiser-un-releve-3d-de-batiment,2026-08-31
www.immob.biz,Les étapes pour réaliser une chape de qualité - Immo B,étapes réaliser chape,https://www.immob.biz/les-etapes-pour-realiser-une-chape-de-qualite,2026-08-31
www.immob.biz,Réussir chaque étape clé de votre projet d'investissement immobilier,projet investissement immobilier,https://www.immob.biz/les-etapes-pour-reussir-votre-projet-dinvestissement-immobilier,2026-08-31
www.immob.biz,Assurance habitation AXA : comment ça marche pour un étudiant ?,assurance habitation axa,https://www.immob.biz/les-etudiants-et-lassurance-habitation-axa,2026-08-31
www.immob.biz,Les facteurs déterminants du prix d'une VMC simple flux - Immo B,vmc simple flux,https://www.immob.biz/les-facteurs-determinants-du-prix-dune-vmc-simple-flux,2026-08-31
www.immob.biz,Les formations pour devenir diagnostiqueur immobilier - Immo B,formations devenir diagnostiqueur,https://www.immob.biz/les-formations-pour-devenir-diagnostiqueur-immobilier,2026-08-31
www.immob.biz,Les gouttières : des éléments indispensables pour votre maison - Immo B,gouttières,https://www.immob.biz/les-gouttieres-des-elements-indispensables-pour-votre-maison,2026-08-31
www.immob.biz,Les infos clés de la garantie décennale - Immo B,clés garantie décennale,https://www.immob.biz/les-infos-cles-de-la-garantie-decennale,2026-08-31
www.immob.biz,Les intérêts d'une néo-agence immobilière - Immo B,néo agence immobilière,https://www.immob.biz/les-interets-dune-neo-agence-immobiliere,2026-08-31
www.immob.biz,Les labels et certifications en immobilier - Immo B,labels certifications immobilier,https://www.immob.biz/les-labels-et-certifications-en-immobilier,2026-08-31
www.immob.biz,Les logements neufs sont-ils des placements sûrs ? - Immo B,logements neufs sont,https://www.immob.biz/les-logements-neufs-sont-ils-des-placements-surs,2026-08-31
www.immob.biz,"Les maisons d'aujourd'hui sont écologiques et donc, économiques - Immo B",maisons aujourd hui,https://www.immob.biz/les-maisons-daujourdhui-sont-ecologiques-et-donc-economiques,2026-08-31
www.immob.biz,Les matériaux idoines pour l'isolation du plafond de garage - Immo B,isolation plafond garage,https://www.immob.biz/les-materiaux-idoines-pour-lisolation-du-plafond-de-garage,2026-08-31
www.immob.biz,Investissement chalet de montagne : top destinations pour un achat rentable,investissement chalet montagne,https://www.immob.biz/les-meilleures-destinations-pour-investir-dans-un-chalet-de-montagne,2026-08-31
www.immob.biz,Les meilleures SCPI en France pour un investissement serein - Immo B,scpi france investissement,https://www.immob.biz/les-meilleures-scpi-en-france,2026-08-31
www.immob.biz,Estimer la valeur d'un bien en viager : quelles méthodes fiables ?,estimer valeur viager,https://www.immob.biz/les-methodes-destimation-de-la-valeur-dun-bien-en-viager,2026-08-31
www.immob.biz,Monte-charge déménagement paris : Déménager plus sereinement,charge déménagement paris,https://www.immob.biz/les-modalites-de-location-dun-monte-charge-2,2026-08-31
www.immob.biz,Les normes à respecter pour la création d'ascenseurs dans les immeubles anciens - Immo B,respecter création ascenseurs,https://www.immob.biz/les-normes-a-respecter-pour-la-creation-dascenseurs-dans-les-immeubles-anciens,2026-08-31
www.immob.biz,Les obligations et responsabilités des promoteurs immobiliers dans le cadre d’un projet d’acquisition - Immo B,responsabilités promoteurs immobiliers,https://www.immob.biz/les-obligations-et-responsabilites-des-promoteurs-immobiliers-dans-le-cadre-dun-projet-dacquisition,2026-08-31
www.immob.biz,Les obligations légales sur un panneau de chantier - Immo B,légales panneau chantier,https://www.immob.biz/les-obligations-legales-sur-un-panneau-de-chantier,2026-08-31
www.immob.biz,Les outils numériques qui simplifient l'organisation d'un déménagement - Immo B,organisation déménagement,https://www.immob.biz/les-outils-numeriques-qui-simplifient-lorganisation-dun-demenagement,2026-08-31
www.immob.biz,Les ouvriers BTP doivent choisir la meilleure tenue - Immo B,choisir meilleure tenue,https://www.immob.biz/les-ouvriers-btp-doivent-choisir-la-meilleure-tenue,2026-08-31
www.immob.biz,"Les pergolas bioclimatiques NAO, pour un design parfait - Immo B",pergolas bioclimatiques nao,https://www.immob.biz/les-pergolas-bioclimatiques-nao-pour-un-design-parfait,2026-08-31
www.immob.biz,Plombiers d’Argenteuil : comment les contacter ?,plombiers argenteuil,https://www.immob.biz/les-plombiers-dargenteuil-comment-les-contacter,2026-08-31
www.immob.biz,Les plus belles maisons à vendre en Bretagne : entre mer et tradition - Immo B,belles maisons vendre,https://www.immob.biz/les-plus-belles-maisons-a-vendre-en-bretagne-entre-mer-et-tradition,2026-08-31
www.immob.biz,Les quartiers les plus recherchés à Saint-Bauzille-de-Putois pour acheter une maison - Immo B,saint bauzille putois,https://www.immob.biz/les-quartiers-les-plus-recherches-a-saint-bauzille-de-putois-pour-acheter-une-maison,2026-08-31
www.immob.biz,Les quartiers parfaits pour une colocation à Marseille - Immo B,parfaits colocation marseille,https://www.immob.biz/les-quartiers-parfaits-pour-une-colocation-a-marseille,2026-08-31
www.immob.biz,Les raisons d’acheter votre appartement à Méribel ? - Immo B,votre appartement méribel,https://www.immob.biz/les-raisons-dacheter-votre-appartement-a-meribel,2026-08-31
www.immob.biz,Les raisons de choisir une maison contemporaine - Immo B,choisir maison contemporaine,https://www.immob.biz/les-raisons-de-choisir-une-maison-contemporaine,2026-08-31
www.immob.biz,Les secteurs rentables pour ouvrir une franchise dans le bâtiment - Immo B,secteurs rentables ouvrir,https://www.immob.biz/les-secteurs-rentables-pour-ouvrir-une-franchise-dans-le-batiment,2026-08-31
www.immob.biz,Les services proposés par les agences immobilières dans le canton de Vaud - Immo B,agences immobilières canton,https://www.immob.biz/les-services-proposes-par-les-agences-immobilieres-dans-le-canton-de-vaud,2026-08-31
www.immob.biz,Les solutions efficaces pour évacuer des gravats - Immo B,efficaces évacuer gravats,https://www.immob.biz/les-solutions-efficaces-pour-evacuer-des-gravats,2026-08-31
www.immob.biz,Les solutions pour réduire votre consommation énergétique en période froide - Immo B,énergétique période froide,https://www.immob.biz/les-solutions-pour-reduire-votre-consommation-energetique-en-periode-froide,2026-08-31
www.immob.biz,Les technologies et innovations dans les programmes neufs à Angers - Immo B,innovations programmes neufs,https://www.immob.biz/les-technologies-et-innovations-dans-les-programmes-neufs-a-angers,2026-08-31
www.immob.biz,Les tendances du marché immobilier étudiant à Lille - Immo B,immobilier étudiant lille,https://www.immob.biz/les-tendances-du-marche-immobilier-etudiant-a-lille,2026-08-31
www.immob.biz,Les travaux de rénovation énergétique : comment valoriser votre bien immobilier ? - Immo B,travaux rénovation énergétique,https://www.immob.biz/les-travaux-de-renovation-energetique-comment-valoriser-votre-bien-immobilier,2026-08-31
www.immob.biz,L’essentiel à connaître sur la RE2020 - Immo B,essentiel connaître re2020,https://www.immob.biz/lessentiel-a-connaitre-sur-la-re2020,2026-08-31
www.immob.biz,Bien choisir ses dalles en pierre naturelle pour une terrasse durable,naturelle terrasse durable,https://www.immob.biz/lessentiel-a-savoir-sur-les-dalles-de-terrasse-en-pierre-naturelle,2026-08-31
www.immob.biz,Levallois : une localisation stratégique pour les familles - Immo B,levallois,https://www.immob.biz/levallois-une-localisation-strategique-pour-les-familles,2026-08-31
www.immob.biz,Licitation pour sortir de l'indivision : procédure et étapes clés - Immo B,licitation sortir indivision,https://www.immob.biz/licitation-pour-sortir-de-lindivision-procedure-et-etapes-cles,2026-08-31
www.immob.biz,Licitor : Comment consulter les ventes aux enchères immobilières en ligne ? - Immo B,licitor,https://www.immob.biz/licitor-comment-consulter-les-ventes-aux-encheres-immobilieres-en-ligne,2026-08-31
www.immob.biz,Lille : Investir dans l'immobilier - Immo B,lille,https://www.immob.biz/lille-investir-dans-limmobilier,2026-08-31
www.immob.biz,Le prix de l’immobilier à Monaco | Comprendre le prix du luxe,prix immobilier monaco,https://www.immob.biz/limmobilier-a-monaco-le-prix-du-luxe-le-plus-ultime,2026-08-31
www.immob.biz,L'immobilier neuf est-il encore intéressant pour un investissement ? - Immo B,immobilier neuf est,https://www.immob.biz/limmobilier-neuf-est-il-encore-interessant-pour-un-investissement,2026-08-31
www.immob.biz,L’immobilier : pourquoi investir ? - Immo B,immobilier,https://www.immob.biz/limmobilier-pourquoi-investir,2026-08-31
www.immob.biz,L’immobilier roman connaît du changement - Immo B,immobilier roman connaît,https://www.immob.biz/limmobilier-roman-connait-du-changement,2026-08-31
www.immob.biz,L'importance de la localisation pour un investisseur immobilier sagace - Immo B,localisation investisseur immobilier,https://www.immob.biz/limportance-de-la-localisation-pour-un-investisseur-immobilier-sagace,2026-08-31
www.immob.biz,L'importance de souscrire une assurance habitation pour préserver votre patrimoine - Immo B,souscrire assurance habitation,https://www.immob.biz/limportance-de-souscrire-une-assurance-habitation-pour-preserver-votre-patrimoine,2026-08-31
www.immob.biz,L’investissement immobilier accessible à tous : découvrez les SCPI ! - Immo B,immobilier accessible tous,https://www.immob.biz/linvestissement-immobilier-accessible-a-tous-decouvrez-les-scpi,2026-08-31
www.immob.biz,L’investissement immobilier en 2022 : cinq choses à savoir - Immo B,investissement immobilier 2022,https://www.immob.biz/linvestissement-immobilier-en-2022-cinq-choses-a-savoir,2026-08-31
www.immob.biz,L’investissement immobilier grace a la SCPI - Immo B,investissement immobilier grace,https://www.immob.biz/linvestissement-immobilier-grace-a-la-scpi,2026-08-31
www.immob.biz,Loi Pinel : ce qu'il faut retenir pour l'investissement locatif,loi pinel,https://www.immob.biz/linvestissement-locatif-ce-que-dit-la-loi-pinel,2026-08-31
www.immob.biz,Liste des charges locatives incombant au locataire : les charges d'entretien souvent mal comprises - Immo B,liste charges locatives,https://www.immob.biz/liste-des-charges-locatives-incombant-au-locataire-les-charges-dentretien-souvent-mal-comprises,2026-08-31
www.immob.biz,Liste mobilier location meublée PDF à jour 2026 pour éviter tout litige - Immo B,liste mobilier location,https://www.immob.biz/liste-mobilier-location-meublee-pdf-a-jour-2026-pour-eviter-tout-litige,2026-08-31
www.immob.biz,Litige entre locataire et propriétaire bailleur : que faire ? - Immo B,locataire propriétaire bailleur,https://www.immob.biz/litige-entre-locataire-et-proprietaire-bailleur-que-faire,2026-08-31
www.immob.biz,LMNP : basculer en Location Meublée Non Professionnelle facilement ! - Immo B,lmnp,https://www.immob.biz/lmnp-basculer-en-location-meublee-non-professionnelle-facilement,2026-08-31
www.immob.biz,LMNP : Quel montant maximal ne pas dépasser ? Comment calculer - Immo B,lmnp,https://www.immob.biz/lmnp-quel-montant-maximal-ne-pas-depasser-comment-calculer,2026-08-31
www.immob.biz,LMNP : quelles sont les charges déductibles ? - Immo B,lmnp,https://www.immob.biz/lmnp-quelles-sont-les-charges-deductibles,2026-08-31
www.immob.biz,LMNP : se rémunérer en loueur en meublée non professionnel - Immo B,lmnp,https://www.immob.biz/lmnp-se-remunerer-en-loueur-en-meublee-non-professionnel,2026-08-31
www.immob.biz,LOC annonces et plafonds de ressources : vérifier en quelques minutes si vous êtes éligible - Immo B,annonces plafonds ressources,https://www.immob.biz/loc-annonces-et-plafonds-de-ressources-verifier-en-quelques-minutes-si-vous-etes-eligible,2026-08-31
www.immob.biz,Locataire : obligation de visite ? Tout savoir sur vos droits et devoirs - Immo B,locataire,https://www.immob.biz/locataire-obligation-de-visite-tout-savoir-sur-vos-droits-et-devoirs,2026-08-31
www.immob.biz,Location d'un appartement meublé - Paris gestion immobilier,location appartement meublé,https://www.immob.biz/location-appartement-meuble-a-paris-conditions-caracteristiques-et-avantages,2026-08-31
www.immob.biz,Location appartement : quel est le mois le plus difficile pour louer ? - Immo B,location appartement,https://www.immob.biz/location-appartement-quel-est-le-mois-le-plus-difficile-pour-louer,2026-08-31
www.immob.biz,Conseils pour la Location d'Appartement à Houlgate,location appartement houlgate,https://www.immob.biz/location-dappartement-a-houlgate-conseils-pratiques-et-tendances-du-marche,2026-08-31
www.immob.biz,Trouver le logement idéal pour vos vacances à Combloux,logement idéal vos,https://www.immob.biz/location-dappartements-a-combloux-trouvez-le-bien-qui-vous-correspond,2026-08-31
www.immob.biz,Les avantages concrets de la location de bureau à Levallois-Perret,bureau levallois perret,https://www.immob.biz/location-de-bureau-a-levallois-perret-pour-quelles-raisons,2026-08-31
www.immob.biz,Location de bureau à Lyon : quels avantages ? - Immo B,location bureau lyon,https://www.immob.biz/location-de-bureau-a-lyon-quels-avantages,2026-08-31
www.immob.biz,Quel modèle choisir en location de véhicule à Aix-en-Provence ?,véhicule aix provence,https://www.immob.biz/location-de-vehicule-a-aix-en-provence-quel-modele-vous-faut-il,2026-08-31
www.immob.biz,"Location entre particuliers : demande de location, démarches et astuces en France - Immo B",location entre particuliers,https://www.immob.biz/location-entre-particuliers-demande-de-location-demarches-et-astuces-en-france,2026-08-31
www.immob.biz,Location Essaouira longue durée pour expats français : démarches et budget réel - Immo B,durée expats français,https://www.immob.biz/location-essaouira-longue-duree-pour-expats-francais-demarches-et-budget-reel,2026-08-31
www.immob.biz,Location facile avec ALin : trouvez votre logement idéal rapidement - Immo B,location facile alin,https://www.immob.biz/location-facile-avec-alin-trouvez-votre-logement-ideal-rapidement,2026-08-31
www.immob.biz,"Location pelleteuse : tarifs, conseils et choix pour votre projet - Immo B",location pelleteuse,https://www.immob.biz/location-pelleteuse-tarifs-conseils-et-choix-pour-votre-projet,2026-08-31
www.immob.biz,"Location saisonnière ou longue durée à Ajaccio, comment faire le bon choix",location saisonnière longue,https://www.immob.biz/location-saisonniere-ou-longue-duree-que-privilegier-a-ajaccio,2026-08-31
www.immob.biz,Location-vente immobilière : comprendre le processus et ses avantages - Immo B,location vente immobilière,https://www.immob.biz/location-vente-immobiliere-comprendre-le-processus-et-ses-avantages,2026-08-31
www.immob.biz,Logement à Angers : accessibilité et options pour les jeunes actifs - Immo B,logement angers,https://www.immob.biz/logement-a-angers-accessibilite-et-options-pour-les-jeunes-actifs,2026-08-31
www.immob.biz,Logement conventionné : tout savoir sur la définition et les critères - Immo B,logement conventionné,https://www.immob.biz/logement-conventionne-tout-savoir-sur-la-definition-et-les-criteres,2026-08-31
www.immob.biz,Logement étudiant dans les villes moyennes : un choix stratégique - Immo B,logement étudiant villes,https://www.immob.biz/logement-etudiant-dans-les-villes-moyennes-un-choix-strategique,2026-08-31
www.immob.biz,Pourquoi choisir un logement neuf offre tant d'avantages,pourquoi choisir logement,https://www.immob.biz/logement-neuf-des-avantages-considerables,2026-08-31
www.immob.biz,Logement social : pourquoi AL'in change la donne pour les salariés - Immo B,logement social,https://www.immob.biz/logement-social-pourquoi-alin-change-la-donne-pour-les-salaries,2026-08-31
www.immob.biz,Loi Duflot : comprendre les principales caractéristiques et avantages - Immo B,loi duflot,https://www.immob.biz/loi-duflot-comprendre-les-principales-caracteristiques-et-avantages,2026-08-31
www.immob.biz,Loi Malraux : fonctionnement et avantages de ce dispositif immobilier - Immo B,loi malraux,https://www.immob.biz/loi-malraux-fonctionnement-et-avantages-de-ce-dispositif-immobilier,2026-08-31
www.immob.biz,Programmes loi Pinel à Lille : notre sélection des plus attractifs,loi pinel lille,https://www.immob.biz/loi-pinel-a-lille-les-meilleurs-programmes,2026-08-31
www.immob.biz,Loi Pinel à Montpellier : quels changements pour 2023 ? - Immo B,loi pinel montpellier,https://www.immob.biz/loi-pinel-a-montpellier-quels-changements-pour-2023,2026-08-31
www.immob.biz,Loi Pinel à Strasbourg : les meilleurs programmes - Immo B,loi pinel strasbourg,https://www.immob.biz/loi-pinel-a-strasbourg-les-meilleurs-programmes,2026-08-31
www.immob.biz,"Loi Pinel, à quoi s'attendre en termes de rendement immobilier",termes rendement immobilier,https://www.immob.biz/loi-pinel-quel-rendement-peut-on-attendre,2026-08-31
www.immob.biz,Loi Pinel : quelles sont les villes dans lesquelles investir cette année ? - Immo B,loi pinel,https://www.immob.biz/loi-pinel-quelles-sont-les-villes-dans-lesquelles-investir-cette-annee,2026-08-31
www.immob.biz,Louer à Lyon au juste prix : l'aide de Terhexagone-immo.fr pour fixer son loyer - Immo B,lyon juste prix,https://www.immob.biz/louer-a-lyon-au-juste-prix-laide-de-terhexagone-immo-fr-pour-fixer-son-loyer,2026-08-31
www.immob.biz,Pourquoi louer un box facilite vraiment votre stockage au quotidien,pourquoi louer box,https://www.immob.biz/louer-un-box-une-solution-flexible-pour-repondre-a-vos-besoins-de-stockage,2026-08-31
www.immob.biz,Bien choisir son local de stockage et éviter les mauvaises surprises,stockage éviter mauvaises,https://www.immob.biz/louer-un-local-de-stockage-les-erreurs-a-eviter,2026-08-31
www.immob.biz,"Love room, un nouveau paradis pour les couple en recherche d'un week-end en amoureux ? - Immo B",week end amoureux,https://www.immob.biz/love-room-un-nouveau-paradis-pour-les-couple-en-recherche-dun-week-end-en-amoureux,2026-08-31
www.immob.biz,L'utilisation des tubes en acier carré dans le bricolage et l'industrie - Immo B,tubes acier carré,https://www.immob.biz/lutilisation-des-tubes-en-acier-carre-dans-le-bricolage-et-lindustrie,2026-08-31
www.immob.biz,Lyon 9 : les nouveaux programmes immobiliers neufs à fort potentiel - Immo B,lyon,https://www.immob.biz/lyon-9-les-nouveaux-programmes-immobiliers-neufs-a-fort-potentiel,2026-08-31
www.immob.biz,Maison à vendre au bord de l'eau pas cher : pièges à éviter avant d'acheter - Immo B,eau pas cher,https://www.immob.biz/maison-a-vendre-au-bord-de-leau-pas-cher-pieges-a-eviter-avant-dacheter,2026-08-31
www.immob.biz,"Maison à vendre cause divorce urgent, comment préparer le dossier pour le notaire ? - Immo B",vendre cause divorce,https://www.immob.biz/maison-a-vendre-cause-divorce-urgent-comment-preparer-le-dossier-pour-le-notaire,2026-08-31
www.immob.biz,"Maison abandonnée à donner, succession ou don manuel : que dit vraiment la loi ? - Immo B",maison abandonnée donner,https://www.immob.biz/maison-abandonnee-a-donner-succession-ou-don-manuel-que-dit-vraiment-la-loi,2026-08-31
www.immob.biz,"Maison de pêcheur à vendre pas cher en Bretagne, résidence principale ou maison de vacances ? - Immo B",maison pêcheur vendre,https://www.immob.biz/maison-de-pecheur-a-vendre-pas-cher-en-bretagne-residence-principale-ou-maison-de-vacances,2026-08-31
www.immob.biz,Maison individuelle : les petits secrets d'une construction sur-mesure - Immo B,maison individuelle,https://www.immob.biz/maison-individuelle-les-petits-secrets-dune-construction-sur-mesure,2026-08-31
www.immob.biz,Maison plain pied : comment choisir son constructeur ? - Immo B,maison plain pied,https://www.immob.biz/maison-plain-pied-comment-choisir-son-constructeur,2026-08-31
www.immob.biz,Maisons clé en main à 60 000€ : mythe ou réalité accessible ? - Immo B,maisons clé main,https://www.immob.biz/maisons-cle-en-main-a-60-000e-mythe-ou-realite-accessible,2026-08-31
www.immob.biz,Majorque : où faut-il acheter sa propriété ? - Immo B,majorque,https://www.immob.biz/majorque-ou-faut-il-acheter-sa-propriete,2026-08-31
www.immob.biz,"Manoir abandonné à vendre pour projet de gîte ou chambres d'hôtes, bonne idée ? - Immo B",abandonné vendre projet,https://www.immob.biz/manoir-abandonne-a-vendre-pour-projet-de-gite-ou-chambres-dhotes-bonne-idee,2026-08-31
www.immob.biz,Manuel rénovation renovimmopro.fr : la solution pour comparer devis et scénarios de travaux - Immo B,manuel rénovation renovimmopro,https://www.immob.biz/manuel-renovation-renovimmopro-fr-la-solution-pour-comparer-devis-et-scenarios-de-travaux,2026-08-31
www.immob.biz,Marchés publics : comment trouver des appels d'offres ? - Immo B,marchés publics,https://www.immob.biz/marches-publics-comment-trouver-des-appels-doffres,2026-08-31
www.immob.biz,Marre du Livret A ? Et si vous investissiez dans l'immobilier d'entreprise à Paris ? - Immo B,immobilier entreprise paris,https://www.immob.biz/marre-du-livret-a-et-si-vous-investissiez-dans-limmobilier-dentreprise-a-paris,2026-08-31
www.immob.biz,Meilleur jour pour déménager : astuces et conseils pratiques - Immo B,meilleur jour déménager,https://www.immob.biz/meilleur-jour-pour-demenager-astuces-et-conseils-pratiques,2026-08-31
www.immob.biz,Meilleur jour pour emménager : conseils et astuces pour choisir la date idéale - Immo B,meilleur jour emménager,https://www.immob.biz/meilleur-jour-pour-emmenager-conseils-et-astuces-pour-choisir-la-date-ideale,2026-08-31
www.immob.biz,Meilleur moment déménager : quel mois choisir pour minimiser les coûts ? - Immo B,meilleur moment déménager,https://www.immob.biz/meilleur-moment-demenager-quel-mois-choisir-pour-minimiser-les-couts,2026-08-31
www.immob.biz,Meilleur moment pour devenir LMNP : toutes les clés pour y parvenir ! - Immo B,moment devenir lmnp,https://www.immob.biz/meilleur-moment-pour-devenir-lmnp-toutes-les-cles-pour-y-parvenir,2026-08-31
www.immob.biz,Trouver le meilleur statut pour louer en toute sérénité,meilleur statut louer,https://www.immob.biz/meilleur-statut-pour-faire-louer-comment-choisir-le-bon-statut,2026-08-31
www.immob.biz,Meilleurs déménageurs : comment choisir les pros pour un déménagement sans stress ? - Immo B,meilleurs déménageurs,https://www.immob.biz/meilleurs-demenageurs-comment-choisir-les-pros-pour-un-demenagement-sans-stress,2026-08-31
www.immob.biz,Meilleurs endroits en France pour vivre sans argent : solutions et astuces pour économiser - Immo B,endroits france vivre,https://www.immob.biz/meilleurs-endroits-en-france-pour-vivre-sans-argent-solutions-et-astuces-pour-economiser,2026-08-31
www.immob.biz,MeilleursAgents.com : trouver le meilleur agent immobilier (estimation) - Immo B,meilleursagents com,https://www.immob.biz/meilleursagents-com-trouver-le-meilleur-agent-immobilier-estimation,2026-08-31
www.immob.biz,Messages après visite d'appartement : quel contenu envoyer ? - Immo B,messages après visite,https://www.immob.biz/messages-apres-visite-dappartement-quel-contenu-envoyer,2026-08-31
www.immob.biz,Mètres carrés en hectare : quelle est l’équivalence exacte ? - Immo B,mètres carrés hectare,https://www.immob.biz/metres-carres-en-hectare-quelle-est-lequivalence-exacte,2026-08-31
www.immob.biz,Confier la gestion locative de votre bien immobilier à Ajaccio,votre immobilier ajaccio,https://www.immob.biz/mettre-un-bien-immobilier-en-gestion-locative-a-ajaccio,2026-08-31
www.immob.biz,Minimum chambre m2 et confort au quotidien : où placer la limite ? - Immo B,minimum chambre m2,https://www.immob.biz/minimum-chambre-m2-et-confort-au-quotidien-ou-placer-la-limite,2026-08-31
www.immob.biz,Mise en vente d’un bien immobilier à Nice : faire appel à un professionnel ou vendre par soi-même ? - Immo B,vente immobilier nice,https://www.immob.biz/mise-en-vente-dun-bien-immobilier-a-nice-faire-appel-a-un-professionnel-ou-vendre-par-soi-meme,2026-08-31
www.immob.biz,"Mon frère veut acheter la maison de mes parents à bas prix, est-ce légal ? - Immo B",bas prix est,https://www.immob.biz/mon-frere-veut-acheter-la-maison-de-mes-parents-a-bas-prix-est-ce-legal,2026-08-31
www.immob.biz,Mon propriétaire ne veut pas me rendre ma caution - Immo B,rendre ma caution,https://www.immob.biz/mon-proprietaire-ne-veut-pas-me-rendre-ma-caution,2026-08-31
www.immob.biz,MyFoncia : découvrez les fonctionnalités de votre espace en ligne - Immo B,myfoncia,https://www.immob.biz/myfoncia-decouvrez-les-fonctionnalites-de-votre-espace-en-ligne,2026-08-31
www.immob.biz,MyFoncia espace client pour seniors : un accès facilité à vos documents Foncia - Immo B,myfoncia espace client,https://www.immob.biz/myfoncia-espace-client-pour-seniors-un-acces-facilite-a-vos-documents-foncia,2026-08-31
www.immob.biz,MyFoncia mon Compte Copropriété : guide d'accès simplifié pas à pas - Immo B,myfoncia mon compte,https://www.immob.biz/myfoncia-mon-compte-copropriete-guide-dacces-simplifie-pas-a-pas,2026-08-31
www.immob.biz,Négocier son contrat d'assurance maison : les arguments qui font baisser la facture - Immo B,contrat assurance maison,https://www.immob.biz/negocier-son-contrat-dassurance-maison-les-arguments-qui-font-baisser-la-facture,2026-08-31
www.immob.biz,Nice : pourquoi investir dans une villa de luxe ? - Immo B,nice,https://www.immob.biz/nice-pourquoi-investir-dans-une-villa-de-luxe,2026-08-31
www.immob.biz,Non-paiement d’assurance habitation et résiliation - Immo B,assurance habitation résiliation,https://www.immob.biz/non-paiement-dassurance-habitation-et-resiliation,2026-08-31
www.immob.biz,Nord-Pas-de-Calais : de l'architecture traditionnelle à la modernité - Immo B,nord pas calais,https://www.immob.biz/nord-pas-de-calais-de-larchitecture-traditionnelle-a-la-modernite,2026-08-31
www.immob.biz,Normandie immobilier bord de mer : quelles villes offrent les plus belles opportunités en 2026 ? - Immo B,normandie immobilier bord,https://www.immob.biz/normandie-immobilier-bord-de-mer-quelles-villes-offrent-les-plus-belles-opportunites-en-2026,2026-08-31
www.immob.biz,Nos 3 conseils pour bien choisir votre parasol - Immo B,choisir votre parasol,https://www.immob.biz/nos-3-conseils-pour-bien-choisir-votre-parasol,2026-08-31
www.immob.biz,Nos astuces pour réaliser la conception de son garage - Immo B,conception son garage,https://www.immob.biz/nos-astuces-pour-realiser-la-conception-de-son-garage,2026-08-31
www.immob.biz,Nos conseils pour choisir le garde-meuble idéal en Pays de la Loire - Immo B,idéal pays loire,https://www.immob.biz/nos-conseils-pour-choisir-le-gardemeuble-ideal-en-pays-de-la-loire,2026-08-31
www.immob.biz,Nos conseils pour rénover sa maison de A à Z - Immo B,rénover sa maison,https://www.immob.biz/nos-conseils-pour-renover-sa-maison-de-a-a-z,2026-08-31
www.immob.biz,Nos techniques pour vous protéger du soleil sur la terrasse - Immo B,protéger soleil terrasse,https://www.immob.biz/nos-techniques-pour-vous-proteger-du-soleil-sur-la-terrasse,2026-08-31
www.immob.biz,Obtenir un crédit immobilier en étant en CDD,crédit immobilier étant,https://www.immob.biz/obtenir-un-credit-immobilier-quand-on-est-en-cdd-cest-possible,2026-08-31
www.immob.biz,"Obtenir un prêt de consolidation de dettes avec un mauvais crédit, mission possible ? - Immo B",dettes mauvais crédit,https://www.immob.biz/obtenir-un-pret-de-consolidation-de-dettes-avec-un-mauvais-credit-mission-possible,2026-08-31
www.immob.biz,Obtenir un prêt personnel : ce que vous devez savoir pour maximiser vos chances,obtenir prêt personnel,https://www.immob.biz/obtenir-un-pret-personnel-ce-que-vous-devez-savoir-pour-maximiser-vos-chances,2026-08-31
www.immob.biz,Offrir une seconde peau à votre maison avec un bardage - Immo B,votre maison bardage,https://www.immob.biz/offrir-une-seconde-peau-a-votre-maison-avec-un-bardage,2026-08-31
www.immob.biz,On fait le point sur l'entretien et la renovation de toiture - Immo B,entretien renovation toiture,https://www.immob.biz/on-fait-le-point-sur-lentretien-et-la-renovation-de-toiture,2026-08-31
www.immob.biz,Opportunités immobilières à solliès-ville : trouvez votre bien idéal,opportunités immobilières solliès,https://www.immob.biz/opportunites-immobilieres-a-sollies-ville-trouvez-votre-bien-ideal,2026-08-31
www.immob.biz,Déménageur Parisien : Service Sur-Mesure Pour Particuliers et Entreprises,déménageur parisien,https://www.immob.biz/opter-pour-un-demenageur-parisien-le-service-sur-mesure-pour-particuliers-et-entreprises,2026-08-31
www.immob.biz,Optimisation fiscale pour les investisseurs immobiliers en montagne - Immo B,optimisation fiscale investisseurs,https://www.immob.biz/optimisation-fiscale-pour-les-investisseurs-immobiliers-en-montagne,2026-08-31
www.immob.biz,,,https://www.immob.biz/optimiser-la-gestion-fiscale-de-son-lmnp,2026-08-31
www.immob.biz,,,https://www.immob.biz/optimiser-la-rentabilite-de-votre-sci-grace-a-la-location-meublee,2026-08-31
www.immob.biz,Des solutions durables simples pour booster l'efficacité énergétique de votre maison,solutions durables simples,https://www.immob.biz/optimiser-lefficacite-energetique-de-sa-maison-les-services-cles-pour-un-confort-durable,2026-08-31
www.immob.biz,Optimiser SCI : ne pas payer plus-value ! Conseils pratiques - Immo B,optimiser sci,https://www.immob.biz/optimiser-sci-ne-pas-payer-plus-value-conseils-pratiques,2026-08-31
www.immob.biz,Améliorez votre investissement immobilier grâce à un meilleur rendement locatif,votre investissement immobilier,https://www.immob.biz/optimiser-votre-investissement-immobilier-comprendre-et-utiliser-le-rendement-locatif,2026-08-31
www.immob.biz,Optimisez votre activité de marchand de biens avec une plateforme en ligne dédiée - Immo B,marchand biens plateforme,https://www.immob.biz/optimisez-votre-activite-de-marchand-de-biens-avec-une-plateforme-en-ligne-dediee,2026-08-31
www.immob.biz,Optimisez votre recherche avec un chasseur immobilier à Paris,optimisez votre recherche,https://www.immob.biz/optimisez-votre-recherche-avec-un-chasseur-immobilier-a-paris,2026-08-31
www.immob.biz,Organisation de déménagement: les étapes essentielles à suivre - Immo B,organisation déménagement étapes,https://www.immob.biz/organisation-de-demenagement-les-etapes-essentielles-a-suivre,2026-08-31
www.immob.biz,Où acheter dans le neuf ? - Immo B,où acheter neuf,https://www.immob.biz/ou-acheter-dans-le-neuf,2026-08-31
www.immob.biz,Où acheter son appartement à La Madeleine ? - Immo B,son appartement madeleine,https://www.immob.biz/ou-acheter-son-appartement-a-la-madeleine,2026-08-31
www.immob.biz,Les meilleurs endroits où vivre autour de Nice,endroits où vivre,https://www.immob.biz/ou-habiter-dans-les-environs-de-nice,2026-08-31
www.immob.biz,Où investir dans l'immobilier à Caen - Immo B,investir immobilier caen,https://www.immob.biz/ou-investir-dans-limmobilier-a-caen,2026-08-31
www.immob.biz,Où investir dans l'immobilier au Maroc ? - Immo B,investir immobilier maroc,https://www.immob.biz/ou-investir-dans-limmobilier-au-maroc,2026-08-31
www.immob.biz,Où louer une benne à Toulouse en 2025 : conseils et tarifs ?,benne toulouse 2025,https://www.immob.biz/ou-louer-une-benne-a-toulouse-en-2025-conseils-et-tarifs,2026-08-31
www.immob.biz,Où vous procurer les solvants nécessaires à vos travaux ? - Immo B,nécessaires vos travaux,https://www.immob.biz/ou-vous-procurer-les-solvants-necessaires-a-vos-travaux,2026-08-31
www.immob.biz,Panneaux solaires : les atouts des marques françaises à considérer,panneaux solaires,https://www.immob.biz/panneaux-solaires-pourquoi-choisir-une-marque-francaise,2026-08-31
www.immob.biz,,,https://www.immob.biz/papier-de-location-conseils-pratiques-pour-reussir-facilement-la-redaction,2026-08-31
www.immob.biz,"Pappers Immobilier, le réflexe malin avant d'acheter un appartement - Immo B",pappers immobilier réflexe,https://www.immob.biz/pappers-immobilier-le-reflexe-malin-avant-dacheter-un-appartement,2026-08-31
www.immob.biz,Parisien : où investir dans l'immobilier ? - Immo B,parisien,https://www.immob.biz/parisien-ou-investir-dans-limmobilier,2026-08-31
www.immob.biz,Particuliers : Qui peut assister à une expertise ? Quelles conditions ? - Immo B,particuliers,https://www.immob.biz/particuliers-qui-peut-assister-a-une-expertise-quelles-conditions,2026-08-31
www.immob.biz,,,https://www.immob.biz/partir-en-province-pourquoi-choisir-nantes,2026-08-31
www.immob.biz,Location des logements à dépense énergétique élevée : interdiction en 2034 ?,logements dépense énergétique,https://www.immob.biz/pas-de-locations-pour-les-logements-a-depense-energetique-elevee-a-partir-de-2034,2026-08-31
www.immob.biz,Peindre du MDF : les erreurs à éviter absolument - Immo B,peindre mdf,https://www.immob.biz/peindre-du-mdf-les-erreurs-a-eviter-absolument,2026-08-31
www.immob.biz,Pergola bioclimatique : créez un nouvel espace de vie extérieur - Immo B,pergola bioclimatique,https://www.immob.biz/pergola-bioclimatique-creez-un-nouvel-espace-de-vie-exterieur,2026-08-31
www.immob.biz,,,https://www.immob.biz/petit-point-sur-lagence-immobiliere-independante-et-lagence-immobiliere-franchisee,2026-08-31
www.immob.biz,Petit riad à vendre Marrakech proche Jemaa el-Fna : opportunité ou mirage ? - Immo B,vendre marrakech proche,https://www.immob.biz/petit-riad-a-vendre-marrakech-proche-jemaa-el-fna-opportunite-ou-mirage,2026-08-31
www.immob.biz,Petite maison avec jardin à louer particulier 76 : astuces pour payer moins cher - Immo B,petite maison jardin,https://www.immob.biz/petite-maison-avec-jardin-a-louer-particulier-76-astuces-pour-payer-moins-cher,2026-08-31
www.immob.biz,Petite villa Marrakech pas Cher à vendre : acheter sur plan ou déjà construite ? - Immo B,villa marrakech pas,https://www.immob.biz/petite-villa-marrakech-pas-cher-a-vendre-acheter-sur-plan-ou-deja-construite,2026-08-31
www.immob.biz,Peut-on installer un mobil home sur un terrain privé sans être dans un camping ? - Immo B,mobil home terrain,https://www.immob.biz/peut-on-installer-un-mobil-home-sur-un-terrain-prive-sans-etre-dans-un-camping,2026-08-31
www.immob.biz,Placer les meubles : comment décider de l'emplacement idéal ? - Immo B,placer meubles,https://www.immob.biz/placer-les-meubles-comment-decider-de-lemplacement-ideal,2026-08-31
www.immob.biz,Plafond de défiscalisation sur dispositif Pinel : quel montant maximum ? - Immo B,défiscalisation dispositif pinel,https://www.immob.biz/plafond-de-defiscalisation-sur-dispositif-pinel-quel-montant-maximum,2026-08-31
www.immob.biz,Plafond de ressources loi Pinel : comparaison avec le dispositif Duflot - Immo B,ressources loi pinel,https://www.immob.biz/plafond-de-ressources-loi-pinel-comparaison-avec-le-dispositif-duflot,2026-08-31
www.immob.biz,Plafond de ressources Pinel : comment le définir et l'utiliser efficacement ? - Immo B,plafond ressources pinel,https://www.immob.biz/plafond-de-ressources-pinel-comment-le-definir-et-lutiliser-efficacement,2026-08-31
www.immob.biz,Plan de maison – faire construire sa maison design,plan maison,https://www.immob.biz/plan-de-maison-faire-construire-sa-maison-design,2026-08-31
www.immob.biz,Plancher chauffant : quelle chape d'enrobage ? - Immo B,plancher chauffant,https://www.immob.biz/plancher-chauffant-quelle-chape-denrobage,2026-08-31
www.immob.biz,Plans de maisons à étage : découvrez votre modèle idéal en 2025,plans maisons étage,https://www.immob.biz/plans-de-maisons-a-etage-trouvez-le-modele-parfait-pour-vous,2026-08-31
www.immob.biz,"Pompe à chaleur ou chaudière à gaz, quel système de chauffage choisir ? - Immo B",quel système chauffage,https://www.immob.biz/pompe-a-chaleur-ou-chaudiere-a-gaz-quel-systeme-de-chauffage-choisir,2026-08-31
www.immob.biz,Porte de garage : comment faire le bon choix ? - Immo B,porte garage,https://www.immob.biz/porte-de-garage-comment-faire-le-bon-choix,2026-08-31
www.immob.biz,,,https://www.immob.biz/porte-dentree-pourquoi-faire-le-choix-de-laluminium,2026-08-31
www.immob.biz,Pour quelles raisons faut-il passer un chasseur immobilier ? - Immo B,passer chasseur immobilier,https://www.immob.biz/pour-quelles-raisons-faut-il-passer-un-chasseur-immobilier,2026-08-31
www.immob.biz,Pourquoi acheter avec une agence immobilière ? - Immo B,acheter agence immobilière,https://www.immob.biz/pourquoi-acheter-avec-une-agence-immobiliere,2026-08-31
www.immob.biz,Pourquoi acheter dans le neuf à Montpellier - Immo B,acheter neuf montpellier,https://www.immob.biz/pourquoi-acheter-dans-le-neuf-a-montpellier,2026-08-31
www.immob.biz,Pourquoi acheter dans le neuf à Nantes ? - Immo B,acheter neuf nantes,https://www.immob.biz/pourquoi-acheter-dans-le-neuf-a-nantes,2026-08-31
www.immob.biz,Pourquoi acheter soi-même ses matériaux de construction - Immo B,ses matériaux construction,https://www.immob.biz/pourquoi-acheter-soi-meme-ses-materiaux-de-construction,2026-08-31
www.immob.biz,Pourquoi acheter son terrain en lotissement ? - Immo B,son terrain lotissement,https://www.immob.biz/pourquoi-acheter-son-terrain-en-lotissement,2026-08-31
www.immob.biz,Pourquoi acheter un appartement neuf ? - Immo B,pourquoi acheter appartement,https://www.immob.biz/pourquoi-acheter-un-appartement-neuf,2026-08-31
www.immob.biz,appartement neuf en corse : les vraies raisons de faire le choix,appartement neuf corse,https://www.immob.biz/pourquoi-acheter-un-appartement-neuf-en-corse,2026-08-31
www.immob.biz,Pourquoi acheter un logement à Chambéry ? - Immo B,acheter logement chambéry,https://www.immob.biz/pourquoi-acheter-un-logement-a-chambery,2026-08-31
www.immob.biz,Pourquoi acheter un terrain en lotissement ? - Immo B,pourquoi acheter terrain,https://www.immob.biz/pourquoi-acheter-un-terrain-en-lotissement,2026-08-31
www.immob.biz,Pourquoi acheter votre maison avec une agence - Immo B,votre maison agence,https://www.immob.biz/pourquoi-acheter-votre-maison-avec-une-agence,2026-08-31
www.immob.biz,Pourquoi appeler un bureau de contrôle technique bâtiment ? - Immo B,pourquoi appeler bureau,https://www.immob.biz/pourquoi-appeler-un-bureau-de-controle-technique-batiment,2026-08-31
www.immob.biz,Pourquoi choisir d’installer un portail chez soi ? - Immo B,pourquoi choisir installer,https://www.immob.biz/pourquoi-choisir-dinstaller-un-portail-chez-soi,2026-08-31
www.immob.biz,Les bonnes raisons d'opter pour la location de bureau à Bordeaux,location bureau bordeaux,https://www.immob.biz/pourquoi-choisir-la-location-de-bureau-a-bordeaux,2026-08-31
www.immob.biz,Pourquoi choisir l’immobilier locatif en 2022 ? - Immo B,pourquoi choisir immobilier,https://www.immob.biz/pourquoi-choisir-limmobilier-locatif-en-2022,2026-08-31
www.immob.biz,Pourquoi choisir l'isolation liège pour votre habitat - Immo B,isolation liège votre,https://www.immob.biz/pourquoi-choisir-lisolation-liege-pour-votre-habitat,2026-08-31
www.immob.biz,Pourquoi choisir son crédit immobilier via un simulateur ? - Immo B,pourquoi choisir son,https://www.immob.biz/pourquoi-choisir-son-credit-immobilier-via-un-simulateur,2026-08-31
www.immob.biz,Les atouts d'un appartement neuf à Lyon 7 pour investir ou vivre,lyon investir vivre,https://www.immob.biz/pourquoi-choisir-un-appartement-neuf-a-lyon-7-pour-investir-ou-sinstaller,2026-08-31
www.immob.biz,Pourquoi choisir un constructeur de maisons individuelles pour votre projet immobilier - Immo B,constructeur maisons individuelles,https://www.immob.biz/pourquoi-choisir-un-constructeur-de-maisons-individuelles-pour-votre-projet-immobilier,2026-08-31
www.immob.biz,Pourquoi choisir un constructeur pour votre maison ? - Immo B,constructeur votre maison,https://www.immob.biz/pourquoi-choisir-un-constructeur-pour-votre-maison,2026-08-31
www.immob.biz,Pourquoi choisir un escalier en fer pour son intérieur ? - Immo B,pourquoi choisir escalier,https://www.immob.biz/pourquoi-choisir-un-escalier-en-fer-pour-son-interieur,2026-08-31
www.immob.biz,Pourquoi choisir une agence de développement économique ? - Immo B,agence développement économique,https://www.immob.biz/pourquoi-choisir-une-agence-de-developpement-economique,2026-08-31
www.immob.biz,Pourquoi choisir une porte d’entrée en alu ? - Immo B,porte entrée alu,https://www.immob.biz/pourquoi-choisir-une-porte-dentree-en-alu,2026-08-31
www.immob.biz,Pourquoi confier la vente de son bien à une agence - Immo B,pourquoi confier vente,https://www.immob.biz/pourquoi-confier-la-vente-de-son-bien-a-une-agence,2026-08-31
www.immob.biz,Pourquoi construire sa maison dans le Morbihan - Immo B,sa maison morbihan,https://www.immob.biz/pourquoi-construire-sa-maison-dans-le-morbihan,2026-08-31
www.immob.biz,Pourquoi construire une maison dans le Pas-de-Calais ? - Immo B,maison pas calais,https://www.immob.biz/pourquoi-construire-une-maison-dans-le-pas-de-calais,2026-08-31
www.immob.biz,Pourquoi construire une maison en Seine-Maritime ? - Immo B,maison seine maritime,https://www.immob.biz/pourquoi-construire-une-maison-en-seine-maritime,2026-08-31
www.immob.biz,Pourquoi construire une véranda à Rouen est un excellent choix pour votre maison ? - Immo B,véranda rouen est,https://www.immob.biz/pourquoi-construire-une-veranda-a-rouen-est-un-excellent-choix-pour-votre-maison,2026-08-31
www.immob.biz,Pourquoi consulter le PLU et le plan cadastral avant d’acheter un bien immobilier ? - Immo B,pourquoi consulter plu,https://www.immob.biz/pourquoi-consulter-le-plu-et-le-plan-cadastral-avant-dacheter-un-bien-immobilier,2026-08-31
www.immob.biz,Pourquoi contacter un bureau d’études pour votre projet BTP ? - Immo B,votre projet btp,https://www.immob.biz/pourquoi-contacter-un-bureau-detudes-pour-votre-projet-btp,2026-08-31
www.immob.biz,Pourquoi contacter une agence immobilière à Mantes La Jolie ?,pourquoi contacter agence,https://www.immob.biz/pourquoi-contacter-une-agence-immobiliere-a-mantes-la-jolie,2026-08-31
www.immob.biz,Pourquoi contacter une agence immobilière pour la vente de son bien ? - Immo B,agence immobilière vente,https://www.immob.biz/pourquoi-contacter-une-agence-immobiliere-pour-la-vente-de-son-bien,2026-08-31
www.immob.biz,Pourquoi déléguer la gestion d’un immeuble à une agence ? - Immo B,pourquoi déléguer gestion,https://www.immob.biz/pourquoi-deleguer-la-gestion-dun-immeuble-a-une-agence,2026-08-31
www.immob.biz,Avantages de travailler avec un constructeur de maison.,travailler constructeur maison,https://www.immob.biz/pourquoi-engager-un-constructeur-de-maison-pour-la-realisation-de-votre-projet-immobilier,2026-08-31
www.immob.biz,Pourquoi et comment choisir un logiciel de gestion immobilière ? - Immo B,logiciel gestion immobilière,https://www.immob.biz/pourquoi-et-comment-choisir-un-logiciel-de-gestion-immobiliere,2026-08-31
www.immob.biz,Investissement immobilier dans le Sud : l'importance de choisir des professionnels,investissement immobilier sud,https://www.immob.biz/pourquoi-faire-appel-a-des-professionnels-pour-investir-dans-le-sud,2026-08-31
www.immob.biz,Pourquoi faire appel à un chasseur immobilier à Paris ? - Immo B,chasseur immobilier paris,https://www.immob.biz/pourquoi-faire-appel-a-un-chasseur-immobilier-a-paris,2026-08-31
www.immob.biz,Pourquoi faire appel à un constructeur de maison ? - Immo B,appel constructeur maison,https://www.immob.biz/pourquoi-faire-appel-a-un-constructeur-de-maison,2026-08-31
www.immob.biz,Pourquoi faire appel à un couvreur professionnel - Immo B,appel couvreur professionnel,https://www.immob.biz/pourquoi-faire-appel-a-un-couvreur-professionnel,2026-08-31
www.immob.biz,Pourquoi faire appel a un menuisier? - Immo B,faire appel menuisier,https://www.immob.biz/pourquoi-faire-appel-a-un-menuisier,2026-08-31
www.immob.biz,Les bonnes raisons de choisir un service de débarras professionnel,service débarras professionnel,https://www.immob.biz/pourquoi-faire-appel-a-un-service-de-debarrassage,2026-08-31
www.immob.biz,Pourquoi faire appel à une agence immobilière ? - Immo B,appel agence immobilière,https://www.immob.biz/pourquoi-faire-appel-a-une-agence-immobiliere,2026-08-31
www.immob.biz,Pourquoi faire confiance à une agence immobilière? - Immo B,confiance agence immobilière,https://www.immob.biz/pourquoi-faire-confiance-a-une-agence-immobiliere,2026-08-31
www.immob.biz,Pourquoi faire construire sa maison ? - Immo B,pourquoi faire construire,https://www.immob.biz/pourquoi-faire-construire-sa-maison,2026-08-31
www.immob.biz,Pourquoi faire construire sa maison en Gironde ? On vous dit tout ! - Immo B,pourquoi faire construire,https://www.immob.biz/pourquoi-faire-construire-sa-maison-en-gironde-on-vous-dit-tout,2026-08-31
www.immob.biz,Pourquoi faire construire une maison clé en main ? - Immo B,faire construire maison,https://www.immob.biz/pourquoi-faire-construire-une-maison-cle-en-main,2026-08-31
www.immob.biz,Pourquoi faire construire une maison neuve - Immo B,construire maison neuve,https://www.immob.biz/pourquoi-faire-construire-une-maison-neuve,2026-08-31
www.immob.biz,Pourquoi faire estimer votre bien immobilier ? - Immo B,estimer votre immobilier,https://www.immob.biz/pourquoi-faire-estimer-votre-bien-immobilier,2026-08-31
www.immob.biz,Pourquoi faire le choix de plot réglable pour votre terrasse ? - Immo B,réglable votre terrasse,https://www.immob.biz/pourquoi-faire-le-choix-de-plot-reglable-pour-votre-terrasse,2026-08-31
www.immob.biz,Pourquoi faire le choix du CCMI pour votre projet ? - Immo B,ccmi votre projet,https://www.immob.biz/pourquoi-faire-le-choix-du-ccmi-pour-votre-projet,2026-08-31
www.immob.biz,Pourquoi faire le choix d’un investissement en loi Pinel ? - Immo B,investissement loi pinel,https://www.immob.biz/pourquoi-faire-le-choix-dun-investissement-en-loi-pinel,2026-08-31
www.immob.biz,Pourquoi faire un état des lieux de votre bien - Immo B,pourquoi faire état,https://www.immob.biz/pourquoi-faire-un-etat-des-lieux-de-votre-bien,2026-08-31
www.immob.biz,Souscrire une assurance habitation protège vraiment votre quotidien,souscrire assurance habitation,https://www.immob.biz/pourquoi-faut-il-souscrire-une-assurance-habitation,2026-08-31
www.immob.biz,Pourquoi installer une palissade de chantier ? - Immo B,installer palissade chantier,https://www.immob.biz/pourquoi-installer-une-palissade-de-chantier,2026-08-31
www.immob.biz,Pourquoi installer une pergola dans l'Aveyron ? - Immo B,pourquoi installer pergola,https://www.immob.biz/pourquoi-installer-une-pergola-dans-laveyron,2026-08-31
www.immob.biz,Pourquoi investir à Bordeaux avec la loi Pinel ? - Immo B,pourquoi investir bordeaux,https://www.immob.biz/pourquoi-investir-a-bordeaux-avec-la-loi-pinel,2026-08-31
www.immob.biz,Pourquoi investir dans de l’immobilier meublé ? - Immo B,pourquoi investir immobilier,https://www.immob.biz/pourquoi-investir-dans-de-limmobilier-meuble,2026-08-31
www.immob.biz,Pourquoi investir dans le neuf à Rennes ? - Immo B,investir neuf rennes,https://www.immob.biz/pourquoi-investir-dans-le-neuf-a-rennes,2026-08-31
www.immob.biz,Pourquoi investir dans le neuf avec un promoteur - Immo B,investir neuf promoteur,https://www.immob.biz/pourquoi-investir-dans-le-neuf-avec-un-promoteur,2026-08-31
www.immob.biz,Pourquoi investir dans l'immobilier à Monaco ? - Immo B,investir immobilier monaco,https://www.immob.biz/pourquoi-investir-dans-limmobilier-a-monaco,2026-08-31
www.immob.biz,,,https://www.immob.biz/pourquoi-investir-dans-limmobilier-dentreprise,2026-08-31
www.immob.biz,Pourquoi investir dans l'immobilier en Corse ? - Immo B,pourquoi investir immobilier,https://www.immob.biz/pourquoi-investir-dans-limmobilier-en-corse,2026-08-31
www.immob.biz,Pourquoi investir dans l'immobilier en Espagne ? - Immo B,investir immobilier espagne,https://www.immob.biz/pourquoi-investir-dans-limmobilier-en-espagne,2026-08-31
www.immob.biz,Pourquoi investir dans l'immobilier en Loi Pinel ? - Immo B - Immo B,pourquoi investir immobilier,https://www.immob.biz/pourquoi-investir-dans-limmobilier-en-loi-pinel,2026-08-31
www.immob.biz,Pourquoi investir dans l'immobilier locatif ? - Immo B,pourquoi investir immobilier,https://www.immob.biz/pourquoi-investir-dans-limmobilier-locatif,2026-08-31
www.immob.biz,Pourquoi investir dans l'immobilier locatif à Lille ? - Immo B,immobilier locatif lille,https://www.immob.biz/pourquoi-investir-dans-limmobilier-locatif-a-lille,2026-08-31
www.immob.biz,Pourquoi investir dans l'immobilier neuf ? - Immo B,pourquoi investir immobilier,https://www.immob.biz/pourquoi-investir-dans-limmobilier-neuf,2026-08-31
www.immob.biz,Pourquoi investir dans l’immobilier neuf à Nantes ? - Immo B,immobilier neuf nantes,https://www.immob.biz/pourquoi-investir-dans-limmobilier-neuf-a-nantes,2026-08-31
www.immob.biz,Pourquoi investir dans l'immobilier neuf à nantes : avantages et opportunités - Immo B,immobilier neuf nantes,https://www.immob.biz/pourquoi-investir-dans-limmobilier-neuf-a-nantes-avantages-et-opportunites,2026-08-31
www.immob.biz,Pourquoi investir dans l'immobilier professionnel à Rouen ? - Immo B,immobilier professionnel rouen,https://www.immob.biz/pourquoi-investir-dans-limmobilier-professionnel-a-rouen,2026-08-31
www.immob.biz,Pourquoi investir dans un bureau d'agence immobilière ? - Immo B,pourquoi investir bureau,https://www.immob.biz/pourquoi-investir-dans-un-bureau-dagence-immobiliere,2026-08-31
www.immob.biz,Pourquoi investir dans un domaine viticole ? - Immo B,pourquoi investir domaine,https://www.immob.biz/pourquoi-investir-dans-un-domaine-viticole,2026-08-31
www.immob.biz,Pourquoi investir dans un programme immobilier à Strasbourg est un choix idéal - Immo B,strasbourg est choix,https://www.immob.biz/pourquoi-investir-dans-un-programme-immobilier-a-strasbourg-est-un-choix-ideal,2026-08-31
www.immob.biz,Pourquoi investir dans une SCPI Internationale ? - Immo B,investir scpi internationale,https://www.immob.biz/pourquoi-investir-dans-une-scpi-internationale,2026-08-31
www.immob.biz,Pourquoi investir dans une station de lavage - Immo B,pourquoi investir station,https://www.immob.biz/pourquoi-investir-dans-une-station-de-lavage,2026-08-31
www.immob.biz,Pourquoi la flexibilité est devenue un critère clé dans la location de bureaux ? - Immo B,pourquoi flexibilité est,https://www.immob.biz/pourquoi-la-flexibilite-est-devenue-un-critere-cle-dans-la-location-de-bureaux,2026-08-31
www.immob.biz,Pourquoi l'assurance responsabilité civile et décennale (RCD) est essentielle pour les entrepreneurs du BTP - Immo B,pourquoi assurance responsabilité,https://www.immob.biz/pourquoi-lassurance-responsabilite-civile-et-decennale-rcd-est-essentielle-pour-les-entrepreneurs-du-btp,2026-08-31
www.immob.biz,Pourquoi le revêtement mural Bois est-il autant tendance ? - Immo B,pourquoi revêtement mural,https://www.immob.biz/pourquoi-le-revetement-mural-bois-est-il-autant-tendance,2026-08-31
www.immob.biz,Pourquoi les escaliers en acier cartonnent ? - Immo B,escaliers acier cartonnent,https://www.immob.biz/pourquoi-les-escaliers-en-acier-cartonnent,2026-08-31
www.immob.biz,Pourquoi l'estimation immobilière en ligne est la clé de la réussite pour vendre un bien immobilier ? - Immo B,pourquoi estimation immobilière,https://www.immob.biz/pourquoi-lestimation-immobiliere-en-ligne-est-la-cle-de-la-reussite-pour-vendre-un-bien-immobilier,2026-08-31
www.immob.biz,Pourquoi l'immobilier en Bretagne a la côte ? - Immo B,pourquoi immobilier bretagne,https://www.immob.biz/pourquoi-limmobilier-en-bretagne-a-la-cote,2026-08-31
www.immob.biz,Pourquoi l'investissement locatif est une bonne idée pour développer son patrimoine - Immo B,pourquoi investissement locatif,https://www.immob.biz/pourquoi-linvestissement-locatif-est-une-bonne-idee-pour-developper-son-patrimoine,2026-08-31
www.immob.biz,Pourquoi MyCitya change la relation entre syndic et copropriétaires ? - Immo B,entre syndic copropriétaires,https://www.immob.biz/pourquoi-mycitya-change-la-relation-entre-syndic-et-coproprietaires,2026-08-31
www.immob.biz,,,https://www.immob.biz/pourquoi-nantes-est-une-destination-de-choix-pour-investir-dans-limmobilier,2026-08-31
www.immob.biz,Pourquoi obtenir un prêt immobilier ? - Immo B,obtenir prêt immobilier,https://www.immob.biz/pourquoi-obtenir-un-pret-immobilier,2026-08-31
www.immob.biz,Pourquoi Oiger séduit de plus en plus d'investisseurs immobiliers ? - Immo B,plus investisseurs immobiliers,https://www.immob.biz/pourquoi-oiger-seduit-de-plus-en-plus-dinvestisseurs-immobiliers,2026-08-31
www.immob.biz,Pourquoi opter pour le panneau composite aluminium pour la rénovation de votre façade - Immo B,rénovation votre façade,https://www.immob.biz/pourquoi-opter-pour-le-panneau-composite-aluminium-pour-la-renovation-de-votre-facade,2026-08-31
www.immob.biz,Pourquoi opter pour l’individualisation des frais de chauffage et d’eau ? - Immo B,individualisation frais chauffage,https://www.immob.biz/pourquoi-opter-pour-lindividualisation-des-frais-de-chauffage-et-deau,2026-08-31
www.immob.biz,Pourquoi opter pour un revêtement mural en PVC ? - Immo B,pourquoi opter revêtement,https://www.immob.biz/pourquoi-opter-pour-un-revetement-mural-en-pvc,2026-08-31
www.immob.biz,Pourquoi opter pour une extension de maison en bois ? - Immo B,extension maison bois,https://www.immob.biz/pourquoi-opter-pour-une-extension-de-maison-en-bois,2026-08-31
www.immob.biz,Vivre mieux tout en réduisant sa facture grâce à la maison passive,vivre mieux tout,https://www.immob.biz/pourquoi-opter-pour-une-maison-passive,2026-08-31
www.immob.biz,Pourquoi opter pour une prestation clés en main dans votre projet de rénovation d'appartement ? - Immo B,votre projet rénovation,https://www.immob.biz/pourquoi-opter-pour-une-prestation-cles-en-main-dans-votre-projet-de-renovation-dappartement,2026-08-31
www.immob.biz,Pourquoi opter pour une serrure A2P ? - Immo B,pourquoi opter serrure,https://www.immob.biz/pourquoi-opter-pour-une-serrure-a2p,2026-08-31
www.immob.biz,Les vrais avantages de faire appel à un courtier immobilier,vrais avantages faire,https://www.immob.biz/pourquoi-passer-par-un-courtier-immobilier,2026-08-31
www.immob.biz,,,https://www.immob.biz/pourquoi-passer-par-un-notaire-pour-acheter,2026-08-31
www.immob.biz,Pourquoi passer par un promoteur immobilier ? - Immo B,pourquoi passer promoteur,https://www.immob.biz/pourquoi-passer-par-un-promoteur-immobilier,2026-08-31
www.immob.biz,Pourquoi passer par une agence immobilière à Dunkerque ? - Immo B,pourquoi passer agence,https://www.immob.biz/pourquoi-passer-par-une-agence-immobiliere-a-dunkerque,2026-08-31
www.immob.biz,Pourquoi passer par une agence pour votre location ? - Immo B,pourquoi passer agence,https://www.immob.biz/pourquoi-passer-par-une-agence-pour-votre-location,2026-08-31
www.immob.biz,Pourquoi procéder à l'isolation des combles perdus ? - Immo B,isolation combles perdus,https://www.immob.biz/pourquoi-proceder-a-lisolation-des-combles-perdus,2026-08-31
www.immob.biz,Pourquoi procéder à une isolation de vos tuyaux ? - Immo B,isolation vos tuyaux,https://www.immob.biz/pourquoi-proceder-a-une-isolation-de-vos-tuyaux,2026-08-31
www.immob.biz,Pourquoi réaliser un aménagement des combles ? - Immo B,pourquoi réaliser aménagement,https://www.immob.biz/pourquoi-realiser-un-amenagement-des-combles,2026-08-31
www.immob.biz,Pourquoi réaliser une expertise immobilière - Immo B,pourquoi réaliser expertise,https://www.immob.biz/pourquoi-realiser-une-expertise-immobiliere,2026-08-31
www.immob.biz,Pourquoi recourir à un avocat à Perpignan pour des règles d'urbanisme ? - Immo B,pourquoi recourir avocat,https://www.immob.biz/pourquoi-recourir-a-un-avocat-a-perpignan-pour-des-regles-durbanisme,2026-08-31
www.immob.biz,Les vraies raisons de rénover son logement aujourd'hui,vraies raisons rénover,https://www.immob.biz/pourquoi-renover-son-logement,2026-08-31
www.immob.biz,Pourquoi se faire construire une maison passive ? - Immo B,construire maison passive,https://www.immob.biz/pourquoi-se-faire-construire-une-maison-passive,2026-08-31
www.immob.biz,Pourquoi se rapprocher d'un promoteur immobilier ? - Immo B,rapprocher promoteur immobilier,https://www.immob.biz/pourquoi-se-rapprocher-dun-promoteur-immobilier,2026-08-31
www.immob.biz,Pourquoi solliciter les services d'un constructeur de maison en Drôme-Ardèche - Immo B,services constructeur maison,https://www.immob.biz/pourquoi-solliciter-les-services-dun-constructeur-de-maison-en-drome-ardeche,2026-08-31
www.immob.biz,Pourquoi solliciter l’expertise d’un constructeur de maison design ? - Immo B,constructeur maison design,https://www.immob.biz/pourquoi-solliciter-lexpertise-dun-constructeur-de-maison-design,2026-08-31
www.immob.biz,Faire appel à une entreprise de débarras à Lyon pour un service sans stress,entreprise débarras lyon,https://www.immob.biz/pourquoi-solliciter-lexpertise-dune-entreprise-de-debarrassage-de-maison-a-lyon,2026-08-31
www.immob.biz,,,https://www.immob.biz/pourquoi-souscrire-a-une-assurance-emprunteur,2026-08-31
www.immob.biz,Pourquoi souscrire une SCPI fiscale en 2022 ? - Immo B,souscrire scpi fiscale,https://www.immob.biz/pourquoi-souscrire-une-scpi-fiscale-en-2022,2026-08-31
www.immob.biz,Pourquoi un chasseur immobilier vous permet de trouver votre perle rare ? - Immo B,votre perle rare,https://www.immob.biz/pourquoi-un-chasseur-immobilier-vous-permet-de-trouver-votre-perle-rare,2026-08-31
www.immob.biz,Pourquoi un courtier immobilier peut-il vous proposer les meilleurs taux ? - Immo B,proposer meilleurs taux,https://www.immob.biz/pourquoi-un-courtier-immobilier-peut-il-vous-proposer-les-meilleurs-taux,2026-08-31
www.immob.biz,Pourquoi utiliser un kutch triangulaire ? - Immo B,utiliser kutch triangulaire,https://www.immob.biz/pourquoi-utiliser-un-kutch-triangulaire,2026-08-31
www.immob.biz,Pourquoi choisir un logiciel de diagnostic immobilier pour vos expertises,logiciel diagnostic immobilier,https://www.immob.biz/pourquoi-utiliser-un-logiciel-de-diagnostic-immobilier,2026-08-31
www.immob.biz,Pourquoi utiliser un logiciel de gestion immobilière ? - Immo B,logiciel gestion immobilière,https://www.immob.biz/pourquoi-utiliser-un-logiciel-de-gestion-immobiliere,2026-08-31
www.immob.biz,Pourquoi utiliser un simulateur de crédit immobilier ? - Immo B,simulateur crédit immobilier,https://www.immob.biz/pourquoi-utiliser-un-simulateur-de-credit-immobilier,2026-08-31
www.immob.biz,Pourquoi utiliser une sangle pour votre déménagement ? - Immo B,sangle votre déménagement,https://www.immob.biz/pourquoi-utiliser-une-sangle-pour-votre-demenagement,2026-08-31
www.immob.biz,Pourquoi vous devez faire confiance à votre agent immobilier ?,votre agent immobilier,https://www.immob.biz/pourquoi-vous-devez-faire-confiance-a-votre-agent-immobilier,2026-08-31
www.immob.biz,Préavis appartement lettre envoyée trop tard : que faire pour limiter les frais ? - Immo B,lettre envoyée trop,https://www.immob.biz/preavis-appartement-lettre-envoyee-trop-tard-que-faire-pour-limiter-les-frais,2026-08-31
www.immob.biz,Première demande de logement : comment obtenir un code spécifique auprès d'Action Logement ? - Immo B,première demande logement,https://www.immob.biz/premiere-demande-de-logement-comment-obtenir-un-code-specifique-aupres-daction-logement,2026-08-31
www.immob.biz,Les conseils pratiques pour réussir son déménagement,conseils pratiques réussir,https://www.immob.biz/preparer-efficacement-son-demenagement-conseils-et-etapes-cles,2026-08-31
www.immob.biz,,,https://www.immob.biz/preparer-son-demenagement-check-list-et-bonnes-pratiques,2026-08-31
www.immob.biz,Préparer son déménagement : déterminez le bon moment pour débuter les préparatifs - Immo B,préparer son déménagement,https://www.immob.biz/preparer-son-demenagement-determinez-le-bon-moment-pour-debuter-les-preparatifs,2026-08-31
www.immob.biz,Prescription travaux non-déclarés : délai légal et conseils - Immo B,prescription travaux non,https://www.immob.biz/prescription-travaux-non-declares-delai-legal-et-conseils,2026-08-31
www.immob.biz,Présentation des aides du gouvernement pour acheter dans le neuf - Immo B,gouvernement acheter neuf,https://www.immob.biz/presentation-des-aides-du-gouvernement-pour-acheter-dans-le-neuf,2026-08-31
www.immob.biz,Prêt étudiant pour achat immobilier : les pièges juridiques à éviter absolument - Immo B,étudiant achat immobilier,https://www.immob.biz/pret-etudiant-pour-achat-immobilier-les-pieges-juridiques-a-eviter-absolument,2026-08-31
www.immob.biz,Prêt hypothécaire : comment souscrire à un crédit en Belgique ? - Immo B,prêt hypothécaire,https://www.immob.biz/pret-hypothecaire-comment-souscrire-a-un-credit-en-belgique,2026-08-31
www.immob.biz,Prêt immobilier : 59 % des Français pensent que la période est idéale pour investir - Immo B,prêt immobilier,https://www.immob.biz/pret-immobilier-59-des-francais-pensent-que-la-periode-est-ideale-pour-investir,2026-08-31
www.immob.biz,Prêt immobilier : en route vers une remontée des taux de crédit en 2021 ? - Immo B,prêt immobilier,https://www.immob.biz/pret-immobilier-en-route-vers-une-remontee-des-taux-de-credit-en-2021,2026-08-31
www.immob.biz,Prêt immobilier : les meilleures simulations pour son crédit ? - Immo B,prêt immobilier,https://www.immob.biz/pret-immobilier-les-meilleures-simulations-pour-son-credit,2026-08-31
www.immob.biz,Prêt immobilier sans apport : quelle banque choisir ?,prêt immobilier sans,https://www.immob.biz/pret-immobilier-sans-apport-quelle-banque-choisir,2026-08-31
www.immob.biz,Prêt personnel : comprendre le crédit et choisir la bonne solution,prêt personnel,https://www.immob.biz/pret-personnel-comprendre-le-systeme-de-credit-et-choisir-la-bonne-solution,2026-08-31
www.immob.biz,Prêt personnel et bien immobilier : sont-ils compatibles ? - Immo B,prêt personnel immobilier,https://www.immob.biz/pret-personnel-et-bien-immobilier-sont-ils-compatibles,2026-08-31
www.immob.biz,Prêter de l'argent à une SCI : les acteurs et possibilités - Immo B,prêter argent sci,https://www.immob.biz/preter-de-largent-a-une-sci-les-acteurs-et-possibilites,2026-08-31
www.immob.biz,Prêts : quel type a le taux d'intérêt le plus bas ? Découvrez les options - Immo B,prêts,https://www.immob.biz/prets-quel-type-a-le-taux-dinteret-le-plus-bas-decouvrez-les-options,2026-08-31
www.immob.biz,Prévoir un déménagement professionnel : combien ça coûte ?,prévoir déménagement professionnel,https://www.immob.biz/prevoir-un-demenagement-professionnel-combien-ca-coute,2026-08-31
www.immob.biz,Prime de déménagement caf : qui peut en bénéficier et comment l'obtenir ? - Immo B,prime déménagement caf,https://www.immob.biz/prime-de-demenagement-caf-qui-peut-en-beneficier-et-comment-lobtenir,2026-08-31
www.immob.biz,Prix de l’immobilier à Lyon : les actualités - Immo B,prix immobilier lyon,https://www.immob.biz/prix-de-limmobilier-a-lyon-les-actualites,2026-08-31
www.immob.biz,Prix de l'ITE : comment évaluer le coût de votre isolation thermique extérieure - Immo B,prix ite,https://www.immob.biz/prix-de-lite-comment-evaluer-le-cout-de-votre-isolation-thermique-exterieure,2026-08-31
www.immob.biz,Prix déménagement : combien coûte un petit déménagement ? - Immo B,prix déménagement,https://www.immob.biz/prix-demenagement-combien-coute-un-petit-demenagement,2026-08-31
www.immob.biz,Prix moyen d'un déménagement : combien coûte un déménagement en 2023 ? - Immo B,prix moyen déménagement,https://www.immob.biz/prix-moyen-dun-demenagement-combien-coute-un-demenagement-en-2023,2026-08-31
www.immob.biz,Prix porte d'entrée blindée: allier design et haute sécurité sans intermédiaire - Immo B,design haute sécurité,https://www.immob.biz/prix-porte-dentree-blindee-allier-design-et-haute-securite-sans-intermediaire,2026-08-31
www.immob.biz,Professionnels : quel fournisseur d’énergie choisir ? - Immo B,professionnels,https://www.immob.biz/professionnels-quel-fournisseur-denergie-choisir,2026-08-31
www.immob.biz,Profiter des alpes françaises : comment choisir son hébergement de luxe pour des vacances à Megève - Immo B,profiter alpes françaises,https://www.immob.biz/profiter-des-alpes-francaises-comment-choisir-son-hebergement-de-luxe-pour-des-vacances-a-megeve,2026-08-31
www.immob.biz,Trouver le bon emplacement pour un programme immobilier neuf,programme immobilier neuf,https://www.immob.biz/programme-immobilier-neuf-comment-choisir-lemplacement-ideal,2026-08-31
www.immob.biz,Projet de construction d'une maison pas chère - Immo B,maison pas chère,https://www.immob.biz/projet-de-construction-dune-maison-pas-chere,2026-08-31
www.immob.biz,Projet de construction : quel est le coût d'une étude de sol ? - Immo B,projet construction,https://www.immob.biz/projet-de-construction-quel-est-le-cout-dune-etude-de-sol,2026-08-31
www.immob.biz,Prolonger Duflot de 9 à 12 ans : démarches et conseils pour optimiser votre investissement - Immo B,prolonger duflot 12,https://www.immob.biz/prolonger-duflot-de-9-a-12-ans-demarches-et-conseils-pour-optimiser-votre-investissement,2026-08-31
www.immob.biz,Promotion immobilière sur Paris - Immo B,promotion immobilière paris,https://www.immob.biz/promotion-immobiliere-sur-paris,2026-08-31
www.immob.biz,"Guide pratique : bail location, conseils avant signature",pratique,https://www.immob.biz/proprietaire-bailleur-les-reflexes-a-adopter-avant-de-signer-un-bail,2026-08-31
www.immob.biz,Protection contre les loyers impayés : stratégies et conseils efficaces - Immo B,protection contre loyers,https://www.immob.biz/protection-contre-les-loyers-impayes-strategies-et-conseils-efficaces,2026-08-31
www.immob.biz,Protection et sécurité grâce au rideau métallique - Immo B,grâce rideau métallique,https://www.immob.biz/protection-et-securite-grace-au-rideau-metallique,2026-08-31
www.immob.biz,Protégez votre demeure avec des châssis de qualité - Immo B,votre demeure châssis,https://www.immob.biz/protegez-votre-demeure-avec-des-chassis-de-qualite,2026-08-31
www.immob.biz,Quand contacter un conseiller immobilier ? - Immo B,contacter conseiller immobilier,https://www.immob.biz/quand-contacter-un-conseiller-immobilier,2026-08-31
www.immob.biz,Quand faire les diagnostics d'un appartement ? - Immo B,diagnostics appartement,https://www.immob.biz/quand-faire-les-diagnostics-dun-appartement,2026-08-31
www.immob.biz,Le bon moment pour effectuer un diagnostic immobilier,effectuer diagnostic immobilier,https://www.immob.biz/quand-faut-il-realiser-un-diagnostic-immobilier,2026-08-31
www.immob.biz,Quand réaliser les diagnostics immobiliers pour louer votre bien ? - Immo B,diagnostics immobiliers louer,https://www.immob.biz/quand-realiser-les-diagnostics-immobiliers-pour-louer-votre-bien,2026-08-31
www.immob.biz,Le meilleur moment pour souscrire un prêt immobilier à Paris,meilleur moment souscrire,https://www.immob.biz/quand-souscrire-un-pret-pour-investir-a-paris,2026-08-31
www.immob.biz,Quantité de fissuration des murs : comment évaluer et traiter efficacement ? - Immo B,quantité fissuration murs,https://www.immob.biz/quantite-de-fissuration-des-murs-comment-evaluer-et-traiter-efficacement,2026-08-31
www.immob.biz,Quatre (4) raisons pour lesquelles vous devez choisir un tube en acier pour vos constructions - Immo B,choisir tube acier,https://www.immob.biz/quatre-4-raisons-pour-lesquelles-vous-devez-choisir-un-tube-en-acier-pour-vos-constructions,2026-08-31
www.immob.biz,Quatre éléments incontournables de la construction d’une maison - Immo B,incontournables construction maison,https://www.immob.biz/quatre-elements-incontournables-de-la-construction-dune-maison,2026-08-31
www.immob.biz,Les éléments indispensables d'un contrat de bail à usage d'habitation,bail usage habitation,https://www.immob.biz/que-doit-contenir-un-contrat-de-bail-a-usage-dhabitation,2026-08-31
www.immob.biz,Que faire avant de mettre votre maison en vente ? - Immo B,votre maison vente,https://www.immob.biz/que-faire-avant-de-mettre-votre-maison-en-vente,2026-08-31
www.immob.biz,Que faire si le temps de réponse après visite appartement hlm vous paraît anormal ? - Immo B,visite appartement hlm,https://www.immob.biz/que-faire-si-le-temps-de-reponse-apres-visite-appartement-hlm-vous-parait-anormal,2026-08-31
www.immob.biz,Que savoir sur les tendances actuelles des prix de l'immobilier ? - Immo B,tendances actuelles prix,https://www.immob.biz/que-savoir-sur-les-tendances-actuelles-des-prix-de-limmobilier,2026-08-31
www.immob.biz,Que veut dire FAI ? - Immo B,veut dire fai,https://www.immob.biz/que-veut-dire-fai,2026-08-31
www.immob.biz,Apport personnel nécessaire pour obtenir un prêt immobilier en 2024,prêt immobilier 2024,https://www.immob.biz/quel-apport-personnel-pour-contracter-un-pret-immobilier,2026-08-31
www.immob.biz,Quel avenir pour la loi Pinel en 2020 ? - Immo B,avenir loi pinel,https://www.immob.biz/quel-avenir-pour-la-loi-pinel-en-2020,2026-08-31
www.immob.biz,Quel budget pour changer les portes intérieures ? - Immo B,changer portes intérieures,https://www.immob.biz/quel-budget-pour-changer-les-portes-interieures,2026-08-31
www.immob.biz,Estimer le budget idéal pour meubler sa maison efficacement,meubler sa maison,https://www.immob.biz/quel-budget-pour-meubler-sa-maison,2026-08-31
www.immob.biz,Quel budget pour un garde meuble ? - Immo B,quel budget garde,https://www.immob.biz/quel-budget-pour-un-garde-meuble,2026-08-31
www.immob.biz,Estimer le budget nécessaire pour rénover sa toiture,budget nécessaire rénover,https://www.immob.biz/quel-budget-pour-une-renovation-de-toiture,2026-08-31
www.immob.biz,Quel budget prévoir pour l'achat d'une maison à Lille ? - Immo B,achat maison lille,https://www.immob.biz/quel-budget-prevoir-pour-lachat-dune-maison-a-lille,2026-08-31
www.immob.biz,Quel budget prévoir pour l’installation de store ? - Immo B,quel budget prévoir,https://www.immob.biz/quel-budget-prevoir-pour-linstallation-de-store,2026-08-31
www.immob.biz,Quel budget prévoir pour un déménagement ? - Immo B,budget prévoir déménagement,https://www.immob.biz/quel-budget-prevoir-pour-un-demenagement,2026-08-31
www.immob.biz,Quel choix faire pour ses fenêtres en aluminium ? - Immo B,ses fenêtres aluminium,https://www.immob.biz/quel-choix-faire-pour-ses-fenetres-en-aluminium,2026-08-31
www.immob.biz,Quel constructeur de maison choisir ? - Immo B,constructeur maison choisir,https://www.immob.biz/quel-constructeur-de-maison-choisir,2026-08-31
www.immob.biz,Diagnostic immobilier : quel est le coût d’une telle opération ?,diagnostic immobilier,https://www.immob.biz/quel-est-le-cout-dun-diagnostic-immobilier,2026-08-31
www.immob.biz,Quel est le dosage d'un mortier de chape ? - Immo B,est dosage mortier,https://www.immob.biz/quel-est-le-dosage-dun-mortier-de-chape,2026-08-31
www.immob.biz,Quel est le prix d’une pergola en aluminium ? - Immo B,prix pergola aluminium,https://www.immob.biz/quel-est-le-prix-dune-pergola-en-aluminium,2026-08-31
www.immob.biz,Quel est le taux le plus bas pour un prêt immobilier ? - Immo B,quel est taux,https://www.immob.biz/quel-est-le-taux-le-plus-bas-pour-un-pret-immobilier,2026-08-31
www.immob.biz,Quel est l’intérêt de passer par une agence immobilière en ligne - Immo B,passer agence immobilière,https://www.immob.biz/quel-est-linteret-de-passer-par-une-agence-immobiliere-en-ligne,2026-08-31
www.immob.biz,Quel est l'intérêt d'engager un avocat pour une affaire de succession - Immo B,avocat affaire succession,https://www.immob.biz/quel-est-linteret-dengager-un-avocat-pour-une-affaire-de-succession,2026-08-31
www.immob.biz,"Quel fournisseur historique privilégier, EDF ou Engie ? - Immo B",fournisseur historique privilégier,https://www.immob.biz/quel-fournisseur-historique-privilegier-edf-ou-engie,2026-08-31
www.immob.biz,Quel isolant choisir pour une isolation sous parquet ? - Immo B,isolation sous parquet,https://www.immob.biz/quel-isolant-choisir-pour-une-isolation-sous-parquet,2026-08-31
www.immob.biz,Quel matériau pour faire une isolation naturelle de sa maison ? - Immo B,matériau faire isolation,https://www.immob.biz/quel-materiau-pour-faire-une-isolation-naturelle-de-sa-maison,2026-08-31
www.immob.biz,Qui peut se porter garant pour votre caution ?,garant votre caution,https://www.immob.biz/quel-organisme-peut-avancer-une-caution,2026-08-31
www.immob.biz,Quel parcours d’études pour devenir architecte professionnel ? - Immo B,études devenir architecte,https://www.immob.biz/quel-parcours-detudes-pour-devenir-architecte-professionnel,2026-08-31
www.immob.biz,Quel professionnel pour faire construire une maison individuelle dans le Rhône ? - Immo B,maison individuelle rhône,https://www.immob.biz/quel-professionnel-pour-faire-construire-une-maison-individuelle-dans-le-rhone,2026-08-31
www.immob.biz,Bien choisir son promoteur immobilier pour un projet serein,promoteur immobilier projet,https://www.immob.biz/quel-promoteur-immobilier-choisir,2026-08-31
www.immob.biz,Quel rupteur de pont thermique choisir ? - Immo B,rupteur pont thermique,https://www.immob.biz/quel-rupteur-de-pont-thermique-choisir,2026-08-31
www.immob.biz,Salaire nécessaire pour un prêt de 170 000 euros sur 25 ans,salaire nécessaire prêt,https://www.immob.biz/quel-salaire-pour-emprunter-170-000-euros-sur-25-ans,2026-08-31
www.immob.biz,Prêt de 150.000 euros : quel est le salaire nécessaire pour avoir cette somme?,150 000 euros,https://www.immob.biz/quel-salaire-pour-un-pret-de-150-000-euros,2026-08-31
www.immob.biz,,,https://www.immob.biz/quel-terrain-a-vendre-bord-de-mer-choisir-pour-un-projet-familial-durable,2026-08-31
www.immob.biz,Quel type de chauffage choisir pour faire des économies ? - Immo B,choisir faire économies,https://www.immob.biz/quel-type-de-chauffage-choisir-pour-faire-des-economies,2026-08-31
www.immob.biz,Quel type de volet battant choisir pour ma maison ? - Immo B,volet battant choisir,https://www.immob.biz/quel-type-de-volet-battant-choisir-pour-ma-maison,2026-08-31
www.immob.biz,Quelle agence immobilière choisir pour la gestion locative ? - Immo B,agence immobilière choisir,https://www.immob.biz/quelle-agence-immobiliere-choisir-pour-la-gestion-locative,2026-08-31
www.immob.biz,Quelles options choisir à la place d'une SCI ?,quelles options choisir,https://www.immob.biz/quelle-alternative-a-la-sci,2026-08-31
www.immob.biz,Quelle assurance habitation pour une location meublée ? - Immo B,habitation location meublée,https://www.immob.biz/quelle-assurance-habitation-pour-une-location-meublee,2026-08-31
www.immob.biz,Choisir la bonne assurance propriétaire non occupant en 2024,bonne assurance propriétaire,https://www.immob.biz/quelle-assurance-proprietaire-non-occupant,2026-08-31
www.immob.biz,Bien choisir sa climatisation pour un confort optimal chez soi,optimal chez soi,https://www.immob.biz/quelle-climatisation-choisir-pour-son-logement,2026-08-31
www.immob.biz,Quelle est la durée de validité d'un diagnostic immobilier ? - Immo B,diagnostic immobilier,https://www.immob.biz/quelle-est-la-duree-de-validite-dun-diagnostic-immobilier,2026-08-31
www.immob.biz,Fiscalité des Plus-values issues de la revente de part de SCPI : que faut-il savoir?,fiscalité plus values,https://www.immob.biz/quelle-est-la-fiscalite-des-plus-values-issues-de-la-revente-de-part-de-scpi,2026-08-31
www.immob.biz,Quelle est la rentabilité d'une isolation par l'extérieur ? - Immo B,est rentabilité isolation,https://www.immob.biz/quelle-est-la-rentabilite-dune-isolation-par-lexterieur,2026-08-31
www.immob.biz,Quelle forme de maison choisir en 2022 ? - Immo B,maison choisir 2022,https://www.immob.biz/quelle-forme-de-maison-choisir-en-2022,2026-08-31
www.immob.biz,Quelle solution de chauffage choisir en 2022 ? - Immo B,chauffage choisir 2022,https://www.immob.biz/quelle-solution-de-chauffage-choisir-en-2022,2026-08-31
www.immob.biz,Comment trouver une solution fiable pour héberger les étudiants,fiable héberger étudiants,https://www.immob.biz/quelle-solution-pour-heberger-les-etudiants,2026-08-31
www.immob.biz,Quelles erreurs éviter pour changer les fenêtres de son logement ? - Immo B,fenêtres son logement,https://www.immob.biz/quelles-erreurs-eviter-pour-changer-les-fenetres-de-son-logement,2026-08-31
www.immob.biz,Quelles missions pour un mandataire immobilier ? - Immo B,quelles missions mandataire,https://www.immob.biz/quelles-missions-pour-un-mandataire-immobilier,2026-08-31
www.immob.biz,Prestations d'un plombier à Paris 19 : ce qu'il peut vraiment faire pour vous,prestations plombier paris,https://www.immob.biz/quelles-prestations-demander-a-un-plombier-a-paris-19,2026-08-31
www.immob.biz,Quelles prévisions pour le marché de l’immobilier ? - Immo B,prévisions marché immobilier,https://www.immob.biz/quelles-previsions-pour-le-marche-de-limmobilier,2026-08-31
www.immob.biz,Quelles sont les 3 étapes essentielles pour réussir la vente de votre maison ? - Immo B,réussir vente votre,https://www.immob.biz/quelles-sont-les-3-etapes-essentielles-pour-reussir-la-vente-de-votre-maison,2026-08-31
www.immob.biz,Quelles sont les aides pour financer l’achat de votre maison ? - Immo B,financer achat votre,https://www.immob.biz/quelles-sont-les-aides-pour-financer-lachat-de-votre-maison,2026-08-31
www.immob.biz,Quelles sont les charges annuelles pour un propriétaire ? - Immo B,charges annuelles propriétaire,https://www.immob.biz/quelles-sont-les-charges-annuelles-pour-un-proprietaire,2026-08-31
www.immob.biz,Quelles sont les démarches à réaliser pour construire sa maison ? - Immo B,démarches réaliser construire,https://www.immob.biz/quelles-sont-les-demarches-a-realiser-pour-construire-sa-maison,2026-08-31
www.immob.biz,Quelles sont les départements où on utilise le plus la cheminée ? - Immo B,quelles sont départements,https://www.immob.biz/quelles-sont-les-departements-ou-on-utilise-le-plus-la-cheminee,2026-08-31
www.immob.biz,Quelles sont les garanties d’un prêt immobilier ? - Immo B,garanties prêt immobilier,https://www.immob.biz/quelles-sont-les-garanties-dun-pret-immobilier,2026-08-31
www.immob.biz,Quelles sont les meilleures SCPI allemandes en 2019 ? - Immo B,meilleures scpi allemandes,https://www.immob.biz/quelles-sont-les-meilleures-scpi-allemandes-en-2019,2026-08-31
www.immob.biz,Quelles sont les missions des cabinets de gestion de patrimoine,quelles sont missions,https://www.immob.biz/quelles-sont-les-missions-des-cabinets-de-gestion-de-patrimoine,2026-08-31
www.immob.biz,Quelles sont les missions d'un conseiller immobilier ? - Immo B,missions conseiller immobilier,https://www.immob.biz/quelles-sont-les-missions-dun-conseiller-immobilier,2026-08-31
www.immob.biz,Quelles sont les raisons d’investir à Boulogne ? - Immo B,raisons investir boulogne,https://www.immob.biz/quelles-sont-les-raisons-dinvestir-a-boulogne,2026-08-31
www.immob.biz,Quelles sont les responsabilités d'un constructeur de maison - Immo B,responsabilités constructeur maison,https://www.immob.biz/quelles-sont-les-responsabilites-dun-constructeur-de-maison,2026-08-31
www.immob.biz,Quelles sont les solutions de désamiantage pour la toiture d'un bâtiment professionnel ? - Immo B,sont solutions désamiantage,https://www.immob.biz/quelles-sont-les-solutions-de-desamiantage-pour-la-toiture-dun-batiment-professionnel,2026-08-31
www.immob.biz,Quelles sont les solutions existantes pour protéger les structures et équipements métalliques ? - Immo B,structures équipements métalliques,https://www.immob.biz/quelles-sont-les-solutions-existantes-pour-proteger-les-structures-et-equipements-metalliques,2026-08-31
www.immob.biz,Quelles sont les spécificités d'un logement pour handicapé PMR ? - Immo B,logement handicapé pmr,https://www.immob.biz/quelles-sont-les-specificites-dun-logement-pour-handicape-pmr,2026-08-31
www.immob.biz,Les nouvelles tendances qui transforment l'immobilier de luxe à Nice,nouvelles tendances qui,https://www.immob.biz/quelles-sont-les-tendances-recentes-de-limmobilier-de-luxe-a-nice,2026-08-31
www.immob.biz,Pourquoi choisir un portail en alu pour ses nombreux avantages,pourquoi choisir portail,https://www.immob.biz/quelques-atouts-des-portails-en-alu,2026-08-31
www.immob.biz,Quelques bonnes raisons de faire construire sa maison - Immo B,raisons faire construire,https://www.immob.biz/quelques-bonnes-raisons-de-faire-construire-sa-maison,2026-08-31
www.immob.biz,Quelques conseils pour réussir la vente de votre bien immobilier - Immo B,vente votre immobilier,https://www.immob.biz/quelques-conseils-pour-reussir-la-vente-de-votre-bien-immobilier,2026-08-31
www.immob.biz,Quels aspects doivent garder en tête les propriétaires immobiliers en 2022 ? - Immo B,garder tête propriétaires,https://www.immob.biz/quels-aspects-doivent-garder-en-tete-les-proprietaires-immobiliers-en-2022,2026-08-31
www.immob.biz,Quels avantages de réaliser des travaux de rénovation énergétique - Immo B,travaux rénovation énergétique,https://www.immob.biz/quels-avantages-de-realiser-des-travaux-de-renovation-energetique,2026-08-31
www.immob.biz,Trouver un appartement neuf à Antibes devient plus simple,neuf antibes devient,https://www.immob.biz/quels-conseils-pour-denicher-un-appartement-neuf-a-antibes,2026-08-31
www.immob.biz,Quels sont les atouts d’un logiciel d’avant-vente pour les constructeurs de maisons individuelles - Immo B,vente constructeurs maisons,https://www.immob.biz/quels-sont-les-atouts-dun-logiciel-davant-vente-pour-les-constructeurs-de-maisons-individuelles,2026-08-31
www.immob.biz,Quels sont les avantages d'acheter des bureaux à Lyon ? - Immo B,acheter bureaux lyon,https://www.immob.biz/quels-sont-les-avantages-dacheter-des-bureaux-a-lyon,2026-08-31
www.immob.biz,Quels sont les avantages d’acheter du neuf en Ile de France ? - Immo B,avantages acheter neuf,https://www.immob.biz/quels-sont-les-avantages-dacheter-du-neuf-en-ile-de-france,2026-08-31
www.immob.biz,Quels sont les avantages de vivre en condo locatif ? - Immo B,sont avantages vivre,https://www.immob.biz/quels-sont-les-avantages-de-vivre-en-condo-locatif,2026-08-31
www.immob.biz,Quels sont les avantages du courtier en crédit immobilier - Immo B,courtier crédit immobilier,https://www.immob.biz/quels-sont-les-avantages-du-courtier-en-credit-immobilier,2026-08-31
www.immob.biz,Pourquoi le statut lmnp séduit de plus en plus d'investisseurs,pourquoi statut lmnp,https://www.immob.biz/quels-sont-les-avantages-du-dispositif-lmnp,2026-08-31
www.immob.biz,Quels sont les avantages du store banne à coffre iris ? - Immo B,store banne coffre,https://www.immob.biz/quels-sont-les-avantages-du-store-banne-a-coffre-iris,2026-08-31
www.immob.biz,Quels sont les avantages d’un bien proche d’un tramway - Immo B,avantages proche tramway,https://www.immob.biz/quels-sont-les-avantages-dun-bien-proche-dun-tramway,2026-08-31
www.immob.biz,Quels sont les avantages d’un garde meuble par rapport à un entrepôt ?,meuble rapport entrepôt,https://www.immob.biz/quels-sont-les-avantages-dun-garde-meuble-par-rapport-a-un-entrepot,2026-08-31
www.immob.biz,Quels sont les avantages d’un investissement en SCPI ? - Immo B,avantages investissement scpi,https://www.immob.biz/quels-sont-les-avantages-dun-investissement-en-scpi,2026-08-31
www.immob.biz,Quels sont les avantages d’un logement-accession ? - Immo B,avantages logement accession,https://www.immob.biz/quels-sont-les-avantages-dun-logement-accession,2026-08-31
www.immob.biz,Quels sont les avantages d’un réseau de chaleur pour les collectivités ? - Immo B,avantages réseau chaleur,https://www.immob.biz/quels-sont-les-avantages-dun-reseau-de-chaleur-pour-les-collectivites,2026-08-31
www.immob.biz,Les atouts d'une maison en bois pour votre projet de construction,atouts maison bois,https://www.immob.biz/quels-sont-les-avantages-dune-construction-dune-maison-en-bois,2026-08-31
www.immob.biz,Quels sont les avantages d'une maison container ? - Immo B,avantages maison container,https://www.immob.biz/quels-sont-les-avantages-dune-maison-container,2026-08-31
www.immob.biz,Quels sont les critères pour choisir une entreprise de déménagement ? - Immo B,choisir entreprise déménagement,https://www.immob.biz/quels-sont-les-criteres-pour-choisir-une-entreprise-de-demenagement,2026-08-31
www.immob.biz,Quels sont les différents types de carport pour abriter sa voiture ? - Immo B,types carport abriter,https://www.immob.biz/quels-sont-les-differents-types-de-carport-pour-abriter-sa-voiture,2026-08-31
www.immob.biz,Quels sont les enjeux de la menuiserie en aluminium ? - Immo B,enjeux menuiserie aluminium,https://www.immob.biz/quels-sont-les-enjeux-de-la-menuiserie-en-aluminium,2026-08-31
www.immob.biz,Quels sont les inconvénients du rachat de crédit immobilier ? - Immo B,rachat crédit immobilier,https://www.immob.biz/quels-sont-les-inconvenients-du-rachat-de-credit-immobilier,2026-08-31
www.immob.biz,Principaux intervenants dans la construction d’une maison - Immo B,principaux intervenants construction,https://www.immob.biz/quels-sont-les-principaux-corps-de-metiers-pour-la-construction-dune-maison,2026-08-31
www.immob.biz,Quels sont les principaux indices boursiers en France ? - Immo B,indices boursiers france,https://www.immob.biz/quels-sont-les-principaux-indices-boursiers-en-france,2026-08-31
www.immob.biz,Quels sont les quartiers les plus prisés pour la location à Nantes ? - Immo B,prisés location nantes,https://www.immob.biz/quels-sont-les-quartiers-les-plus-prises-pour-la-location-a-nantes,2026-08-31
www.immob.biz,Quels sont les taux Assurance prêt immobilier ? - Immo B,quels sont taux,https://www.immob.biz/quels-sont-les-taux-assurance-pret-immobilier,2026-08-31
www.immob.biz,Quels sont les usages des feuilles d’aluminium ? - Immo B,usages feuilles aluminium,https://www.immob.biz/quels-sont-les-usages-des-feuilles-daluminium,2026-08-31
www.immob.biz,Qu'est-ce que la capacité d'emprunt ? - Immo B,que capacité emprunt,https://www.immob.biz/quest-ce-que-la-capacite-demprunt,2026-08-31
www.immob.biz,Qu’est-ce que le coliving ? - Immo B,est que coliving,https://www.immob.biz/quest-ce-que-le-coliving,2026-08-31
www.immob.biz,Le droit d'échelle expliqué simplement et exemples concrets,droit échelle expliqué,https://www.immob.biz/quest-ce-que-le-droit-dechelle,2026-08-31
www.immob.biz,Qu’est-ce qu’un acte notarié ?,qu acte notarié,https://www.immob.biz/quest-ce-quun-acte-notarie,2026-08-31
www.immob.biz,Investissement locatif : les bonnes pratiques pour booster votre rentabilité,investissement locatif,https://www.immob.biz/quest-ce-quun-bon-investissement-locatif,2026-08-31
www.immob.biz,Le diagnostic technique immobilier expliqué simplement et en détail,diagnostic technique immobilier,https://www.immob.biz/quest-ce-quun-diagnostic-technique-immobilier,2026-08-31
www.immob.biz,Le rôle clé du mandataire immobilier expliqué simplement,mandataire immobilier expliqué,https://www.immob.biz/quest-ce-quun-mandataire-immobilier,2026-08-31
www.immob.biz,Qu'est-ce qu'un prêt à la consommation ?,est qu prêt,https://www.immob.biz/quest-ce-quun-pret-a-la-consommation,2026-08-31
www.immob.biz,L'attestation de villégiature expliquée simplement et en détail,attestation villégiature expliquée,https://www.immob.biz/quest-ce-quune-attestation-de-villegiature,2026-08-31
www.immob.biz,Qu'est-ce qu'une ville créative et durable ? - Immo B,qu ville créative,https://www.immob.biz/quest-ce-quune-ville-creative-et-durable,2026-08-31
www.immob.biz,Qu'est-ce que la la nue-propriete et quelle est sa portee ? - Immo B,nue propriete quelle,https://www.immob.biz/questce-que-la-la-nuepropriete-et-quelle-est-sa-portee,2026-08-31
www.immob.biz,Qu'est-ce que la valeur venale d'un bien immobilier ? - Immo B,valeur venale immobilier,https://www.immob.biz/questce-que-la-valeur-venale-dun-bien-immobilier,2026-08-31
www.immob.biz,Qui contacter pour acheter son bien immobilier à Brive ?,son immobilier brive,https://www.immob.biz/qui-contacter-pour-acheter-son-bien-immobilier-a-brive,2026-08-31
www.immob.biz,Qui contacter pour déménager facilement ? - Immo B,qui contacter déménager,https://www.immob.biz/qui-contacter-pour-demenager-facilement,2026-08-31
www.immob.biz,À qui revient réellement le dépôt de garantie ?,réellement dépôt garantie,https://www.immob.biz/qui-encaisse-le-depot-de-garantie,2026-08-31
www.immob.biz,Qui paie les réparations en cas de dégât d'eau : responsabilité et obligations - Immo B,qui paie réparations,https://www.immob.biz/qui-paie-les-reparations-en-cas-de-degat-deau-responsabilite-et-obligations,2026-08-31
www.immob.biz,Qui paie pour les canalisations bouchées : réponses et solutions - Immo B,canalisations bouchées,https://www.immob.biz/qui-paie-pour-les-canalisations-bouchees-reponses-et-solutions,2026-08-31
www.immob.biz,Qui peut bénéficier de la prime coup de pouce énergie ? - Immo B,bénéficier prime coup,https://www.immob.biz/qui-peut-beneficier-de-la-prime-coup-de-pouce-energie,2026-08-31
www.immob.biz,Quitter EDF et profiter de la concurrence en énergie pour économiser davantage - Immo B,énergie économiser davantage,https://www.immob.biz/quitter-edf-et-profiter-de-la-concurrence-en-energie-pour-economiser-davantage,2026-08-31
www.immob.biz,Le rachat de crédit est-il toujours intéressant en 2019 ?,rachat crédit est,https://www.immob.biz/rachat-de-credit-2019,2026-08-31
www.immob.biz,Réaliser ses rêves grâce au développement personnel - Immo B,rêves grâce développement,https://www.immob.biz/realiser-ses-reves-grace-au-developpement-personnel,2026-08-31
www.immob.biz,Réalisez vos rêves d'acquisition immobilière - Immo B,rêves acquisition immobilière,https://www.immob.biz/realisez-vos-reves-dacquisition-immobiliere,2026-08-31
www.immob.biz,Recevoir son courrier sans adresse : solutions pratiques et efficaces - Immo B,courrier sans adresse,https://www.immob.biz/recevoir-son-courrier-sans-adresse-solutions-pratiques-et-efficaces,2026-08-31
www.immob.biz,Recours contre artisan décennale : droits et démarches pour agir efficacement - Immo B,contre artisan décennale,https://www.immob.biz/recours-contre-artisan-decennale-droits-et-demarches-pour-agir-efficacement,2026-08-31
www.immob.biz,Rédaction simplifiée : Comment créer une quittance de loyer irréprochable ? - Immo B,rédaction simplifiée,https://www.immob.biz/redaction-simplifiee-comment-creer-une-quittance-de-loyer-irreprochable,2026-08-31
www.immob.biz,Redonner du style à son appartement pour mieux le vendre - Immo B,appartement mieux vendre,https://www.immob.biz/redonner-du-style-a-son-appartement-pour-mieux-le-vendre,2026-08-31
www.immob.biz,Réforme du courtage en 2022 : quels sont les changements pour le métier ? - Immo B,réforme courtage 2022,https://www.immob.biz/reforme-du-courtage-en-2022-quels-sont-les-changements-pour-le-metier,2026-08-31
www.immob.biz,Refus de location à cause du RSA : quels recours possibles ? - Immo B,location cause rsa,https://www.immob.biz/refus-de-location-a-cause-du-rsa-quels-recours-possibles,2026-08-31
www.immob.biz,Registre des coproprietaires : check-list pratique pour une mise à jour annuelle - Immo B,registre coproprietaires,https://www.immob.biz/registre-des-coproprietaires-check-list-pratique-pour-une-mise-a-jour-annuelle,2026-08-31
www.immob.biz,Regrouper ses crédits : quel intérêt pour les emprunteurs ? - Immo B,regrouper ses crédits,https://www.immob.biz/regrouper-ses-credits-quel-interet-pour-les-emprunteurs,2026-08-31
www.immob.biz,Remboursement des frais de déménagement : conseils et astuces à connaître - Immo B,remboursement frais déménagement,https://www.immob.biz/remboursement-des-frais-de-demenagement-conseils-et-astuces-a-connaitre,2026-08-31
www.immob.biz,Rembourser prêt hypothécaire par anticipation : avantages et impact fiscal - Immo B,prêt hypothécaire anticipation,https://www.immob.biz/rembourser-pret-hypothecaire-par-anticipation-avantages-et-impact-fiscal,2026-08-31
www.immob.biz,Remise des clés : 10 conseils pour un état des lieux de sortie sans complications - Immo B,remise clés,https://www.immob.biz/remise-des-cles-10-conseils-pour-un-etat-des-lieux-de-sortie-sans-complications,2026-08-31
www.immob.biz,Remplir les cartons de déménagement : astuces et conseils pratiques ! - Immo B,remplir cartons déménagement,https://www.immob.biz/remplir-les-cartons-de-demenagement-astuces-et-conseils-pratiques,2026-08-31
www.immob.biz,Le rendement locatif : un moyen de pérenniser son investissement immo,rendement locatif,https://www.immob.biz/rendement-locatif-comment-rentabiliser-son-investissement-immobilier,2026-08-31
www.immob.biz,Rendement locatif : pourquoi le choix de l’agence pèse autant que le taux de crédit ? - Immo B,rendement locatif,https://www.immob.biz/rendement-locatif-pourquoi-le-choix-de-lagence-pese-autant-que-le-taux-de-credit,2026-08-31
www.immob.biz,Rénovation d'appartement à Marseille : l'isolation est le maître mot - Immo B,rénovation appartement marseille,https://www.immob.biz/renovation-dappartement-a-marseille-lisolation-est-le-maitre-mot,2026-08-31
www.immob.biz,Comment mener votre projet de rénovation d’appartement à Nice ?,votre projet rénovation,https://www.immob.biz/renovation-dappartement-a-nice-comment-reussir-votre-projet,2026-08-31
www.immob.biz,Rénovation d'appartement : faites entrer le soleil ! - Immo B,rénovation appartement,https://www.immob.biz/renovation-dappartement-faites-entrer-le-soleil,2026-08-31
www.immob.biz,Rénovation énergétique à Caen : avantages et spécificités des menuiseries PVC et aluminium - Immo B,rénovation énergétique caen,https://www.immob.biz/renovation-energetique-a-caen-avantages-et-specificites-des-menuiseries-pvc-et-aluminium,2026-08-31
www.immob.biz,Rénovation énergétique d'une maison : quels sont les différents leviers ? - Immo B,rénovation énergétique maison,https://www.immob.biz/renovation-energetique-dune-maison-quels-sont-les-differents-leviers,2026-08-31
www.immob.biz,Rénovation et aménagement d'intérieur : trouver le meilleur pro - Immo B,rénovation aménagement intérieur,https://www.immob.biz/renovation-et-amenagement-dinterieur-trouver-le-meilleur-pro,2026-08-31
www.immob.biz,Rénovation intérieure : comment transformer votre logement sans tout casser - Immo B,rénovation intérieure,https://www.immob.biz/renovation-interieure-comment-transformer-votre-logement-sans-tout-casser,2026-08-31
www.immob.biz,Rénover son logement pour économiser et gagner en confort,logement économiser gagner,https://www.immob.biz/renover-pour-faire-des-economies-et-plus-si-affinites,2026-08-31
www.immob.biz,Rénover sa maison : conseils et idées pour un nouveau chez-soi,rénover sa maison,https://www.immob.biz/renover-sa-maison,2026-08-31
www.immob.biz,Moderniser ses volets en bois pour un charme renouvelé,moderniser ses volets,https://www.immob.biz/renover-ses-volets-en-bois,2026-08-31
www.immob.biz,Rénover un appartement en étage à Bruxelles sans bloquer les communs : quelle logistique prévoir ? - Immo B,appartement étage bruxelles,https://www.immob.biz/renover-un-appartement-en-etage-a-bruxelles-sans-bloquer-les-communs-quelle-logistique-prevoir,2026-08-31
www.immob.biz,Réparation de vitre cassée à Paris : Solutions rapides et efficaces pour les bureaux,réparation vitre cassée,https://www.immob.biz/reparation-rapide-de-vitre-cassee-des-solutions-efficaces-pour-les-bureaux-au-coeur-de-paris,2026-08-31
www.immob.biz,"Réparer des fenêtres en aluminium, est-ce possible ? - Immo B",fenêtres aluminium est,https://www.immob.biz/reparer-des-fenetres-en-aluminium-est-ce-possible,2026-08-31
www.immob.biz,Reprise ancien mobil home : erreurs fréquentes qui font baisser votre prix - Immo B,reprise ancien mobil,https://www.immob.biz/reprise-ancien-mobil-home-erreurs-frequentes-qui-font-baisser-votre-prix,2026-08-31
www.immob.biz,Réseau Expertimo : 10 ans de commissions à 100 % - Immo B,réseau expertimo,https://www.immob.biz/reseau-expertimo-10-ans-de-commissions-a-100,2026-08-31
www.immob.biz,Résidence secondaire : 7 critères qui fixent le prix - Immo B,résidence secondaire,https://www.immob.biz/residence-secondaire-7-criteres-qui-fixent-le-prix,2026-08-31
www.immob.biz,Résiliation assurance habitation la banque postale : tout ce que vous devez savoir - Immo B,habitation banque postale,https://www.immob.biz/resiliation-assurance-habitation-la-banque-postale-tout-ce-que-vous-devez-savoir,2026-08-31
www.immob.biz,Résilier et déplacer l'eau : déménagement facile ! - Immo B,résilier déplacer eau,https://www.immob.biz/resilier-et-deplacer-leau-demenagement-facile,2026-08-31
www.immob.biz,Retirer une personne d'un prêt immobilier : procédure et conseils pratiques - Immo B,retirer personne prêt,https://www.immob.biz/retirer-une-personne-dun-pret-immobilier-procedure-et-conseils-pratiques,2026-08-31
www.immob.biz,Réussir son déménagement pendant le confinement : comment faire ?,réussir son déménagement,https://www.immob.biz/reussir-son-demenagement-pendant-le-confinement-comment-faire,2026-08-31
www.immob.biz,Réussir un projet de construction avec une entreprise générale de bâtiment comme principale alliée - Immo B,construction entreprise générale,https://www.immob.biz/reussir-un-projet-de-construction-avec-une-entreprise-generale-de-batiment-comme-principale-alliee,2026-08-31
www.immob.biz,Déménagement de bureau : les 5 étapes clés pour réussir sans stress,déménagement bureau,https://www.immob.biz/reussir-votre-demenagement-de-bureau-en-5-etapes-essentielles,2026-08-31
www.immob.biz,Réussir votre projet de construction de maison dans le Doubs avec des solutions sur mesure - Immo B,construction maison doubs,https://www.immob.biz/reussir-votre-projet-de-construction-de-maison-dans-le-doubs-avec-des-solutions-sur-mesure,2026-08-31
www.immob.biz,Réussissez votre projet de construction avec une maison clé sur porte ! - Immo B,projet construction maison,https://www.immob.biz/reussissez-votre-projet-de-construction-avec-une-maison-cle-sur-porte,2026-08-31
www.immob.biz,Revente PTZ et rachat par une autre banque : est-ce compatible ? - Immo B,rachat autre banque,https://www.immob.biz/revente-ptz-et-rachat-par-une-autre-banque-est-ce-compatible,2026-08-31
www.immob.biz,Revenu fiscal de référence : Comment être exempté de taxe foncière en France ? - Immo B,revenu fiscal référence,https://www.immob.biz/revenu-fiscal-de-reference-comment-etre-exempte-de-taxe-fonciere-en-france,2026-08-31
www.immob.biz,"Revenus fonciers : changer les fenêtres, une dépense déductible ? - Immo B",revenus fonciers,https://www.immob.biz/revenus-fonciers-changer-les-fenetres-une-depense-deductible,2026-08-31
www.immob.biz,Revêtement mural : quelles options - Immo B,revêtement mural,https://www.immob.biz/revetement-mural-quelles-options,2026-08-31
www.immob.biz,Royal immo : votre partenaire immobilier au mourillon à toulon,royal immo,https://www.immob.biz/royal-immo-votre-partenaire-immobilier-au-mourillon-a-toulon,2026-08-31
www.immob.biz,S'appuyer sur une agence spécialisée pour gérer sereinement ses locations - Immo B,agence spécialisée gérer,https://www.immob.biz/sappuyer-sur-une-agence-specialisee-pour-gerer-sereinement-ses-locations,2026-08-31
www.immob.biz,SCI : avantages et inconvénients pour investisseurs immobiliers - Immo B,sci,https://www.immob.biz/sci-avantages-et-inconvenients-pour-investisseurs-immobiliers,2026-08-31
www.immob.biz,SCI : emprunt immobilier sur 25 ans possible ? Conseils et conditions - Immo B,sci,https://www.immob.biz/sci-emprunt-immobilier-sur-25-ans-possible-conseils-et-conditions,2026-08-31
www.immob.biz,SCI : payer moins d'impôts grâce à cette stratégie fiscale qui fonctionne - Immo B,sci,https://www.immob.biz/sci-payer-moins-dimpots-grace-a-cette-strategie-fiscale-qui-fonctionne,2026-08-31
www.immob.biz,SCPI : fiscalité des revenus locatifs en France et impôts associés - Immo B,scpi,https://www.immob.biz/scpi-fiscalite-des-revenus-locatifs-en-france-et-impots-associes,2026-08-31
www.immob.biz,SCPI : Simulez l'évolution de vos placements à long terme - Immo B,scpi,https://www.immob.biz/scpi-simulez-levolution-de-vos-placements-a-long-terme,2026-08-31
www.immob.biz,Se focaliser entièrement sur ses clients - Immo B,se focaliser entièrement,https://www.immob.biz/se-focaliser-entierement-sur-ses-clients,2026-08-31
www.immob.biz,Se lancer dans des travaux de rénovation sereinement - Immo B,travaux rénovation sereinement,https://www.immob.biz/se-lancer-dans-des-travaux-de-renovation-sereinement,2026-08-31
www.immob.biz,Se lancer dans l’investissement locatif : bien connaître le sujet - Immo B,se lancer investissement,https://www.immob.biz/se-lancer-dans-linvestissement-locatif-bien-connaitre-le-sujet,2026-08-31
www.immob.biz,Se loger à Roanne - Immo B,se loger roanne,https://www.immob.biz/se-loger-a-roanne,2026-08-31
www.immob.biz,Sécuriser les chantiers avec des portails coulissants - Immo B,chantiers portails coulissants,https://www.immob.biz/securiser-les-chantiers-avec-des-portails-coulissants,2026-08-31
www.immob.biz,Sécuriser son compte CONVERGENCE Toulouse : les bons réflexes en 2026 - Immo B,compte convergence toulouse,https://www.immob.biz/securiser-son-compte-convergence-toulouse-les-bons-reflexes-en-2026,2026-08-31
www.immob.biz,Simplifiez votre déménagement avec une organisation nordique et intuitive - Immo B,organisation nordique intuitive,https://www.immob.biz/simplifiez-votre-demenagement-avec-une-organisation-nordique-et-intuitive,2026-08-31
www.immob.biz,Simuler une défiscalisation immobilière Pinel - Immo B,défiscalisation immobilière pinel,https://www.immob.biz/simuler-une-defiscalisation-immobiliere-pinel,2026-08-31
www.immob.biz,S'installer dans le Grand Ouest pour y vivre - Immo B,grand ouest vivre,https://www.immob.biz/sinstaller-dans-le-grand-ouest-pour-y-vivre,2026-08-31
www.immob.biz,S'installer en Ille-et-Vilaine : les bonnes raisons de franchir le pas - Immo B,installer ille vilaine,https://www.immob.biz/sinstaller-en-ille-et-vilaine-les-bonnes-raisons-de-franchir-le-pas,2026-08-31
www.immob.biz,Sitemap - Immo B,sitemap,https://www.immob.biz/sitemap,2026-08-31
www.immob.biz,"Société civile de placement immobilier, comment ça marche ? - Immo B",société civile placement,https://www.immob.biz/societe-civile-de-placement-immobilier-comment-ca-marche,2026-08-31
www.immob.biz,Socorpi est-il adapté aux petits investisseurs qui possèdent un seul bien ? - Immo B,adapté petits investisseurs,https://www.immob.biz/socorpi-est-il-adapte-aux-petits-investisseurs-qui-possedent-un-seul-bien,2026-08-31
www.immob.biz,St Barthélemy Villa Location avec vue mer : comment la trouver ? - Immo B,st barthélemy villa,https://www.immob.biz/st-barthelemy-villa-location-avec-vue-mer-comment-la-trouver,2026-08-31
www.immob.biz,Station d'épuration : comment trouver la perle rare ? - Immo B,station épuration,https://www.immob.biz/station-depuration-comment-trouver-la-perle-rare,2026-08-31
www.immob.biz,Store intérieur : adapté à toute type de décoration - Immo B,store intérieur,https://www.immob.biz/store-interieur-adapte-a-toute-type-de-decoration,2026-08-31
www.immob.biz,Stratégies pour optimiser son assurance prêt immobilier - Immo B,optimiser son assurance,https://www.immob.biz/strategies-pour-optimiser-son-assurance-pret-immobilier,2026-08-31
www.immob.biz,Suivi de chantier : soyez organisé ! - Immo B,suivi chantier,https://www.immob.biz/suivi-de-chantier-soyez-organise,2026-08-31
www.immob.biz,"Surface habitable : définition, exemple et calcul - Immo B",surface habitable,https://www.immob.biz/surface-habitable-definition-exemple-et-calcul,2026-08-31
www.immob.biz,Tableau électrique : les points à connaître - Immo B,tableau électrique,https://www.immob.biz/tableau-electrique-les-points-a-connaitre,2026-08-31
www.immob.biz,Taille minimum chambre location en colocation : ce que les bailleurs ne disent pas - Immo B,taille minimum chambre,https://www.immob.biz/taille-minimum-chambre-location-en-colocation-ce-que-les-bailleurs-ne-disent-pas,2026-08-31
www.immob.biz,Taux de crédit immobilier au Crédit Mutuel : comparaison et obtention - Immo B,taux crédit immobilier,https://www.immob.biz/taux-de-credit-immobilier-au-credit-mutuel-comparaison-et-obtention,2026-08-31
www.immob.biz,"Taux fixe modulable : Définition, avantages et fonctionnement expliqués - Immo B",taux fixe modulable,https://www.immob.biz/taux-fixe-modulable-definition-avantages-et-fonctionnement-expliques,2026-08-31
www.immob.biz,Taxe d'habitation 2025 : Qui doit encore la payer ? - Immo B,taxe habitation 2025,https://www.immob.biz/taxe-dhabitation-2025-qui-doit-encore-la-payer,2026-08-31
www.immob.biz,Taxe foncière et terrasse : les cas où vous pouvez contester - Immo B,taxe foncière terrasse,https://www.immob.biz/taxe-fonciere-et-terrasse-les-cas-ou-vous-pouvez-contester,2026-08-31
www.immob.biz,Taxe foncière trop élevée : quelles solutions ? - Immo B,taxe foncière trop,https://www.immob.biz/taxe-fonciere-trop-elevee-quelles-solutions,2026-08-31
www.immob.biz,Temps de séchage du MAP (Mortier Adhésif Plâtre) : Conseils pratiques - Immo B,map mortier adhésif,https://www.immob.biz/temps-de-sechage-du-map-mortier-adhesif-platre-conseils-pratiques,2026-08-31
www.immob.biz,Terrain à louer pour caravane à l'année : comment négocier le loyer et les charges ? - Immo B,louer caravane année,https://www.immob.biz/terrain-a-louer-pour-caravane-a-lannee-comment-negocier-le-loyer-et-les-charges,2026-08-31
www.immob.biz,Thaïlande acheter maison pour y vivre sa retraite : ce qu'il faut vraiment prévoir - Immo B,vivre sa retraite,https://www.immob.biz/thailande-acheter-maison-pour-y-vivre-sa-retraite-ce-quil-faut-vraiment-prevoir,2026-08-31
www.immob.biz,Tiny house de 60 m² : astuces pour réduire vos coûts de construction - Immo B,house 60 m²,https://www.immob.biz/tiny-house-de-60-m%c2%b2-astuces-pour-reduire-vos-couts-de-construction,2026-08-31
www.immob.biz,"Tiny house terrain non constructible, résidence mobile ou maison fixe : quelles différences juridiques ? - Immo B",tiny house terrain,https://www.immob.biz/tiny-house-terrain-non-constructible-residence-mobile-ou-maison-fixe-quelles-differences-juridiques,2026-08-31
www.immob.biz,Tout ce que vous devez savoir sur la pierre reconstituée - Immo B,savoir pierre reconstituée,https://www.immob.biz/tout-ce-que-vous-devez-savoir-sur-la-pierre-reconstituee,2026-08-31
www.immob.biz,Tout ce que vous devez savoir sur l'attestation de valeur locative pour acheter aux Domaines - Immo B,attestation valeur locative,https://www.immob.biz/tout-ce-que-vous-devez-savoir-sur-lattestation-de-valeur-locative-pour-acheter-aux-domaines,2026-08-31
www.immob.biz,Tout ce qu'il faut savoir sur la plaquette numérique - Immo B,savoir plaquette numérique,https://www.immob.biz/tout-ce-quil-faut-savoir-sur-la-plaquette-numerique,2026-08-31
www.immob.biz,Tout savoir sur la défiscalisation immobilière ! - Immo B,savoir défiscalisation immobilière,https://www.immob.biz/tout-savoir-sur-la-defiscalisation-immobiliere,2026-08-31
www.immob.biz,Tout savoir sur le bail meublé pour les propriétaires et les locataires - Immo B,meublé propriétaires locataires,https://www.immob.biz/tout-savoir-sur-le-bail-meuble-pour-les-proprietaires-et-les-locataires,2026-08-31
www.immob.biz,Le marché de l'assurance habitation expliqué simplement et clairement,assurance habitation expliqué,https://www.immob.biz/tout-savoir-sur-le-marche-de-lassurance-habitation,2026-08-31
www.immob.biz,Tout savoir sur le métier d'accompagnateur france rénov - Immo B,savoir métier accompagnateur,https://www.immob.biz/tout-savoir-sur-le-metier-daccompagnateur-france-renov,2026-08-31
www.immob.biz,"Tout savoir sur le plan de travail en granit : avantages, choix, pose, prix - Immo B",plan travail granit,https://www.immob.biz/tout-savoir-sur-le-plan-de-travail-en-granit-avantages-choix-pose-prix,2026-08-31
www.immob.biz,Le plan épargne retraite expliqué simplement pour bien préparer l'avenir,épargne retraite expliqué,https://www.immob.biz/tout-savoir-sur-le-plan-epargne-retraite,2026-08-31
www.immob.biz,Tout savoir sur les diagnostics immobiliers - Immo B,savoir diagnostics immobiliers,https://www.immob.biz/tout-savoir-sur-les-diagnostics-immobiliers,2026-08-31
www.immob.biz,Tout savoir sur les programmes immobiliers - Immo B,savoir programmes immobiliers,https://www.immob.biz/tout-savoir-sur-les-programmes-immobiliers,2026-08-31
www.immob.biz,Tout savoir sur l'investissement immobilier en île Maurice - Immo B,savoir investissement immobilier,https://www.immob.biz/tout-savoir-sur-linvestissement-immobilier-en-ile-maurice,2026-08-31
www.immob.biz,Tout savoir sur l'isolation à 1 euro,savoir isolation euro,https://www.immob.biz/tout-savoir-sur-lisolation-a-1-euro,2026-08-31
www.immob.biz,Ouvrir un plancher : ce qu'il faut vraiment anticiper,ouvrir plancher,https://www.immob.biz/tout-savoir-sur-louverture-de-plancher,2026-08-31
www.immob.biz,"Plaquettes de parement : conseils, usages et inspirations déco",plaquettes parement,https://www.immob.biz/tout-sur-les-plaquettes-de-parement,2026-08-31
www.immob.biz,Quels sont les critères de choix d'un expert en pathologies du bâti?,expert pathologies bâti,https://www.immob.biz/traitement-des-pathologies-du-bati-comment-choisir-une-agence,2026-08-31
www.immob.biz,Transformez votre terrasse grâce à une pergola - Immo B,transformez votre terrasse,https://www.immob.biz/transformez-votre-terrasse-grace-a-une-pergola,2026-08-31
www.immob.biz,Professionnel en rénovation intérieure : comment transformer votre espace de vie,professionnel rénovation intérieure,https://www.immob.biz/travailler-avec-un-professionnel-pour-reinventer-votre-interieur,2026-08-31
www.immob.biz,Travailler les métaux pour couvrir les bâtiments - Immo B,métaux couvrir bâtiments,https://www.immob.biz/travailler-les-metaux-pour-couvrir-les-batiments,2026-08-31
www.immob.biz,Travaux de peinture : comment choisir son prestataire ? - Immo B,travaux peinture,https://www.immob.biz/travaux-de-peinture-comment-choisir-son-prestataire,2026-08-31
www.immob.biz,Financer ses travaux de rénovation énergétique grâce aux solutions les plus efficaces,travaux rénovation énergétique,https://www.immob.biz/travaux-de-renovation-energetique-les-meilleures-solutions-de-financement,2026-08-31
www.immob.biz,Travaux de rénovation : pourquoi contacter un architecte d’intérieur - Immo B,travaux rénovation,https://www.immob.biz/travaux-de-renovation-pourquoi-contacter-un-architecte-dinterieur,2026-08-31
www.immob.biz,Optimisez l'Isolation à Pau : Confort et Valeur de Votre Bien,optimisez isolation pau,https://www.immob.biz/travaux-disolation-a-pau-optimiser-le-confort-thermique-et-la-valeur-de-votre-bien,2026-08-31
www.immob.biz,Travaux : Qui doit payer ? Les responsabilités claires - Immo B,travaux,https://www.immob.biz/travaux-qui-doit-payer-les-responsabilites-claires,2026-08-31
www.immob.biz,Trois bonnes raison d'utiliser des blocs en terre cuite pour vos cloisons - Immo B,cuite vos cloisons,https://www.immob.biz/trois-bonnes-raison-dutiliser-des-blocs-en-terre-cuite-pour-vos-cloisons,2026-08-31
www.immob.biz,Trois bonnes raisons d’installer une véranda chez soi - Immo B,installer véranda chez,https://www.immob.biz/trois-bonnes-raisons-dinstaller-une-veranda-chez-soi,2026-08-31
www.immob.biz,Trois conseils pour déménager sereinement - Immo B,trois conseils déménager,https://www.immob.biz/trois-conseils-pour-demenager-sereinement,2026-08-31
www.immob.biz,Trois manières rentables d’investir dans l’immobilier - Immo B,rentables investir immobilier,https://www.immob.biz/trois-manieres-rentables-dinvestir-dans-limmobilier,2026-08-31
www.immob.biz,Tromperie du vendeur : quand l'annulation de la vente immobilière est-elle possible ? - Immo B,tromperie vendeur,https://www.immob.biz/tromperie-du-vendeur-quand-lannulation-de-la-vente-immobiliere-est-elle-possible,2026-08-31
www.immob.biz,Trouver des bras pour déménager : démarches et astuces pratiques pour faciliter votre déménagement ! - Immo B,trouver bras déménager,https://www.immob.biz/trouver-des-bras-pour-demenager-demarches-et-astuces-pratiques-pour-faciliter-votre-demenagement,2026-08-31
www.immob.biz,Trouver un bien immobilier à Hua Hin grâce à Internet - Immo B,trouver immobilier hua,https://www.immob.biz/trouver-un-bien-immobilier-a-hua-hin-grace-a-internet,2026-08-31
www.immob.biz,Trouver un chasseur d'appartement en Ile de France - Immo B,appartement ile france,https://www.immob.biz/trouver-un-chasseur-dappartement-en-ile-de-france,2026-08-31
www.immob.biz,Trouver un espace de stationnement abordable dans la ville de Reims - Immo B,trouver espace stationnement,https://www.immob.biz/trouver-un-espace-de-stationnement-abordable-dans-la-ville-de-reims,2026-08-31
www.immob.biz,Trouver un espace professionnel de travail à Lyon - Immo B,professionnel travail lyon,https://www.immob.biz/trouver-un-espace-professionnel-de-travail-a-lyon,2026-08-31
www.immob.biz,Trouver un logement en Irlande : astuces et meilleurs quartiers - Immo B,trouver logement irlande,https://www.immob.biz/trouver-un-logement-en-irlande-astuces-et-meilleurs-quartiers,2026-08-31
www.immob.biz,Trouvez un bon serrurier dans le Val d'Oise - Immo B,trouvez bon serrurier,https://www.immob.biz/trouvez-un-bon-serrurier-dans-le-val-doise,2026-08-31
www.immob.biz,"TVA et marchand de biens occasionnel, à partir de quand êtes-vous imposable ? - Immo B",marchand biens occasionnel,https://www.immob.biz/tva-et-marchand-de-biens-occasionnel-a-partir-de-quand-etes-vous-imposable,2026-08-31
www.immob.biz,Un accompagnement immobilier sur mesure pour vos projets en altitude - Immo B,accompagnement immobilier mesure,https://www.immob.biz/un-accompagnement-complet-pour-vos-transactions-immobilieres-en-altitude,2026-08-31
www.immob.biz,Artisan serrurier à Paris : une intervention rapide et fiable,artisan serrurier paris,https://www.immob.biz/un-artisan-serrurier-a-paris-pour-un-depannage-rapide,2026-08-31
www.immob.biz,Un box de stockage pour déménager tranquillement - Immo B,box stockage déménager,https://www.immob.biz/un-box-de-stockage-pour-demenager-tranquillement,2026-08-31
www.immob.biz,Un constructeur vous aide à devenir propriétaire d'une maison neuve - Immo B,propriétaire maison neuve,https://www.immob.biz/un-constructeur-vous-aide-a-devenir-proprietaire-dune-maison-neuve,2026-08-31
www.immob.biz,Un crédit d’impôt pour les investissement réalisés par les PME - Immo B,crédit impôt investissement,https://www.immob.biz/un-credit-dimpot-pour-les-investissement-realises-par-les-pme,2026-08-31
www.immob.biz,Un diagnostic indispensable pour un ERP - Immo B,diagnostic indispensable erp,https://www.immob.biz/un-diagnostic-indispensable-pour-un-erp,2026-08-31
www.immob.biz,Quelle est l’utilité d’un partenaire immobilier,utilité partenaire immobilier,https://www.immob.biz/un-partenaire-immobilier-pour-aider-proprietaire-locataire-et-bailleur,2026-08-31
www.immob.biz,Un peu de pierre bleue pour embellir votre intérieur - Immo B,pierre bleue embellir,https://www.immob.biz/un-peu-de-pierre-bleue-pour-embellir-votre-interieur,2026-08-31
www.immob.biz,Faites avancer vos projets grâce à un prêt personnel,faites avancer vos,https://www.immob.biz/un-pret-personnel-pour-concretiser-quelques-projets,2026-08-31
www.immob.biz,Un promoteur vous accompagne pour l’achat d’un bien - Immo B,promoteur vous accompagne,https://www.immob.biz/un-promoteur-vous-accompagne-pour-lachat-dun-bien,2026-08-31
www.immob.biz,Un sol à se rouler par terre - Immo B,se rouler terre,https://www.immob.biz/un-sol-a-se-rouler-par-terre,2026-08-31
www.immob.biz,Un système domotique chez soi - Immo B,système domotique chez,https://www.immob.biz/un-systeme-domotique-chez-soi,2026-08-31
www.immob.biz,Une baie coulissante pour apporter de la luminosité - Immo B,coulissante apporter luminosité,https://www.immob.biz/une-baie-coulissante-pour-apporter-de-la-luminosite,2026-08-31
www.immob.biz,Votre projet immobilier valorisé par une expertise locale sur-mesure,valorisé expertise locale,https://www.immob.biz/une-expertise-locale-pour-des-projets-immobiliers-sur-mesure,2026-08-31
www.immob.biz,Une explication simple pour tout comprendre sur la loi Pinel - Immo B,comprendre loi pinel,https://www.immob.biz/une-explication-simple-pour-tout-comprendre-sur-la-loi-pinel,2026-08-31
www.immob.biz,Une maison neuve pour être certain de vivre dans le confort - Immo B,maison neuve être,https://www.immob.biz/une-maison-neuve-pour-etre-certain-de-vivre-dans-le-confort,2026-08-31
www.immob.biz,La solution idéale pour personnaliser votre maison individuelle,personnaliser votre maison,https://www.immob.biz/une-solution-sur-mesure-pour-une-maison-individuelle,2026-08-31
www.immob.biz,Urgence électricité : comment éviter les arnaques ? - Immo B,urgence électricité,https://www.immob.biz/urgence-electricite-comment-eviter-les-arnaques,2026-08-31
www.immob.biz,Utiliser un comparateur d'assurance de prêt immobilier : les clés du succès - Immo B,assurance prêt immobilier,https://www.immob.biz/utiliser-un-comparateur-dassurance-de-pret-immobilier-les-cles-du-succes,2026-08-31
www.immob.biz,Ce qui influence vraiment la valeur vénale d'un bien immobilier,valeur vénale immobilier,https://www.immob.biz/valeur-venale-dun-bien-immobilier-ce-quil-faut-savoir,2026-08-31
www.immob.biz,Valorisez votre patrimoine immobilier avec la défiscalisation en Corse - Immo B,valorisez votre patrimoine,https://www.immob.biz/valorisez-votre-patrimoine-immobilier-avec-la-defiscalisation-en-corse,2026-08-31
www.immob.biz,Vanne à boisseau sphérique : caractéristiques et avantages,vanne boisseau sphérique,https://www.immob.biz/vanne-a-boisseau-spherique-caracteristiques-et-avantages,2026-08-31
www.immob.biz,Comment vendre son appartement en Île-de-France ? - Immo B,appartement île france,https://www.immob.biz/vendre-son-appartement-en-ile-de-france-comment-faire,2026-08-31
www.immob.biz,Réussir son estimation immobilière à Paris pour vendre au meilleur prix,vendre meilleur prix,https://www.immob.biz/vendre-son-bien-immobilier-a-paris-comment-obtenir-la-meilleure-estimation-possible,2026-08-31
www.immob.biz,Vendre son bien immobilier : faut-il passer par une agence ?,vendre son immobilier,https://www.immob.biz/vendre-son-bien-oui-mais-avec-ou-sans-agence,2026-08-31
www.immob.biz,Miser sur une estimation immobilière fiable pour bien vendre son appartement,estimation immobilière fiable,https://www.immob.biz/vendre-un-appartement-la-fiabilite-dune-estimation-immobiliere,2026-08-31
www.immob.biz,Vendre un bien en viager à sa famille : conseils et précautions essentiels - Immo B,viager sa famille,https://www.immob.biz/vendre-un-bien-en-viager-a-sa-famille-conseils-et-precautions-essentiels,2026-08-31
www.immob.biz,Vente à terme occupée : fonctionnement et avantages pour vendeurs - Immo B,vente terme occupée,https://www.immob.biz/vente-a-terme-occupee-fonctionnement-et-avantages-pour-vendeurs,2026-08-31
www.immob.biz,Vente de bien immobilier : pourquoi opter pour une néo-agence ? - Immo B,vente immobilier,https://www.immob.biz/vente-de-bien-immobilier-pourquoi-opter-pour-une-neo-agence,2026-08-31
www.immob.biz,Vente de terrain obligatoire après offre au prix ? Comprendre les règles - Immo B,vente terrain obligatoire,https://www.immob.biz/vente-de-terrain-obligatoire-apres-offre-au-prix-comprendre-les-regles,2026-08-31
www.immob.biz,Vente d’une maison : conseils pour garantir le succès - Immo B,vente maison,https://www.immob.biz/vente-dune-maison-conseils-pour-garantir-le-succes,2026-08-31
www.immob.biz,Vente en nue propriété : que savoir ? - Immo B,vente nue propriété,https://www.immob.biz/vente-en-nue-propriete-que-savoir,2026-08-31
www.immob.biz,"Vente et recherche de biens immobiliers à Saint-Prix, suivez le guide... - Immo B",biens immobiliers saint,https://www.immob.biz/vente-et-recherche-de-biens-immobiliers-a-saint-prix-suivez-le-guide,2026-08-31
www.immob.biz,Vente résidence secondaire : éviter la plus-value fiscale ! - Immo B,vente résidence secondaire,https://www.immob.biz/vente-residence-secondaire-eviter-la-plus-value-fiscale,2026-08-31
www.immob.biz,Véranda à Armentières : pourquoi c’est le bon choix pour votre maison ? - Immo B,véranda armentières,https://www.immob.biz/veranda-a-armentieres-pourquoi-cest-le-bon-choix-pour-votre-maison,2026-08-31
www.immob.biz,Viager : impact sur la longévité du vendeur et risques de décès prématuré - Immo B,viager,https://www.immob.biz/viager-impact-sur-la-longevite-du-vendeur-et-risques-de-deces-premature,2026-08-31
www.immob.biz,"Viager libre : avec la hausse des taux des crédits immobiliers, le viager regagne en popularité - Immo B",viager libre,https://www.immob.biz/viager-libre-avec-la-hausse-des-taux-des-credits-immobiliers-le-viager-regagne-en-popularite,2026-08-31
www.immob.biz,Vider une maison avant de la vendre : qui est concerné par cette tâche ? - Immo B,maison avant vendre,https://www.immob.biz/vider-une-maison-avant-de-la-vendre-qui-est-concerne-par-cette-tache,2026-08-31
www.immob.biz,"Visite virtuelle maison lamaison360 ou photos classiques, quel impact sur vos ventes ? - Immo B",photos classiques quel,https://www.immob.biz/visite-virtuelle-maison-lamaison360-ou-photos-classiques-quel-impact-sur-vos-ventes,2026-08-31
www.immob.biz,Immobilier de luxe à Paris : vivre dans une maison d'exception,immobilier luxe paris,https://www.immob.biz/vivre-a-paris-dans-une-maison-dexception-realite-ou-reve,2026-08-31
www.immob.biz,"Vivre dans un mobil home : avantages, coûts et législation - Immo B",vivre mobil home,https://www.immob.biz/vivre-dans-un-mobil-home-avantages-couts-et-legislation,2026-08-31
www.immob.biz,"Vivre près d'almas Tower in Dubai : qualité de vie, transports, commodités - Immo B",tower in dubai,https://www.immob.biz/vivre-pres-dalmas-tower-in-dubai-qualite-de-vie-transports-commodites,2026-08-31
www.immob.biz,Voisin qui obstrue la vue avec une clôture haute : droit et recours - Immo B,vue clôture haute,https://www.immob.biz/voisin-qui-obstrue-la-vue-avec-une-cloture-haute-droit-et-recours,2026-08-31
www.immob.biz,Vos premières recherches sur papers immo : erreurs fréquentes à éviter - Immo B,premières recherches papers,https://www.immob.biz/vos-premieres-recherches-sur-papers-immo-erreurs-frequentes-a-eviter,2026-08-31
www.immob.biz,Vous déménagez ? Suiviez notre guide - Immo B,vous déménagez suiviez,https://www.immob.biz/vous-demenagez-suiviez-notre-guide,2026-08-31
www.immob.biz,"Vous étudiez sur le plateau de Saclay, mais où loger ? - Immo B",vous étudiez plateau,https://www.immob.biz/vous-etudiez-sur-le-plateau-de-saclay-mais-ou-loger,2026-08-31
www.immob.biz,Zoom sur le mandat de vente exclusif - Immo B,zoom mandat vente,https://www.immob.biz/zoom-sur-le-mandat-de-vente-exclusif,2026-08-31
www.immob.biz,Zoom sur les caractéristiques du marché immobilier au Pays Basque - Immo B,caractéristiques marché immobilier,https://www.immob.biz/zoom-sur-les-caracteristiques-du-marche-immobilier-au-pays-basque,2026-08-31
www.immob.biz,Zoom sur l’immobilier à Rivesaltes - Immo B,zoom immobilier rivesaltes,https://www.immob.biz/zoom-sur-limmobilier-a-rivesaltes,2026-08-31
www.immob.biz,Zoom sur l’investissement immobilier aux USA - Immo B,zoom investissement immobilier,https://www.immob.biz/zoom-sur-linvestissement-immobilier-aux-usa,2026-08-31
www.immob.biz,"Skepp, le meilleur outil pour facilement trouver des bureaux à louer",trouver bureaux louer,https://www.immob.biz/zoom-sur-skepp-le-comparateur-de-bureaux-a-louer,2026-08-31
www.immorush.fr,"Accord juge des tutelles vente maison habilitation familiale : coûts, délais et pièges à éviter en 2026 - ImmoRush",vente maison habilitation,https://www.immorush.fr/accord-juge-des-tutelles-vente-maison-habilitation-familiale-couts-delais-et-pieges-a-eviter-en-2026,2026-08-31
www.immorush.fr,Assurance résidence secondaire : ce que votre contrat doit vraiment couvrir - ImmoRush,assurance résidence secondaire,https://www.immorush.fr/assurance-residence-secondaire-ce-que-votre-contrat-doit-vraiment-couvrir,2026-08-31
www.immorush.fr,Les 3 agences immobilières les plus fiables pour une estimation immobilière avant vente en 2026 - ImmoRush,immobilière avant vente,https://www.immorush.fr/les-3-agences-immobilieres-les-plus-fiables-pour-une-estimation-immobiliere-avant-vente-en-2026,2026-08-31
www.immorush.fr,Où dénicher une maison avec petit jardin à louer longue durée à Essaouira chez un particulier ? - ImmoRush,maison petit jardin,https://www.immorush.fr/ou-denicher-une-maison-avec-petit-jardin-a-louer-longue-duree-a-essaouira-chez-un-particulier,2026-08-31
www.leemo.fr,Munilla Construction : Maîtrisez l'efficacité de vos projets,munilla construction,https://www.leemo.fr/munilla-construction-management,2026-08-31
www.lenergieenquestions.fr,"Dégâts électriques, chauffage, fuite d'eau : quelles protections prévoir dans son contrat habitation ?",dégâts électriques chauffage,https://www.lenergieenquestions.fr/degats-electriques-chauffage-fuite-eau-protections-contrat-habitation,2026-08-31
www.ma-propriete.fr,Vends corps de ferme en Dordogne - Sud-Est de Bergerac - 27ha d'un seul tenant dont 1 étang d'1ha | MA-PROPRIETE.FR,corps ferme dordogne,https://www.ma-propriete.fr/fr/agricole/polyculture-elevage/dordogne/vends-corps-de-ferme-en-dordogne-sud-est-de-bergerac-27ha-dun-seul-tenant-dont-1-etang-d1ha,2026-08-31
www.ma-propriete.fr,7 leviers stratégiques pour sécuriser la rentabilité d'une opération de marchand de biens | MA-PROPRIETE.FR,leviers stratégiques sécuriser,https://www.ma-propriete.fr/fr/blog/7-leviers-strategiques-pour-securiser-la-rentabilite-dune-operation-de-marchand-de-biens,2026-08-31
www.ma-propriete.fr,Charmante propriété équestre avec rendements locatifs | MA-PROPRIETE.FR,charmante propriété équestre,https://www.ma-propriete.fr/fr/equestre/proprietes-equestres/bouches-du-rhone/charmante-propriete-equestre-avec-rendements-locatifs,2026-08-31
www.ma-propriete.fr,"Château historique avec piscine sculptée, lacs, installations équestres, 158 hectares et une vue imprenable dans le Gers, dans le sud-ouest de la France | MA-PROPRIETE.FR",château historique piscine,https://www.ma-propriete.fr/fr/equestre/proprietes-equestres/gers/chateau-historique-avec-piscine-sculptee-lacs-installations-equestres-158-hectares-et-une-vue-imprenable-dans-le-gers-dans-le-sud-ouest-de-la-france,2026-08-31
www.ma-propriete.fr,Propriete MAISON BOIS PRAIRIES BUZANCAIS (36) | MA-PROPRIETE.FR,bois prairies buzancais,https://www.ma-propriete.fr/fr/equestre/proprietes-equestres/indre/propriete-maison-bois-prairies-buzancais-36,2026-08-31
www.ma-propriete.fr,PROPRIÉTÉ DE CARACTÈRE À SARE FORT POTENTIEL TOURISTIQUE | MA-PROPRIETE.FR,fort potentiel touristique,https://www.ma-propriete.fr/fr/prestige/maison-de-maitre-belle-demeure/pyrenees-atlantiques/propriete-de-caractere-a-sare-fort-potentiel-touristique,2026-08-31
www.ma-propriete.fr,A SAINT FORGEUX LESPINASSE (42) MAISON DE CARACTERE de 200 M2 avec DEPENDANCES et terrain clos de 8400M2 | MA-PROPRIETE.FR,saint forgeux lespinasse,https://www.ma-propriete.fr/fr/rurale/maison-de-campagne/loire/a-saint-forgeux-lespinasse-42-maison-de-caractere-de-200-m2-avec-dependances-et-terrain-clos-de-8400m2,2026-08-31
www.ma-propriete.fr,"Domaine touristique à créer sur 1,58 ha aux portes du Périgord Noir | MA-PROPRIETE.FR",domaine touristique créer,https://www.ma-propriete.fr/fr/touristique/campings/correze/domaine-touristique-a-creer-sur-1-58-ha-aux-portes-du-perigord-noir,2026-08-31
www.ma-propriete.fr,Maison de caractère renovée avec gîte et piscine - Salles Courbatiés | MA-PROPRIETE.FR,maison caractère renovée,https://www.ma-propriete.fr/fr/touristique/gites/aveyron/maison-de-caractere-renovee-avec-gite-et-piscine-salles-courbaties-1,2026-08-31
www.maison-poincare.fr,Canapé 3 places : les mesures à prendre avant d'acheter - Maison Poincaré,canapé places,https://www.maison-poincare.fr/maison/canape-3-places-choisir,2026-08-31
www.maison-poincare.fr,Comment détacher du sang : la méthode qui marche,détacher sang,https://www.maison-poincare.fr/maison/detacher-tache-de-sang,2026-08-31
www.maisonreflet.fr,Faire une avancée de toit pour terrasse : guide complet,avancée toit terrasse,https://www.maisonreflet.fr/faire-une-avancee-de-toit-pour-terrasse-guide-complet,2026-08-31
www.maisonreflet.fr,Pierre ollaire pour poêle à bois : le guide complet,pierre ollaire poêle,https://www.maisonreflet.fr/pierre-ollaire-pour-poele-a-bois-le-guide-complet,2026-08-31
www.master-patrimoine.fr,Teambuilding Bordeaux : 8 idées pour souder vos équipes,teambuilding bordeaux,https://www.master-patrimoine.fr/teambuilding-bordeaux,2026-08-31
www.mes-bons-plans.fr,Les bons plans pour acheter un garde-corps sur mesure à un prix abordable | Mes Bons Plans,bons plans acheter,https://mes-bons-plans.fr/lemag/garde-corps-sur-mesure-prix-abordable,2026-08-31
www.mes-bons-plans.fr,Code promo Wondershare août 2026 : jusqu'à 50% de remise | Mes Bons Plans,code promo wondershare,https://mes-bons-plans.fr/wondershare-fr,2026-08-31
www.metiersdart-artisanat.com,null,null,https://www.metiersdart-artisanat.com/alarme-maison,2026-08-31
www.metiersdart-artisanat.com,Bâche pour store banne : bien choisir sa toile,bâche store banne,https://www.metiersdart-artisanat.com/bache-pour-store-banne-2,2026-08-31
www.metiersdart-artisanat.com,"Serrure inox : 304 ou 316L, laquelle choisir vraiment",serrure inox,https://www.metiersdart-artisanat.com/serrure-inox,2026-08-31
www.modulhome.fr,Céleri - Modul Home,céleri,https://www.modulhome.fr/celeri,2026-08-31
www.modulhome.fr,Insecte jaune et noir : à quelle espèce avez-vous affaire ? - Modul Home,insecte jaune noir,https://www.modulhome.fr/insecte-jaune-et-noir,2026-08-31
www.modulhome.fr,Maison de maître : définition et caractéristiques - Modul Home,maison maître,https://www.modulhome.fr/maison-maitre-definition-caracteristiques,2026-08-31
www.modulhome.fr,Melon - Modul Home,melon,https://www.modulhome.fr/melon,2026-08-31
www.modulhome.fr,Tomate - Modul Home,tomate,https://www.modulhome.fr/tomate,2026-08-31
www.modulhome.fr,Topinambour - Modul Home,topinambour,https://www.modulhome.fr/topinambour,2026-08-31
www.repp.org,Votre lit aussi mérite une déco digne de ce nom : découvrez comment - REPP,votre lit aussi,http://www.repp.org/votre-lit-aussi-merite-une-deco-digne-de-ce-nom-decouvrez-comment,2026-08-31
www.tschann.fr,Quels sont les avantages d’une SCPI pour investir dans l’immobilier ? – Tschann,scpi investir immobilier,https://www.tschann.fr/quels-sont-les-avantages-dune-scpi,2026-08-31
www.valeurscorporate.fr,Assurance vie en ligne : Linxea Spirit 2 et choix du contrat,assurance vie ligne,https://www.valeurscorporate.fr/assurance-vie-ligne-linxea-spirit-2,2026-08-31
www.vudailleurs.com,Peer review et opacité éditoriale : vers une réforme,review opacité éditoriale,https://www.vudailleurs.com/peer-review-opacite-editoriale-legitimite-scientifique,2026-08-31
www.vudailleurs.com,PMU et BetMakers : le pari fou des courses françaises,pmu betmakers,https://www.vudailleurs.com/pmu-betmakers-paris-cote-fixe-international,2026-08-31
www.vudailleurs.com,PMU Brest : le bar La Presqu’île devient le 1er bistrot premium,pmu brest,https://www.vudailleurs.com/pmu-la-presqu-ile-brest-paris-mutuels-urbains,2026-08-31
www.vudailleurs.com,Les stablecoins vont-ils sauver le dollar ?,stablecoins vont ils,https://www.vudailleurs.com/stablecoins-sauver-dollar-hegemonie-crypto,2026-08-31
www.vudailleurs.com,Véhicule autonome : la révolution du modèle de l'assurance auto,véhicule autonome,https://www.vudailleurs.com/vehicule-autonome-assurance-auto-mutation,2026-08-31
