domain,title,keyword_keybert,url,detected_on
matelas-experience.com/,Des étés à 40 degrés chaque année : le cahier des charges du matelas a changé,degrés chaque année,https://www.matelas-experience.com/des-etes-a-40-degres-chaque-annee-le-cahier-des-charges-du-matelas-a-change,2026-08-28
matelas-experience.com/,"Interview de Luc Mesme de Back Office Santé : Sommeil, posture et TMS : la santé au travail se joue aussi la nuit",interview luc mesme,https://www.matelas-experience.com/interview-de-luc-mesme-de-back-office-sante-sommeil-posture-et-tms-la-sante-au-travail-se-joue-aussi-la-nuit,2026-08-28
matelas-experience.com/,TOP 50 du sommeil et de la literie : nos classements - Matelas Experience,50 sommeil literie,https://www.matelas-experience.com/nos-top-50,2026-08-28
matelas-experience.com/,"TOP 50 du sommeil : experts, centres et médias à suivre",top 50 sommeil,https://www.matelas-experience.com/top-50-du-sommeil-experts-centres-et-medias-a-suivre,2026-08-28
positivia.fr/,Agence SEO Montpellier : guide clair et conseils utiles,agence seo montpellier,https://positivia.fr/agence-seo-montpellier,2026-08-28
selectionmaison.fr/,Idées déco pour une table ronde de mariage élégante – SELECTION MAISON,table ronde mariage,https://selectionmaison.fr/idee-deco-table-ronde-mariage,2026-08-28
sommeil-zen.com/,Fruits et légumes sommeil : +16 % de qualité,fruits légumes sommeil,https://sommeil-zen.com/manger-plus-de-fruits-et-legumes-une-etude-associe-ce-geste-a-un-sommeil-moins-hache,2026-08-28
sommeil-zen.com/,medoc pour dormir : choisir selon l’insomnie et limiter les risques - Sommeil Zen,medoc dormir,https://sommeil-zen.com/medoc-pour-dormir-risques,2026-08-28
www.celyatis.com/,Blog santé & conseils bien être - Blog santé,blog santé conseils,https://www.celyatis.com/,2026-08-28
www.celyatis.com/,About - Blog santé,about,https://www.celyatis.com/about,2026-08-28
www.celyatis.com/,Blog - Blog santé,blog,https://www.celyatis.com/blog,2026-08-28
www.celyatis.com/,Ambien : Efficace ou non pour traiter l'insomnie ?,ambien,https://www.celyatis.com/blog/appareil-medical/ambien-un-medicament-efficace-pour-linsomnie.html,2026-08-28
www.celyatis.com/,Exploration approfondie de l'anatomie du genou en 3D : Les secrets dévoilés - Blog santé,anatomie genou 3d,https://www.celyatis.com/blog/appareil-medical/anatomie-du-genou-3d.html,2026-08-28
www.celyatis.com/,Appareil de monitorage : choisir le bon intégrateur de solutions médicales pour optimiser les soins - Blog santé,appareil monitorage,https://www.celyatis.com/blog/appareil-medical/appareil-de-monitorage-choisir-le-bon-integrateur-de-solutions-medicales-pour-optimiser-les-soins.html,2026-08-28
www.celyatis.com/,Quel appareil de physiothérapie choisir pour soulager vos douleurs à la maison ? - Blog santé,quel appareil physiothérapie,https://www.celyatis.com/blog/appareil-medical/appareil-physiotherapie.html,2026-08-28
www.celyatis.com/,Guide Pratique: Trouver la Meilleure Attelle pour Orteil Cassé en Pharmacie - Blog santé,orteil cassé pharmacie,https://www.celyatis.com/blog/appareil-medical/attelle-pour-orteil-casse-pharmacie.html,2026-08-28
www.celyatis.com/,Guide pour choisir le meilleur cardiofréquencemètre - Blog santé,choisir meilleur cardiofréquencemètre,https://www.celyatis.com/blog/appareil-medical/cardiofrequencemetre.html,2026-08-28
www.celyatis.com/,Comprendre le Cartilage de Croissance du Pied : Un Guide Exhaustif - Blog santé,cartilage croissance pied,https://www.celyatis.com/blog/appareil-medical/cartilage-de-croissance-pied.html,2026-08-28
www.celyatis.com/,Conseils pour bien choisir sa ceinture abdominale - Blog santé,sa ceinture abdominale,https://www.celyatis.com/blog/appareil-medical/ceintures-abdominale.html,2026-08-28
www.celyatis.com/,Comment les chaussettes de compression médicale peuvent améliorer votre santé quotidienne ? - Blog santé,chaussettes compression médicale,https://www.celyatis.com/blog/appareil-medical/chaussettes-de-compression-medicale.html,2026-08-28
www.celyatis.com/,Livraison de médicaments 24/24 : les clés de la réussite,livraison médicaments 24,https://www.celyatis.com/blog/appareil-medical/comment-assurer-une-livraison-de-medicaments-24-24.html,2026-08-28
www.celyatis.com/,Comment choisir son aide auditive : critères et conseils essentiels - Blog santé,son aide auditive,https://www.celyatis.com/blog/appareil-medical/comment-choisir-son-aide-auditive-criteres-et-conseils-essentiels.html,2026-08-28
www.celyatis.com/,Comment optimiser la sécurité des patients ? - Blog santé,optimiser sécurité patients,https://www.celyatis.com/blog/appareil-medical/comment-optimiser-la-securite-des-patients.html,2026-08-28
www.celyatis.com/,Comment préserver son audition au quotidien ? - Blog santé,son audition quotidien,https://www.celyatis.com/blog/appareil-medical/comment-preserver-son-audition-au-quotidien.html,2026-08-28
www.celyatis.com/,Comment utiliser un verticalisateur ? - Blog santé,utiliser verticalisateur,https://www.celyatis.com/blog/appareil-medical/comment-utiliser-un-verticalisateur.html,2026-08-28
www.celyatis.com/,Comprendre l'apnée du sommeil - Blog santé,comprendre apnée sommeil,https://www.celyatis.com/blog/appareil-medical/comprendre-apnee-du-sommeil.html,2026-08-28
www.celyatis.com/,Comment soulager la compression du nerf du talon au quotidien ? - Blog santé,compression nerf talon,https://www.celyatis.com/blog/appareil-medical/compression-nerf-talon.html,2026-08-28
www.celyatis.com/,Coussins de positionnement : confort et maintien pour tous les besoins - Blog santé,coussins positionnement,https://www.celyatis.com/blog/appareil-medical/coussins-de-positionnement-confort-et-maintien-pour-tous-les-besoins.html,2026-08-28
www.celyatis.com/,Comment fonctionne une couverture chauffante ? - Blog santé,fonctionne couverture chauffante,https://www.celyatis.com/blog/appareil-medical/couverture-chauffante.html,2026-08-28
www.celyatis.com/,Découvrez les Avantages des Fauteuils Dentaires Spécialisés pour un Confort Amélioré des Patients - Blog santé,fauteuils dentaires spécialisés,https://www.celyatis.com/blog/appareil-medical/decouvrez-les-avantages-des-fauteuils-dentaires-specialises-pour-un-confort-ameliore-des-patients.html,2026-08-28
www.celyatis.com/,Que peut détecter un ECG ? - Blog santé,peut détecter ecg,https://www.celyatis.com/blog/appareil-medical/detection-ecg.html,2026-08-28
www.celyatis.com/,Tout ce que vous devez savoir sur l'échographie du poignet - Blog santé,devez savoir échographie,https://www.celyatis.com/blog/appareil-medical/echographie-poignet.html,2026-08-28
www.celyatis.com/,5 exercices essentiels pour se préparer à une prothèse de hanche - Blog santé,préparer prothèse hanche,https://www.celyatis.com/blog/appareil-medical/exercices-avant-prothese-de-hanche.html,2026-08-28
www.celyatis.com/,Comprendre l'importance de la gaine synoviale pour la santé de vos articulations - Blog santé,santé vos articulations,https://www.celyatis.com/blog/appareil-medical/gaine-synoviale.html,2026-08-28
www.celyatis.com/,Comment choisir la meilleure genouillère ligamentaire pour le football ? - Blog santé,meilleure genouillère ligamentaire,https://www.celyatis.com/blog/appareil-medical/genouillere-ligamentaire-football.html,2026-08-28
www.celyatis.com/,Guide d'achat pour les tables de massage - Blog santé,tables massage,https://www.celyatis.com/blog/appareil-medical/guide-dachat-pour-les-tables-de-massage.html,2026-08-28
www.celyatis.com/,La kiné respiratoire pour adultes : une thérapie essentielle pour une meilleure santé - Blog santé,kiné respiratoire adultes,https://www.celyatis.com/blog/appareil-medical/kine-respiratoire-pour-adulte.html,2026-08-28
www.celyatis.com/,Les bienfaits de la kinésithérapie par ultrasons - Blog santé,bienfaits kinésithérapie ultrasons,https://www.celyatis.com/blog/appareil-medical/kine-ultrason.html,2026-08-28
www.celyatis.com/,La colchicine : un traitement révolutionnaire contre la goutte !,colchicine,https://www.celyatis.com/blog/appareil-medical/la-colchicine-un-medicament-efficace-contre-la-goutte.html,2026-08-28
www.celyatis.com/,Le ballon gastrique contre le surpoids et l'obésité. - Blog santé,ballon gastrique contre,https://www.celyatis.com/blog/appareil-medical/le-ballon-gastrique-contre-le-surpoids-et-lobesite.html,2026-08-28
www.celyatis.com/,Le rôle des modèles expérimentaux dans les progrès de la médecine de précision - Blog santé,médecine précision,https://www.celyatis.com/blog/appareil-medical/le-role-des-modeles-experimentaux-dans-les-progres-de-la-medecine-de-precision.html,2026-08-28
www.celyatis.com/,Les innovations technologiques dans le domaine des implants dentaires - Blog santé,implants dentaires,https://www.celyatis.com/blog/appareil-medical/les-innovations-technologiques-dans-le-domaine-des-implants-dentaires.html,2026-08-28
www.celyatis.com/,Les nouvelles fonctionnalités des réfracteurs automatiques et leur impact sur le flux de travail des ophtalmologues - Blog santé,flux travail ophtalmologues,https://www.celyatis.com/blog/appareil-medical/les-nouvelles-fonctionnalites-des-refracteurs-automatiques-et-leur-impact-sur-le-flux-de-travail-des-ophtalmologues.html,2026-08-28
www.celyatis.com/,Qu’est-ce que la magnétothérapie ? - Blog santé,est que magnétothérapie,https://www.celyatis.com/blog/appareil-medical/magnetotherapie.html,2026-08-28
www.celyatis.com/,Masseurs à Domicile : La Mobilité et le Confort pour des Séances Optimales - Blog santé,masseurs domicile,https://www.celyatis.com/blog/appareil-medical/masseurs-a-domicile-la-mobilite-et-le-confort-pour-des-seances-optimales.html,2026-08-28
www.celyatis.com/,Les meilleures tailles de pansements Mepilex Border : guide complet pour choisir la bonne dimension - Blog santé,pansements mepilex border,https://www.celyatis.com/blog/appareil-medical/meilleures-tailles-pansements-mepilex-border-guide-complet-choisir-bonne-dimension.html,2026-08-28
www.celyatis.com/,Les bienfaits de l'huile de mhu pour la santé - Blog santé,bienfaits huile mhu,https://www.celyatis.com/blog/appareil-medical/mhu.html,2026-08-28
www.celyatis.com/,Comment fonctionne un miroir grossissant ? - Blog santé,fonctionne miroir grossissant,https://www.celyatis.com/blog/appareil-medical/miroir-grossissant.html,2026-08-28
www.celyatis.com/,Les mouvements interdits avec une prothèse de hanche - Blog santé,interdits prothèse hanche,https://www.celyatis.com/blog/appareil-medical/mouvements-interdits-avec-prothese-de-hanche.html,2026-08-28
www.celyatis.com/,Quelle est la meilleure mutuelle pour les yeux ? - Blog santé,meilleure mutuelle yeux,https://www.celyatis.com/blog/appareil-medical/mutuelle-pour-les-yeux.html,2026-08-28
www.celyatis.com/,Myopie et astigmatisme : quelle solution laser pour retrouver une bonne vue ? - Blog santé,myopie astigmatisme,https://www.celyatis.com/blog/appareil-medical/myopie-et-astigmatisme-quelle-solution-laser-pour-retrouver-une-bonne-vue.html,2026-08-28
www.celyatis.com/,"Comprendre les Nodules de Bouchard: Causes, Symptômes et Traitements - Blog santé",nodules bouchard causes,https://www.celyatis.com/blog/appareil-medical/nodule-bouchard.html,2026-08-28
www.celyatis.com/,Les bienfaits de la thérapie par onde de choc en kinésithérapie - Blog santé,onde choc kinésithérapie,https://www.celyatis.com/blog/appareil-medical/onde-de-choc-kine.html,2026-08-28
www.celyatis.com/,Pourquoi choisir un oreiller ergonomique ? - Blog santé,choisir oreiller ergonomique,https://www.celyatis.com/blog/appareil-medical/oreiller-ergonomique.html,2026-08-28
www.celyatis.com/,Comment une orthèse d'orteil peut-elle soulager les douleurs de pied ? - Blog santé,soulager douleurs pied,https://www.celyatis.com/blog/appareil-medical/orthese-orteil.html,2026-08-28
www.celyatis.com/,Orthodontie adulte : quelle mutuelle pour couvrir efficacement vos frais de traitement ? - Blog santé,orthodontie adulte,https://www.celyatis.com/blog/appareil-medical/orthodontie-adulte-quelle-mutuelle-pour-couvrir-efficacement-vos-frais-de-traitement.html,2026-08-28
www.celyatis.com/,Comprendre la Structure et la Fonction des Os de l'Avant-Bras : Un Guide Détaillé - Blog santé,os avant bras,https://www.celyatis.com/blog/appareil-medical/os-de-lavant-bras.html,2026-08-28
www.celyatis.com/,Pesse personne 200 kg pour perdre du poids en securite: comment faire? - Blog santé,pesse personne 200,https://www.celyatis.com/blog/appareil-medical/pesse-personne-200-kg-pour-perdre-du-poids-en-securite-comment-faire.html,2026-08-28
www.celyatis.com/,La Pilule Contraceptive : Quels sont les Avantages et les Inconvénients? - Blog santé,pilule contraceptive,https://www.celyatis.com/blog/appareil-medical/pilule-contraceptive.html,2026-08-28
www.celyatis.com/,"Déclencheurs d’appel malade : poire, tirette, bouton",déclencheurs appel malade,https://www.celyatis.com/blog/appareil-medical/poire-tirette-bouton-choisir-le-bon-declencheur-dappel-malade.html,2026-08-28
www.celyatis.com/,Pourquoi les Établissements de Santé Adoptent les Coussins de Positionnement ? - Blog santé,santé adoptent coussins,https://www.celyatis.com/blog/appareil-medical/pourquoi-les-etablissements-de-sante-adoptent-les-coussins-de-positionnement.html,2026-08-28
www.celyatis.com/,Pourquoi porter des prothèses auditives ? Améliorer sa santé et sa vie sociale - Blog santé,porter prothèses auditives,https://www.celyatis.com/blog/appareil-medical/pourquoi-porter-des-protheses-auditives-ameliorer-sa-sante-et-sa-vie-sociale.html,2026-08-28
www.celyatis.com/,Tout ce que vous devez savoir sur la pressothérapie : avis et bénéfices - Blog santé,devez savoir pressothérapie,https://www.celyatis.com/blog/appareil-medical/pressotherapie-avis.html,2026-08-28
www.celyatis.com/,Rééducation après une prothèse du col du fémur: Le Guide Complet pour un Retour Optimal à la Mobilité - Blog santé,fémur retour optimal,https://www.celyatis.com/blog/appareil-medical/prothese-col-du-femur-reeducation.html,2026-08-28
www.celyatis.com/,"Prothèses auditives Unisson : avis, prix et modèles disponibles - Blog santé",prothèses auditives unisson,https://www.celyatis.com/blog/appareil-medical/protheses-auditives-unisson-avis-prix-et-modeles-disponibles.html,2026-08-28
www.celyatis.com/,Comment choisir un purificateur d'air ? - Blog santé,choisir purificateur air,https://www.celyatis.com/blog/appareil-medical/purificateur-dair.html,2026-08-28
www.celyatis.com/,Quels sont les signes de fin de vie dans la maladie d’Alzheimer ? - Blog santé,vie maladie alzheimer,https://www.celyatis.com/blog/appareil-medical/quels-sont-les-signes-de-fin-de-vie-dans-la-maladie-dalzheimer.html,2026-08-28
www.celyatis.com/,Qu'est ce qu'un doppler fœtal et comment s'en servir ? - Blog santé,est qu doppler,https://www.celyatis.com/blog/appareil-medical/quest-ce-quun-doppler-foetal-et-comment-sen-servir.html,2026-08-28
www.celyatis.com/,Qu'est ce qu'un speculum et comment s'en servir ? - Blog santé,qu speculum servir,https://www.celyatis.com/blog/appareil-medical/quest-ce-quun-speculum-et-comment-sen-servir.html,2026-08-28
www.celyatis.com/,Qu'est ce qu'un stethoscope et comment s'en servir ? - Blog santé,est qu stethoscope,https://www.celyatis.com/blog/appareil-medical/quest-ce-quun-stethoscope-et-comment-sen-servir.html,2026-08-28
www.celyatis.com/,Senior : 3 astuces infaillibles pour choisir sa mutuelle - Blog santé,senior,https://www.celyatis.com/blog/appareil-medical/senior-3-astuces-infaillibles-pour-choisir-sa-mutuelle.html,2026-08-28
www.celyatis.com/,Les meilleurs sièges assis genoux pour limiter les douleurs - Blog santé,sièges assis genoux,https://www.celyatis.com/blog/appareil-medical/siege-assis-genoux.html,2026-08-28
www.celyatis.com/,Comment choisir un bon siège ergonomique ? - Blog santé,bon siège ergonomique,https://www.celyatis.com/blog/appareil-medical/siege-ergonomique.html,2026-08-28
www.celyatis.com/,Les 5 meilleurs exercices pour renforcer les genoux fragiles en ski - Blog santé,genoux fragiles ski,https://www.celyatis.com/blog/appareil-medical/ski-genoux-fragiles.html,2026-08-28
www.celyatis.com/,comprendre l'anatomie du squelette de la jambe - Blog santé,comprendre anatomie squelette,https://www.celyatis.com/blog/appareil-medical/squelette-de-la-jambe.html,2026-08-28
www.celyatis.com/,Comprendre et prendre soin de notre squelette : Le rôle crucial de la kinésithérapie - Blog santé,soin notre squelette,https://www.celyatis.com/blog/appareil-medical/squelette-kine.html,2026-08-28
www.celyatis.com/,Comment appliquer correctement un strapping à la cuisse arrière pour une récupération optimale ? - Blog santé,strapping cuisse arrière,https://www.celyatis.com/blog/appareil-medical/strapping-cuisse-arriere.html,2026-08-28
www.celyatis.com/,Comment Utiliser le Taping Genou Essui-Glace pour Soulager la Douleur : Guide Complet - Blog santé,taping genou essui,https://www.celyatis.com/blog/appareil-medical/taping-genou-essui-glace.html,2026-08-28
www.celyatis.com/,Les effets secondaires de la thérapie par tecar - Blog santé,secondaires thérapie tecar,https://www.celyatis.com/blog/appareil-medical/tecar-therapie-effets-secondaires.html,2026-08-28
www.celyatis.com/,La técarthérapie : une solution innovante pour soulager les douleurs musculaires - Blog santé,técarthérapie,https://www.celyatis.com/blog/appareil-medical/tecartherapie.html,2026-08-28
www.celyatis.com/,Tensiomètre pour professionnels : être bien équipé lors de ses rendez-vous à domicile - Blog santé,tensiomètre professionnels,https://www.celyatis.com/blog/appareil-medical/tensiometre-pour-professionnels-etre-bien-equipe-lors-de-ses-rendez-vous-a-domicile.html,2026-08-28
www.celyatis.com/,À lire avant de choisir un tensiomètre - Blog santé,avant choisir tensiomètre,https://www.celyatis.com/blog/appareil-medical/tensiometre.html,2026-08-28
www.celyatis.com/,Les meilleurs purificateurs TEQOYA en 2022 - Blog santé,meilleurs purificateurs teqoya,https://www.celyatis.com/blog/appareil-medical/teqoya.html,2026-08-28
www.celyatis.com/,Tests auditifs en ligne : sont-ils fiables ? - Blog santé,tests auditifs ligne,https://www.celyatis.com/blog/appareil-medical/tests-auditifs-en-ligne-sont-ils-fiables.html,2026-08-28
www.celyatis.com/,Rééducation par le Vélo: Comment la Kinésithérapie Transforme le Processus de Guérison - Blog santé,rééducation vélo kinésithérapie,https://www.celyatis.com/blog/appareil-medical/velo-reeducation-kine.html,2026-08-28
www.celyatis.com/,Les 11 meilleures techniques de relaxation pour une meilleure santé - Blog santé,relaxation meilleure santé,https://www.celyatis.com/blog/appareil-medical/vq11.html,2026-08-28
www.celyatis.com/,"Aurel, Author at Blog santé",aurel author,https://www.celyatis.com/blog/author/aurel,2026-08-28
www.celyatis.com/,"aurelie, Author at Blog santé",aurelie author,https://www.celyatis.com/blog/author/aurelie,2026-08-28
www.celyatis.com/,"Jean, Author at Blog santé",jean author,https://www.celyatis.com/blog/author/jean,2026-08-28
www.celyatis.com/,"Natacha, Author at Blog santé",natacha author,https://www.celyatis.com/blog/author/natacha,2026-08-28
www.celyatis.com/,"nina, Author at Blog santé",nina author,https://www.celyatis.com/blog/author/nina,2026-08-28
www.celyatis.com/,"Thomas, Author at Blog santé",thomas author,https://www.celyatis.com/blog/author/thomas,2026-08-28
www.celyatis.com/,00h00 heure miroir : signification spirituelle et nouveau départ - Blog santé,00h00 heure miroir,https://www.celyatis.com/blog/bien-etre/00h00-signification-spirituelle.html,2026-08-28
www.celyatis.com/,01h01 heure miroir : signification et début de nouveau cycle - Blog santé,01h01 heure miroir,https://www.celyatis.com/blog/bien-etre/01h01-signification-spirituelle.html,2026-08-28
www.celyatis.com/,03h03 signification spirituelle : créativité et expression de soi - Blog santé,03h03 signification spirituelle,https://www.celyatis.com/blog/bien-etre/03h03-signification-spirituelle.html,2026-08-28
www.celyatis.com/,04h04 signification spirituelle : un message de stabilité et d'ordre - Blog santé,04h04 signification spirituelle,https://www.celyatis.com/blog/bien-etre/04h04-signification-spirituelle.html,2026-08-28
www.celyatis.com/,06h06 heure miroir : signification spirituelle et message des anges - Blog santé,06h06 heure miroir,https://www.celyatis.com/blog/bien-etre/06h06-signification-spirituelle.html,2026-08-28
www.celyatis.com/,07h07 heure miroir : signification spirituelle et message des anges - Blog santé,07h07 heure miroir,https://www.celyatis.com/blog/bien-etre/07h07-signification-spirituelle.html,2026-08-28
www.celyatis.com/,09h09 signification spirituelle : humanité et compassion - Blog santé,09h09 signification spirituelle,https://www.celyatis.com/blog/bien-etre/09h09-signification-spirituelle.html,2026-08-28
www.celyatis.com/,Dix conseils pratiques pour se désintoxiquer du sucre efficacement - Blog santé,désintoxiquer sucre efficacement,https://www.celyatis.com/blog/bien-etre/10-conseils-pour-se-desintoxiquer-du-sucre.html,2026-08-28
www.celyatis.com/,12h12 heure miroir : signification spirituelle de renouveau et d'optimisme - Blog santé,12h12 heure miroir,https://www.celyatis.com/blog/bien-etre/12h12-signification-spirituelle.html,2026-08-28
www.celyatis.com/,12h21 heure miroir : signification spirituelle symétrie et équilibre - Blog santé,12h21 heure miroir,https://www.celyatis.com/blog/bien-etre/12h21-signification-spirituelle.html,2026-08-28
www.celyatis.com/,14h14 signification spirituelle : patience et persévérance - Blog santé,14h14 signification spirituelle,https://www.celyatis.com/blog/bien-etre/14h14-signification-spirituelle.html,2026-08-28
www.celyatis.com/,14h41 signification spirituelle : pourquoi vous voyez cette heure - Blog santé,14h41 signification spirituelle,https://www.celyatis.com/blog/bien-etre/14h41-signification-spirituelle.html,2026-08-28
www.celyatis.com/,15h15 heure miroir : signification spirituelle de liberté et d'aventure - Blog santé,15h15 heure miroir,https://www.celyatis.com/blog/bien-etre/15h15-signification-spirituelle.html,2026-08-28
www.celyatis.com/,15h51 heure miroir : signification spirituelle et changement de perspective - Blog santé,15h51 heure miroir,https://www.celyatis.com/blog/bien-etre/15h51-signification-spirituelle.html,2026-08-28
www.celyatis.com/,16h16 signification spirituelle : pensées positives - Blog santé,16h16 signification spirituelle,https://www.celyatis.com/blog/bien-etre/16h16-signification-spirituelle.html,2026-08-28
www.celyatis.com/,18h18 signification spirituelle : abondance et gratitude - Blog santé,18h18 signification spirituelle,https://www.celyatis.com/blog/bien-etre/18h18-signification-spirituelle.html,2026-08-28
www.celyatis.com/,19h19 heure miroir : un signe d'accomplissement ? Signification complète - Blog santé,19h19 heure miroir,https://www.celyatis.com/blog/bien-etre/19h19-signification-spirituelle.html,2026-08-28
www.celyatis.com/,20h02 signification spirituelle : dualité et lien amoureux - Blog santé,20h02 signification spirituelle,https://www.celyatis.com/blog/bien-etre/20h02-signification-spirituelle.html,2026-08-28
www.celyatis.com/,21h12 heure miroir : signification spirituelle et message inversé - Blog santé,21h12 heure miroir,https://www.celyatis.com/blog/bien-etre/21h12-signification-spirituelle.html,2026-08-28
www.celyatis.com/,21h21 heure miroir : signification spirituelle et message d'intuition - Blog santé,21h21 heure miroir,https://www.celyatis.com/blog/bien-etre/21h21-signification-spirituelle.html,2026-08-28
www.celyatis.com/,2h22 signification spirituelle : alignement intérieur et équilibre - Blog santé,2h22 signification spirituelle,https://www.celyatis.com/blog/bien-etre/2h22-signification-spirituelle.html,2026-08-28
www.celyatis.com/,3 bienfaits de l’hypnose pour la santé et le bien-être - Blog santé,bienfaits hypnose santé,https://www.celyatis.com/blog/bien-etre/3-bienfaits-de-lhypnose-pour-la-sante-et-le-bien-etre.html,2026-08-28
www.celyatis.com/,3 conseils pour booster votre énergie et réduire le stress - Blog santé,booster votre énergie,https://www.celyatis.com/blog/bien-etre/3-conseils-pour-booster-votre-energie-et-reduire-le-stress.html,2026-08-28
www.celyatis.com/,3 techniques pour divertir un enfant chez le medecein - Blog santé,techniques divertir enfant,https://www.celyatis.com/blog/bien-etre/3-techniques-pour-divertir-un-enfant-chez-le-medecein.html,2026-08-28
www.celyatis.com/,333 signification spirituelle : le message des maîtres ascensionnés - Blog santé,333 signification spirituelle,https://www.celyatis.com/blog/bien-etre/333-signification-spirituelle.html,2026-08-28
www.celyatis.com/,3h33 signification spirituelle : créativité et message nocturne - Blog santé,3h33 signification spirituelle,https://www.celyatis.com/blog/bien-etre/3h33-signification-spirituelle.html,2026-08-28
www.celyatis.com/,4 signes d’une peau saine - Blog santé,signes peau saine,https://www.celyatis.com/blog/bien-etre/4-signes-dune-peau-saine.html,2026-08-28
www.celyatis.com/,444 signification spirituelle : pourquoi vous voyez ce chiffre partout - Blog santé,444 signification spirituelle,https://www.celyatis.com/blog/bien-etre/444-signification-spirituelle.html,2026-08-28
www.celyatis.com/,4h44 signification spirituelle : un message de fondations solides - Blog santé,4h44 signification spirituelle,https://www.celyatis.com/blog/bien-etre/4h44-signification-spirituelle.html,2026-08-28
www.celyatis.com/,5 astuces de grand mère pour detacher une table en chêne - Blog santé,detacher table chêne,https://www.celyatis.com/blog/bien-etre/5-astuces-de-grand-mere-pour-detacher-une-table-en-chene.html,2026-08-28
www.celyatis.com/,555 signification spirituelle : pourquoi vous voyez ce nombre partout - Blog santé,555 signification spirituelle,https://www.celyatis.com/blog/bien-etre/555-signification-spirituelle.html,2026-08-28
www.celyatis.com/,7 critères pour améliorer la gestion thermique de votre maison ou de votre commerce - Blog santé,maison votre commerce,https://www.celyatis.com/blog/bien-etre/7-criteres-pour-ameliorer-la-gestion-thermique-de-votre-maison-ou-de-votre-commerce.html,2026-08-28
www.celyatis.com/,7 façons dont la numérisation façonnera l'avenir des soins de santé - Blog santé,numérisation façonnera avenir,https://www.celyatis.com/blog/bien-etre/7-facons-dont-la-numerisation-faconnera-lavenir-des-soins-de-sante.html,2026-08-28
www.celyatis.com/,8 Postures de Yoga pour Soulager la Douleur de la Sciatique : Guide Pratique pour le Bien-être - Blog santé,postures yoga soulager,https://www.celyatis.com/blog/bien-etre/8-postures-de-yoga-pour-soulager-la-sciatique.html,2026-08-28
www.celyatis.com/,888 signification spirituelle : un message d'abondance financière - Blog santé,888 signification spirituelle,https://www.celyatis.com/blog/bien-etre/888-signification-spirituelle.html,2026-08-28
www.celyatis.com/,À quel chakra la douleur au genou est-elle liée ? - Blog santé,quel chakra douleur,https://www.celyatis.com/blog/bien-etre/a-quel-chakra-la-douleur-au-genou-est-elle-liee.html,2026-08-28
www.celyatis.com/,Comment les acariens peuvent-ils causer des boutons et comment y remédier ? - Blog santé,ils causer boutons,https://www.celyatis.com/blog/bien-etre/acariens-et-boutons.html,2026-08-28
www.celyatis.com/,Comment réagir efficacement en cas d'accident sportif ? - Blog santé,cas accident sportif,https://www.celyatis.com/blog/bien-etre/accident-sportif.html,2026-08-28
www.celyatis.com/,Achat de CBD pour le stress et l'anxiété : pourquoi opter pour le site weedy.fr - Blog santé,cbd stress anxiété,https://www.celyatis.com/blog/bien-etre/achat-de-cbd-pour-le-stress-et-lanxiete-pourquoi-opter-pour-le-site-weedy-fr.html,2026-08-28
www.celyatis.com/,Acouphènes : quelle est leur signification spirituelle ? - Blog santé,acouphènes,https://www.celyatis.com/blog/bien-etre/acouphenes-quelle-est-leur-signification-spirituelle.html,2026-08-28
www.celyatis.com/,Activité physique et flexibilité : le nouveau visage du sport au quotidien - Blog santé,activité physique flexibilité,https://www.celyatis.com/blog/bien-etre/activite-physique-et-flexibilite-le-nouveau-visage-du-sport-au-quotidien.html,2026-08-28
www.celyatis.com/,Adopter un multicorrecteur de teint pour une peau éclatante et unifiée - Blog santé,multicorrecteur teint peau,https://www.celyatis.com/blog/bien-etre/adopter-un-multicorrecteur-de-teint-pour-une-peau-eclatante-et-unifiee.html,2026-08-28
www.celyatis.com/,Comment aider votre bébé atteint de RGO à mieux dormir ? - Blog santé,rgo mieux dormir,https://www.celyatis.com/blog/bien-etre/aider-bebe-rgo-a-dormir.html,2026-08-28
www.celyatis.com/,Aliment pour le coeur : Les meilleures options pour votre santé cardiaque - Blog santé,aliment coeur,https://www.celyatis.com/blog/bien-etre/aliment-pour-le-coeur-les-meilleures-options-pour-votre-sante-cardiaque.html,2026-08-28
www.celyatis.com/,Allergie aux cheveux : comment reconnaître et traiter cette réaction peu connue ? - Blog santé,allergie cheveux,https://www.celyatis.com/blog/bien-etre/allergie-cheveux.html,2026-08-28
www.celyatis.com/,Allergie en août : Comment se préparer aux pollens tardifs ? - Blog santé,allergie août,https://www.celyatis.com/blog/bien-etre/allergie-en-aout.html,2026-08-28
www.celyatis.com/,Alternatives efficaces au Bissell SpotClean Pro : les meilleures options pour nettoyer vos taches - Blog santé,bissell spotclean pro,https://www.celyatis.com/blog/bien-etre/alternatives-efficaces-bissell-spotclean-pro-meilleures-options-nettoyer-vos-taches.html,2026-08-28
www.celyatis.com/,Explorez les vertus du bien-être avec les fleurs CBD et l'ice-o-lator,être fleurs cbd,https://www.celyatis.com/blog/bien-etre/ameliorer-votre-bien-etre-grace-aux-fleurs-cbd.html,2026-08-28
www.celyatis.com/,Anesthésique local sans ordonnance : guide complet - Blog santé,anesthésique local sans,https://www.celyatis.com/blog/bien-etre/anesthesique-local-sans-ordonnance-guide-complet.html,2026-08-28
www.celyatis.com/,Animaux totems : signification spirituelle de chaque animal guide - Blog santé,animaux totems,https://www.celyatis.com/blog/bien-etre/animaux-signification-spirituelle.html,2026-08-28
www.celyatis.com/,Anti-stress naturel de grand-mère : les remèdes de relaxation qui marchent - Blog santé,anti stress naturel,https://www.celyatis.com/blog/bien-etre/anti-stress-naturel-remede.html,2026-08-28
www.celyatis.com/,Anxiété sociale : quel test pour identifier vos symptômes ? - Blog santé,anxiété sociale,https://www.celyatis.com/blog/bien-etre/anxiete-sociale-test.html,2026-08-28
www.celyatis.com/,Comment l'APA et la kinésithérapie travaillent ensemble pour votre bien-être ? - Blog santé,apa kinésithérapie travaillent,https://www.celyatis.com/blog/bien-etre/apa-kine.html,2026-08-28
www.celyatis.com/,Oméga 3 : Pourquoi sont-ils essentiels ? Guide complet 2026,oméga,https://www.celyatis.com/blog/bien-etre/apport-en-omega-3-pourquoi-cest-essentiel-et-comment-y-parvenir.html,2026-08-28
www.celyatis.com/,Apurna hydratation : les bienfaits d'une bonne hydratation pour votre santé - Blog santé,apurna hydratation,https://www.celyatis.com/blog/bien-etre/apurna-hydratation-les-bienfaits-dune-bonne-hydratation-pour-votre-sante.html,2026-08-28
www.celyatis.com/,Argel 7 : Le gel de massage idéal ?,argel,https://www.celyatis.com/blog/bien-etre/argel-7-le-gel-de-massage-ideal.html,2026-08-28
www.celyatis.com/,Comment fonctionne l'aromathérapie? - Blog santé,fonctionne aromathérapie,https://www.celyatis.com/blog/bien-etre/aromatherapie.html,2026-08-28
www.celyatis.com/,Arrêter de fumer sans patch : quelles sont les alternatives ? - Blog santé,fumer sans patch,https://www.celyatis.com/blog/bien-etre/arreter-de-fumer-sans-patch.html,2026-08-28
www.celyatis.com/,Les cinq principaux avantages des cônes d'encens - Blog santé,principaux avantages cônes,https://www.celyatis.com/blog/bien-etre/avantages-des-cones-dencens.html,2026-08-28
www.celyatis.com/,Avec quel appareil écouter du bruit blanc pour un sommeil de qualité - Blog santé,blanc sommeil qualité,https://www.celyatis.com/blog/bien-etre/avec-quel-appareil-ecouter-du-bruit-blanc-pour-un-sommeil-de-qualite.html,2026-08-28
www.celyatis.com/,Avis Asics Kayano : le choix incontournable pour les coureurs exigeants - Blog santé,avis asics kayano,https://www.celyatis.com/blog/bien-etre/avis-asics-kayano-le-choix-incontournable-pour-les-coureurs-exigeants.html,2026-08-28
www.celyatis.com/,Avis Fenix 3 : une montre intelligente pour les sportifs exigeants - Blog santé,avis fenix,https://www.celyatis.com/blog/bien-etre/avis-fenix-3-une-montre-intelligente-pour-les-sportifs-exigeants.html,2026-08-28
www.celyatis.com/,Avis Mycotrop : Découvrez les secrets des champignons hallucinogènes - Blog santé,avis mycotrop,https://www.celyatis.com/blog/bien-etre/avis-mycotrop.html,2026-08-28
www.celyatis.com/,"Avis pressothérapie : bienfaits, résultats et témoignages sur cette technique de drainage lymphatique - Blog santé",avis pressothérapie,https://www.celyatis.com/blog/bien-etre/avis-pressotherapie-bienfaits-resultats-temoignages-technique-drainage-lymphatique.html,2026-08-28
www.celyatis.com/,Avis sur la montre Garmin Fenix 3 : une alliée de taille pour les sportifs - Blog santé,montre garmin fenix,https://www.celyatis.com/blog/bien-etre/avis-sur-la-montre-garmin-fenix-3-une-alliee-de-taille-pour-les-sportifs.html,2026-08-28
www.celyatis.com/,Lutter contre les idées noires : stratégies pour retrouver le moral - Blog santé,contre idées noires,https://www.celyatis.com/blog/bien-etre/avoir-des-idees-noires.html,2026-08-28
www.celyatis.com/,Peut-on (vraiment) avoir deux mutuelles ? - Blog santé,avoir deux mutuelles,https://www.celyatis.com/blog/bien-etre/avoir-deux-mutuelles.html,2026-08-28
www.celyatis.com/,Avoir une maison propre et ranger pour son bien être - Blog santé,maison propre ranger,https://www.celyatis.com/blog/bien-etre/avoir-une-maison-propre-et-ranger-pour-son-bien-etre.html,2026-08-28
www.celyatis.com/,Les bienfaits inattendus du bain froid sur votre santé - Blog santé,froid votre santé,https://www.celyatis.com/blog/bien-etre/bain-froid.html,2026-08-28
www.celyatis.com/,Balanite photo : tout savoir pour mieux identifier les symptômes - Blog santé,balanite photo,https://www.celyatis.com/blog/bien-etre/balanite-photo-tout-savoir-pour-mieux-identifier-les-symptomes.html,2026-08-28
www.celyatis.com/,Les bienfaits de la natation pour le bassin de la femme - Blog santé,bienfaits natation bassin,https://www.celyatis.com/blog/bien-etre/bassin-femme.html,2026-08-28
www.celyatis.com/,Votre bébé a un palais blanc : causes et traitements possibles - Blog santé,bébé palais blanc,https://www.celyatis.com/blog/bien-etre/bebe-palais-blanc.html,2026-08-28
www.celyatis.com/,Pourquoi votre bébé se réveille au moindre bruit ? Comprendre et agir - Blog santé,bruit comprendre agir,https://www.celyatis.com/blog/bien-etre/bebe-se-reveille-au-moindre-bruit.html,2026-08-28
www.celyatis.com/,Bebitus : le site de référence pour tous vos achats de puériculture et articles pour bébé en ligne - Blog santé,bebitus,https://www.celyatis.com/blog/bien-etre/bebitus-site-reference-tous-vos-achats-puericulture-articles-bebe-ligne.html,2026-08-28
www.celyatis.com/,Découvrez la crème SOS Caudalie pour une hydratation intense !,crème sos caudalie,https://www.celyatis.com/blog/bien-etre/besoin-dhydratation-intense-decouvrez-la-creme-sos-caudalie.html,2026-08-28
www.celyatis.com/,Bicarbonate de soude : un allié efficace contre les taupes - Blog santé,bicarbonate soude,https://www.celyatis.com/blog/bien-etre/bicarbonate-de-soude-un-allie-efficace-contre-les-taupes.html,2026-08-28
www.celyatis.com/,Bien-être et confort à domicile : et si vous vous offriez une parenthèse spa ?,être confort domicile,https://www.celyatis.com/blog/bien-etre/bien-etre-et-confort-a-domicile-et-si-vous-vous-offriez-une-parenthese-spa.html,2026-08-28
www.celyatis.com/,Bien-être féminin : comment les solutions naturelles accompagnent le cycle de vie des femmes - Blog santé,être féminin,https://www.celyatis.com/blog/bien-etre/bien-etre-feminin-comment-les-solutions-naturelles-accompagnent-le-cycle-de-vie-des-femmes.html,2026-08-28
www.celyatis.com/,Quels sont les bienfaits des pierres naturelles ? - Blog santé,bienfaits pierres naturelles,https://www.celyatis.com/blog/bien-etre/bienfaits-pierre-naturelle.html,2026-08-28
www.celyatis.com/,Comment les blessures en Ligue 1 impactent-elles les performances des équipes ? - Blog santé,blessures ligue impactent,https://www.celyatis.com/blog/bien-etre/blessures-ligue-1.html,2026-08-28
www.celyatis.com/,Blur out : comment protéger votre intimité sur les photos en ligne ? - Blog santé,blur out,https://www.celyatis.com/blog/bien-etre/blur-out.html,2026-08-28
www.celyatis.com/,Trouver le Meilleur Kiné près de chez Moi : Guide Complet pour une Santé Optimale - Blog santé,meilleur kiné près,https://www.celyatis.com/blog/bien-etre/bon-kine-autour-de-moi.html,2026-08-28
www.celyatis.com/,Comment choisir les meilleures bottes de pressothérapie pour la kinésithérapie ? - Blog santé,bottes pressothérapie kinésithérapie,https://www.celyatis.com/blog/bien-etre/bottes-pressotherapie-kine.html,2026-08-28
www.celyatis.com/,Comment utiliser une bouillotte pour soulager le mal de dos : conseils de kiné - Blog santé,utiliser bouillotte soulager,https://www.celyatis.com/blog/bien-etre/bouillotte-dos-kine.html,2026-08-28
www.celyatis.com/,comment identifier et traiter les boutons de puce avec des photos explicatives - Blog santé,puce photos explicatives,https://www.celyatis.com/blog/bien-etre/bouton-de-puce-photo.html,2026-08-28
www.celyatis.com/,Comment apprendre le breathwork ? - Blog santé,apprendre breathwork,https://www.celyatis.com/blog/bien-etre/breathwork.html,2026-08-28
www.celyatis.com/,Bruit blanc et bébés : ce qu'il faut savoir - Blog santé,bruit blanc bébés,https://www.celyatis.com/blog/bien-etre/bruit-blanc-et-bebes-ce-quil-faut-savoir.html,2026-08-28
www.celyatis.com/,Calcification de l'épaule : existe-t-il un lien avec le cancer ? - Blog santé,calcification épaule,https://www.celyatis.com/blog/bien-etre/calcification-de-lepaule-existe-t-il-un-lien-avec-le-cancer.html,2026-08-28
www.celyatis.com/,Calmer l'esprit avec une méditation en pierres contre l'anxiété - Blog santé,méditation pierres contre,https://www.celyatis.com/blog/bien-etre/calmer-lesprit-avec-une-meditation-en-pierres-contre-lanxiete.html,2026-08-28
www.celyatis.com/,Le cbd peut-il révolutionner le soin de la peau ? - Blog santé,cbd peut il,https://www.celyatis.com/blog/bien-etre/cbd-peau.html,2026-08-28
www.celyatis.com/,"CBD pour musiciens : comment il aide à gérer le trac, booster la créativité et soulager les douleurs - Blog santé",cbd musiciens,https://www.celyatis.com/blog/bien-etre/cbd-trac-creativite.html,2026-08-28
www.celyatis.com/,"Ceinture, coussin, galette... : quel produit femme enceinte choisir selon son trimestre ? - Blog santé",ceinture coussin galette,https://www.celyatis.com/blog/bien-etre/ceinture-coussin-galette-quel-produit-femme-enceinte-choisir-selon-son-trimestre.html,2026-08-28
www.celyatis.com/,C'est quoi le bien-être physique ? - Blog santé,quoi être physique,https://www.celyatis.com/blog/bien-etre/cest-quoi-le-bien-etre-physique.html,2026-08-28
www.celyatis.com/,C'est quoi le bien-être social ? - Blog santé,quoi être social,https://www.celyatis.com/blog/bien-etre/cest-quoi-le-bien-etre-social.html,2026-08-28
www.celyatis.com/,C'est quoi un suivi nutritionnel ? - Blog santé,quoi suivi nutritionnel,https://www.celyatis.com/blog/bien-etre/cest-quoi-un-suivi-nutritionnel.html,2026-08-28
www.celyatis.com/,Chakra Coeur: Le guide complet pour l'équilibrer et l'harmoniser - Blog santé,chakra coeur équilibrer,https://www.celyatis.com/blog/bien-etre/chakra-coeur-le-guide-complet-pour-lequilibrer-et-lharmoniser.html,2026-08-28
www.celyatis.com/,Chakra Gorge: Le guide complet pour l'équilibrer et le guérir - Blog santé,chakra gorge équilibrer,https://www.celyatis.com/blog/bien-etre/chakra-gorge.html,2026-08-28
www.celyatis.com/,Chakra Plexus Solaire: Le guide complet pour l'équilibrer - Blog santé,chakra plexus solaire,https://www.celyatis.com/blog/bien-etre/chakra-plexus-solaire.html,2026-08-28
www.celyatis.com/,Chakra Racine: Le guide complet pour l'équilibrer - Blog santé,chakra racine équilibrer,https://www.celyatis.com/blog/bien-etre/chakra-racine.html,2026-08-28
www.celyatis.com/,Chakra Sacré: Le guide complet pour l'équilibrer - Blog santé,chakra sacré équilibrer,https://www.celyatis.com/blog/bien-etre/chakra-sacre.html,2026-08-28
www.celyatis.com/,Chakra Troisième Oeil: Le guide complet pour l'équilibrer - Blog santé,chakra troisième oeil,https://www.celyatis.com/blog/bien-etre/chakra-troisieme-oeil.html,2026-08-28
www.celyatis.com/,Champs magnétiques pulsés : un traitement naturel pour différents problèmes musculo-squelettiques - Blog santé,champs magnétiques pulsés,https://www.celyatis.com/blog/bien-etre/champs-magnetiques-pulses-un-traitement-naturel-pour-differents-problemes-musculo-squelettiques.html,2026-08-28
www.celyatis.com/,Pourquoi mon chat dort sur moi : quelle signification spirituelle ? - Blog santé,pourquoi mon chat,https://www.celyatis.com/blog/bien-etre/chat-dort-moi-signification-spirituelle.html,2026-08-28
www.celyatis.com/,Chirurgie oculaire au laser : pour qui et dans quelles conditions ? - Blog santé,chirurgie oculaire laser,https://www.celyatis.com/blog/bien-etre/chirurgie-oculaire-au-laser-pour-qui-et-dans-quelles-conditions.html,2026-08-28
www.celyatis.com/,Le chocolat peut-il influencer votre taux de ferritine ? - Blog santé,votre taux ferritine,https://www.celyatis.com/blog/bien-etre/chocolat-et-ferritine.html,2026-08-28
www.celyatis.com/,Combien de temps faut-il écouter des bruits blancs pour favoriser le sommeil chez les adultes ? - Blog santé,écouter bruits blancs,https://www.celyatis.com/blog/bien-etre/combien-de-temps-faut-il-ecouter-des-bruits-blancs-pour-favoriser-le-sommeil-chez-les-adultes.html,2026-08-28
www.celyatis.com/,Combien de temps utiliser le bruit blanc pour un nourrisson : Conseils et astuces - Blog santé,bruit blanc nourrisson,https://www.celyatis.com/blog/bien-etre/combien-de-temps-utiliser-le-bruit-blanc-pour-un-nourrisson-conseils-et-astuces.html,2026-08-28
www.celyatis.com/,Comment affiner ses cuisses efficacement - Blog santé,affiner ses cuisses,https://www.celyatis.com/blog/bien-etre/comment-affiner-ses-cuisses-efficacement.html,2026-08-28
www.celyatis.com/,Comment aller bien mentalement ? - Blog santé,aller mentalement,https://www.celyatis.com/blog/bien-etre/comment-aller-bien-mentalement-2.html,2026-08-28
www.celyatis.com/,Comment aller bien mentalement ? - Blog santé,aller mentalement,https://www.celyatis.com/blog/bien-etre/comment-aller-bien-mentalement.html,2026-08-28
www.celyatis.com/,Optimisez votre sommeil : les bienfaits d'une clinique du sommeil,optimisez votre sommeil,https://www.celyatis.com/blog/bien-etre/comment-ameliorer-la-qualite-de-votre-sommeil-avec-une-clinique-du-sommeil.html,2026-08-28
www.celyatis.com/,Respirez mieux : améliorez votre santé grâce à la respiration consciente,respirez mieux,https://www.celyatis.com/blog/bien-etre/comment-ameliorer-sa-respiration-pour-resoudre-les-problemes-de-sante.html,2026-08-28
www.celyatis.com/,Jeu ludique pour améliorer votre hygiène bucco-dentaire,votre hygiène bucco,https://www.celyatis.com/blog/bien-etre/comment-ameliorer-votre-hygiene-bucco-dentaire-grace-a-un-jeu.html,2026-08-28
www.celyatis.com/,Comment appaiser un bébé qui pleur beaucoup la nuit ? - Blog santé,pleur beaucoup nuit,https://www.celyatis.com/blog/bien-etre/comment-appaiser-un-bebe-qui-pleur-beaucoup-la-nuit-2.html,2026-08-28
www.celyatis.com/,Comment appaiser un bébé qui pleur beaucoup la nuit ? - Blog santé,pleur beaucoup nuit,https://www.celyatis.com/blog/bien-etre/comment-appaiser-un-bebe-qui-pleur-beaucoup-la-nuit.html,2026-08-28
www.celyatis.com/,Comment atteindre un état de Bien-être ? - Blog santé,atteindre état être,https://www.celyatis.com/blog/bien-etre/comment-atteindre-un-etat-de-bien-etre.html,2026-08-28
www.celyatis.com/,Comment avoir une vie de couple heureuse ? - Blog santé,vie couple heureuse,https://www.celyatis.com/blog/bien-etre/comment-avoir-une-vie-de-couple-heureuse.html,2026-08-28
www.celyatis.com/,Comment bien choisir ses lunettes de vue ? - Blog santé,choisir ses lunettes,https://www.celyatis.com/blog/bien-etre/comment-bien-choisir-ses-lunettes-de-vue.html,2026-08-28
www.celyatis.com/,Astuces pour bien vieillir sans médicament,vieillir sans médicament,https://www.celyatis.com/blog/bien-etre/comment-bien-vieillir-sans-medicament.html,2026-08-28
www.celyatis.com/,Comment bien vivre avec l'incontinence légère : astuces et solutions pour femmes et hommes - Blog santé,vivre incontinence légère,https://www.celyatis.com/blog/bien-etre/comment-bien-vivre-avec-lincontinence-legere-astuces-et-solutions-pour-femmes-et-hommes.html,2026-08-28
www.celyatis.com/,Comment calmer les acouphènes la nuit ? - Blog santé,calmer acouphènes nuit,https://www.celyatis.com/blog/bien-etre/comment-calmer-les-acouphenes-la-nuit.html,2026-08-28
www.celyatis.com/,Comment choisir des couches de qualité sans se ruiner - Blog santé,choisir couches qualité,https://www.celyatis.com/blog/bien-etre/comment-choisir-des-couches-de-qualite-sans-se-ruiner.html,2026-08-28
www.celyatis.com/,Comment choisir des huiles essentielles pour affronter l'hiver ? - Blog santé,essentielles affronter hiver,https://www.celyatis.com/blog/bien-etre/comment-choisir-des-huiles-essentielles-pour-affronter-lhiver.html,2026-08-28
www.celyatis.com/,Comment choisir la bonne application de méditation ? - Blog santé,bonne application méditation,https://www.celyatis.com/blog/bien-etre/comment-choisir-la-bonne-application-de-meditation.html,2026-08-28
www.celyatis.com/,Comment choisir la meilleure peluche bruit blanc pour votre bébé - Blog santé,bruit blanc votre,https://www.celyatis.com/blog/bien-etre/comment-choisir-la-meilleure-peluche-bruit-blanc-pour-votre-bebe.html,2026-08-28
www.celyatis.com/,Comment choisir les meilleures culottes de règles ? - Blog santé,choisir meilleures culottes,https://www.celyatis.com/blog/bien-etre/comment-choisir-les-meilleures-culottes-de-regles.html,2026-08-28
www.celyatis.com/,Comment choisir sa cigarette électronique ? - Blog santé,sa cigarette électronique,https://www.celyatis.com/blog/bien-etre/comment-choisir-sa-cigarette-electronique.html,2026-08-28
www.celyatis.com/,Comment choisir un sommier classique pour un confort optimal ? - Blog santé,classique confort optimal,https://www.celyatis.com/blog/bien-etre/comment-choisir-un-sommier-classique-pour-un-confort-optimal.html,2026-08-28
www.celyatis.com/,Comment décrire un enfant heureux ? - Blog santé,décrire enfant heureux,https://www.celyatis.com/blog/bien-etre/comment-decrire-un-enfant-heureux.html,2026-08-28
www.celyatis.com/,Comment devenir conseiller en nutrition ? - Blog santé,devenir conseiller nutrition,https://www.celyatis.com/blog/bien-etre/comment-devenir-conseiller-en-nutrition.html,2026-08-28
www.celyatis.com/,Comment devenir prothésiste ongulaire professionnelle : guide et ressources essentielles - Blog santé,prothésiste ongulaire professionnelle,https://www.celyatis.com/blog/bien-etre/comment-devenir-prothesiste-ongulaire-professionnelle-guide-et-ressources-essentielles.html,2026-08-28
www.celyatis.com/,Comment distinguer un mélanome d'autres formes de cancer de la peau ? - Blog santé,formes cancer peau,https://www.celyatis.com/blog/bien-etre/comment-distinguer-un-melanome-dautres-formes-de-cancer-de-la-peau.html,2026-08-28
www.celyatis.com/,Comment élaborer le meilleur plan d'entraînement pour un semi-marathon ? - Blog santé,entraînement semi marathon,https://www.celyatis.com/blog/bien-etre/comment-elaborer-le-meilleur-plan-dentrainement-pour-un-semi-marathon.html,2026-08-28
www.celyatis.com/,Comment enlever une tache jaune sur une dent de devant ?,tache jaune dent,https://www.celyatis.com/blog/bien-etre/comment-enlever-une-tache-jaune-sur-une-dent-de-devant.html,2026-08-28
www.celyatis.com/,Comment être bien dans une relation sex friend ? - Blog santé,relation sex friend,https://www.celyatis.com/blog/bien-etre/comment-etre-bien-dans-une-relation-sex-friend.html,2026-08-28
www.celyatis.com/,Comment être élégante ? - Blog santé,être élégante,https://www.celyatis.com/blog/bien-etre/comment-etre-elegante.html,2026-08-28
www.celyatis.com/,Comment être tranquille chez soi ? - Blog santé,être tranquille chez,https://www.celyatis.com/blog/bien-etre/comment-etre-tranquille-chez-soi.html,2026-08-28
www.celyatis.com/,Comment faire pour cacher son ventre ? - Blog santé,cacher son ventre,https://www.celyatis.com/blog/bien-etre/comment-faire-pour-cacher-son-ventre.html,2026-08-28
www.celyatis.com/,Comment faire quand on ne se sent pas bien chez soi ? - Blog santé,pas chez soi,https://www.celyatis.com/blog/bien-etre/comment-faire-quand-on-ne-se-sent-pas-bien-chez-soi.html,2026-08-28
www.celyatis.com/,Comment faire quand on se sent pas bien dans son corps ? - Blog santé,sent pas son,https://www.celyatis.com/blog/bien-etre/comment-faire-quand-on-se-sent-pas-bien-dans-son-corps.html,2026-08-28
www.celyatis.com/,Le processus de remboursement des prothèses capillaires décrypté,prothèses capillaires décrypté,https://www.celyatis.com/blog/bien-etre/comment-fonctionne-le-remboursement-des-protheses-capillaires.html,2026-08-28
www.celyatis.com/,Comment fonctionne un simulateur pour choisir son matelas ? - Blog santé,fonctionne simulateur choisir,https://www.celyatis.com/blog/bien-etre/comment-fonctionne-un-simulateur-pour-choisir-son-matelas.html,2026-08-28
www.celyatis.com/,Les répercussions de la grossesse sur la santé mentale des femmes : un aperçu psychologique,santé mentale femmes,https://www.celyatis.com/blog/bien-etre/comment-la-grossesse-impacte-t-elle-la-psychologie-des-femmes.html,2026-08-28
www.celyatis.com/,Comment le CBD peut-il aider le sommeil ? - Blog santé,il aider sommeil,https://www.celyatis.com/blog/bien-etre/comment-le-cbd-peut-il-aider-le-sommeil.html,2026-08-28
www.celyatis.com/,Comment les Coréens prennent-ils soin de leur peau ? - Blog santé,ils soin leur,https://www.celyatis.com/blog/bien-etre/comment-les-coreens-prennent-ils-soin-de-leur-peau.html,2026-08-28
www.celyatis.com/,Comment lutter contre le stress prénatal ? - Blog santé,contre stress prénatal,https://www.celyatis.com/blog/bien-etre/comment-lutter-contre-le-stress-prenatal.html,2026-08-28
www.celyatis.com/,Comment intégrer les graines de chia dans votre alimentation quotidienne ? - Blog santé,intégrer graines chia,https://www.celyatis.com/blog/bien-etre/comment-manger-graine-de-chia.html,2026-08-28
www.celyatis.com/,Comment me sentir bien chez moi ? - Blog santé,sentir chez moi,https://www.celyatis.com/blog/bien-etre/comment-me-sentir-bien-chez-moi.html,2026-08-28
www.celyatis.com/,Comment méditer ? Les techniques pour apprendre la méditation - Blog santé,techniques apprendre méditation,https://www.celyatis.com/blog/bien-etre/comment-mediter.html,2026-08-28
www.celyatis.com/,Comment obtenir des cheveux noir roux ? Techniques et conseils pour une coloration surprenante - Blog santé,noir roux techniques,https://www.celyatis.com/blog/bien-etre/comment-obtenir-cheveux-noir-roux-techniques-conseils-coloration-surprenante.html,2026-08-28
www.celyatis.com/,Les meilleures pratiques pour un atelier capillaire au service de cheveux en pleine santé,capillaire service cheveux,https://www.celyatis.com/blog/bien-etre/comment-optimiser-un-atelier-capillaire-pour-des-cheveux-en-pleine-sante.html,2026-08-28
www.celyatis.com/,Comment porter des pierres et minéraux naturels sur soi ? - Blog santé,minéraux naturels soi,https://www.celyatis.com/blog/bien-etre/comment-porter-des-pierres-et-mineraux-naturels-sur-soi.html,2026-08-28
www.celyatis.com/,Comment prendre soin de sa santé mentale ? - Blog santé,sa santé mentale,https://www.celyatis.com/blog/bien-etre/comment-prendre-soin-de-sa-sante-mentale.html,2026-08-28
www.celyatis.com/,Comment profiter des bienfaits de la mer ? - Blog santé,profiter bienfaits mer,https://www.celyatis.com/blog/bien-etre/comment-profiter-des-bienfaits-de-la-mer.html,2026-08-28
www.celyatis.com/,Comment rallumer la flamme dans un couple ? - Blog santé,rallumer flamme couple,https://www.celyatis.com/blog/bien-etre/comment-rallumer-la-flamme-dans-un-couple.html,2026-08-28
www.celyatis.com/,Comment reconnaître les symptômes d'un cancer du foie au stade 4 ? - Blog santé,cancer foie stade,https://www.celyatis.com/blog/bien-etre/comment-reconnaitre-les-symptomes-dun-cancer-du-foie-au-stade-4.html,2026-08-28
www.celyatis.com/,Comment rendre sa maison agréable ? - Blog santé,sa maison agréable,https://www.celyatis.com/blog/bien-etre/comment-rendre-sa-maison-agreable.html,2026-08-28
www.celyatis.com/,​Comment renforcer sa santé intestinale naturellement ? - Blog santé,santé intestinale naturellement,https://www.celyatis.com/blog/bien-etre/comment-renforcer-sa-sante-intestinale-naturellement.html,2026-08-28
www.celyatis.com/,Comment s'allonger sur un tapis d'acupression ? - Blog santé,allonger tapis acupression,https://www.celyatis.com/blog/bien-etre/comment-sallonger-sur-un-tapis-dacupression.html,2026-08-28
www.celyatis.com/,Comment savoir si une déchirure musculaire est grave ? - Blog santé,déchirure musculaire est,https://www.celyatis.com/blog/bien-etre/comment-savoir-si-une-dechirure-musculaire-est-grave.html,2026-08-28
www.celyatis.com/,Comment se sentir belle quand on est ronde ? - Blog santé,on est ronde,https://www.celyatis.com/blog/bien-etre/comment-se-sentir-belle-quand-on-est-ronde.html,2026-08-28
www.celyatis.com/,Comment se sentir bien avec soi même ? - Blog santé,se sentir soi,https://www.celyatis.com/blog/bien-etre/comment-se-sentir-bien-avec-soi-meme.html,2026-08-28
www.celyatis.com/,Comment se sentir bien en robe ? - Blog santé,se sentir robe,https://www.celyatis.com/blog/bien-etre/comment-se-sentir-bien-en-robe.html,2026-08-28
www.celyatis.com/,Comment se vider l'esprit avant de dormir ? - Blog santé,esprit avant dormir,https://www.celyatis.com/blog/bien-etre/comment-se-vider-lesprit-avant-de-dormir.html,2026-08-28
www.celyatis.com/,Comment s'occuper lorsqu'on est immobilisé à l'hopital ? - Blog santé,est immobilisé hopital,https://www.celyatis.com/blog/bien-etre/comment-soccuper-lorsquon-est-immobilise-a-lhopital.html,2026-08-28
www.celyatis.com/,Comment surmonter la boulimie : stratégies et soutiens pour se libérer du trouble alimentaire - Blog santé,surmonter boulimie,https://www.celyatis.com/blog/bien-etre/comment-sortir-de-la-boulimie.html,2026-08-28
www.celyatis.com/,Comment soulager un torticolis en 10 secondes ? - Blog santé,torticolis 10 secondes,https://www.celyatis.com/blog/bien-etre/comment-soulager-un-torticolis-en-10-secondes.html,2026-08-28
www.celyatis.com/,Comment traiter efficacement la mauvaise haleine liée à un problème d'estomac ? - Blog santé,efficacement mauvaise haleine,https://www.celyatis.com/blog/bien-etre/comment-traiter-efficacement-la-mauvaise-haleine-liee-a-un-probleme-destomac.html,2026-08-28
www.celyatis.com/,Comment travailler son endurance ? - Blog santé,travailler son endurance,https://www.celyatis.com/blog/bien-etre/comment-travailler-son-endurance.html,2026-08-28
www.celyatis.com/,Comment trouver le style qui nous va le mieux ? - Blog santé,nous va mieux,https://www.celyatis.com/blog/bien-etre/comment-trouver-le-style-qui-nous-va-le-mieux.html,2026-08-28
www.celyatis.com/,Boostez votre CBD à petit prix : comment trouver un booster abordable,boostez votre cbd,https://www.celyatis.com/blog/bien-etre/comment-trouver-un-booster-cbd-pas-cher.html,2026-08-28
www.celyatis.com/,Comment trouver votre sommeil rapidement ? - Blog santé,votre sommeil rapidement,https://www.celyatis.com/blog/bien-etre/comment-trouver-votre-sommeil-rapidement.html,2026-08-28
www.celyatis.com/,Comment un homme peut prendre soin de soi ? - Blog santé,peut prendre soin,https://www.celyatis.com/blog/bien-etre/comment-un-homme-peut-prendre-soin-de-soi.html,2026-08-28
www.celyatis.com/,Comment une femme peut se sentir belle ? - Blog santé,se sentir belle,https://www.celyatis.com/blog/bien-etre/comment-une-femme-peut-se-sentir-belle.html,2026-08-28
www.celyatis.com/,Comment utiliser l'aloe vera sur des cheveux ? - Blog santé,aloe vera cheveux,https://www.celyatis.com/blog/bien-etre/comment-utiliser-laloe-vera-sur-des-cheveux.html,2026-08-28
www.celyatis.com/,Comment vivre dans le bien-être ? - Blog santé,vivre être,https://www.celyatis.com/blog/bien-etre/comment-vivre-dans-le-bien-etre.html,2026-08-28
www.celyatis.com/,Comprendre et prévenir les crampes nocturnes - Blog santé,comprendre prévenir crampes,https://www.celyatis.com/blog/bien-etre/comprendre-et-prevenir-les-crampes-nocturnes.html,2026-08-28
www.celyatis.com/,Comprendre et soulager la douleur sur le côté du pied - Blog santé,douleur côté pied,https://www.celyatis.com/blog/bien-etre/comprendre-et-soulager-la-douleur-sur-le-cote-du-pied.html,2026-08-28
www.celyatis.com/,Comprendre et soulager les douleurs à l'épaule gauche : une approche globale - Blog santé,comprendre soulager douleurs,https://www.celyatis.com/blog/bien-etre/comprendre-et-soulager-les-douleurs-a-lepaule-gauche-une-approche-globale.html,2026-08-28
www.celyatis.com/,"Comprendre la douleur à l'aine : causes, symptômes et traitements - Blog santé",comprendre douleur aine,https://www.celyatis.com/blog/bien-etre/comprendre-la-douleur-a-laine-causes-symptomes-et-traitements.html,2026-08-28
www.celyatis.com/,Comprendre la douleur au cœur et dans le dos : causes et solutions - Blog santé,douleur cœur dos,https://www.celyatis.com/blog/bien-etre/comprendre-la-douleur-au-coeur-et-dans-le-dos-causes-et-solutions.html,2026-08-28
www.celyatis.com/,Comprendre la douleur au genou externe et ses causes - Blog santé,douleur genou externe,https://www.celyatis.com/blog/bien-etre/comprendre-la-douleur-au-genou-externe-et-ses-causes.html,2026-08-28
www.celyatis.com/,Comprendre la douleur au genou lorsqu'il est plié pendant une longue période - Blog santé,douleur genou lorsqu,https://www.celyatis.com/blog/bien-etre/comprendre-la-douleur-au-genou-lorsquil-est-plie-pendant-une-longue-periode.html,2026-08-28
www.celyatis.com/,Comprendre la douleur au haut de la cuisse gauche externe - Blog santé,cuisse gauche externe,https://www.celyatis.com/blog/bien-etre/comprendre-la-douleur-au-haut-de-la-cuisse-gauche-externe.html,2026-08-28
www.celyatis.com/,Comprendre la fatigue liée aux problèmes de vésicule biliaire - Blog santé,problèmes vésicule biliaire,https://www.celyatis.com/blog/bien-etre/comprendre-la-fatigue-liee-aux-problemes-de-vesicule-biliaire.html,2026-08-28
www.celyatis.com/,Comprendre l'apnée du sommeil - Blog santé,comprendre apnée sommeil,https://www.celyatis.com/blog/bien-etre/comprendre-lapnee-du-sommeil.html,2026-08-28
www.celyatis.com/,Comprendre l'articulation sacro-iliaque : fonctionnement et troubles associés - Blog santé,articulation sacro iliaque,https://www.celyatis.com/blog/bien-etre/comprendre-larticulation-sacro-iliaque-fonctionnement-et-troubles-associes.html,2026-08-28
www.celyatis.com/,Comprendre le VO2 Max : Un indicateur clé de la performance physique - Blog santé,comprendre vo2 max,https://www.celyatis.com/blog/bien-etre/comprendre-le-vo2-max-un-indicateur-cle-de-la-performance-physique.html,2026-08-28
www.celyatis.com/,Comprendre les petits boutons blancs sur le gland - Blog santé,petits boutons blancs,https://www.celyatis.com/blog/bien-etre/comprendre-les-petits-boutons-blancs-sur-le-gland.html,2026-08-28
www.celyatis.com/,Comprendre l'infiltration pour traiter une hernie discale - Blog santé,infiltration traiter hernie,https://www.celyatis.com/blog/bien-etre/comprendre-linfiltration-pour-traiter-une-hernie-discale.html,2026-08-28
www.celyatis.com/,Comment optimiser votre performance sportive avec ces conseils nutritionnels essentiels ? - Blog santé,sportive conseils nutritionnels,https://www.celyatis.com/blog/bien-etre/conseil-nutrition-sport.html,2026-08-28
www.celyatis.com/,Coordination Sportive : Clé de la Performance et du Bien-être - Blog santé,coordination sportive,https://www.celyatis.com/blog/bien-etre/coordination-sport.html,2026-08-28
www.celyatis.com/,Correction des oreilles décollées : quels effets sur la confiance en soi - Blog santé,correction oreilles décollées,https://www.celyatis.com/blog/bien-etre/correction-des-oreilles-decollees-quels-effets-sur-la-confiance-en-soi.html,2026-08-28
www.celyatis.com/,Quels sont les meilleurs exercices pour prévenir la douleur de cou sur cou ? - Blog santé,meilleurs exercices prévenir,https://www.celyatis.com/blog/bien-etre/cou-sur-cou.html,2026-08-28
www.celyatis.com/,Couple toxique : 5 signes révélateurs de manipulation à connaître en 2025 - Blog santé,couple toxique,https://www.celyatis.com/blog/bien-etre/couple-toxique-5-signes-revelateurs-de-manipulation-a-connaitre-en-2025.html,2026-08-28
www.celyatis.com/,Cruralgie : comprendre et gérer cette douleur nerveuse - Blog santé,cruralgie,https://www.celyatis.com/blog/bien-etre/cruralgie-comprendre-et-gerer-cette-douleur-nerveuse.html,2026-08-28
www.celyatis.com/,Peut-on soulager l'arthrose grâce à la cryothérapie ? - Blog santé,arthrose grâce cryothérapie,https://www.celyatis.com/blog/bien-etre/cryotherapie-arthrose.html,2026-08-28
www.celyatis.com/,Cryothérapie pour le genou: est-ce vraiment efficace contre la douleur? - Blog santé,cryothérapie genou est,https://www.celyatis.com/blog/bien-etre/cryotherapie-genou.html,2026-08-28
www.celyatis.com/,Les bienfaits de la cryothérapie pour les kinésithérapeutes - Blog santé,bienfaits cryothérapie kinésithérapeutes,https://www.celyatis.com/blog/bien-etre/cryotherapie-kine.html,2026-08-28
www.celyatis.com/,Cryothérapie et tendinite : peut-elle vraiment soulager la douleur ? - Blog santé,cryothérapie tendinite,https://www.celyatis.com/blog/bien-etre/cryotherapie-tendinite-2.html,2026-08-28
www.celyatis.com/,Cryothérapie pour la tendinite : est-ce vraiment efficace ? - Blog santé,cryothérapie tendinite,https://www.celyatis.com/blog/bien-etre/cryotherapie-tendinite.html,2026-08-28
www.celyatis.com/,cuir chevelu qui gratte : quelle signification spirituelle ? - Blog santé,chevelu qui gratte,https://www.celyatis.com/blog/bien-etre/cuir-chevelu-qui-gratte-quelle-signification-spirituelle.html,2026-08-28
www.celyatis.com/,Culottes menstruelles pour ados : la solution la plus simple pour les premières règles - Blog santé,culottes menstruelles ados,https://www.celyatis.com/blog/bien-etre/culottes-menstruelles-pour-ados-la-solution-la-plus-simple-pour-les-premieres-regles.html,2026-08-28
www.celyatis.com/,Cure intestinale : votre bouclier contre les troubles digestifs - Blog santé,cure intestinale,https://www.celyatis.com/blog/bien-etre/cure-intestinale-votre-bouclier-contre-les-troubles-digestifs.html,2026-08-28
www.celyatis.com/,cystite : signification et symbolique émotionnelle - Blog santé,cystite,https://www.celyatis.com/blog/bien-etre/cystite-signification-et-symbolique-emotionnelle.html,2026-08-28
www.celyatis.com/,Secrets literie : hôtels de luxe,secrets literie,https://www.celyatis.com/blog/bien-etre/decouvrez-les-accessoires-de-literie-qui-font-la-renommee-des-hotels-de-luxe.html,2026-08-28
www.celyatis.com/,Quel est le délai recommandé entre la consommation d'alcool et l'allaitement ? Consultez notre tableau explicatif - Blog santé,entre consommation alcool,https://www.celyatis.com/blog/bien-etre/delai-entre-alcool-et-allaitement-tableau.html,2026-08-28
www.celyatis.com/,Démangeaisons du cuir chevelu : signification spirituelle et symbolique ésotérique - Blog santé,démangeaisons cuir chevelu,https://www.celyatis.com/blog/bien-etre/demangeaisons-cuir-chevelu-signification-spirituelle-symbolique-esoterique.html,2026-08-28
www.celyatis.com/,Déprime en fin de grossesse : comment la reconnaître et la surmonter ? - Blog santé,déprime fin grossesse,https://www.celyatis.com/blog/bien-etre/deprime-fin-de-grossesse.html,2026-08-28
www.celyatis.com/,Derrière les coulisses : Comment Casino Extra assure l'équité des jeux et la sécurité - Blog santé,derrière coulisses,https://www.celyatis.com/blog/bien-etre/derriere-les-coulisses-comment-casino-extra-assure-lequite-des-jeux-et-la-securite.html,2026-08-28
www.celyatis.com/,diverticule et émotions : quel lien avec la santé intestinale ? - Blog santé,diverticule émotions,https://www.celyatis.com/blog/bien-etre/diverticule-et-emotions-quel-lien-avec-la-sante-intestinale.html,2026-08-28
www.celyatis.com/,Comment bien dormir avec un torticolis : Astuces et Conseils pour une nuit paisible - Blog santé,dormir torticolis,https://www.celyatis.com/blog/bien-etre/dormir-avec-torticolis.html,2026-08-28
www.celyatis.com/,Dos bloqué : quelles solutions immédiates pour soulager la douleur ? - Blog santé,dos bloqué,https://www.celyatis.com/blog/bien-etre/dos-bloque-que-faire.html,2026-08-28
www.celyatis.com/,Dosage du CBD : les recommandations des médecins - Blog santé,dosage cbd,https://www.celyatis.com/blog/bien-etre/dosage-du-cbd-les-recommandations-des-medecins.html,2026-08-28
www.celyatis.com/,D'où vient la tendance des patchs anti acné coréens ? - Blog santé,anti acné coréens,https://www.celyatis.com/blog/bien-etre/dou-vient-la-tendance-des-patchs-anti-acne-coreens.html,2026-08-28
www.celyatis.com/,Douleur à la cheville gauche : quelle signification ? - Blog santé,douleur cheville gauche,https://www.celyatis.com/blog/bien-etre/douleur-a-la-cheville-gauche-quelle-signification.html,2026-08-28
www.celyatis.com/,Douleur à l'épaule droite : causes et traitements - Blog santé,douleur épaule droite,https://www.celyatis.com/blog/bien-etre/douleur-a-lepaule-droite-causes-et-traitements.html,2026-08-28
www.celyatis.com/,Douleur au pied gauche : causes et significations - Blog santé,douleur pied gauche,https://www.celyatis.com/blog/bien-etre/douleur-au-pied-gauche-causes-et-significations.html,2026-08-28
www.celyatis.com/,Douleur au poignet gauche : causes et signification - Blog santé,douleur poignet gauche,https://www.celyatis.com/blog/bien-etre/douleur-au-poignet-gauche-causes-et-signification.html,2026-08-28
www.celyatis.com/,Douleur au tendon derrière le genou : comprendre et soulager - Blog santé,tendon derrière genou,https://www.celyatis.com/blog/bien-etre/douleur-au-tendon-derriere-le-genou-comprendre-et-soulager.html,2026-08-28
www.celyatis.com/,Douleur aux deux genoux : témoignages et interprétations symboliques - Blog santé,douleur deux genoux,https://www.celyatis.com/blog/bien-etre/douleur-aux-deux-genoux-temoignages-et-interpretations-symboliques.html,2026-08-28
www.celyatis.com/,Douleur bas du dos : signification émotionnelle liée à la sécurité - Blog santé,douleur bas dos,https://www.celyatis.com/blog/bien-etre/douleur-bas-dos-emotionnelle.html,2026-08-28
www.celyatis.com/,Comment soulager la douleur au bas du dos lorsqu'on est assis : conseils et exercices - Blog santé,soulager douleur bas,https://www.celyatis.com/blog/bien-etre/douleur-bas-du-dos-assis.html,2026-08-28
www.celyatis.com/,Douleur bas du ventre : signification émotionnelle liée à la créativité - Blog santé,douleur bas ventre,https://www.celyatis.com/blog/bien-etre/douleur-bas-ventre-emotionnelle.html,2026-08-28
www.celyatis.com/,Douleur au bras : signification émotionnelle liée à la capacité d'agir - Blog santé,douleur bras,https://www.celyatis.com/blog/bien-etre/douleur-bras-emotionnelle.html,2026-08-28
www.celyatis.com/,Douleur aux cervicales : signification émotionnelle de rigidité mentale - Blog santé,douleur cervicales,https://www.celyatis.com/blog/bien-etre/douleur-cervicales-emotionnelle.html,2026-08-28
www.celyatis.com/,Douleur cheville droite : signification émotionnelle liée à la flexibilité - Blog santé,douleur cheville droite,https://www.celyatis.com/blog/bien-etre/douleur-cheville-droite-emotionnelle.html,2026-08-28
www.celyatis.com/,Douleur cheville gauche : signification émotionnelle liée à la direction de vie - Blog santé,douleur cheville gauche,https://www.celyatis.com/blog/bien-etre/douleur-cheville-gauche-emotionnelle.html,2026-08-28
www.celyatis.com/,Douleur au coccyx : signification émotionnelle liée aux besoins fondamentaux - Blog santé,douleur coccyx,https://www.celyatis.com/blog/bien-etre/douleur-coccyx-emotionnelle.html,2026-08-28
www.celyatis.com/,Douleur au cou : signification émotionnelle de communication bloquée - Blog santé,douleur cou,https://www.celyatis.com/blog/bien-etre/douleur-cou-emotionnelle.html,2026-08-28
www.celyatis.com/,Douleur au coude : signification émotionnelle liée au blocage de l'action - Blog santé,douleur coude,https://www.celyatis.com/blog/bien-etre/douleur-coude-emotionnelle.html,2026-08-28
www.celyatis.com/,Douleur au dos : signification émotionnelle liée au soutien et à la structure - Blog santé,douleur dos,https://www.celyatis.com/blog/bien-etre/douleur-dos-emotionnelle.html,2026-08-28
www.celyatis.com/,Douleur épaule droite : signification émotionnelle liée aux responsabilités - Blog santé,douleur épaule droite,https://www.celyatis.com/blog/bien-etre/douleur-epaule-droite-emotionnelle.html,2026-08-28
www.celyatis.com/,Douleur épaule : signification émotionnelle et charges qu'on porte - Blog santé,douleur épaule,https://www.celyatis.com/blog/bien-etre/douleur-epaule-emotionnelle.html,2026-08-28
www.celyatis.com/,Douleur épaule gauche : signification émotionnelle d'émotions refoulées - Blog santé,douleur épaule gauche,https://www.celyatis.com/blog/bien-etre/douleur-epaule-gauche-emotionnelle.html,2026-08-28
www.celyatis.com/,Douleur à l'estomac : signification émotionnelle et difficulté à digérer ses émotions - Blog santé,douleur estomac,https://www.celyatis.com/blog/bien-etre/douleur-estomac-emotionnelle.html,2026-08-28
www.celyatis.com/,Douleur au genou : signification émotionnelle liée à l'ego et la flexibilité - Blog santé,douleur genou,https://www.celyatis.com/blog/bien-etre/douleur-genou-emotionnelle.html,2026-08-28
www.celyatis.com/,Douleur hanche droite : signification émotionnelle et peur de l'avenir - Blog santé,douleur hanche droite,https://www.celyatis.com/blog/bien-etre/douleur-hanche-droite-emotionnelle.html,2026-08-28
www.celyatis.com/,Douleur hanche droite : quelle signification émotionnelle ? - Blog santé,douleur hanche droite,https://www.celyatis.com/blog/bien-etre/douleur-hanche-droite-quelle-signification-emotionnelle.html,2026-08-28
www.celyatis.com/,Douleur hanche gauche : causes et signification - Blog santé,douleur hanche gauche,https://www.celyatis.com/blog/bien-etre/douleur-hanche-gauche-causes-et-signification.html,2026-08-28
www.celyatis.com/,Douleur hanche gauche : signification émotionnelle et peur d'avancer - Blog santé,douleur hanche gauche,https://www.celyatis.com/blog/bien-etre/douleur-hanche-gauche-emotionnelle.html,2026-08-28
www.celyatis.com/,Douleur nuque et épaule : quelle signification spirituelle ? - Blog santé,douleur nuque épaule,https://www.celyatis.com/blog/bien-etre/douleur-nuque-et-epaule-quelle-signification-spirituelle.html,2026-08-28
www.celyatis.com/,Douleur à l'omoplate : signification émotionnelle du fardeau qu'on porte - Blog santé,douleur omoplate,https://www.celyatis.com/blog/bien-etre/douleur-omoplate-emotionnelle.html,2026-08-28
www.celyatis.com/,Douleur entre les omoplates : quelle signification émotionnelle - Blog santé,douleur entre omoplates,https://www.celyatis.com/blog/bien-etre/douleur-omoplates-emotionnelle.html,2026-08-28
www.celyatis.com/,Comment soulager la douleur au pied après la course ? - Blog santé,douleur pied après,https://www.celyatis.com/blog/bien-etre/douleur-pied-course.html,2026-08-28
www.celyatis.com/,Douleur au sacrum : signification émotionnelle liée à l'ancrage - Blog santé,douleur sacrum,https://www.celyatis.com/blog/bien-etre/douleur-sacrum-emotionnelle.html,2026-08-28
www.celyatis.com/,Douleur au sternum : signification émotionnelle liée au cœur - Blog santé,douleur sternum,https://www.celyatis.com/blog/bien-etre/douleur-sternum-emotionnelle.html,2026-08-28
www.celyatis.com/,Douleur au talon droit : signification émotionnelle liée à l'avancement - Blog santé,douleur talon droit,https://www.celyatis.com/blog/bien-etre/douleur-talon-droit-emotionnelle.html,2026-08-28
www.celyatis.com/,Douleur au talon gauche : signification émotionnelle liée à l'ancrage - Blog santé,douleur talon gauche,https://www.celyatis.com/blog/bien-etre/douleur-talon-gauche-emotionnelle.html,2026-08-28
www.celyatis.com/,Douleur au trapèze : signification émotionnelle liée au stress accumulé - Blog santé,douleur trapèze,https://www.celyatis.com/blog/bien-etre/douleur-trapeze-emotionnelle.html,2026-08-28
www.celyatis.com/,Douleurs aux cervicales : quelle signification émotionnelle ? - Blog santé,douleurs cervicales,https://www.celyatis.com/blog/bien-etre/douleurs-aux-cervicales-quelle-signification-emotionnelle.html,2026-08-28
www.celyatis.com/,Pourquoi avons nous des douleurs en bas du dos? - Blog santé,douleurs bas dos,https://www.celyatis.com/blog/bien-etre/douleurs-bas-du-dos.html,2026-08-28
www.celyatis.com/,Comment soulager les douleurs au niveau des hanches et du bassin ? - Blog santé,douleurs niveau hanches,https://www.celyatis.com/blog/bien-etre/douleurs-hanches-bassin.html,2026-08-28
www.celyatis.com/,Comment réaliser un échauffement efficace des quadriceps avant l'entraînement ? - Blog santé,quadriceps avant entraînement,https://www.celyatis.com/blog/bien-etre/echauffement-quadriceps.html,2026-08-28
www.celyatis.com/,Échelle algo : comment elle transforme le paysage de la santé digitale ? - Blog santé,échelle algo,https://www.celyatis.com/blog/bien-etre/echelle-algo.html,2026-08-28
www.celyatis.com/,Eczéma et émotions : quelle signification psychosomatique ? - Blog santé,eczéma émotions,https://www.celyatis.com/blog/bien-etre/eczema-et-emotions-quelle-signification-psychosomatique.html,2026-08-28
www.celyatis.com/,eczéma et émotions : quelle signification spirituelle ? - Blog santé,eczéma émotions,https://www.celyatis.com/blog/bien-etre/eczema-et-emotions-quelle-signification-spirituelle.html,2026-08-28
www.celyatis.com/,Eja facial : quelles sont les véritables bénéfices pour votre peau ? - Blog santé,eja facial,https://www.celyatis.com/blog/bien-etre/eja-facial.html,2026-08-28
www.celyatis.com/,Comment en finir avec le sucre : astuces et méthodes pour une vie plus saine - Blog santé,finir sucre,https://www.celyatis.com/blog/bien-etre/en-finir-avec-le-sucre.html,2026-08-28
www.celyatis.com/,Entorse du genou sans gonflement : un cas à ne pas sous-estimer - Blog santé,genou sans gonflement,https://www.celyatis.com/blog/bien-etre/entorse-du-genou-sans-gonflement-un-cas-a-ne-pas-sous-estimer.html,2026-08-28
www.celyatis.com/,Entraînement marathon : les clés pour réussir - Blog santé,entraînement marathon,https://www.celyatis.com/blog/bien-etre/entrainement-marathon-les-cles-pour-reussir.html,2026-08-28
www.celyatis.com/,Épilation laser et détatouage : pourquoi cet engouement en 2026 ? - Blog santé,épilation laser détatouage,https://www.celyatis.com/blog/bien-etre/epilation-laser-et-detatouage-pourquoi-cet-engouement-en-2026.html,2026-08-28
www.celyatis.com/,Comment bien s'épiler le maillot ? - Blog santé,épiler maillot,https://www.celyatis.com/blog/bien-etre/epilation-maillot.html,2026-08-28
www.celyatis.com/,Est-ce bon de boire du thé vert tous les jours ? - Blog santé,est bon boire,https://www.celyatis.com/blog/bien-etre/est-ce-bon-de-boire-du-the-vert-tous-les-jours.html,2026-08-28
www.celyatis.com/,Est-ce bon de dormir avec la TV allumé ? - Blog santé,est bon dormir,https://www.celyatis.com/blog/bien-etre/est-ce-bon-de-dormir-avec-la-tv-allume.html,2026-08-28
www.celyatis.com/,Est-ce que la fatigue peut provoquer un orgelet ? - Blog santé,que fatigue peut,https://www.celyatis.com/blog/bien-etre/est-ce-que-la-fatigue-peut-provoquer-un-orgelet.html,2026-08-28
www.celyatis.com/,Est-ce que la peinture acrylique est toxique ? - Blog santé,peinture acrylique est,https://www.celyatis.com/blog/bien-etre/est-ce-que-la-peinture-acrylique-est-toxique.html,2026-08-28
www.celyatis.com/,Est-ce que le CBD est bon pour la santé ? - Blog santé,cbd est bon,https://www.celyatis.com/blog/bien-etre/est-ce-que-le-cbd-est-bon-pour-la-sante.html,2026-08-28
www.celyatis.com/,Est-ce qu’éternuer signifie que quelqu’un vous manque ? - Blog santé,quelqu vous manque,https://www.celyatis.com/blog/bien-etre/est-ce-queternuer-signifie-que-quelquun-vous-manque.html,2026-08-28
www.celyatis.com/,Est-il bon de faire du CrossFit tous les jours ? - Blog santé,bon faire crossfit,https://www.celyatis.com/blog/bien-etre/est-il-bon-de-faire-du-crossfit-tous-les-jours.html,2026-08-28
www.celyatis.com/,Estomac gonflé et respiration difficile : que se cache-t-il derrière ces symptômes ? - Blog santé,estomac gonflé respiration,https://www.celyatis.com/blog/bien-etre/estomac-gonfle-respiration-difficile.html,2026-08-28
www.celyatis.com/,éternuement : quelle signification spirituelle ? - Blog santé,éternuement,https://www.celyatis.com/blog/bien-etre/eternuement-quelle-signification-spirituelle.html,2026-08-28
www.celyatis.com/,Éternuer sans raison : quelle signification spirituelle - Blog santé,éternuer sans raison,https://www.celyatis.com/blog/bien-etre/eternuement-signification-spirituelle.html,2026-08-28
www.celyatis.com/,Comment réaliser des étirements efficaces pour le haut du dos et la nuque ? - Blog santé,efficaces haut dos,https://www.celyatis.com/blog/bien-etre/etirement-haut-du-dos-nuque.html,2026-08-28
www.celyatis.com/,Les 5 meilleurs étirements pour les jambes - Blog santé,meilleurs étirements jambes,https://www.celyatis.com/blog/bien-etre/etirement-jambe.html,2026-08-28
www.celyatis.com/,Comment effectuer les étirements des quadriceps pour une récupération optimale - Blog santé,quadriceps récupération optimale,https://www.celyatis.com/blog/bien-etre/etirement-quadriceps.html,2026-08-28
www.celyatis.com/,Comment les étirements peuvent soulager la pubalgie ? - Blog santé,peuvent soulager pubalgie,https://www.celyatis.com/blog/bien-etre/etirements-pubalgie.html,2026-08-28
www.celyatis.com/,7 conseils pour éviter les courbatures après l'effort - Blog santé,courbatures après effort,https://www.celyatis.com/blog/bien-etre/eviter-les-courbatures.html,2026-08-28
www.celyatis.com/,Comment réaliser un exercice oblique efficace sans matériel : Guide pratique - Blog santé,réaliser exercice oblique,https://www.celyatis.com/blog/bien-etre/exercice-oblique-sans-materiel.html,2026-08-28
www.celyatis.com/,Comment renforcer votre muscle brachial avec des exercices ciblés ? - Blog santé,votre muscle brachial,https://www.celyatis.com/blog/bien-etre/exercices-brachial.html,2026-08-28
www.celyatis.com/,Exercices de sophrologie pour la relaxation quotidienne - Blog santé,sophrologie relaxation quotidienne,https://www.celyatis.com/blog/bien-etre/exercices-de-sophrologie-pour-la-relaxation-quotidienne-2.html,2026-08-28
www.celyatis.com/,Exercices de sophrologie pour la relaxation quotidienne - Blog santé,sophrologie relaxation quotidienne,https://www.celyatis.com/blog/bien-etre/exercices-de-sophrologie-pour-la-relaxation-quotidienne-4.html,2026-08-28
www.celyatis.com/,Exercices de sophrologie pour la relaxation quotidienne - Blog santé,sophrologie relaxation quotidienne,https://www.celyatis.com/blog/bien-etre/exercices-de-sophrologie-pour-la-relaxation-quotidienne.html,2026-08-28
www.celyatis.com/,Les meilleurs exercices d'équilibre recommandés par les kinésithérapeutes - Blog santé,équilibre recommandés kinésithérapeutes,https://www.celyatis.com/blog/bien-etre/exercices-equilibre-kine.html,2026-08-28
www.celyatis.com/,Comment les exercices peuvent-ils améliorer la santé de votre oreille interne ? - Blog santé,santé votre oreille,https://www.celyatis.com/blog/bien-etre/exercices-oreille-interne.html,2026-08-28
www.celyatis.com/,- Blog santé,blog santé,https://www.celyatis.com/blog/bien-etre/exercices-pour-soulager-larthrose-de-la-hanche.html,2026-08-28
www.celyatis.com/,Fabriquer son e-liquide DIY : le guide complet pour se lancer sereinement - Blog santé,fabriquer son liquide,https://www.celyatis.com/blog/bien-etre/fabriquer-son-e-liquide-diy-le-guide-complet-pour-se-lancer-sereinement.html,2026-08-28
www.celyatis.com/,Comment faire disparaitre un bouton : toutes les techniques et astuces - Blog santé,faire disparaitre bouton,https://www.celyatis.com/blog/bien-etre/faire-disparaitre-un-bouton.html,2026-08-28
www.celyatis.com/,Faire du shopping est bon pour votre santé - Blog santé,shopping est bon,https://www.celyatis.com/blog/bien-etre/faire-du-shopping-est-bon-pour-votre-sante.html,2026-08-28
www.celyatis.com/,Faire le plein de vitamines avant l’hiver : les aliments et astuces à connaître - Blog santé,vitamines avant hiver,https://www.celyatis.com/blog/bien-etre/faire-le-plein-de-vitamines-avant-lhiver-les-aliments-et-astuces-a-connaitre.html,2026-08-28
www.celyatis.com/,Fatigue automne : comment combattre le manque d'énergie saisonnier ? - Blog santé,fatigue automne,https://www.celyatis.com/blog/bien-etre/fatigue-automne.html,2026-08-28
www.celyatis.com/,Comment surmonter la fatigue cognitive et booster votre concentration ? - Blog santé,fatigue cognitive booster,https://www.celyatis.com/blog/bien-etre/fatigue-cognitive.html,2026-08-28
www.celyatis.com/,Fatigue : les remèdes naturels pour retrouver l'énergie rapidement - Blog santé,fatigue,https://www.celyatis.com/blog/bien-etre/fatigue-remede-naturel.html,2026-08-28
www.celyatis.com/,Pâtes ou riz : quel aliment choisir pour un régime équilibré ?,pâtes riz,https://www.celyatis.com/blog/bien-etre/faut-il-choisir-les-pates-ou-le-riz-pour-un-regime.html,2026-08-28
www.celyatis.com/,Pourquoi mon bébé a-t-il la tête chaude mais le corps froid ? Comprendre la fièvre chez les tout-petits - Blog santé,il tête chaude,https://www.celyatis.com/blog/bien-etre/fievre-bebe-tete-chaude-corps-froid.html,2026-08-28
www.celyatis.com/,Découvrir et Maîtriser la Formation en Kiné Respiratoire: Un Guide Complet - Blog santé,formation kiné respiratoire,https://www.celyatis.com/blog/bien-etre/formation-kine-respiratoire.html,2026-08-28
www.celyatis.com/,Formation respiration holotropique par Marine Jimenez - Blog santé,respiration holotropique marine,https://www.celyatis.com/blog/bien-etre/formation-respiration-holotropique-par-marine-jimenez.html,2026-08-28
www.celyatis.com/,Garder une vie sociale épanouissante malgré l'incontinence masculine - Blog santé,incontinence masculine,https://www.celyatis.com/blog/bien-etre/garder-une-vie-sociale-epanouissante-malgre-lincontinence-masculine.html,2026-08-28
www.celyatis.com/,Genou droit : quelle est sa symbolique émotionnelle ? - Blog santé,genou droit,https://www.celyatis.com/blog/bien-etre/genou-droit-quelle-est-sa-symbolique-emotionnelle.html,2026-08-28
www.celyatis.com/,genou droit : quelle symbolique et signification? - Blog santé,genou droit,https://www.celyatis.com/blog/bien-etre/genou-droit-quelle-symbolique-et-signification.html,2026-08-28
www.celyatis.com/,Genou gauche : quelle signification symbolique ? - Blog santé,genou gauche,https://www.celyatis.com/blog/bien-etre/genou-gauche-quelle-signification-symbolique.html,2026-08-28
www.celyatis.com/,Comment prévenir et traiter la douleur aux genoux chez les coureurs ? - Blog santé,genoux chez coureurs,https://www.celyatis.com/blog/bien-etre/genoux-du-coureur.html,2026-08-28
www.celyatis.com/,Comment aider votre enfant de 7 ans à gérer ses émotions efficacement? - Blog santé,gérer ses émotions,https://www.celyatis.com/blog/bien-etre/gerer-ses-emotions-a-7-ans.html,2026-08-28
www.celyatis.com/,Gland hypersensible : comment gérer cette sensibilité accrue ? - Blog santé,gland hypersensible,https://www.celyatis.com/blog/bien-etre/gland-hypersensible.html,2026-08-28
www.celyatis.com/,Que faire si un grain de beauté arraché saigne ? - Blog santé,beauté arraché saigne,https://www.celyatis.com/blog/bien-etre/grain-de-beaute-arrache-saigne.html,2026-08-28
www.celyatis.com/,Graines à germer : pourquoi devriez-vous les intégrer à votre alimentation ? - Blog santé,graines germer,https://www.celyatis.com/blog/bien-etre/graines-a-germer.html,2026-08-28
www.celyatis.com/,Grincer des dents la nuit : quelle signification spirituelle ? - Blog santé,grincer dents nuit,https://www.celyatis.com/blog/bien-etre/grincer-des-dents-la-nuit-quelle-signification-spirituelle.html,2026-08-28
www.celyatis.com/,Grossesse : astuces pour limiter les douleurs ligamentaires - Blog santé,grossesse,https://www.celyatis.com/blog/bien-etre/grossesse-astuces-pour-limiter-les-douleurs-ligamentaires.html,2026-08-28
www.celyatis.com/,Grossesse et pilates : une pratique douce et sûre pour bouger enceinte ? - Blog santé,grossesse pilates,https://www.celyatis.com/blog/bien-etre/grossesse-et-pilates-une-pratique-douce-et-sure-pour-bouger-enceinte.html,2026-08-28
www.celyatis.com/,Comment gudule kine peut révolutionner la kinésithérapie moderne ? - Blog santé,révolutionner kinésithérapie moderne,https://www.celyatis.com/blog/bien-etre/gudule-kine.html,2026-08-28
www.celyatis.com/,Guide pour trouver du CBD pas cher et de qualité - Blog santé,cbd pas cher,https://www.celyatis.com/blog/bien-etre/guide-pour-trouver-du-cbd-pas-cher-et-de-qualite.html,2026-08-28
www.celyatis.com/,Guide ultime pour se muscler les trapèzes efficacement - Blog santé,muscler trapèzes efficacement,https://www.celyatis.com/blog/bien-etre/guide-ultime-pour-se-muscler-les-trapezes-efficacement.html,2026-08-28
www.celyatis.com/,L'huile de coco peut-elle soulager les hémorroïdes ? Découverte et conseils d'utilisation - Blog santé,soulager hémorroïdes découverte,https://www.celyatis.com/blog/bien-etre/hemoroide-huile-de-coco.html,2026-08-28
www.celyatis.com/,hémorroïdes : signification spirituelle et causes émotionnelles - Blog santé,hémorroïdes,https://www.celyatis.com/blog/bien-etre/hemorroides-signification-spirituelle-et-causes-emotionnelles.html,2026-08-28
www.celyatis.com/,Les Bienfaits du Henné pour Votre Corps et Votre Esprit - Blog santé,bienfaits henné votre,https://www.celyatis.com/blog/bien-etre/henne.html,2026-08-28
www.celyatis.com/,Hernie cervicale et durée d'arrêt de travail : que faut-il savoir ? - Blog santé,cervicale durée arrêt,https://www.celyatis.com/blog/bien-etre/hernie-cervicale-et-duree-darret-de-travail-que-faut-il-savoir.html,2026-08-28
www.celyatis.com/,Homéopathie et prévention des piqûres de moustique: mythe ou réalité? - Blog santé,homéopathie prévention piqûres,https://www.celyatis.com/blog/bien-etre/homeopathie-anti-moustique.html,2026-08-28
www.celyatis.com/,Huile de bourrache et prise de poids : tout ce que vous devez savoir - Blog santé,bourrache prise poids,https://www.celyatis.com/blog/bien-etre/huile-de-bourrache-et-prise-de-poids-tout-ce-que-vous-devez-savoir.html,2026-08-28
www.celyatis.com/,L'huile de nigelle est-elle dangereuse pour la santé ? - Blog santé,huile nigelle est,https://www.celyatis.com/blog/bien-etre/huile-de-nigelle-dangereux.html,2026-08-28
www.celyatis.com/,Huile de ricin pour les cheveux: est-elle réellement sans danger? - Blog santé,ricin cheveux est,https://www.celyatis.com/blog/bien-etre/huile-de-ricin-danger-cheveux.html,2026-08-28
www.celyatis.com/,Comment utiliser l'huile essentielle pour soulager la toux ? - Blog santé,huile essentielle soulager,https://www.celyatis.com/blog/bien-etre/huile-essentielle-contre-toux.html,2026-08-28
www.celyatis.com/,Huile essentielle de CBD : guide d'utilisation et bienfaits - Blog santé,huile essentielle cbd,https://www.celyatis.com/blog/bien-etre/huile-essentielle-de-cbd-guide-dutilisation-et-bienfaits.html,2026-08-28
www.celyatis.com/,Huile essentielle et toux sèche : quels remèdes naturels efficaces ? - Blog santé,huile essentielle toux,https://www.celyatis.com/blog/bien-etre/huile-essentielle-toux-seche.html,2026-08-28
www.celyatis.com/,Peut-on soulager l'asthme avec un humidificateur d'air ? - Blog santé,asthme humidificateur air,https://www.celyatis.com/blog/bien-etre/humidificateur-dair-asthme.html,2026-08-28
www.celyatis.com/,Hygiène alimentaire dans les restaurants : enjeux et bonnes pratiques - Blog santé,hygiène alimentaire restaurants,https://www.celyatis.com/blog/bien-etre/hygiene-alimentaire-dans-les-restaurants-enjeux-et-bonnes-pratiques.html,2026-08-28
www.celyatis.com/,Hypnose et troubles alimentaires: comment peut-elle aider ? - Blog santé,troubles alimentaires peut,https://www.celyatis.com/blog/bien-etre/hypnose-troubles-alimentaires.html,2026-08-28
www.celyatis.com/,Comment choisir un bon kiné pour votre rééducation fonctionnelle ? - Blog santé,votre rééducation fonctionnelle,https://www.celyatis.com/blog/bien-etre/ik-kine.html,2026-08-28
www.celyatis.com/,Ils ont arrêté les somnifères pour tester le CBD. Ce qu’ils racontent est bluffant. - Blog santé,racontent est bluffant,https://www.celyatis.com/blog/bien-etre/ils-ont-arrete-les-somniferes-pour-tester-le-cbd-ce-quils-racontent-est-bluffant.html,2026-08-28
www.celyatis.com/,Indice uv aujourd'hui : comment protéger efficacement votre peau ? - Blog santé,uv aujourd hui,https://www.celyatis.com/blog/bien-etre/indice-uv-aujourdhui.html,2026-08-28
www.celyatis.com/,infection urinaire : signification et impact émotionnel - Blog santé,infection urinaire,https://www.celyatis.com/blog/bien-etre/infection-urinaire-signification-et-impact-emotionnel.html,2026-08-28
www.celyatis.com/,infection urinaire : signification et symbolique - Blog santé,infection urinaire,https://www.celyatis.com/blog/bien-etre/infection-urinaire-signification-et-symbolique.html,2026-08-28
www.celyatis.com/,Infirmière libérale : trouvez l'équilibre entre vie pro et vie privée - Blog santé,infirmière libérale,https://www.celyatis.com/blog/bien-etre/infirmiere-liberale-trouvez-lequilibre-entre-vie-pro-et-vie-privee.html,2026-08-28
www.celyatis.com/,Comment le COVID-19 affecte-t-il votre sommeil et que faire en cas d'insomnie ? - Blog santé,covid 19 affecte,https://www.celyatis.com/blog/bien-etre/insomnie-et-covid.html,2026-08-28
www.celyatis.com/,J'ai perdu du poids en marchant quotidiennement : témoignage et conseils pour maigrir avec la marche - Blog santé,poids marchant quotidiennement,https://www.celyatis.com/blog/bien-etre/jai-perdu-poids-marchant-quotidiennement-temoignage-conseils-maigrir-marche-2.html,2026-08-28
www.celyatis.com/,J'ai perdu du poids en marchant quotidiennement : témoignage et conseils pour maigrir avec la marche - Blog santé,poids marchant quotidiennement,https://www.celyatis.com/blog/bien-etre/jai-perdu-poids-marchant-quotidiennement-temoignage-conseils-maigrir-marche-3.html,2026-08-28
www.celyatis.com/,J'ai perdu du poids en marchant quotidiennement : témoignage et conseils pour maigrir avec la marche - Blog santé,poids marchant quotidiennement,https://www.celyatis.com/blog/bien-etre/jai-perdu-poids-marchant-quotidiennement-temoignage-conseils-maigrir-marche.html,2026-08-28
www.celyatis.com/,J'ai tout le temps faim : Comment arrêter d'avoir faim ? - Blog santé,tout temps faim,https://www.celyatis.com/blog/bien-etre/jai-tout-le-temps-faim-comment-arreter-davoir-faim.html,2026-08-28
www.celyatis.com/,Jeûne intermittent 18/6 : notre avis sur ses bienfaits et inconvénients - Blog santé,jeûne intermittent 18,https://www.celyatis.com/blog/bien-etre/jeune-intermittent-18-6-notre-avis-sur-ses-bienfaits-et-inconvenients.html,2026-08-28
www.celyatis.com/,Jeûne et mal de gorge : est-ce une association bénéfique ? - Blog santé,jeûne mal gorge,https://www.celyatis.com/blog/bien-etre/jeune-mal-de-gorge.html,2026-08-28
www.celyatis.com/,Jeux en ligne et bien-être : comment garder l’équilibre ? - Blog santé,jeux ligne être,https://www.celyatis.com/blog/bien-etre/jeux-en-ligne-et-bien-etre-comment-garder-lequilibre.html,2026-08-28
www.celyatis.com/,Jeux de mémoire : les meilleurs pour booster vos capacités cérébrales - Blog santé,jeux mémoire,https://www.celyatis.com/blog/bien-etre/jeux-pour-travailler-la-memoire.html,2026-08-28
www.celyatis.com/,Découvrez les bienfaits de la capsule ayurvédique Kamasutra Gold,ayurvédique kamasutra gold,https://www.celyatis.com/blog/bien-etre/kamasutra-gold-capsule-ayurvedic-quels-sont-ses-bienfaits.html,2026-08-28
www.celyatis.com/,Explorer le Monde de la Kinésithérapie: Les Ondes de Choc Autour de Moi - Blog santé,monde kinésithérapie ondes,https://www.celyatis.com/blog/bien-etre/kine-onde-de-choc-autour-de-moi-2.html,2026-08-28
www.celyatis.com/,Découvrir la Kinésithérapie par Ondes de Choc : Les Meilleurs Praticiens Autour de Moi - Blog santé,kinésithérapie ondes choc,https://www.celyatis.com/blog/bien-etre/kine-onde-de-choc-autour-de-moi.html,2026-08-28
www.celyatis.com/,Les bienfaits de la kinésithérapie pour les pieds : tout ce que vous devez savoir - Blog santé,bienfaits kinésithérapie pieds,https://www.celyatis.com/blog/bien-etre/kine-pied.html,2026-08-28
www.celyatis.com/,Le kombucha est-il vraiment dangereux pour la santé ? - Blog santé,kombucha est il,https://www.celyatis.com/blog/bien-etre/kombucha-dangereux.html,2026-08-28
www.celyatis.com/,La chirurgie esthétique des paupières : un regard transformé pour une meilleure santé mentale - Blog santé,chirurgie esthétique paupières,https://www.celyatis.com/blog/bien-etre/la-chirurgie-esthetique-des-paupieres-un-regard-transforme-pour-une-meilleure-sante-mentale.html,2026-08-28
www.celyatis.com/,La formule magique d'amour simple à prononcer pour attirer l'amour - Blog santé,formule magique amour,https://www.celyatis.com/blog/bien-etre/la-formule-magique-damour-simple-a-prononcer-pour-attirer-lamour.html,2026-08-28
www.celyatis.com/,La formule pour trouver un but : comment trouver votre Ikigai - Blog santé,formule trouver but,https://www.celyatis.com/blog/bien-etre/la-formule-pour-trouver-un-but-comment-trouver-votre-ikigai.html,2026-08-28
www.celyatis.com/,CBD : la clé d'un sommeil paisible ?,cbd,https://www.celyatis.com/blog/bien-etre/la-goutte-de-cbd-peut-elle-vraiment-aider-a-mieux-dormir.html,2026-08-28
www.celyatis.com/,La parapharmacie express Lagoubie : trouvez rapidement ce dont vous avez besoin pour votre santé,parapharmacie express lagoubie,https://www.celyatis.com/blog/bien-etre/la-parapharmacie-express-lagoubie-la-solution-ideale-pour-vos-besoins-de-sante.html,2026-08-28
www.celyatis.com/,La parapharmacie Leclerc : La solution idéale pour vos besoins en santé et beauté,parapharmacie leclerc,https://www.celyatis.com/blog/bien-etre/la-parapharmacie-leclerc-une-bonne-alternative-pour-les-produits-de-sante-et-de-beaute.html,2026-08-28
www.celyatis.com/,"L’art de porter son enfant : entre tradition, confort et lien émotionnel - Blog santé",porter son enfant,https://www.celyatis.com/blog/bien-etre/lart-de-porter-son-enfant-entre-tradition-confort-et-lien-emotionnel.html,2026-08-28
www.celyatis.com/,Le bien-être des coussins à la maison - Blog santé,être coussins maison,https://www.celyatis.com/blog/bien-etre/le-bien-etre-des-coussins-a-la-maison.html,2026-08-28
www.celyatis.com/,Le bracelet connecté Polar Loop : une innovation pour les sportifs - Blog santé,bracelet connecté polar,https://www.celyatis.com/blog/bien-etre/le-bracelet-connecte-polar-loop-une-innovation-pour-les-sportifs.html,2026-08-28
www.celyatis.com/,Le CBD dans l'eau : la nouvelle tendance à Châlons-en-Champagne,cbd eau,https://www.celyatis.com/blog/bien-etre/le-cbd-dans-leau-une-nouvelle-tendance-a-chalons-en-champagne.html,2026-08-28
www.celyatis.com/,Le Chemin de Compostelle : une expérience inoubliable à ne pas manquer - Blog santé,chemin compostelle,https://www.celyatis.com/blog/bien-etre/le-chemin-de-compostelle-une-experience-inoubliable-a-ne-pas-manquer.html,2026-08-28
www.celyatis.com/,Le chocolat noir : un allié dans votre régime?,chocolat noir,https://www.celyatis.com/blog/bien-etre/le-chocolat-noir-peut-il-etre-inclus-dans-un-regime.html,2026-08-28
www.celyatis.com/,Découvrez les services du comptoir beauté de Vénissieux,comptoir beauté vénissieux,https://www.celyatis.com/blog/bien-etre/le-comptoir-beaute-de-venissieux-quels-services-propose-t-il.html,2026-08-28
www.celyatis.com/,Le Garmin Forerunner 220 : une montre GPS cardio pour les sportifs exigeants - Blog santé,garmin forerunner 220,https://www.celyatis.com/blog/bien-etre/le-garmin-forerunner-220-une-montre-gps-cardio-pour-les-sportifs-exigeants.html,2026-08-28
www.celyatis.com/,Le Garmin Forerunner 735XT : une montre multisport performante et polyvalente - Blog santé,garmin forerunner 735xt,https://www.celyatis.com/blog/bien-etre/le-garmin-forerunner-735xt-une-montre-multisport-performante-et-polyvalente.html,2026-08-28
www.celyatis.com/,Le jeûne intermittent : La durée idéale du jeûne,jeûne intermittent,https://www.celyatis.com/blog/bien-etre/le-jeune-intermittent-combien-dheures-faut-il-jeuner.html,2026-08-28
www.celyatis.com/,Le kiwi : un superfruit à intégrer dans votre alimentation quotidienne ? - Blog santé,kiwi,https://www.celyatis.com/blog/bien-etre/le-ki.html,2026-08-28
www.celyatis.com/,Le Lyrica est-il efficace pour soulager la sciatalgie? - Blog santé,lyrica est il,https://www.celyatis.com/blog/bien-etre/le-lyrica-est-il-efficace-pour-soulager-la-sciatalgie.html,2026-08-28
www.celyatis.com/,Le Marathon de New York 2015 : une édition inoubliable - Blog santé,marathon new york,https://www.celyatis.com/blog/bien-etre/le-marathon-de-new-york-2015-une-edition-inoubliable.html,2026-08-28
www.celyatis.com/,Le pouvoir apaisant du bruit blanc pour les bébés - Blog santé,bruit blanc bébés,https://www.celyatis.com/blog/bien-etre/le-pouvoir-apaisant-du-bruit-blanc-pour-les-bebes.html,2026-08-28
www.celyatis.com/,Le régime paléo : une alimentation ancestrale pour une vie moderne - Blog santé,régime paléo,https://www.celyatis.com/blog/bien-etre/le-regime-paleo-une-alimentation-ancestrale-pour-une-vie-moderne.html,2026-08-28
www.celyatis.com/,Le secret de la durée idéale pour écouter des bruits blancs chez les enfants - Blog santé,blancs chez enfants,https://www.celyatis.com/blog/bien-etre/le-secret-de-la-duree-ideale-pour-ecouter-des-bruits-blancs-chez-les-enfants.html,2026-08-28
www.celyatis.com/,Le shopping : une activité bénéfique pour le moral - Blog santé,shopping,https://www.celyatis.com/blog/bien-etre/le-shopping-une-activite-benefique-pour-le-moral.html,2026-08-28
www.celyatis.com/,Le sommier : la base parfaite pour votre matelas - Blog santé,sommier,https://www.celyatis.com/blog/bien-etre/le-sommier-la-base-parfaite-pour-vos-matelas.html,2026-08-28
www.celyatis.com/,Le Swiss ball : un accessoire polyvalent pour une séance de sport réussie - Blog santé,swiss ball,https://www.celyatis.com/blog/bien-etre/le-swiss-ball-un-accessoire-polyvalent-pour-une-seance-de-sport-reussie.html,2026-08-28
www.celyatis.com/,Le temps idéal d'écoute des bruits blancs pour l'endormissement de bébé - Blog santé,blancs endormissement bébé,https://www.celyatis.com/blog/bien-etre/le-temps-ideal-decoute-des-bruits-blancs-pour-lendormissement-de-bebe.html,2026-08-28
www.celyatis.com/,Le yoga pour combattre le stress : quelques postures recommandées ! - Blog santé,yoga combattre stress,https://www.celyatis.com/blog/bien-etre/le-yoga-pour-combattre-le-stress-quelques-postures-recommandees.html,2026-08-28
www.celyatis.com/,L'eau qui guérit : mythe ou réalité bienfaisante ? - Blog santé,eau qui guérit,https://www.celyatis.com/blog/bien-etre/leau-qui-guerit.html,2026-08-28
www.celyatis.com/,L'ensemble matelas sommier idéal pour un sommeil réparateur - Blog santé,idéal sommeil réparateur,https://www.celyatis.com/blog/bien-etre/lensemble-matelas-sommier-ideal-pour-un-sommeil-reparateur.html,2026-08-28
www.celyatis.com/,Les activités à faire pour se détendre - Blog santé,activités faire se,https://www.celyatis.com/blog/bien-etre/les-activites-a-faire-pour-se-detendre.html,2026-08-28
www.celyatis.com/,Quels sont les aliments qui affaiblissent votre système immunitaire ? - Blog santé,votre système immunitaire,https://www.celyatis.com/blog/bien-etre/les-aliments-qui-affaiblissent-le-systeme-immunitaire.html,2026-08-28
www.celyatis.com/,Les alternatives rechargeables pour les gels douche et shampoings : vers une salle de bain écoresponsable - Blog santé,rechargeables gels douche,https://www.celyatis.com/blog/bien-etre/les-alternatives-rechargeables-pour-les-gels-douche-et-shampoings-vers-une-salle-de-bain-ecoresponsable.html,2026-08-28
www.celyatis.com/,Les avantages de la résine de CBD pas cher pour votre bien-être - Blog santé,résine cbd pas,https://www.celyatis.com/blog/bien-etre/les-avantages-de-la-resine-de-cbd-pas-cher-pour-votre-bien-etre.html,2026-08-28
www.celyatis.com/,Les bienfaits des huiles sur la peau et les cheveux - Blog santé,huiles peau cheveux,https://www.celyatis.com/blog/bien-etre/les-bienfaits-des-huiles-sur-la-peau-et-les-cheveux.html,2026-08-28
www.celyatis.com/,Les bienfaits des plantes : gingembre et curcuma pour le bien-être,bienfaits plantes,https://www.celyatis.com/blog/bien-etre/les-bienfaits-des-plantes-du-gingembre-au-curcuma-allies-de-notre-bien-etre.html,2026-08-28
www.celyatis.com/,Les bienfaits des pommades anti-inflammatoires pour soulager la douleur - Blog santé,pommades anti inflammatoires,https://www.celyatis.com/blog/bien-etre/les-bienfaits-des-pommades-anti-inflammatoires-pour-soulager-la-douleur.html,2026-08-28
www.celyatis.com/,Les bienfaits du bruit blanc pour le sommeil de votre bébé - Blog santé,bienfaits bruit blanc,https://www.celyatis.com/blog/bien-etre/les-bienfaits-du-bruit-blanc-pour-le-sommeil-de-votre-bebe.html,2026-08-28
www.celyatis.com/,Les bienfaits du citron eau chaude pour une perte de poids efficace - Blog santé,bienfaits citron eau,https://www.celyatis.com/blog/bien-etre/les-bienfaits-du-citron-eau-chaude-pour-une-perte-de-poids-efficace.html,2026-08-28
www.celyatis.com/,Les bienfaits du yoga pour le corps et l'esprit - Blog santé,bienfaits yoga corps,https://www.celyatis.com/blog/bien-etre/les-bienfaits-du-yoga-pour-le-corps-et-lesprit.html,2026-08-28
www.celyatis.com/,Les bonnes pratiques pour bien se sevrer du tabac - Blog santé,bonnes pratiques se,https://www.celyatis.com/blog/bien-etre/les-bonnes-pratiques-pour-bien-se-sevrer-du-tabac.html,2026-08-28
www.celyatis.com/,Les causes du fourmillement dans les pieds et comment y remédier - Blog santé,causes fourmillement pieds,https://www.celyatis.com/blog/bien-etre/les-causes-du-fourmillement-dans-les-pieds-et-comment-y-remedier.html,2026-08-28
www.celyatis.com/,Les effets du bruit blanc sur le cerveau des bébés - Blog santé,blanc cerveau bébés,https://www.celyatis.com/blog/bien-etre/les-effets-du-bruit-blanc-sur-le-cerveau-des-bebes.html,2026-08-28
www.celyatis.com/,Les fleurs de Bach : bien-être émotionnel pour vous et votre compagnon - Blog santé,fleurs bach,https://www.celyatis.com/blog/bien-etre/les-fleurs-de-bach-bien-etre-emotionnel-pour-vous-et-votre-compagnon.html,2026-08-28
www.celyatis.com/,Les huiles essentielles disponibles en parapharmacie Auchan - Blog santé,disponibles parapharmacie auchan,https://www.celyatis.com/blog/bien-etre/les-huiles-essentielles-disponibles-en-parapharmacie-auchan.html,2026-08-28
www.celyatis.com/,Les meilleures crèmes anti-rides recommandées par les dermatologues - Blog santé,rides recommandées dermatologues,https://www.celyatis.com/blog/bien-etre/les-meilleures-cremes-anti-rides-recommandees-par-les-dermatologues.html,2026-08-28
www.celyatis.com/,Les meilleures destinations tropicales pour profiter du soleil de janvier - Blog santé,meilleures destinations tropicales,https://www.celyatis.com/blog/bien-etre/les-meilleures-destinations-tropicales-pour-profiter-du-soleil-de-janvier.html,2026-08-28
www.celyatis.com/,Les métiers du bien-être en 2026 : un secteur en pleine transformation - Blog santé,métiers être 2026,https://www.celyatis.com/blog/bien-etre/les-metiers-du-bien-etre-en-2026-un-secteur-en-pleine-transformation.html,2026-08-28
www.celyatis.com/,Les nombreux bienfaits des fleurs de CBD - Blog santé,bienfaits fleurs cbd,https://www.celyatis.com/blog/bien-etre/les-nombreux-bienfaits-des-fleurs-de-cbd.html,2026-08-28
www.celyatis.com/,Les produits anios préféré en 2022 - Blog santé,anios préféré 2022,https://www.celyatis.com/blog/bien-etre/les-produits-anios-prefere-en-2022.html,2026-08-28
www.celyatis.com/,Les secrets pour enregistrer un bruit blanc de qualité - Blog santé,enregistrer bruit blanc,https://www.celyatis.com/blog/bien-etre/les-secrets-pour-enregistrer-un-bruit-blanc-de-qualite.html,2026-08-28
www.celyatis.com/,Les tendances coiffure de l'année : Comment choisir le style parfait pour vous - Blog santé,tendances coiffure année,https://www.celyatis.com/blog/bien-etre/les-tendances-coiffure-de-lannee-comment-choisir-le-style-parfait-pour-vous.html,2026-08-28
www.celyatis.com/,Lèvres sèches et fatigue : un lien insoupçonné à explorer - Blog santé,lèvres sèches fatigue,https://www.celyatis.com/blog/bien-etre/levres-seches-et-fatigue-un-lien-insoupconne-a-explorer.html,2026-08-28
www.celyatis.com/,Découvrez les bienfaits de l'huile de fenugrec pour votre peau et vos cheveux !,bienfaits huile fenugrec,https://www.celyatis.com/blog/bien-etre/lhuile-de-fenugrec-disponible-en-parapharmacie-leclerc-quels-bienfaits-pour-la-peau-et-les-cheveux.html,2026-08-28
www.celyatis.com/,L'hypnose dentaire : est-ce que ca fonctionne vraiment ? - Blog santé,hypnose dentaire,https://www.celyatis.com/blog/bien-etre/lhypnose-dentaire-est-ce-que-ca-fonctionne-vraiment.html,2026-08-28
www.celyatis.com/,L’inhalation des vapeurs d’essence de briquet est-elle nocive ? - Blog santé,vapeurs essence briquet,https://www.celyatis.com/blog/bien-etre/linhalation-des-vapeurs-dessence-de-briquet-est-elle-nocive.html,2026-08-28
www.celyatis.com/,Comment résilier sa mutuelle avec la loi chatel ? - Blog santé,résilier sa mutuelle,https://www.celyatis.com/blog/bien-etre/loi-chatel-mutuelle-resiliation.html,2026-08-28
www.celyatis.com/,lpe estelle daves : comprendre la libération psycho-émotionnelle - Blog santé,lpe estelle daves,https://www.celyatis.com/blog/bien-etre/lpe-estelle-daves-comprendre-la-liberation-psycho-emotionnelle.html,2026-08-28
www.celyatis.com/,L'huile de coco peut-elle soulager la lucite estivale ? - Blog santé,huile coco peut,https://www.celyatis.com/blog/bien-etre/lucite-estivale-huile-coco.html,2026-08-28
www.celyatis.com/,La machine lombaire : est-elle efficace pour soulager les douleurs de dos ? - Blog santé,machine lombaire,https://www.celyatis.com/blog/bien-etre/machine-lombaire.html,2026-08-28
www.celyatis.com/,Main droite qui gratte : quelle est sa signification ? - Blog santé,droite qui gratte,https://www.celyatis.com/blog/bien-etre/main-droite-qui-gratte-quelle-est-sa-signification.html,2026-08-28
www.celyatis.com/,Comprendre les Causes et Traitements de l'Enflure des Mains en Marchant : Guide Pratique - Blog santé,traitements enflure mains,https://www.celyatis.com/blog/bien-etre/main-qui-gonfle-en-marchant.html,2026-08-28
www.celyatis.com/,Maîtrisez l'art de la musculation grâce à ces exercices efficaces - Blog santé,art musculation grâce,https://www.celyatis.com/blog/bien-etre/maitrisez-lart-de-la-musculation-grace-a-ces-exercices-efficaces.html,2026-08-28
www.celyatis.com/,Pourquoi vous réveillez-vous avec un mal de cou chaque matin ? - Blog santé,pourquoi vous réveillez,https://www.celyatis.com/blog/bien-etre/mal-au-cou-au-reveil.html,2026-08-28
www.celyatis.com/,Souffrez-vous de Douleurs au Dos Pendant de Longues Marches ? Voici Comment Y Remédier ! - Blog santé,longues marches voici,https://www.celyatis.com/blog/bien-etre/mal-au-dos-quand-je-marche-longtemps.html,2026-08-28
www.celyatis.com/,mal au genou droit : quelle signification spirituelle ? - Blog santé,mal genou droit,https://www.celyatis.com/blog/bien-etre/mal-au-genou-droit-quelle-signification-spirituelle.html,2026-08-28
www.celyatis.com/,Pourquoi ai-je mal aux cervicales au réveil ? 5 causes possibles et leurs solutions - Blog santé,je mal cervicales,https://www.celyatis.com/blog/bien-etre/mal-aux-cervicales-au-reveil.html,2026-08-28
www.celyatis.com/,Mal aux cervicales : quelle signification spirituelle ? - Blog santé,mal cervicales,https://www.celyatis.com/blog/bien-etre/mal-aux-cervicales-quelle-signification-spirituelle.html,2026-08-28
www.celyatis.com/,Mal de dos côté gauche : quelle signification spirituelle ? - Blog santé,dos côté gauche,https://www.celyatis.com/blog/bien-etre/mal-de-dos-cote-gauche-quelle-signification-spirituelle.html,2026-08-28
www.celyatis.com/,Mal de dos et fatigue : comment ces symptômes sont-ils liés ? - Blog santé,mal dos fatigue,https://www.celyatis.com/blog/bien-etre/mal-de-dos-et-fatigue.html,2026-08-28
www.celyatis.com/,Comment soulager votre mal de dos avec les huiles essentielles ? - Blog santé,dos huiles essentielles,https://www.celyatis.com/blog/bien-etre/mal-de-dos-huile-essentielle.html,2026-08-28
www.celyatis.com/,Mal de dos : quelle signification spirituelle ? - Blog santé,mal dos,https://www.celyatis.com/blog/bien-etre/mal-de-dos-quelle-signification-spirituelle.html,2026-08-28
www.celyatis.com/,mal de tête côté gauche : quelle signification spirituelle ? - Blog santé,tête côté gauche,https://www.celyatis.com/blog/bien-etre/mal-de-tete-cote-gauche-quelle-signification-spirituelle.html,2026-08-28
www.celyatis.com/,Mal de dent : signification spirituelle et émotions refoulées - Blog santé,mal dent,https://www.celyatis.com/blog/bien-etre/mal-dent-signification-spirituelle.html,2026-08-28
www.celyatis.com/,Mal de dos côté gauche : ce que ça signifie spirituellement - Blog santé,dos côté gauche,https://www.celyatis.com/blog/bien-etre/mal-dos-gauche-signification-spirituelle.html,2026-08-28
www.celyatis.com/,Mal de tête côté gauche : ce que ça signifie spirituellement - Blog santé,tête côté gauche,https://www.celyatis.com/blog/bien-etre/mal-tete-gauche-signification-spirituelle.html,2026-08-28
www.celyatis.com/,Marcher avec des béquilles : comment cela renforce-t-il les bras ? - Blog santé,marcher béquilles,https://www.celyatis.com/blog/bien-etre/marcher-avec-des-bequilles-muscle-les-bras.html,2026-08-28
www.celyatis.com/,Masque cheveux : comment bien hydrater vos cheveux - Blog santé,masque cheveux,https://www.celyatis.com/blog/bien-etre/masque-cheveux-comment-bien-hydrater-vos-cheveux.html,2026-08-28
www.celyatis.com/,Le massage abdominal en kinésithérapie : quand et pourquoi y recourir ? - Blog santé,massage abdominal kinésithérapie,https://www.celyatis.com/blog/bien-etre/massage-abdominal-kinesitherapie.html,2026-08-28
www.celyatis.com/,Les bienfaits du massage du canal tarsien pour soulager les douleurs aux pieds - Blog santé,bienfaits massage canal,https://www.celyatis.com/blog/bien-etre/massage-canal-tarsien.html,2026-08-28
www.celyatis.com/,"Massage du ventre à Paris : Chi Nei Tsang et Karsai Nei Tsang, des soins ancestraux pour libérer corps et émotions - Blog santé",massage ventre paris,https://www.celyatis.com/blog/bien-etre/massage-du-ventre-a-paris-chi-nei-tsang-et-karsai-nei-tsang.html,2026-08-28
www.celyatis.com/,Les bienfaits du massage kiné pour soulager les douleurs musculaires - Blog santé,bienfaits massage kiné,https://www.celyatis.com/blog/bien-etre/massage-kine.html,2026-08-28
www.celyatis.com/,Comment le massage peut soulager une périostite tibiale ? - Blog santé,massage peut soulager,https://www.celyatis.com/blog/bien-etre/massage-periostite.html,2026-08-28
www.celyatis.com/,Comment le massage de récupération peut booster votre performance sportive ? - Blog santé,massage récupération peut,https://www.celyatis.com/blog/bien-etre/massage-recuperation-sport.html,2026-08-28
www.celyatis.com/,Massage Thérapeutique: Comment se faire rembourser par la Sécurité Sociale? - Blog santé,rembourser sécurité sociale,https://www.celyatis.com/blog/bien-etre/massage-rembourse-par-la-securite-sociale.html,2026-08-28
www.celyatis.com/,Les bienfaits du massage sportif à Paris pour optimiser votre performance - Blog santé,massage sportif paris,https://www.celyatis.com/blog/bien-etre/massage-sportif-paris.html,2026-08-28
www.celyatis.com/,Mélanger Xanax et Stilnox : quels sont les risques pour votre santé ? - Blog santé,mélanger xanax stilnox,https://www.celyatis.com/blog/bien-etre/melange-xanax-et-stilnox.html,2026-08-28
www.celyatis.com/,Micro sommeil : quels sont les dangers pour votre santé ? - Blog santé,micro sommeil,https://www.celyatis.com/blog/bien-etre/micro-sommeil.html,2026-08-28
www.celyatis.com/,Miel de manuka pur : les véritables bienfaits pour la santé validés par la science - Blog santé,miel manuka pur,https://www.celyatis.com/blog/bien-etre/miel-de-manuka-pur-les-veritables-bienfaits-pour-la-sante-valides-par-la-science.html,2026-08-28
www.celyatis.com/,Est-ce que la routine miracle morning peut vraiment changer votre vie ? - Blog santé,que routine miracle,https://www.celyatis.com/blog/bien-etre/miracle-morning-routine.html,2026-08-28
www.celyatis.com/,Mon avis sur le régime keto après 8 mois d'expérience - Blog santé,keto après mois,https://www.celyatis.com/blog/bien-etre/mon-avis-sur-le-regime-keto-apres-8-mois-dexperience.html,2026-08-28
www.celyatis.com/,Les possibles causes si votre chien perd l'équilibre et tombe - Blog santé,chien perd équilibre,https://www.celyatis.com/blog/bien-etre/mon-chien-perd-lequilibre-et-tombe.html,2026-08-28
www.celyatis.com/,Pourquoi mon fils de 7 ans pleure-t-il pour un rien ? Stratégies pour comprendre et apaiser les larmes - Blog santé,il rien stratégies,https://www.celyatis.com/blog/bien-etre/mon-fils-de-7-ans-pleure-pour-un-rien.html,2026-08-28
www.celyatis.com/,Renforcer les muscles de la cheville : pourquoi et comment ? - Blog santé,renforcer muscles cheville,https://www.celyatis.com/blog/bien-etre/muscles-cheville.html,2026-08-28
www.celyatis.com/,Combien coûte une mutuelle pour chien ? - Blog santé,coûte mutuelle chien,https://www.celyatis.com/blog/bien-etre/mutuelle-chien.html,2026-08-28
www.celyatis.com/,Mutuelle santé : Les questions à se poser avant de souscrire - Blog santé,mutuelle santé,https://www.celyatis.com/blog/bien-etre/mutuelle-sante-les-questions-a-se-poser-avant-de-souscrire.html,2026-08-28
www.celyatis.com/,"Mutuelle santé salarié : fonctionnement, obligations et avantages pour les particuliers - Blog santé",mutuelle santé salarié,https://www.celyatis.com/blog/bien-etre/mutuelle-sante-salarie-fonctionnement-obligations-et-avantages-pour-les-particuliers.html,2026-08-28
www.celyatis.com/,Mythomanie en amour : comment reconnaître un partenaire mythomane ? - Blog santé,mythomanie amour,https://www.celyatis.com/blog/bien-etre/mythomane-et-relation-amoureuse.html,2026-08-28
www.celyatis.com/,Natation pour soulager la sciatique : conseils et techniques adaptées - Blog santé,natation soulager sciatique,https://www.celyatis.com/blog/bien-etre/natation-sciatique.html,2026-08-28
www.celyatis.com/,Naturopathie holistique: comment elle peut transformer votre approche de la santé ? - Blog santé,naturopathie holistique elle,https://www.celyatis.com/blog/bien-etre/naturopathie-holistique.html,2026-08-28
www.celyatis.com/,Les nootropiques : véritable boost ou simple effet placebo ? - Blog santé,nootropiques,https://www.celyatis.com/blog/bien-etre/nootropiques.html,2026-08-28
www.celyatis.com/,Ondes de forme et guérison : comment harmoniser son énergie vitale ? - Blog santé,ondes forme guérison,https://www.celyatis.com/blog/bien-etre/onde-de-forme-et-guerison.html,2026-08-28
www.celyatis.com/,Optimiser son entraînement trail : les clés pour progresser - Blog santé,optimiser son entraînement,https://www.celyatis.com/blog/bien-etre/optimiser-son-entrainement-trail-les-cles-pour-progresser.html,2026-08-28
www.celyatis.com/,Orange : les bienfaits d'un régime à base de cet agrume - Blog santé,orange,https://www.celyatis.com/blog/bien-etre/orange-les-bienfaits-dun-regime-a-base-de-cet-agrume.html,2026-08-28
www.celyatis.com/,Quel oreiller est conseillé par les ostéopathes pour un sommeil réparateur ? - Blog santé,ostéopathes sommeil réparateur,https://www.celyatis.com/blog/bien-etre/oreiller-conseille-par-osteopathe.html,2026-08-28
www.celyatis.com/,Orgelet à répétition : témoignages et significations possibles - Blog santé,orgelet répétition,https://www.celyatis.com/blog/bien-etre/orgelet-a-repetition-temoignages-et-significations-possibles.html,2026-08-28
www.celyatis.com/,Orgelet en médecine chinoise : quelles sont ses causes et son interprétation ? - Blog santé,orgelet médecine chinoise,https://www.celyatis.com/blog/bien-etre/orgelet-en-medecine-chinoise-quelles-sont-ses-causes-et-son-interpretation.html,2026-08-28
www.celyatis.com/,orgelet : quelle cause émotionnelle possible ? - Blog santé,orgelet,https://www.celyatis.com/blog/bien-etre/orgelet-quelle-cause-emotionnelle-possible.html,2026-08-28
www.celyatis.com/,Découvrir les bienfaits de l'ostéo-massage : une fusion entre l'ostéopathie et le massage - Blog santé,bienfaits ostéo massage,https://www.celyatis.com/blog/bien-etre/osteo-massage.html,2026-08-28
www.celyatis.com/,Ostéopathie Holistique : Un Voyage Vers l'Harmonie du Corps et de l'Esprit - Blog santé,ostéopathie holistique,https://www.celyatis.com/blog/bien-etre/osteopathie-holistique.html,2026-08-28
www.celyatis.com/,Comprendre l'ostéopathie pelvienne : qu'est-ce que c'est ? - Blog santé,comprendre ostéopathie pelvienne,https://www.celyatis.com/blog/bien-etre/osteopathie-pelvienne-cest-quoi.html,2026-08-28
www.celyatis.com/,Où se faire épiler à Caen ? - Blog santé,faire épiler caen,https://www.celyatis.com/blog/bien-etre/ou-se-faire-epiler-a-caen.html,2026-08-28
www.celyatis.com/,Les bonnes adresses pour trouver des cristaux de CBD à petit prix,trouver cristaux cbd,https://www.celyatis.com/blog/bien-etre/ou-trouver-des-cristaux-de-cbd-pas-cher.html,2026-08-28
www.celyatis.com/,Parapharmacie Leclerc Graulhet : Découvrez les avantages pour vos achats de beauté et santé,parapharmacie leclerc graulhet,https://www.celyatis.com/blog/bien-etre/parapharmacie-leclerc-graulhet-quels-avantages-pour-vos-achats-de-produits-de-beaute-et-de-sante.html,2026-08-28
www.celyatis.com/,Parapharmacie Rogier : votre guide complet pour une santé optimale - Blog santé,parapharmacie rogier,https://www.celyatis.com/blog/bien-etre/parapharmacie-rogier-votre-guide-complet-pour-une-sante-optimale.html,2026-08-28
www.celyatis.com/,Parkinson : que se passe-t-il pendant les 4 phases de la maladie ? - Blog santé,parkinson,https://www.celyatis.com/blog/bien-etre/parkinson-que-se-passe-t-il-pendant-les-4-phases-de-la-maladie.html,2026-08-28
www.celyatis.com/,Comment le livre La magie des pensées positives peut transformer votre quotidien ? - Blog santé,transformer votre quotidien,https://www.celyatis.com/blog/bien-etre/pensees-positives-livre.html,2026-08-28
www.celyatis.com/,Comment perdre 5 kg en une semaine seulement ? - Blog santé,kg semaine seulement,https://www.celyatis.com/blog/bien-etre/perdre-5-kg-en-une-semaine.html,2026-08-28
www.celyatis.com/,Perdre des cuisses rapidement : stratégies efficaces et exercices ciblés - Blog santé,perdre cuisses rapidement,https://www.celyatis.com/blog/bien-etre/perdre-des-cuisses-rapidement-strategies-efficaces-et-exercices-cibles.html,2026-08-28
www.celyatis.com/,Comment perdre du poids peut soulager la douleur des genoux ? - Blog santé,soulager douleur genoux,https://www.celyatis.com/blog/bien-etre/perdre-du-poids-pour-soulager-les-genoux.html,2026-08-28
www.celyatis.com/,Améliorer les performances sportives : quels sont les meilleurs compléments alimentaires ? - Blog santé,améliorer performances sportives,https://www.celyatis.com/blog/bien-etre/performances-sportives.html,2026-08-28
www.celyatis.com/,Comment retrouver la motivation après une perte d'intérêt pour le sport ? - Blog santé,perte intérêt sport,https://www.celyatis.com/blog/bien-etre/perte-de-motivation-sport.html,2026-08-28
www.celyatis.com/,Comment calculer et comprendre la perte de poids chez le nouveau-né ? - Blog santé,poids chez nouveau,https://www.celyatis.com/blog/bien-etre/perte-de-poids-nouveau-ne-calcul.html,2026-08-28
www.celyatis.com/,Perte de poils du chat : remèdes naturels pour un pelage en santé - Blog santé,perte poils chat,https://www.celyatis.com/blog/bien-etre/perte-poil-chat-remede-naturel.html,2026-08-28
www.celyatis.com/,Petite beauté de Marans : caractéristiques et soins - Blog santé,petite beauté marans,https://www.celyatis.com/blog/bien-etre/petite-beaute-de-marans-caracteristiques-et-soins.html,2026-08-28
www.celyatis.com/,Comment surmonter la peur de finir seule ? - Blog santé,surmonter peur finir,https://www.celyatis.com/blog/bien-etre/peur-de-finir-seule.html,2026-08-28
www.celyatis.com/,Peut-on conduire avec un claquage au mollet en toute sécurité ? - Blog santé,mollet toute sécurité,https://www.celyatis.com/blog/bien-etre/peut-on-conduire-avec-un-claquage-au-mollet-en-toute-securite.html,2026-08-28
www.celyatis.com/,Peut-on conduire avec une entorse du genou ? - Blog santé,conduire entorse genou,https://www.celyatis.com/blog/bien-etre/peut-on-conduire-avec-une-entorse-du-genou.html,2026-08-28
www.celyatis.com/,Peut-on courir avec une arthrodèse de la cheville ? - Blog santé,courir arthrodèse cheville,https://www.celyatis.com/blog/bien-etre/peut-on-courir-avec-une-arthrodese-de-la-cheville.html,2026-08-28
www.celyatis.com/,Peut-on s'étouffer en dormant ? Causes et préventions - Blog santé,étouffer dormant causes,https://www.celyatis.com/blog/bien-etre/peut-on-setouffer-en-dormant.html,2026-08-28
www.celyatis.com/,Les phéromones chez le chat: comment affectent-elles le comportement de votre animal ? - Blog santé,phéromones chez chat,https://www.celyatis.com/blog/bien-etre/pheromones-chat.html,2026-08-28
www.celyatis.com/,Pied qui brûle : quelle signification spirituelle ? - Blog santé,pied qui brûle,https://www.celyatis.com/blog/bien-etre/pied-qui-brule-quelle-signification-spirituelle.html,2026-08-28
www.celyatis.com/,Les pierres pour cheveux : bienfaits et utilisations des cristaux dans les soins capillaires naturels - Blog santé,pierres cheveux,https://www.celyatis.com/blog/bien-etre/pierres-cheveux-bienfaits-utilisations-cristaux-soins-capillaires-naturels.html,2026-08-28
www.celyatis.com/,Pierres pour les maux de tête et le soulagement de la douleur - Blog santé,pierres maux tête,https://www.celyatis.com/blog/bien-etre/pierres-pour-les-maux-de-tete-et-le-soulagement-de-la-douleur.html,2026-08-28
www.celyatis.com/,Comment réduire les poches et cernes sous les yeux efficacement ? - Blog santé,poches cernes sous,https://www.celyatis.com/blog/bien-etre/poche-et-cerne-sous-les-yeux.html,2026-08-28
www.celyatis.com/,Position proclive chez le bébé: est-ce bénéfique pour sa santé? - Blog santé,bébé est bénéfique,https://www.celyatis.com/blog/bien-etre/position-proclive-bebe.html,2026-08-28
www.celyatis.com/,Comment retrouver une alimentation équilibrée après les excès des vacances ? - Blog santé,équilibrée après excès,https://www.celyatis.com/blog/bien-etre/post-vacances.html,2026-08-28
www.celyatis.com/,Trouver l'équilibre intérieur avec la posture de yoga - Blog santé,intérieur posture yoga,https://www.celyatis.com/blog/bien-etre/posture-yoga-equilibre.html,2026-08-28
www.celyatis.com/,pouce et symbolique : signification et impact émotionnel - Blog santé,pouce symbolique,https://www.celyatis.com/blog/bien-etre/pouce-et-symbolique-signification-et-impact-emotionnel.html,2026-08-28
www.celyatis.com/,Pour quel traitement opter en cas de douleurs dorsales ? - Blog santé,douleurs dorsales,https://www.celyatis.com/blog/bien-etre/pour-quel-traitement-opter-en-cas-de-douleurs-dorsales.html,2026-08-28
www.celyatis.com/,Pourquoi adopter une culotte menstruelle permet de réduire le stress au quotidien ? - Blog santé,culotte menstruelle permet,https://www.celyatis.com/blog/bien-etre/pourquoi-adopter-une-culotte-menstruelle-permet-de-reduire-le-stress-au-quotidien.html,2026-08-28
www.celyatis.com/,Pourquoi avoir des animaux de compagnie ? - Blog santé,avoir animaux compagnie,https://www.celyatis.com/blog/bien-etre/pourquoi-avoir-des-animaux-de-compagnie.html,2026-08-28
www.celyatis.com/,Pourquoi avons-nous besoin d’être rassurés sur l’avenir ?,être rassurés avenir,https://www.celyatis.com/blog/bien-etre/pourquoi-avons-nous-besoin-detre-rassures-sur-lavenir.html,2026-08-28
www.celyatis.com/,Pourquoi bien s'habiller permet de se sentir bien dans son corps ? - Blog santé,pourquoi habiller permet,https://www.celyatis.com/blog/bien-etre/pourquoi-bien-shabiller-permet-de-se-sentir-bien-dans-son-corps.html,2026-08-28
www.celyatis.com/,Pourquoi ça me gratte dans le cou ? - Blog santé,me gratte cou,https://www.celyatis.com/blog/bien-etre/pourquoi-ca-me-gratte-dans-le-cou.html,2026-08-28
www.celyatis.com/,Pourquoi changer de décoration fait du bien ? - Blog santé,pourquoi changer décoration,https://www.celyatis.com/blog/bien-etre/pourquoi-changer-de-decoration-fait-du-bien.html,2026-08-28
www.celyatis.com/,Pourquoi choisir des compléments alimentaires naturels fabriqués en France ? - Blog santé,pourquoi choisir compléments,https://www.celyatis.com/blog/bien-etre/pourquoi-choisir-des-complements-alimentaires-naturels-fabriques-en-france.html,2026-08-28
www.celyatis.com/,Découvrez l'Institut de Beauté Pont Audemer : Votre destination bien-être incontournable !,institut beauté pont,https://www.celyatis.com/blog/bien-etre/pourquoi-choisir-linstitut-de-beaute-pont-audemer-pour-votre-prochaine-seance-de-bien-etre.html,2026-08-28
www.celyatis.com/,raisons convaincantes d'utiliser l'application Kamasutra sur iPhone,application kamasutra iphone,https://www.celyatis.com/blog/bien-etre/pourquoi-devriez-vous-utiliser-lapplication-kamasutra-sur-iphone.html,2026-08-28
www.celyatis.com/,Pourquoi je n'arrive pas à avoir confiance en moi ? - Blog santé,avoir confiance moi,https://www.celyatis.com/blog/bien-etre/pourquoi-je-narrive-pas-a-avoir-confiance-en-moi.html,2026-08-28
www.celyatis.com/,Pourquoi la mer nous fait du bien ? - Blog santé,pourquoi mer nous,https://www.celyatis.com/blog/bien-etre/pourquoi-la-mer-nous-fait-du-bien.html,2026-08-28
www.celyatis.com/,L'harmonie du bien-être : les bienfaits de la musique relaxante pour un massage,harmonie être,https://www.celyatis.com/blog/bien-etre/pourquoi-la-musique-relaxante-est-elle-ideale-pour-un-massage.html,2026-08-28
www.celyatis.com/,Pourquoi la prévention des maladies devient un enjeu majeur pour les entreprises ? - Blog santé,enjeu majeur entreprises,https://www.celyatis.com/blog/bien-etre/pourquoi-la-prevention-des-maladies-devient-un-enjeu-majeur-pour-les-entreprises.html,2026-08-28
www.celyatis.com/,Pourquoi l'alcool me rend heureux ? - Blog santé,pourquoi alcool me,https://www.celyatis.com/blog/bien-etre/pourquoi-lalcool-me-rend-heureux.html,2026-08-28
www.celyatis.com/,Pourquoi le bruit blanc apaise-t-il notre esprit ? - Blog santé,pourquoi bruit blanc,https://www.celyatis.com/blog/bien-etre/pourquoi-le-bruit-blanc-apaise-t-il-notre-esprit.html,2026-08-28
www.celyatis.com/,Pourquoi le shopping peut-il améliorer l'humeur ? - Blog santé,pourquoi shopping peut,https://www.celyatis.com/blog/bien-etre/pourquoi-le-shopping-peut-il-ameliorer-lhumeur.html,2026-08-28
www.celyatis.com/,Pourquoi les animaux nous font du bien ? - Blog santé,pourquoi animaux nous,https://www.celyatis.com/blog/bien-etre/pourquoi-les-animaux-nous-font-du-bien.html,2026-08-28
www.celyatis.com/,Pourquoi les bijoux aident à se sentir bien ? - Blog santé,pourquoi bijoux aident,https://www.celyatis.com/blog/bien-etre/pourquoi-les-bijoux-aident-a-se-sentir-bien.html,2026-08-28
www.celyatis.com/,Pourquoi les enfants sont un source de bonheur ? - Blog santé,pourquoi enfants sont,https://www.celyatis.com/blog/bien-etre/pourquoi-les-enfants-sont-un-source-de-bonheur.html,2026-08-28
www.celyatis.com/,Pourquoi les femmes privilégient des maillots élégants et confortables ?,femmes privilégient maillots,https://www.celyatis.com/blog/bien-etre/pourquoi-les-femmes-privilegient-desormais-des-maillots-de-bain-elegants-confortables-et-adaptes-a-leur-quotidien.html,2026-08-28
www.celyatis.com/,Bien-être dans le couple : pourquoi les jouets pour adulte trouvent leur place dans l’intimité - Blog santé,être couple,https://www.celyatis.com/blog/bien-etre/pourquoi-les-jouets-pour-adulte-trouvent-leur-place-dans-lintimite.html,2026-08-28
www.celyatis.com/,Pourquoi opter pour des culottes menstruelles ? - Blog santé,opter culottes menstruelles,https://www.celyatis.com/blog/bien-etre/pourquoi-opter-pour-des-culottes-menstruelles.html,2026-08-28
www.celyatis.com/,raisons de choisir un massage à La Ciotat,choisir massage ciotat,https://www.celyatis.com/blog/bien-etre/pourquoi-opter-pour-un-massage-a-la-ciotat.html,2026-08-28
www.celyatis.com/,Pourquoi se mettre à la couture ? - Blog santé,se mettre couture,https://www.celyatis.com/blog/bien-etre/pourquoi-se-mettre-a-la-couture.html,2026-08-28
www.celyatis.com/,Les bienfaits du coussin de kinésithérapie : un allié pour votre bien-être,bienfaits coussin kinésithérapie,https://www.celyatis.com/blog/bien-etre/pourquoi-utiliser-un-coussin-de-kinesitherapie.html,2026-08-28
www.celyatis.com/,Prendre soin de sa chevelure : ce qu'il faut savoir - Blog santé,soin sa chevelure,https://www.celyatis.com/blog/bien-etre/prendre-soin-de-sa-chevelure-ce-quil-faut-savoir.html,2026-08-28
www.celyatis.com/,Transformation avant-après de la pressothérapie : découvrez les incroyables résultats - Blog santé,après pressothérapie,https://www.celyatis.com/blog/bien-etre/pressotherapie-avant-apres.html,2026-08-28
www.celyatis.com/,Produits dérivés au chanvre : comment s'y retrouver avec le THCP ? - Blog santé,produits dérivés chanvre,https://www.celyatis.com/blog/bien-etre/produits-derives-au-chanvre-comment-sy-retrouver-avec-le-thcp.html,2026-08-28
www.celyatis.com/,Professions libérales : prendre soin de son équilibre passe aussi par une bonne organisation - Blog santé,professions libérales,https://www.celyatis.com/blog/bien-etre/professions-liberales-prendre-soin-de-son-equilibre-passe-aussi-par-une-bonne-organisation.html,2026-08-28
www.celyatis.com/,Profitez pleinement des bienfaits du CBD - Blog santé,pleinement bienfaits cbd,https://www.celyatis.com/blog/bien-etre/profitez-pleinement-des-bienfaits-du-cbd.html,2026-08-28
www.celyatis.com/,Comment élaborer un programme de reprise sportive en salle adapté à vos objectifs ? - Blog santé,sportive salle adapté,https://www.celyatis.com/blog/bien-etre/programme-reprise-sport-en-salle.html,2026-08-28
www.celyatis.com/,Psychologie du Sport : Découvrir l'Impact Mental sur la Performance Athlétique - Blog santé,psychologie sport,https://www.celyatis.com/blog/bien-etre/psychologie-sport.html,2026-08-28
www.celyatis.com/,Trouver un psychologue à Lanvollon : comment choisir le bon professionnel pour votre santé mentale ? - Blog santé,trouver psychologue lanvollon,https://www.celyatis.com/blog/bien-etre/psychologue-lanvollon.html,2026-08-28
www.celyatis.com/,Quand le corps dit stop : comment reconnaître les signaux d'alarme ? - Blog santé,corps dit stop,https://www.celyatis.com/blog/bien-etre/quand-le-corps-dit-stop.html,2026-08-28
www.celyatis.com/,Découvrez l'offre exclusive de la parapharmacie Leclerc pour les produits Nuxe,parapharmacie leclerc produits,https://www.celyatis.com/blog/bien-etre/que-propose-la-parapharmacie-leclerc-en-matiere-de-produits-nuxe.html,2026-08-28
www.celyatis.com/,Que révèle la douleur au pouce gauche sur notre bien-être ? - Blog santé,que révèle douleur,https://www.celyatis.com/blog/bien-etre/que-revele-la-douleur-au-pouce-gauche-sur-notre-bien-etre.html,2026-08-28
www.celyatis.com/,que révèlent les maux du corps sur votre état intérieur ? - Blog santé,maux corps votre,https://www.celyatis.com/blog/bien-etre/que-revelent-les-maux-du-corps-sur-votre-etat-interieur.html,2026-08-28
www.celyatis.com/,Que se passe-t-il lorsque vous ne traitez pas la balanite ? - Blog santé,traitez pas balanite,https://www.celyatis.com/blog/bien-etre/que-se-passe-t-il-lorsque-vous-ne-traitez-pas-la-balanite.html,2026-08-28
www.celyatis.com/,Découvrez les trésors d'une parapharmacie ouverte le dimanche,parapharmacie ouverte dimanche,https://www.celyatis.com/blog/bien-etre/que-trouverez-vous-dans-une-parapharmacie-le-dimanche.html,2026-08-28
www.celyatis.com/,Quel est l'animal de la protection ? - Blog santé,est animal protection,https://www.celyatis.com/blog/bien-etre/quel-est-lanimal-de-la-protection.html,2026-08-28
www.celyatis.com/,Le bon dosage de CBD pour les chats : tout ce que vous devez savoir,dosage cbd chats,https://www.celyatis.com/blog/bien-etre/quel-est-le-bon-dosage-de-cbd-pour-les-chats.html,2026-08-28
www.celyatis.com/,Quel est le lien entre la parodontite sévère et le cancer ? - Blog santé,lien entre parodontite,https://www.celyatis.com/blog/bien-etre/quel-est-le-lien-entre-la-parodontite-severe-et-le-cancer.html,2026-08-28
www.celyatis.com/,Quel est le meilleur antistress du monde ? - Blog santé,meilleur antistress monde,https://www.celyatis.com/blog/bien-etre/quel-est-le-meilleur-antistress-du-monde.html,2026-08-28
www.celyatis.com/,Le guide ultime du meilleur programme de repas pour le jeûne intermittent,meilleur programme repas,https://www.celyatis.com/blog/bien-etre/quel-est-le-meilleur-programme-de-repas-pour-le-jeune-intermittent.html,2026-08-28
www.celyatis.com/,Planifiez vos repas avec le menu idéal pour une semaine de régime DASH !,menu idéal semaine,https://www.celyatis.com/blog/bien-etre/quel-est-le-menu-ideal-pour-une-semaine-de-regime-dash.html,2026-08-28
www.celyatis.com/,Quel est l'impact de la banane sur les acouphènes ? - Blog santé,est impact banane,https://www.celyatis.com/blog/bien-etre/quel-est-limpact-de-la-banane-sur-les-acouphenes.html,2026-08-28
www.celyatis.com/,Quel foulard après chimiothérapie ? - Blog santé,foulard après chimiothérapie,https://www.celyatis.com/blog/bien-etre/quel-foulard-apres-chimiotherapie.html,2026-08-28
www.celyatis.com/,Quel livre pour se remonter le moral ? - Blog santé,livre se remonter,https://www.celyatis.com/blog/bien-etre/quel-livre-pour-se-remonter-le-moral.html,2026-08-28
www.celyatis.com/,Quel matelas choisir pour une fille de moins de 50 kg ? - Blog santé,choisir fille moins,https://www.celyatis.com/blog/bien-etre/quel-matelas-choisir-pour-une-fille-de-moins-de-50-kg.html,2026-08-28
www.celyatis.com/,Quel matelas choisir pour une personne de 120 kg ? - Blog santé,personne 120 kg,https://www.celyatis.com/blog/bien-etre/quel-matelas-choisir-pour-une-personne-de-120-kg.html,2026-08-28
www.celyatis.com/,Quel monte-escalier choisir selon la configuration de son escalier ? - Blog santé,quel monte escalier,https://www.celyatis.com/blog/bien-etre/quel-monte-escalier-choisir-selon-la-configuration-de-son-escalier.html,2026-08-28
www.celyatis.com/,Quel organe est associé au pouce ? - Blog santé,organe est associé,https://www.celyatis.com/blog/bien-etre/quel-organe-est-associe-au-pouce.html,2026-08-28
www.celyatis.com/,Quelle est la composition d'une cigarette Marlboro ? - Blog santé,composition cigarette marlboro,https://www.celyatis.com/blog/bien-etre/quelle-est-la-composition-dune-cigarette-marlboro.html,2026-08-28
www.celyatis.com/,Quelle est la durée de vie d'une personne atteinte de la maladie de Parkinson ? - Blog santé,atteinte maladie parkinson,https://www.celyatis.com/blog/bien-etre/quelle-est-la-duree-de-vie-dune-personne-atteinte-de-la-maladie-de-parkinson.html,2026-08-28
www.celyatis.com/,Quelle est la méthode la plus efficace pour perdre du poids ? - Blog santé,quelle est méthode,https://www.celyatis.com/blog/bien-etre/quelle-est-la-methode-la-plus-efficace-pour-perdre-du-poids.html,2026-08-28
www.celyatis.com/,Quelle est l'évolution d'un cancer du foie sans traitement ? - Blog santé,foie sans traitement,https://www.celyatis.com/blog/bien-etre/quelle-est-levolution-dun-cancer-du-foie-sans-traitement.html,2026-08-28
www.celyatis.com/,Quelle est l'évolution typique de la tendinopathie calcifiante symptomatique ? - Blog santé,tendinopathie calcifiante symptomatique,https://www.celyatis.com/blog/bien-etre/quelle-est-levolution-typique-de-la-tendinopathie-calcifiante-symptomatique.html,2026-08-28
www.celyatis.com/,Tout savoir sur l'importance des hormones du sommeil pour une nuit réparatrice,hormones sommeil nuit,https://www.celyatis.com/blog/bien-etre/quelle-est-limportance-des-hormones-du-sommeil-pour-une-nuit-reparatrice.html,2026-08-28
www.celyatis.com/,Quelle est l'influence du café sur la spondylarthrite ? - Blog santé,influence café spondylarthrite,https://www.celyatis.com/blog/bien-etre/quelle-est-linfluence-du-cafe-sur-la-spondylarthrite.html,2026-08-28
www.celyatis.com/,Quelle est l'interprétation du genou gauche en médecine chinoise ? - Blog santé,gauche médecine chinoise,https://www.celyatis.com/blog/bien-etre/quelle-est-linterpretation-du-genou-gauche-en-medecine-chinoise.html,2026-08-28
www.celyatis.com/,Découvrez l'offre de parapharmacie Leclerc au Relecq Kerhuon : une sélection complète pour prendre soin de soi,offre parapharmacie leclerc,https://www.celyatis.com/blog/bien-etre/quelle-est-loffre-de-parapharmacie-proposee-par-leclerc-au-relecq-kerhuon.html,2026-08-28
www.celyatis.com/,Quelle maladie peut être à l'origine des lèvres sèches ? - Blog santé,maladie peut être,https://www.celyatis.com/blog/bien-etre/quelle-maladie-peut-etre-a-lorigine-des-levres-seches.html,2026-08-28
www.celyatis.com/,Quelles chaussures porter quand on a mal aux pieds ? - Blog santé,quelles chaussures porter,https://www.celyatis.com/blog/bien-etre/quelles-chaussures-porter-quand-on-a-mal-aux-pieds.html,2026-08-28
www.celyatis.com/,Quelles solutions mettre en place pour améliorer la Qualité de Vie au Travail (QVT)? - Blog santé,vie travail qvt,https://www.celyatis.com/blog/bien-etre/quelles-solutions-mettre-en-place-pour-ameliorer-la-qualite-de-vie-au-travail-qvt.html,2026-08-28
www.celyatis.com/,Quelles sont les causes possibles d'un mal de tête à l'œil gauche ? - Blog santé,tête œil gauche,https://www.celyatis.com/blog/bien-etre/quelles-sont-les-causes-possibles-dun-mal-de-tete-a-loeil-gauche.html,2026-08-28
www.celyatis.com/,Quelles sont les chances de mourir d'un carcinome épidermoïde ? - Blog santé,mourir carcinome épidermoïde,https://www.celyatis.com/blog/bien-etre/quelles-sont-les-chances-de-mourir-dun-carcinome-epidermoide.html,2026-08-28
www.celyatis.com/,Découvrez les offres exclusives de la parapharmacie Leclerc pour la minerve,parapharmacie leclerc minerve,https://www.celyatis.com/blog/bien-etre/quelles-sont-les-offres-de-la-parapharmacie-leclerc-pour-la-minerve.html,2026-08-28
www.celyatis.com/,Découvrez les offres promotionnelles actuelles de la parapharmacie Monoprix,actuelles parapharmacie monoprix,https://www.celyatis.com/blog/bien-etre/quelles-sont-les-promotions-en-cours-sur-la-parapharmacie-monoprix.html,2026-08-28
www.celyatis.com/,Les secrets de beauté de la nature révélés,beauté nature révélés,https://www.celyatis.com/blog/bien-etre/quelles-sont-les-secrets-de-la-nature-pour-reveler-notre-beaute.html,2026-08-28
www.celyatis.com/,Quelles sont les vertus du chien ? - Blog santé,sont vertus chien,https://www.celyatis.com/blog/bien-etre/quelles-sont-les-vertus-du-chien.html,2026-08-28
www.celyatis.com/,Quels aliments faut-il éviter pour prévenir ou limiter la parodontite ? - Blog santé,prévenir limiter parodontite,https://www.celyatis.com/blog/bien-etre/quels-aliments-faut-il-eviter-pour-prevenir-ou-limiter-la-parodontite.html,2026-08-28
www.celyatis.com/,Quels aliments privilégier ou éviter quand on souffre de spondylarthrite ? - Blog santé,privilégier éviter quand,https://www.celyatis.com/blog/bien-etre/quels-aliments-privilegier-ou-eviter-quand-on-souffre-de-spondylarthrite.html,2026-08-28
www.celyatis.com/,Les meilleurs aliments riches en vitamine A à inclure dans votre alimentation,aliments riches vitamine,https://www.celyatis.com/blog/bien-etre/quels-aliments-riches-en-vitamine-a-devriez-vous-incorporer-dans-votre-alimentation.html,2026-08-28
www.celyatis.com/,aliments indispensables à inclure dans la liste du gluten,inclure liste gluten,https://www.celyatis.com/blog/bien-etre/quels-aliments-sont-a-inclure-dans-la-liste-du-gluten.html,2026-08-28
www.celyatis.com/,Les aliments à proscrire pour la santé du bouledogue français,santé bouledogue français,https://www.celyatis.com/blog/bien-etre/quels-aliments-sont-interdits-pour-un-bouledogue-francais.html,2026-08-28
www.celyatis.com/,Top 10 des aliments riches en protéines à intégrer dans votre alimentation !,protéines intégrer votre,https://www.celyatis.com/blog/bien-etre/quels-aliments-sont-les-meilleures-sources-de-proteines.html,2026-08-28
www.celyatis.com/,aliments pour faire le plein de vitamine D,faire plein vitamine,https://www.celyatis.com/blog/bien-etre/quels-aliments-sont-riches-en-vitamine-d.html,2026-08-28
www.celyatis.com/,"Quels liens entre le foie et la mauvaise haleine, et comment y remédier ? - Blog santé",foie mauvaise haleine,https://www.celyatis.com/blog/bien-etre/quels-liens-entre-le-foie-et-la-mauvaise-haleine-et-comment-y-remedier.html,2026-08-28
www.celyatis.com/,Découvrez les soins incontournables d'un institut de beauté à Saint-Denis,institut beauté saint,https://www.celyatis.com/blog/bien-etre/quels-soins-trouver-dans-un-institut-de-beaute-a-saint-denis.html,2026-08-28
www.celyatis.com/,Les aliments hypotoxiques à privilégier pour une meilleure santé,hypotoxiques privilégier meilleure,https://www.celyatis.com/blog/bien-etre/quels-sont-les-aliments-hypotoxiques-a-privilegier.html,2026-08-28
www.celyatis.com/,Quels sont les avantages d'opter pour un sommier pour matelas ? - Blog santé,opter sommier matelas,https://www.celyatis.com/blog/bien-etre/quels-sont-les-avantages-dopter-pour-un-sommier-pour-matelas.html,2026-08-28
www.celyatis.com/,Découvrez les avis sur le SVR CBD : ce que vous devez savoir,découvrez avis svr,https://www.celyatis.com/blog/bien-etre/quels-sont-les-avis-sur-le-svr-cbd.html,2026-08-28
www.celyatis.com/,Quels sont les bienfaits de la rose ? - Blog santé,sont bienfaits rose,https://www.celyatis.com/blog/bien-etre/quels-sont-les-bienfaits-de-la-rose.html,2026-08-28
www.celyatis.com/,Les bienfaits des aliments riches en j pour votre santé,riches votre santé,https://www.celyatis.com/blog/bien-etre/quels-sont-les-bienfaits-des-aliments-en-j-pour-votre-sante.html,2026-08-28
www.celyatis.com/,Quels sont les bienfaits des bambous ? - Blog santé,sont bienfaits bambous,https://www.celyatis.com/blog/bien-etre/quels-sont-les-bienfaits-des-bambous-2.html,2026-08-28
www.celyatis.com/,Quels sont les bienfaits des bambous ? - Blog santé,sont bienfaits bambous,https://www.celyatis.com/blog/bien-etre/quels-sont-les-bienfaits-des-bambous.html,2026-08-28
www.celyatis.com/,Quels sont les bienfaits des coquillages ? - Blog santé,sont bienfaits coquillages,https://www.celyatis.com/blog/bien-etre/quels-sont-les-bienfaits-des-coquillages.html,2026-08-28
www.celyatis.com/,Quels sont les bienfaits du maquillage ? - Blog santé,sont bienfaits maquillage,https://www.celyatis.com/blog/bien-etre/quels-sont-les-bienfaits-du-maquillage.html,2026-08-28
www.celyatis.com/,Les multiples vertus thérapeutiques du massage chinois,thérapeutiques massage chinois,https://www.celyatis.com/blog/bien-etre/quels-sont-les-bienfaits-du-massage-chinois.html,2026-08-28
www.celyatis.com/,Quels sont les bienfaits du shopping ? - Blog santé,sont bienfaits shopping,https://www.celyatis.com/blog/bien-etre/quels-sont-les-bienfaits-du-shopping.html,2026-08-28
www.celyatis.com/,Quels sont les bienfaits du thé vert ? - Blog santé,bienfaits thé vert,https://www.celyatis.com/blog/bien-etre/quels-sont-les-bienfaits-du-the-vert.html,2026-08-28
www.celyatis.com/,Quels sont les Bienfaits du Tongue Drum ? - Blog santé,bienfaits tongue drum,https://www.celyatis.com/blog/bien-etre/quels-sont-les-bienfaits-du-tongue-drum.html,2026-08-28
www.celyatis.com/,Quels sont les bienfaits du trekking surle bien-être et la santé ? - Blog santé,bienfaits trekking surle,https://www.celyatis.com/blog/bien-etre/quels-sont-les-bienfaits-du-trekking-surle-bien-etre-et-la-sante.html,2026-08-28
www.celyatis.com/,Quels sont les exercices recommandés pour soulager la spondylarthrite ? - Blog santé,recommandés soulager spondylarthrite,https://www.celyatis.com/blog/bien-etre/quels-sont-les-exercices-recommandes-pour-soulager-la-spondylarthrite.html,2026-08-28
www.celyatis.com/,L'apnée du sommeil : quel impact sur la vision ?,apnée sommeil,https://www.celyatis.com/blog/bien-etre/quels-sont-les-impacts-de-lapnee-du-sommeil-sur-la-vision.html,2026-08-28
www.celyatis.com/,Quels sont les inconvénients du vin ? - Blog santé,sont inconvénients vin,https://www.celyatis.com/blog/bien-etre/quels-sont-les-inconvenients-du-vin.html,2026-08-28
www.celyatis.com/,Top 10 des aliments riches en protéines à inclure dans votre régime,protéines inclure votre,https://www.celyatis.com/blog/bien-etre/quels-sont-les-meilleurs-aliments-riches-en-proteines.html,2026-08-28
www.celyatis.com/,Les meilleurs cours de psychologie pour la première année : format PDF et qualité garantie !,psychologie première année,https://www.celyatis.com/blog/bien-etre/quels-sont-les-meilleurs-cours-de-psychologie-pour-la-premiere-annee-en-format-pdf.html,2026-08-28
www.celyatis.com/,Découvrez les incontournables instituts de beauté à Douai !,découvrez incontournables instituts,https://www.celyatis.com/blog/bien-etre/quels-sont-les-meilleurs-instituts-de-beaute-a-douai.html,2026-08-28
www.celyatis.com/,Les secrets des remèdes de grand-mère pour perdre du ventre,mère perdre ventre,https://www.celyatis.com/blog/bien-etre/quels-sont-les-meilleurs-remedes-de-grand-mere-pour-perdre-du-ventre.html,2026-08-28
www.celyatis.com/,Quels sont les points positifs de l'alcool ? - Blog santé,points positifs alcool,https://www.celyatis.com/blog/bien-etre/quels-sont-les-points-positifs-de-lalcool.html,2026-08-28
www.celyatis.com/,Quels sont les pouvoirs de la peinture ? - Blog santé,sont pouvoirs peinture,https://www.celyatis.com/blog/bien-etre/quels-sont-les-pouvoirs-de-la-peinture.html,2026-08-28
www.celyatis.com/,Quels sont les produits de beauté qui sont devenus indispensables à la plupart des femmes ces dernières années ? - Blog santé,plupart femmes dernières,https://www.celyatis.com/blog/bien-etre/quels-sont-les-produits-de-beaute-qui-sont-devenus-indispensables-a-la-plupart-des-femmes-ces-dernieres-annees.html,2026-08-28
www.celyatis.com/,Les dangers du régime hyperprotéiné : ce que vous devez savoir,dangers régime hyperprotéiné,https://www.celyatis.com/blog/bien-etre/quels-sont-les-risques-associes-au-regime-hyperproteine.html,2026-08-28
www.celyatis.com/,Quels sont les soins proposés par l'institut de beauté de Pontarlier ? - Blog santé,institut beauté pontarlier,https://www.celyatis.com/blog/bien-etre/quels-sont-les-soins-proposes-par-linstitut-de-beaute-de-pontarlier.html,2026-08-28
www.celyatis.com/,Qu'est-ce que le bien-être financier ? - Blog santé,que être financier,https://www.celyatis.com/blog/bien-etre/quest-ce-que-le-bien-etre-financier.html,2026-08-28
www.celyatis.com/,Qu'est-ce qui cause la fatigue dans la spondylarthrite ? - Blog santé,cause fatigue spondylarthrite,https://www.celyatis.com/blog/bien-etre/quest-ce-qui-cause-la-fatigue-dans-la-spondylarthrite.html,2026-08-28
www.celyatis.com/,Découvrez les particularités de la parapharmacie de Neydens,parapharmacie neydens,https://www.celyatis.com/blog/bien-etre/quest-ce-qui-distingue-la-parapharmacie-de-neydens.html,2026-08-28
www.celyatis.com/,Qu'est-ce qui provoque des aphtes ? - Blog santé,qui provoque aphtes,https://www.celyatis.com/blog/bien-etre/quest-ce-qui-provoque-des-aphtes.html,2026-08-28
www.celyatis.com/,Qu'est-ce qui provoque une hernie cervicale ? - Blog santé,provoque hernie cervicale,https://www.celyatis.com/blog/bien-etre/quest-ce-qui-provoque-une-hernie-cervicale.html,2026-08-28
www.celyatis.com/,Recette de grand-mère pour épaissir ses cheveux : 5 astuces naturelles efficaces à essayer chez soi - Blog santé,épaissir ses cheveux,https://www.celyatis.com/blog/bien-etre/recette-grand-mere-epaissir-ses-cheveux-5-astuces-naturelles-efficaces-essayer-soi.html,2026-08-28
www.celyatis.com/,Recherche sur le programme de fidélité BetWinner : Comment obtenir plus d'avantages et de récompenses ? - Blog santé,recherche programme fidélité,https://www.celyatis.com/blog/bien-etre/recherche-sur-le-programme-de-fidelite-betwinner-comment-obtenir-plus-davantages-et-de-recompenses.html,2026-08-28
www.celyatis.com/,Quels sont les bienfaits de la réflexologie plantaire sur le dessus du pied ? - Blog santé,bienfaits réflexologie plantaire,https://www.celyatis.com/blog/bien-etre/reflexologie-plantaire-dessus-du-pied.html,2026-08-28
www.celyatis.com/,Pourquoi la réflexologie plantaire à Toulouse est-elle devenue si populaire ? - Blog santé,plantaire toulouse est,https://www.celyatis.com/blog/bien-etre/reflexologie-plantaire-toulouse.html,2026-08-28
www.celyatis.com/,Le régime Cohen est-il vraiment dangereux ? - Blog santé,il vraiment dangereux,https://www.celyatis.com/blog/bien-etre/regime-cohen.html,2026-08-28
www.celyatis.com/,Les aliments efficaces pour un régime détox - Blog santé,efficaces régime détox,https://www.celyatis.com/blog/bien-etre/regime-detox.html,2026-08-28
www.celyatis.com/,Les Bienfaits du Régime Méditerranéen - Blog santé,bienfaits régime méditerranéen,https://www.celyatis.com/blog/bien-etre/regime-mediterraneen.html,2026-08-28
www.celyatis.com/,Règles douloureuses : les remèdes naturels pour soulager les crampes - Blog santé,règles douloureuses,https://www.celyatis.com/blog/bien-etre/regles-douloureuses-remede-naturel.html,2026-08-28
www.celyatis.com/,Relaxation sonore et bien-être : découvrez les vertus du handpan - Blog santé,relaxation sonore être,https://www.celyatis.com/blog/bien-etre/relaxation-sonore-et-bien-etre-decouvrez-les-vertus-du-handpan.html,2026-08-28
www.celyatis.com/,Remèdes de grand-mère efficaces pour l’immunité - Blog santé,mère efficaces immunité,https://www.celyatis.com/blog/bien-etre/remedes-de-grand-mere-efficaces-pour-limmunite.html,2026-08-28
www.celyatis.com/,Remèdes de grand-mère pour renforcer l’immunité - Blog santé,mère renforcer immunité,https://www.celyatis.com/blog/bien-etre/remedes-de-grand-mere-pour-renforcer-limmunite.html,2026-08-28
www.celyatis.com/,Remèdes naturels : le guide complet pour se soigner autrement - Blog santé,remèdes naturels,https://www.celyatis.com/blog/bien-etre/remedes-naturels-guide.html,2026-08-28
www.celyatis.com/,Comment renforcer ses genoux pour éviter les blessures ? - Blog santé,renforcer ses genoux,https://www.celyatis.com/blog/bien-etre/renforcer-ses-genoux.html,2026-08-28
www.celyatis.com/,Reprendre la Course à Pied : Conseils et Stratégies pour un Retour en Douceur sur les Pistes - Blog santé,reprendre course pied,https://www.celyatis.com/blog/bien-etre/reprendre-la-course-a-pied-2.html,2026-08-28
www.celyatis.com/,Reprendre la course à pied : Retrouver son rythme et atteindre de nouveaux objectifs - Blog santé,reprendre course pied,https://www.celyatis.com/blog/bien-etre/reprendre-la-course-a-pied.html,2026-08-28
www.celyatis.com/,Reprise de la course à pied après une blessure : comment s'y prendre intelligemment ? - Blog santé,pied après blessure,https://www.celyatis.com/blog/bien-etre/reprise-course-a-pied-apres-blessure.html,2026-08-28
www.celyatis.com/,Reprise de la course à pied après une infiltration PRP : conseils et précautions - Blog santé,course pied après,https://www.celyatis.com/blog/bien-etre/reprise-course-a-pied-apres-prp.html,2026-08-28
www.celyatis.com/,Les meilleurs moyens de rester en bonne santé - Blog santé,rester bonne santé,https://www.celyatis.com/blog/bien-etre/rester-en-bonne-sante.html,2026-08-28
www.celyatis.com/,Retraite et mutuelle : comment éviter l’explosion des cotisations - Blog santé,retraite mutuelle,https://www.celyatis.com/blog/bien-etre/retraite-et-mutuelle-comment-eviter-lexplosion-des-cotisations.html,2026-08-28
www.celyatis.com/,La rhubarbe est-elle efficace contre la constipation ? Découvrez ses bienfaits digestifs - Blog santé,contre constipation découvrez,https://www.celyatis.com/blog/bien-etre/rhubarbe-constipation.html,2026-08-28
www.celyatis.com/,rhume : signification émotionnelle et causes cachées - Blog santé,rhume,https://www.celyatis.com/blog/bien-etre/rhume-signification-emotionnelle-et-causes-cachees.html,2026-08-28
www.celyatis.com/,Rhume à répétition : signification spirituelle et besoin de pause - Blog santé,rhume répétition,https://www.celyatis.com/blog/bien-etre/rhume-signification-spirituelle.html,2026-08-28
www.celyatis.com/,Rituels du soir : comment combiner plantes relaxantes et tisanes naturelles ? - Blog santé,rituels soir,https://www.celyatis.com/blog/bien-etre/rituels-du-soir-comment-combiner-plantes-relaxantes-et-tisanes-naturelles.html,2026-08-28
www.celyatis.com/,Routine « bien-être » du matin : nos conseils pratiques - Blog santé,routine être,https://www.celyatis.com/blog/bien-etre/routine-bien-etre-du-matin-nos-conseils-pratiques.html,2026-08-28
www.celyatis.com/,Routines bien-être pour apaiser le stress naturellement - Blog santé,apaiser stress naturellement,https://www.celyatis.com/blog/bien-etre/routines-bien-etre-pour-apaiser-le-stress-naturellement.html,2026-08-28
www.celyatis.com/,Saison estivale : focus sur les solutions esthétiques pour le corps et la peau - Blog santé,saison estivale,https://www.celyatis.com/blog/bien-etre/saison-estivale-focus-sur-les-solutions-esthetiques-pour-le-corps-et-la-peau.html,2026-08-28
www.celyatis.com/,Salle nature pour accoucher : pourquoi choisir cette alternative pour votre naissance ? - Blog santé,salle nature accoucher,https://www.celyatis.com/blog/bien-etre/salle-nature-accouchement.html,2026-08-28
www.celyatis.com/,"Salomon Speedcross 3 Femme, avis : la chaussure de trail par excellence - Blog santé",salomon speedcross femme,https://www.celyatis.com/blog/bien-etre/salomon-speedcross-3-femme-avis-la-chaussure-de-trail-par-excellence.html,2026-08-28
www.celyatis.com/,Salomon Speedcross 3 Homme : avis sur cette chaussure de trail - Blog santé,salomon speedcross homme,https://www.celyatis.com/blog/bien-etre/salomon-speedcross-3-homme-avis-sur-cette-chaussure-de-trail.html,2026-08-28
www.celyatis.com/,sciatique : quelle signification émotionnelle et spirituelle ? - Blog santé,sciatique,https://www.celyatis.com/blog/bien-etre/sciatique-quelle-signification-emotionnelle-et-spirituelle.html,2026-08-28
www.celyatis.com/,Comment se muscler sans prendre de masse : les secrets révélés ! - Blog santé,sans prendre masse,https://www.celyatis.com/blog/bien-etre/se-muscler-sans-prendre-de-masse.html,2026-08-28
www.celyatis.com/,Pourquoi je me réveille à 3h du matin : signification spirituelle - Blog santé,réveille 3h matin,https://www.celyatis.com/blog/bien-etre/se-reveiller-3h-matin-signification.html,2026-08-28
www.celyatis.com/,Pourquoi je me réveille à 4h du matin : signification spirituelle - Blog santé,réveille 4h matin,https://www.celyatis.com/blog/bien-etre/se-reveiller-4h-matin-signification.html,2026-08-28
www.celyatis.com/,Se réveiller entre 1h et 3h du matin : qu'est-ce que ça signifie spirituellement - Blog santé,réveiller entre 1h,https://www.celyatis.com/blog/bien-etre/se-reveiller-entre-1h-3h-signification.html,2026-08-28
www.celyatis.com/,Se réveiller entre 3h et 4h du matin : quelle signification spirituelle - Blog santé,réveiller entre 3h,https://www.celyatis.com/blog/bien-etre/se-reveiller-entre-3h-4h-signification.html,2026-08-28
www.celyatis.com/,Sensation de brûlure dans les jambes : causes et solutions - Blog santé,sensation brûlure jambes,https://www.celyatis.com/blog/bien-etre/sensation-de-brulure-dans-les-jambes-causes-et-solutions.html,2026-08-28
www.celyatis.com/,Signification émotionnelle des douleurs : décoder ce que votre corps exprime - Blog santé,signification émotionnelle douleurs,https://www.celyatis.com/blog/bien-etre/signification-emotionnelle-douleurs.html,2026-08-28
www.celyatis.com/,Signification spirituelle des symptômes physiques : que dit votre corps - Blog santé,spirituelle symptômes physiques,https://www.celyatis.com/blog/bien-etre/signification-spirituelle-symptomes.html,2026-08-28
www.celyatis.com/,Comment Préparer le Smoothie Parfait - Blog santé,préparer smoothie parfait,https://www.celyatis.com/blog/bien-etre/smoothie.html,2026-08-28
www.celyatis.com/,Soin du visage : 7 étapes pour une peau plus radieuse - Blog santé,soin visage,https://www.celyatis.com/blog/bien-etre/soin-du-visage-en-7-etapes.html,2026-08-28
www.celyatis.com/,Soins capillaires : nos conseils pour des cheveux sublimes - Blog santé,soins capillaires,https://www.celyatis.com/blog/bien-etre/soins-capillaires-nos-conseils-pour-des-cheveux-sublimes.html,2026-08-28
www.celyatis.com/,Comment soulager efficacement les courbatures après le sport ? - Blog santé,courbatures après sport,https://www.celyatis.com/blog/bien-etre/soulager-des-courbatures.html,2026-08-28
www.celyatis.com/,Soulager la douleur à la hanche lors de la course à pied - Blog santé,douleur hanche lors,https://www.celyatis.com/blog/bien-etre/soulager-la-douleur-a-la-hanche-lors-de-la-course-a-pied.html,2026-08-28
www.celyatis.com/,Soulager le Mal de Dos grâce à l'Homéopathie - Blog santé,grâce homéopathie,https://www.celyatis.com/blog/bien-etre/soulager-le-mal-de-dos-via-lhomeophyto.html,2026-08-28
www.celyatis.com/,Comment soulager la piqûre de punaise de lit : astuces et traitements efficaces - Blog santé,piqûre punaise lit,https://www.celyatis.com/blog/bien-etre/soulager-piqure-punaise-de-lit.html,2026-08-28
www.celyatis.com/,Comment soulager une sciatique durant la grossesse ? - Blog santé,sciatique durant grossesse,https://www.celyatis.com/blog/bien-etre/soulager-sciatique-grossesse.html,2026-08-28
www.celyatis.com/,Comment soulager une angine blanche ? - Blog santé,soulager angine blanche,https://www.celyatis.com/blog/bien-etre/soulager-une-angine-blanche.html,2026-08-28
www.celyatis.com/,5 exercices efficaces pour soulager le spondylolisthésis - Blog santé,efficaces soulager spondylolisthésis,https://www.celyatis.com/blog/bien-etre/spondylolisthesis-exercices.html,2026-08-28
www.celyatis.com/,Sportif et alcool : quelle influence sur les performances ? - Blog santé,sportif alcool,https://www.celyatis.com/blog/bien-etre/sportif-et-alcool.html,2026-08-28
www.celyatis.com/,SuperNutrition avis : que valent vraiment ses compléments alimentaires ? - Blog santé,supernutrition avis,https://www.celyatis.com/blog/bien-etre/supernutrition-avis-que-valent-vraiment-ses-complements-alimentaires.html,2026-08-28
www.celyatis.com/,Symptômes de maladie chez le chat : quand consulter le vétérinaire - Blog santé,symptômes maladie chez,https://www.celyatis.com/blog/bien-etre/symptome-maladie-chat.html,2026-08-28
www.celyatis.com/,Comprendre et gérer le syndrome post menstruel: symptômes et solutions - Blog santé,syndrome post menstruel,https://www.celyatis.com/blog/bien-etre/syndrome-post-menstruel.html,2026-08-28
www.celyatis.com/,Comment prévenir et traiter les taches de grossesse dues au soleil ? - Blog santé,grossesse dues soleil,https://www.celyatis.com/blog/bien-etre/tache-de-grossesse-soleil.html,2026-08-28
www.celyatis.com/,Tache de naissance : signification spirituelle selon l'emplacement - Blog santé,tache naissance,https://www.celyatis.com/blog/bien-etre/tache-naissance-signification-spirituelle.html,2026-08-28
www.celyatis.com/,Pourquoi votre tatouage brûle-t-il ? Comprendre les réactions cutanées post-encrage - Blog santé,cutanées post encrage,https://www.celyatis.com/blog/bien-etre/tatouage-qui-brule.html,2026-08-28
www.celyatis.com/,Témoignages : avis sincères sur les meilleurs matelas pour les fortes corpulences - Blog santé,témoignages,https://www.celyatis.com/blog/bien-etre/temoignages-avis-sinceres-sur-les-meilleurs-matelas-pour-les-fortes-corpulences.html,2026-08-28
www.celyatis.com/,Témoignages et avis : que signifie un mal de tête côté gauche en Islam ? - Blog santé,témoignages avis,https://www.celyatis.com/blog/bien-etre/temoignages-et-avis-que-signifie-un-mal-de-tete-cote-gauche-en-islam.html,2026-08-28
www.celyatis.com/,Tendinite du pouce droit : témoignages et signification symbolique - Blog santé,tendinite pouce droit,https://www.celyatis.com/blog/bien-etre/tendinite-du-pouce-droit-temoignages-et-signification-symbolique.html,2026-08-28
www.celyatis.com/,Test et analyse du Garmin Forerunner 920XT : un compagnon de sport incontournable - Blog santé,analyse garmin forerunner,https://www.celyatis.com/blog/bien-etre/test-et-analyse-du-garmin-forerunner-920xt-un-compagnon-de-sport-incontournable.html,2026-08-28
www.celyatis.com/,The Only 8 Exercises You Need To Lose 20 Pounds - Blog santé,lose 20 pounds,https://www.celyatis.com/blog/bien-etre/the-only-8-exercises-you-need-to-lose-20-pounds.html,2026-08-28
www.celyatis.com/,Les bienfaits de la thermothérapie pour votre santé - Blog santé,thermothérapie votre santé,https://www.celyatis.com/blog/bien-etre/thermotherapie.html,2026-08-28
www.celyatis.com/,torticolis : quelle signification spirituelle et émotionnelle ? - Blog santé,torticolis,https://www.celyatis.com/blog/bien-etre/torticolis-quelle-signification-spirituelle-et-emotionnelle.html,2026-08-28
www.celyatis.com/,Tout savoir sur la crampe derrière la cuisse - Blog santé,crampe derrière cuisse,https://www.celyatis.com/blog/bien-etre/tout-savoir-sur-la-crampe-derriere-la-cuisse.html,2026-08-28
www.celyatis.com/,Tout savoir sur la tendinite de la patte d'oie - Blog santé,savoir tendinite patte,https://www.celyatis.com/blog/bien-etre/tout-savoir-sur-la-tendinite-de-la-patte-doie.html,2026-08-28
www.celyatis.com/,Tout savoir sur le traitement des ovules pour mycose : combien de temps pour agir ? - Blog santé,traitement ovules mycose,https://www.celyatis.com/blog/bien-etre/tout-savoir-sur-le-traitement-des-ovules-pour-mycose-combien-de-temps-pour-agir.html,2026-08-28
www.celyatis.com/,Tout savoir sur l'entraînement pour un semi-marathon - Blog santé,entraînement semi marathon,https://www.celyatis.com/blog/bien-etre/tout-savoir-sur-lentrainement-pour-un-semi-marathon.html,2026-08-28
www.celyatis.com/,Tout savoir sur l'épine calcanéenne et ses traitements - Blog santé,calcanéenne ses traitements,https://www.celyatis.com/blog/bien-etre/tout-savoir-sur-lepine-calcaneenne-et-ses-traitements.html,2026-08-28
www.celyatis.com/,Tout savoir sur les tubercules de Montgomery - Blog santé,savoir tubercules montgomery,https://www.celyatis.com/blog/bien-etre/tout-savoir-sur-les-tubercules-de-montgomery.html,2026-08-28
www.celyatis.com/,toux et signification spirituelle : ce que votre corps vous dit - Blog santé,toux signification spirituelle,https://www.celyatis.com/blog/bien-etre/toux-et-signification-spirituelle-ce-que-votre-corps-vous-dit.html,2026-08-28
www.celyatis.com/,Toux persistante : quelle signification spirituelle et émotionnelle - Blog santé,toux persistante,https://www.celyatis.com/blog/bien-etre/toux-signification-spirituelle.html,2026-08-28
www.celyatis.com/,Traitement aphte en pharmacie : quelles options sont disponibles ? - Blog santé,traitement aphte pharmacie,https://www.celyatis.com/blog/bien-etre/traitement-aphte-en-pharmacie-quelles-options-sont-disponibles.html,2026-08-28
www.celyatis.com/,Traitement de l'arthrose de la mâchoire : solutions et conseils - Blog santé,traitement arthrose mâchoire,https://www.celyatis.com/blog/bien-etre/traitement-de-larthrose-de-la-machoire-solutions-et-conseils.html,2026-08-28
www.celyatis.com/,Comment traiter les maux du quotidien sans médicaments ? - Blog santé,quotidien sans médicaments,https://www.celyatis.com/blog/bien-etre/traitement-des-maux-sans-gravite.html,2026-08-28
www.celyatis.com/,"Transformer son abri de jardin en bureau, atelier ou pièce détente - Blog santé",transformer son abri,https://www.celyatis.com/blog/bien-etre/transformer-son-abri-de-jardin-en-bureau-atelier-ou-piece-detente.html,2026-08-28
www.celyatis.com/,Ulcère de la jambe: Comment faire? - Blog santé,ulcère jambe faire,https://www.celyatis.com/blog/bien-etre/ulcere-de-la-jambe.html,2026-08-28
www.celyatis.com/,Comment préparer une boisson naturelle pour nettoyer les poumons des fumeurs ? - Blog santé,nettoyer poumons fumeurs,https://www.celyatis.com/blog/bien-etre/une-boisson-naturelle-pour-nettoyer-les-poumons-des-fumeurs.html,2026-08-28
www.celyatis.com/,Variantes sur les Classiques - Blog santé,variantes classiques,https://www.celyatis.com/blog/bien-etre/variantes-sur-les-classiques.html,2026-08-28
www.celyatis.com/,Vendre du CBD est-ce rentable ? Les clés pour maximiser ses bénéfices - Blog santé,est rentable clés,https://www.celyatis.com/blog/bien-etre/vendre-du-cbd-est-ce-rentable-les-cles-pour-maximiser-ses-benefices.html,2026-08-28
www.celyatis.com/,Exercices pour soulager les vertiges cervicales - Blog santé,vertiges cervicales,https://www.celyatis.com/blog/bien-etre/vertiges-cervicales-exercices.html,2026-08-28
www.celyatis.com/,Comment combattre la fatigue hivernale avec les vitamines adéquates ? - Blog santé,fatigue hivernale vitamines,https://www.celyatis.com/blog/bien-etre/vitamine-hiver-fatigue.html,2026-08-28
www.celyatis.com/,Viva santé : les bienfaits d'une vie saine - Blog santé,viva santé,https://www.celyatis.com/blog/bien-etre/viva-sante-les-bienfaits-dune-vie-saine.html,2026-08-28
www.celyatis.com/,Vous cherchez une mutuelle ? Voici comment obtenir un devis gratuit et sans engagement en 3 clics - Blog santé,vous cherchez mutuelle,https://www.celyatis.com/blog/bien-etre/vous-cherchez-une-mutuelle-voici-comment-obtenir-un-devis-gratuit-et-sans-engagement-en-3-clics.html,2026-08-28
www.celyatis.com/,astuces simples pour améliorer votre respiration,améliorer votre respiration,https://www.celyatis.com/blog/bien-etre/vous-respirez-mal.html,2026-08-28
www.celyatis.com/,Pourquoi l'impact des cadeaux promotionnels ne doit pas être sous-estimé ? - Blog santé,impact cadeaux promotionnels,https://www.celyatis.com/blog/bien-etre/warum-die-wirkung-von-werbegeschenken-nicht-unterschatzt-werden-sollte.html,2026-08-28
www.celyatis.com/,Comment le yoga peut améliorer votre équilibre au quotidien ? - Blog santé,yoga peut améliorer,https://www.celyatis.com/blog/bien-etre/yoga-equilibre.html,2026-08-28
www.celyatis.com/,zona et émotions : quel lien avec le stress et l'anxiété ? - Blog santé,zona émotions,https://www.celyatis.com/blog/bien-etre/zona-et-emotions-quel-lien-avec-le-stress-et-lanxiete.html,2026-08-28
www.celyatis.com/,Zone du mal de tête et signification : que révèle l'emplacement de la douleur ? - Blog santé,zone mal tête,https://www.celyatis.com/blog/bien-etre/zone-du-mal-de-tete-et-signification-que-revele-lemplacement-de-la-douleur.html,2026-08-28
www.celyatis.com/,02h02 signification spirituelle : un message de dualité et de choix - Blog santé,02h02 signification spirituelle,https://www.celyatis.com/blog/definition/02h02-signification-spirituelle.html,2026-08-28
www.celyatis.com/,05h05 signification spirituelle : des changements personnels arrivent - Blog santé,05h05 signification spirituelle,https://www.celyatis.com/blog/definition/05h05-signification-spirituelle.html,2026-08-28
www.celyatis.com/,08h08 heure miroir : un message d'abondance matérielle ? Décryptage - Blog santé,08h08 heure miroir,https://www.celyatis.com/blog/definition/08h08-signification-spirituelle.html,2026-08-28
www.celyatis.com/,10h10 signification spirituelle : confiance en soi - Blog santé,10h10 signification spirituelle,https://www.celyatis.com/blog/definition/10h10-signification-spirituelle.html,2026-08-28
www.celyatis.com/,111 signification spirituelle : le signe d'un nouveau départ - Blog santé,111 signification spirituelle,https://www.celyatis.com/blog/definition/111-signification-spirituelle.html,2026-08-28
www.celyatis.com/,11h11 signification spirituelle : le message des anges - Blog santé,11h11 signification spirituelle,https://www.celyatis.com/blog/definition/11h11-signification-spirituelle.html,2026-08-28
www.celyatis.com/,13h13 signification spirituelle : changement imminent - Blog santé,13h13 signification spirituelle,https://www.celyatis.com/blog/definition/13h13-signification-spirituelle.html,2026-08-28
www.celyatis.com/,13h31 signification spirituelle : un message urgent à décrypter - Blog santé,13h31 signification spirituelle,https://www.celyatis.com/blog/definition/13h31-signification-spirituelle.html,2026-08-28
www.celyatis.com/,17h17 signification spirituelle : éveil et transformation - Blog santé,17h17 signification spirituelle,https://www.celyatis.com/blog/definition/17h17-signification-spirituelle.html,2026-08-28
www.celyatis.com/,20h20 signification spirituelle : harmonie et équilibre - Blog santé,20h20 signification spirituelle,https://www.celyatis.com/blog/definition/20h20-signification-spirituelle.html,2026-08-28
www.celyatis.com/,222 signification spirituelle : pourquoi vous voyez ce nombre - Blog santé,222 signification spirituelle,https://www.celyatis.com/blog/definition/222-signification-spirituelle.html,2026-08-28
www.celyatis.com/,22h22 signification spirituelle : un message de maîtrise et de réalisation - Blog santé,22h22 signification spirituelle,https://www.celyatis.com/blog/definition/22h22-signification-spirituelle.html,2026-08-28
www.celyatis.com/,23h23 signification spirituelle : guidance divine - Blog santé,23h23 signification spirituelle,https://www.celyatis.com/blog/definition/23h23-signification-spirituelle.html,2026-08-28
www.celyatis.com/,3 activités atypiques à essayer durant votre séjour à Dubaï - Blog santé,votre séjour dubaï,https://www.celyatis.com/blog/definition/3-activites-atypiques-a-essayer-durant-votre-sejour-a-dubai.html,2026-08-28
www.celyatis.com/,Visitez-vous le 6 chemin de la pelouse à Pontoise ? Découvrez ce lieu incontournable - Blog santé,chemin pelouse pontoise,https://www.celyatis.com/blog/definition/6-chemin-de-la-pelouse-95300-pontoise.html,2026-08-28
www.celyatis.com/,666 signification spirituelle : équilibre matériel et spirituel - Blog santé,666 signification spirituelle,https://www.celyatis.com/blog/definition/666-signification-spirituelle.html,2026-08-28
www.celyatis.com/,Comment choisir son équipement de congélation pro,équipement congélation pro,https://www.celyatis.com/blog/definition/7-criteres-essentiels-pour-bien-choisir-votre-equipement-de-congelation-professionnelle.html,2026-08-28
www.celyatis.com/,777 signification spirituelle : que veut dire ce chiffre porte-bonheur - Blog santé,777 signification spirituelle,https://www.celyatis.com/blog/definition/777-signification-spirituelle.html,2026-08-28
www.celyatis.com/,"999 signification spirituelle : un cycle se termine, un nouveau commence - Blog santé",999 signification spirituelle,https://www.celyatis.com/blog/definition/999-signification-spirituelle.html,2026-08-28
www.celyatis.com/,Est-il vrai que des araignées peuvent pondre sous la peau ? - Blog santé,pondre sous peau,https://www.celyatis.com/blog/definition/araignee-qui-pondent-sous-la-peau.html,2026-08-28
www.celyatis.com/,Arbre de vie : quelle est sa signification spirituelle - Blog santé,arbre vie,https://www.celyatis.com/blog/definition/arbre-vie-signification-spirituelle.html,2026-08-28
www.celyatis.com/,Ashwagandha : qu'est-ce que c'est et quels sont ses bienfaits ? - Blog santé,ashwagandha,https://www.celyatis.com/blog/definition/ashwagandha-quest-ce-que-cest-et-quels-sont-ses-bienfaits.html,2026-08-28
www.celyatis.com/,Avantages de jouer aux slots en mode démo - Blog santé,avantages jouer slots,https://www.celyatis.com/blog/definition/avantages-de-jouer-aux-slots-en-mode-demo.html,2026-08-28
www.celyatis.com/,Qui est Bastos Truong et quel est son impact sur la santé holistique ? - Blog santé,impact santé holistique,https://www.celyatis.com/blog/definition/bastos-truong.html,2026-08-28
www.celyatis.com/,Carole Itan : la nouvelle experte en santé à suivre ? - Blog santé,carole itan,https://www.celyatis.com/blog/definition/carole-itan.html,2026-08-28
www.celyatis.com/,Catégorie de médicament : comprendre les différents types et leurs usages - Blog santé,catégorie médicament,https://www.celyatis.com/blog/definition/categorie-de-medicament-comprendre-les-differents-types-et-leurs-usages.html,2026-08-28
www.celyatis.com/,Ce qu’il faut savoir sur la circoncision - Blog santé,faut savoir circoncision,https://www.celyatis.com/blog/definition/ce-quil-faut-savoir-sur-la-circoncision.html,2026-08-28
www.celyatis.com/,Ceinture de musculation : tout ce que vous devez savoir - Blog santé,ceinture musculation,https://www.celyatis.com/blog/definition/ceinture-de-musculation-tout-ce-que-vous-devez-savoir.html,2026-08-28
www.celyatis.com/,Chaurée et santé : quels sont les bienfaits pour l'organisme ? - Blog santé,chaurée santé,https://www.celyatis.com/blog/definition/chauree.html,2026-08-28
www.celyatis.com/,Coccinelle : quelle signification spirituelle porte-t-elle - Blog santé,coccinelle,https://www.celyatis.com/blog/definition/coccinelle-signification-spirituelle.html,2026-08-28
www.celyatis.com/,Comment bien choisir son lait infantile ? - Blog santé,son lait infantile,https://www.celyatis.com/blog/definition/comment-bien-choisir-son-lait-infantile.html,2026-08-28
www.celyatis.com/,Comment Créer des Photos Insta en Grand ? - Blog santé,créer photos insta,https://www.celyatis.com/blog/definition/comment-creer-des-photos-insta-en-grand.html,2026-08-28
www.celyatis.com/,Comment en bobsleigh le poids de l’équipage influence la vitesse dans la descente - Blog santé,bobsleigh poids équipage,https://www.celyatis.com/blog/definition/comment-en-bobsleigh-le-poids-de-lequipage-influence-la-vitesse-dans-la-descente.html,2026-08-28
www.celyatis.com/,Comment fonctionnent les culottes de règles ? comment les choisir ? - Blog santé,culottes règles choisir,https://www.celyatis.com/blog/definition/comment-fonctionnent-les-culottes-de-regles-comment-les-choisir.html,2026-08-28
www.celyatis.com/,Comment le coolsculpting peut remodeler votre silhouette ? - Blog santé,remodeler votre silhouette,https://www.celyatis.com/blog/definition/comment-le-coolsculpting-peut-remodeler-votre-silhouette.html,2026-08-28
www.celyatis.com/,Quel est le nom de l'os du poignet qui ressort ? - Blog santé,poignet qui ressort,https://www.celyatis.com/blog/definition/comment-s-appelle-l-os-du-poignet-qui-ressort.html,2026-08-28
www.celyatis.com/,Comment savoir si on est enceinte : le mythe du nombril sensible expliqué - Blog santé,on est enceinte,https://www.celyatis.com/blog/definition/comment-savoir-si-on-est-enceinte-mythe-nombril-sensible-explique.html,2026-08-28
www.celyatis.com/,Comment sont créés les jeux de machines à sous : faits peu connus - Blog santé,jeux machines sous,https://www.celyatis.com/blog/definition/comment-sont-crees-les-jeux-de-machines-a-sous-faits-peu-connus.html,2026-08-28
www.celyatis.com/,Qu'est ce qu'une comorbidité? - Blog santé,est qu comorbidité,https://www.celyatis.com/blog/definition/comorbidite.html,2026-08-28
www.celyatis.com/,Comparer dinosaures animatroniques et autres supports pédagogiques - Blog santé,comparer dinosaures animatroniques,https://www.celyatis.com/blog/definition/comparer-dinosaures-animatroniques-et-autres-supports-pedagogiques.html,2026-08-28
www.celyatis.com/,Comprendre la protection sociale en entreprise pour mieux anticiper ses besoins de santé - Blog santé,protection sociale entreprise,https://www.celyatis.com/blog/definition/comprendre-la-protection-sociale-en-entreprise-pour-mieux-anticiper-ses-besoins-de-sante.html,2026-08-28
www.celyatis.com/,cou qui gratte : quelle signification spirituelle ? - Blog santé,cou qui gratte,https://www.celyatis.com/blog/definition/cou-qui-gratte-quelle-signification-spirituelle.html,2026-08-28
www.celyatis.com/,Définition du cbd en géographie : enjeux et caractéristiques - Blog santé,définition cbd géographie,https://www.celyatis.com/blog/definition/definition-du-cbd-en-geographie-enjeux-et-caracteristiques.html,2026-08-28
www.celyatis.com/,Démence alcoolique : différences et liens avec la maladie d’Alzheimer - Blog santé,démence alcoolique,https://www.celyatis.com/blog/definition/demence-alcoolique-differences-et-liens-avec-la-maladie-dalzheimer.html,2026-08-28
www.celyatis.com/,Diagramme de Gantt: Pourquoi et comment l'utiliser ? - Blog santé,diagramme gantt pourquoi,https://www.celyatis.com/blog/definition/diagramme-de-gantt.html,2026-08-28
www.celyatis.com/,Master de psychologie à distance : mythe ou réalité ?,master psychologie distance,https://www.celyatis.com/blog/definition/est-il-possible-de-suivre-un-master-de-psychologie-a-distance.html,2026-08-28
www.celyatis.com/,Fausse couche et médicaments : ce que disent les forums - Blog santé,fausse couche médicaments,https://www.celyatis.com/blog/definition/fausse-couche-et-medicaments-ce-que-disent-les-forums.html,2026-08-28
www.celyatis.com/,Faut-il accorder sa confiance à medicament.com ?,sa confiance medicament,https://www.celyatis.com/blog/definition/faut-il-faire-confiance-a-medicament-com.html,2026-08-28
www.celyatis.com/,Gérer le stress au quotidien sans médicament pour améliorer son bien-être mental - Blog santé,gérer stress quotidien,https://www.celyatis.com/blog/definition/gerer-le-stress-au-quotidien-sans-medicament-pour-ameliorer-son-bien-etre-mental.html,2026-08-28
www.celyatis.com/,Activités Créatives pour Enfants: Guide Complet pour Parents Occupés,créatives enfants parents,https://www.celyatis.com/blog/definition/guide-des-activites-creatives-pour-occuper-vos-enfants-pendant-la-garde.html,2026-08-28
www.celyatis.com/,Guide Des Applications Sportives Modernes: Options et Fonctionnalités - Blog santé,applications sportives modernes,https://www.celyatis.com/blog/definition/guide-des-applications-sportives-modernes-options-et-fonctionnalites.html,2026-08-28
www.celyatis.com/,Comment l'utilisation de HelloCar peut améliorer votre bien-être quotidien ? - Blog santé,hellocar peut améliorer,https://www.celyatis.com/blog/definition/hellocar.html,2026-08-28
www.celyatis.com/,Heures miroirs : guide complet des significations spirituelles - Blog santé,heures miroirs,https://www.celyatis.com/blog/definition/heures-miroirs-signification.html,2026-08-28
www.celyatis.com/,Hydratation et santé : pourquoi boire de l’eau ne suffit pas toujours ? - Blog santé,hydratation santé,https://www.celyatis.com/blog/definition/hydratation-et-sante-pourquoi-boire-de-leau-ne-suffit-pas-toujours.html,2026-08-28
www.celyatis.com/,Comment l'ibuprofène peut affecter votre santé à long terme ? - Blog santé,ibuprofène peut affecter,https://www.celyatis.com/blog/definition/ibee.html,2026-08-28
www.celyatis.com/,Île de Casino : Une Oasis de Gains et de Divertissement - Blog santé,île casino,https://www.celyatis.com/blog/definition/ile-de-casino-une-oasis-de-gains-et-de-divertissement.html,2026-08-28
www.celyatis.com/,Introduction à la psychologie : comprendre les bases de la science du comportement - Blog santé,introduction psychologie,https://www.celyatis.com/blog/definition/introduction-a-la-psychologie-comprendre-les-bases-de-la-science-du-comportement.html,2026-08-28
www.celyatis.com/,Le joint électronique: une alternative sûre pour les fumeurs ? - Blog santé,joint électronique alternative,https://www.celyatis.com/blog/definition/joint-electronique.html,2026-08-28
www.celyatis.com/,La clinique du sommeil à Haguenau : un guide pour mieux comprendre les troubles du sommeil - Blog santé,clinique sommeil haguenau,https://www.celyatis.com/blog/definition/la-clinique-du-sommeil-a-haguenau-un-guide-pour-mieux-comprendre-les-troubles-du-sommeil.html,2026-08-28
www.celyatis.com/,La santé visuelle : comprendre l'ophtalmologie et les pathologies visuelles - Blog santé,santé visuelle,https://www.celyatis.com/blog/definition/la-sante-visuelle-comprendre-lophtalmologie-et-les-pathologies-visuelles.html,2026-08-28
www.celyatis.com/,La signification du silence en psychologie : un outil d'analyse des émotions - Blog santé,silence psychologie,https://www.celyatis.com/blog/definition/la-signification-du-silence-en-psychologie-un-outil-danalyse-des-emotions.html,2026-08-28
www.celyatis.com/,Le casino Wild Sultan est-il fiable ? - Blog santé,sultan est il,https://www.celyatis.com/blog/definition/le-casino-wild-sultan-est-il-fiable.html,2026-08-28
www.celyatis.com/,Le don de jours de repos : un levier humain pour alléger la charge des aidants - Blog santé,don jours repos,https://www.celyatis.com/blog/definition/le-don-de-jours-de-repos-un-levier-humain-pour-alleger-la-charge-des-aidants.html,2026-08-28
www.celyatis.com/,Le jus de pamplemousse : vertus médicinales d'un remède naturel,jus pamplemousse,https://www.celyatis.com/blog/definition/le-jus-de-pamplemousse-un-medicament-naturel.html,2026-08-28
www.celyatis.com/,Les appareils de médecine quantique : révolution ou illusion ? - Blog santé,appareils médecine quantique,https://www.celyatis.com/blog/definition/les-appareils-de-medecine-quantique-revolution-ou-illusion.html,2026-08-28
www.celyatis.com/,Les causes de la respiration rapide chez les chats - Blog santé,respiration rapide chez,https://www.celyatis.com/blog/definition/les-causes-de-la-respiration-rapide-chez-les-chats.html,2026-08-28
www.celyatis.com/,Les meilleures applications intelligence artificielle pour générer des photos,artificielle générer photos,https://www.celyatis.com/blog/definition/les-meilleures-applications-intelligence-artificielle-pour-generer-des-photos.html,2026-08-28
www.celyatis.com/,Les secrets des postures nocturnes : comprendre la signification des positions du sommeil - Blog santé,secrets postures nocturnes,https://www.celyatis.com/blog/definition/les-secrets-des-postures-nocturnes-comprendre-la-signification-des-positions-du-sommeil.html,2026-08-28
www.celyatis.com/,Lumière bleue et sommeil : comprendre les effets sur votre santé - Blog santé,lumière bleue sommeil,https://www.celyatis.com/blog/definition/lumiere-bleue-et-sommeil-comprendre-les-effets-sur-votre-sante.html,2026-08-28
www.celyatis.com/,Luminothérapie : est-ce vraiment efficace ? Ce que disent les études et les utilisateurs - Blog santé,luminothérapie,https://www.celyatis.com/blog/definition/luminotherapie-est-ce-vraiment-efficace-ce-que-disent-les-etudes-et-les-utilisateurs.html,2026-08-28
www.celyatis.com/,Comment fonctionne la luminothérapie ? - Blog santé,fonctionne luminothérapie,https://www.celyatis.com/blog/definition/luminotherapie.html,2026-08-28
www.celyatis.com/,Mailiz santé : tout savoir sur les solutions de santé numérique - Blog santé,mailiz santé,https://www.celyatis.com/blog/definition/mailiz-sante-tout-savoir-sur-les-solutions-de-sante-numerique.html,2026-08-28
www.celyatis.com/,Maladie d'Addison : les symptômes de l'insuffisance surrénalienne à connaître - Blog santé,maladie addison,https://www.celyatis.com/blog/definition/maladie-addison-symptome.html,2026-08-28
www.celyatis.com/,Maladie de Basedow : les symptômes thyroïdiens à ne pas ignorer - Blog santé,maladie basedow,https://www.celyatis.com/blog/definition/maladie-basedow-symptome.html,2026-08-28
www.celyatis.com/,Maladie de Bouveret : symptômes et troubles du rythme cardiaque - Blog santé,maladie bouveret,https://www.celyatis.com/blog/definition/maladie-bouveret-symptome.html,2026-08-28
www.celyatis.com/,Maladie cœliaque : les symptômes de l'intolérance au gluten à repérer - Blog santé,maladie cœliaque,https://www.celyatis.com/blog/definition/maladie-coeliaque-symptome.html,2026-08-28
www.celyatis.com/,Maladie du cœur : les symptômes d'alerte cardiaque à connaître - Blog santé,maladie cœur,https://www.celyatis.com/blog/definition/maladie-coeur-symptome.html,2026-08-28
www.celyatis.com/,Maladie de Cushing : les symptômes liés à l'excès de cortisol - Blog santé,maladie cushing,https://www.celyatis.com/blog/definition/maladie-cushing-symptome.html,2026-08-28
www.celyatis.com/,Quelle maladie provoque des douleurs musculaires dans tout le corps ? - Blog santé,provoque douleurs musculaires,https://www.celyatis.com/blog/definition/maladie-douleurs-musculaires.html,2026-08-28
www.celyatis.com/,Maladie en A : Liste des maladie qui commencent par A - Blog santé,maladie,https://www.celyatis.com/blog/definition/maladie-en-a.html,2026-08-28
www.celyatis.com/,Maladie en B : Liste des maladie qui commencent par B - Blog santé,maladie,https://www.celyatis.com/blog/definition/maladie-en-b.html,2026-08-28
www.celyatis.com/,Maladie en C : Liste des maladie qui commencent par C - Blog santé,maladie,https://www.celyatis.com/blog/definition/maladie-en-c.html,2026-08-28
www.celyatis.com/,Maladie en D : Liste des maladie qui commencent par D - Blog santé,maladie,https://www.celyatis.com/blog/definition/maladie-en-d.html,2026-08-28
www.celyatis.com/,Maladie en E : Liste des maladie qui commencent par E - Blog santé,maladie,https://www.celyatis.com/blog/definition/maladie-en-e.html,2026-08-28
www.celyatis.com/,Maladie en F : Liste des maladie qui commencent par F - Blog santé,maladie,https://www.celyatis.com/blog/definition/maladie-en-f.html,2026-08-28
www.celyatis.com/,Maladie en G : Liste des maladie qui commencent par G - Blog santé,maladie,https://www.celyatis.com/blog/definition/maladie-en-g.html,2026-08-28
www.celyatis.com/,Maladie en H : Liste des maladie qui commencent par H - Blog santé,maladie,https://www.celyatis.com/blog/definition/maladie-en-h.html,2026-08-28
www.celyatis.com/,Maladie en I : Liste des maladie qui commencent par I - Blog santé,maladie,https://www.celyatis.com/blog/definition/maladie-en-i.html,2026-08-28
www.celyatis.com/,Maladie en J : Liste des maladie qui commencent par J - Blog santé,maladie,https://www.celyatis.com/blog/definition/maladie-en-j.html,2026-08-28
www.celyatis.com/,Maladie en K : Liste des maladie qui commencent par K - Blog santé,maladie,https://www.celyatis.com/blog/definition/maladie-en-k.html,2026-08-28
www.celyatis.com/,Maladie en L : Liste des maladie qui commencent par L - Blog santé,maladie,https://www.celyatis.com/blog/definition/maladie-en-l.html,2026-08-28
www.celyatis.com/,Maladie en M : Liste des maladie qui commencent par M - Blog santé,maladie,https://www.celyatis.com/blog/definition/maladie-en-m.html,2026-08-28
www.celyatis.com/,Maladie en N : Liste des maladie qui commencent par N - Blog santé,maladie,https://www.celyatis.com/blog/definition/maladie-en-n.html,2026-08-28
www.celyatis.com/,Maladie en O : Liste des maladie qui commencent par O - Blog santé,maladie,https://www.celyatis.com/blog/definition/maladie-en-o.html,2026-08-28
www.celyatis.com/,Maladie en P : Liste des maladie qui commencent par P - Blog santé,maladie,https://www.celyatis.com/blog/definition/maladie-en-p.html,2026-08-28
www.celyatis.com/,Maladie en Q : Liste des maladie qui commencent par Q - Blog santé,maladie,https://www.celyatis.com/blog/definition/maladie-en-q.html,2026-08-28
www.celyatis.com/,Maladie en R : Liste des maladie qui commencent par R - Blog santé,maladie,https://www.celyatis.com/blog/definition/maladie-en-r.html,2026-08-28
www.celyatis.com/,Maladie en S : Liste des maladie qui commencent par S - Blog santé,maladie,https://www.celyatis.com/blog/definition/maladie-en-s.html,2026-08-28
www.celyatis.com/,Maladie en T : Liste des maladie qui commencent par T - Blog santé,maladie,https://www.celyatis.com/blog/definition/maladie-en-t.html,2026-08-28
www.celyatis.com/,Maladie en U : Liste des maladie qui commencent par U - Blog santé,maladie,https://www.celyatis.com/blog/definition/maladie-en-u.html,2026-08-28
www.celyatis.com/,Maladie en V : Liste des maladie qui commencent par V - Blog santé,maladie,https://www.celyatis.com/blog/definition/maladie-en-v.html,2026-08-28
www.celyatis.com/,Maladie en W : Liste des maladie qui commencent par W - Blog santé,maladie,https://www.celyatis.com/blog/definition/maladie-en-w.html,2026-08-28
www.celyatis.com/,Maladie en X : Liste des maladie qui commencent par X - Blog santé,maladie,https://www.celyatis.com/blog/definition/maladie-en-x.html,2026-08-28
www.celyatis.com/,Maladie en Y : Liste des maladie qui commencent par Y - Blog santé,maladie,https://www.celyatis.com/blog/definition/maladie-en-y.html,2026-08-28
www.celyatis.com/,Maladie en Z : Liste des maladie qui commencent par Z - Blog santé,maladie,https://www.celyatis.com/blog/definition/maladie-en-z.html,2026-08-28
www.celyatis.com/,Maladie de Gilbert : symptômes et tout savoir sur cette anomalie bénigne - Blog santé,maladie gilbert,https://www.celyatis.com/blog/definition/maladie-gilbert-symptome.html,2026-08-28
www.celyatis.com/,Maladie de Horton : les symptômes à reconnaître pour consulter vite - Blog santé,maladie horton,https://www.celyatis.com/blog/definition/maladie-horton-symptome.html,2026-08-28
www.celyatis.com/,Maladie du pancréas : les symptômes d'alerte à ne pas ignorer - Blog santé,maladie pancréas,https://www.celyatis.com/blog/definition/maladie-pancreas-symptome.html,2026-08-28
www.celyatis.com/,Maladie du poumon : les symptômes respiratoires à surveiller - Blog santé,maladie poumon,https://www.celyatis.com/blog/definition/maladie-poumon-symptome.html,2026-08-28
www.celyatis.com/,Maladie du sang : symptômes de l'anémie et des troubles sanguins - Blog santé,maladie sang,https://www.celyatis.com/blog/definition/maladie-sang-symptome.html,2026-08-28
www.celyatis.com/,Maladie de Verneuil : les symptômes pour l'identifier au plus tôt - Blog santé,maladie verneuil,https://www.celyatis.com/blog/definition/maladie-verneuil-symptome.html,2026-08-28
www.celyatis.com/,Mutuelle Senior : Les solutions pour réduire vos dépenses de santé - Blog santé,mutuelle senior,https://www.celyatis.com/blog/definition/mutuelle-senior-les-solutions-pour-reduire-vos-depenses-de-sante.html,2026-08-28
www.celyatis.com/,Mutuelles santé B2B : Vers des solutions toujours plus flexibles et personnalisées - Blog santé,mutuelles santé b2b,https://www.celyatis.com/blog/definition/mutuelles-sante-b2b-vers-des-solutions-toujours-plus-flexibles-et-personnalisees.html,2026-08-28
www.celyatis.com/,Oreille droite qui siffle : quelle signification ? - Blog santé,droite qui siffle,https://www.celyatis.com/blog/definition/oreille-droite-qui-siffle-quelle-signification.html,2026-08-28
www.celyatis.com/,Où placer des paris sûrs sur le football : guide fiable 2025,où placer paris,https://www.celyatis.com/blog/definition/ou-placer-des-paris-surs-sur-le-football-un-apercu-des-plateformes-fiables.html,2026-08-28
www.celyatis.com/,Papillon : signification spirituelle et symbolisme de transformation - Blog santé,papillon,https://www.celyatis.com/blog/definition/papillon-signification-spirituelle.html,2026-08-28
www.celyatis.com/,Découvrez les avantages et services de la parapharmacie Leclerc Saint-Eulalie,parapharmacie leclerc saint,https://www.celyatis.com/blog/definition/parapharmacie-leclerc-saint-eulalie-quels-avantages-et-services-proposent-ils.html,2026-08-28
www.celyatis.com/,"Paris sportifs en Afrique : évolution, chiffres et passion",paris sportifs afrique,https://www.celyatis.com/blog/definition/paris-en-ligne-apercu-des-services-sportifs-en-afrique.html,2026-08-28
www.celyatis.com/,Les bienfaits insoupçonnés de la patate douce blanche sur votre santé - Blog santé,blanche votre santé,https://www.celyatis.com/blog/definition/patate-douce-blanche.html,2026-08-28
www.celyatis.com/,Découvrez tous les services de la Pharmacie Cité Santé : comment en bénéficier ?,pharmacie cité santé,https://www.celyatis.com/blog/definition/pharmacie-cite-sante-quels-sont-les-services-offerts-et-comment-en-beneficier.html,2026-08-28
www.celyatis.com/,Les phéromones d'insectes: quelle est leur influence sur le comportement animal ? - Blog santé,phéromones insectes quelle,https://www.celyatis.com/blog/definition/pheromone-insecte.html,2026-08-28
www.celyatis.com/,"Poudre de cacao ou éclats de cacao : à choisir selon le goût, la teneur en sucre et l’utilisation prévue. - Blog santé",cacao éclats cacao,https://www.celyatis.com/blog/definition/poudre-de-cacao-ou-eclats-de-cacao-a-choisir-selon-le-gout-la-teneur-en-sucre-et-lutilisation-prevue.html,2026-08-28
www.celyatis.com/,Les avantages de la kinésithérapie à Antibes,avantages kinésithérapie antibes,https://www.celyatis.com/blog/definition/pourquoi-choisir-la-kinesitherapie-a-antibes.html,2026-08-28
www.celyatis.com/,raisons de choisir la parapharmacie Leclerc de Jonzac,parapharmacie leclerc jonzac,https://www.celyatis.com/blog/definition/pourquoi-choisir-la-parapharmacie-leclerc-de-jonzac.html,2026-08-28
www.celyatis.com/,Pourquoi présentez mes services dans un annuaire professionnel à Boulogne-Billancourt ? - Blog santé,professionnel boulogne billancourt,https://www.celyatis.com/blog/definition/pourquoi-presentez-mes-services-dans-un-annuaire-professionnel-a-boulogne-billancourt.html,2026-08-28
www.celyatis.com/,Problèmes de peau ? Avez-vous pensé à la photothérapie ? - Blog santé,vous pensé photothérapie,https://www.celyatis.com/blog/definition/problemes-de-peau-avez-vous-pense-a-la-phototherapie.html,2026-08-28
www.celyatis.com/,La punaise verte dans votre maison : signification et que faire face à cet insecte mystérieux - Blog santé,verte votre maison,https://www.celyatis.com/blog/definition/punaise-verte-votre-maison-signification-que-faire-face-insecte-mysterieux.html,2026-08-28
www.celyatis.com/,Que faire au Pouliguen : top 10 des incontournables à ne pas manquer - Blog santé,que faire pouliguen,https://www.celyatis.com/blog/definition/que-faire-au-pouliguen-top-10-des-incontournables-a-ne-pas-manquer.html,2026-08-28
www.celyatis.com/,Que reste-t-il de la gastronomie française aujourd’hui ? - Blog santé,il gastronomie française,https://www.celyatis.com/blog/definition/que-reste-t-il-de-la-gastronomie-francaise-aujourdhui.html,2026-08-28
www.celyatis.com/,Quel est le meilleur champignon pour la santé du cerveau ? - Blog santé,meilleur champignon santé,https://www.celyatis.com/blog/definition/quel-est-le-meilleur-champignon-pour-la-sante-du-cerveau.html,2026-08-28
www.celyatis.com/,Comment choisir la meilleure fac de psychologie pour vos études ?,psychologie vos études,https://www.celyatis.com/blog/definition/quelle-est-la-meilleure-fac-de-psychologie.html,2026-08-28
www.celyatis.com/,Quelle est la signification du mal de dos ? - Blog santé,est signification mal,https://www.celyatis.com/blog/definition/quelle-est-la-signification-du-mal-de-dos.html,2026-08-28
www.celyatis.com/,Découvrez la traduction en PDF du Kamasutra en Hindi !,pdf kamasutra hindi,https://www.celyatis.com/blog/definition/quelle-est-la-traduction-du-kamasutra-en-pdf-en-hindi.html,2026-08-28
www.celyatis.com/,Découvrez les multiples services de santé du pôle santé de Coulommiers,pôle santé coulommiers,https://www.celyatis.com/blog/definition/quels-services-de-sante-offrent-le-pole-sante-de-coulommiers.html,2026-08-28
www.celyatis.com/,Découvrez les différents masters en psychologie disponibles à Toulouse,psychologie disponibles toulouse,https://www.celyatis.com/blog/definition/quels-sont-les-masters-en-psychologie-proposes-a-toulouse.html,2026-08-28
www.celyatis.com/,Quels sont les métiers de la médiation ? - Blog santé,sont métiers médiation,https://www.celyatis.com/blog/definition/quels-sont-les-metiers-de-la-mediation.html,2026-08-28
www.celyatis.com/,Qu’est-ce que la chronobiologie ? - Blog santé,est que chronobiologie,https://www.celyatis.com/blog/definition/quest-ce-que-la-chronobiologie.html,2026-08-28
www.celyatis.com/,Qu'est ce que la danse thérapie - Blog santé,que danse thérapie,https://www.celyatis.com/blog/definition/quest-ce-que-la-danse-therapie.html,2026-08-28
www.celyatis.com/,Démystifier la définition capillaire : comprendre l'essentiel,démystifier définition capillaire,https://www.celyatis.com/blog/definition/quest-ce-que-la-definition-capillaire-et-comment-la-comprendre.html,2026-08-28
www.celyatis.com/,Qu'est-ce que la lecture apporte au cerveau ? - Blog santé,lecture apporte cerveau,https://www.celyatis.com/blog/definition/quest-ce-que-la-lecture-apporte-au-cerveau.html,2026-08-28
www.celyatis.com/,Découvrez la Maison de Santé des Dômes : un modèle innovant de soins de santé,maison santé dômes,https://www.celyatis.com/blog/definition/quest-ce-que-la-maison-de-sante-des-domes.html,2026-08-28
www.celyatis.com/,Découvrez tout sur la parapharmacie Leclerc à Larmor-Plage,parapharmacie leclerc larmor,https://www.celyatis.com/blog/definition/quest-ce-que-la-parapharmacie-leclerc-a-larmor-plage.html,2026-08-28
www.celyatis.com/,Cheyne-Stokes : Comprendre ce type de respiration irrégulière,cheyne stokes,https://www.celyatis.com/blog/definition/quest-ce-que-la-respiration-de-cheyne-stokes.html,2026-08-28
www.celyatis.com/,Comprendre le capillaire sanguin : définition et rôles,comprendre capillaire sanguin,https://www.celyatis.com/blog/definition/quest-ce-que-le-capillaire-sanguin-et-quelle-est-sa-definition.html,2026-08-28
www.celyatis.com/,Comprendre le clivage en psychologie : définition et implications,comprendre clivage psychologie,https://www.celyatis.com/blog/definition/quest-ce-que-le-clivage-en-psychologie.html,2026-08-28
www.celyatis.com/,Qu'est-ce que le microbiote intestinal et pourquoi est-il essentiel pour notre santé ? - Blog santé,que microbiote intestinal,https://www.celyatis.com/blog/definition/quest-ce-que-le-microbiote-intestinal-et-pourquoi-est-il-essentiel-pour-notre-sante.html,2026-08-28
www.celyatis.com/,Qu'est ce que l'iridologie holistique ? - Blog santé,que iridologie holistique,https://www.celyatis.com/blog/definition/quest-ce-que-liridologie-holistique.html,2026-08-28
www.celyatis.com/,Découvrez les secrets de la parapharmacie Passy Plaza : une adresse pas comme les autres !,parapharmacie passy plaza,https://www.celyatis.com/blog/definition/quest-ce-qui-rend-la-parapharmacie-passy-plaza-si-unique.html,2026-08-28
www.celyatis.com/,Qu'est-ce qu'un esprit bohème ? - Blog santé,qu esprit bohème,https://www.celyatis.com/blog/definition/quest-ce-quun-esprit-boheme.html,2026-08-28
www.celyatis.com/,Découvrez Sigrid Beauté : ses secrets de beauté révélés,découvrez sigrid beauté,https://www.celyatis.com/blog/definition/qui-est-sigrid-beaute-et-quels-sont-ses-secrets-de-beaute.html,2026-08-28
www.celyatis.com/,L'influence du Real Madrid sur les paris sportifs en France - Tribune Football,madrid paris sportifs,https://www.celyatis.com/blog/definition/real-madrid-influence-paris-sportifs-france.html,2026-08-28
www.celyatis.com/,Qu'est ce que le régime keto ? - Blog santé,que régime keto,https://www.celyatis.com/blog/definition/regime-keto.html,2026-08-28
www.celyatis.com/,"Repas en EHPAD : Entre tradition et adaptation, comment concilier plaisir et sécurité alimentaire ? - Blog santé",repas ehpad,https://www.celyatis.com/blog/definition/repas-en-ehpad-entre-tradition-et-adaptation-comment-concilier-plaisir-et-securite-alimentaire.html,2026-08-28
www.celyatis.com/,sciatique jambe droite : quelle signification possible ? - Blog santé,sciatique jambe droite,https://www.celyatis.com/blog/definition/sciatique-jambe-droite-quelle-signification-possible.html,2026-08-28
www.celyatis.com/,Sécurité des seniors : découvrez les solutions modernes de protection à domicile - Blog santé,sécurité seniors,https://www.celyatis.com/blog/definition/securite-des-seniors-decouvrez-les-solutions-modernes-de-protection-a-domicile.html,2026-08-28
www.celyatis.com/,Seniors en voyage : comment être assuré en dehors de la France ? - Blog santé,seniors voyage,https://www.celyatis.com/blog/definition/seniors-en-voyage-comment-etre-assure-en-dehors-de-la-france.html,2026-08-28
www.celyatis.com/,Sentenac Laure : qui est cette experte reconnue en nutrition ? - Blog santé,sentenac laure,https://www.celyatis.com/blog/definition/sentenac-laure.html,2026-08-28
www.celyatis.com/,signification des éternuements : ce que votre nez révèle - Blog santé,signification éternuements,https://www.celyatis.com/blog/definition/signification-des-eternuements-ce-que-votre-nez-revele.html,2026-08-28
www.celyatis.com/,Signification de DPO en grossesse : comprendre la date présumée d'ovulation pour les futures mamans - Blog santé,signification dpo grossesse,https://www.celyatis.com/blog/definition/signification-dpo-grossesse-comprendre-date-presumee-dovulation-futures-mamans.html,2026-08-28
www.celyatis.com/,Soins qantiques : Comment un appareil peut-il améliorer votre santé ? - Blog santé,soins qantiques,https://www.celyatis.com/blog/definition/soins-qantiques-comment-un-appareil-peut-il-ameliorer-votre-sante.html,2026-08-28
www.celyatis.com/,Symptômes et maladies : le guide pour comprendre ce que dit votre corps - Blog santé,symptômes maladies,https://www.celyatis.com/blog/definition/symptomes-maladies-guide.html,2026-08-28
www.celyatis.com/,Systèmes d'éclairage sur rail LED - la solution d'éclairage la plus flexible pour les intérieurs modernes - Blog santé,éclairage rail led,https://www.celyatis.com/blog/definition/systemes-declairage-sur-rail-led-la-solution-declairage-la-plus-flexible-pour-les-interieurs-modernes.html,2026-08-28
www.celyatis.com/,"Taxi conventionné : conditions, prescription et remboursement - Blog santé",taxi conventionné,https://www.celyatis.com/blog/definition/taxi-conventionne-conditions-prescription-et-remboursement.html,2026-08-28
www.celyatis.com/,Témoignages sur l'eczéma dans le cou : ce que cela signifie vraiment - Blog santé,témoignages eczéma cou,https://www.celyatis.com/blog/definition/temoignages-sur-leczema-dans-le-cou-ce-que-cela-signifie-vraiment.html,2026-08-28
www.celyatis.com/,Test de paternité sans la mère : est-ce possible et comment ça fonctionne ? - Blog santé,paternité sans mère,https://www.celyatis.com/blog/definition/test-de-paternite-sans-la-mere-est-ce-possible-et-comment-ca-fonctionne.html,2026-08-28
www.celyatis.com/,Qu'est ce que le transhumanisme? - Blog santé,est que transhumanisme,https://www.celyatis.com/blog/definition/transhumanisme.html,2026-08-28
www.celyatis.com/,Troubles du sommeil : définition et implications pour la santé - Blog santé,troubles sommeil,https://www.celyatis.com/blog/definition/troubles-du-sommeil-definition-et-implications-pour-la-sante.html,2026-08-28
www.celyatis.com/,Une innovation étonnante concernant un moment important du quotidien ! - Blog santé,innovation étonnante concernant,https://www.celyatis.com/blog/definition/une-innovation-etonnante-concernant-un-moment-important-du-quotidien.html,2026-08-28
www.celyatis.com/,"Vaporisateur CBD : fonctionnement, avantages et conseils - Blog santé",vaporisateur cbd,https://www.celyatis.com/blog/definition/vaporisateur-cbd-fonctionnement-avantages-et-conseils.html,2026-08-28
www.celyatis.com/,Comment le Coran aborde-t-il la colère ? Interprétations et enseignements - Blog santé,colère interprétations enseignements,https://www.celyatis.com/blog/definition/verset-du-coran-sur-la-colere.html,2026-08-28
www.celyatis.com/,Voir une mante religieuse : présage de chance ou simple coïncidence ? Explorons les croyances populaires - Blog santé,voir mante religieuse,https://www.celyatis.com/blog/definition/voir-mante-religieuse-presage-chance-simple-coincidence-explorons-croyances-populaires-2.html,2026-08-28
www.celyatis.com/,Voir une mante religieuse : présage de chance ou simple coïncidence ? Explorons les croyances populaires - Blog santé,voir mante religieuse,https://www.celyatis.com/blog/definition/voir-mante-religieuse-presage-chance-simple-coincidence-explorons-croyances-populaires.html,2026-08-28
www.celyatis.com/,Voyager sereinement : les bons réflexes pour protéger ses données - Blog santé,voyager sereinement,https://www.celyatis.com/blog/definition/voyager-sereinement-les-bons-reflexes-pour-proteger-ses-donnees.html,2026-08-28
www.celyatis.com/,8 avenue de Camoens 75116 Paris : Un quartier résidentiel idéal pour une vie saine et équilibrée - Blog santé,camoens 75116 paris,https://www.celyatis.com/blog/metier-sante/8-avenue-de-camoens-75116-paris.html,2026-08-28
www.celyatis.com/,Comment renforcer les abducteurs de la hanche pour améliorer votre mobilité ? - Blog santé,abducteurs hanche améliorer,https://www.celyatis.com/blog/metier-sante/abducteurs-de-la-hanche.html,2026-08-28
www.celyatis.com/,Comprendre l'Acétabulum : Structure Clé de la Hanche et Son Rôle dans Notre Santé - Blog santé,comprendre acétabulum,https://www.celyatis.com/blog/metier-sante/acetabulum-hanche.html,2026-08-28
www.celyatis.com/,Consulter un addictologue en ligne : comment ça marche ? - Blog santé,consulter addictologue ligne,https://www.celyatis.com/blog/metier-sante/addictologue-en-ligne.html,2026-08-28
www.celyatis.com/,Les adducteurs : tout savoir sur ce groupe musculaire essentiel - Blog santé,adducteurs,https://www.celyatis.com/blog/metier-sante/adducteurs-muscle.html,2026-08-28
www.celyatis.com/,aller trop souvent chez l'ostéopathe : à quelle fréquence est-ce vraiment bénéfique ? - Blog santé,souvent chez ostéopathe,https://www.celyatis.com/blog/metier-sante/aller-trop-souvent-chez-losteopathe.html,2026-08-28
www.celyatis.com/,Qui est Amaouche Mohand et quel est son impact sur la santé publique en Algérie ? - Blog santé,santé publique algérie,https://www.celyatis.com/blog/metier-sante/amaouche-mohand.html,2026-08-28
www.celyatis.com/,Qui est Amélie Gantzer et pourquoi parle-t-on de ses contributions en matière de santé ? - Blog santé,est amélie gantzer,https://www.celyatis.com/blog/metier-sante/amelie-gantzer.html,2026-08-28
www.celyatis.com/,Comprendre l'anatomie de l'épaule : tout ce que vous devez savoir - Blog santé,comprendre anatomie épaule,https://www.celyatis.com/blog/metier-sante/anatomie-epaule.html,2026-08-28
www.celyatis.com/,Arrachement osseux de la cheville : quel traitement suivre ? - Blog santé,arrachement osseux cheville,https://www.celyatis.com/blog/metier-sante/arrachement-osseux-cheville-traitement.html,2026-08-28
www.celyatis.com/,Arrachement osseux au poignet : combien de temps pour une guérison complète ? - Blog santé,arrachement osseux poignet,https://www.celyatis.com/blog/metier-sante/arrachement-osseux-poignet-temps-guerison.html,2026-08-28
www.celyatis.com/,Tout ce que vous devez savoir sur l'arthropathie acromio-claviculaire - Blog santé,arthropathie acromio claviculaire,https://www.celyatis.com/blog/metier-sante/arthropathie-acromio-claviculaire.html,2026-08-28
www.celyatis.com/,Comment soulager les douleurs d'articulation du coude efficacement ? - Blog santé,articulation coude efficacement,https://www.celyatis.com/blog/metier-sante/articulation-coude.html,2026-08-28
www.celyatis.com/,"Qui est audrey monciatti, la nouvelle voix qui révolutionne la santé en ligne ? - Blog santé",est audrey monciatti,https://www.celyatis.com/blog/metier-sante/audrey-monciatti.html,2026-08-28
www.celyatis.com/,Découvrez l'autre nom de l'omoplate : la scapula - Blog santé,découvrez autre nom,https://www.celyatis.com/blog/metier-sante/autre-nom-de-lomoplate.html,2026-08-28
www.celyatis.com/,Comment appliquer correctement un bandage à l'épaule pour soulager une tendinite ? - Blog santé,correctement bandage épaule,https://www.celyatis.com/blog/metier-sante/bandage-epaule-tendinite.html,2026-08-28
www.celyatis.com/,Comment se rétablir efficacement d'une blessure du ménisque ? - Blog santé,efficacement blessure ménisque,https://www.celyatis.com/blog/metier-sante/blessure-menisque.html,2026-08-28
www.celyatis.com/,Bts hygiène sécurité environnement : enjeux et perspectives de la formation - Blog santé,bts hygiène sécurité,https://www.celyatis.com/blog/metier-sante/bts-hygiene-securite-environnement-enjeux-et-perspectives-de-la-formation.html,2026-08-28
www.celyatis.com/,Burnout des soignants : Quelles solutions pour une meilleure qualité de vie au travail ? - Blog santé,burnout soignants,https://www.celyatis.com/blog/metier-sante/burnout-des-soignants-quelles-solutions-pour-une-meilleure-qualite-de-vie-au-travail.html,2026-08-28
www.celyatis.com/,"Comprendre la bursite de Hoffa : causes, symptômes et traitements efficaces - Blog santé",comprendre bursite hoffa,https://www.celyatis.com/blog/metier-sante/bursite-de-hoffa.html,2026-08-28
www.celyatis.com/,Traiter efficacement la bursite sous acromio-deltoïdienne : Guide complet - Blog santé,sous acromio deltoïdienne,https://www.celyatis.com/blog/metier-sante/bursite-sous-acromio-deltoidienne-traitement.html,2026-08-28
www.celyatis.com/,Bursite du tendon d'Achille : comment la kinésithérapie peut soulager la douleur - Blog santé,bursite tendon achille,https://www.celyatis.com/blog/metier-sante/bursite-tendon-dachille-kine.html,2026-08-28
www.celyatis.com/,Cabinet B ostéopathie à Toulouse : adresse et horaires - Blog santé,cabinet ostéopathie toulouse,https://www.celyatis.com/blog/metier-sante/cabinet-b-osteopathie-a-toulouse-adresse-et-horaires.html,2026-08-28
www.celyatis.com/,Comment soulager la douleur causée par une épine calcanéenne ? - Blog santé,causée épine calcanéenne,https://www.celyatis.com/blog/metier-sante/calcaneum-epine.html,2026-08-28
www.celyatis.com/,Le traitement kiné du canal carpien : une solution efficace pour soulager la douleur - Blog santé,kiné canal carpien,https://www.celyatis.com/blog/metier-sante/canal-carpien-traitement-kine.html,2026-08-28
www.celyatis.com/,Comment traiter efficacement les problèmes de cartilage du genou ? - Blog santé,problèmes cartilage genou,https://www.celyatis.com/blog/metier-sante/cartilage-genou-traitement.html,2026-08-28
www.celyatis.com/,cécile argy : qui est cette nouvelle figure montante de la naturopathie ? - Blog santé,cécile argy,https://www.celyatis.com/blog/metier-sante/cecile-argy.html,2026-08-28
www.celyatis.com/,Cédric Michel : un spécialiste du sommeil à l'expertise incontestable,cédric michel,https://www.celyatis.com/blog/metier-sante/cedric-michel-un-expert-du-sommeil.html,2026-08-28
www.celyatis.com/,Cervicalgie et travail : quand votre profession affecte votre colonne vertébrale - Blog santé,cervicalgie travail,https://www.celyatis.com/blog/metier-sante/cervicalgie-maladie-professionnelle.html,2026-08-28
www.celyatis.com/,Les bienfaits insoupçonnés de la chaine cinétique ouverte pour votre santé - Blog santé,bienfaits insoupçonnés chaine,https://www.celyatis.com/blog/metier-sante/chaine-cinetique-ouverte.html,2026-08-28
www.celyatis.com/,Comment renforcer et étirer efficacement la chaîne postérieure ? - Blog santé,efficacement chaîne postérieure,https://www.celyatis.com/blog/metier-sante/chaine-posterieur.html,2026-08-28
www.celyatis.com/,Charles.co : la 1ere plateforme de téléconsultation de médecin sexologue en ligne ! - Blog santé,charles co,https://www.celyatis.com/blog/metier-sante/charles-co-la-1ere-plateforme-de-teleconsultation-de-medecin-sexologue-en-ligne.html,2026-08-28
www.celyatis.com/,Qui est Chekroune Farouk et quelle est son influence dans le domaine de la santé ? - Blog santé,est chekroune farouk,https://www.celyatis.com/blog/metier-sante/chekroune-farouk.html,2026-08-28
www.celyatis.com/,Comment trouver le meilleur kinésithérapeute dans le 20ème arrondissement de Paris ? - Blog santé,kinésithérapeute 20ème arrondissement,https://www.celyatis.com/blog/metier-sante/chez-kine-paris-20.html,2026-08-28
www.celyatis.com/,Chiropracteur et bienfaits : pourquoi consulter un spécialiste du dos ? - Blog santé,chiropracteur bienfaits,https://www.celyatis.com/blog/metier-sante/chiropracteur-bienfaits.html,2026-08-28
www.celyatis.com/,A quoi sert un Chiropracteur ? - Blog santé,quoi sert chiropracteur,https://www.celyatis.com/blog/metier-sante/chiropracteur.html,2026-08-28
www.celyatis.com/,Christelle Dallerac : qui est cette nouvelle influenceuse du bien-être ? - Blog santé,christelle dallerac,https://www.celyatis.com/blog/metier-sante/christelle-dallerac.html,2026-08-28
www.celyatis.com/,Combien coûte une consultation avec Christophe Fauré ? - Blog santé,consultation christophe fauré,https://www.celyatis.com/blog/metier-sante/christophe-faure-prix-consultation.html,2026-08-28
www.celyatis.com/,Qui est Claire Boutier et pourquoi parle-t-on tant de ses méthodes de santé innovantes ? - Blog santé,est claire boutier,https://www.celyatis.com/blog/metier-sante/claire-boutier.html,2026-08-28
www.celyatis.com/,Coiffe des rotateurs : tout ce que vous devez savoir sur l'opération - Blog santé,coiffe rotateurs,https://www.celyatis.com/blog/metier-sante/coiffe-des-rotateurs-operation.html,2026-08-28
www.celyatis.com/,Combien de séances de kiné pour une cervicalgie ? - Blog santé,séances kiné cervicalgie,https://www.celyatis.com/blog/metier-sante/combien-de-seance-de-kine-pour-cervicale.html,2026-08-28
www.celyatis.com/,Combien de séances de kiné sont nécessaires pour soigner une tendinite ? - Blog santé,kiné sont nécessaires,https://www.celyatis.com/blog/metier-sante/combien-de-seance-de-kine-pour-une-tendinite.html,2026-08-28
www.celyatis.com/,Combien de séances de kiné pour une capsulite : tout savoir sur la rééducation. - Blog santé,séances kiné capsulite,https://www.celyatis.com/blog/metier-sante/combien-de-seances-de-kine-pour-une-capsulite.html,2026-08-28
www.celyatis.com/,"Comment améliorer la qualité de vie des personnes âgées à domicile : bien-être, autonomie et aides techniques essentielles - Blog santé",personnes âgées domicile,https://www.celyatis.com/blog/metier-sante/comment-ameliorer-la-qualite-de-vie-des-personnes-agees-a-domicile-bien-etre-autonomie-et-aides-techniques-essentielles.html,2026-08-28
www.celyatis.com/,"astuces pour réussir une formation en hygiène, sécurité et environnement",hygiène sécurité environnement,https://www.celyatis.com/blog/metier-sante/comment-assurer-une-formation-efficace-en-hygiene-securite-et-environnement.html,2026-08-28
www.celyatis.com/,Comment bien choisir sa complémentaire santé sans se tromper - Blog santé,complémentaire santé sans,https://www.celyatis.com/blog/metier-sante/comment-bien-choisir-sa-complementaire-sante-sans-se-tromper.html,2026-08-28
www.celyatis.com/,Les étapes pour devenir commercial en parapharmacie,devenir commercial parapharmacie,https://www.celyatis.com/blog/metier-sante/comment-devenir-commercial-en-parapharmacie.html,2026-08-28
www.celyatis.com/,Comment devenir un expert en bien-être holistique ? - Blog santé,expert être holistique,https://www.celyatis.com/blog/metier-sante/comment-devenir-un-expert-en-bien-etre-holistique.html,2026-08-28
www.celyatis.com/,Comment éviter l'opération de la hanche ? Stratégies de prévention et alternatives thérapeutiques - Blog santé,prévention alternatives thérapeutiques,https://www.celyatis.com/blog/metier-sante/comment-eviter-l-operation-de-la-hanche.html,2026-08-28
www.celyatis.com/,Découvrez le fonctionnement du remplacement de la kinésithérapie,fonctionnement remplacement kinésithérapie,https://www.celyatis.com/blog/metier-sante/comment-fonctionne-le-remplacement-de-la-kinesitherapie.html,2026-08-28
www.celyatis.com/,Comment les centres dentaires de Saint-Denis innovent dans la prise en charge ? - Blog santé,saint denis innovent,https://www.celyatis.com/blog/metier-sante/comment-les-centres-dentaires-de-saint-denis-innovent-dans-la-prise-en-charge.html,2026-08-28
www.celyatis.com/,Comment se déroule un rendez-vous chez un gastroentérologue ? - Blog santé,vous chez gastroentérologue,https://www.celyatis.com/blog/metier-sante/comment-se-deroule-un-rendez-vous-chez-un-gastroenterologue.html,2026-08-28
www.celyatis.com/,Quelles sont les complications potentielles après une fracture du poignet ? - Blog santé,après fracture poignet,https://www.celyatis.com/blog/metier-sante/complication-fracture-poignet.html,2026-08-28
www.celyatis.com/,Pourquoi le conflit de hanche est-il une source fréquente de douleurs chez les athlètes ? - Blog santé,pourquoi conflit hanche,https://www.celyatis.com/blog/metier-sante/conflit-de-hanche.html,2026-08-28
www.celyatis.com/,Comment soulager le conflit sous-acromial grâce à des exercices ciblés ? - Blog santé,sous acromial grâce,https://www.celyatis.com/blog/metier-sante/conflit-sous-acromial-exercices.html,2026-08-28
www.celyatis.com/,Conflit sous-acromial : stratégies de rééducation kinésithérapique pour une récupération optimale - Blog santé,conflit sous acromial,https://www.celyatis.com/blog/metier-sante/conflit-sous-acromial-reeducation-kine.html,2026-08-28
www.celyatis.com/,Comment la kinésithérapie peut soulager les contractures musculaires - Blog santé,soulager contractures musculaires,https://www.celyatis.com/blog/metier-sante/contracture-musculaire-kine.html,2026-08-28
www.celyatis.com/,Coup du lapin : combien de temps d'arrêt de travail est nécessaire ? - Blog santé,coup lapin,https://www.celyatis.com/blog/metier-sante/coup-du-lapin-arret-de-travail.html,2026-08-28
www.celyatis.com/,Traitement kinésithérapique de la coxarthrose : des solutions pour soulager la douleur et améliorer la mobilité. - Blog santé,traitement kinésithérapique coxarthrose,https://www.celyatis.com/blog/metier-sante/coxarthrose-traitement-kinesitherapique.html,2026-08-28
www.celyatis.com/,Pourquoi ressent-on une décharge électrique dans la main ? - Blog santé,on décharge électrique,https://www.celyatis.com/blog/metier-sante/decharge-electrique-main.html,2026-08-28
www.celyatis.com/,Douleurs à l'omoplate : est-ce un décollement et comment réagir ? - Blog santé,douleurs omoplate,https://www.celyatis.com/blog/metier-sante/decollement-omoplate.html,2026-08-28
www.celyatis.com/,Comprendre et Contrer les Déformations des Doigts : Guide Pratique pour une Santé Manuelle Optimale - Blog santé,contrer déformations doigts,https://www.celyatis.com/blog/metier-sante/deformations-des-doigts.html,2026-08-28
www.celyatis.com/,Consultation avec un dentiste en ligne gratuit : est-ce vraiment possible ? - Blog santé,dentiste ligne gratuit,https://www.celyatis.com/blog/metier-sante/dentiste-en-ligne-gratuit.html,2026-08-28
www.celyatis.com/,Comment choisir le meilleur dentiste pour votre enfant ? - Blog santé,choisir meilleur dentiste,https://www.celyatis.com/blog/metier-sante/dentiste-pour-enfant.html,2026-08-28
www.celyatis.com/,Dépression après une séance d'ostéopathie: est-ce normal ? - Blog santé,ostéopathie est normal,https://www.celyatis.com/blog/metier-sante/depression-apres-seance-osteopathie.html,2026-08-28
www.celyatis.com/,Trouver le meilleur dermatologue dans la Drôme : conseils et adresses essentiels - Blog santé,trouver meilleur dermatologue,https://www.celyatis.com/blog/metier-sante/dermato-drome.html,2026-08-28
www.celyatis.com/,Trouver le meilleur dermato à Mâcon : conseils et adresses incontournables - Blog santé,meilleur dermato mâcon,https://www.celyatis.com/blog/metier-sante/dermato-macon.html,2026-08-28
www.celyatis.com/,Trouver le meilleur dermatologue à Doullens : Conseils et informations essentiels - Blog santé,meilleur dermatologue doullens,https://www.celyatis.com/blog/metier-sante/dermatologue-doullens.html,2026-08-28
www.celyatis.com/,Dermatologue en ligne gratuit : est-ce vraiment possible ? - Blog santé,dermatologue ligne gratuit,https://www.celyatis.com/blog/metier-sante/dermatologue-en-ligne-gratuit.html,2026-08-28
www.celyatis.com/,Trouver le meilleur dermatologue à Périgueux : conseils et recommandations - Blog santé,meilleur dermatologue périgueux,https://www.celyatis.com/blog/metier-sante/dermatologue-perigueux.html,2026-08-28
www.celyatis.com/,Trouver le meilleur dermatologue à Talence : conseils et adresses - Blog santé,meilleur dermatologue talence,https://www.celyatis.com/blog/metier-sante/dermatologue-talence.html,2026-08-28
www.celyatis.com/,Les causes et les solutions pour surmonter la difficulté à marcher - Blog santé,surmonter difficulté marcher,https://www.celyatis.com/blog/metier-sante/difficulte-a-marcher.html,2026-08-28
www.celyatis.com/,Comprendre les spécialités du docteur Boucherie à Orsay : quels services propose-t-il ? - Blog santé,spécialités docteur boucherie,https://www.celyatis.com/blog/metier-sante/docteur-boucherie-orsay.html,2026-08-28
www.celyatis.com/,Qui est le docteur Cambefort et pourquoi fait-il l'actualité dans le domaine de la santé ? - Blog santé,docteur cambefort pourquoi,https://www.celyatis.com/blog/metier-sante/docteur-cambefort.html,2026-08-28
www.celyatis.com/,Qui est le docteur Ceyrac et pourquoi son approche de la santé fait-elle tant parler ? - Blog santé,docteur ceyrac pourquoi,https://www.celyatis.com/blog/metier-sante/docteur-ceyrac.html,2026-08-28
www.celyatis.com/,Quels services propose le docteur Cohen à Athis-Mons ? - Blog santé,docteur cohen athis,https://www.celyatis.com/blog/metier-sante/docteur-cohen-athis-mons.html,2026-08-28
www.celyatis.com/,Rencontre avec le docteur Hanganu : vision moderne de la médecine holistique - Blog santé,rencontre docteur hanganu,https://www.celyatis.com/blog/metier-sante/docteur-hanganu.html,2026-08-28
www.celyatis.com/,rencontre avec le docteur hautot : ce que vous devez savoir avant votre visite à la ciotat - Blog santé,rencontre docteur hautot,https://www.celyatis.com/blog/metier-sante/docteur-hautot-la-ciotat.html,2026-08-28
www.celyatis.com/,docteur hocine wittenheim : votre allié santé à découvrir - Blog santé,docteur hocine wittenheim,https://www.celyatis.com/blog/metier-sante/docteur-hocine-wittenheim.html,2026-08-28
www.celyatis.com/,Qui est le docteur Houssaint et pourquoi fait-il parler de lui dans le monde médical ? - Blog santé,est docteur houssaint,https://www.celyatis.com/blog/metier-sante/docteur-houssaint.html,2026-08-28
www.celyatis.com/,Qui est le docteur Le Coz à Gap et pourquoi devriez-vous le connaître ? - Blog santé,gap pourquoi devriez,https://www.celyatis.com/blog/metier-sante/docteur-le-coz-gap.html,2026-08-28
www.celyatis.com/,consultation chez docteur ogor à pont l'abbé : ce qu'il faut savoir avant votre rendez-vous - Blog santé,consultation chez docteur,https://www.celyatis.com/blog/metier-sante/docteur-ogor-pont-labbe.html,2026-08-28
www.celyatis.com/,"Qui est le docteur Sebastian, expert en innovations médicales ? - Blog santé",est docteur sebastian,https://www.celyatis.com/blog/metier-sante/docteur-sebastian.html,2026-08-28
www.celyatis.com/,Qui est le docteur Tode de Denain et quels sont ses domaines d'expertise ? - Blog santé,qui est docteur,https://www.celyatis.com/blog/metier-sante/docteur-tode-denain.html,2026-08-28
www.celyatis.com/,Comment les douleurs cervicales peuvent-elles causer une gêne respiratoire ? - Blog santé,douleurs cervicales peuvent,https://www.celyatis.com/blog/metier-sante/douleur-cervicale-et-gene-respiratoire.html,2026-08-28
www.celyatis.com/,Douleur à la clavicule droite et difficultés respiratoires : que pourrait-il s'agir ? - Blog santé,clavicule droite difficultés,https://www.celyatis.com/blog/metier-sante/douleur-clavicule-droite-respiration.html,2026-08-28
www.celyatis.com/,Comprendre et Soulager la Douleur du Coude et des Triceps: Guide Complet - Blog santé,douleur coude triceps,https://www.celyatis.com/blog/metier-sante/douleur-coude-triceps.html,2026-08-28
www.celyatis.com/,Comprendre et Gérer la Douleur : Du Genou à la Cheville - Blog santé,comprendre gérer douleur,https://www.celyatis.com/blog/metier-sante/douleur-du-genou-a-la-cheville.html,2026-08-28
www.celyatis.com/,Douleur inguinale après prothèse de hanche : que faire ? - Blog santé,après prothèse hanche,https://www.celyatis.com/blog/metier-sante/douleur-inguinale-apres-prothese-hanche.html,2026-08-28
www.celyatis.com/,Comment soulager efficacement les douleurs de l'articulation acromio-claviculaire ? - Blog santé,articulation acromio claviculaire,https://www.celyatis.com/blog/metier-sante/douleurs-acromio-claviculaire.html,2026-08-28
www.celyatis.com/,Comment soulager efficacement les douleurs aux épaules et cervicales : Guide complet - Blog santé,douleurs épaules cervicales,https://www.celyatis.com/blog/metier-sante/douleurs-epaules-et-cervicales.html,2026-08-28
www.celyatis.com/,Qui est le Dr Audouy Patrick et pourquoi gagne-t-il en notoriété dans le domaine de la santé ? - Blog santé,patrick pourquoi gagne,https://www.celyatis.com/blog/metier-sante/dr-audouy-patrick.html,2026-08-28
www.celyatis.com/,L'approche innovante du Dr Audouy en matière de soins de santé - Blog santé,approche innovante dr,https://www.celyatis.com/blog/metier-sante/dr-audouy.html,2026-08-28
www.celyatis.com/,Qui est le Dr Baziadoly et quelles sont ses contributions à la santé moderne ? - Blog santé,est dr baziadoly,https://www.celyatis.com/blog/metier-sante/dr-baziadoly.html,2026-08-28
www.celyatis.com/,Dr Benichou Cassis : découvrez le spécialiste en dermatologie derrière les soins innovants - Blog santé,dr benichou cassis,https://www.celyatis.com/blog/metier-sante/dr-benichou-cassis.html,2026-08-28
www.celyatis.com/,Qui est le Dr Bruno Didier et quelles sont ses contributions dans le domaine de la santé ? - Blog santé,est dr bruno,https://www.celyatis.com/blog/metier-sante/dr-bruno-didier.html,2026-08-28
www.celyatis.com/,Qui est le Dr Desbonnet et quelles sont ses contributions à la médecine moderne ? - Blog santé,est dr desbonnet,https://www.celyatis.com/blog/metier-sante/dr-desbonnet.html,2026-08-28
www.celyatis.com/,Qui est Dr Jalel Eddine Gloulou et pourquoi ses méthodes révolutionnent-elles la santé ? - Blog santé,eddine gloulou pourquoi,https://www.celyatis.com/blog/metier-sante/dr-jalel-eddine-gloulou.html,2026-08-28
www.celyatis.com/,Qui est le Dr Matthieu Gille et quelles sont ses contributions à la santé moderne ? - Blog santé,matthieu gille quelles,https://www.celyatis.com/blog/metier-sante/dr-matthieu-gille.html,2026-08-28
www.celyatis.com/,Qui est le Dr Sentenac et pourquoi son approche peut révolutionner votre santé ? - Blog santé,révolutionner votre santé,https://www.celyatis.com/blog/metier-sante/dr-sentenac.html,2026-08-28
www.celyatis.com/,Qui est le Dr Simonet de La Ciotat et comment peut-il changer votre approche de la santé ? - Blog santé,votre approche santé,https://www.celyatis.com/blog/metier-sante/dr-simonet-la-ciotat.html,2026-08-28
www.celyatis.com/,Comment le drainage lymphatique manuel réalisé par un kiné peut soulager vos maux ? - Blog santé,drainage lymphatique manuel,https://www.celyatis.com/blog/metier-sante/drainage-lymphatique-manuel-kine.html,2026-08-28
www.celyatis.com/,Combien de temps est valable une ordonnance de kiné ? - Blog santé,valable ordonnance kiné,https://www.celyatis.com/blog/metier-sante/duree-ordonnance-kine.html,2026-08-28
www.celyatis.com/,Combien de temps dure une séance de kinésithérapie à domicile ? - Blog santé,séance kinésithérapie domicile,https://www.celyatis.com/blog/metier-sante/duree-seance-kine-a-domicile.html,2026-08-28
www.celyatis.com/,Comprendre l'échelle UPDRS : une évaluation essentielle pour le suivi des troubles moteurs - Blog santé,comprendre échelle updrs,https://www.celyatis.com/blog/metier-sante/echelle-updrs.html,2026-08-28
www.celyatis.com/,École d'ostéopathie : un tremplin vers le métier d'ostéopathe - Blog santé,école ostéopathie,https://www.celyatis.com/blog/metier-sante/ecole-dosteopathie-un-tremplin-vers-le-metier-dosteopathe.html,2026-08-28
www.celyatis.com/,Effets secondaires courants après une séance d'ostéopathie : que faut-il savoir ? - Blog santé,après séance ostéopathie,https://www.celyatis.com/blog/metier-sante/effets-secondaires-apres-une-seance-dosteopathie.html,2026-08-28
www.celyatis.com/,Électrothérapie : quelles sont les contre-indications majeures ? - Blog santé,électrothérapie,https://www.celyatis.com/blog/metier-sante/electrotherapie-contre-indication.html,2026-08-28
www.celyatis.com/,Les bienfaits de l'électrothérapie en kinésithérapie - Blog santé,bienfaits électrothérapie kinésithérapie,https://www.celyatis.com/blog/metier-sante/electrotherapie-kinesitherapie.html,2026-08-28
www.celyatis.com/,Qu'est-ce que l'enthésopathie du tendon d'Achille et comment la traiter ? - Blog santé,que enthésopathie tendon,https://www.celyatis.com/blog/metier-sante/enthesopathie-du-tendon-d-achille.html,2026-08-28
www.celyatis.com/,Durée de guérison d'une entorse de Lisfranc : combien de temps faut-il pour se rétablir ? - Blog santé,guérison entorse lisfranc,https://www.celyatis.com/blog/metier-sante/entorse-de-lisfranc-duree.html,2026-08-28
www.celyatis.com/,Entorse de Lisfranc : faut-il opter pour une botte de marche ? - Blog santé,entorse lisfranc,https://www.celyatis.com/blog/metier-sante/entorse-lisfranc-botte-de-marche.html,2026-08-28
www.celyatis.com/,Tout ce que vous devez savoir sur l'entorse vertébrale - Blog santé,savoir entorse vertébrale,https://www.celyatis.com/blog/metier-sante/entorse-vertebrale.html,2026-08-28
www.celyatis.com/,Les bénéfices de la kinésithérapie dans le traitement de l'épicondylite - Blog santé,kinésithérapie traitement épicondylite,https://www.celyatis.com/blog/metier-sante/epicondylite-kine.html,2026-08-28
www.celyatis.com/,fatigue chronique : comment identifier les signes et prendre en charge le syndrome de l'épuisement ? - Blog santé,fatigue chronique,https://www.celyatis.com/blog/metier-sante/etire-cou.html,2026-08-28
www.celyatis.com/,Comment Soulager la Douleur des Adducteurs par des Étirements : Guide Complet - Blog santé,douleur adducteurs étirements,https://www.celyatis.com/blog/metier-sante/etirer-adducteur-douloureux.html,2026-08-28
www.celyatis.com/,Évolutions de carrière dans la petite Enfance : De CAP à directrice de crèche - Blog santé,évolutions carrière petite,https://www.celyatis.com/blog/metier-sante/evolutions-de-carriere-dans-la-petite-enfance-de-cap-a-directrice-de-creche.html,2026-08-28
www.celyatis.com/,Les démarches administratives pour la facturation des séances de kinésithérapie - Blog santé,facturation séances kinésithérapie,https://www.celyatis.com/blog/metier-sante/exemple-facture-kinesitherapie.html,2026-08-28
www.celyatis.com/,Comment soulager l'aponévrosite plantaire par des exercices spécifiques ? - Blog santé,plantaire exercices spécifiques,https://www.celyatis.com/blog/metier-sante/exercice-aponevrosite-plantaire.html,2026-08-28
www.celyatis.com/,Exercices de kinésithérapie pour soulager la tendinite de l'épaule - Blog santé,kinésithérapie soulager tendinite,https://www.celyatis.com/blog/metier-sante/exercice-kine-tendinite-epaule.html,2026-08-28
www.celyatis.com/,Comment soulager l'arthrose lombaire grâce à des exercices adaptés - Blog santé,lombaire grâce exercices,https://www.celyatis.com/blog/metier-sante/exercices-arthrose-lombaire.html,2026-08-28
www.celyatis.com/,Les meilleurs exercices de kiné pour les cervicales - Blog santé,exercices kiné cervicales,https://www.celyatis.com/blog/metier-sante/exercices-cervicales-kine.html,2026-08-28
www.celyatis.com/,Comment les exercices de kinésithérapie peuvent-ils aider à la rééducation après une hémiplegie ? - Blog santé,rééducation après hémiplegie,https://www.celyatis.com/blog/metier-sante/exercices-kine-hemiplegie.html,2026-08-28
www.celyatis.com/,Comment soulager la capsulite rétractile par des exercices de rééducation ? - Blog santé,rétractile exercices rééducation,https://www.celyatis.com/blog/metier-sante/exercices-reeducation-capsulite-retractile.html,2026-08-28
www.celyatis.com/,Extraction de dent de sagesse sous anesthésie locale : ce que vous devez savoir - Blog santé,extraction dent sagesse,https://www.celyatis.com/blog/metier-sante/extraction-dent-de-sagesse-anesthesie-locale.html,2026-08-28
www.celyatis.com/,Comment soulager la douleur causée par une fibrose cicatricielle ? - Blog santé,causée fibrose cicatricielle,https://www.celyatis.com/blog/metier-sante/fibrose-cicatricielle-douleur.html,2026-08-28
www.celyatis.com/,Les causes et les traitements des fissures du labrum de l'épaule - Blog santé,traitements fissures labrum,https://www.celyatis.com/blog/metier-sante/fissure-labrum-epaule.html,2026-08-28
www.celyatis.com/,"Fracture de l'avant-bras : symptômes, traitements et récupération - Blog santé",fracture avant bras,https://www.celyatis.com/blog/metier-sante/fracture-avant-bras.html,2026-08-28
www.celyatis.com/,Goyrand Smith : Tout ce que vous devez savoir sur les fractures rares - Blog santé,goyrand smith,https://www.celyatis.com/blog/metier-sante/fracture-de-goyrand-smith.html,2026-08-28
www.celyatis.com/,Fracture du radius : combien de temps pour une consolidation complète ? - Blog santé,fracture radius,https://www.celyatis.com/blog/metier-sante/fracture-du-radius-combien-de-temps-a-se-consolider.html,2026-08-28
www.celyatis.com/,"Fracture du Sacrum et Marche : Comprendre, Réagir et Se Rétablir - Blog santé",fracture sacrum marche,https://www.celyatis.com/blog/metier-sante/fracture-du-sacrum-et-marche.html,2026-08-28
www.celyatis.com/,Fracture de l'épaule : quelles démarches suivre après le diagnostic ? - Blog santé,fracture épaule,https://www.celyatis.com/blog/metier-sante/fracture-epaule-que-faire.html,2026-08-28
www.celyatis.com/,Les différentes étapes de guérison d'une fracture chez Gérard Marchant - Blog santé,guérison fracture chez,https://www.celyatis.com/blog/metier-sante/fracture-gerard-marchant.html,2026-08-28
www.celyatis.com/,Fracture de la main : combien de temps faut-il pour guérir ? - Blog santé,fracture main,https://www.celyatis.com/blog/metier-sante/fracture-main-temps-de-guerison.html,2026-08-28
www.celyatis.com/,Comment soigner une fracture du radius et de l'ulna ? - Blog santé,fracture radius ulna,https://www.celyatis.com/blog/metier-sante/fracture-radius-et-cubitus.html,2026-08-28
www.celyatis.com/,"Fracture du thorax : symptômes, traitement et rétablissement - Blog santé",fracture thorax,https://www.celyatis.com/blog/metier-sante/fracture-thorax.html,2026-08-28
www.celyatis.com/,Comprendre et Gérer la Fracture de la Vertèbre Cervicale : Guide Complet pour une Récupération Efficace - Blog santé,fracture vertèbre cervicale,https://www.celyatis.com/blog/metier-sante/fracture-vertebre-cervicale.html,2026-08-28
www.celyatis.com/,Comment traiter un panaris avec Fucidin ? - Blog santé,traiter panaris fucidin,https://www.celyatis.com/blog/metier-sante/fucidin-panaris.html,2026-08-28
www.celyatis.com/,Comment Utiliser Fungizone pour Lutter Contre les Infections Fongiques - Blog santé,fungizone lutter contre,https://www.celyatis.com/blog/metier-sante/fungizone.html,2026-08-28
www.celyatis.com/,Logiciel de gestion de cabinet médical : gagnez du temps et réduisez le stress,cabinet médical,https://www.celyatis.com/blog/metier-sante/gagnez-du-temps-et-reduisez-le-stress-administratif-grace-a-un-logiciel-de-gestion-de-cabinet-medical.html,2026-08-28
www.celyatis.com/,Comment trouver le meilleur gastro-pédiatre à Marseille ? - Blog santé,gastro pédiatre marseille,https://www.celyatis.com/blog/metier-sante/gastro-pediatre-marseille.html,2026-08-28
www.celyatis.com/,Pourquoi vos gencives saignent-elles et comment y remédier ? - Blog santé,gencives saignent elles,https://www.celyatis.com/blog/metier-sante/gencives-qui-saignent.html,2026-08-28
www.celyatis.com/,Trouver un gérontologue compétent près de chez moi : conseils et astuces - Blog santé,trouver gérontologue compétent,https://www.celyatis.com/blog/metier-sante/geriatre-autour-de-moi.html,2026-08-28
www.celyatis.com/,Traitement de la gonarthrose : l'importance de la kinésithérapie - Blog santé,traitement gonarthrose,https://www.celyatis.com/blog/metier-sante/gonarthrose-traitement-kine.html,2026-08-28
www.celyatis.com/,Trouver le meilleur gynécologue à Brignoles : conseils et adresses - Blog santé,meilleur gynécologue brignoles,https://www.celyatis.com/blog/metier-sante/gynecologue-brignoles.html,2026-08-28
www.celyatis.com/,Trouver un gynécologue en ligne : avantages et comment choisir le bon praticien ? - Blog santé,trouver gynécologue ligne,https://www.celyatis.com/blog/metier-sante/gynecologue-en-ligne.html,2026-08-28
www.celyatis.com/,Comment soulager la douleur provoquée par l'hallux valgus ? - Blog santé,douleur provoquée hallux,https://www.celyatis.com/blog/metier-sante/hallux-valgus-douleur.html,2026-08-28
www.celyatis.com/,Hallux valgus modéré : comment le soulager sans chirurgie ? - Blog santé,hallux valgus modéré,https://www.celyatis.com/blog/metier-sante/hallux-valgus-modere.html,2026-08-28
www.celyatis.com/,Comment soulager une hernie discale grâce à des exercices adaptés ? - Blog santé,grâce exercices adaptés,https://www.celyatis.com/blog/metier-sante/hernie-discale-exercices.html,2026-08-28
www.celyatis.com/,La rééducation kinésithérapique : un pilier essentiel pour traiter la hernie discale - Blog santé,rééducation kinésithérapique,https://www.celyatis.com/blog/metier-sante/hernie-discale-reeducation-kine.html,2026-08-28
www.celyatis.com/,Hygroma du coude : quelles sont les causes principales ? - Blog santé,hygroma coude,https://www.celyatis.com/blog/metier-sante/hygroma-coude-cause.html,2026-08-28
www.celyatis.com/,Hyperlaxité du coude : comment savoir si vous êtes concerné ? - Blog santé,hyperlaxité coude,https://www.celyatis.com/blog/metier-sante/hyperlaxe-coude.html,2026-08-28
www.celyatis.com/,Hypermétrope et myope : comprendre la différence pour mieux choisir ses lunettes - Blog santé,hypermétrope myope,https://www.celyatis.com/blog/metier-sante/hypermetrope-et-myope.html,2026-08-28
www.celyatis.com/,Impotence fonctionnelle : quel traitement pour retrouver ses capacités ? - Blog santé,impotence fonctionnelle,https://www.celyatis.com/blog/metier-sante/impotence-fonctionnelle-traitement.html,2026-08-28
www.celyatis.com/,Comprendre l'Infiltration de la Cheville après une Entorse : Processus et Récupération - Blog santé,cheville après entorse,https://www.celyatis.com/blog/metier-sante/infiltration-cheville-entorse.html,2026-08-28
www.celyatis.com/,Quels sont les signes à rechercher sur une IRM de la hanche douloureuse ? - Blog santé,rechercher irm hanche,https://www.celyatis.com/blog/metier-sante/irm-hanche-douloureuse.html,2026-08-28
www.celyatis.com/,Les bienfaits de la kinésithérapie selon Jérôme Auger - Blog santé,kinésithérapie selon jérôme,https://www.celyatis.com/blog/metier-sante/jerome-auger-kine.html,2026-08-28
www.celyatis.com/,Pourquoi la kinésithérapie est-elle au cœur de l'actualité santé ? - Blog santé,pourquoi kinésithérapie est,https://www.celyatis.com/blog/metier-sante/kine-actualite.html,2026-08-28
www.celyatis.com/,La kiné aquatique : est-ce vraiment bénéfique pour votre rééducation ? - Blog santé,kiné aquatique,https://www.celyatis.com/blog/metier-sante/kine-aquatique.html,2026-08-28
www.celyatis.com/,Les bienfaits de la kinésithérapie sportive pour améliorer vos performances - Blog santé,bienfaits kinésithérapie sportive,https://www.celyatis.com/blog/metier-sante/kine-de-sport.html,2026-08-28
www.celyatis.com/,Découvrir les bienfaits de la kinésithérapie à Gambsheim : Un guide complet - Blog santé,bienfaits kinésithérapie gambsheim,https://www.celyatis.com/blog/metier-sante/kine-gambsheim.html,2026-08-28
www.celyatis.com/,Rééducation du genou : les bienfaits de la kinésithérapie - Blog santé,rééducation genou,https://www.celyatis.com/blog/metier-sante/kine-genou-2.html,2026-08-28
www.celyatis.com/,Rééducation du genou : les bienfaits de la kinésithérapie pour une récupération optimale - Blog santé,rééducation genou,https://www.celyatis.com/blog/metier-sante/kine-genou.html,2026-08-28
www.celyatis.com/,La kinésithérapie pour soulager la hernie discale : tout ce que vous devez savoir - Blog santé,kinésithérapie soulager hernie,https://www.celyatis.com/blog/metier-sante/kine-hernie-discale.html,2026-08-28
www.celyatis.com/,Comment la kiné lombaire peut soulager vos douleurs de dos rapidement ? - Blog santé,kiné lombaire peut,https://www.celyatis.com/blog/metier-sante/kine-lombaire.html,2026-08-28
www.celyatis.com/,Comment la Kinésithérapie peut soulager votre Lombalgie : Techniques et Conseils - Blog santé,soulager votre lombalgie,https://www.celyatis.com/blog/metier-sante/kine-lombalgie.html,2026-08-28
www.celyatis.com/,La kiné neurologie : comment elle peut aider après un AVC ? - Blog santé,kiné neurologie,https://www.celyatis.com/blog/metier-sante/kine-neurologie.html,2026-08-28
www.celyatis.com/,Comment traiter l'omarthrose avec la kinésithérapie: Les meilleures approches et techniques - Blog santé,kinésithérapie meilleures approches,https://www.celyatis.com/blog/metier-sante/kine-omarthrose.html,2026-08-28
www.celyatis.com/,Comment trouver le meilleur kiné à Ormesson pour votre rééducation? - Blog santé,ormesson votre rééducation,https://www.celyatis.com/blog/metier-sante/kine-ormesson.html,2026-08-28
www.celyatis.com/,Trouver un kiné ostéopathe conventionné: comment s'y prendre? - Blog santé,kiné ostéopathe conventionné,https://www.celyatis.com/blog/metier-sante/kine-osteopathe-conventionne.html,2026-08-28
www.celyatis.com/,Découvrir les Meilleures Pratiques de Kinésithérapie à Paris 17 - Blog santé,pratiques kinésithérapie paris,https://www.celyatis.com/blog/metier-sante/kine-paris-17.html,2026-08-28
www.celyatis.com/,Les bienfaits de la kinésithérapie pour soulager les douleurs dorsales - Blog santé,soulager douleurs dorsales,https://www.celyatis.com/blog/metier-sante/kine-pour-le-dos.html,2026-08-28
www.celyatis.com/,La Pressothérapie : Un Outil Innovant dans les Mains du Kinésithérapeute - Blog santé,pressothérapie,https://www.celyatis.com/blog/metier-sante/kine-pratiquant-la-pressotherapie.html,2026-08-28
www.celyatis.com/,Kiné spécialiste de la main : une expertise essentielle pour retrouver mobilité et confort - Blog santé,kiné spécialiste main,https://www.celyatis.com/blog/metier-sante/kine-specialiste-de-la-main.html,2026-08-28
www.celyatis.com/,Comment trouver le meilleur kiné spécialiste de l'épaule dans votre région ? - Blog santé,meilleur kiné spécialiste,https://www.celyatis.com/blog/metier-sante/kine-specialiste-de-lepaule-2.html,2026-08-28
www.celyatis.com/,Les meilleurs kinésithérapeutes spécialistes de l'épaule : guide complet - Blog santé,meilleurs kinésithérapeutes spécialistes,https://www.celyatis.com/blog/metier-sante/kine-specialiste-de-lepaule.html,2026-08-28
www.celyatis.com/,Le kinésithérapeute spécialiste du genou : votre allié pour une récupération optimale ! - Blog santé,kinésithérapeute spécialiste genou,https://www.celyatis.com/blog/metier-sante/kine-specialiste-du-genou.html,2026-08-28
www.celyatis.com/,Kiné Sportif de Haut Niveau : Secrets et Techniques d'Optimisation de la Performance - Blog santé,kiné sportif haut,https://www.celyatis.com/blog/metier-sante/kine-sportif-de-haut-niveau.html,2026-08-28
www.celyatis.com/,Les bienfaits de la kinésithérapie pour bébé : tout ce que vous devez savoir - Blog santé,bienfaits kinésithérapie bébé,https://www.celyatis.com/blog/metier-sante/kinesitherapeute-bebe.html,2026-08-28
www.celyatis.com/,Kinésithérapie et Football : Comment un Kinésithérapeute Améliore la Performance des Joueurs sur le Terrain - Blog santé,kinésithérapie football,https://www.celyatis.com/blog/metier-sante/kinesitherapeute-football.html,2026-08-28
www.celyatis.com/,Comment la kinésithérapie par onde de choc peut soulager vos douleurs chroniques ? - Blog santé,kinésithérapie onde choc,https://www.celyatis.com/blog/metier-sante/kinesitherapeute-onde-de-choc.html,2026-08-28
www.celyatis.com/,Comment choisir le meilleur kinésithérapeute à Paris 17 ? - Blog santé,meilleur kinésithérapeute paris,https://www.celyatis.com/blog/metier-sante/kinesitherapeute-paris-17.html,2026-08-28
www.celyatis.com/,Découvrir le Monde de la Kinésithérapie Pédiatrique à Paris : Un Guide Complet - Blog santé,kinésithérapie pédiatrique paris,https://www.celyatis.com/blog/metier-sante/kinesitherapeute-pediatrique-paris.html,2026-08-28
www.celyatis.com/,Pourquoi choisir un kinésithérapeute pour votre rééducation ? - Blog santé,kinésithérapeute votre rééducation,https://www.celyatis.com/blog/metier-sante/kinesitherapeute-reeducation.html,2026-08-28
www.celyatis.com/,Kinésithérapie et massage : quelle différence et quel choix pour votre bien-être ? - Blog santé,kinésithérapie massage,https://www.celyatis.com/blog/metier-sante/kinesitherapie-massage.html,2026-08-28
www.celyatis.com/,Comment traiter un kyste paralabral de la hanche efficacement ? - Blog santé,paralabral hanche efficacement,https://www.celyatis.com/blog/metier-sante/kyste-paralabral-hanche-traitement.html,2026-08-28
www.celyatis.com/,La kinésiologie holistique : Comprendre son approche globale - Blog santé,kinésiologie holistique,https://www.celyatis.com/blog/metier-sante/la-kinesiologie-holistique-comprendre-son-approche-globale.html,2026-08-28
www.celyatis.com/,Les causes et les traitements pour une lésion du labrum de la hanche - Blog santé,lésion labrum hanche,https://www.celyatis.com/blog/metier-sante/labrum-hanche.html,2026-08-28
www.celyatis.com/,Ledum palustre 9 CH : quelle posologie pour votre trousse d'homéopathie ? - Blog santé,ledum palustre ch,https://www.celyatis.com/blog/metier-sante/ledum-palustre-9-ch-posologie.html,2026-08-28
www.celyatis.com/,Les Meilleurs Outils pour Optimiser la Gestion de Votre Cabinet de Kinésithérapie - Blog santé,votre cabinet kinésithérapie,https://www.celyatis.com/blog/metier-sante/les-meilleurs-outils-pour-optimiser-la-gestion-de-votre-cabinet-de-kinesitherapie.html,2026-08-28
www.celyatis.com/,Comment traiter les lésions de la colonne vertébrale efficacement ? - Blog santé,colonne vertébrale efficacement,https://www.celyatis.com/blog/metier-sante/lesion-colonne-vertebrale.html,2026-08-28
www.celyatis.com/,Comment prévenir et traiter les lésions musculaires chez les sportifs ? - Blog santé,lésions musculaires chez,https://www.celyatis.com/blog/metier-sante/lesions-musculaires.html,2026-08-28
www.celyatis.com/,Licence de psychologie : les débouchés professionnels et les opportunités de carrière - Blog santé,licence psychologie,https://www.celyatis.com/blog/metier-sante/licence-de-psychologie-les-debouches-professionnels-et-les-opportunites-de-carriere.html,2026-08-28
www.celyatis.com/,Temps de guérison après une rupture du ligament croisé : ce que vous devez savoir - Blog santé,rupture ligament croisé,https://www.celyatis.com/blog/metier-sante/ligament-croise-temps-de-guerison.html,2026-08-28
www.celyatis.com/,Comprendre et Traiter les Blessures Ligamentaires: Un Guide Complet - Blog santé,traiter blessures ligamentaires,https://www.celyatis.com/blog/metier-sante/ligamentaires.html,2026-08-28
www.celyatis.com/,Tout ce que vous devez savoir sur la ligamentoplastie du genou - Blog santé,devez savoir ligamentoplastie,https://www.celyatis.com/blog/metier-sante/ligamentoplastie-genou.html,2026-08-28
www.celyatis.com/,Ligamentoplastie du genou : guide complet de la récupération et des soins post-opératoires - Blog santé,ligamentoplastie genou,https://www.celyatis.com/blog/metier-sante/ligamentoplastie-genoux.html,2026-08-28
www.celyatis.com/,Pourquoi les blessures aux ligaments des doigts ne doivent pas être prises à la légère ? - Blog santé,pourquoi blessures ligaments,https://www.celyatis.com/blog/metier-sante/ligaments-doigts.html,2026-08-28
www.celyatis.com/,Qui est Lilya Boucherit ? Plongée dans l'histoire d'une experte en santé - Blog santé,est lilya boucherit,https://www.celyatis.com/blog/metier-sante/lilya-boucherit.html,2026-08-28
www.celyatis.com/,L'importance des mutuelles santé dans la prévention des maladies : guide 2026,mutuelles santé prévention,https://www.celyatis.com/blog/metier-sante/limportance-des-mutuelles-sante-dans-la-prevention-des-maladies.html,2026-08-28
www.celyatis.com/,L'importance d’une assurance adaptée à votre activité Bien-être - Blog santé,assurance adaptée votre,https://www.celyatis.com/blog/metier-sante/limportance-dune-assurance-adaptee-a-votre-activite-bien-etre.html,2026-08-28
www.celyatis.com/,Comment traiter une luxation d'épaule efficacement ? - Blog santé,épaule efficacement,https://www.celyatis.com/blog/metier-sante/luxation-depaule.html,2026-08-28
www.celyatis.com/,Luxation du coude : comment identifier les signes sur une photo ? - Blog santé,luxation coude,https://www.celyatis.com/blog/metier-sante/luxation-du-coude-photo.html,2026-08-28
www.celyatis.com/,Luxation du genou : quelles actions immédiates adopter ? - Blog santé,luxation genou,https://www.celyatis.com/blog/metier-sante/luxation-genou-conduite-a-tenir.html,2026-08-28
www.celyatis.com/,Comprendre la relation entre la maladie de Dupuytren et la polyarthrite : une approche globale de la santé des articulations - Blog santé,maladie dupuytren polyarthrite,https://www.celyatis.com/blog/metier-sante/maladie-de-dupuytren-et-polyarthrite.html,2026-08-28
www.celyatis.com/,Les Manipulateurs : Pourquoi Et Comment Les Démasquer? - Blog santé,manipulateurs,https://www.celyatis.com/blog/metier-sante/manipulateur.html,2026-08-28
www.celyatis.com/,Comprendre le Mécanisme du Saut : Un Regard Approfondi sur la Physiologie Humaine - Blog santé,comprendre mécanisme saut,https://www.celyatis.com/blog/metier-sante/mecanisme-du-saut.html,2026-08-28
www.celyatis.com/,Trouver le bon médecin à Brétignolles-sur-Mer : Conseils et adresses utiles - Blog santé,bon médecin brétignolles,https://www.celyatis.com/blog/metier-sante/medecin-bretignolles-sur-mer.html,2026-08-28
www.celyatis.com/,Médecin généraliste: Le guide complet - Blog santé,médecin généraliste,https://www.celyatis.com/blog/metier-sante/medecin-generaliste.html,2026-08-28
www.celyatis.com/,Les avantages de choisir mediksanté à Toulouse pour vos soins médicaux - Blog santé,avantages choisir mediksanté,https://www.celyatis.com/blog/metier-sante/mediksante-toulouse.html,2026-08-28
www.celyatis.com/,Comment trouver le meilleur rhumatologue à Paris ? - Blog santé,meilleur rhumatologue paris,https://www.celyatis.com/blog/metier-sante/meilleur-rhumatologue-paris.html,2026-08-28
www.celyatis.com/,Qui est Michael Robba et pourquoi ses méthodes de bien-être révolutionnent-elles la santé moderne ? - Blog santé,est michael robba,https://www.celyatis.com/blog/metier-sante/michael-robba.html,2026-08-28
www.celyatis.com/,Comment optimiser la minéralisation osseuse pour une meilleure santé des os ? - Blog santé,optimiser minéralisation osseuse,https://www.celyatis.com/blog/metier-sante/mineralisation-osseuse.html,2026-08-28
www.celyatis.com/,Comment les mouvements adaptés peuvent-ils aider en cas de hernie discale ? - Blog santé,adaptés peuvent ils,https://www.celyatis.com/blog/metier-sante/mouvement-hernie-discale.html,2026-08-28
www.celyatis.com/,Comment Soulager et Renforcer le Muscle à l'Arrière du Crâne : Guide Pratique - Blog santé,muscle arrière crâne,https://www.celyatis.com/blog/metier-sante/muscle-arriere-crane.html,2026-08-28
www.celyatis.com/,Comment renforcer les muscles de l'épaule pour prévenir les blessures ? - Blog santé,muscles épaule prévenir,https://www.celyatis.com/blog/metier-sante/muscle-de-l-epaule.html,2026-08-28
www.celyatis.com/,Choisir sa mutuelle kiné : quels critères pour une prise en charge optimale ? - Blog santé,choisir sa mutuelle,https://www.celyatis.com/blog/metier-sante/mutuelle-kine.html,2026-08-28
www.celyatis.com/,"Mutuelle senior : comment bien choisir sa complémentaire pourun bon remboursement dentaire, optique et audition ? - Blog santé",mutuelle senior,https://www.celyatis.com/blog/metier-sante/mutuelle-senior-comment-bien-choisir-sa-complementaire-pourun-bon-remboursement-dentaire-optique-et-audition.html,2026-08-28
www.celyatis.com/,Myopie et hypermétropie : comprendre les troubles de la vision les plus courants - Blog santé,myopie hypermétropie,https://www.celyatis.com/blog/metier-sante/myopie-et-hypermetropie.html,2026-08-28
www.celyatis.com/,Naturopathe en ligne : comment choisir le bon praticien pour une consultation virtuelle ? - Blog santé,naturopathe ligne,https://www.celyatis.com/blog/metier-sante/naturopathe-en-ligne.html,2026-08-28
www.celyatis.com/,Comment soulager un nerf coincé dans le dos ? - Blog santé,nerf coincé dos,https://www.celyatis.com/blog/metier-sante/nerf-dans-le-dos.html,2026-08-28
www.celyatis.com/,Neuropsy : comment comprendre et soigner les troubles cognitifs ? - Blog santé,neuropsy,https://www.celyatis.com/blog/metier-sante/neuropsy.html,2026-08-28
www.celyatis.com/,La rééducation kinésithérapique dans le traitement de la névralgie cervico-brachiale - Blog santé,névralgie cervico brachiale,https://www.celyatis.com/blog/metier-sante/nevralgie-cervico-brachiale-reeducation-kine.html,2026-08-28
www.celyatis.com/,Comment soulager le névrome de Morton avec la kinésithérapie - Blog santé,névrome morton kinésithérapie,https://www.celyatis.com/blog/metier-sante/nevrome-de-morton-kine.html,2026-08-28
www.celyatis.com/,Qui est Noëlle Croisy et pourquoi ses recherches en santé mentale sont-elles importantes ? - Blog santé,est noëlle croisy,https://www.celyatis.com/blog/metier-sante/noelle-croisy.html,2026-08-28
www.celyatis.com/,Combien de séances de kinésithérapie sont nécessaires pour traiter une lombalgie efficacement ? - Blog santé,kinésithérapie sont nécessaires,https://www.celyatis.com/blog/metier-sante/nombre-de-seance-de-kine-pour-lombalgie.html,2026-08-28
www.celyatis.com/,Les bienfaits des ondes de choc pour la santé - Blog santé,ondes choc santé,https://www.celyatis.com/blog/metier-sante/ondes-de-choc.html,2026-08-28
www.celyatis.com/,Comment se préparer à une opération de la coiffe des rotateurs ? - Blog santé,coiffe rotateurs,https://www.celyatis.com/blog/metier-sante/operation-de-la-coiffe-de-lepaule.html,2026-08-28
www.celyatis.com/,Opération de la dysplasie de la hanche chez l'adulte : tout ce que vous devez savoir ! - Blog santé,hanche chez adulte,https://www.celyatis.com/blog/metier-sante/operation-dysplasie-hanche-adulte.html,2026-08-28
www.celyatis.com/,Rééducation après une opération de la hanche : Conseils et exercices pour un rétablissement efficace - Blog santé,rééducation après,https://www.celyatis.com/blog/metier-sante/operation-hanche-reeducation.html,2026-08-28
www.celyatis.com/,Opération du poignet avec plaque : tout ce que vous devez savoir avant de passer sous le bistouri - Blog santé,opération poignet plaque,https://www.celyatis.com/blog/metier-sante/operation-poignet-avec-plaque.html,2026-08-28
www.celyatis.com/,Comment se remettre efficacement après une opération du syndrome des loges ? - Blog santé,syndrome loges,https://www.celyatis.com/blog/metier-sante/operation-syndrome-des-loges.html,2026-08-28
www.celyatis.com/,Comprendre l'Opération Vertébrale : Guide Détaillé pour une Récupération Saine - Blog santé,comprendre opération vertébrale,https://www.celyatis.com/blog/metier-sante/operation-vertebre.html,2026-08-28
www.celyatis.com/,Trouver le meilleur ophtalmologue à Limoges : conseils et adresses - Blog santé,meilleur ophtalmologue limoges,https://www.celyatis.com/blog/metier-sante/ophtalmologue-limoges.html,2026-08-28
www.celyatis.com/,Comprendre la Durée de Validité d'une Ordonnance Kine: Ce que Vous Devez Savoir - Blog santé,validité ordonnance kine,https://www.celyatis.com/blog/metier-sante/ordonnance-kine-valable.html,2026-08-28
www.celyatis.com/,Les kinés recommandent : L'oreiller idéal pour votre santé - Blog santé,kinés recommandent,https://www.celyatis.com/blog/metier-sante/oreiller-conseille-par-les-kines.html,2026-08-28
www.celyatis.com/,Trouver le meilleur ORL à Marseille : conseils et adresses incontournables - Blog santé,meilleur orl marseille,https://www.celyatis.com/blog/metier-sante/orl-marseille.html,2026-08-28
www.celyatis.com/,Comment soulager la douleur de la maladie d'Osgood-Schlatter par des exercices adaptés ? - Blog santé,douleur maladie osgood,https://www.celyatis.com/blog/metier-sante/osgood-schlatter-exercices-2.html,2026-08-28
www.celyatis.com/,Ostéo à Samoëns : comment trouver le meilleur spécialiste ? - Blog santé,ostéo samoëns,https://www.celyatis.com/blog/metier-sante/osteo-samoens.html,2026-08-28
www.celyatis.com/,Comment l'ostéopathie peut soulager les migraines : tout ce que vous devez savoir - Blog santé,peut soulager migraines,https://www.celyatis.com/blog/metier-sante/osteopathe-migraine.html,2026-08-28
www.celyatis.com/,Rencontrez votre Sauveur: Comment un Ostéopathe Spécialiste du Pied peut Révolutionner votre Santé ? - Blog santé,votre sauveur ostéopathe,https://www.celyatis.com/blog/metier-sante/osteopathe-specialiste-pied.html,2026-08-28
www.celyatis.com/,Pourquoi choisir un ostéopathe spécialisé dans le sport à Paris ? - Blog santé,pourquoi choisir ostéopathe,https://www.celyatis.com/blog/metier-sante/osteopathe-sport-paris.html,2026-08-28
www.celyatis.com/,Ostéopathie méditerranéenne : les spécificités de la pratique dans le Sud de la France - Blog santé,ostéopathie méditerranéenne,https://www.celyatis.com/blog/metier-sante/osteopathie-mediterraneenne-les-specificites-de-la-pratique-dans-le-sud-de-la-france.html,2026-08-28
www.celyatis.com/,Les bienfaits de l'ostéopathie pédiatrique pour votre enfant - Blog santé,bienfaits ostéopathie pédiatrique,https://www.celyatis.com/blog/metier-sante/osteopathie-pediatrique.html,2026-08-28
www.celyatis.com/,L'ostéopathie viscérale est-elle sans risque pour votre santé ? - Blog santé,ostéopathie viscérale est,https://www.celyatis.com/blog/metier-sante/osteopathie-viscerale-danger.html,2026-08-28
www.celyatis.com/,Outils EBM et médecine générale : vers une prise de décision éclairée - Blog santé,ebm médecine générale,https://www.celyatis.com/blog/metier-sante/outils-ebm-et-medecine-generale-vers-une-prise-de-decision-eclairee.html,2026-08-28
www.celyatis.com/,Comment soulager la douleur des muscles paravertébraux efficacement ? - Blog santé,muscles paravertébraux efficacement,https://www.celyatis.com/blog/metier-sante/paravertebraux.html,2026-08-28
www.celyatis.com/,Peut-on consulter un pédiatre en ligne gratuitement ? - Blog santé,on consulter pédiatre,https://www.celyatis.com/blog/metier-sante/pediatre-en-ligne-gratuit.html,2026-08-28
www.celyatis.com/,Comment la physiothérapie peut soulager votre douleur à l'épaule ? - Blog santé,physiothérapie peut soulager,https://www.celyatis.com/blog/metier-sante/physio-epaule.html,2026-08-28
www.celyatis.com/,La physiothérapie antalgique du rachis lombaire : soulager la douleur et retrouver la mobilité - Blog santé,physiothérapie antalgique rachis,https://www.celyatis.com/blog/metier-sante/physiotherapie-antalgique-rachis-lombaire.html,2026-08-28
www.celyatis.com/,La physiothérapie antalgique : soulager la douleur efficacement - Blog santé,physiothérapie antalgique,https://www.celyatis.com/blog/metier-sante/physiotherapie-antalgique.html,2026-08-28
www.celyatis.com/,"Le pied creux : causes, symptômes et traitements possibles - Blog santé",pied creux,https://www.celyatis.com/blog/metier-sante/pied-creu.html,2026-08-28
www.celyatis.com/,Piqûre de chenille processionnaire: comment réagir et traiter les démangeaisons ? - Blog santé,piqûre chenille processionnaire,https://www.celyatis.com/blog/metier-sante/piqure-de-chenille-processionnaire.html,2026-08-28
www.celyatis.com/,Les Dangers de la Piqure GHB - Blog santé,dangers piqure ghb,https://www.celyatis.com/blog/metier-sante/piqure-ghb.html,2026-08-28
www.celyatis.com/,Comment récupérer rapidement après une opération du canal carpien ? - Blog santé,opération canal carpien,https://www.celyatis.com/blog/metier-sante/post-op-canal-carpien.html,2026-08-28
www.celyatis.com/,Pourquoi tant de Français perdent la vue trop tôt ? - Blog santé,pourquoi tant français,https://www.celyatis.com/blog/metier-sante/pourquoi-tant-de-francais-perdent-la-vue-trop-tot.html,2026-08-28
www.celyatis.com/,La Préparation Ultime pour Devenir un Kinésithérapeute Efficace : Un Guide Complet - Blog santé,devenir kinésithérapeute efficace,https://www.celyatis.com/blog/metier-sante/prepa-kinesitherapeute.html,2026-08-28
www.celyatis.com/,Prise de sang et détection du gluten : comment ça marche ? - Blog santé,sang détection gluten,https://www.celyatis.com/blog/metier-sante/prise-de-sang-gluten.html,2026-08-28
www.celyatis.com/,Comment reconnaître et traiter le problème de pied plat ? - Blog santé,problème pied plat,https://www.celyatis.com/blog/metier-sante/probleme-pied-plat.html,2026-08-28
www.celyatis.com/,Psychiatre en ligne : comment choisir le bon spécialiste pour une thérapie à distance ? - Blog santé,psychiatre ligne,https://www.celyatis.com/blog/metier-sante/psychiatre-en-ligne-2.html,2026-08-28
www.celyatis.com/,Psychiatre en ligne : la solution pour votre santé mentale - Blog santé,psychiatre ligne,https://www.celyatis.com/blog/metier-sante/psychiatre-en-ligne-la-solution-pour-votre-sante-mentale.html,2026-08-28
www.celyatis.com/,Psychiatre en ligne : est-ce aussi efficace qu'une consultation en cabinet ? - Blog santé,psychiatre ligne,https://www.celyatis.com/blog/metier-sante/psychiatre-en-ligne.html,2026-08-28
www.celyatis.com/,Trouver le meilleur psychiatre à Narbonne : conseils et astuces - Blog santé,meilleur psychiatre narbonne,https://www.celyatis.com/blog/metier-sante/psychiatre-narbonne.html,2026-08-28
www.celyatis.com/,Réserver une consultation chez le psychiatre en ligne : comment et pourquoi? - Blog santé,consultation chez psychiatre,https://www.celyatis.com/blog/metier-sante/psychiatre-rdv-en-ligne.html,2026-08-28
www.celyatis.com/,Consultation avec un psychologue à Andernos : comment trouver le bon professionnel ? - Blog santé,consultation psychologue andernos,https://www.celyatis.com/blog/metier-sante/psychologue-andernos.html,2026-08-28
www.celyatis.com/,Comment trouver le meilleur psychologue à Bar-le-Duc ? - Blog santé,trouver meilleur psychologue,https://www.celyatis.com/blog/metier-sante/psychologue-bar-le-duc.html,2026-08-28
www.celyatis.com/,Choisir le bon psychologue à Obernai : conseils et critères de sélection - Blog santé,bon psychologue obernai,https://www.celyatis.com/blog/metier-sante/psychologue-obernai.html,2026-08-28
www.celyatis.com/,Quel est le rôle d’un psychomotricien ? - Blog santé,est rôle psychomotricien,https://www.celyatis.com/blog/metier-sante/psychomotricien.html,2026-08-28
www.celyatis.com/,Les clés de la qualité pour devenir kinésithérapeute - Blog santé,qualité devenir kinésithérapeute,https://www.celyatis.com/blog/metier-sante/qualite-pour-etre-kine.html,2026-08-28
www.celyatis.com/,Le guide ultime pour choisir le meilleur médicament pour les chevaux,meilleur médicament chevaux,https://www.celyatis.com/blog/metier-sante/quel-est-le-meilleur-medicament-pour-les-chevaux.html,2026-08-28
www.celyatis.com/,Le gastro-entérologue : expert du microbiote intestinal,gastro entérologue,https://www.celyatis.com/blog/metier-sante/quel-est-le-role-du-gastro-enterologue-en-tant-que-specialiste-du-microbiote.html,2026-08-28
www.celyatis.com/,Quelles informations sont nécessaires pour un devis mutuelle ? - Blog santé,nécessaires devis mutuelle,https://www.celyatis.com/blog/metier-sante/quelles-informations-sont-necessaires-pour-un-devis-mutuelle.html,2026-08-28
www.celyatis.com/,Quelles sont les missions d’un opticien à Bruxelles ? - Blog santé,missions opticien bruxelles,https://www.celyatis.com/blog/metier-sante/quelles-sont-les-missions-dun-opticien-a-bruxelles.html,2026-08-28
www.celyatis.com/,Découvrez les prestations de santé disponibles pour vous,découvrez prestations santé,https://www.celyatis.com/blog/metier-sante/quelles-sont-les-prestations-offertes-en-matiere-de-sante.html,2026-08-28
www.celyatis.com/,Quels sont les symptômes de la maladie de Morton et comment la traiter ? - Blog santé,symptômes maladie morton,https://www.celyatis.com/blog/metier-sante/quels-sont-les-symptomes-de-la-maladie-de-morton.html,2026-08-28
www.celyatis.com/,Apnée du sommeil sévère : reconnaître les symptômes,apnée sommeil sévère,https://www.celyatis.com/blog/metier-sante/quels-sont-les-symptomes-de-lapnee-du-sommeil-severe.html,2026-08-28
www.celyatis.com/,Qu’est-ce qu’une formation dpc ? - Blog santé,qu formation dpc,https://www.celyatis.com/blog/metier-sante/quest-ce-quune-formation-dpc.html,2026-08-28
www.celyatis.com/,Découvrez qui se cache derrière Bernard Hygiène,cache derrière bernard,https://www.celyatis.com/blog/metier-sante/qui-est-bernard-hygiene.html,2026-08-28
www.celyatis.com/,Radiologie à Aix-en-Provence : imagerie médicale et scanner au centre IMAPRO de l’HPP - Blog santé,radiologie aix provence,https://www.celyatis.com/blog/metier-sante/radiologie-a-aix-en-provence-imagerie-medicale-et-scanner-au-centre-imapro-de-lhpp.html,2026-08-28
www.celyatis.com/,Dois-je attendre longtemps pour un rdv chez le neurologue? - Blog santé,chez neurologue,https://www.celyatis.com/blog/metier-sante/rdv-neurologue.html,2026-08-28
www.celyatis.com/,Comment prendre un rdv podologue en ligne facilement ? - Blog santé,podologue ligne facilement,https://www.celyatis.com/blog/metier-sante/rdv-podologue-en-ligne.html,2026-08-28
www.celyatis.com/,Rééducation du Recurvatum du Genou : Les Techniques de Kinésithérapie Essentielles - Blog santé,rééducation recurvatum genou,https://www.celyatis.com/blog/metier-sante/recurvatum-genou-reeducation-kine.html,2026-08-28
www.celyatis.com/,Rééducation après éventration : Retrouver sa force et sa mobilité - Blog santé,rééducation après éventration,https://www.celyatis.com/blog/metier-sante/reeducation-apres-eventration.html,2026-08-28
www.celyatis.com/,Rééducation post-fracture de vertèbre dorsale : Guide complet pour une récupération réussie - Blog santé,fracture vertèbre dorsale,https://www.celyatis.com/blog/metier-sante/reeducation-apres-fracture-vertebre-dorsale.html,2026-08-28
www.celyatis.com/,Comment la rééducation du col du fémur peut-elle améliorer la vie des personnes âgées ? - Blog santé,fémur peut elle,https://www.celyatis.com/blog/metier-sante/reeducation-col-du-femur-personne-agee.html,2026-08-28
www.celyatis.com/,Rééducation après une fracture du poignet : guide complet des exercices et conseils essentiels - Blog santé,rééducation après fracture,https://www.celyatis.com/blog/metier-sante/reeducation-fracture-poignet.html,2026-08-28
www.celyatis.com/,Rééducation après une blessure de Lisfranc: Comment retrouver sa mobilité ? - Blog santé,après blessure lisfranc,https://www.celyatis.com/blog/metier-sante/reeducation-lisfranc.html,2026-08-28
www.celyatis.com/,La rééducation après une luxation de l'épaule - Blog santé,rééducation après luxation,https://www.celyatis.com/blog/metier-sante/reeducation-luxation-epaule.html,2026-08-28
www.celyatis.com/,Comment la rééducation de la main chez le kiné peut améliorer votre qualité de vie ? - Blog santé,rééducation main chez,https://www.celyatis.com/blog/metier-sante/reeducation-main-kine.html,2026-08-28
www.celyatis.com/,Comment optimiser votre rééducation de la marche après une blessure ? - Blog santé,votre rééducation marche,https://www.celyatis.com/blog/metier-sante/reeducation-marche.html,2026-08-28
www.celyatis.com/,La rééducation post-partum : l'importance de prendre soin de son corps après l'accouchement - Blog santé,rééducation post partum,https://www.celyatis.com/blog/metier-sante/reeducation-post-partum.html,2026-08-28
www.celyatis.com/,Comment la méditation contribue à la régulation du système nerveux ? - Blog santé,méditation contribue régulation,https://www.celyatis.com/blog/metier-sante/regulation-du-systeme-nerveux.html,2026-08-28
www.celyatis.com/,Comment réguler son système nerveux naturellement ? - Blog santé,système nerveux naturellement,https://www.celyatis.com/blog/metier-sante/reguler-son-systeme-nerveux.html,2026-08-28
www.celyatis.com/,"Remedical : services, expertise et accompagnement santé - Blog santé",remedical,https://www.celyatis.com/blog/metier-sante/remedical-services-expertise-et-accompagnement-sante.html,2026-08-28
www.celyatis.com/,Comment le renforcement musculaire en kinésithérapie peut améliorer votre rééducation ? - Blog santé,renforcement musculaire kinésithérapie,https://www.celyatis.com/blog/metier-sante/renforcement-musculaire-kinesitherapie.html,2026-08-28
www.celyatis.com/,Reprise du sport après une entorse de la cheville : comment s'y prendre ? - Blog santé,après entorse cheville,https://www.celyatis.com/blog/metier-sante/reprise-sport-apres-entorse-cheville.html,2026-08-28
www.celyatis.com/,Comment trouver le meilleur rhumatologue à Nice ? - Blog santé,trouver meilleur rhumatologue,https://www.celyatis.com/blog/metier-sante/rhumatologue-nice.html,2026-08-28
www.celyatis.com/,Quand consulter un rhumatologue pédiatre pour votre enfant ? - Blog santé,rhumatologue pédiatre votre,https://www.celyatis.com/blog/metier-sante/rhumatologue-pediatre.html,2026-08-28
www.celyatis.com/,Comment construire une protection santé solide quand on est travailleur indépendant ? - Blog santé,protection santé solide,https://www.celyatis.com/blog/metier-sante/rotection-sante-solide-travailleur-independant.html,2026-08-28
www.celyatis.com/,Rupture de l'aponévrose : comment la reconnaître et la traiter ? - Blog santé,rupture aponévrose,https://www.celyatis.com/blog/metier-sante/rupture-de-laponevrose.html,2026-08-28
www.celyatis.com/,La Rupture du Ligament Croisé Antérieur : Découvrez le Temps de Guérison et les Facteurs Influents - Blog santé,rupture ligament croisé,https://www.celyatis.com/blog/metier-sante/rupture-du-ligament-croise-anterieur-temps-de-guerison.html,2026-08-28
www.celyatis.com/,Comment se remettre d'une rupture des ligaments scapho-lunaire ? - Blog santé,ligaments scapho lunaire,https://www.celyatis.com/blog/metier-sante/rupture-ligaments-scapho-lunaire.html,2026-08-28
www.celyatis.com/,La sage-femme en ligne réinvente-t-elle le suivi de grossesse ? - Blog santé,réinvente elle suivi,https://www.celyatis.com/blog/metier-sante/sage-femme-en-ligne.html,2026-08-28
www.celyatis.com/,À la rencontre des sages-femmes d'Hennebont : accompagnement et services en maternité - Blog santé,sages femmes hennebont,https://www.celyatis.com/blog/metier-sante/sage-femme-hennebont.html,2026-08-28
www.celyatis.com/,Comment trouver un sexologue en ligne gratuit ? - Blog santé,trouver sexologue ligne,https://www.celyatis.com/blog/metier-sante/sexologue-en-ligne-gratuit.html,2026-08-28
www.celyatis.com/,Consulter un sexologue à Marseille : comment choisir le bon professionnel ? - Blog santé,consulter sexologue marseille,https://www.celyatis.com/blog/metier-sante/sexologue-marseille.html,2026-08-28
www.celyatis.com/,Sexologue remboursement : comment obtenir une prise en charge par votre assurance santé ? - Blog santé,sexologue remboursement,https://www.celyatis.com/blog/metier-sante/sexologue-remboursement.html,2026-08-28
www.celyatis.com/,Pourquoi consulter un sexologue à Valence ? Les bénéfices insoupçonnés - Blog santé,pourquoi consulter sexologue,https://www.celyatis.com/blog/metier-sante/sexologue-valence.html,2026-08-28
www.celyatis.com/,Comment trouver le bon sexothérapeute pour votre couple ? - Blog santé,bon sexothérapeute votre,https://www.celyatis.com/blog/metier-sante/sexotherapeuthe.html,2026-08-28
www.celyatis.com/,Sinusite et complications oculaires: quels sont les effets sur vos yeux ? - Blog santé,sinusite complications oculaires,https://www.celyatis.com/blog/metier-sante/sinusite-effet-sur-les-yeux.html,2026-08-28
www.celyatis.com/,Trouver le bon site de psychopraticien pour votre santé mentale - Blog santé,psychopraticien votre santé,https://www.celyatis.com/blog/metier-sante/site-de-psychopraticien.html,2026-08-28
www.celyatis.com/,Lesion slap de l'épaule : comment la reconnaître et la traiter ? - Blog santé,lesion slap épaule,https://www.celyatis.com/blog/metier-sante/slap-lesion-epaule.html,2026-08-28
www.celyatis.com/,Pourquoi consulter un sophrologue pour gérer le stress quotidien ? - Blog santé,sophrologue gérer stress,https://www.celyatis.com/blog/metier-sante/sofrologo.html,2026-08-28
www.celyatis.com/,Qui est Sophie Tran et comment a-t-elle transformé le bien-être moderne ? - Blog santé,est sophie tran,https://www.celyatis.com/blog/metier-sante/sophie-tran.html,2026-08-28
www.celyatis.com/,Comment un spécialiste peut-il soulager votre tendinite ? - Blog santé,soulager votre tendinite,https://www.celyatis.com/blog/metier-sante/specialiste-tendinite.html,2026-08-28
www.celyatis.com/,Spermogramme mauvais : quels sont les impacts sur la fertilité masculine ? - Blog santé,spermogramme mauvais,https://www.celyatis.com/blog/metier-sante/spermogramme-mauvais.html,2026-08-28
www.celyatis.com/,Spondylolisthésis par lyse isthmique: comprendre et gérer cette affection vertébrale - Blog santé,spondylolisthésis lyse isthmique,https://www.celyatis.com/blog/metier-sante/spondylolisthesis-par-lyse-isthmique.html,2026-08-28
www.celyatis.com/,Sport et Alcoolisme : Un duo toxique pour la santé - Blog santé,sport alcoolisme,https://www.celyatis.com/blog/metier-sante/sport-et-alcoolisme.html,2026-08-28
www.celyatis.com/,Strapping de l'épaule : est-ce efficace pour soulager une tendinite ? - Blog santé,strapping épaule,https://www.celyatis.com/blog/metier-sante/strapping-epaule-tendinite.html,2026-08-28
www.celyatis.com/,- Blog santé,blog santé,https://www.celyatis.com/blog/metier-sante/symptomes-entites.html,2026-08-28
www.celyatis.com/,Traitement kiné du syndrome des loges : conseils et techniques efficaces - Blog santé,traitement kiné syndrome,https://www.celyatis.com/blog/metier-sante/syndrome-des-loges-traitement-kine.html,2026-08-28
www.celyatis.com/,Combien de temps dure le syndrome du piriforme et comment accélérer la récupération ? - Blog santé,syndrome piriforme accélérer,https://www.celyatis.com/blog/metier-sante/syndrome-du-piriforme-duree.html,2026-08-28
www.celyatis.com/,Tendinite du coude : comment soulager la douleur et accélérer la guérison ? - Blog santé,tendinite coude,https://www.celyatis.com/blog/metier-sante/tandinite-coude.html,2026-08-28
www.celyatis.com/,Quel est le prix d'une séance de tecarthérapie ? - Blog santé,prix séance tecarthérapie,https://www.celyatis.com/blog/metier-sante/tecartherapie-prix.html,2026-08-28
www.celyatis.com/,"Soulager la tendinite du coude, le mal fréquent des grimpeurs d'escalade - Blog santé",fréquent grimpeurs escalade,https://www.celyatis.com/blog/metier-sante/tendinite-coude-escalade.html,2026-08-28
www.celyatis.com/,Comment l'ostéopathie peut-elle soulager une tendinite de l'épaule ? - Blog santé,ostéopathie peut elle,https://www.celyatis.com/blog/metier-sante/tendinite-epaule-osteopathie.html,2026-08-28
www.celyatis.com/,Comment soulager la tendinite de l'extenseur ulnaire du carpe efficacement ? - Blog santé,extenseur ulnaire carpe,https://www.celyatis.com/blog/metier-sante/tendinite-extenseur-ulnaire-du-carpe.html,2026-08-28
www.celyatis.com/,Ostéopathe ou Kiné : Quel est le meilleur choix pour traiter la tendinite ? - Blog santé,ostéopathe kiné,https://www.celyatis.com/blog/metier-sante/tendinite-osteopathe-ou-kine.html,2026-08-28
www.celyatis.com/,Les causes et traitements de la tenosynovite du long biceps - Blog santé,tenosynovite long biceps,https://www.celyatis.com/blog/metier-sante/tenosynovite-long-biceps.html,2026-08-28
www.celyatis.com/,La thérapie manuelle orthopédique : une approche efficace pour soulager les douleurs musculo-squelettiques - Blog santé,thérapie manuelle orthopédique,https://www.celyatis.com/blog/metier-sante/therapie-manuelle-orthopedique.html,2026-08-28
www.celyatis.com/,Thermothérapie en kinésithérapie : quels sont ses bienfaits et comment peut-elle soulager vos douleurs ? - Blog santé,thermothérapie kinésithérapie,https://www.celyatis.com/blog/metier-sante/thermotherapie-kinesitherapie.html,2026-08-28
www.celyatis.com/,Thyroïde et chute de cheveux : comprenez le lien et comment y remédier - Blog santé,thyroïde chute cheveux,https://www.celyatis.com/blog/metier-sante/thyroide-et-cheveux.html,2026-08-28
www.celyatis.com/,Comment soulager un torticolis grâce à l'ostéopathie ? - Blog santé,torticolis grâce ostéopathie,https://www.celyatis.com/blog/metier-sante/torticolis-osteopathe.html,2026-08-28
www.celyatis.com/,Traction cervicale chez le kiné : quand et comment est-elle pratiquée ? - Blog santé,traction cervicale chez,https://www.celyatis.com/blog/metier-sante/traction-cervicale-kine.html,2026-08-28
www.celyatis.com/,Comment surmonter un traumatisme du genou : stratégies de rééducation et prévention - Blog santé,surmonter traumatisme genou,https://www.celyatis.com/blog/metier-sante/traumatisme-genou.html,2026-08-28
www.celyatis.com/,Comment traiter efficacement les traumatismes de la main? - Blog santé,traiter efficacement traumatismes,https://www.celyatis.com/blog/metier-sante/traumatismes-de-la-main.html,2026-08-28
www.celyatis.com/,Troubles du sommeil : qui consulter pour un meilleur sommeil ? - Blog santé,troubles sommeil,https://www.celyatis.com/blog/metier-sante/troubles-du-sommeil-qui-consulter-pour-un-meilleur-sommeil.html,2026-08-28
www.celyatis.com/,Trouver une mutuelle santé adaptée : comment faire ? - Blog santé,mutuelle santé adaptée,https://www.celyatis.com/blog/metier-sante/trouver-une-mutuelle-sante-adaptee-comment-faire.html,2026-08-28
www.celyatis.com/,"Comprendre les différents types de blessures: Prévention, traitement et guérison - Blog santé",blessures prévention traitement,https://www.celyatis.com/blog/metier-sante/types-de-blessure.html,2026-08-28
www.celyatis.com/,Que faire en cas d'urgence dentaire pédiatrique : guide pratique pour les parents - Blog santé,urgence dentaire pédiatrique,https://www.celyatis.com/blog/metier-sante/urgence-dentaire-pediatrique.html,2026-08-28
www.celyatis.com/,Quand consulter un urologue pour un problème de testicule ? - Blog santé,urologue problème testicule,https://www.celyatis.com/blog/metier-sante/urologue-testicule.html,2026-08-28
www.celyatis.com/,Quelles sont les missions d’un urologue ? - Blog santé,quelles sont missions,https://www.celyatis.com/blog/metier-sante/urologue.html,2026-08-28
www.celyatis.com/,Le verrouillage lombaire : comprendre et prévenir les douleurs dorsales - Blog santé,verrouillage lombaire,https://www.celyatis.com/blog/metier-sante/verrouillage-lombaire.html,2026-08-28
www.celyatis.com/,Comment soulager une vertèbre bloquée chez soi ? - Blog santé,vertèbre bloquée chez,https://www.celyatis.com/blog/metier-sante/vertebre-bloquee.html,2026-08-28
www.celyatis.com/,Qu'est-ce que l'examen VNG et pourquoi est-il important pour votre santé vestibulaire ? - Blog santé,votre santé vestibulaire,https://www.celyatis.com/blog/metier-sante/vng-examen.html,2026-08-28
www.celyatis.com/,10 Remèdes de grand-mère efficaces pour faire baisser naturellement votre glycémie - Blog santé,efficaces faire baisser,https://www.celyatis.com/blog/soulager-guerir/10-remedes-grand-mere-efficaces-faire-baisser-naturellement-votre-glycemie.html,2026-08-28
www.celyatis.com/,12 remèdes maison efficaces contre les varices - Blog santé,efficaces contre varices,https://www.celyatis.com/blog/soulager-guerir/12-remedes-maison-efficaces-contre-les-varices.html,2026-08-28
www.celyatis.com/,3 conseils pratiques pour mieux vivre avec l'incontinence urinaire - Blog santé,mieux vivre incontinence,https://www.celyatis.com/blog/soulager-guerir/3-conseils-pratiques-pour-mieux-vivre-avec-lincontinence-urinaire.html,2026-08-28
www.celyatis.com/,4 exercices pour atténuer les douleurs aux jambes - Blog santé,atténuer douleurs jambes,https://www.celyatis.com/blog/soulager-guerir/4-exercices-pour-attenuer-les-douleurs-aux-jambes.html,2026-08-28
www.celyatis.com/,8 Rue Auger : Un itinéraire vers le bien-être et la santé - Blog santé,rue auger,https://www.celyatis.com/blog/soulager-guerir/8-rue-auger.html,2026-08-28
www.celyatis.com/,Aides pour se rééduquer après une longue maladie : reprendre confiance en son corps - Blog santé,après longue maladie,https://www.celyatis.com/blog/soulager-guerir/aides-pour-se-reeduquer-apres-une-longue-maladie-reprendre-confiance-en-son-corps.html,2026-08-28
www.celyatis.com/,Aigreurs d'estomac : les remèdes naturels pour neutraliser l'acidité - Blog santé,aigreurs estomac,https://www.celyatis.com/blog/soulager-guerir/aigreur-estomac-remede-naturel.html,2026-08-28
www.celyatis.com/,Allergie au soleil : quels remèdes de grand-mère apaisent vraiment - Blog santé,allergie soleil,https://www.celyatis.com/blog/soulager-guerir/allergie-au-soleil-quels-remedes-de-grand-mere-apaisent-vraiment.html,2026-08-28
www.celyatis.com/,Allergie du cuir chevelu : comment reconnaître les symptômes et agir ? - Blog santé,allergie cuir chevelu,https://www.celyatis.com/blog/soulager-guerir/allergie-cuir-chevelu.html,2026-08-28
www.celyatis.com/,Alzheimer : adapter l'accompagnement en maison de retraite - Blog santé,alzheimer,https://www.celyatis.com/blog/soulager-guerir/alzheimer-adapter-laccompagnement-en-maison-de-retraite.html,2026-08-28
www.celyatis.com/,Angine : les remèdes naturels qui soulagent sans antibiotiques - Blog santé,angine,https://www.celyatis.com/blog/soulager-guerir/angine-remede-naturel.html,2026-08-28
www.celyatis.com/,Anti-douleur musculaire puissant naturel : les solutions les plus efficaces - Blog santé,anti douleur musculaire,https://www.celyatis.com/blog/soulager-guerir/anti-douleur-musculaire-puissant.html,2026-08-28
www.celyatis.com/,Aphte : les remèdes naturels pour une cicatrisation rapide - Blog santé,aphte,https://www.celyatis.com/blog/soulager-guerir/aphte-remede-naturel.html,2026-08-28
www.celyatis.com/,Apnée du sommeil : quels remèdes de grand-mère fonctionnent ? - Blog santé,apnée sommeil,https://www.celyatis.com/blog/soulager-guerir/apnee-du-sommeil-quels-remedes-de-grand-mere-fonctionnent.html,2026-08-28
www.celyatis.com/,Aponévrosite plantaire persistante : solutions efficaces - Blog santé,aponévrosite plantaire persistante,https://www.celyatis.com/blog/soulager-guerir/aponevrosite-plantaire-persistante-solutions-efficaces.html,2026-08-28
www.celyatis.com/,Traitement de l'aponevrosite plantaire par la kinésithérapie - Blog santé,aponevrosite plantaire kinésithérapie,https://www.celyatis.com/blog/soulager-guerir/aponevrosite-plantaire-traitement-kine.html,2026-08-28
www.celyatis.com/,Aromathérapie : huiles essentielles pour la détente - Blog santé,aromathérapie,https://www.celyatis.com/blog/soulager-guerir/aromatherapie-huiles-essentielles-pour-la-detente.html,2026-08-28
www.celyatis.com/,Les ruptures osseuses de la cheville : tout savoir sur cette blessure fréquente - Blog santé,ruptures osseuses cheville,https://www.celyatis.com/blog/soulager-guerir/arrachement-osseux-cheville.html,2026-08-28
www.celyatis.com/,Comprendre le Temps de Guérison après un Arrachement Osseux : Guide Complet - Blog santé,comprendre temps guérison,https://www.celyatis.com/blog/soulager-guerir/arrachement-osseux-temps-de-guerison.html,2026-08-28
www.celyatis.com/,"Comprendre l'Arthropathie Acromio Claviculaire et la Tendinite : Causes, Symptômes et Traitements - Blog santé",arthropathie acromio claviculaire,https://www.celyatis.com/blog/soulager-guerir/arthropathie-acromio-claviculaire-et-tendinite.html,2026-08-28
www.celyatis.com/,Arrêt de Travail pour Arthrose Cervicale : Un Guide Complet - Blog santé,travail arthrose cervicale,https://www.celyatis.com/blog/soulager-guerir/arthrose-cervicale-arret-de-travail.html,2026-08-28
www.celyatis.com/,Comment soulager l’arthrose cervicale et réduire la douleur nocturne ? - Blog santé,cervicale réduire douleur,https://www.celyatis.com/blog/soulager-guerir/arthrose-cervicale-douleur-la-nuit.html,2026-08-28
www.celyatis.com/,Arthrose cervicale et sinusite : y a-t-il une connexion ? - Blog santé,arthrose cervicale sinusite,https://www.celyatis.com/blog/soulager-guerir/arthrose-cervicale-et-sinusite.html,2026-08-28
www.celyatis.com/,Les sports à éviter en cas d'arthrose cervicale - Blog santé,arthrose cervicale,https://www.celyatis.com/blog/soulager-guerir/arthrose-cervicale-sport-a-eviter.html,2026-08-28
www.celyatis.com/,"Arthrose de la colonne vertébrale : symptômes, causes et solutions pour soulager la douleur - Blog santé",arthrose colonne vertébrale,https://www.celyatis.com/blog/soulager-guerir/arthrose-colonne-vertebrale.html,2026-08-28
www.celyatis.com/,Comment gérer l'arthrose déformante du pied au quotidien ? - Blog santé,gérer arthrose déformante,https://www.celyatis.com/blog/soulager-guerir/arthrose-deformante-pied.html,2026-08-28
www.celyatis.com/,"Arthrose des doigts: causes, symptômes et traitements efficaces - Blog santé",arthrose doigts causes,https://www.celyatis.com/blog/soulager-guerir/arthrose-doigts.html,2026-08-28
www.celyatis.com/,Arthrose du chien : quels remèdes de grand-mère apaisent vraiment ? - Blog santé,arthrose chien,https://www.celyatis.com/blog/soulager-guerir/arthrose-du-chien-quels-remedes-de-grand-mere-apaisent-vraiment.html,2026-08-28
www.celyatis.com/,Arthrose du chien : quels remèdes de grand-mère soulagent vraiment ? - Blog santé,arthrose chien,https://www.celyatis.com/blog/soulager-guerir/arthrose-du-chien-quels-remedes-de-grand-mere-soulagent-vraiment.html,2026-08-28
www.celyatis.com/,Arthrose du gros orteil : remèdes naturels et conseils pratiques - Blog santé,arthrose gros orteil,https://www.celyatis.com/blog/soulager-guerir/arthrose-du-gros-orteil-remedes-naturels-et-conseils-pratiques.html,2026-08-28
www.celyatis.com/,Arthrose Fémoro-Patellaire: Comment le Traitement Kiné Peut Soulager Vos Douleurs - Blog santé,fémoro patellaire traitement,https://www.celyatis.com/blog/soulager-guerir/arthrose-femoro-patellaire-traitement-kine.html,2026-08-28
www.celyatis.com/,Les 5 meilleurs remèdes naturels pour soulager l'arthrose du pied - Blog santé,meilleurs remèdes naturels,https://www.celyatis.com/blog/soulager-guerir/arthrose-pied.html,2026-08-28
www.celyatis.com/,Les bienfaits de prendre l’Artimium 360 tous les jours - Blog santé,bienfaits prendre artimium,https://www.celyatis.com/blog/soulager-guerir/artimium-360.html,2026-08-28
www.celyatis.com/,Astuces pour améliorer la qualité de l'air intérieur - Blog santé,qualité air intérieur,https://www.celyatis.com/blog/soulager-guerir/astuces-pour-ameliorer-la-qualite-de-lair-interieur.html,2026-08-28
www.celyatis.com/,Astuces pour soulager les courbatures aux jambes - Blog santé,soulager courbatures jambes,https://www.celyatis.com/blog/soulager-guerir/astuces-pour-soulager-les-courbatures-aux-jambes-2.html,2026-08-28
www.celyatis.com/,Astuces pour soulager les courbatures aux jambes - Blog santé,soulager courbatures jambes,https://www.celyatis.com/blog/soulager-guerir/astuces-pour-soulager-les-courbatures-aux-jambes-3.html,2026-08-28
www.celyatis.com/,Astuces pour soulager les courbatures aux jambes - Blog santé,soulager courbatures jambes,https://www.celyatis.com/blog/soulager-guerir/astuces-pour-soulager-les-courbatures-aux-jambes.html,2026-08-28
www.celyatis.com/,Astuces pour un sommeil réparateur - Blog santé,astuces sommeil réparateur,https://www.celyatis.com/blog/soulager-guerir/astuces-pour-un-sommeil-reparateur.html,2026-08-28
www.celyatis.com/,avis et solutions contre la mauvaise haleine : témoignages et expériences vécues - Blog santé,contre mauvaise haleine,https://www.celyatis.com/blog/soulager-guerir/avis-et-solutions-contre-la-mauvaise-haleine-temoignages-et-experiences-vecues.html,2026-08-28
www.celyatis.com/,Pourquoi votre acuité visuelle baisse-t-elle ? Causes et solutions - Blog santé,visuelle baisse elle,https://www.celyatis.com/blog/soulager-guerir/baisse-acuite-visuelle.html,2026-08-28
www.celyatis.com/,Balanite récidivante : causes et solutions efficaces - Blog santé,balanite récidivante,https://www.celyatis.com/blog/soulager-guerir/balanite-recidivante-causes-et-solutions-efficaces.html,2026-08-28
www.celyatis.com/,Ballonnement : le remède naturel rapide pour retrouver un ventre plat - Blog santé,ballonnement,https://www.celyatis.com/blog/soulager-guerir/ballonnement-remede-naturel.html,2026-08-28
www.celyatis.com/,Comprendre et traiter la tendinite du avant-bras : Le rôle crucial du bandage - Blog santé,tendinite avant bras,https://www.celyatis.com/blog/soulager-guerir/bandage-tendinite-avant-bras.html,2026-08-28
www.celyatis.com/,Bénéfices du ginkgo biloba pour la circulation sanguine - Blog santé,ginkgo biloba circulation,https://www.celyatis.com/blog/soulager-guerir/benefices-du-ginkgo-biloba-pour-la-circulation-sanguine.html,2026-08-28
www.celyatis.com/,Bicarbonate et démangeaison intime : un remède efficace ? - Blog santé,bicarbonate démangeaison intime,https://www.celyatis.com/blog/soulager-guerir/bicarbonate-et-demangeaison-intime-un-remede-efficace.html,2026-08-28
www.celyatis.com/,Bienfaits du miel de Manuka pour la cicatrisation de la peau avec une crème réparatrice - Blog santé,manuka cicatrisation peau,https://www.celyatis.com/blog/soulager-guerir/bienfaits-du-miel-de-manuka-pour-la-cicatrisation-de-la-peau-avec-une-creme-reparatrice.html,2026-08-28
www.celyatis.com/,Comment prendre soin d'une blessure au pied et accélérer la guérison ? - Blog santé,pied accélérer guérison,https://www.celyatis.com/blog/soulager-guerir/blessure-au-pied.html,2026-08-28
www.celyatis.com/,Soins immédiats : comment réagir face à une blessure de corail ? - Blog santé,soins immédiats,https://www.celyatis.com/blog/soulager-guerir/blessure-corail.html,2026-08-28
www.celyatis.com/,Les principales blessures à la cuisse chez les joueurs de football - Blog santé,cuisse chez joueurs,https://www.celyatis.com/blog/soulager-guerir/blessure-cuisse-football.html,2026-08-28
www.celyatis.com/,Comment soigner une blessure à la main pour les boxeurs ? - Blog santé,blessure main boxeurs,https://www.celyatis.com/blog/soulager-guerir/blessure-du-boxeur-main.html,2026-08-28
www.celyatis.com/,Les blessures de cheville les plus courantes chez les joueurs de football - Blog santé,chez joueurs football,https://www.celyatis.com/blog/soulager-guerir/blessure-football-cheville.html,2026-08-28
www.celyatis.com/,Les clés pour prévenir et traiter les blessures sportives : Guide complet - Blog santé,traiter blessures sportives,https://www.celyatis.com/blog/soulager-guerir/blessure-sportive.html,2026-08-28
www.celyatis.com/,Comment Prévenir et Traiter les Blessures au Dos : Guide Complet pour une Santé Dorsale Optimale - Blog santé,prévenir traiter blessures,https://www.celyatis.com/blog/soulager-guerir/blessures-au-dos.html,2026-08-28
www.celyatis.com/,Prévenir et traiter les blessures aux jambes : conseils essentiels pour une récupération rapide - Blog santé,traiter blessures jambes,https://www.celyatis.com/blog/soulager-guerir/blessures-jambes.html,2026-08-28
www.celyatis.com/,Comment gérer une Allergie aux Boutons - Blog santé,gérer allergie boutons,https://www.celyatis.com/blog/soulager-guerir/bouton-allergie.html,2026-08-28
www.celyatis.com/,Bouton cuir chevelu : quels remèdes de grand-mère efficaces ? - Blog santé,bouton cuir chevelu,https://www.celyatis.com/blog/soulager-guerir/bouton-cuir-chevelu-quels-remedes-de-grand-mere-efficaces.html,2026-08-28
www.celyatis.com/,Bouton de fièvre : est-ce que l'argile est vraiment efficace ? Les avis des utilisateurs - Blog santé,bouton fièvre,https://www.celyatis.com/blog/soulager-guerir/bouton-de-fievre-argile-avis.html,2026-08-28
www.celyatis.com/,Bouton de fièvre : les remèdes naturels pour accélérer la guérison - Blog santé,bouton fièvre,https://www.celyatis.com/blog/soulager-guerir/bouton-fievre-remede-naturel.html,2026-08-28
www.celyatis.com/,"Bouton sur la langue : remèdes naturels, causes et traitements - Blog santé",bouton langue,https://www.celyatis.com/blog/soulager-guerir/bouton-langue-remede-naturel.html,2026-08-28
www.celyatis.com/,Bronchite : remèdes naturels pour dégager les bronches rapidement - Blog santé,bronchite,https://www.celyatis.com/blog/soulager-guerir/bronchite-remede-naturel.html,2026-08-28
www.celyatis.com/,Brûlures d'estomac : les remèdes naturels qui soulagent vite - Blog santé,brûlures estomac,https://www.celyatis.com/blog/soulager-guerir/brulure-estomac-remede-naturel.html,2026-08-28
www.celyatis.com/,Comment Surmonter l'Épine Calcanéenne: Traitement et Conseils Pratiques pour la Santé de vos Pieds - Blog santé,surmonter épine calcanéenne,https://www.celyatis.com/blog/soulager-guerir/calcaneenne-epine.html,2026-08-28
www.celyatis.com/,Cancer du pancréas : comprendre la maladie pour mieux la détecter - Blog santé,cancer pancréas,https://www.celyatis.com/blog/soulager-guerir/cancer-du-pancreas-comprendre-la-maladie-pour-mieux-la-detecter.html,2026-08-28
www.celyatis.com/,Capsulite de l'épaule : durée de guérison et traitement pour retrouver la mobilité - Blog santé,capsulite épaule,https://www.celyatis.com/blog/soulager-guerir/capsulite-lepaule-duree-guerison-traitement-retrouver-mobilite.html,2026-08-28
www.celyatis.com/,Carcinome : reconnaître un bouton persistant en images - Blog santé,carcinome,https://www.celyatis.com/blog/soulager-guerir/carcinome-reconnaitre-un-bouton-persistant-en-images.html,2026-08-28
www.celyatis.com/,CBD et récupération musculaire : La nouvelle arme des sportifs ? - Blog santé,cbd récupération musculaire,https://www.celyatis.com/blog/soulager-guerir/cbd-et-recuperation-musculaire-la-nouvelle-arme-des-sportifs.html,2026-08-28
www.celyatis.com/,Ceinture anti ronflement : Avis et informations précises - Blog santé,ceinture anti ronflement,https://www.celyatis.com/blog/soulager-guerir/ceinture-anti-ronflement-avis-et-informations-precises.html,2026-08-28
www.celyatis.com/,Découvrez le rôle essentiel du Centre de Kiné du Sport dans la récupération des athlètes - Blog santé,centre kiné sport,https://www.celyatis.com/blog/soulager-guerir/centre-de-kine-du-sport.html,2026-08-28
www.celyatis.com/,Découvrez le Meilleur Centre de Rééducation Cardio-Nutritionnelle à Paris Est: Un Guide Complet - Blog santé,rééducation cardio nutritionnelle,https://www.celyatis.com/blog/soulager-guerir/centre-de-reeducation-cardio-nutritionnelle-paris-est.html,2026-08-28
www.celyatis.com/,Chat qui tousse : quel remède naturel choisir ? - Blog santé,chat qui tousse,https://www.celyatis.com/blog/soulager-guerir/chat-qui-tousse-quel-remede-naturel-choisir.html,2026-08-28
www.celyatis.com/,Chat qui tousse : remèdes naturels et quand consulter le vétérinaire - Blog santé,chat qui tousse,https://www.celyatis.com/blog/soulager-guerir/chat-tousse-remede-naturel.html,2026-08-28
www.celyatis.com/,Chien qui se lèche les pattes : remèdes naturels pour le soulager - Blog santé,se lèche pattes,https://www.celyatis.com/blog/soulager-guerir/chien-leche-pattes-remede-naturel.html,2026-08-28
www.celyatis.com/,Chien qui tousse : quels remèdes de grand-mère efficaces ? - Blog santé,chien qui tousse,https://www.celyatis.com/blog/soulager-guerir/chien-qui-tousse-quels-remedes-de-grand-mere-efficaces.html,2026-08-28
www.celyatis.com/,Chirurgie esthétique des seins : comprendre les options et prendre une décision éclairée - Blog santé,chirurgie esthétique seins,https://www.celyatis.com/blog/soulager-guerir/chirurgie-esthetique-des-seins-comprendre-les-options-et-prendre-une-decision-eclairee.html,2026-08-28
www.celyatis.com/,Choix des béquilles : comment s'équiper ? - Blog santé,choix béquilles,https://www.celyatis.com/blog/soulager-guerir/choix-des-bequilles-comment-sequiper.html,2026-08-28
www.celyatis.com/,Choix des coussins de positionnement : guide complet - Blog santé,choix coussins positionnement,https://www.celyatis.com/blog/soulager-guerir/choix-des-coussins-de-positionnement-guide-complet.html,2026-08-28
www.celyatis.com/,Choix des déambulateurs : conseils pratiques - Blog santé,choix déambulateurs,https://www.celyatis.com/blog/soulager-guerir/choix-des-deambulateurs-conseils-pratiques.html,2026-08-28
www.celyatis.com/,Chute de cheveux : les remèdes naturels pour stopper la perte - Blog santé,chute cheveux,https://www.celyatis.com/blog/soulager-guerir/chute-cheveux-remede-naturel.html,2026-08-28
www.celyatis.com/,Cigarette électronique : est-elle vraiment efficace pour arrêter de fumer ? - Blog santé,cigarette électronique,https://www.celyatis.com/blog/soulager-guerir/cigarette-electronique-pour-arreter-de-fumer.html,2026-08-28
www.celyatis.com/,Colon irritable : quels remèdes de grand-mère sont efficaces ? - Blog santé,colon irritable,https://www.celyatis.com/blog/soulager-guerir/colon-irritable-quels-remedes-de-grand-mere-sont-efficaces.html,2026-08-28
www.celyatis.com/,Combien de séances de kiné pour une entorse à la cheville ? - Blog santé,kiné entorse cheville,https://www.celyatis.com/blog/soulager-guerir/combien-de-seance-de-kine-pour-entorse-cheville.html,2026-08-28
www.celyatis.com/,Combien de temps dure le syndrome du piriforme : un guide complet. - Blog santé,syndrome piriforme,https://www.celyatis.com/blog/soulager-guerir/combien-de-temps-dure-le-syndrome-du-piriforme.html,2026-08-28
www.celyatis.com/,Comment augmenter naturellement le taux d'oxygène dans le sang ? - Blog santé,naturellement taux oxygène,https://www.celyatis.com/blog/soulager-guerir/comment-augmenter-le-taux-doxygene-dans-le-sang.html,2026-08-28
www.celyatis.com/,Comment choisir la bonne canne de marche ? - Blog santé,bonne canne marche,https://www.celyatis.com/blog/soulager-guerir/comment-choisir-la-bonne-canne-de-marche.html,2026-08-28
www.celyatis.com/,Comment choisir le premier gel douche de bébé ? - Blog santé,gel douche bébé,https://www.celyatis.com/blog/soulager-guerir/comment-choisir-le-premier-gel-douche-de-bebe.html,2026-08-28
www.celyatis.com/,Comment choisir un fauteuil de relaxation électrique ? - Blog santé,fauteuil relaxation électrique,https://www.celyatis.com/blog/soulager-guerir/comment-choisir-un-fauteuil-de-relaxation-electrique.html,2026-08-28
www.celyatis.com/,Comment choisir un fauteuil roulant adapté ? - Blog santé,fauteuil roulant adapté,https://www.celyatis.com/blog/soulager-guerir/comment-choisir-un-fauteuil-roulant-adapte.html,2026-08-28
www.celyatis.com/,Comment choisir un traitement adapté en cas de troubles érectiles ? - Blog santé,troubles érectiles,https://www.celyatis.com/blog/soulager-guerir/comment-choisir-un-traitement-adapte-en-cas-de-troubles-erectiles.html,2026-08-28
www.celyatis.com/,remèdes de grand-mère pour déboucher le nez,mère déboucher nez,https://www.celyatis.com/blog/soulager-guerir/comment-deboucher-son-nez-avec-un-remede-de-grand-mere.html,2026-08-28
www.celyatis.com/,Comment éviter de devenir accro aux casinos en ligne ? - Blog santé,devenir accro casinos,https://www.celyatis.com/blog/soulager-guerir/comment-eviter-de-devenir-accro-aux-casinos-en-ligne.html,2026-08-28
www.celyatis.com/,Comment faire baisser la fièvre avec des remèdes maison - Blog santé,faire baisser fièvre,https://www.celyatis.com/blog/soulager-guerir/comment-faire-baisser-la-fievre-avec-des-remedes-maison.html,2026-08-28
www.celyatis.com/,Comment faire baisser son cholestérol naturellement en 10 jours : 8 astuces efficaces - Blog santé,baisser son cholestérol,https://www.celyatis.com/blog/soulager-guerir/comment-faire-baisser-son-cholesterol-naturellement-10-jours-8-astuces-efficaces.html,2026-08-28
www.celyatis.com/,Comment faire passer le mal de tête naturellement ? - Blog santé,mal tête naturellement,https://www.celyatis.com/blog/soulager-guerir/comment-faire-passer-le-mal-de-tete-naturellement.html,2026-08-28
www.celyatis.com/,Comment faire passer un mal de dos rapidement ? - Blog santé,mal dos rapidement,https://www.celyatis.com/blog/soulager-guerir/comment-faire-passer-un-mal-de-dos-rapidement.html,2026-08-28
www.celyatis.com/,Comment guérir de la polyarthrite rhumatoïde efficacement ? - Blog santé,polyarthrite rhumatoïde efficacement,https://www.celyatis.com/blog/soulager-guerir/comment-guerir-de-la-polyarthrite-rhumatoide-efficacement.html,2026-08-28
www.celyatis.com/,Comment guérir efficacement de la maladie de Basedow ? - Blog santé,guérir efficacement maladie,https://www.celyatis.com/blog/soulager-guerir/comment-guerir-efficacement-de-la-maladie-de-basedow.html,2026-08-28
www.celyatis.com/,Comment guérir efficacement d'une parodontite ? - Blog santé,guérir efficacement parodontite,https://www.celyatis.com/blog/soulager-guerir/comment-guerir-efficacement-dune-parodontite.html,2026-08-28
www.celyatis.com/,Comment guérir efficacement ma dermite séborrhéique ? - Blog santé,ma dermite séborrhéique,https://www.celyatis.com/blog/soulager-guerir/comment-guerir-efficacement-ma-dermite-seborrheique.html,2026-08-28
www.celyatis.com/,Comment j'ai guéri de la névralgie pudendale - Blog santé,guéri névralgie pudendale,https://www.celyatis.com/blog/soulager-guerir/comment-jai-gueri-de-la-nevralgie-pudendale.html,2026-08-28
www.celyatis.com/,Comment j'ai surmonté la spondylarthrite ankylosante - Blog santé,surmonté spondylarthrite ankylosante,https://www.celyatis.com/blog/soulager-guerir/comment-jai-surmonte-la-spondylarthrite-ankylosante.html,2026-08-28
www.celyatis.com/,Comment le CBD peut-il être utilisé dans le traitement de l’épilepsie chez les enfants ? - Blog santé,traitement épilepsie,https://www.celyatis.com/blog/soulager-guerir/comment-le-cbd-peut-il-etre-utilise-dans-le-traitement-de-lepilepsie-chez-les-enfants.html,2026-08-28
www.celyatis.com/,Safran : un effet positif sur la digestion ?,safran,https://www.celyatis.com/blog/soulager-guerir/comment-le-safran-peut-avoir-un-effet-positif-sur-la-digestion.html,2026-08-28
www.celyatis.com/,Comment les huiles essentielles peuvent nous aider ? - Blog santé,huiles essentielles peuvent,https://www.celyatis.com/blog/soulager-guerir/comment-les-huiles-essentielles-peuvent-nous-aider.html,2026-08-28
www.celyatis.com/,Comment les médiums peuvent aider à améliorer la vie personnelle et la carrière - Blog santé,vie personnelle carrière,https://www.celyatis.com/blog/soulager-guerir/comment-les-mediums-peuvent-aider-a-ameliorer-la-vie-personnelle-et-la-carriere.html,2026-08-28
www.celyatis.com/,Comment les vasodilatateurs transforment-ils la prise en charge de l'hypertension ? - Blog santé,vasodilatateurs transforment ils,https://www.celyatis.com/blog/soulager-guerir/comment-les-vasodilatateurs-transforment-ils-la-prise-en-charge-de-lhypertension.html,2026-08-28
www.celyatis.com/,Comment lutter efficacement contre les cafards ? - Blog santé,efficacement contre cafards,https://www.celyatis.com/blog/soulager-guerir/comment-lutter-efficacement-contre-les-cafards.html,2026-08-28
www.celyatis.com/,Comment remonter le moral d'une femme enceinte ? - Blog santé,moral femme enceinte,https://www.celyatis.com/blog/soulager-guerir/comment-remonter-le-moral-dune-femme-enceinte.html,2026-08-28
www.celyatis.com/,Comment rendre une maison plus sûre pour le maintien à domicile des personnes âgées ? - Blog santé,domicile personnes âgées,https://www.celyatis.com/blog/soulager-guerir/comment-rendre-une-maison-plus-sure-pour-le-maintien-a-domicile-des-personnes-agees.html,2026-08-28
www.celyatis.com/,Comment renforcer ses articulations naturellement ? - Blog santé,ses articulations naturellement,https://www.celyatis.com/blog/soulager-guerir/comment-renforcer-ses-articulations-naturellement.html,2026-08-28
www.celyatis.com/,Comment s'asseoir correctement lorsque l'on souffre d'une sciatique ? - Blog santé,asseoir correctement lorsque,https://www.celyatis.com/blog/soulager-guerir/comment-s-asseoir-avec-une-sciatique.html,2026-08-28
www.celyatis.com/,Comment se débarrasser du stress et de l'anxiété ? - Blog santé,se débarrasser stress,https://www.celyatis.com/blog/soulager-guerir/comment-se-debarrasser-du-stress-et-de-lanxiete.html,2026-08-28
www.celyatis.com/,Comment se protéger des moustique la nuit ? - Blog santé,protéger moustique nuit,https://www.celyatis.com/blog/soulager-guerir/comment-se-proteger-des-moustique-la-nuit.html,2026-08-28
www.celyatis.com/,Comment se soignait-on au Moyen-Âge ? - Blog santé,se soignait on,https://www.celyatis.com/blog/soulager-guerir/comment-se-soignait-on-au-moyen-age.html,2026-08-28
www.celyatis.com/,Comment se soigner par le rire ? - Blog santé,se soigner rire,https://www.celyatis.com/blog/soulager-guerir/comment-se-soigner-par-le-rire.html,2026-08-28
www.celyatis.com/,Comment soigner definitivement un aphte ? - Blog santé,soigner definitivement aphte,https://www.celyatis.com/blog/soulager-guerir/comment-soigner-definitivement-un-aphte.html,2026-08-28
www.celyatis.com/,Comment soigner definitivement un orgelet ? - Blog santé,soigner definitivement orgelet,https://www.celyatis.com/blog/soulager-guerir/comment-soigner-definitivement-un-orgelet.html,2026-08-28
www.celyatis.com/,Comment soigner efficacement la rectocolite hémorragique - Blog santé,efficacement rectocolite hémorragique,https://www.celyatis.com/blog/soulager-guerir/comment-soigner-efficacement-la-rectocolite-hemorragique.html,2026-08-28
www.celyatis.com/,Comment soigner le trouble de la concentration ? - Blog santé,soigner trouble concentration,https://www.celyatis.com/blog/soulager-guerir/comment-soigner-le-trouble-de-la-concentration.html,2026-08-28
www.celyatis.com/,Comment soigner un aphte efficacement et rapidement ? - Blog santé,aphte efficacement rapidement,https://www.celyatis.com/blog/soulager-guerir/comment-soigner-un-aphte-efficacement-et-rapidement.html,2026-08-28
www.celyatis.com/,Comment soigner un rhume en été ? - Blog santé,soigner rhume été,https://www.celyatis.com/blog/soulager-guerir/comment-soigner-un-rhume-en-ete.html,2026-08-28
www.celyatis.com/,Comment guérir une capsulite naturellement - Blog santé,guérir capsulite naturellement,https://www.celyatis.com/blog/soulager-guerir/comment-soigner-une-capsulite-naturellement.html,2026-08-28
www.celyatis.com/,Comment sortir du stress financier ? - Blog santé,sortir stress financier,https://www.celyatis.com/blog/soulager-guerir/comment-sortir-du-stress-financier.html,2026-08-28
www.celyatis.com/,Comment soulager et traiter la névralgie pudendale ? - Blog santé,traiter névralgie pudendale,https://www.celyatis.com/blog/soulager-guerir/comment-soulager-et-traiter-la-nevralgie-pudendale.html,2026-08-28
www.celyatis.com/,astuces pour soulager la toux grasse chez un nourrisson,soulager toux grasse,https://www.celyatis.com/blog/soulager-guerir/comment-soulager-la-toux-grasse-chez-un-nourrisson.html,2026-08-28
www.celyatis.com/,Comment soulager les douleurs articulaires - Blog santé,soulager douleurs articulaires,https://www.celyatis.com/blog/soulager-guerir/comment-soulager-les-douleurs-articulaires.html,2026-08-28
www.celyatis.com/,Soulager les nausées pendant la grossesse : les médicaments à privilégier,nausées pendant grossesse,https://www.celyatis.com/blog/soulager-guerir/comment-soulager-les-nausees-pendant-la-grossesse-avec-des-medicaments.html,2026-08-28
www.celyatis.com/,Soulager les règles douloureuses : le pouvoir de l'ibuprofène,soulager règles douloureuses,https://www.celyatis.com/blog/soulager-guerir/comment-soulager-les-regles-douloureuses-avec-libuprofene.html,2026-08-28
www.celyatis.com/,Soulager l'otite séreuse : découvrez le massage de l'oreille,soulager otite séreuse,https://www.celyatis.com/blog/soulager-guerir/comment-soulager-lotite-sereuse-par-le-massage-de-loreille.html,2026-08-28
www.celyatis.com/,Comment soulager un mal sous le pied en marchant ? - Blog santé,mal sous pied,https://www.celyatis.com/blog/soulager-guerir/comment-soulager-un-mal-sous-le-pied-en-marchant.html,2026-08-28
www.celyatis.com/,Comment soulager une otite en pleine nuit : conseils et astuces pour apaiser la douleur - Blog santé,otite pleine nuit,https://www.celyatis.com/blog/soulager-guerir/comment-soulager-une-otite-en-pleine-nuit.html,2026-08-28
www.celyatis.com/,remèdes naturels pour soulager une toux grasse selon les astuces de grand-mère,soulager toux grasse,https://www.celyatis.com/blog/soulager-guerir/comment-soulager-une-toux-grasse-avec-des-remedes-de-grand-mere.html,2026-08-28
www.celyatis.com/,Comment soulager vos problèmes de digestion ? - Blog santé,problèmes digestion,https://www.celyatis.com/blog/soulager-guerir/comment-soulager-vos-problemes-de-digestion.html,2026-08-28
www.celyatis.com/,Comment surmonter un traumatisme lié à une garde à vue : conseils d'experts et soutien psychologique - Blog santé,traumatisme lié garde,https://www.celyatis.com/blog/soulager-guerir/comment-surmonter-traumatisme-lie-garde-vue-conseils-dexperts-soutien-psychologique.html,2026-08-28
www.celyatis.com/,Comment traiter efficacement la maladie de Parkinson - Blog santé,efficacement maladie parkinson,https://www.celyatis.com/blog/soulager-guerir/comment-traiter-efficacement-la-maladie-de-parkinson.html,2026-08-28
www.celyatis.com/,Solutions efficaces contre la remontée capillaire derrière les plaques de plâtre,capillaire derrière plaques,https://www.celyatis.com/blog/soulager-guerir/comment-traiter-efficacement-la-remontee-capillaire-derriere-les-plaques-de-platre.html,2026-08-28
www.celyatis.com/,Comment trouver la pharmacie près de chez moi ouverte ce dimanche ? - Blog santé,pharmacie près chez,https://www.celyatis.com/blog/soulager-guerir/comment-trouver-la-pharmacie-pres-de-chez-moi-ouverte-ce-dimanche.html,2026-08-28
www.celyatis.com/,Comment utiliser une canne pliante en toute sécurité ? - Blog santé,pliante toute sécurité,https://www.celyatis.com/blog/soulager-guerir/comment-utiliser-une-canne-pliante-en-toute-securite.html,2026-08-28
www.celyatis.com/,Comment utiliser une ceinture lombaire efficacement ? - Blog santé,ceinture lombaire efficacement,https://www.celyatis.com/blog/soulager-guerir/comment-utiliser-une-ceinture-lombaire-efficacement.html,2026-08-28
www.celyatis.com/,Comment vaincre la peur de mourir ? - Blog santé,vaincre peur mourir,https://www.celyatis.com/blog/soulager-guerir/comment-vaincre-la-peur-de-mourir.html,2026-08-28
www.celyatis.com/,Comprendre et prendre en charge les problématiques dermatologiques - Blog santé,problématiques dermatologiques,https://www.celyatis.com/blog/soulager-guerir/comprendre-et-prendre-en-charge-les-problematiques-dermatologiques.html,2026-08-28
www.celyatis.com/,Quel comprimé prendre pour une douleur musculaire : le guide des médicaments - Blog santé,prendre douleur musculaire,https://www.celyatis.com/blog/soulager-guerir/comprime-douleur-musculaire.html,2026-08-28
www.celyatis.com/,- Blog santé,blog santé,https://www.celyatis.com/blog/soulager-guerir/confort-articulaire-comment-preserver-sa-mobilite-et-reduire-les-raideurs-naturellement.html,2026-08-28
www.celyatis.com/,Conseils et astuces pour maintenir un foie en bonne santé - Blog santé,maintenir foie bonne,https://www.celyatis.com/blog/soulager-guerir/conseils-et-astuces-pour-maintenir-un-foie-en-bonne-sante.html,2026-08-28
www.celyatis.com/,Conseils pour soulager les douleurs musculaires - Blog santé,soulager douleurs musculaires,https://www.celyatis.com/blog/soulager-guerir/conseils-pour-soulager-les-douleurs-musculaires.html,2026-08-28
www.celyatis.com/,Constipation : le remède naturel à effet immédiat qui marche - Blog santé,constipation,https://www.celyatis.com/blog/soulager-guerir/constipation-remede-immediat.html,2026-08-28
www.celyatis.com/,Constipation : les remèdes naturels qui soulagent rapidement - Blog santé,constipation,https://www.celyatis.com/blog/soulager-guerir/constipation-remede-naturel.html,2026-08-28
www.celyatis.com/,Comment traiter une contusion du tendon d'Achille efficacement ? - Blog santé,tendon achille efficacement,https://www.celyatis.com/blog/soulager-guerir/contusion-tendon-dachille-traitement.html,2026-08-28
www.celyatis.com/,Les conséquences d'un coup du lapin en voiture : les prévenir et les traiter - Blog santé,coup lapin voiture,https://www.celyatis.com/blog/soulager-guerir/coup-du-lapin-voiture.html,2026-08-28
www.celyatis.com/,Créer une routine bucco-dentaire anti-sensibilité qui fonctionne vraiment - Blog santé,dentaire anti sensibilité,https://www.celyatis.com/blog/soulager-guerir/creer-une-routine-bucco-dentaire-anti-sensibilite-qui-fonctionne-vraiment.html,2026-08-28
www.celyatis.com/,Comment choisir la meilleure crème contre les hémorroïdes ? - Blog santé,crème contre hémorroïdes,https://www.celyatis.com/blog/soulager-guerir/creme-hemorroides.html,2026-08-28
www.celyatis.com/,Crevasse au doigt : causes et solutions pour une guérison rapide - Blog santé,crevasse doigt,https://www.celyatis.com/blog/soulager-guerir/crevasse-au-doigt-causes-et-solutions-pour-une-guerison-rapide.html,2026-08-28
www.celyatis.com/,Croûte au cuir chevelu : quel remède de grand-mère choisir - Blog santé,croûte cuir chevelu,https://www.celyatis.com/blog/soulager-guerir/croute-au-cuir-chevelu-quel-remede-de-grand-mere-choisir.html,2026-08-28
www.celyatis.com/,Croûtes au cuir chevelu : quels remèdes de grand-mère ? - Blog santé,croûtes cuir chevelu,https://www.celyatis.com/blog/soulager-guerir/croutes-au-cuir-chevelu-quels-remedes-de-grand-mere.html,2026-08-28
www.celyatis.com/,Comprendre et soulager la cruralgie et la sciatique : les clés pour retrouver le bien-être - Blog santé,soulager cruralgie sciatique,https://www.celyatis.com/blog/soulager-guerir/cruralgie-ou-sciatique.html,2026-08-28
www.celyatis.com/,Découverte de la Cure Révolutionnaire pour l'Arthrose du Genou - Blog santé,cure révolutionnaire arthrose,https://www.celyatis.com/blog/soulager-guerir/cure-pour-arthrose-du-genou.html,2026-08-28
www.celyatis.com/,La cure thermale est-elle efficace pour soulager l'arthrose et le mal de dos ? - Blog santé,cure thermale est,https://www.celyatis.com/blog/soulager-guerir/cure-thermale-pour-arthrose-et-mal-de-dos.html,2026-08-28
www.celyatis.com/,Cystite : les remèdes naturels pour apaiser l'inflammation urinaire - Blog santé,cystite,https://www.celyatis.com/blog/soulager-guerir/cystite-remede-naturel.html,2026-08-28
www.celyatis.com/,Dans quels cas porter une orthèse peut être utile ? - Blog santé,porter orthèse peut,https://www.celyatis.com/blog/soulager-guerir/dans-quels-cas-porter-une-orthese-peut-etre-utile.html,2026-08-28
www.celyatis.com/,Déchirure du mollet : que faire si la guérison tarde ? - Blog santé,déchirure mollet,https://www.celyatis.com/blog/soulager-guerir/dechirure-du-mollet-que-faire-si-la-guerison-tarde.html,2026-08-28
www.celyatis.com/,Déchirure intercostale : 7 remèdes de grand-mère efficaces - Blog santé,déchirure intercostale,https://www.celyatis.com/blog/soulager-guerir/dechirure-intercostale-7-remedes-de-grand-mere-efficaces.html,2026-08-28
www.celyatis.com/,Comment se remettre d'une déchirure musculaire au triceps ? - Blog santé,remettre déchirure musculaire,https://www.celyatis.com/blog/soulager-guerir/dechirure-musculaire-triceps.html,2026-08-28
www.celyatis.com/,Décontractant musculaire naturel : les solutions pour détendre ses muscles - Blog santé,décontractant musculaire naturel,https://www.celyatis.com/blog/soulager-guerir/decontractant-musculaire-naturel.html,2026-08-28
www.celyatis.com/,Découvrez des témoignages de personnes ayant vu leurs acouphènes diminuer ou disparaître - Blog santé,découvrez témoignages personnes,https://www.celyatis.com/blog/soulager-guerir/decouvrez-des-temoignages-de-personnes-ayant-vu-leurs-acouphenes-diminuer-ou-disparaitre.html,2026-08-28
www.celyatis.com/,Démangeaisons du Cuir Chevelu : 10 Causes Possibles,démangeaisons cuir chevelu,https://www.celyatis.com/blog/soulager-guerir/demangeaisons-du-cuir-chevelu-10-causes-possibles-et-comment-les-identifier.html,2026-08-28
www.celyatis.com/,Augmenter la Densité Osseuse : L'Impact Incroyable de la Marche sur votre Santé Ostéo-Articulaire - Blog santé,augmenter densité osseuse,https://www.celyatis.com/blog/soulager-guerir/densite-osseuse-et-marche.html,2026-08-28
www.celyatis.com/,Dent qui bouge : remèdes naturels pour renforcer les gencives - Blog santé,dent qui bouge,https://www.celyatis.com/blog/soulager-guerir/dent-bouge-remede-naturel.html,2026-08-28
www.celyatis.com/,Dentifrice ou bain de bouche : que choisir pour la sensibilité ? - Blog santé,dentifrice bain bouche,https://www.celyatis.com/blog/soulager-guerir/dentifrice-ou-bain-de-bouche-que-choisir-pour-la-sensibilite.html,2026-08-28
www.celyatis.com/,Dermite séborrhéique : quels remèdes de grand-mère fonctionnent ? - Blog santé,dermite séborrhéique,https://www.celyatis.com/blog/soulager-guerir/dermite-seborrheique-quels-remedes-de-grand-mere-fonctionnent.html,2026-08-28
www.celyatis.com/,Dermite séborrhéique : remèdes de grand-mère efficaces - Blog santé,dermite séborrhéique,https://www.celyatis.com/blog/soulager-guerir/dermite-seborrheique-remedes-de-grand-mere-efficaces.html,2026-08-28
www.celyatis.com/,Des soins aux thérapies : comment se déroule un traitement en addictologie ? - Blog santé,soins thérapies,https://www.celyatis.com/blog/soulager-guerir/des-soins-aux-therapies-comment-se-deroule-un-traitement-en-addictologie.html,2026-08-28
www.celyatis.com/,Comment Gérer la Douleur au Dos liée au Diabète : Guide Complet - Blog santé,liée diabète,https://www.celyatis.com/blog/soulager-guerir/diabete-douleur-dos.html,2026-08-28
www.celyatis.com/,Diarrhée chez le chien : les remèdes naturels efficaces - Blog santé,diarrhée chez chien,https://www.celyatis.com/blog/soulager-guerir/diarrhee-chez-le-chien-les-remedes-naturels-efficaces.html,2026-08-28
www.celyatis.com/,Diarrhée du chien : remèdes naturels et soins à faire à la maison - Blog santé,diarrhée chien,https://www.celyatis.com/blog/soulager-guerir/diarrhee-chien-remede-naturel.html,2026-08-28
www.celyatis.com/,Diarrhée : remèdes naturels pour retrouver un transit normal - Blog santé,diarrhée,https://www.celyatis.com/blog/soulager-guerir/diarrhee-remede-naturel.html,2026-08-28
www.celyatis.com/,Comment traiter efficacement la dientamoeba fragilis ? - Blog santé,efficacement dientamoeba fragilis,https://www.celyatis.com/blog/soulager-guerir/dientamoeba-fragilis-traitement.html,2026-08-28
www.celyatis.com/,Difficulté à uriner : les remèdes naturels pour rétablir le flux - Blog santé,difficulté uriner,https://www.celyatis.com/blog/soulager-guerir/difficulte-uriner-remede-naturel.html,2026-08-28
www.celyatis.com/,Diminuer les douleurs pelviennes grâce au CBD - Blog santé,diminuer douleurs pelviennes,https://www.celyatis.com/blog/soulager-guerir/diminuer-les-douleurs-pelviennes-grace-au-cbd.html,2026-08-28
www.celyatis.com/,diverticulite : quelle est la cause émotionnelle ? - Blog santé,diverticulite,https://www.celyatis.com/blog/soulager-guerir/diverticulite-quelle-est-la-cause-emotionnelle.html,2026-08-28
www.celyatis.com/,DMLA: La dégénérescence maculaire liée à l'âge - Blog santé,dégénérescence maculaire liée,https://www.celyatis.com/blog/soulager-guerir/dmla.html,2026-08-28
www.celyatis.com/,Pourquoi vos doigts se déforment-ils ? Causes et traitements possibles - Blog santé,doigts se déforment,https://www.celyatis.com/blog/soulager-guerir/doigts-qui-se-deforme.html,2026-08-28
www.celyatis.com/,Quelle récupération attendre après une opération de l'épaule ? Gestion de la douleur et conseils pratiques - Blog santé,douleur conseils pratiques,https://www.celyatis.com/blog/soulager-guerir/douleur-a-l-epaule-apres-operation.html,2026-08-28
www.celyatis.com/,Comment soulager la douleur à la cheville : astuces et remèdes efficaces - Blog santé,soulager douleur cheville,https://www.celyatis.com/blog/soulager-guerir/douleur-a-la-cheville.html,2026-08-28
www.celyatis.com/,Pourquoi ressentez-vous des douleurs à l'avant du pied ? Causes et solutions - Blog santé,douleurs avant pied,https://www.celyatis.com/blog/soulager-guerir/douleur-a-lavant-du-pied.html,2026-08-28
www.celyatis.com/,Douleur à l'oreille gauche : causes et significations - Blog santé,douleur oreille gauche,https://www.celyatis.com/blog/soulager-guerir/douleur-a-loreille-gauche-causes-et-significations.html,2026-08-28
www.celyatis.com/,Comment soulager la douleur après une séance de kinésithérapie ? - Blog santé,après séance kinésithérapie,https://www.celyatis.com/blog/soulager-guerir/douleur-apres-kine.html,2026-08-28
www.celyatis.com/,Douleur au pied droit : causes et signification émotionnelle - Blog santé,douleur pied droit,https://www.celyatis.com/blog/soulager-guerir/douleur-au-pied-droit-causes-et-signification-emotionnelle.html,2026-08-28
www.celyatis.com/,douleur au talon gauche : causes et solutions efficaces - Blog santé,douleur talon gauche,https://www.celyatis.com/blog/soulager-guerir/douleur-au-talon-gauche-causes-et-solutions-efficaces.html,2026-08-28
www.celyatis.com/,Comment prévenir et soulager la douleur aux genoux liée à la pratique sportive - Blog santé,genoux liée pratique,https://www.celyatis.com/blog/soulager-guerir/douleur-aux-genoux-sport.html,2026-08-28
www.celyatis.com/,Pourquoi ressentez-vous une douleur au bas du mollet après la course ? - Blog santé,ressentez vous douleur,https://www.celyatis.com/blog/soulager-guerir/douleur-bas-du-mollet-course.html,2026-08-28
www.celyatis.com/,Douleur cervicale : 10 remèdes maison qui soulagent vraiment - Blog santé,douleur cervicale,https://www.celyatis.com/blog/soulager-guerir/douleur-cervicale-10-remedes-maison-qui-soulagent-vraiment.html,2026-08-28
www.celyatis.com/,Comment soulager la douleur à la cheville lors de la course à pied - Blog santé,douleur cheville lors,https://www.celyatis.com/blog/soulager-guerir/douleur-cheville-course-a-pied.html,2026-08-28
www.celyatis.com/,Comment soulager la douleur au coude et au poignet? - Blog santé,douleur coude poignet,https://www.celyatis.com/blog/soulager-guerir/douleur-coude-et-poignet.html,2026-08-28
www.celyatis.com/,Comment soulager la douleur derrière la cuisse : conseils pratiques et exercices efficaces - Blog santé,douleur derrière cuisse,https://www.celyatis.com/blog/soulager-guerir/douleur-derriere-la-cuisse.html,2026-08-28
www.celyatis.com/,Douleur dos et ventre : causes fréquentes et solutions - Blog santé,douleur dos ventre,https://www.celyatis.com/blog/soulager-guerir/douleur-dos-et-ventre-causes-frequentes-et-solutions.html,2026-08-28
www.celyatis.com/,7 astuces pour soulager la douleur du cou rapidement - Blog santé,douleur cou rapidement,https://www.celyatis.com/blog/soulager-guerir/douleur-du-cou.html,2026-08-28
www.celyatis.com/,Douleur à l'épaule après trois mois de l'opération : quand faut-il s'inquiéter ? - Blog santé,épaule après trois,https://www.celyatis.com/blog/soulager-guerir/douleur-epaule-3-mois-apres-operation.html,2026-08-28
www.celyatis.com/,Les causes les plus courantes de la douleur au genou chez les footballeurs - Blog santé,genou chez footballeurs,https://www.celyatis.com/blog/soulager-guerir/douleur-genou-foot.html,2026-08-28
www.celyatis.com/,Comprendre et Traiter la Douleur de Hanche Chez l'Adolescent Sportif : Un Guide Complet - Blog santé,chez adolescent sportif,https://www.celyatis.com/blog/soulager-guerir/douleur-hanche-adolescent-sportif.html,2026-08-28
www.celyatis.com/,Comment prévenir et soulager la douleur à la hanche lors de la course à pied - Blog santé,douleur hanche lors,https://www.celyatis.com/blog/soulager-guerir/douleur-hanche-course-a-pied.html,2026-08-28
www.celyatis.com/,Comprendre et Gérer la Douleur: De la Hanche aux Genoux et à la Cheville - Blog santé,douleur hanche genoux,https://www.celyatis.com/blog/soulager-guerir/douleur-hanche-genoux-cheville.html,2026-08-28
www.celyatis.com/,Douleur hanche jusqu'à la cheville : comprendre et soulager l'inconfort articulaire - Blog santé,hanche jusqu cheville,https://www.celyatis.com/blog/soulager-guerir/douleur-hanche-jusqu-a-la-cheville.html,2026-08-28
www.celyatis.com/,Comment gérer la douleur de jambe après l'opération d'une prothèse discale ? - Blog santé,gérer douleur jambe,https://www.celyatis.com/blog/soulager-guerir/douleur-jambe-apres-operation-prothese-discale.html,2026-08-28
www.celyatis.com/,La signification de la douleur dans la main gauche - Blog santé,douleur main gauche,https://www.celyatis.com/blog/soulager-guerir/douleur-main-gauche-signification.html,2026-08-28
www.celyatis.com/,Douleur mécanique ou inflammatoire : comment les distinguer et les traiter ? - Blog santé,douleur mécanique inflammatoire,https://www.celyatis.com/blog/soulager-guerir/douleur-mecanique-et-inflammatoire.html,2026-08-28
www.celyatis.com/,Douleur musculaire : causes fréquentes et traitements naturels efficaces - Blog santé,douleur musculaire,https://www.celyatis.com/blog/soulager-guerir/douleur-musculaire-guide.html,2026-08-28
www.celyatis.com/,Douleur musculaire : les remèdes de grand-mère qui soulagent vraiment - Blog santé,douleur musculaire,https://www.celyatis.com/blog/soulager-guerir/douleur-musculaire-remede-grand-mere.html,2026-08-28
www.celyatis.com/,Douleur musculaire : tous les traitements du plus simple au plus efficace - Blog santé,douleur musculaire,https://www.celyatis.com/blog/soulager-guerir/douleur-musculaire-traitement.html,2026-08-28
www.celyatis.com/,Comprendre et Soulager la Douleur des Os du Pied : Guide Complet - Blog santé,comprendre soulager douleur,https://www.celyatis.com/blog/soulager-guerir/douleur-os-du-pied.html,2026-08-28
www.celyatis.com/,Comment soulager la douleur au péroné : Astuces et traitements efficaces - Blog santé,soulager douleur péroné,https://www.celyatis.com/blog/soulager-guerir/douleur-perone.html,2026-08-28
www.celyatis.com/,Comment Prévenir et Traiter la Douleur au Poignet dans la Boxe : Guide Complet pour les Boxeurs - Blog santé,douleur poignet boxe,https://www.celyatis.com/blog/soulager-guerir/douleur-poignet-boxe.html,2026-08-28
www.celyatis.com/,Les liens entre la douleur du psoas et les problèmes intestinaux - Blog santé,psoas problèmes intestinaux,https://www.celyatis.com/blog/soulager-guerir/douleur-psoas-et-intestin.html,2026-08-28
www.celyatis.com/,Sacro-iliaque : Comment soulager la douleur et retrouver le bien-être - Blog santé,sacro iliaque,https://www.celyatis.com/blog/soulager-guerir/douleur-sacro-iliaque.html,2026-08-28
www.celyatis.com/,L'origine mystérieuse de la douleur sous l'avant du pied : causes et solutions - Blog santé,origine mystérieuse douleur,https://www.celyatis.com/blog/soulager-guerir/douleur-sous-pied-avant.html,2026-08-28
www.celyatis.com/,Les causes possibles de douleur thoracique chez l'enfant - Blog santé,possibles douleur thoracique,https://www.celyatis.com/blog/soulager-guerir/douleur-thoracique-enfant.html,2026-08-28
www.celyatis.com/,douleur trapèze gauche : causes et signification émotionnelle - Blog santé,douleur trapèze gauche,https://www.celyatis.com/blog/soulager-guerir/douleur-trapeze-gauche-causes-et-signification-emotionnelle.html,2026-08-28
www.celyatis.com/,Comprendre et Soulager la Douleur du Triceps Brachial : Guide Pratique - Blog santé,douleur triceps brachial,https://www.celyatis.com/blog/soulager-guerir/douleur-triceps-brachial.html,2026-08-28
www.celyatis.com/,Comprendre et Gérer la Douleur de la Voûte Plantaire du Pied Gauche: Conseils et Solutions - Blog santé,pied gauche conseils,https://www.celyatis.com/blog/soulager-guerir/douleur-voute-plantaire-pied-gauche.html,2026-08-28
www.celyatis.com/,Comment soulager les douleurs 2 ans après une arthrodèse - Blog santé,après arthrodèse,https://www.celyatis.com/blog/soulager-guerir/douleurs-2-ans-apres-arthrodese.html,2026-08-28
www.celyatis.com/,Douleurs à l’épaule ? Découvrez les solutions naturelles efficaces et rapides - Blog santé,solutions naturelles efficaces,https://www.celyatis.com/blog/soulager-guerir/douleurs-a-lepaule-decouvrez-les-solutions-naturelles-efficaces-et-rapides.html,2026-08-28
www.celyatis.com/,"Comprendre les Liens entre les Douleurs Cervicales et les Vertiges: Causes, Symptômes et Traitements - Blog santé",cervicales vertiges,https://www.celyatis.com/blog/soulager-guerir/douleurs-cervicales-vertiges.html,2026-08-28
www.celyatis.com/,Comment prévenir les douleurs aux chevilles lors de la course à pied - Blog santé,prévenir douleurs chevilles,https://www.celyatis.com/blog/soulager-guerir/douleurs-chevilles-course-a-pied.html,2026-08-28
www.celyatis.com/,Douleurs en haut du dos: Les solutions - Blog santé,douleurs haut dos,https://www.celyatis.com/blog/soulager-guerir/douleurs-en-haut-du-dos.html,2026-08-28
www.celyatis.com/,Comment soulager les douleurs à l'épaule et au coude : conseils et astuces efficaces - Blog santé,soulager douleurs épaule,https://www.celyatis.com/blog/soulager-guerir/douleurs-epaule-coude-2.html,2026-08-28
www.celyatis.com/,Comment soulager les douleurs à l'épaule et au coude - Blog santé,soulager douleurs épaule,https://www.celyatis.com/blog/soulager-guerir/douleurs-epaule-coude.html,2026-08-28
www.celyatis.com/,Comment soulager les douleurs aux genoux après la course ? - Blog santé,douleurs genoux après,https://www.celyatis.com/blog/soulager-guerir/douleurs-genoux-apres-course.html,2026-08-28
www.celyatis.com/,Comment soulager les douleurs aux jambes après une arthrodèse lombaire ? - Blog santé,après arthrodèse lombaire,https://www.celyatis.com/blog/soulager-guerir/douleurs-jambes-apres-arthrodese-lombaire.html,2026-08-28
www.celyatis.com/,Les douleurs lombaires et cervicales : comment les soulager naturellement ? - Blog santé,douleurs lombaires cervicales,https://www.celyatis.com/blog/soulager-guerir/douleurs-lombaires-et-cervicales.html,2026-08-28
www.celyatis.com/,Douleurs menstruelles : comment les soulager naturellement à la maison ? - Blog santé,douleurs menstruelles,https://www.celyatis.com/blog/soulager-guerir/douleurs-menstruelles-comment-les-soulager-naturellement-a-la-maison.html,2026-08-28
www.celyatis.com/,Douleurs musculaires sans raison apparente : les causes cachées à connaître - Blog santé,douleurs musculaires sans,https://www.celyatis.com/blog/soulager-guerir/douleurs-musculaires-sans-raison.html,2026-08-28
www.celyatis.com/,Les douleurs sous le pied à l'avant : causes et solutions - Blog santé,sous pied avant,https://www.celyatis.com/blog/soulager-guerir/douleurs-sous-le-pied-a-l-avant.html,2026-08-28
www.celyatis.com/,"Douleurs sterno-claviculaires : causes, symptômes et traitements - Blog santé",douleurs sterno claviculaires,https://www.celyatis.com/blog/soulager-guerir/douleurs-sterno-claviculaires.html,2026-08-28
www.celyatis.com/,Comprendre et Traiter les Douleurs du Talon et de la Cheville : Un Guide Complet - Blog santé,douleurs talon cheville,https://www.celyatis.com/blog/soulager-guerir/douleurs-talon-cheville.html,2026-08-28
www.celyatis.com/,Les douleurs au tendon d'Achille lors de la course à pied : un guide complet pour les prévenir et les traiter - Blog santé,douleurs tendon achille,https://www.celyatis.com/blog/soulager-guerir/douleurs-tendon-dachille-course-a-pied.html,2026-08-28
www.celyatis.com/,L'importance du drainage lymphatique dans la gestion du cancer - Blog santé,drainage lymphatique,https://www.celyatis.com/blog/soulager-guerir/drainage-lymphatique-et-cancer.html,2026-08-28
www.celyatis.com/,"Draineurs naturels : efficacité, risques et comment bien choisir - Blog santé",draineurs naturels,https://www.celyatis.com/blog/soulager-guerir/draineurs-naturels-efficacite-risques-et-comment-bien-choisir.html,2026-08-28
www.celyatis.com/,Comment Gérer la Douleur à Paris: Conseils et Ressources pour une Vie Saine - Blog santé,gérer douleur paris,https://www.celyatis.com/blog/soulager-guerir/du-douleur-paris.html,2026-08-28
www.celyatis.com/,Durée d'arrêt de travail pour une épine calcanéenne : ce qu'il faut savoir - Blog santé,travail épine calcanéenne,https://www.celyatis.com/blog/soulager-guerir/duree-darret-travail-epine-calcaneenne-quil-faut-savoir.html,2026-08-28
www.celyatis.com/,Dyshidrose : quels remèdes de grand-mère efficaces ? - Blog santé,dyshidrose,https://www.celyatis.com/blog/soulager-guerir/dyshidrose-quels-remedes-de-grand-mere-efficaces.html,2026-08-28
www.celyatis.com/,"Dyspepsie fonctionnelle : comment j'ai géré les symptômes au quotidien, récit d'une expérience - Blog santé",dyspepsie fonctionnelle,https://www.celyatis.com/blog/soulager-guerir/dyspepsie-fonctionnelle-temoignage.html,2026-08-28
www.celyatis.com/,Eau de piscine verte : quels remèdes de grand-mère efficaces - Blog santé,eau piscine verte,https://www.celyatis.com/blog/soulager-guerir/eau-de-piscine-verte-quels-remedes-de-grand-mere-efficaces.html,2026-08-28
www.celyatis.com/,Eczéma des mains : remèdes naturels et conseils pratiques - Blog santé,eczéma mains,https://www.celyatis.com/blog/soulager-guerir/eczema-des-mains-remedes-naturels-et-conseils-pratiques.html,2026-08-28
www.celyatis.com/,Eczéma du cuir chevelu : quels remèdes de grand-mère - Blog santé,eczéma cuir chevelu,https://www.celyatis.com/blog/soulager-guerir/eczema-du-cuir-chevelu-quels-remedes-de-grand-mere.html,2026-08-28
www.celyatis.com/,Les bienfaits de l'enthèse : découvrez comment cette pratique améliore votre santé ! - Blog santé,bienfaits enthèse,https://www.celyatis.com/blog/soulager-guerir/enthese.html,2026-08-28
www.celyatis.com/,Comment Gérer et Prévenir une Entorse au Coude : Le Guide Complet - Blog santé,prévenir entorse coude,https://www.celyatis.com/blog/soulager-guerir/entorse-au-coude.html,2026-08-28
www.celyatis.com/,Entorse au genou : témoignages et expériences sur le temps de guérison - Blog santé,entorse genou,https://www.celyatis.com/blog/soulager-guerir/entorse-au-genou-temoignages-et-experiences-sur-le-temps-de-guerison.html,2026-08-28
www.celyatis.com/,Tout ce que vous devez savoir sur l'entorse de Chopart - Blog santé,savoir entorse chopart,https://www.celyatis.com/blog/soulager-guerir/entorse-de-chopart.html,2026-08-28
www.celyatis.com/,Comment soulager une entorse des côtes : conseils et remèdes - Blog santé,soulager entorse côtes,https://www.celyatis.com/blog/soulager-guerir/entorse-des-cotes.html,2026-08-28
www.celyatis.com/,Les entorses de l'épaule : une raison justifiée d'arrêt de travail - Blog santé,entorses épaule,https://www.celyatis.com/blog/soulager-guerir/entorse-epaule-arret-de-travail.html,2026-08-28
www.celyatis.com/,Pourquoi votre épaule craque-t-elle pendant la musculation ? - Blog santé,elle pendant musculation,https://www.celyatis.com/blog/soulager-guerir/epaule-qui-craque-muscu.html,2026-08-28
www.celyatis.com/,Les épaules qui craquent : Comment soulager ce problème courant ? - Blog santé,épaules qui craquent,https://www.celyatis.com/blog/soulager-guerir/epaules-qui-craquent.html,2026-08-28
www.celyatis.com/,Épilepsie nocturne : quels traitements naturels peuvent aider ? - Blog santé,épilepsie nocturne,https://www.celyatis.com/blog/soulager-guerir/epilepsie-nocturne-traitement-naturel.html,2026-08-28
www.celyatis.com/,Épine calcanéenne : quels remèdes de grand-mère efficaces ? - Blog santé,épine calcanéenne,https://www.celyatis.com/blog/soulager-guerir/epine-calcaneenne-quels-remedes-de-grand-mere-efficaces.html,2026-08-28
www.celyatis.com/,Épine calcanéenne : quels remèdes de grand-mère sont efficaces ? - Blog santé,épine calcanéenne,https://www.celyatis.com/blog/soulager-guerir/epine-calcaneenne-quels-remedes-de-grand-mere-sont-efficaces.html,2026-08-28
www.celyatis.com/,Comment soulager l'épine sciatique : astuces efficaces et naturelles - Blog santé,soulager épine sciatique,https://www.celyatis.com/blog/soulager-guerir/epine-sciatique.html,2026-08-28
www.celyatis.com/,Érythème fessier adulte : quels remèdes de grand-mère ? - Blog santé,érythème fessier adulte,https://www.celyatis.com/blog/soulager-guerir/erytheme-fessier-adulte-quels-remedes-de-grand-mere.html,2026-08-28
www.celyatis.com/,Érythème fessier adulte : quels remèdes naturels efficaces - Blog santé,érythème fessier adulte,https://www.celyatis.com/blog/soulager-guerir/erytheme-fessier-adulte-quels-remedes-naturels-efficaces.html,2026-08-28
www.celyatis.com/,Est-ce qu'un ulcère à l'estomac est dangereux ? - Blog santé,estomac est dangereux,https://www.celyatis.com/blog/soulager-guerir/est-ce-quun-ulcere-a-lestomac-est-dangereux.html,2026-08-28
www.celyatis.com/,Les meilleurs étirements pour soulager les nerfs sciatiques - Blog santé,nerfs sciatiques,https://www.celyatis.com/blog/soulager-guerir/etirements-nerfs-sciatique.html,2026-08-28
www.celyatis.com/,Éviter les erreurs courantes lors d'une consultation avec un diététicien - Blog santé,consultation diététicien,https://www.celyatis.com/blog/soulager-guerir/eviter-les-erreurs-courantes-lors-dune-consultation-avec-un-dieteticien.html,2026-08-28
www.celyatis.com/,Exercice arthrose hanche : comment soulager la douleur et améliorer la mobilité ? - Blog santé,exercice arthrose hanche,https://www.celyatis.com/blog/soulager-guerir/exercice-arthrose-hanche.html,2026-08-28
www.celyatis.com/,Exercices efficaces pour soulager l'arthrose lombaire : Un guide complet - Blog santé,soulager arthrose lombaire,https://www.celyatis.com/blog/soulager-guerir/exercice-arthrose-lombaire.html,2026-08-28
www.celyatis.com/,Comment soulager la douleur au genou grâce à des exercices efficaces - Blog santé,soulager douleur genou,https://www.celyatis.com/blog/soulager-guerir/exercice-douleur-genou.html,2026-08-28
www.celyatis.com/,Découvrez les Bienfaits de l'Exercice Kiné pour une Santé Optimale - Blog santé,kiné santé optimale,https://www.celyatis.com/blog/soulager-guerir/exercice-kine.html,2026-08-28
www.celyatis.com/,Améliorer votre Santé Vertébrale : Les Meilleurs Exercices de Kinésithérapie pour le Dos - Blog santé,votre santé vertébrale,https://www.celyatis.com/blog/soulager-guerir/exercice-kinesitherapie-dos.html,2026-08-28
www.celyatis.com/,Comment soulager l'arthrose du genou avec des exercices adaptés ? - Blog santé,genou exercices adaptés,https://www.celyatis.com/blog/soulager-guerir/exercice-pour-arthrose-du-genou.html,2026-08-28
www.celyatis.com/,Exercices de rééducation pour soulager une déchirure au mollet - Blog santé,rééducation soulager déchirure,https://www.celyatis.com/blog/soulager-guerir/exercice-reeducation-dechirure-mollet.html,2026-08-28
www.celyatis.com/,Les exercices de rééducation essentiels pour une fracture du fémur - Blog santé,rééducation essentiels fracture,https://www.celyatis.com/blog/soulager-guerir/exercice-reeducation-fracture-femur.html,2026-08-28
www.celyatis.com/,Exercices de renforcement pour les chevilles : retrouver une stabilité solide - Blog santé,exercices renforcement chevilles,https://www.celyatis.com/blog/soulager-guerir/exercice-renforcement-cheville.html,2026-08-28
www.celyatis.com/,Exercices pour soulager l'arthrose cervicale et les vertiges : le guide complet - Blog santé,arthrose cervicale vertiges,https://www.celyatis.com/blog/soulager-guerir/exercices-arthrose-cervicale-et-vertiges.html,2026-08-28
www.celyatis.com/,Exercices de préparation : comment se préparer physiquement avant une opération du genou ? - Blog santé,exercices préparation,https://www.celyatis.com/blog/soulager-guerir/exercices-avant-operation-du-genou.html,2026-08-28
www.celyatis.com/,Conquérir les Céphalées de Tension : Guide Complet d'Exercices Efficaces - Blog santé,conquérir céphalées tension,https://www.celyatis.com/blog/soulager-guerir/exercices-pour-cephalees-de-tension.html,2026-08-28
www.celyatis.com/,Réapprendre à marcher : les meilleurs exercices pour retrouver sa mobilité - Blog santé,réapprendre marcher,https://www.celyatis.com/blog/soulager-guerir/exercices-pour-reapprendre-a-marcher.html,2026-08-28
www.celyatis.com/,Fasciite plantaire : quels remèdes de grand-mère efficaces ? - Blog santé,fasciite plantaire,https://www.celyatis.com/blog/soulager-guerir/fasciite-plantaire-quels-remedes-de-grand-mere-efficaces.html,2026-08-28
www.celyatis.com/,Fasciite plantaire : quels remèdes de grand-mère fonctionnent ? - Blog santé,fasciite plantaire,https://www.celyatis.com/blog/soulager-guerir/fasciite-plantaire-quels-remedes-de-grand-mere-fonctionnent.html,2026-08-28
www.celyatis.com/,Fatigue chronique : quand l’alimentation joue un rôle clé - Blog santé,fatigue chronique,https://www.celyatis.com/blog/soulager-guerir/fatigue-chronique-quand-lalimentation-joue-un-role-cle.html,2026-08-28
www.celyatis.com/,Fibromyalgie : existe-t-il un remède miracle efficace ? - Blog santé,fibromyalgie,https://www.celyatis.com/blog/soulager-guerir/fibromyalgie-existe-t-il-un-remede-miracle-efficace.html,2026-08-28
www.celyatis.com/,Fibromyalgie : existe-t-il un véritable remède miracle ? - Blog santé,fibromyalgie,https://www.celyatis.com/blog/soulager-guerir/fibromyalgie-existe-t-il-un-veritable-remede-miracle.html,2026-08-28
www.celyatis.com/,Comprendre et Gérer la Fibrose de la Cheville: Conseils Pratiques et Traitements Efficaces - Blog santé,fibrose cheville conseils,https://www.celyatis.com/blog/soulager-guerir/fibrose-cheville.html,2026-08-28
www.celyatis.com/,Fièvre du bébé : remèdes naturels pour faire baisser la température en douceur - Blog santé,fièvre bébé,https://www.celyatis.com/blog/soulager-guerir/fievre-bebe-remede-naturel.html,2026-08-28
www.celyatis.com/,Flatulences du chien : quels remèdes naturels efficaces ? - Blog santé,flatulences chien,https://www.celyatis.com/blog/soulager-guerir/flatulences-du-chien-quels-remedes-naturels-efficaces.html,2026-08-28
www.celyatis.com/,Foulure vs entorse : quelles différences entre ces deux blessures articulaires courantes ? - Blog santé,foulure entorse,https://www.celyatis.com/blog/soulager-guerir/foulure-vs-entorse-quelles-differences-deux-blessures-articulaires-courantes.html,2026-08-28
www.celyatis.com/,Le Parcours Thérapeutique pour le Traitement d'une Fracture de l'Extrémité Inférieure du Radius: Un Guide Complet - Blog santé,traitement fracture extrémité,https://www.celyatis.com/blog/soulager-guerir/fracture-de-lextremite-inferieure-du-radius-traitement.html,2026-08-28
www.celyatis.com/,Gencive enflammée : les remèdes naturels pour calmer l'inflammation - Blog santé,gencive enflammée,https://www.celyatis.com/blog/soulager-guerir/gencive-enflamme-remede-naturel.html,2026-08-28
www.celyatis.com/,Genou gonflé : 10 remèdes de grand-mère efficaces - Blog santé,genou gonflé,https://www.celyatis.com/blog/soulager-guerir/genou-gonfle-10-remedes-de-grand-mere-efficaces.html,2026-08-28
www.celyatis.com/,Glaire coincée dans la gorge : remèdes naturels pour s'en débarrasser - Blog santé,glaire coincée gorge,https://www.celyatis.com/blog/soulager-guerir/glaire-gorge-remede-naturel.html,2026-08-28
www.celyatis.com/,Les causes et traitements de l'épicondylite latérale : tout savoir sur le golf elbow - Blog santé,traitements épicondylite latérale,https://www.celyatis.com/blog/soulager-guerir/golf-elbow.html,2026-08-28
www.celyatis.com/,Gorge qui gratte : les remèdes naturels pour apaiser l'irritation - Blog santé,gorge qui gratte,https://www.celyatis.com/blog/soulager-guerir/gorge-gratte-remede-naturel.html,2026-08-28
www.celyatis.com/,Gorge sèche en permanence : remèdes naturels pour retrouver le confort - Blog santé,gorge sèche permanence,https://www.celyatis.com/blog/soulager-guerir/gorge-seche-remede-naturel.html,2026-08-28
www.celyatis.com/,Grippe : remèdes naturels pour renforcer son immunité - Blog santé,grippe,https://www.celyatis.com/blog/soulager-guerir/grippe-remede-naturel.html,2026-08-28
www.celyatis.com/,Guérir de la mauvaise haleine avec des solutions efficaces - Blog santé,mauvaise haleine solutions,https://www.celyatis.com/blog/soulager-guerir/guerir-de-la-mauvaise-haleine-avec-des-solutions-efficaces.html,2026-08-28
www.celyatis.com/,Guérir de la sclérose en plaques : quelles avancées médicales ? - Blog santé,guérir sclérose plaques,https://www.celyatis.com/blog/soulager-guerir/guerir-de-la-sclerose-en-plaques-quelles-avancees-medicales.html,2026-08-28
www.celyatis.com/,Guérir de la spondylarthrite : les traitements efficaces - Blog santé,guérir spondylarthrite,https://www.celyatis.com/blog/soulager-guerir/guerir-de-la-spondylarthrite-les-traitements-efficaces.html,2026-08-28
www.celyatis.com/,Guérir des acouphènes : solutions et conseils efficaces - Blog santé,guérir acouphènes,https://www.celyatis.com/blog/soulager-guerir/guerir-des-acouphenes-solutions-et-conseils-efficaces.html,2026-08-28
www.celyatis.com/,Comment guérir des TCA : stratégies et accompagnement ? - Blog santé,guérir tca,https://www.celyatis.com/blog/soulager-guerir/guerir-des-tca.html,2026-08-28
www.celyatis.com/,Guérir d'une diverticulite : durée et étapes clés - Blog santé,guérir diverticulite,https://www.celyatis.com/blog/soulager-guerir/guerir-dune-diverticulite-duree-et-etapes-cles.html,2026-08-28
www.celyatis.com/,Guérir : où se rendre pour soigner sa dépendance ? - Blog santé,guérir,https://www.celyatis.com/blog/soulager-guerir/guerir-ou-se-rendre-pour-soigner-sa-dependance.html,2026-08-28
www.celyatis.com/,Guérison d'une rectite : quel délai espérer ? - Blog santé,guérison rectite,https://www.celyatis.com/blog/soulager-guerir/guerison-dune-rectite-quel-delai-esperer.html,2026-08-28
www.celyatis.com/,Guérit-on vraiment d'une tendinopathie calcifiante ? - Blog santé,vraiment tendinopathie calcifiante,https://www.celyatis.com/blog/soulager-guerir/guerit-on-vraiment-dune-tendinopathie-calcifiante.html,2026-08-28
www.celyatis.com/,Hallux valgus : quels remèdes de grand-mère efficaces ? - Blog santé,hallux valgus,https://www.celyatis.com/blog/soulager-guerir/hallux-valgus-quels-remedes-de-grand-mere-efficaces.html,2026-08-28
www.celyatis.com/,Hallux valgus : quels remèdes de grand-mère vraiment efficaces ? - Blog santé,hallux valgus,https://www.celyatis.com/blog/soulager-guerir/hallux-valgus-quels-remedes-de-grand-mere-vraiment-efficaces.html,2026-08-28
www.celyatis.com/,Traitements efficaces pour l'Hallux Valgus : Guide complet - Blog santé,traitements efficaces hallux,https://www.celyatis.com/blog/soulager-guerir/hallux-valgus-traitement.html,2026-08-28
www.celyatis.com/,Hémorroïdes : les remèdes naturels pour un soulagement discret - Blog santé,hémorroïdes,https://www.celyatis.com/blog/soulager-guerir/hemorroides-remede-naturel.html,2026-08-28
www.celyatis.com/,Hernie cervicale et vertiges : quels sont les liens ? - Blog santé,hernie cervicale vertiges,https://www.celyatis.com/blog/soulager-guerir/hernie-cervicale-symptomes-vertiges.html,2026-08-28
www.celyatis.com/,Homéopathie et prévention : Comment renforcer son bien‑être au quotidien - Blog santé,homéopathie prévention,https://www.celyatis.com/blog/soulager-guerir/homeopathie-et-prevention-comment-renforcer-son-bien%e2%80%91etre-au-quotidien.html,2026-08-28
www.celyatis.com/,Homéopathie: peut-elle vraiment soulager la sinusite chronique ? - Blog santé,homéopathie peut elle,https://www.celyatis.com/blog/soulager-guerir/homeopathie-et-sinusite-chronique.html,2026-08-28
www.celyatis.com/,Hypnose en ligne : une alternative douce et accessible pour transformer son quotidien - Blog santé,hypnose ligne,https://www.celyatis.com/blog/soulager-guerir/hypnose-en-ligne-une-alternative-douce-et-accessible-pour-transformer-son-quotidien.html,2026-08-28
www.celyatis.com/,Comment l'ibuprofène peut soulager la douleur au genou - Blog santé,ibuprofène peut soulager,https://www.celyatis.com/blog/soulager-guerir/ibuprofene-douleur-genou.html,2026-08-28
www.celyatis.com/,Incontinence urinaire : quels remèdes de grand-mère sont efficaces ? - Blog santé,incontinence urinaire,https://www.celyatis.com/blog/soulager-guerir/incontinence-urinaire-quels-remedes-de-grand-mere-sont-efficaces.html,2026-08-28
www.celyatis.com/,Infection de tatouage : quels sont les symptômes à surveiller ? - Blog santé,infection tatouage,https://www.celyatis.com/blog/soulager-guerir/infection-tatouage-symptomes.html,2026-08-28
www.celyatis.com/,Comment utiliser les huiles essentielles pour soigner une infection urinaire ? - Blog santé,soigner infection urinaire,https://www.celyatis.com/blog/soulager-guerir/infection-urinaire-huile-essentielle.html,2026-08-28
www.celyatis.com/,Infection urinaire : les remèdes naturels qui soulagent sans antibiotiques - Blog santé,infection urinaire,https://www.celyatis.com/blog/soulager-guerir/infection-urinaire-remede-naturel.html,2026-08-28
www.celyatis.com/,Insomnies et réveils nocturnes : pourquoi tester l'homéopathie ? - Blog santé,insomnies réveils nocturnes,https://www.celyatis.com/blog/soulager-guerir/insomnies-et-reveils-nocturnes-pourquoi-tester-lhomeopathie.html,2026-08-28
www.celyatis.com/,Comprendre l'intolérance au gluten - Blog santé,comprendre intolérance gluten,https://www.celyatis.com/blog/soulager-guerir/intolerance-gluten.html,2026-08-28
www.celyatis.com/,Comment réaliser l'invocation pour la rupture du jeûne ? - Blog santé,invocation rupture jeûne,https://www.celyatis.com/blog/soulager-guerir/invocation-rupture-du-jeune.html,2026-08-28
www.celyatis.com/,Comment les IRM du genou peuvent aider à diagnostiquer une blessure ? - Blog santé,diagnostiquer blessure,https://www.celyatis.com/blog/soulager-guerir/irm-genou.html,2026-08-28
www.celyatis.com/,Ai-je pris un risque ? les premiers gestes après un rapport non protégé - Blog santé,premiers gestes après,https://www.celyatis.com/blog/soulager-guerir/jai-eu-un-rapport-non-protege-jai-peur.html,2026-08-28
www.celyatis.com/,j'ai guéri d'une parodontite naturellement : récits et témoignages réels - Blog santé,guéri parodontite naturellement,https://www.celyatis.com/blog/soulager-guerir/jai-gueri-dune-parodontite-naturellement-recits-et-temoignages-reels.html,2026-08-28
www.celyatis.com/,Jambes lourdes : les remèdes de grand-mère qui soulagent - Blog santé,jambes lourdes,https://www.celyatis.com/blog/soulager-guerir/jambes-lourdes-les-remedes-de-grand-mere-qui-soulagent.html,2026-08-28
www.celyatis.com/,Jambes lourdes : quels remèdes de grand-mère sont efficaces ? - Blog santé,jambes lourdes,https://www.celyatis.com/blog/soulager-guerir/jambes-lourdes-quels-remedes-de-grand-mere-sont-efficaces.html,2026-08-28
www.celyatis.com/,Découvrir le Monde de la Kinésithérapie à Passy : Guide Complet pour votre Bien-être - Blog santé,monde kinésithérapie passy,https://www.celyatis.com/blog/soulager-guerir/kine-passy.html,2026-08-28
www.celyatis.com/,La banane constipe-t-elle vraiment ? - Blog santé,banane constipe elle,https://www.celyatis.com/blog/soulager-guerir/la-banane-constipe-t-elle-vraiment.html,2026-08-28
www.celyatis.com/,La chloroquine : mythe ou réalité dans la lutte contre le coronavirus ?,chloroquine,https://www.celyatis.com/blog/soulager-guerir/la-chloroquine-un-remede-miracle-contre-le-coronavirus.html,2026-08-28
www.celyatis.com/,La relaxation par la sophrologie - Blog santé,relaxation sophrologie,https://www.celyatis.com/blog/soulager-guerir/la-relaxation-par-la-sophrologie.html,2026-08-28
www.celyatis.com/,La relaxation progressive pour réduire le stress - Blog santé,relaxation progressive réduire,https://www.celyatis.com/blog/soulager-guerir/la-relaxation-progressive-pour-reduire-le-stress.html,2026-08-28
www.celyatis.com/,La thérapie laser est-elle plus efficace que les autres solutions de sevrage tabagique ? - Blog santé,thérapie laser est,https://www.celyatis.com/blog/soulager-guerir/la-therapie-laser-est-elle-plus-efficace-que-les-autres-solutions-de-sevrage-tabagique.html,2026-08-28
www.celyatis.com/,Le rôle de la chirurgie orthopédique dans l'apaisement de l'arthrose - Blog santé,orthopédique apaisement arthrose,https://www.celyatis.com/blog/soulager-guerir/le-role-de-la-chirurgie-orthopedique-dans-lapaisement-de-larthrose.html,2026-08-28
www.celyatis.com/,Le rôle de la technologie dans la lutte contre les troubles du sommeil - Blog santé,contre troubles sommeil,https://www.celyatis.com/blog/soulager-guerir/le-role-de-la-technologie-dans-la-lutte-contre-les-troubles-du-sommeil.html,2026-08-28
www.celyatis.com/,Le thym : un remède efficace contre la toux grasse ?,thym,https://www.celyatis.com/blog/soulager-guerir/le-thym-est-il-efficace-pour-traiter-la-toux-grasse.html,2026-08-28
www.celyatis.com/,Le vélo est-il bénéfique pour l'arthrose du genou ? - Blog santé,bénéfique arthrose genou,https://www.celyatis.com/blog/soulager-guerir/le-velo-est-il-bon-pour-larthrose-du-genou.html,2026-08-28
www.celyatis.com/,Les avantages de la livraison à domicile de vos médicaments​ - Blog santé,domicile vos médicaments,https://www.celyatis.com/blog/soulager-guerir/les-avantages-de-la-livraison-a-domicile-de-vos-medicaments.html,2026-08-28
www.celyatis.com/,Les avantages de la réflexologie plantaire - Blog santé,avantages réflexologie plantaire,https://www.celyatis.com/blog/soulager-guerir/les-avantages-de-la-reflexologie-plantaire.html,2026-08-28
www.celyatis.com/,Les avantages des fauteuils coquilles pour seniors - Blog santé,fauteuils coquilles seniors,https://www.celyatis.com/blog/soulager-guerir/les-avantages-des-fauteuils-coquilles-pour-seniors.html,2026-08-28
www.celyatis.com/,Les avantages des produits de mobilité pour seniors - Blog santé,produits mobilité seniors,https://www.celyatis.com/blog/soulager-guerir/les-avantages-des-produits-de-mobilite-pour-seniors.html,2026-08-28
www.celyatis.com/,Les BCAA réduisent-ils vraiment les DOMS après un entraînement intense ? - Blog santé,après entraînement intense,https://www.celyatis.com/blog/soulager-guerir/les-bcaa-reduisent-ils-vraiment-les-doms-apres-un-entrainement-intense.html,2026-08-28
www.celyatis.com/,Les bienfaits de la luminothérapie en hiver - Blog santé,bienfaits luminothérapie hiver,https://www.celyatis.com/blog/soulager-guerir/les-bienfaits-de-la-luminotherapie-en-hiver.html,2026-08-28
www.celyatis.com/,Les bienfaits de la méditation pour la santé - Blog santé,bienfaits méditation santé,https://www.celyatis.com/blog/soulager-guerir/les-bienfaits-de-la-meditation-pour-la-sante.html,2026-08-28
www.celyatis.com/,Les bienfaits de la thérapie par le froid - Blog santé,bienfaits thérapie froid,https://www.celyatis.com/blog/soulager-guerir/les-bienfaits-de-la-therapie-par-le-froid.html,2026-08-28
www.celyatis.com/,Les bienfaits de l'acupression pour la détente - Blog santé,bienfaits acupression détente,https://www.celyatis.com/blog/soulager-guerir/les-bienfaits-de-lacupression-pour-la-detente.html,2026-08-28
www.celyatis.com/,Les bienfaits de l'huile de krill - Blog santé,bienfaits huile krill,https://www.celyatis.com/blog/soulager-guerir/les-bienfaits-de-lhuile-de-krill.html,2026-08-28
www.celyatis.com/,Les bienfaits de l'ostéopathie pour le corps - Blog santé,bienfaits ostéopathie corps,https://www.celyatis.com/blog/soulager-guerir/les-bienfaits-de-losteopathie-pour-le-corps.html,2026-08-28
www.celyatis.com/,Les bienfaits des bains de pieds relaxants - Blog santé,bains pieds relaxants,https://www.celyatis.com/blog/soulager-guerir/les-bienfaits-des-bains-de-pieds-relaxants.html,2026-08-28
www.celyatis.com/,Les bienfaits du coussin coccyx en parapharmacie pour soulager les douleurs - Blog santé,coussin coccyx parapharmacie,https://www.celyatis.com/blog/soulager-guerir/les-bienfaits-du-coussin-coccyx-en-parapharmacie-pour-soulager-les-douleurs.html,2026-08-28
www.celyatis.com/,Les bienfaits d’une cure thermale psychosomatique sur la dépression - Blog santé,thermale psychosomatique dépression,https://www.celyatis.com/blog/soulager-guerir/les-bienfaits-dune-cure-thermale-psychosomatique-sur-la-depression.html,2026-08-28
www.celyatis.com/,Les effets du froid sur les nerfs : comment ça soulage les douleurs articulaires ? - Blog santé,effets froid nerfs,https://www.celyatis.com/blog/soulager-guerir/les-effets-du-froid-sur-les-nerfs-comment-ca-soulage-les-douleurs-articulaires.html,2026-08-28
www.celyatis.com/,Les fauteuils de relaxation : confort et bien-être - Blog santé,fauteuils relaxation,https://www.celyatis.com/blog/soulager-guerir/les-fauteuils-de-relaxation-confort-et-bien-etre.html,2026-08-28
www.celyatis.com/,Les huiles essentielles anti-stress recommandées - Blog santé,huiles essentielles anti,https://www.celyatis.com/blog/soulager-guerir/les-huiles-essentielles-anti-stress-recommandees.html,2026-08-28
www.celyatis.com/,Les dangers des médicaments périmés pour la santé,médicaments périmés santé,https://www.celyatis.com/blog/soulager-guerir/les-medicaments-perimes-presentent-ils-des-risques-pour-la-sante.html,2026-08-28
www.celyatis.com/,Les meilleures astuces pour guérir un rhume - Blog santé,astuces guérir rhume,https://www.celyatis.com/blog/soulager-guerir/les-meilleures-astuces-pour-guerir-un-rhume.html,2026-08-28
www.celyatis.com/,Les meilleurs matelas en cas de douleurs au dos - Blog santé,matelas cas douleurs,https://www.celyatis.com/blog/soulager-guerir/les-meilleurs-matelas-en-cas-de-douleurs-au-dos.html,2026-08-28
www.celyatis.com/,Les méthodes japonaises pour se soulager ? - Blog santé,japonaises se soulager,https://www.celyatis.com/blog/soulager-guerir/les-methodes-japonaises-pour-se-soulager-2.html,2026-08-28
www.celyatis.com/,Les méthodes japonaises pour se soulager ? - Blog santé,japonaises se soulager,https://www.celyatis.com/blog/soulager-guerir/les-methodes-japonaises-pour-se-soulager-3.html,2026-08-28
www.celyatis.com/,Les méthodes japonaises pour se soulager ? - Blog santé,japonaises se soulager,https://www.celyatis.com/blog/soulager-guerir/les-methodes-japonaises-pour-se-soulager-4.html,2026-08-28
www.celyatis.com/,Les méthodes japonaises pour se soulager ? - Blog santé,japonaises se soulager,https://www.celyatis.com/blog/soulager-guerir/les-methodes-japonaises-pour-se-soulager-5.html,2026-08-28
www.celyatis.com/,Les méthodes japonaises pour se soulager ? - Blog santé,japonaises se soulager,https://www.celyatis.com/blog/soulager-guerir/les-methodes-japonaises-pour-se-soulager.html,2026-08-28
www.celyatis.com/,Les témoignages sur les remèdes de grand-mère pour une déchirure musculaire : entre croyances et réalité - Blog santé,mère déchirure musculaire,https://www.celyatis.com/blog/soulager-guerir/les-temoignages-sur-les-remedes-de-grand-mere-pour-une-dechirure-musculaire-entre-croyances-et-realite.html,2026-08-28
www.celyatis.com/,Comprendre et Gérer les Lésions Ligamentaires: Guide Essentiel pour une Récupération Efficace - Blog santé,lésions ligamentaires essentiel,https://www.celyatis.com/blog/soulager-guerir/lesion-ligamentaire.html,2026-08-28
www.celyatis.com/,Comment soigner une lésion du quadriceps ? - Blog santé,soigner lésion quadriceps,https://www.celyatis.com/blog/soulager-guerir/lesion-quadriceps.html,2026-08-28
www.celyatis.com/,Lèvres gercées persistantes : causes et traitements efficaces - Blog santé,lèvres gercées persistantes,https://www.celyatis.com/blog/soulager-guerir/levres-gercees-persistantes-causes-et-traitements-efficaces.html,2026-08-28
www.celyatis.com/,Lèvres gercées qui persistent : témoignages et solutions partagées - Blog santé,lèvres gercées qui,https://www.celyatis.com/blog/soulager-guerir/levres-gercees-qui-persistent-temoignages-et-solutions-partagees.html,2026-08-28
www.celyatis.com/,Levure en tant que médicament: comment ça fonctionne ? - Blog santé,tant que médicament,https://www.celyatis.com/blog/soulager-guerir/levure-medicament.html,2026-08-28
www.celyatis.com/,libération psycho émotionnelle : méthodes et bienfaits - Blog santé,libération psycho émotionnelle,https://www.celyatis.com/blog/soulager-guerir/liberation-psycho-emotionnelle-methodes-et-bienfaits.html,2026-08-28
www.celyatis.com/,Les blessures du ligament croisé chez les footballeurs : comment les prévenir et les traiter - Blog santé,croisé chez footballeurs,https://www.celyatis.com/blog/soulager-guerir/ligament-croise-foot.html,2026-08-28
www.celyatis.com/,Comment soulager la douleur du ligament latéral externe du genou ? - Blog santé,douleur ligament latéral,https://www.celyatis.com/blog/soulager-guerir/ligament-lateral-externe-genou-douleur.html,2026-08-28
www.celyatis.com/,Les symptômes d'une lésion du ligament du poignet - Blog santé,lésion ligament poignet,https://www.celyatis.com/blog/soulager-guerir/ligament-poignet-symptomes.html,2026-08-28
www.celyatis.com/,La Cicatrisation après une Ligamentoplastie de la Cheville: Ce que Vous Devez Savoir - Blog santé,ligamentoplastie cheville que,https://www.celyatis.com/blog/soulager-guerir/ligamentoplastie-cheville-cicatrice.html,2026-08-28
www.celyatis.com/,L'impact de l'alimentation et de la nutrition sur la santé sexuelle et la vitalité des hommes - Blog santé,nutrition santé sexuelle,https://www.celyatis.com/blog/soulager-guerir/limpact-de-lalimentation-et-de-la-nutrition-sur-la-sante-sexuelle-et-la-vitalite-des-hommes.html,2026-08-28
www.celyatis.com/,L'importance de la rééducation post-opératoire - Blog santé,rééducation post opératoire,https://www.celyatis.com/blog/soulager-guerir/limportance-de-la-reeducation-post-operatoire.html,2026-08-28
www.celyatis.com/,L'importance de l'ergothérapie dans la rééducation - Blog santé,importance ergothérapie rééducation,https://www.celyatis.com/blog/soulager-guerir/limportance-de-lergotherapie-dans-la-reeducation.html,2026-08-28
www.celyatis.com/,Lombalgie chronique et hernie discale : comment soulager la douleur au quotidien ? - Blog santé,lombalgie chronique hernie,https://www.celyatis.com/blog/soulager-guerir/lombalgie-chronique-hernie-discale.html,2026-08-28
www.celyatis.com/,Lombosciatique et arrêt de travail : combien de temps et quels droits ? - Blog santé,lombosciatique arrêt travail,https://www.celyatis.com/blog/soulager-guerir/lombosciatique-arret-de-travail.html,2026-08-28
www.celyatis.com/,"lordose : définition, causes et traitements - Blog santé",lordose,https://www.celyatis.com/blog/soulager-guerir/lordose-definition-causes-et-traitements.html,2026-08-28
www.celyatis.com/,Comment la kinésithérapie peut-elle soulager votre lumbago ? - Blog santé,soulager votre lumbago,https://www.celyatis.com/blog/soulager-guerir/lumbago-kine.html,2026-08-28
www.celyatis.com/,Mains très sèches : quels remèdes de grand-mère efficaces ? - Blog santé,mains très sèches,https://www.celyatis.com/blog/soulager-guerir/mains-tres-seches-quels-remedes-de-grand-mere-efficaces.html,2026-08-28
www.celyatis.com/,Douleurs au mollet pendant la course : causes et solutions possibles - Blog santé,douleurs mollet,https://www.celyatis.com/blog/soulager-guerir/mal-au-mollet-quand-je-cours.html,2026-08-28
www.celyatis.com/,Comment soulager la douleur au tibia lors de la course - Blog santé,douleur tibia lors,https://www.celyatis.com/blog/soulager-guerir/mal-au-tibia-quand-je-cours.html,2026-08-28
www.celyatis.com/,Mal de dent : les remèdes naturels pour calmer la douleur en urgence - Blog santé,mal dent,https://www.celyatis.com/blog/soulager-guerir/mal-dent-remede-naturel.html,2026-08-28
www.celyatis.com/,Mal de gorge : les remèdes naturels pour soulager rapidement - Blog santé,mal gorge,https://www.celyatis.com/blog/soulager-guerir/mal-gorge-remede-naturel.html,2026-08-28
www.celyatis.com/,Maux de tête : les remèdes naturels pour soulager sans médicaments - Blog santé,maux tête,https://www.celyatis.com/blog/soulager-guerir/mal-tete-remede-naturel.html,2026-08-28
www.celyatis.com/,Comment traiter la maladie de Dupuytren par des méthodes naturelles ? - Blog santé,maladie dupuytren méthodes,https://www.celyatis.com/blog/soulager-guerir/maladie-de-dupuytren-traitement-naturel.html,2026-08-28
www.celyatis.com/,Comment gérer la maladie de Ménière: Les exercices essentiels pour un soulagement efficace - Blog santé,maladie ménière exercices,https://www.celyatis.com/blog/soulager-guerir/maladie-de-meniere-exercices.html,2026-08-28
www.celyatis.com/,La kinésithérapie : un remède efficace contre la maladie de Sever - Blog santé,kinésithérapie,https://www.celyatis.com/blog/soulager-guerir/maladie-de-sever-kinesitherapie.html,2026-08-28
www.celyatis.com/,Malaise vagal : remèdes de grand-mère vraiment utiles - Blog santé,malaise vagal,https://www.celyatis.com/blog/soulager-guerir/malaise-vagal-remedes-de-grand-mere-vraiment-utiles.html,2026-08-28
www.celyatis.com/,Comment le massage peut soulager les symptômes de la fibromyalgie : Un guide complet - Blog santé,symptômes fibromyalgie,https://www.celyatis.com/blog/soulager-guerir/massage-fibromyalgie.html,2026-08-28
www.celyatis.com/,Massage thérapeutique : bien-être et détente - Blog santé,massage thérapeutique,https://www.celyatis.com/blog/soulager-guerir/massage-therapeutique-bien-etre-et-detente.html,2026-08-28
www.celyatis.com/,Maux d'estomac : les remèdes naturels pour apaiser la digestion - Blog santé,maux estomac,https://www.celyatis.com/blog/soulager-guerir/maux-estomac-remede-naturel.html,2026-08-28
www.celyatis.com/,Maux de ventre liés au stress : les remèdes naturels qui apaisent - Blog santé,maux ventre liés,https://www.celyatis.com/blog/soulager-guerir/maux-ventre-stress-remede-naturel.html,2026-08-28
www.celyatis.com/,Médecines douces : comment accéder à des soins naturels pour votre santé ? - Blog santé,médecines douces,https://www.celyatis.com/blog/soulager-guerir/medecines-douces-comment-acceder-a-des-soins-naturels-pour-votre-sante.html,2026-08-28
www.celyatis.com/,Pourquoi mes gencives saignent-elles ? Causes et solutions efficaces - Blog santé,gencives saignent elles,https://www.celyatis.com/blog/soulager-guerir/mes-gencives-saignent.html,2026-08-28
www.celyatis.com/,Métatarsalgie : quels remèdes de grand-mère fonctionnent vraiment ? - Blog santé,métatarsalgie,https://www.celyatis.com/blog/soulager-guerir/metatarsalgie-quels-remedes-de-grand-mere-fonctionnent-vraiment.html,2026-08-28
www.celyatis.com/,Mieux gérer ses documents pour préserver son équilibre mental - Blog santé,mieux gérer ses,https://www.celyatis.com/blog/soulager-guerir/mieux-gerer-ses-documents-pour-preserver-son-equilibre-mental.html,2026-08-28
www.celyatis.com/,Migraine digestive : quelles sont les causes sous-jacentes ? - Blog santé,migraine digestive,https://www.celyatis.com/blog/soulager-guerir/migraine-digestive-cause.html,2026-08-28
www.celyatis.com/,Comment soulager les migraines fréquentes ? - Blog santé,soulager migraines fréquentes,https://www.celyatis.com/blog/soulager-guerir/migraine.html,2026-08-28
www.celyatis.com/,Moisissure sur tissu : les remèdes de grand-mère qui marchent - Blog santé,moisissure tissu,https://www.celyatis.com/blog/soulager-guerir/moisissure-sur-tissu-les-remedes-de-grand-mere-qui-marchent.html,2026-08-28
www.celyatis.com/,Mon chien se gratte : quel remède de grand-mère choisir ? - Blog santé,chien se gratte,https://www.celyatis.com/blog/soulager-guerir/mon-chien-se-gratte-quel-remede-de-grand-mere-choisir.html,2026-08-28
www.celyatis.com/,Mon témoignage : comment j'ai surmonté la SLA - Blog santé,mon témoignage,https://www.celyatis.com/blog/soulager-guerir/mon-temoignage-comment-jai-surmonte-la-sla.html,2026-08-28
www.celyatis.com/,Mononucléose : combien de temps éviter les baisers pour une guérison complète ? - Blog santé,mononucléose,https://www.celyatis.com/blog/soulager-guerir/mononucleose-combien-temps-eviter-baisers-guerison-complete.html,2026-08-28
www.celyatis.com/,Dévoiler les Secrets des Muscles du Corps Humain à Travers le Sport - Blog santé,muscles corps humain,https://www.celyatis.com/blog/soulager-guerir/muscle-du-corps-humain-sport.html,2026-08-28
www.celyatis.com/,"Comprendre la Douleur du Muscle Pectiné : Causes, Symptômes et Traitements - Blog santé",douleur muscle pectiné,https://www.celyatis.com/blog/soulager-guerir/muscle-pectine-douleur.html,2026-08-28
www.celyatis.com/,Comment renforcer les muscles du pubis : conseils et exercices essentiels - Blog santé,renforcer muscles pubis,https://www.celyatis.com/blog/soulager-guerir/muscle-pubis.html,2026-08-28
www.celyatis.com/,Guide Ultime pour Renforcer et Soulager vos Muscles de la Nuque - Blog santé,vos muscles nuque,https://www.celyatis.com/blog/soulager-guerir/muscles-nuque.html,2026-08-28
www.celyatis.com/,Ne laissez pas l'incontinence adulte gâcher votre vie - Blog santé,laissez pas incontinence,https://www.celyatis.com/blog/soulager-guerir/ne-laissez-pas-lincontinence-adulte-gacher-votre-vie.html,2026-08-28
www.celyatis.com/,"Comprendre la Nécrose du Genou : Causes, Symptômes et Traitements - Blog santé",comprendre nécrose genou,https://www.celyatis.com/blog/soulager-guerir/necrose-genou.html,2026-08-28
www.celyatis.com/,Comment soulager vos nerfs du dos : Guide pratique pour un dos sain et fort - Blog santé,soulager vos nerfs,https://www.celyatis.com/blog/soulager-guerir/nerfs-dans-le-dos.html,2026-08-28
www.celyatis.com/,Névralgie cervico-brachiale : 7 remèdes efficaces à tester - Blog santé,névralgie cervico brachiale,https://www.celyatis.com/blog/soulager-guerir/nevralgie-cervico-brachiale-7-remedes-efficaces-a-tester.html,2026-08-28
www.celyatis.com/,Névralgie cervicobrachiale : comprendre son trajet et ses implications - Blog santé,névralgie cervicobrachiale,https://www.celyatis.com/blog/soulager-guerir/nevralgie-cervico-brachiale-trajet.html,2026-08-28
www.celyatis.com/,Névralgie dentaire et mâchoire : causes et solutions - Blog santé,névralgie dentaire mâchoire,https://www.celyatis.com/blog/soulager-guerir/nevralgie-dentaire-et-machoire-causes-et-solutions.html,2026-08-28
www.celyatis.com/,Névralgie dentaire et stress : causes et solutions - Blog santé,névralgie dentaire stress,https://www.celyatis.com/blog/soulager-guerir/nevralgie-dentaire-et-stress-causes-et-solutions.html,2026-08-28
www.celyatis.com/,"Névrome de Morton : Quand chaque pas compte, comment trouver le soulagement ? - Blog santé",névrome morton,https://www.celyatis.com/blog/soulager-guerir/nevrome-de-morton-quand-chaque-pas-compte-comment-trouver-le-soulagement.html,2026-08-28
www.celyatis.com/,Traitement naturel des nodosités d'Heberden : des solutions efficaces à découvrir - Blog santé,traitement naturel nodosités,https://www.celyatis.com/blog/soulager-guerir/nodosites-dheberden-traitement-naturel.html,2026-08-28
www.celyatis.com/,Comment traiter l'œdème suite à une entorse de la cheville ? - Blog santé,suite entorse cheville,https://www.celyatis.com/blog/soulager-guerir/oedeme-entorse-cheville.html,2026-08-28
www.celyatis.com/,Oignon au pied : quels remèdes de grand-mère fonctionnent vraiment ? - Blog santé,oignon pied,https://www.celyatis.com/blog/soulager-guerir/oignon-au-pied-quels-remedes-de-grand-mere-fonctionnent-vraiment.html,2026-08-28
www.celyatis.com/,Onde de choc à l'épaule : Comment soulager la douleur et retrouver une mobilité optimale - Blog santé,onde choc épaule,https://www.celyatis.com/blog/soulager-guerir/onde-de-choc-epaule.html,2026-08-28
www.celyatis.com/,Les prix des ondes de choc : tout ce que vous devez savoir - Blog santé,prix ondes choc,https://www.celyatis.com/blog/soulager-guerir/onde-de-choc-prix.html,2026-08-28
www.celyatis.com/,Tout ce que vous devez savoir sur les ondes de choc pour les douleurs au talon - Blog santé,ondes choc douleurs,https://www.celyatis.com/blog/soulager-guerir/onde-de-choc-talon.html,2026-08-28
www.celyatis.com/,Comment traiter une tendinite avec les ondes de choc ? - Blog santé,tendinite ondes choc,https://www.celyatis.com/blog/soulager-guerir/onde-de-choc-tendinite.html,2026-08-28
www.celyatis.com/,Les ondes de choc : un traitement anti-inflammatoire efficace - Blog santé,ondes choc,https://www.celyatis.com/blog/soulager-guerir/ondes-de-choc-et-anti-inflammatoire.html,2026-08-28
www.celyatis.com/,Ongle abîmé : quel remède de grand-mère fonctionne vraiment ? - Blog santé,ongle abîmé,https://www.celyatis.com/blog/soulager-guerir/ongle-abime-quel-remede-de-grand-mere-fonctionne-vraiment.html,2026-08-28
www.celyatis.com/,Ongle noir : quels remèdes de grand-mère fonctionnent vraiment ? - Blog santé,ongle noir,https://www.celyatis.com/blog/soulager-guerir/ongle-noir-quels-remedes-de-grand-mere-fonctionnent-vraiment.html,2026-08-28
www.celyatis.com/,Ongles dédoublés : quels remèdes de grand-mère fonctionnent ? - Blog santé,ongles dédoublés,https://www.celyatis.com/blog/soulager-guerir/ongles-dedoubles-quels-remedes-de-grand-mere-fonctionnent.html,2026-08-28
www.celyatis.com/,L'opération de la pubalgie : tout ce que vous devez savoir - Blog santé,opération pubalgie,https://www.celyatis.com/blog/soulager-guerir/operation-pubalgie.html,2026-08-28
www.celyatis.com/,Oreille qui gratte : remèdes naturels et causes possibles - Blog santé,oreille qui gratte,https://www.celyatis.com/blog/soulager-guerir/oreille-gratte-remede-naturel.html,2026-08-28
www.celyatis.com/,Oreille qui siffle : 6 remèdes de grand-mère efficaces - Blog santé,oreille qui siffle,https://www.celyatis.com/blog/soulager-guerir/oreille-qui-siffle-6-remedes-de-grand-mere-efficaces.html,2026-08-28
www.celyatis.com/,Orteil douloureux et gonflé : quels remèdes naturels efficaces ? - Blog santé,orteil douloureux gonflé,https://www.celyatis.com/blog/soulager-guerir/orteil-douloureux-et-gonfle-quels-remedes-naturels-efficaces.html,2026-08-28
www.celyatis.com/,Les bienfaits insoupçonnés des os de dubras pour votre santé - Blog santé,dubras votre santé,https://www.celyatis.com/blog/soulager-guerir/os-dubras.html,2026-08-28
www.celyatis.com/,Exercices Efficaces pour Soulager et Prévenir la Maladie d'Osgood-Schlatter - Blog santé,maladie osgood schlatter,https://www.celyatis.com/blog/soulager-guerir/osgood-schlatter-exercices.html,2026-08-28
www.celyatis.com/,Les Effets Secondaires de l'Ostéopathie Crânienne : Ce que Vous Devez Savoir - Blog santé,secondaires ostéopathie crânienne,https://www.celyatis.com/blog/soulager-guerir/osteopathie-cranienne-effets-secondaires.html,2026-08-28
www.celyatis.com/,Comprendre l'échelle d'Oswestry : Une évaluation essentielle pour la santé du dos - Blog santé,comprendre échelle oswestry,https://www.celyatis.com/blog/soulager-guerir/oswestry.html,2026-08-28
www.celyatis.com/,Otite : les remèdes naturels pour soulager la douleur d'oreille - Blog santé,otite,https://www.celyatis.com/blog/soulager-guerir/otite-remede-naturel.html,2026-08-28
www.celyatis.com/,Où mettre les médicaments quand on prend l'avion ? - Blog santé,où mettre médicaments,https://www.celyatis.com/blog/soulager-guerir/ou-mettre-les-medicaments-quand-on-prend-lavion-2.html,2026-08-28
www.celyatis.com/,Où mettre les médicaments quand on prend l'avion ? - Blog santé,où mettre médicaments,https://www.celyatis.com/blog/soulager-guerir/ou-mettre-les-medicaments-quand-on-prend-lavion.html,2026-08-28
www.celyatis.com/,Palestine soutien : 5 manières de mieux soulager cet état - Blog santé,palestine soutien,https://www.celyatis.com/blog/soulager-guerir/palestine-soutien-5-manieres-de-mieux-soulager-cet-etat.html,2026-08-28
www.celyatis.com/,Les pathologies du dos : comprendre et prévenir les maux lombaires - Blog santé,pathologies dos,https://www.celyatis.com/blog/soulager-guerir/pathologies-du-dos.html,2026-08-28
www.celyatis.com/,Pellicules : remèdes naturels pour un cuir chevelu sain - Blog santé,pellicules,https://www.celyatis.com/blog/soulager-guerir/pellicule-cheveux-remede-naturel.html,2026-08-28
www.celyatis.com/,Perdre ses cheveux est ce vraiment une fatalité ? - Blog santé,est vraiment fatalité,https://www.celyatis.com/blog/soulager-guerir/perdre-ses-cheveux-est-ce-vraiment-une-fatalite.html,2026-08-28
www.celyatis.com/,Optimiser sa Performance Sportive : Les Clés pour Atteindre l'Excellence - Blog santé,optimiser sa,https://www.celyatis.com/blog/soulager-guerir/performance-sportive.html,2026-08-28
www.celyatis.com/,Peut-on contracter une MST sans aucun rapport sexuel ? - Blog santé,peut on contracter,https://www.celyatis.com/blog/soulager-guerir/peut-on-avoir-une-mst-sans-avoir-eu-de-rapport.html,2026-08-28
www.celyatis.com/,Peut-on espérer guérir d'une récidive de cancer ? - Blog santé,peut on espérer,https://www.celyatis.com/blog/soulager-guerir/peut-on-esperer-guerir-dune-recidive-de-cancer.html,2026-08-28
www.celyatis.com/,Peut-on faire l'amour après une séance d'ostéopathie ? - Blog santé,après séance ostéopathie,https://www.celyatis.com/blog/soulager-guerir/peut-on-faire-lamour-apres-une-seance-dosteopathie.html,2026-08-28
www.celyatis.com/,Peut-on guérir définitivement les varices œsophagiennes ? - Blog santé,définitivement varices œsophagiennes,https://www.celyatis.com/blog/soulager-guerir/peut-on-guerir-definitivement-les-varices-oesophagiennes.html,2026-08-28
www.celyatis.com/,Peut-on guérir d'un cancer de l'endomètre ? - Blog santé,guérir cancer endomètre,https://www.celyatis.com/blog/soulager-guerir/peut-on-guerir-dun-cancer-de-lendometre.html,2026-08-28
www.celyatis.com/,Peut-on guérir d'un pincement discal ? - Blog santé,guérir pincement discal,https://www.celyatis.com/blog/soulager-guerir/peut-on-guerir-dun-pincement-discal.html,2026-08-28
www.celyatis.com/,Peut-on guérir d'une hernie cervicale sans chirurgie ? - Blog santé,cervicale sans chirurgie,https://www.celyatis.com/blog/soulager-guerir/peut-on-guerir-dune-hernie-cervicale-sans-chirurgie.html,2026-08-28
www.celyatis.com/,Peut-on réellement guérir du lupus aujourd'hui ? - Blog santé,réellement guérir lupus,https://www.celyatis.com/blog/soulager-guerir/peut-on-reellement-guerir-du-lupus-aujourdhui.html,2026-08-28
www.celyatis.com/,Comment travailler avec une sciatique : conseils et astuces pour soulager la douleur - Blog santé,travailler sciatique,https://www.celyatis.com/blog/soulager-guerir/peut-on-travailler-avec-une-sciatique.html,2026-08-28
www.celyatis.com/,Peut-on vraiment guérir de la maladie de Crohn ? - Blog santé,guérir maladie crohn,https://www.celyatis.com/blog/soulager-guerir/peut-on-vraiment-guerir-de-la-maladie-de-crohn.html,2026-08-28
www.celyatis.com/,Peut-on vraiment guérir de la maladie de Ménière ? - Blog santé,guérir maladie ménière,https://www.celyatis.com/blog/soulager-guerir/peut-on-vraiment-guerir-de-la-maladie-de-meniere-2.html,2026-08-28
www.celyatis.com/,Peut-on vraiment guérir de la maladie de Ménière ? - Blog santé,guérir maladie ménière,https://www.celyatis.com/blog/soulager-guerir/peut-on-vraiment-guerir-de-la-maladie-de-meniere.html,2026-08-28
www.celyatis.com/,Peut-on vraiment guérir des extrasystoles ? - Blog santé,vraiment guérir extrasystoles,https://www.celyatis.com/blog/soulager-guerir/peut-on-vraiment-guerir-des-extrasystoles.html,2026-08-28
www.celyatis.com/,Peut-on vraiment guérir d'un cancer du foie ? - Blog santé,vraiment guérir cancer,https://www.celyatis.com/blog/soulager-guerir/peut-on-vraiment-guerir-dun-cancer-du-foie.html,2026-08-28
www.celyatis.com/,Peut-on vraiment guérir d'un œdème maculaire ? - Blog santé,guérir œdème maculaire,https://www.celyatis.com/blog/soulager-guerir/peut-on-vraiment-guerir-dun-oedeme-maculaire.html,2026-08-28
www.celyatis.com/,Pied qui pèle : quel remède de grand-mère fonctionne vraiment ? - Blog santé,pied qui pèle,https://www.celyatis.com/blog/soulager-guerir/pied-qui-pele-quel-remede-de-grand-mere-fonctionne-vraiment.html,2026-08-28
www.celyatis.com/,Pieds gonflés : quels remèdes de grand-mère soulagent vraiment ? - Blog santé,pieds gonflés,https://www.celyatis.com/blog/soulager-guerir/pieds-gonfles-quels-remedes-de-grand-mere-soulagent-vraiment.html,2026-08-28
www.celyatis.com/,Piqûre de guêpe : le vinaigre est-il vraiment efficace ? - Blog santé,piqûre guêpe,https://www.celyatis.com/blog/soulager-guerir/piqure-de-guepe-vinaigre.html,2026-08-28
www.celyatis.com/,Piqûre d'insecte chez le cheval : que faire en cas de gonflement ? - Blog santé,insecte chez cheval,https://www.celyatis.com/blog/soulager-guerir/piqure-insecte-cheval-gonflement.html,2026-08-28
www.celyatis.com/,"Comprendre la Douleur du Plateau Tibial : Causes, Symptômes et Traitements - Blog santé",douleur plateau tibial,https://www.celyatis.com/blog/soulager-guerir/plateau-tibial-douleur.html,2026-08-28
www.celyatis.com/,"Plexus solaire bloqué : causes, symptômes et solutions - Blog santé",plexus solaire bloqué,https://www.celyatis.com/blog/soulager-guerir/plexus-solaire-bloque-causes-symptomes-et-solutions.html,2026-08-28
www.celyatis.com/,Polyarthrite Rhumatoïde et Hérédité : Démystifier les Liens Génétiques - Blog santé,polyarthrite rhumatoïde hérédité,https://www.celyatis.com/blog/soulager-guerir/polyarthrite-rhumatoide-heredite.html,2026-08-28
www.celyatis.com/,Quelle pommade choisir pour traiter un orgelet sans ordonnance ? - Blog santé,orgelet sans ordonnance,https://www.celyatis.com/blog/soulager-guerir/pommade-pour-orgelet-sans-ordonnance.html,2026-08-28
www.celyatis.com/,"Pour préserver votre santé, arrêtez de fumer avec l'aide de la cigarette électronique - Blog santé",aide cigarette électronique,https://www.celyatis.com/blog/soulager-guerir/pour-preserver-votre-sante-arretez-de-fumer-avec-laide-de-la-cigarette-electronique.html,2026-08-28
www.celyatis.com/,Pourquoi le coryza du chat ne guérit-il pas ? - Blog santé,pourquoi coryza chat,https://www.celyatis.com/blog/soulager-guerir/pourquoi-le-coryza-du-chat-ne-guerit-il-pas.html,2026-08-28
www.celyatis.com/,Pourquoi les bains me font-ils me sentir mieux ? - Blog santé,pourquoi bains me,https://www.celyatis.com/blog/soulager-guerir/pourquoi-les-bains-me-font-ils-me-sentir-mieux.html,2026-08-28
www.celyatis.com/,Pourquoi une entorse du genou ne guérit-elle pas ? - Blog santé,pourquoi entorse genou,https://www.celyatis.com/blog/soulager-guerir/pourquoi-une-entorse-du-genou-ne-guerit-elle-pas.html,2026-08-28
www.celyatis.com/,Poux : le remède naturel pour les éliminer sans produits chimiques - Blog santé,poux,https://www.celyatis.com/blog/soulager-guerir/poux-remede-naturel.html,2026-08-28
www.celyatis.com/,Comment utiliser PoxClin pour apaiser rapidement les démangeaisons de la varicelle ? - Blog santé,poxclin apaiser rapidement,https://www.celyatis.com/blog/soulager-guerir/poxclin-varicelle.html,2026-08-28
www.celyatis.com/,Presbytie : comment fonctionne l'opération PresbyLASIK ? - Blog santé,presbytie,https://www.celyatis.com/blog/soulager-guerir/presbytie-comment-fonctionne-loperation-presbylasik.html,2026-08-28
www.celyatis.com/,Prévenir les chutes chez les personnes âgées à domicile - Blog santé,personnes âgées domicile,https://www.celyatis.com/blog/soulager-guerir/prevenir-les-chutes-chez-les-personnes-agees-a-domicile.html,2026-08-28
www.celyatis.com/,Prévenir les chutes chez les personnes âgées - Blog santé,chutes chez personnes,https://www.celyatis.com/blog/soulager-guerir/prevenir-les-chutes-chez-les-personnes-agees.html,2026-08-28
www.celyatis.com/,Prévention des escarres chez les personnes alitées - Blog santé,prévention escarres chez,https://www.celyatis.com/blog/soulager-guerir/prevention-des-escarres-chez-les-personnes-alitees.html,2026-08-28
www.celyatis.com/,Prévention santé : habitudes quotidiennes pour rester en forme et réduire les risques de cancer - Blog santé,prévention santé,https://www.celyatis.com/blog/soulager-guerir/prevention-sante-habitudes-quotidiennes-pour-rester-en-forme-et-reduire-les-risques-de-cancer.html,2026-08-28
www.celyatis.com/,Problème de gencive : remèdes de grand-mère pour soulager les douleurs - Blog santé,problème gencive,https://www.celyatis.com/blog/soulager-guerir/probleme-de-gencive-remedes-de-grand-mere-pour-soulager-les-douleurs.html,2026-08-28
www.celyatis.com/,Problème de digestion : remèdes naturels pour retrouver le confort - Blog santé,problème digestion,https://www.celyatis.com/blog/soulager-guerir/probleme-digestion-remede-naturel.html,2026-08-28
www.celyatis.com/,Professionnels paramédicaux : comment sélectionner de bons patchs quantiques pour vos clients ? - Blog santé,professionnels paramédicaux,https://www.celyatis.com/blog/soulager-guerir/professionnels-paramedicaux-comment-selectionner-de-bons-patchs-quantiques-pour-vos-clients.html,2026-08-28
www.celyatis.com/,Programme de musculation adapté pour les personnes atteintes d'une hernie discale - Blog santé,musculation adapté personnes,https://www.celyatis.com/blog/soulager-guerir/programme-musculation-avec-hernie-discale.html,2026-08-28
www.celyatis.com/,Pubalgie : quels remèdes de grand-mère vraiment efficaces ? - Blog santé,pubalgie,https://www.celyatis.com/blog/soulager-guerir/pubalgie-quels-remedes-de-grand-mere-vraiment-efficaces.html,2026-08-28
www.celyatis.com/,Que faire en cas de maux de gorge peu intense et sans fièvre ? - Blog santé,maux gorge peu,https://www.celyatis.com/blog/soulager-guerir/que-faire-en-cas-de-maux-de-gorge-peu-intense-et-sans-fievre.html,2026-08-28
www.celyatis.com/,Quel complément choisir selon ses difficultés de sommeil ? - Blog santé,ses difficultés sommeil,https://www.celyatis.com/blog/soulager-guerir/quel-complement-choisir-selon-ses-difficultes-de-sommeil.html,2026-08-28
www.celyatis.com/,Quel est le plus puissant anti-douleur naturel ? - Blog santé,anti douleur naturel,https://www.celyatis.com/blog/soulager-guerir/quel-est-le-plus-puissant-anti-douleur-naturel.html,2026-08-28
www.celyatis.com/,Quel est le vrai remède miracle contre les acouphènes ? - Blog santé,miracle contre acouphènes,https://www.celyatis.com/blog/soulager-guerir/quel-est-le-vrai-remede-miracle-contre-les-acouphenes.html,2026-08-28
www.celyatis.com/,Quel remède de grand-mère contre la constipation sévère ? - Blog santé,mère contre constipation,https://www.celyatis.com/blog/soulager-guerir/quel-remede-de-grand-mere-contre-la-constipation-severe.html,2026-08-28
www.celyatis.com/,Quel remède de grand-mère contre les boutons du cuir chevelu ? - Blog santé,boutons cuir chevelu,https://www.celyatis.com/blog/soulager-guerir/quel-remede-de-grand-mere-contre-les-boutons-du-cuir-chevelu.html,2026-08-28
www.celyatis.com/,Quel remède de grand-mère contre une brûlure à la vulve ? - Blog santé,contre brûlure vulve,https://www.celyatis.com/blog/soulager-guerir/quel-remede-de-grand-mere-contre-une-brulure-a-la-vulve.html,2026-08-28
www.celyatis.com/,Quel remède de grand-mère pour assouplir le cuir ? - Blog santé,mère assouplir cuir,https://www.celyatis.com/blog/soulager-guerir/quel-remede-de-grand-mere-pour-assouplir-le-cuir.html,2026-08-28
www.celyatis.com/,Quel remède de grand-mère pour la constipation du nourrisson ? - Blog santé,mère constipation nourrisson,https://www.celyatis.com/blog/soulager-guerir/quel-remede-de-grand-mere-pour-la-constipation-du-nourrisson.html,2026-08-28
www.celyatis.com/,Quel remède de grand-mère pour soulager le coccyx ? - Blog santé,mère soulager coccyx,https://www.celyatis.com/blog/soulager-guerir/quel-remede-de-grand-mere-pour-soulager-le-coccyx.html,2026-08-28
www.celyatis.com/,Quel remède de grand-mère pour soulager une épine calcanéenne ? - Blog santé,quel remède grand,https://www.celyatis.com/blog/soulager-guerir/quel-remede-de-grand-mere-pour-soulager-une-epine-calcaneenne.html,2026-08-28
www.celyatis.com/,Quel remède efficace contre les taches brunes du visage ? - Blog santé,efficace contre taches,https://www.celyatis.com/blog/soulager-guerir/quel-remede-efficace-contre-les-taches-brunes-du-visage.html,2026-08-28
www.celyatis.com/,Quel remède miracle contre la corne aux pieds ? - Blog santé,contre corne pieds,https://www.celyatis.com/blog/soulager-guerir/quel-remede-miracle-contre-la-corne-aux-pieds.html,2026-08-28
www.celyatis.com/,Quel remède miracle contre les acouphènes ? - Blog santé,miracle contre acouphènes,https://www.celyatis.com/blog/soulager-guerir/quel-remede-miracle-contre-les-acouphenes.html,2026-08-28
www.celyatis.com/,Quel remède miracle pour éliminer la corne aux pieds ? - Blog santé,quel remède miracle,https://www.celyatis.com/blog/soulager-guerir/quel-remede-miracle-pour-eliminer-la-corne-aux-pieds.html,2026-08-28
www.celyatis.com/,Quel remède naturel contre les pellicules cheveux ? - Blog santé,contre pellicules cheveux,https://www.celyatis.com/blog/soulager-guerir/quel-remede-naturel-contre-les-pellicules-cheveux.html,2026-08-28
www.celyatis.com/,Quel remède naturel pour soulager les acouphènes ? - Blog santé,naturel soulager acouphènes,https://www.celyatis.com/blog/soulager-guerir/quel-remede-naturel-pour-soulager-les-acouphenes.html,2026-08-28
www.celyatis.com/,Quelle chaise de douche choisir pour plus de sécurité ? - Blog santé,quelle chaise douche,https://www.celyatis.com/blog/soulager-guerir/quelle-chaise-de-douche-choisir-pour-plus-de-securite.html,2026-08-28
www.celyatis.com/,Quelles chaussures choisir en cas de tendinite du tendon d'Achille? - Blog santé,tendinite tendon achille,https://www.celyatis.com/blog/soulager-guerir/quelle-chaussure-avec-tendinite-tendon-d-achille.html,2026-08-28
www.celyatis.com/,Quelle pommade choisir pour apaiser une capsulite ? - Blog santé,choisir apaiser capsulite,https://www.celyatis.com/blog/soulager-guerir/quelle-pommade-pour-capsulite.html,2026-08-28
www.celyatis.com/,Quelles chaussures quand on a mal aux pieds ? - Blog santé,quelles chaussures quand,https://www.celyatis.com/blog/soulager-guerir/quelles-chaussures-quand-on-a-mal-aux-pieds.html,2026-08-28
www.celyatis.com/,Quelques astuces contre les maux de tête - Blog santé,contre maux tête,https://www.celyatis.com/blog/soulager-guerir/quelques-astuces-contre-les-maux-de-tete.html,2026-08-28
www.celyatis.com/,Quels remèdes arabes efficaces contre la constipation ? - Blog santé,efficaces contre constipation,https://www.celyatis.com/blog/soulager-guerir/quels-remedes-arabes-efficaces-contre-la-constipation.html,2026-08-28
www.celyatis.com/,Quels remèdes arabes soulagent la constipation rapidement ? - Blog santé,arabes soulagent constipation,https://www.celyatis.com/blog/soulager-guerir/quels-remedes-arabes-soulagent-la-constipation-rapidement.html,2026-08-28
www.celyatis.com/,Quels remèdes naturels pour la toux grasse de bébé ? - Blog santé,naturels toux grasse,https://www.celyatis.com/blog/soulager-guerir/quels-remedes-naturels-pour-la-toux-grasse-de-bebe.html,2026-08-28
www.celyatis.com/,Quels sont les bienfaits des bijoux magnétiques ? - Blog santé,bienfaits bijoux magnétiques,https://www.celyatis.com/blog/soulager-guerir/quels-sont-les-bienfaits-des-bijoux-magnetiques.html,2026-08-28
www.celyatis.com/,Quels sont les différents types de mycoses et leurs traitements spécifiques ? - Blog santé,mycoses leurs traitements,https://www.celyatis.com/blog/soulager-guerir/quels-sont-les-differents-types-de-mycoses-et-leurs-traitements-specifiques.html,2026-08-28
www.celyatis.com/,remèdes naturels efficaces contre la gale à essayer dès maintenant,naturels efficaces contre,https://www.celyatis.com/blog/soulager-guerir/quels-sont-les-remedes-naturels-contre-la-gale.html,2026-08-28
www.celyatis.com/,Réduire le stress social : les étapes clés - Blog santé,réduire stress social,https://www.celyatis.com/blog/soulager-guerir/reduire-le-stress-social-les-etapes-cles.html,2026-08-28
www.celyatis.com/,Rééducation après fracture de l'humérus : conseils et exercices pour une récupération optimale - Blog santé,après fracture humérus,https://www.celyatis.com/blog/soulager-guerir/reeducation-apres-fracture-de-lhumerus.html,2026-08-28
www.celyatis.com/,Rééducation de la cheville après fracture: 5 exercices clés pour une récupération efficace - Blog santé,cheville après fracture,https://www.celyatis.com/blog/soulager-guerir/reeducation-cheville-apres-fracture.html,2026-08-28
www.celyatis.com/,Guide de Rééducation : Retrouver la mobilité de votre doigt après une fracture - Blog santé,rééducation,https://www.celyatis.com/blog/soulager-guerir/reeducation-doigt-apres-fracture.html,2026-08-28
www.celyatis.com/,La Rééducation du Coude: Guide Pratique d'Exercices pour une Meilleure Récupération - Blog santé,rééducation coude pratique,https://www.celyatis.com/blog/soulager-guerir/reeducation-du-coude-exercices.html,2026-08-28
www.celyatis.com/,La rééducation après une entorse du genou - Blog santé,rééducation après entorse,https://www.celyatis.com/blog/soulager-guerir/reeducation-entorse-genou.html,2026-08-28
www.celyatis.com/,Rééducation après une Fracture de la Cheville : Conseils et Techniques pour une Recuperation Optimale - Blog santé,rééducation après fracture,https://www.celyatis.com/blog/soulager-guerir/reeducation-fracture-cheville.html,2026-08-28
www.celyatis.com/,La rééducation de l'hallux valgus : techniques et conseils essentiels - Blog santé,rééducation hallux valgus,https://www.celyatis.com/blog/soulager-guerir/reeducation-hallux-valgus.html,2026-08-28
www.celyatis.com/,Rééducation de la Hanche : Techniques et Exercices pour une Meilleure Mobilité - Blog santé,rééducation hanche,https://www.celyatis.com/blog/soulager-guerir/reeducation-hanche.html,2026-08-28
www.celyatis.com/,La rééducation du ménisque non opéré : conseils et astuces. - Blog santé,rééducation ménisque non,https://www.celyatis.com/blog/soulager-guerir/reeducation-menisque-non-opere.html,2026-08-28
www.celyatis.com/,La rééducation du poignet : conseils et exercices pour une récupération optimale - Blog santé,rééducation poignet,https://www.celyatis.com/blog/soulager-guerir/reeducation-poignet.html,2026-08-28
www.celyatis.com/,Triomphez de la Douleur: Guide Complet sur la Rééducation après une Prothèse du Genou - Blog santé,triomphez douleur rééducation,https://www.celyatis.com/blog/soulager-guerir/reeducation-prothese-genou.html,2026-08-28
www.celyatis.com/,Rééducation Sportive: Comment Retrouver sa Forme Physique Après une Blessure - Blog santé,rééducation sportive,https://www.celyatis.com/blog/soulager-guerir/reeducation-sport.html,2026-08-28
www.celyatis.com/,Définition et Importance de la Rééducation Vestibulaire dans le Traitement des Troubles de l'Équilibre - Blog santé,rééducation vestibulaire traitement,https://www.celyatis.com/blog/soulager-guerir/reeducation-vestibulaire-definition.html,2026-08-28
www.celyatis.com/,Reflux gastrique : le remède naturel rapide pour un soulagement express - Blog santé,reflux gastrique,https://www.celyatis.com/blog/soulager-guerir/reflux-gastrique-remede-naturel.html,2026-08-28
www.celyatis.com/,Les meilleurs remèdes de grand-mère pour soulager l'arthrose cervicale - Blog santé,meilleurs remèdes grand,https://www.celyatis.com/blog/soulager-guerir/remede-de-grand-mere-arthrose-cervicale.html,2026-08-28
www.celyatis.com/,Remède de grand-mère contre les démangeaisons intimes - Blog santé,contre démangeaisons intimes,https://www.celyatis.com/blog/soulager-guerir/remede-de-grand-mere-contre-les-demangeaisons-intimes.html,2026-08-28
www.celyatis.com/,Remède de grand-mère efficace contre la constipation du chien - Blog santé,contre constipation chien,https://www.celyatis.com/blog/soulager-guerir/remede-de-grand-mere-efficace-contre-la-constipation-du-chien.html,2026-08-28
www.celyatis.com/,Remède de grand-mère efficace contre les pieds gonflés - Blog santé,contre pieds gonflés,https://www.celyatis.com/blog/soulager-guerir/remede-de-grand-mere-efficace-contre-les-pieds-gonfles.html,2026-08-28
www.celyatis.com/,Remède de grand-mère efficace pour faire pondre les poules - Blog santé,mère efficace faire,https://www.celyatis.com/blog/soulager-guerir/remede-de-grand-mere-efficace-pour-faire-pondre-les-poules.html,2026-08-28
www.celyatis.com/,Remède de grand-mère efficace pour renforcer les os - Blog santé,mère efficace renforcer,https://www.celyatis.com/blog/soulager-guerir/remede-de-grand-mere-efficace-pour-renforcer-les-os.html,2026-08-28
www.celyatis.com/,Remède de grand-mère efficace pour soulager la toux sèche - Blog santé,efficace soulager toux,https://www.celyatis.com/blog/soulager-guerir/remede-de-grand-mere-efficace-pour-soulager-la-toux-seche.html,2026-08-28
www.celyatis.com/,Remède de grand-mère pour activer le drainage lymphatique - Blog santé,drainage lymphatique,https://www.celyatis.com/blog/soulager-guerir/remede-de-grand-mere-pour-activer-le-drainage-lymphatique.html,2026-08-28
www.celyatis.com/,L'efficacité des remèdes de grand-mère pour consolider les os - Blog santé,remèdes grand mère,https://www.celyatis.com/blog/soulager-guerir/remede-de-grand-mere-pour-consolider-les-os.html,2026-08-28
www.celyatis.com/,Remède de grand-mère pour faire baisser le fer - Blog santé,mère faire baisser,https://www.celyatis.com/blog/soulager-guerir/remede-de-grand-mere-pour-faire-baisser-le-fer.html,2026-08-28
www.celyatis.com/,Remède de grand-mère pour faire pondre les poules - Blog santé,mère faire pondre,https://www.celyatis.com/blog/soulager-guerir/remede-de-grand-mere-pour-faire-pondre-les-poules.html,2026-08-28
www.celyatis.com/,Remède de grand-mère pour mains très sèches et abîmées - Blog santé,mère mains très,https://www.celyatis.com/blog/soulager-guerir/remede-de-grand-mere-pour-mains-tres-seches-et-abimees.html,2026-08-28
www.celyatis.com/,Remède de grand-mère pour oreille bouchée par un rhume - Blog santé,mère oreille bouchée,https://www.celyatis.com/blog/soulager-guerir/remede-de-grand-mere-pour-oreille-bouchee-par-un-rhume.html,2026-08-28
www.celyatis.com/,Remède grand-mère pour la perte de poils chez le chien - Blog santé,grand mère perte,https://www.celyatis.com/blog/soulager-guerir/remede-grand-mere-pour-la-perte-de-poils-chez-le-chien.html,2026-08-28
www.celyatis.com/,Remèdes de grand-mère efficaces contre la dermite séborrhéique - Blog santé,efficaces contre dermite,https://www.celyatis.com/blog/soulager-guerir/remedes-de-grand-mere-efficaces-contre-la-dermite-seborrheique.html,2026-08-28
www.celyatis.com/,Remèdes de grand-mère efficaces contre le dérèglement hormonal - Blog santé,contre dérèglement hormonal,https://www.celyatis.com/blog/soulager-guerir/remedes-de-grand-mere-efficaces-contre-le-dereglement-hormonal.html,2026-08-28
www.celyatis.com/,Remèdes de grand-mère efficaces contre les artères bouchées - Blog santé,contre artères bouchées,https://www.celyatis.com/blog/soulager-guerir/remedes-de-grand-mere-efficaces-contre-les-arteres-bouchees.html,2026-08-28
www.celyatis.com/,Remèdes de grand-mère efficaces contre les crevasses aux doigts - Blog santé,efficaces contre crevasses,https://www.celyatis.com/blog/soulager-guerir/remedes-de-grand-mere-efficaces-contre-les-crevasses-aux-doigts.html,2026-08-28
www.celyatis.com/,Remèdes de grand-mère efficaces contre l’hallux valgus - Blog santé,contre hallux valgus,https://www.celyatis.com/blog/soulager-guerir/remedes-de-grand-mere-efficaces-contre-lhallux-valgus.html,2026-08-28
www.celyatis.com/,Remèdes de grand-mère efficaces pour cheville gonflée - Blog santé,efficaces cheville gonflée,https://www.celyatis.com/blog/soulager-guerir/remedes-de-grand-mere-efficaces-pour-cheville-gonflee.html,2026-08-28
www.celyatis.com/,Remèdes de grand-mère efficaces pour la circulation du sang - Blog santé,efficaces circulation sang,https://www.celyatis.com/blog/soulager-guerir/remedes-de-grand-mere-efficaces-pour-la-circulation-du-sang.html,2026-08-28
www.celyatis.com/,Remèdes de grand-mère efficaces pour la vésicule biliaire - Blog santé,efficaces vésicule biliaire,https://www.celyatis.com/blog/soulager-guerir/remedes-de-grand-mere-efficaces-pour-la-vesicule-biliaire.html,2026-08-28
www.celyatis.com/,Remèdes de grand-mère efficaces pour nettoyer les artères - Blog santé,efficaces nettoyer artères,https://www.celyatis.com/blog/soulager-guerir/remedes-de-grand-mere-efficaces-pour-nettoyer-les-arteres.html,2026-08-28
www.celyatis.com/,Remèdes de grand-mère pour soulager la gastro-diarrhée - Blog santé,soulager gastro diarrhée,https://www.celyatis.com/blog/soulager-guerir/remedes-de-grand-mere-pour-soulager-la-gastro-diarrhee.html,2026-08-28
www.celyatis.com/,Remèdes de grand-mère pour soulager une épine calcanéenne - Blog santé,soulager épine calcanéenne,https://www.celyatis.com/blog/soulager-guerir/remedes-de-grand-mere-pour-soulager-une-epine-calcaneenne.html,2026-08-28
www.celyatis.com/,Remèdes de grand-mère efficaces contre le malaise vagal : 5 solutions naturelles à essayer - Blog santé,contre malaise vagal,https://www.celyatis.com/blog/soulager-guerir/remedes-grand-mere-efficaces-malaise-vagal-5-solutions-naturelles-essayer.html,2026-08-28
www.celyatis.com/,Remèdes naturels pour un chien qui se lèche les pattes - Blog santé,naturels chien qui,https://www.celyatis.com/blog/soulager-guerir/remedes-naturels-pour-un-chien-qui-se-leche-les-pattes.html,2026-08-28
www.celyatis.com/,Renforcement musculaire du genou pour soulager l'arthrose : les meilleures pratiques - Blog santé,renforcement musculaire genou,https://www.celyatis.com/blog/soulager-guerir/renforcement-musculaire-genou-arthrose.html,2026-08-28
www.celyatis.com/,Rétention d'eau : les meilleurs remèdes de grand-mère - Blog santé,rétention eau,https://www.celyatis.com/blog/soulager-guerir/retention-deau-les-meilleurs-remedes-de-grand-mere.html,2026-08-28
www.celyatis.com/,Allergies de printemps : nos astuces - Blog santé,allergies printemps,https://www.celyatis.com/blog/soulager-guerir/rhume-des-fouins.html,2026-08-28
www.celyatis.com/,Rhume : les remèdes naturels pour guérir plus vite - Blog santé,rhume,https://www.celyatis.com/blog/soulager-guerir/rhume-remede-naturel.html,2026-08-28
www.celyatis.com/,Comprendre et Soulager la Douleur Sacro-Lombaire : Guide Complet - Blog santé,douleur sacro lombaire,https://www.celyatis.com/blog/soulager-guerir/sacro-lombaire.html,2026-08-28
www.celyatis.com/,salpingite et émotions : quel lien avec cette infection ? - Blog santé,salpingite émotions,https://www.celyatis.com/blog/soulager-guerir/salpingite-et-emotions-quel-lien-avec-cette-infection.html,2026-08-28
www.celyatis.com/,Santé et bien-être : les compléments alimentaires séduisent de plus en plus de Français - Blog santé,santé être,https://www.celyatis.com/blog/soulager-guerir/sante-et-bien-etre-les-complements-alimentaires-seduisent-de-plus-en-plus-de-francais.html,2026-08-28
www.celyatis.com/,Comment sauver des vies avec les gestes de premiers secours ? - Blog santé,vies gestes premiers,https://www.celyatis.com/blog/soulager-guerir/sauvez-des-vies.html,2026-08-28
www.celyatis.com/,sciatique jambe gauche : causes et solutions efficaces - Blog santé,sciatique jambe gauche,https://www.celyatis.com/blog/soulager-guerir/sciatique-jambe-gauche-causes-et-solutions-efficaces.html,2026-08-28
www.celyatis.com/,Les meilleures solutions pour soulager la sciatique causée par une hernie discale - Blog santé,sciatique causée hernie,https://www.celyatis.com/blog/soulager-guerir/sciatique-par-hernie-discale.html,2026-08-28
www.celyatis.com/,Comment se réchauffer facilement ? - Blog santé,se réchauffer facilement,https://www.celyatis.com/blog/soulager-guerir/se-rechauffer.html,2026-08-28
www.celyatis.com/,Selles glaireuses chez bébé : quand faut-il s'inquiéter ? - Blog santé,selles glaireuses chez,https://www.celyatis.com/blog/soulager-guerir/selles-glaireuses-chez-bebe-quand-faut-il-sinquieter.html,2026-08-28
www.celyatis.com/,Sevrage tabagique : comprendre son addiction pour mieux arrêter - Blog santé,sevrage tabagique,https://www.celyatis.com/blog/soulager-guerir/sevrage-tabagique-comprendre-son-addiction-pour-mieux-arreter.html,2026-08-28
www.celyatis.com/,Sinusite : les remèdes naturels pour dégager les sinus rapidement - Blog santé,sinusite,https://www.celyatis.com/blog/soulager-guerir/sinusite-remede-naturel.html,2026-08-28
www.celyatis.com/,Comment Soigner le Syndrome du Canal Carpien grâce à l'Ostéopathie : Guide Complet - Blog santé,syndrome canal carpien,https://www.celyatis.com/blog/soulager-guerir/soigner-canal-carpien-osteopathie.html,2026-08-28
www.celyatis.com/,Comment soigner les acouphènes naturellement ? - Blog santé,soigner acouphènes naturellement,https://www.celyatis.com/blog/soulager-guerir/soigner-les-acouphene.html,2026-08-28
www.celyatis.com/,Soins de la peau sensible : produits recommandés - Blog santé,soins peau sensible,https://www.celyatis.com/blog/soulager-guerir/soins-de-la-peau-sensible-produits-recommandes.html,2026-08-28
www.celyatis.com/,Sommeil pendant la grossesse : comment assurer un repos de qualité - Blog santé,sommeil pendant grossesse,https://www.celyatis.com/blog/soulager-guerir/sommeil-pendant-la-grossesse-comment-assurer-un-repos-de-qualite.html,2026-08-28
www.celyatis.com/,Soulagement des maux de dos nocturnes : le surmatelas à mémoire de forme comme allié indispensable - Blog santé,maux dos nocturnes,https://www.celyatis.com/blog/soulager-guerir/soulagement-des-maux-de-dos-nocturnes-le-surmatelas-a-memoire-de-forme-comme-allie-indispensable.html,2026-08-28
www.celyatis.com/,Comment soulager rapidement les démangeaisons d'un coup de soleil ? - Blog santé,rapidement démangeaisons coup,https://www.celyatis.com/blog/soulager-guerir/soulager-demangeaison-coup-de-soleil.html,2026-08-28
www.celyatis.com/,Douleur aux gencives : les remèdes naturels pour la soulager rapidement - Blog santé,douleur gencives,https://www.celyatis.com/blog/soulager-guerir/soulager-douleur-gencive-naturellement.html,2026-08-28
www.celyatis.com/,Douleur au ménisque : comment soulager son genou naturellement - Blog santé,douleur ménisque,https://www.celyatis.com/blog/soulager-guerir/soulager-douleur-menisque-naturellement.html,2026-08-28
www.celyatis.com/,Soulager une douleur musculaire naturellement : les méthodes douces - Blog santé,douleur musculaire naturellement,https://www.celyatis.com/blog/soulager-guerir/soulager-douleur-musculaire-naturellement.html,2026-08-28
www.celyatis.com/,Douleur thoracique : remèdes naturels pour respirer plus librement - Blog santé,douleur thoracique,https://www.celyatis.com/blog/soulager-guerir/soulager-douleur-thoracique-naturellement.html,2026-08-28
www.celyatis.com/,Douleur vésicule biliaire : remèdes naturels pour soulager la crise - Blog santé,douleur vésicule biliaire,https://www.celyatis.com/blog/soulager-guerir/soulager-douleur-vesicule-naturellement.html,2026-08-28
www.celyatis.com/,Soulager l'arthrose du genou : comment choisir la genouillère la mieux adaptée ? - Blog santé,soulager arthrose genou,https://www.celyatis.com/blog/soulager-guerir/soulager-larthrose-du-genou-comment-choisir-la-genouillere-la-mieux-adaptee.html,2026-08-28
www.celyatis.com/,Soulager les douleurs articulaires avec les orthèses - Blog santé,soulager douleurs articulaires,https://www.celyatis.com/blog/soulager-guerir/soulager-les-douleurs-articulaires-avec-les-ortheses.html,2026-08-28
www.celyatis.com/,5 astuces pour soulager les douleurs cervicales - Blog santé,soulager douleurs cervicales,https://www.celyatis.com/blog/soulager-guerir/soulager-les-douleurs-cervicales.html,2026-08-28
www.celyatis.com/,Soulager les douleurs dorsales avec la chiropraxie - Blog santé,douleurs dorsales chiropraxie,https://www.celyatis.com/blog/soulager-guerir/soulager-les-douleurs-dorsales-avec-la-chiropraxie.html,2026-08-28
www.celyatis.com/,Soulager les douleurs neuropathiques naturellement - Blog santé,douleurs neuropathiques naturellement,https://www.celyatis.com/blog/soulager-guerir/soulager-les-douleurs-neuropathiques-naturellement.html,2026-08-28
www.celyatis.com/,Comment soulager une otite en pleine nuit ? - Blog santé,otite pleine nuit,https://www.celyatis.com/blog/soulager-guerir/soulager-une-otite-en-pleine-nuit.html,2026-08-28
www.celyatis.com/,Comment soulager une tendinite? - Blog santé,soulager tendinite,https://www.celyatis.com/blog/soulager-guerir/soulager-une-tendinite.html,2026-08-28
www.celyatis.com/,Soulagez votre sinusite douloureuse : conseils et traitements efficaces pour une douleur insupportable - Blog santé,soulagez votre sinusite,https://www.celyatis.com/blog/soulager-guerir/soulagez-votre-sinusite-douloureuse-conseils-traitements-efficaces-douleur-insupportable.html,2026-08-28
www.celyatis.com/,Sténose du pylore chez l'adulte : causes et traitements - Blog santé,pylore chez adulte,https://www.celyatis.com/blog/soulager-guerir/stenose-du-pylore-chez-ladulte-causes-et-traitements.html,2026-08-28
www.celyatis.com/,Comment soulager une tendinite au poignet avec une attelle de contention - Blog santé,tendinite poignet attelle,https://www.celyatis.com/blog/soulager-guerir/strap-tendinite-poignet.html,2026-08-28
www.celyatis.com/,Stratégies efficaces pour prévenir et gérer l'hallux valgus : focus sur les écarteurs d'orteils - Blog santé,gérer hallux valgus,https://www.celyatis.com/blog/soulager-guerir/strategies-efficaces-pour-prevenir-et-gerer-lhallux-valgus-focus-sur-les-ecarteurs-dorteils.html,2026-08-28
www.celyatis.com/,Surmonter une addiction : étapes vers la guérison,surmonter addiction,https://www.celyatis.com/blog/soulager-guerir/surmonter-une-addiction-les-etapes-vers-la-guerison.html,2026-08-28
www.celyatis.com/,Reconnaître les symptômes d'usure de votre prothèse de hanche : quand consulter ? - Blog santé,votre prothèse hanche,https://www.celyatis.com/blog/soulager-guerir/symptomes-prothese-de-hanche.html,2026-08-28
www.celyatis.com/,Syndrome du canal carpien : soulager une douleur intense au poignet et à la main - Blog santé,syndrome canal carpien,https://www.celyatis.com/blog/soulager-guerir/syndrome-canal-carpien-soulager-douleur-intense-poignet-main.html,2026-08-28
www.celyatis.com/,Syndrome de Maigne : pourquoi cause-t-il des douleurs au ventre ? - Blog santé,syndrome maigne,https://www.celyatis.com/blog/soulager-guerir/syndrome-de-maigne-pourquoi-cause-t-il-des-douleurs-au-ventre.html,2026-08-28
www.celyatis.com/,Syndrome de Tietze et stress : quel lien avec la douleur ? - Blog santé,syndrome tietze stress,https://www.celyatis.com/blog/soulager-guerir/syndrome-de-tietze-et-stress-quel-lien-avec-la-douleur.html,2026-08-28
www.celyatis.com/,Exercices pour soulager le syndrome du défilé thoraco-brachial - Blog santé,défilé thoraco brachial,https://www.celyatis.com/blog/soulager-guerir/syndrome-defile-thoraco-brachial-exercices.html,2026-08-28
www.celyatis.com/,Comprendre la Cause du Syndrome Douloureux du Grand Trochanter : Une Exploration Approfondie - Blog santé,syndrome douloureux grand,https://www.celyatis.com/blog/soulager-guerir/syndrome-douloureux-du-grand-trochanter-cause.html,2026-08-28
www.celyatis.com/,Comment soulager la douleur au genou interne avec le taping - Blog santé,genou interne taping,https://www.celyatis.com/blog/soulager-guerir/taping-genou-interne.html,2026-08-28
www.celyatis.com/,Techniques de respiration pour la relaxation - Blog santé,techniques respiration relaxation,https://www.celyatis.com/blog/soulager-guerir/techniques-de-respiration-pour-la-relaxation.html,2026-08-28
www.celyatis.com/,témoignage sur la guérison de Parkinson et méthodes utilisées - Blog santé,parkinson méthodes utilisées,https://www.celyatis.com/blog/soulager-guerir/temoignage-sur-la-guerison-de-parkinson-et-methodes-utilisees.html,2026-08-28
www.celyatis.com/,Témoignages authentiques sur le déroulement d'une opération pour hernie cervicale - Blog santé,opération hernie cervicale,https://www.celyatis.com/blog/soulager-guerir/temoignages-authentiques-sur-le-deroulement-dune-operation-pour-hernie-cervicale.html,2026-08-28
www.celyatis.com/,témoignages : durée d'arrêt de travail pour une tendinite calcifiante - Blog santé,témoignages,https://www.celyatis.com/blog/soulager-guerir/temoignages-duree-darret-de-travail-pour-une-tendinite-calcifiante.html,2026-08-28
www.celyatis.com/,Témoignages et avis de ceux qui vivent avec la spondylarthrite ankylosante - Blog santé,spondylarthrite ankylosante,https://www.celyatis.com/blog/soulager-guerir/temoignages-et-avis-de-ceux-qui-vivent-avec-la-spondylarthrite-ankylosante.html,2026-08-28
www.celyatis.com/,Témoignages inspirants de personnes avec un trouble bipolaire - Blog santé,témoignages inspirants personnes,https://www.celyatis.com/blog/soulager-guerir/temoignages-inspirants-de-personnes-avec-un-trouble-bipolaire.html,2026-08-28
www.celyatis.com/,témoignages inspirants sur la guérison et la rémission après un cancer du foie - Blog santé,témoignages inspirants guérison,https://www.celyatis.com/blog/soulager-guerir/temoignages-inspirants-sur-la-guerison-et-la-remission-apres-un-cancer-du-foie.html,2026-08-28
www.celyatis.com/,Témoignages sur la balanite persistante et le choix de la circoncision - Blog santé,témoignages balanite persistante,https://www.celyatis.com/blog/soulager-guerir/temoignages-sur-la-balanite-persistante-et-le-choix-de-la-circoncision.html,2026-08-28
www.celyatis.com/,témoignages sur la rémission de la spondylarthrite ankylosante sans traitement - Blog santé,rémission spondylarthrite ankylosante,https://www.celyatis.com/blog/soulager-guerir/temoignages-sur-la-remission-de-la-spondylarthrite-ankylosante-sans-traitement.html,2026-08-28
www.celyatis.com/,témoignages sur le traitement d’un carcinome basocellulaire : les avis des patients et experts - Blog santé,traitement carcinome basocellulaire,https://www.celyatis.com/blog/soulager-guerir/temoignages-sur-le-traitement-dun-carcinome-basocellulaire-les-avis-des-patients-et-experts.html,2026-08-28
www.celyatis.com/,Comprendre et Traiter la Tendinite du Talon d'Achille : Guide Pratique pour une Santé Optimale - Blog santé,tendinite talon achille,https://www.celyatis.com/blog/soulager-guerir/tendinite-au-talon-dachille.html,2026-08-28
www.celyatis.com/,Tendinite de Quervain persistante : causes et solutions - Blog santé,tendinite quervain persistante,https://www.celyatis.com/blog/soulager-guerir/tendinite-de-quervain-persistante-causes-et-solutions.html,2026-08-28
www.celyatis.com/,Tendinite du tendon d'Achille : quels remèdes de grand-mère ? - Blog santé,tendinite tendon achille,https://www.celyatis.com/blog/soulager-guerir/tendinite-du-tendon-dachille-quels-remedes-de-grand-mere.html,2026-08-28
www.celyatis.com/,Arrêt de Travail en raison d'une Tendinite de la Hanche: Tout ce que vous devez savoir - Blog santé,tendinite hanche tout,https://www.celyatis.com/blog/soulager-guerir/tendinite-hanche-arret-de-travail.html,2026-08-28
www.celyatis.com/,Les causes et solutions de la tendinite du moyen fessier - Blog santé,causes solutions tendinite,https://www.celyatis.com/blog/soulager-guerir/tendinite-moyen-fessier.html,2026-08-28
www.celyatis.com/,Tendinite ou entorse : comment faire la différence ? - Blog santé,tendinite entorse,https://www.celyatis.com/blog/soulager-guerir/tendinite-ou-entorse-comment-faire-la-difference.html,2026-08-28
www.celyatis.com/,Comment renforcer votre système tendino-ligamentaire : Conseils et exercices pour une santé optimale - Blog santé,système tendino ligamentaire,https://www.celyatis.com/blog/soulager-guerir/tendino-ligamentaire.html,2026-08-28
www.celyatis.com/,"Tendinopathie calcanéenne : symptômes, causes et traitements - Blog santé",tendinopathie calcanéenne,https://www.celyatis.com/blog/soulager-guerir/tendinopathie-calcaneenne.html,2026-08-28
www.celyatis.com/,Comment renforcer les tendons de la cheville pour prévenir les blessures ? - Blog santé,tendons cheville prévenir,https://www.celyatis.com/blog/soulager-guerir/tendons-cheville.html,2026-08-28
www.celyatis.com/,Test HPI gratuit : comment évaluer votre potentiel intellectuel à la maison ? - Blog santé,test hpi gratuit,https://www.celyatis.com/blog/soulager-guerir/test-hpi-gratuit.html,2026-08-28
www.celyatis.com/,Comment prévenir la torsion du genou pendant le ski ? - Blog santé,genou pendant ski,https://www.celyatis.com/blog/soulager-guerir/torsion-genou-ski.html,2026-08-28
www.celyatis.com/,Comment soulager le torticolis et le mal de gorge: remèdes efficaces - Blog santé,torticolis mal gorge,https://www.celyatis.com/blog/soulager-guerir/torticolis-et-mal-de-gorge.html,2026-08-28
www.celyatis.com/,Tout savoir sur les implants dentaires : guide complet - Blog santé,savoir implants dentaires,https://www.celyatis.com/blog/soulager-guerir/tout-savoir-sur-les-implants-dentaires-guide-complet.html,2026-08-28
www.celyatis.com/,Toux du nourrisson : remèdes naturels pour soulager bébé en douceur - Blog santé,toux nourrisson,https://www.celyatis.com/blog/soulager-guerir/toux-nourrisson-remede-naturel.html,2026-08-28
www.celyatis.com/,Toux : les remèdes naturels pour la calmer rapidement - Blog santé,toux,https://www.celyatis.com/blog/soulager-guerir/toux-remede-naturel.html,2026-08-28
www.celyatis.com/,Toux sèche : les remèdes naturels pour apaiser l'irritation - Blog santé,toux sèche,https://www.celyatis.com/blog/soulager-guerir/toux-seche-remede-naturel.html,2026-08-28
www.celyatis.com/,Trachéite et homéopathie : peut-on soigner efficacement sans médicaments classiques ? - Blog santé,trachéite homéopathie,https://www.celyatis.com/blog/soulager-guerir/tracheite-homeopathie.html,2026-08-28
www.celyatis.com/,Peut-on soulager l'arthrose du genou avec de nouveaux traitements ? - Blog santé,genou nouveaux traitements,https://www.celyatis.com/blog/soulager-guerir/traitement-arthrose-genoux.html,2026-08-28
www.celyatis.com/,Traitements naturels pour l'arthrose - Blog santé,traitements naturels arthrose,https://www.celyatis.com/blog/soulager-guerir/traitements-naturels-pour-larthrose.html,2026-08-28
www.celyatis.com/,Comment se débarrasser efficacement des verrues plantaires ? Les derniers traitements disponibles - Blog santé,plantaires derniers traitements,https://www.celyatis.com/blog/soulager-guerir/traitements-verrues-plantaires.html,2026-08-28
www.celyatis.com/,Transpiration excessive des aisselles : remèdes naturels vraiment efficaces - Blog santé,transpiration excessive aisselles,https://www.celyatis.com/blog/soulager-guerir/transpiration-aisselles-remede-naturel.html,2026-08-28
www.celyatis.com/,Transpiration des pieds : quels remèdes de grand-mère fonctionnent ? - Blog santé,transpiration pieds,https://www.celyatis.com/blog/soulager-guerir/transpiration-des-pieds-quels-remedes-de-grand-mere-fonctionnent.html,2026-08-28
www.celyatis.com/,Transpiration du visage : les remèdes naturels qui marchent - Blog santé,transpiration visage,https://www.celyatis.com/blog/soulager-guerir/transpiration-visage-remede-naturel.html,2026-08-28
www.celyatis.com/,Surmonter le Traumatisme du Pied : Conseils et Techniques de Réhabilitation - Blog santé,surmonter traumatisme pied,https://www.celyatis.com/blog/soulager-guerir/traumatisme-pied.html,2026-08-28
www.celyatis.com/,Pourquoi mon œil gratte-t-il sans cesse ? Causes et solutions - Blog santé,œil gratte il,https://www.celyatis.com/blog/soulager-guerir/un-seul-oeil-qui-gratte.html,2026-08-28
www.celyatis.com/,Le venin de frelon: danger et utilisation en médecine moderne - Blog santé,venin frelon danger,https://www.celyatis.com/blog/soulager-guerir/venin-frelon.html,2026-08-28
www.celyatis.com/,Ventre gonflé : quels remèdes de grand-mère fonctionnent vraiment ? - Blog santé,ventre gonflé,https://www.celyatis.com/blog/soulager-guerir/ventre-gonfle-quels-remedes-de-grand-mere-fonctionnent-vraiment.html,2026-08-28
www.celyatis.com/,Yeux qui grattent : quels remèdes de grand-mère efficaces ? - Blog santé,yeux qui grattent,https://www.celyatis.com/blog/soulager-guerir/yeux-qui-grattent-quels-remedes-de-grand-mere-efficaces-2.html,2026-08-28
www.celyatis.com/,Yeux qui grattent : quels remèdes de grand-mère efficaces ? - Blog santé,yeux qui grattent,https://www.celyatis.com/blog/soulager-guerir/yeux-qui-grattent-quels-remedes-de-grand-mere-efficaces.html,2026-08-28
www.celyatis.com/,Yoga pour la flexibilité et la détente - Blog santé,yoga flexibilité détente,https://www.celyatis.com/blog/soulager-guerir/yoga-pour-la-flexibilite-et-la-detente.html,2026-08-28
www.celyatis.com/,Yoga pour seniors : bien-être et mobilité - Blog santé,yoga seniors,https://www.celyatis.com/blog/soulager-guerir/yoga-pour-seniors-bien-etre-et-mobilite.html,2026-08-28
www.celyatis.com/,Yoyo d'oreille chez l'adulte : quand faut-il en poser ? - Blog santé,oreille chez adulte,https://www.celyatis.com/blog/soulager-guerir/yoyo-doreille-chez-ladulte-quand-faut-il-en-poser.html,2026-08-28
www.celyatis.com/,Exercises Archives - Blog santé,exercises archives,https://www.celyatis.com/blog/tag/exercises,2026-08-28
www.celyatis.com/,Lose Archives - Blog santé,lose archives,https://www.celyatis.com/blog/tag/lose,2026-08-28
www.celyatis.com/,Pounds Archives - Blog santé,pounds archives,https://www.celyatis.com/blog/tag/pounds,2026-08-28
www.celyatis.com/,Santé Archives - Blog santé,santé archives,https://www.celyatis.com/blog/tag/sante,2026-08-28
www.celyatis.com/,Boutique - Blog santé,boutique,https://www.celyatis.com/boutique,2026-08-28
www.celyatis.com/,Calculateur Hydratation Quotidienne - Blog santé,calculateur hydratation quotidienne,https://www.celyatis.com/calculateur-hydratation-quotidienne,2026-08-28
www.celyatis.com/,Cart - Blog santé,cart,https://www.celyatis.com/cart,2026-08-28
www.celyatis.com/,Checkout - Blog santé,checkout,https://www.celyatis.com/checkout,2026-08-28
www.celyatis.com/,Validation de la commande - Blog santé,validation commande,https://www.celyatis.com/commander,2026-08-28
www.celyatis.com/,Contact - Blog santé,contact,https://www.celyatis.com/contactez-nous,2026-08-28
www.celyatis.com/,Appareil médical Archives - Blog santé,appareil médical archives,https://www.celyatis.com/dossier/appareil-medical,2026-08-28
www.celyatis.com/,Bien être Archives - Blog santé,être archives,https://www.celyatis.com/dossier/bien-etre,2026-08-28
www.celyatis.com/,C'est quoi ? Archives - Blog santé,est quoi archives,https://www.celyatis.com/dossier/definition,2026-08-28
www.celyatis.com/,Métier de santé Archives - Blog santé,métier santé archives,https://www.celyatis.com/dossier/metier-sante,2026-08-28
www.celyatis.com/,Soulager / Guérir Archives - Blog santé,soulager guérir archives,https://www.celyatis.com/dossier/soulager-guerir,2026-08-28
www.celyatis.com/,Mentions légales - Blog santé,mentions légales,https://www.celyatis.com/mentions-legales,2026-08-28
www.celyatis.com/,Mon compte - Blog santé,mon compte,https://www.celyatis.com/mon-compte,2026-08-28
www.celyatis.com/,My account - Blog santé,my account,https://www.celyatis.com/my-account,2026-08-28
www.celyatis.com/,Panier - Blog santé,panier,https://www.celyatis.com/panier,2026-08-28
www.celyatis.com/,Shop - Blog santé,shop,https://www.celyatis.com/shop,2026-08-28
www.celyatis.com/,Simulateur temps de sommeil - Blog santé,simulateur temps sommeil,https://www.celyatis.com/simulateur-temps-de-sommeil,2026-08-28
www.maubl.com/,Avis sur les filtres à eau : lesquels sont vraiment efficaces ? - Maubl,avis filtres eau,https://www.maubl.com/avis-sur-les-filtres-a-eau-lesquels-sont-vraiment-efficaces,2026-08-28
