domain,title,keyword_keybert,url,detected_on
123-deco.fr,Créez votre bibliothèque murale pour un intérieur chaleureux - 132-deco.fr,votre bibliothèque murale,https://123-deco.fr/bibliotheque-murale-idees-decoration,2026-06-05
123-deco.fr,Aménager un coin bibliothèque chaleureux chez soi - 132-deco.fr,coin bibliothèque chaleureux,https://123-deco.fr/coin-bibliotheque-chaleureux,2026-06-05
123-deco.fr,Idées créatives de bibliothèques pour votre séjour - 132-deco.fr,bibliothèques votre séjour,https://123-deco.fr/idees-bibliotheques-sejour,2026-06-05
123-deco.fr,Tendances déco pour un salon inspirant - 132-deco.fr,tendances déco salon,https://123-deco.fr/tendances-deco-salon-inspirant,2026-06-05
agencehenry.com,Route des Grandes Alpes Moto : combien de Jours ?,grandes alpes moto,https://www.agencehenry.com/route-grandes-alpes-moto-jours.html,2026-06-05
appart-garden.com,🔧 Astuces pour Dévisser un Couvercle de Filtre à Sable Facilement ! 🏖️,dévisser couvercle filtre,https://appart-garden.com/devisser-couvercle-filtre-sable,2026-06-05
appart-garden.com,🔨 Guide Pratique : Poser un Mur de Placo Facilement 🏠,pratique,https://appart-garden.com/poser-mur-placo,2026-06-05
archilibre.org,Comment poser un revêtement de sol stratifié facilement,revêtement sol stratifié,https://archilibre.org/sol-stratifie,2026-06-05
art-pluriel.fr,Comment choisir son chevalet pour créer ses tableaux ? - Art Pluriel,créer ses tableaux,https://art-pluriel.fr/comment-choisir-son-chevalet-pour-creer-ses-tableaux,2026-06-05
artisan-conseils.fr,Créez facilement un claustra en bois pour vos espaces - Artisan-conseils.fr,bois vos espaces,https://artisan-conseils.fr/claustra-bois-separation-piece,2026-06-05
artisan-conseils.fr,Séparer avec style : des cloisons pour votre entrée - Artisan-conseils.fr,séparer style,https://artisan-conseils.fr/cloisons-entre-deco-pratique,2026-06-05
artisan-conseils.fr,Astuce pour un appartement gain de place avec des lits escamotables - Artisan-conseils.fr,astuce appartement,https://artisan-conseils.fr/lits-escamotables-appartement-gain-de-place,2026-06-05
artisan-conseils.fr,16 idées pour des rangements pratiques dans votre entrée - Artisan-conseils.fr,pratiques votre entrée,https://artisan-conseils.fr/rangement-entre-idees-organisation,2026-06-05
artisan-conseils.fr,Soignez vos portes de placard pour un rangement optimisé - Artisan-conseils.fr,placard rangement optimisé,https://artisan-conseils.fr/soigner-portes-placard,2026-06-05
audricdecock.fr,Détecter et éliminer souris rats maison rapidement,éliminer souris rats,https://audricdecock.fr/comment-savoir-si-on-a-des-rongeurs-et-sen-debarrasser,2026-06-05
audricdecock.fr,"Conciergerie en meublé de tourisme : missions, avantages et comment bien déléguer",conciergerie meublé tourisme,https://audricdecock.fr/conciergerie-en-meuble-de-tourisme-a-quoi-sert-elle-vraiment-et-quand-y-recourir,2026-06-05
audricdecock.fr,"Cuisine en bois : du style rustique au scandinave, idées et conseils déco",cuisine bois,https://audricdecock.fr/du-rustique-au-scandinave-le-bois-sublime-votre-cuisine,2026-06-05
audricdecock.fr,Guide pratique pour un enduit lissage mur parfait,lissage mur parfait,https://audricdecock.fr/preparer-un-mur-avec-de-lenduit-de-lissage-avant-peinture,2026-06-05
audricdecock.fr,Quand et comment faire la taille rosier idéale,taille rosier idéale,https://audricdecock.fr/quand-et-comment-tailler-les-rosiers-selon-leur-type,2026-06-05
batiment-actualites.fr,Les avantages de l'utilisation du bardage en cèdre pour votre extérieur - batiment-actualites.fr,avantages utilisation bardage,https://batiment-actualites.fr/bardage-en-cedre-exterieur,2026-06-05
batiment-actualites.fr,Construisez un chalet moderne en bois thermique près de la colline - batiment-actualites.fr,construisez chalet moderne,https://batiment-actualites.fr/chalets-modernes-en-bois-thermique,2026-06-05
batiment-actualites.fr,Créez votre havre de paix chez vous avec l'eau - batiment-actualites.fr,votre havre paix,https://batiment-actualites.fr/havre-de-paix-aquatique,2026-06-05
batiment-actualites.fr,Découvrez ce plan de maison côtière de rêve - batiment-actualites.fr,maison côtière rêve,https://batiment-actualites.fr/plan-maison-cotiere-4-chambres,2026-06-05
ccae.fr,"Code erreur de Poêle à Granulés : Causes, Solutions Rapides et Astuces 🔧",code erreur poêle,https://ccae.fr/code-erreur-de-poele-a-granules,2026-06-05
ccae.fr,Les Meilleurs Fabricants de Caniveaux de Drainage pour les Projets Professionnels - CCAE,drainage projets professionnels,https://ccae.fr/les-meilleurs-fabricants-de-caniveaux-de-drainage-pour-les-projets-professionnels,2026-06-05
cerclemediateursbancaires.fr,Adieu vos milliers d'euros d'indemnisation : l'erreur fatale que vous faites dans votre chambre offre une brèche légale parfaite à l'assurance en cas de vol - CMB,adieu vos milliers,https://cerclemediateursbancaires.fr/adieu-vos-milliers-deuros-dindemnisation-lerreur-fatale-que-vous-faites-dans-votre-chambre-offre-une-breche-legale-parfaite-a-lassurance-en-cas-de-vol,2026-06-05
cerclemediateursbancaires.fr,Alerte sur votre fin de carrière : l'âge terrifiant et méconnu auquel la loi autorise brutalement votre employeur à détruire votre contrat de travail - CMB,votre fin carrière,https://cerclemediateursbancaires.fr/alerte-sur-votre-fin-de-carriere-lage-terrifiant-et-meconnu-auquel-la-loi-autorise-brutalement-votre-employeur-a-detruire-votre-contrat-de-travail,2026-06-05
cerclemediateursbancaires.fr,C'est terminé les sueurs froides de début de mois : l'agenda explosif des 5 virements providentiels de juin pour doper votre reste à vivre - CMB,est terminé sueurs,https://cerclemediateursbancaires.fr/cest-termine-les-sueurs-froides-de-debut-de-mois-lagenda-explosif-des-5-virements-providentiels-de-juin-pour-doper-votre-reste-a-vivre,2026-06-05
cerclemediateursbancaires.fr,L'horrible vérité derrière vos frais bancaires : la vérification d'urgence pour empêcher vos économies de s'évaporer en silence - CMB,vos frais bancaires,https://cerclemediateursbancaires.fr/lhorrible-verite-derriere-vos-frais-bancaires-la-verification-durgence-pour-empecher-vos-economies-de-sevaporer-en-silence,2026-06-05
cerclemediateursbancaires.fr,Logements bannis de la location : votre bien figure-t-il sur la redoutable liste noire ? L'échappatoire miracle dont personne ne vous parle pour contourner ce blocage - CMB,logements bannis location,https://cerclemediateursbancaires.fr/logements-bannis-de-la-location-votre-bien-figure-t-il-sur-la-redoutable-liste-noire-lechappatoire-miracle-dont-personne-ne-vous-parle-pour-contourner-ce-blocage,2026-06-05
cerclemediateursbancaires.fr,Mauvaise surprise pour votre retraite progressive : ce seuil de temps partiel méconnu qui menace d'anéantir votre pension anticipée - CMB,votre retraite progressive,https://cerclemediateursbancaires.fr/mauvaise-surprise-pour-votre-retraite-progressive-ce-seuil-de-temps-partiel-meconnu-qui-menace-daneantir-votre-pension-anticipee,2026-06-05
cerclemediateursbancaires.fr,Retraite 2026 : cette règle terrifiante qui ampute la pension de millions de parents en annulant leurs trimestres durement acquis - CMB,retraite 2026,https://cerclemediateursbancaires.fr/retraite-2026-cette-regle-terrifiante-qui-ampute-la-pension-de-millions-de-parents-en-annulant-leurs-trimestres-durement-acquis,2026-06-05
cgt-76.fr,Comment déchiffrer les secrets énergétiques de votre immeuble ? - CGT - Construire - Gérer - Transformer,secrets énergétiques votre,https://cgt-76.fr/comment-dechiffrer-les-secrets-energetiques-de-votre-immeuble,2026-06-05
cgt-76.fr,Déchetterie Ambleny (02290) — Horaires et adresses,déchetterie ambleny 02290,https://cgt-76.fr/dechetteries-ville/ambleny-02290,2026-06-05
cgt-76.fr,Déchetterie AMIENS (80000) — Horaires et adresses,déchetterie amiens 80000,https://cgt-76.fr/dechetteries-ville/amiens-80000,2026-06-05
cgt-76.fr,Déchetterie Barry-d'Islemade (82290) — Horaires et adresses,déchetterie barry islemade,https://cgt-76.fr/dechetteries-ville/barry-d-islemade-82290,2026-06-05
cgt-76.fr,Déchetterie Bégrolles-en-Mauges (49122) — Horaires et adresses,déchetterie bégrolles mauges,https://cgt-76.fr/dechetteries-ville/begrolles-en-mauges-49122,2026-06-05
cgt-76.fr,Déchetterie BRIE SOUS MORTAGNE (17120) — Horaires et adresses,brie sous mortagne,https://cgt-76.fr/dechetteries-ville/brie-sous-mortagne-17120,2026-06-05
cgt-76.fr,Déchetterie Bury (60250) — Horaires et adresses,déchetterie bury 60250,https://cgt-76.fr/dechetteries-ville/bury-60250,2026-06-05
cgt-76.fr,Déchetterie Châteaugiron* (35410) — Horaires et adresses,déchetterie châteaugiron 35410,https://cgt-76.fr/dechetteries-ville/chateaugiron-35410,2026-06-05
cgt-76.fr,Déchetterie Ciry-le-Noble (71200) — Horaires et adresses,déchetterie ciry noble,https://cgt-76.fr/dechetteries-ville/ciry-le-noble-71200,2026-06-05
cgt-76.fr,Déchetterie Combs-la-Ville (77380) — Horaires et adresses,déchetterie combs ville,https://cgt-76.fr/dechetteries-ville/combs-la-ville-77380,2026-06-05
cgt-76.fr,Déchetterie Durtal (49430) — Horaires et adresses,déchetterie durtal 49430,https://cgt-76.fr/dechetteries-ville/durtal-49430,2026-06-05
cgt-76.fr,Déchetterie Envermeu (76630) — Horaires et adresses,déchetterie envermeu 76630,https://cgt-76.fr/dechetteries-ville/envermeu-76630,2026-06-05
cgt-76.fr,Déchetterie FESSENHEIM (68740) — Horaires et adresses,déchetterie fessenheim 68740,https://cgt-76.fr/dechetteries-ville/fessenheim-68740,2026-06-05
cgt-76.fr,Déchetterie Fontenay sous Bois (94120) — Horaires et adresses,déchetterie fontenay sous,https://cgt-76.fr/dechetteries-ville/fontenay-sous-bois-94120,2026-06-05
cgt-76.fr,Déchetterie Gesté (49600) — Horaires et adresses,déchetterie gesté 49600,https://cgt-76.fr/dechetteries-ville/geste-49600,2026-06-05
cgt-76.fr,Déchetterie Grignan (26230) — Horaires et adresses,grignan 26230 horaires,https://cgt-76.fr/dechetteries-ville/grignan-26230,2026-06-05
cgt-76.fr,Déchetterie Guémené-Penfao (44290) — Horaires et adresses,déchetterie guémené penfao,https://cgt-76.fr/dechetteries-ville/guemene-penfao-44290,2026-06-05
cgt-76.fr,Déchetterie Hagetmau (40700) — Horaires et adresses,déchetterie hagetmau,https://cgt-76.fr/dechetteries-ville/hagetmau-40700,2026-06-05
cgt-76.fr,Déchetterie Iracoubo (97350) — Horaires et adresses,déchetterie iracoubo 97350,https://cgt-76.fr/dechetteries-ville/iracoubo-97350,2026-06-05
cgt-76.fr,Déchetterie La Bresse (88250) — Horaires et adresses,déchetterie bresse 88250,https://cgt-76.fr/dechetteries-ville/la-bresse-88250,2026-06-05
cgt-76.fr,Déchetterie La Tour-d'Aigues (84240) — Horaires et adresses,déchetterie tour aigues,https://cgt-76.fr/dechetteries-ville/la-tour-d-aigues-84240,2026-06-05
cgt-76.fr,Déchetterie Landéan (35133) — Horaires et adresses,déchetterie landéan 35133,https://cgt-76.fr/dechetteries-ville/landean-35133,2026-06-05
cgt-76.fr,Déchetterie Le Monastère (12000) — Horaires et adresses,monastère 12000 horaires,https://cgt-76.fr/dechetteries-ville/le-monastere-12000,2026-06-05
cgt-76.fr,Déchetterie Le Ribay (53640) — Horaires et adresses,déchetterie ribay 53640,https://cgt-76.fr/dechetteries-ville/le-ribay-53640,2026-06-05
cgt-76.fr,Déchetterie Les Magnils-Reigniers (85400) — Horaires et adresses,déchetterie magnils reigniers,https://cgt-76.fr/dechetteries-ville/les-magnils-reigniers-85400,2026-06-05
cgt-76.fr,Déchetterie Longuyon (54260) — Horaires et adresses,déchetterie longuyon 54260,https://cgt-76.fr/dechetteries-ville/longuyon-54260,2026-06-05
cgt-76.fr,Déchetterie Marles-les-Mines (62540) — Horaires et adresses,marles mines 62540,https://cgt-76.fr/dechetteries-ville/marles-les-mines-62540,2026-06-05
cgt-76.fr,Déchetterie MERTZWILLER (67580) — Horaires et adresses,déchetterie mertzwiller 67580,https://cgt-76.fr/dechetteries-ville/mertzwiller-67580,2026-06-05
cgt-76.fr,Déchetterie Meyreuil (13590) — Horaires et adresses,déchetterie meyreuil 13590,https://cgt-76.fr/dechetteries-ville/meyreuil-13590,2026-06-05
cgt-76.fr,Déchetterie Mont-près-Chambord (41250) — Horaires et adresses,chambord 41250 horaires,https://cgt-76.fr/dechetteries-ville/mont-pres-chambord-41250,2026-06-05
cgt-76.fr,Déchetterie Montbrison (42600) — Horaires et adresses,déchetterie montbrison 42600,https://cgt-76.fr/dechetteries-ville/montbrison-42600,2026-06-05
cgt-76.fr,Déchetterie Mougins (06250) — Horaires et adresses,déchetterie mougins 06250,https://cgt-76.fr/dechetteries-ville/mougins-06250,2026-06-05
cgt-76.fr,Déchetterie Neuville-sur-Sarthe (72190) — Horaires et adresses,déchetterie neuville sarthe,https://cgt-76.fr/dechetteries-ville/neuville-sur-sarthe-72190,2026-06-05
cgt-76.fr,Déchetterie Porcheux (60390) — Horaires et adresses,déchetterie porcheux 60390,https://cgt-76.fr/dechetteries-ville/porcheux-60390,2026-06-05
cgt-76.fr,Déchetterie Ruffey-lès-Beaune (21200) — Horaires et adresses,déchetterie ruffey lès,https://cgt-76.fr/dechetteries-ville/ruffey-les-beaune-21200,2026-06-05
cgt-76.fr,Déchetterie Saint-Amans-des-Cots (12460) — Horaires et adresses,saint amans cots,https://cgt-76.fr/dechetteries-ville/saint-amans-des-cots-12460,2026-06-05
cgt-76.fr,Déchetterie Saint-Aubin (39410) — Horaires et adresses,déchetterie saint aubin,https://cgt-76.fr/dechetteries-ville/saint-aubin-39410,2026-06-05
cgt-76.fr,Déchetterie Saint-Éliph (28240) — Horaires et adresses,déchetterie saint éliph,https://cgt-76.fr/dechetteries-ville/saint-eliph-28240,2026-06-05
cgt-76.fr,Déchetterie Sillé-le-Guillaume (72140) — Horaires et adresses,déchetterie sillé guillaume,https://cgt-76.fr/dechetteries-ville/sille-le-guillaume-72140,2026-06-05
cgt-76.fr,Déchetterie Sully-sur-Loire (45600) — Horaires et adresses,déchetterie sully loire,https://cgt-76.fr/dechetteries-ville/sully-sur-loire-45600,2026-06-05
cgt-76.fr,Déchetterie Thise (25220) — Horaires et adresses,déchetterie thise 25220,https://cgt-76.fr/dechetteries-ville/thise-25220,2026-06-05
cgt-76.fr,Déchetterie Thyez (74300) — Horaires et adresses,déchetterie thyez 74300,https://cgt-76.fr/dechetteries-ville/thyez-74300,2026-06-05
cgt-76.fr,Déchetterie Tours-sur-Marne (51150) — Horaires et adresses,déchetterie tours marne,https://cgt-76.fr/dechetteries-ville/tours-sur-marne-51150,2026-06-05
cgt-76.fr,Déchetterie Valence (26000) — Horaires et adresses,déchetterie valence 26000,https://cgt-76.fr/dechetteries-ville/valence-26000,2026-06-05
cgt-76.fr,Déchetterie Venthon (73200) — Horaires et adresses,déchetterie venthon 73200,https://cgt-76.fr/dechetteries-ville/venthon-73200,2026-06-05
cgt-76.fr,Déchetterie VILLEMUR-SUR-TARN (31340) — Horaires et adresses,déchetterie villemur tarn,https://cgt-76.fr/dechetteries-ville/villemur-sur-tarn-31340,2026-06-05
cgt-76.fr,Déchetterie Vincennes (94300) — Horaires et adresses,vincennes 94300 horaires,https://cgt-76.fr/dechetteries-ville/vincennes-94300,2026-06-05
cgt-76.fr,Terre de Diatomée Punaise de Lit : Efficacité et Mode d’Emploi 🐞,terre diatomée punaise,https://cgt-76.fr/terre-de-diatomee-punaise-de-lit,2026-06-05
chantier-expert.fr,Optez pour une armoire intégrée en chêne chaleureuse - Chantier-expert.fr,optez armoire intégrée,https://chantier-expert.fr/armoire-integree-chene,2026-06-05
chantier-expert.fr,Découvrez les bienfaits du thon pour votre santé - Chantier-expert.fr,découvrez bienfaits thon,https://chantier-expert.fr/bienfaits-thon-sante,2026-06-05
chantier-expert.fr,Découvrez des idées élégantes pour des armoires coulissantes de chambre - Chantier-expert.fr,élégantes armoires coulissantes,https://chantier-expert.fr/design-armoire-coulissante-chambre,2026-06-05
chantier-expert.fr,Créez un rangement malin sous votre toit incliné - Chantier-expert.fr,votre toit incliné,https://chantier-expert.fr/rangement-sous-pente-diy,2026-06-05
chantier-expert.fr,Transformez votre espace avec Pax Bespoke - Chantier-expert.fr,transformez votre espace,https://chantier-expert.fr/transformer-espace-pax-bespoke,2026-06-05
deco-et-vous.fr,Transformez votre couloir sombre avec ces astuces simples - Deco-et-vous.fr,transformez votre couloir,https://deco-et-vous.fr/decoration-couloir-sombre,2026-06-05
deco-et-vous.fr,15 façons créatives de décorer avec des étagères dans le salon - Deco-et-vous.fr,décorer étagères salon,https://deco-et-vous.fr/etagere-creative-salon,2026-06-05
deco-et-vous.fr,12 idées originales pour vos toilettes d'amis - Deco-et-vous.fr,originales vos toilettes,https://deco-et-vous.fr/idees-originales-toilettes,2026-06-05
deco-et-vous.fr,Idées de peinture pour des WC stylés et accueillants - Deco-et-vous.fr,wc stylés accueillants,https://deco-et-vous.fr/idees-peinture-wc-couleurs-conseils,2026-06-05
deco-et-vous.fr,Transformez un petit deux-pièces en studio pratique et chaleureux - Deco-et-vous.fr,transformez petit deux,https://deco-et-vous.fr/transformation-deux-pieces-en-studio,2026-06-05
deco-habitat-mag.fr,10 indispensables Amazon pour un intérieur cosy en 2025 - deco-habitat-mag.fr,amazon intérieur cosy,https://deco-habitat-mag.fr/10-indispensables-amazon-interieur-cosy,2026-06-05
deco-habitat-mag.fr,Aménager une petite pièce pour en faire un bureau fonctionnel - deco-habitat-mag.fr,bureau fonctionnel,https://deco-habitat-mag.fr/amenager-petite-piece-bureau,2026-06-05
deco-habitat-mag.fr,Apportez des vibes chaleureuses à votre cuisine avec des tons terreux - deco-habitat-mag.fr,chaleureuses votre cuisine,https://deco-habitat-mag.fr/cuisine-ambiance-chaleureuse-bois-vert,2026-06-05
deco-habitat-mag.fr,29 idées de décoration projetées avec des tasseaux de bois - deco-habitat-mag.fr,décoration projetées tasseaux,https://deco-habitat-mag.fr/idees-deco-tasseaux-bois,2026-06-05
deco-habitat-mag.fr,Découvrez le studio Borrego : un espace moderne et chaleureux - deco-habitat-mag.fr,découvrez studio borrego,https://deco-habitat-mag.fr/studio-borrego-espace-moderne,2026-06-05
deco-interieur-conseil.fr,Transformez votre jardin avec ces idées d'aménagement de clôtures - Deco-interieur-conseil.fr,transformez votre jardin,https://deco-interieur-conseil.fr/amenagement-clotures-jardin,2026-06-05
deco-interieur-conseil.fr,Créez un bureau de jardin chaleureux dans votre jardin - Deco-interieur-conseil.fr,bureau jardin chaleureux,https://deco-interieur-conseil.fr/bureau-jardin-amenagement,2026-06-05
deco-interieur-conseil.fr,Idées pour aménager des espaces confortables dans votre jardin - Deco-interieur-conseil.fr,idées aménager espaces,https://deco-interieur-conseil.fr/idees-coin-confort-jardin,2026-06-05
deco-interieur-conseil.fr,Des idées de jardins enchanteurs pour votre maison - Deco-interieur-conseil.fr,jardins enchanteurs votre,https://deco-interieur-conseil.fr/idees-jardin-maison,2026-06-05
deco-interieur-conseil.fr,Créez votre jardin japonais minimaliste en petit espace - Deco-interieur-conseil.fr,minimaliste petit espace,https://deco-interieur-conseil.fr/jardin-japonais-minimaliste,2026-06-05
decolux-maison.fr,Créez une maison sur-mesure pour vous épanouir - decolux-maison.fr,maison mesure vous,https://decolux-maison.fr/maison-sur-mesure,2026-06-05
decolux-maison.fr,29 idées de petites piscines à construire chez soi - decolux-maison.fr,idées petites piscines,https://decolux-maison.fr/petites-piscines-a-construire-maison,2026-06-05
decolux-maison.fr,Créez votre piscine extérieure sur mesure - decolux-maison.fr,votre piscine extérieure,https://decolux-maison.fr/piscine-exterieure-sur-mesure,2026-06-05
decolux-maison.fr,Découvrez l'intérieur d'une piscine plage unique au monde - decolux-maison.fr,intérieur piscine plage,https://decolux-maison.fr/piscine-plage-interieure-design,2026-06-05
diore-immobilier.fr,Les quartiers à éviter à Troyes,quartiers éviter troyes,https://diore-immobilier.fr/quartiers-a-eviter-troyes,2026-06-05
diore-immobilier.fr,Les quartiers à éviter à Vaulx-en-Velin,quartiers éviter vaulx,https://diore-immobilier.fr/quartiers-a-eviter-vaulx-en-velin,2026-06-05
domeus-constructions.fr,CCAG MOE : Tout Comprendre Sur Le Cahier Des Clauses Administratives Générales De Maîtrise D’œuvre,ccag moe,https://domeus-constructions.fr/ccag-moe-2021-texte-officiel-etapes-cles,2026-06-05
domeus-constructions.fr,"Fleur De Calla (arum, Zantedeschia) : Plantation, Entretien, Signification Et Idées De Bouquets",fleur calla arum,https://domeus-constructions.fr/fleur-calla-culture-entretien-floraison,2026-06-05
domeus-constructions.fr,Installation De Pompes à Chaleur Efficaces à La Rochelle : Guide Complet,installation pompes chaleur,https://domeus-constructions.fr/installation-de-pompes-a-chaleur-efficaces-a-la-rochelle-guide-complet,2026-06-05
domeus-constructions.fr,Les Avantages De Choisir Un Constructeur De Maison à Royan Pour Votre Projet,constructeur maison royan,https://domeus-constructions.fr/les-avantages-de-choisir-un-constructeur-de-maison-a-royan-pour-votre-projet,2026-06-05
espaceimmobiliersanary.fr,Taux immobiliers : décryptez le marché avant d'emprunter - Espace Immo,taux immobiliers,https://espaceimmobiliersanary.fr/taux-immobiliers,2026-06-05
famin-immobilier.fr,Les quartiers à éviter à Barcelone,quartiers éviter barcelone,https://famin-immobilier.fr/quartiers-a-eviter-barcelone,2026-06-05
favrat-ossature-bois.fr,"Calendrier Des Semis Du Potager : Quoi Semer, Quand Et Comment",calendrier semis potager,https://favrat-ossature-bois.fr/calendrier-semis-potager-mois-mois,2026-06-05
favrat-ossature-bois.fr,Révolution De La Maison Modulaire écologique,maison modulaire écologique,https://favrat-ossature-bois.fr/revolution-maison-modulaire-ecologique,2026-06-05
fenrifoyer.fr,Récoltes des pommes de terre : tout savoir pour bien les conserver,récoltes pommes terre,https://fenrifoyer.fr/recoltes-des-pommes-de-terre-tout-savoir-pour-bien-les-conserver,2026-06-05
foyerluxuria.fr,Comment le latex naturel favorise une meilleure hygiène du sommeil ?,meilleure hygiène sommeil,https://foyerluxuria.fr/comment-le-latex-naturel-favorise-une-meilleure-hygiene-du-sommeil,2026-06-05
habitat-infos.fr,Décorez votre balcon pour plus d'intimité et de style - Habitat-infos.fr,décorez votre balcon,https://habitat-infos.fr/deco-balcon-intimite-style,2026-06-05
habitat-infos.fr,29 inspirations de balcons élégants pour appartements - Habitat-infos.fr,inspirations balcons élégants,https://habitat-infos.fr/inspirations-balcons-appartements-elegants,2026-06-05
harmonie-maison.fr,Bâche à barres piscine : guide pour bien choisir - Harmonie Maison,bâche barres piscine,https://harmonie-maison.fr/bache-barres-piscine-guide-choisir,2026-06-05
harmonie-maison.fr,Caméras IP : quel type choisir selon votre usage ? - Harmonie Maison,caméras ip,https://harmonie-maison.fr/cameras-ip-quel-type-choisir-selon-votre-usage,2026-06-05
harmonie-maison.fr,Cèpes non comestibles : 5 pièges à éviter pour une cueillette sans risque - Harmonie Maison,cèpes non comestibles,https://harmonie-maison.fr/cepes-non-comestibles-photos,2026-06-05
harmonie-maison.fr,Ouvrir une porte de chambre fermée à clé : 5 méthodes qui fonctionnent - Harmonie Maison,chambre fermée clé,https://harmonie-maison.fr/comment-ouvrir-une-porte-de-chambre-fermee-a-cle,2026-06-05
harmonie-maison.fr,Crottes de renard : 5 réflexes pour éviter les pièges au jardin - Harmonie Maison,crottes renard,https://harmonie-maison.fr/crottes-renard,2026-06-05
harmonie-maison.fr,Pourquoi choisir le bon diamètre d’évacuation change tout pour votre douche - Harmonie Maison,tout votre douche,https://harmonie-maison.fr/diametre-evacuation-douche,2026-06-05
harmonie-maison.fr,"Eau alcaline : avantages, précautions et usages concrets - Harmonie Maison",eau alcaline,https://harmonie-maison.fr/eau-alcaline,2026-06-05
harmonie-maison.fr,Découdre les poches de manteau : choix malin ou mauvaise idée ? - Harmonie Maison,découdre poches manteau,https://harmonie-maison.fr/faut-il-decoudre-les-poches-des-manteaux,2026-06-05
harmonie-maison.fr,Feuillage de courgette : 5 clés pour booster récolte et santé - Harmonie Maison,feuillage courgette,https://harmonie-maison.fr/feuillage-courgette,2026-06-05
harmonie-maison.fr,Houblon sauvage : 5 secrets pour l’identifier et l’utiliser sans erreur - Harmonie Maison,houblon sauvage,https://harmonie-maison.fr/houblon-sauvage,2026-06-05
harmonie-maison.fr,Huile de lin : 5 risques à connaître avant de l’utiliser chez soi - Harmonie Maison,huile lin,https://harmonie-maison.fr/huile-de-lin-danger,2026-06-05
harmonie-maison.fr,Pourquoi adopter un lilas du Japon dans son jardin change tout - Harmonie Maison,pourquoi adopter lilas,https://harmonie-maison.fr/lilas-du-japon,2026-06-05
harmonie-maison.fr,Loir animal : 5 vérités à connaître avant d’agir chez soi - Harmonie Maison,loir animal,https://harmonie-maison.fr/loir-animal,2026-06-05
harmonie-maison.fr,Machine à laver : comment le poids impacte vraiment votre quotidien - Harmonie Maison,machine laver,https://harmonie-maison.fr/machine-a-laver-poids,2026-06-05
harmonie-maison.fr,Maine Coon XXL : combien coûte vraiment un chat géant ? - Harmonie Maison,maine coon xxl,https://harmonie-maison.fr/maine-coon-xxl-prix,2026-06-05
harmonie-maison.fr,Quelle pergola solaire pour une maison de plain-pied ? - Harmonie Maison,pergola solaire maison,https://harmonie-maison.fr/pergola-solaire-maison-plain-pied,2026-06-05
harmonie-maison.fr,Enterrer son chien chez soi : ce que la loi autorise vraiment - Harmonie Maison,chien chez soi,https://harmonie-maison.fr/peut-on-enterrer-son-chien-dans-son-jardin,2026-06-05
harmonie-maison.fr,Pourquoi la punaise diabolique s’invite chez vous : vrai sens et bonnes réactions - Harmonie Maison,punaise diabolique invite,https://harmonie-maison.fr/punaise-diabolique-dans-la-maison-signification,2026-06-05
harmonie-maison.fr,"Ranger, trier, alléger : les bonnes habitudes pour une maison plus agréable - Harmonie Maison",ranger trier alléger,https://harmonie-maison.fr/ranger-trier-alleger,2026-06-05
harmonie-maison.fr,Sulfate de cuivre : 3 secrets pour désherber sans mauvaise surprise - Harmonie Maison,sulfate cuivre,https://harmonie-maison.fr/sulfate-de-cuivre-desherbant,2026-06-05
horizons-patrimoine.fr,La villette à paris : quartier dangereux ou sécurisé ?,villette paris,https://horizons-patrimoine.fr/immobilier/la-villette-a-paris-quartier-dangereux-ou-securise,2026-06-05
immo-libre.fr,Les quartiers à éviter à Porto,quartiers éviter porto,https://immo-libre.fr/les-quartiers-a-eviter-a-porto,2026-06-05
immobilier-tout-savoir.fr,Investissement immobilier à Dubaï : Guide complet,investissement immobilier dubaï,https://immobilier-tout-savoir.fr/investissement-immobilier-a-dubai-pourquoi-les-periodes-de-doute-attirent-les-plus-grandes-fortunes,2026-06-05
interiora-style.fr,Un appartement classique repensé avec éclat - Interiora-style.fr,classique repensé éclat,https://interiora-style.fr/appartement-classique-renove-couleurs,2026-06-05
interiora-style.fr,Créez votre bibliothèque sur mesure pour un intérieur personnalisé - Interiora-style.fr,votre bibliothèque mesure,https://interiora-style.fr/bibliotheque-sur-mesure,2026-06-05
interiora-style.fr,Apportez de la couleur à votre appartement haussmannien - Interiora-style.fr,votre appartement haussmannien,https://interiora-style.fr/couleur-decor-appartement-haussmannien,2026-06-05
interiora-style.fr,Aménagez votre salon avec style : touches modernes et rétro - Interiora-style.fr,aménagez votre salon,https://interiora-style.fr/salon-moderne-referencement-retro,2026-06-05
interiora-style.fr,Les tendances déco incontournables de 2023 - Interiora-style.fr,tendances déco incontournables,https://interiora-style.fr/tendances-deco-2023,2026-06-05
itsufrance.fr,Cuisson chapon cocotte fonte : la méthode infaillible,chapon cocotte fonte,https://itsufrance.fr/cuisson-chapon-cocotte-fonte,2026-06-05
itsufrance.fr,Prix alcool Espagne 2026 : vraiment moins cher qu'en France ?,prix alcool espagne,https://itsufrance.fr/prix-alcool-espagne,2026-06-05
itsufrance.fr,Quartiers à éviter à Marseille : le guide d'un voyageur,quartiers éviter marseille,https://itsufrance.fr/quartiers-eviter-marseille,2026-06-05
itsufrance.fr,Sauce Tabasco Scoville : le vrai score sur l'échelle,sauce tabasco scoville,https://itsufrance.fr/sauce-tabasco-scoville,2026-06-05
jardinerlaville.fr,Peut-on tailler un rosier très court ? Conseils pratiques | Jardiner la Ville,peut on tailler,https://jardinerlaville.fr/peut-on-tailler-un-rosier-tres-court,2026-06-05
jardinerlaville.fr,"Pyracantha : plantation, entretien et taille | Jardiner la Ville",pyracantha,https://jardinerlaville.fr/pyracantha,2026-06-05
lacquolina.fr,Riz cantonais 🍚 : savourez la recette authentique !,riz cantonais,https://lacquolina.fr/riz-cantonais-recette-authentique,2026-06-05
lebureaudelimmo.fr,Assurance copropriété : quelles obligations pour le syndic ? - Bureau de l'immo,assurance copropriété,https://lebureaudelimmo.fr/assurance-copropriete-quelles-obligations-pour-le-syndic,2026-06-05
lebureaudelimmo.fr,"Attestation de loyer : définition, utilité, modèle et démarches",attestation loyer,https://lebureaudelimmo.fr/attestation-de-loyer,2026-06-05
lebureaudelimmo.fr,Beanstock avis : faut-il utiliser cette plateforme pour investir dans l'immobilier locatif ?,beanstock avis,https://lebureaudelimmo.fr/beanstock-avis,2026-06-05
lebureaudelimmo.fr,Maison Elon Musk : pourquoi le milliardaire vit dans une tiny house de 37 m² malgré sa fortune,maison elon musk,https://lebureaudelimmo.fr/maison-elon-musk,2026-06-05
leconomieetmoi.fr,"Netflix, cloud, applis : le piège silencieux des micro-abonnements - L'économie et moi",netflix cloud applis,https://leconomieetmoi.fr/finance/les-pieges-des-micro-abonnements-12677,2026-06-05
loco-immo.fr,Inverser phase et neutre sur un luminaire : risques et réglementation,inverser phase neutre,https://loco-immo.fr/phase-neutre,2026-06-05
loco-immo.fr,Branchement transformateur 220V 24V : schéma et conseils,transformateur 220v 24v,https://loco-immo.fr/transformateur-220v-24v,2026-06-05
longbeachcannes.fr,Comment choisir un bon bijoutier à Cannes ? - Long Beach Cannes,bon bijoutier cannes,https://longbeachcannes.fr/comment-choisir-un-bon-bijoutier-a-cannes,2026-06-05
ma-maison-pratique.fr,Améliorez votre connexion en toute simplicité - ma-maison-pratique.fr,améliorez votre connexion,https://ma-maison-pratique.fr/ameliorez-votre-connexion,2026-06-05
ma-maison-pratique.fr,,,https://ma-maison-pratique.fr/design-approche-originale-interface-lovelace,2026-06-05
ma-maison-pratique.fr,,,https://ma-maison-pratique.fr/installation-camera-ip-guide-pratique,2026-06-05
ma-maison-pratique.fr,,,https://ma-maison-pratique.fr/raspberry-pi-controle-piscine,2026-06-05
ma-maison-pratique.fr,,,https://ma-maison-pratique.fr/tableau-de-bord-simple-efficace,2026-06-05
mag-investir.com,SARL IR ou IS : quel régime fiscal choisir selon votre situation ?,sarl ir is,https://mag-investir.com/sarl-ir-ou-is,2026-06-05
mag-investir.com,Terrain à vendre : les critères essentiels pour bien choisir,terrain vendre,https://mag-investir.com/terrain-a-vendre,2026-06-05
maison-deco-design.fr,,,https://maison-deco-design.fr/chambre-luxueuse-petit-prix-appartements,2026-06-05
maison-deco-design.fr,,,https://maison-deco-design.fr/chambres-inspirantes-femmes,2026-06-05
maison-deco-design.fr,40 idées de chambres scandinaves pour un espace cosy - Maison-deco-design.fr,chambres scandinaves espace,https://maison-deco-design.fr/chambres-scandinaves-cosy-serene,2026-06-05
maison-deco-design.fr,,,https://maison-deco-design.fr/decoration-chambre-style-industriel-diy,2026-06-05
maison-entretien.com,Quels sont les styles de carrelages à la mode ? - Maison Entretien,styles carrelages mode,https://maison-entretien.com/quels-styles-carrelages-mode,2026-06-05
maisondulcia.fr,Comment tester la bougie de votre poêle à pellet ?,votre poêle pellet,https://maisondulcia.fr/tester-bougie-allumage-poele-pellet,2026-06-05
mecaza.fr,Comment réduire les droits de succession immobiliers ?,droits succession immobiliers,https://www.mecaza.fr/blog/comment-reduire-droits-succession-bien-immobilier,2026-06-05
mecaza.fr,Chasseur vs Agent Immobilier : Achat & Location,chasseur agent immobilier,https://www.mecaza.fr/blog/difference-chasseur-agent-immobilier,2026-06-05
mecaza.fr,Garant physique ou GLI ? Le choix des propriétaires,garant physique gli,https://www.mecaza.fr/blog/garant-physique-ou-institutionnel,2026-06-05
mecaza.fr,How to reduce inheritance tax on real estate?,reduce inheritance tax,https://www.mecaza.fr/en/blog/comment-reduire-droits-succession-bien-immobilier,2026-06-05
mecaza.fr,Hunter or Agent: who is really defending you?,hunter or agent,https://www.mecaza.fr/en/blog/difference-chasseur-agent-immobilier,2026-06-05
mecaza.fr,Personal Guarantor or GLI? The Landlords' Choice,gli landlords choice,https://www.mecaza.fr/en/blog/garant-physique-ou-institutionnel,2026-06-05
menuisiersdunord.fr,Comment Couper le Persil pour qu'il Repousse Rapidement ? 🌿,persil qu il,https://menuisiersdunord.fr/comment-couper-le-persil-pour-quil-repousse,2026-06-05
menuisiersdunord.fr,Table Céramique Inconvénient : Quels Sont Les Vrais Risques ? 🛑,table céramique inconvénient,https://menuisiersdunord.fr/table-ceramique-inconvenient,2026-06-05
micado-france.fr,"Acide Cyanurique Piscine Trop Bas : Causes, Risques Et Solutions",acide cyanurique piscine,https://micado-france.fr/acide-cyanurique-piscine-trop-bas,2026-06-05
micado-france.fr,Bricosuccess-immo.fr Prix Maison : Comment Estimer La Valeur De Votre Bien ?,bricosuccess immo fr,https://micado-france.fr/bricosuccess-immo-estimation-prix-maison,2026-06-05
micado-france.fr,"LeLabDuBricoleur Formation Prix : Tarifs, CPF, Avis Et Vraies économies",lelabdubricoleur formation prix,https://micado-france.fr/lelabdubricoleur-formation-prix,2026-06-05
micado-france.fr,Nettoyage Toiture Manouche : Comment éviter Les Arnaques Du Démarchage Itinérant ?,nettoyage toiture manouche,https://micado-france.fr/nettoyage-toiture-manouche-arnaque,2026-06-05
miui-france.org,Méthodes efficaces pour déverrouiller une tablette Samsung sans connaître le code | Miui-france.org,déverrouiller tablette samsung,https://www.miui-france.org/deverrouiller-tablette-samsung,2026-06-05
miui-france.org,La frénésie Backrooms : déjà un record colossal pulvérisé au box-office | Miui-france.org,frénésie backrooms,https://www.miui-france.org/la-frenesie-backrooms-deja-un-record-colossal-pulverise-au-box-office,2026-06-05
miui-france.org,Le remake de Barbarella avec Sydney Sweeney et un réalisateur prestigieux demeure en projet | Miui-france.org,remake barbarella sydney,https://www.miui-france.org/le-remake-de-barbarella-avec-sydney-sweeney-et-un-realisateur-prestigieux-demeure-en-projet,2026-06-05
miui-france.org,"Succès phénoménal des Backrooms : la suite est en cours de développement, une évolution prévisible | Miui-france.org",succès phénoménal backrooms,https://www.miui-france.org/succes-phenomenal-des-backrooms-la-suite-est-en-cours-de-developpement-une-evolution-previsible,2026-06-05
miui-france.org,astuces tablette samsung Archives | Miui-france.org,tablette samsung archives,https://www.miui-france.org/tag/astuces-tablette-samsung,2026-06-05
miui-france.org,astuces wi-fi Archives | Miui-france.org,wi fi archives,https://www.miui-france.org/tag/astuces-wi-fi,2026-06-05
miui-france.org,code verrouillage oublié Archives | Miui-france.org,verrouillage oublié archives,https://www.miui-france.org/tag/code-verrouillage-oublie,2026-06-05
miui-france.org,déverrouiller tablette samsung Archives | Miui-france.org,tablette samsung archives,https://www.miui-france.org/tag/deverrouiller-tablette-samsung,2026-06-05
miui-france.org,méthodes déverrouillage samsung Archives | Miui-france.org,déverrouillage samsung archives,https://www.miui-france.org/tag/methodes-deverrouillage-samsung,2026-06-05
miui-france.org,problèmes wi-fi Archives | Miui-france.org,wi fi archives,https://www.miui-france.org/tag/problemes-wi-fi,2026-06-05
miui-france.org,réseau domestique Archives | Miui-france.org,réseau domestique archives,https://www.miui-france.org/tag/reseau-domestique,2026-06-05
miui-france.org,sécurité tablette samsung Archives | Miui-france.org,tablette samsung archives,https://www.miui-france.org/tag/securite-tablette-samsung,2026-06-05
miui-france.org,wi-fi instable Archives | Miui-france.org,fi instable archives,https://www.miui-france.org/tag/wi-fi-instable,2026-06-05
miui-france.org,Wi-Fi instable : comprendre les causes et astuces pour une connexion fiable à la maison | Miui-france.org,wi fi instable,https://www.miui-france.org/wifi-instable-connexion-fiable,2026-06-05
monimmeuble.com,​Actualité juridique de la copropriété : ce qu'il faut retenir de mai 2026,actualité juridique copropriété,https://monimmeuble.com/actualite/actualite-juridique-de-la-copropriete-ce-quil-faut-retenir-de-mai-2026,2026-06-05
monimmeuble.com,​Crédit collectif en copropriété : le défi belge de la rénovation,crédit collectif copropriété,https://monimmeuble.com/actualite/credit-collectif-en-copropriete-le-defi-belge-de-la-renovation,2026-06-05
monimmeuble.com,​Immobilier senior : 60 % des propriétaires prêts à vendre pour financer leur retraite,immobilier senior,https://monimmeuble.com/actualite/immobilier-senior-60-des-proprietaires-prets-a-vendre-pour-financer-leur-retraite,2026-06-05
pluscestsimple.com,"A et T Déco — Marseille – Plus c'est simple : blog conseils déco, travaux et immo",déco marseille,https://pluscestsimple.com/annuaire/boutique/a-et-t-deco-marseille,2026-06-05
pluscestsimple.com,"A LA MAISON — Marseille – Plus c'est simple : blog conseils déco, travaux et immo",maison marseille,https://pluscestsimple.com/annuaire/boutique/a-la-maison-marseille,2026-06-05
pluscestsimple.com,"ABACA ANTIQUE — Marseille – Plus c'est simple : blog conseils déco, travaux et immo",abaca antique marseille,https://pluscestsimple.com/annuaire/boutique/abaca-antique-marseille,2026-06-05
pluscestsimple.com,"Abri du Passé — Marseille – Plus c'est simple : blog conseils déco, travaux et immo",abri passé marseille,https://pluscestsimple.com/annuaire/boutique/abri-du-passe-marseille,2026-06-05
pluscestsimple.com,"AIX MOUSSE ET TISSUS — Aix-en-provence – Plus c'est simple : blog conseils déco, travaux et immo",tissus aix provence,https://pluscestsimple.com/annuaire/boutique/aix-mousse-et-tissus-aix-en-provence,2026-06-05
pluscestsimple.com,"Ambiances et Matières — Marseille – Plus c'est simple : blog conseils déco, travaux et immo",ambiances matières marseille,https://pluscestsimple.com/annuaire/boutique/ambiances-et-matieres-marseille,2026-06-05
pluscestsimple.com,"AMBIANCES & MATIERES — Aix-en-provence – Plus c'est simple : blog conseils déco, travaux et immo",matieres aix provence,https://pluscestsimple.com/annuaire/boutique/ambiances-matieres-aix-en-provence,2026-06-05
pluscestsimple.com,"Anthony Milano Aix — Aix-en-provence – Plus c'est simple : blog conseils déco, travaux et immo",milano aix aix,https://pluscestsimple.com/annuaire/boutique/anthony-milano-aix-aix-en-provence,2026-06-05
pluscestsimple.com,"Antiquites Azzopardi — Marseille – Plus c'est simple : blog conseils déco, travaux et immo",antiquites azzopardi marseille,https://pluscestsimple.com/annuaire/boutique/antiquites-azzopardi-marseille,2026-06-05
pluscestsimple.com,"Archea Aix-en-Provence — Aix-en-provence – Plus c'est simple : blog conseils déco, travaux et immo",archea aix provence,https://pluscestsimple.com/annuaire/boutique/archea-aix-en-provence-aix-en-provence,2026-06-05
pluscestsimple.com,"Archea Aubagne — Aubagne – Plus c'est simple : blog conseils déco, travaux et immo",archea aubagne aubagne,https://pluscestsimple.com/annuaire/boutique/archea-aubagne-aubagne,2026-06-05
pluscestsimple.com,"Archea Marseille — Marseille – Plus c'est simple : blog conseils déco, travaux et immo",archea marseille marseille,https://pluscestsimple.com/annuaire/boutique/archea-marseille-marseille,2026-06-05
pluscestsimple.com,"Art et Volume — Vitrolles – Plus c'est simple : blog conseils déco, travaux et immo",art volume vitrolles,https://pluscestsimple.com/annuaire/boutique/art-et-volume-vitrolles,2026-06-05
pluscestsimple.com,"ATELIER 159 — Marseille – Plus c'est simple : blog conseils déco, travaux et immo",atelier 159 marseille,https://pluscestsimple.com/annuaire/boutique/atelier-159-marseille,2026-06-05
pluscestsimple.com,"Aux Rêves d’Intérieur — Aix-en-provence – Plus c'est simple : blog conseils déco, travaux et immo",intérieur aix provence,https://pluscestsimple.com/annuaire/boutique/aux-reves-d-interieur-aix-en-provence,2026-06-05
pluscestsimple.com,"Balestra Christian — Marseille – Plus c'est simple : blog conseils déco, travaux et immo",balestra christian marseille,https://pluscestsimple.com/annuaire/boutique/balestra-christian-marseille,2026-06-05
pluscestsimple.com,"Bazardeluxe | Marseille — Marseille – Plus c'est simple : blog conseils déco, travaux et immo",bazardeluxe,https://pluscestsimple.com/annuaire/boutique/bazardeluxe-marseille-marseille,2026-06-05
pluscestsimple.com,"BECBUNZEN — Marseille – Plus c'est simple : blog conseils déco, travaux et immo",becbunzen marseille,https://pluscestsimple.com/annuaire/boutique/becbunzen-marseille,2026-06-05
pluscestsimple.com,"Bleu Nuit — Aix-en-provence – Plus c'est simple : blog conseils déco, travaux et immo",nuit aix provence,https://pluscestsimple.com/annuaire/boutique/bleu-nuit-aix-en-provence,2026-06-05
pluscestsimple.com,"BoConcept Aubagne Marseille — Aubagne – Plus c'est simple : blog conseils déco, travaux et immo",boconcept aubagne marseille,https://pluscestsimple.com/annuaire/boutique/boconcept-aubagne-marseille-aubagne,2026-06-05
pluscestsimple.com,"Bouchara Marseille : Magasin linge de maison et décoration — Marseille – Plus c'est simple : blog conseils déco, travaux et immo",bouchara marseille,https://pluscestsimple.com/annuaire/boutique/bouchara-marseille-magasin-linge-de-maison-et-decoration-marseille,2026-06-05
pluscestsimple.com,"Bougie Lumière — Marseille – Plus c'est simple : blog conseils déco, travaux et immo",bougie lumière marseille,https://pluscestsimple.com/annuaire/boutique/bougie-lumiere-marseille,2026-06-05
pluscestsimple.com,"Boutique AMPM Aix en Provence — Aix-en-provence – Plus c'est simple : blog conseils déco, travaux et immo",ampm aix provence,https://pluscestsimple.com/annuaire/boutique/boutique-ampm-aix-en-provence-aix-en-provence,2026-06-05
pluscestsimple.com,"Boutique André Renault Aix-en-Provence, artisan litier depuis 1960 — Aix-en-provence – Plus c'est simple : blog conseils déco, travaux et immo",renault aix provence,https://pluscestsimple.com/annuaire/boutique/boutique-andre-renault-aix-en-provence-artisan-litier-depuis-1960-aix-en-provence,2026-06-05
pluscestsimple.com,"Brocante Absolutely Fabulous — Marseille – Plus c'est simple : blog conseils déco, travaux et immo",brocante absolutely fabulous,https://pluscestsimple.com/annuaire/boutique/brocante-absolutely-fabulous-marseille,2026-06-05
pluscestsimple.com,"Brocante Corinne et Tony — Marseille – Plus c'est simple : blog conseils déco, travaux et immo",corinne tony marseille,https://pluscestsimple.com/annuaire/boutique/brocante-corinne-et-tony-marseille,2026-06-05
pluscestsimple.com,"BUROconcept & BUROccasion — Vitrolles – Plus c'est simple : blog conseils déco, travaux et immo",buroconcept buroccasion vitrolles,https://pluscestsimple.com/annuaire/boutique/buroconcept-buroccasion-vitrolles,2026-06-05
pluscestsimple.com,"Casa Bohème — Marseille – Plus c'est simple : blog conseils déco, travaux et immo",casa bohème marseille,https://pluscestsimple.com/annuaire/boutique/casa-boheme-marseille,2026-06-05
pluscestsimple.com,"Centrakor Vitrolles — Vitrolles – Plus c'est simple : blog conseils déco, travaux et immo",centrakor vitrolles vitrolles,https://pluscestsimple.com/annuaire/boutique/centrakor-vitrolles-vitrolles,2026-06-05
pluscestsimple.com,"Cuir Center Marseille — Les Pennes-mirabeau – Plus c'est simple : blog conseils déco, travaux et immo",cuir center marseille,https://pluscestsimple.com/annuaire/boutique/cuir-center-marseille-les-pennes-mirabeau,2026-06-05
pluscestsimple.com,"Curios, Cabinet De Curiosités Et Brocante — Marseille – Plus c'est simple : blog conseils déco, travaux et immo",curiosités brocante marseille,https://pluscestsimple.com/annuaire/boutique/curios-cabinet-de-curiosites-et-brocante-marseille,2026-06-05
pluscestsimple.com,"Decamp François — Marseille – Plus c'est simple : blog conseils déco, travaux et immo",decamp françois marseille,https://pluscestsimple.com/annuaire/boutique/decamp-francois-marseille,2026-06-05
pluscestsimple.com,"Décor’HOME — Aix-en-provence – Plus c'est simple : blog conseils déco, travaux et immo",home aix provence,https://pluscestsimple.com/annuaire/boutique/decor-home-aix-en-provence,2026-06-05
pluscestsimple.com,"Décostock – Canapé, Convertible et Mobilier de jardin — Marseille – Plus c'est simple : blog conseils déco, travaux et immo",décostock,https://pluscestsimple.com/annuaire/boutique/decostock-canape-convertible-et-mobilier-de-jardin-marseille,2026-06-05
pluscestsimple.com,"Delys Antiquaire Marseille — Gignac-la-nerthe – Plus c'est simple : blog conseils déco, travaux et immo",delys antiquaire marseille,https://pluscestsimple.com/annuaire/boutique/delys-antiquaire-marseille-gignac-la-nerthe,2026-06-05
pluscestsimple.com,"Docks de la Literie Aix-en-Provence — Aix-en-provence – Plus c'est simple : blog conseils déco, travaux et immo",literie aix provence,https://pluscestsimple.com/annuaire/boutique/docks-de-la-literie-aix-en-provence-aix-en-provence,2026-06-05
pluscestsimple.com,"Encore — Aix-en-provence – Plus c'est simple : blog conseils déco, travaux et immo",encore aix provence,https://pluscestsimple.com/annuaire/boutique/encore-aix-en-provence,2026-06-05
pluscestsimple.com,"GOOD DESIGN STORE — Marseille – Plus c'est simple : blog conseils déco, travaux et immo",design store marseille,https://pluscestsimple.com/annuaire/boutique/good-design-store-marseille,2026-06-05
pluscestsimple.com,"Himalaya — Aix-en-provence – Plus c'est simple : blog conseils déco, travaux et immo",himalaya aix provence,https://pluscestsimple.com/annuaire/boutique/himalaya-aix-en-provence,2026-06-05
pluscestsimple.com,"HONORÉ DÉCO — Marseille – Plus c'est simple : blog conseils déco, travaux et immo",honoré déco marseille,https://pluscestsimple.com/annuaire/boutique/honore-deco-marseille,2026-06-05
pluscestsimple.com,"I.D Deco — Marseille – Plus c'est simple : blog conseils déco, travaux et immo",deco marseille,https://pluscestsimple.com/annuaire/boutique/i-d-deco-marseille,2026-06-05
pluscestsimple.com,"Ideal house — Marseille – Plus c'est simple : blog conseils déco, travaux et immo",ideal house marseille,https://pluscestsimple.com/annuaire/boutique/ideal-house-marseille,2026-06-05
pluscestsimple.com,"IKEA Marseille Vitrolles — Vitrolles – Plus c'est simple : blog conseils déco, travaux et immo",marseille vitrolles vitrolles,https://pluscestsimple.com/annuaire/boutique/ikea-marseille-vitrolles-vitrolles,2026-06-05
pluscestsimple.com,"ISILIVING — Aix-en-provence – Plus c'est simple : blog conseils déco, travaux et immo",isiliving aix provence,https://pluscestsimple.com/annuaire/boutique/isiliving-aix-en-provence,2026-06-05
pluscestsimple.com,"Joli Rouge Mobilier/Décoration XXème — Marseille – Plus c'est simple : blog conseils déco, travaux et immo",décoration xxème marseille,https://pluscestsimple.com/annuaire/boutique/joli-rouge-mobilier-decoration-xxeme-marseille,2026-06-05
pluscestsimple.com,"Kartell Marseille — Marseille – Plus c'est simple : blog conseils déco, travaux et immo",kartell marseille marseille,https://pluscestsimple.com/annuaire/boutique/kartell-marseille-marseille,2026-06-05
pluscestsimple.com,"Kave Home Aix en Provence — Aix-en-provence – Plus c'est simple : blog conseils déco, travaux et immo",home aix provence,https://pluscestsimple.com/annuaire/boutique/kave-home-aix-en-provence-aix-en-provence,2026-06-05
pluscestsimple.com,"Kave Home Marseille — Marseille – Plus c'est simple : blog conseils déco, travaux et immo",kave home marseille,https://pluscestsimple.com/annuaire/boutique/kave-home-marseille-marseille,2026-06-05
pluscestsimple.com,"L’Estive — Marseille – Plus c'est simple : blog conseils déco, travaux et immo",estive marseille,https://pluscestsimple.com/annuaire/boutique/l-estive-marseille,2026-06-05
pluscestsimple.com,"La Brocante De Lulu — Marseille – Plus c'est simple : blog conseils déco, travaux et immo",brocante lulu marseille,https://pluscestsimple.com/annuaire/boutique/la-brocante-de-lulu-marseille,2026-06-05
pluscestsimple.com,"La Demeure — Marseille – Plus c'est simple : blog conseils déco, travaux et immo",demeure marseille,https://pluscestsimple.com/annuaire/boutique/la-demeure-marseille,2026-06-05
pluscestsimple.com,"La Maison Marseillaise — Marseille – Plus c'est simple : blog conseils déco, travaux et immo",maison marseillaise marseille,https://pluscestsimple.com/annuaire/boutique/la-maison-marseillaise-marseille,2026-06-05
pluscestsimple.com,"La sélection by Sophie Ferjani – Concept store Déco à Marseille — Marseille – Plus c'est simple : blog conseils déco, travaux et immo",sélection by sophie,https://pluscestsimple.com/annuaire/boutique/la-selection-by-sophie-ferjani-concept-store-deco-a-marseille-marseille,2026-06-05
pluscestsimple.com,"Le Coin Brocante — Marseille – Plus c'est simple : blog conseils déco, travaux et immo",coin brocante marseille,https://pluscestsimple.com/annuaire/boutique/le-coin-brocante-marseille,2026-06-05
pluscestsimple.com,"Le petit Souk Aix-en-Provence — Aix-en-provence – Plus c'est simple : blog conseils déco, travaux et immo",souk aix provence,https://pluscestsimple.com/annuaire/boutique/le-petit-souk-aix-en-provence-aix-en-provence,2026-06-05
pluscestsimple.com,"Les Nomades by Rubens Décoration — Aix-en-provence – Plus c'est simple : blog conseils déco, travaux et immo",rubens décoration aix,https://pluscestsimple.com/annuaire/boutique/les-nomades-by-rubens-decoration-aix-en-provence,2026-06-05
pluscestsimple.com,"Les Puces de Fifi — Marseille – Plus c'est simple : blog conseils déco, travaux et immo",puces fifi marseille,https://pluscestsimple.com/annuaire/boutique/les-puces-de-fifi-marseille,2026-06-05
pluscestsimple.com,"Magasin de meubles – Canapé – Matelas | TRUST INDUSTRIE — Aubagne – Plus c'est simple : blog conseils déco, travaux et immo",magasin meubles,https://pluscestsimple.com/annuaire/boutique/magasin-de-meubles-canape-matelas-trust-industrie-aubagne,2026-06-05
pluscestsimple.com,"Magasin Issima — Marseille – Plus c'est simple : blog conseils déco, travaux et immo",magasin issima marseille,https://pluscestsimple.com/annuaire/boutique/magasin-issima-marseille,2026-06-05
pluscestsimple.com,"Maison Empereur — Marseille – Plus c'est simple : blog conseils déco, travaux et immo",maison empereur marseille,https://pluscestsimple.com/annuaire/boutique/maison-empereur-marseille,2026-06-05
pluscestsimple.com,"Maison & Privilège – Boutique de décoration Aix en Provence — Aix-en-provence – Plus c'est simple : blog conseils déco, travaux et immo",maison privilège,https://pluscestsimple.com/annuaire/boutique/maison-privilege-boutique-de-decoration-aix-en-provence-aix-en-provence,2026-06-05
pluscestsimple.com,"Maison Saint-Sa — Aix-en-provence – Plus c'est simple : blog conseils déco, travaux et immo",sa aix provence,https://pluscestsimple.com/annuaire/boutique/maison-saint-sa-aix-en-provence,2026-06-05
pluscestsimple.com,"Maison Sarah Lavoine Aix-en-Provence | Magasin Décoration Design — Aix-en-provence – Plus c'est simple : blog conseils déco, travaux et immo",lavoine aix provence,https://pluscestsimple.com/annuaire/boutique/maison-sarah-lavoine-aix-en-provence-magasin-decoration-design-aix-en-provence,2026-06-05
pluscestsimple.com,"Maisons du Monde — Aix-en-provence – Plus c'est simple : blog conseils déco, travaux et immo",maisons monde aix,https://pluscestsimple.com/annuaire/boutique/maisons-du-monde-aix-en-provence,2026-06-05
pluscestsimple.com,"Maisons du Monde — Aubagne – Plus c'est simple : blog conseils déco, travaux et immo",maisons monde aubagne,https://pluscestsimple.com/annuaire/boutique/maisons-du-monde-aubagne,2026-06-05
pluscestsimple.com,"Maisons du Monde — Marseille – Plus c'est simple : blog conseils déco, travaux et immo",maisons monde marseille,https://pluscestsimple.com/annuaire/boutique/maisons-du-monde-marseille,2026-06-05
pluscestsimple.com,"Maisons du Monde — Marseille – Plus c'est simple : blog conseils déco, travaux et immo",maisons monde marseille,https://pluscestsimple.com/annuaire/boutique/maisons-du-monde-marseille-2,2026-06-05
pluscestsimple.com,"Marlène Boumendil L’ÉCRIN Marseille — Marseille – Plus c'est simple : blog conseils déco, travaux et immo",marlène boumendil écrin,https://pluscestsimple.com/annuaire/boutique/marlene-boumendil-l-ecrin-marseille-marseille,2026-06-05
pluscestsimple.com,"Marseille Antiquités – SARL Gulessian frères – Le village des Antiquaires de FIFI — Marseille – Plus c'est simple : blog conseils déco, travaux et immo",marseille antiquités,https://pluscestsimple.com/annuaire/boutique/marseille-antiquites-sarl-gulessian-freres-le-village-des-antiquaires-de-fifi-marseille,2026-06-05
pluscestsimple.com,"Massilia Toy — Marseille – Plus c'est simple : blog conseils déco, travaux et immo",massilia toy marseille,https://pluscestsimple.com/annuaire/boutique/massilia-toy-marseille,2026-06-05
pluscestsimple.com,"Maxi Bazar — Saint-victoret – Plus c'est simple : blog conseils déco, travaux et immo",maxi bazar saint,https://pluscestsimple.com/annuaire/boutique/maxi-bazar-saint-victoret,2026-06-05
pluscestsimple.com,"Melville Design — Aix-en-provence – Plus c'est simple : blog conseils déco, travaux et immo",melville design aix,https://pluscestsimple.com/annuaire/boutique/melville-design-aix-en-provence,2026-06-05
pluscestsimple.com,"Meuble Line — Marseille – Plus c'est simple : blog conseils déco, travaux et immo",meuble line marseille,https://pluscestsimple.com/annuaire/boutique/meuble-line-marseille,2026-06-05
pluscestsimple.com,"Meubles Gautier Marseille Plan de Campagne — Les Pennes-mirabeau – Plus c'est simple : blog conseils déco, travaux et immo",marseille plan campagne,https://pluscestsimple.com/annuaire/boutique/meubles-gautier-marseille-plan-de-campagne-les-pennes-mirabeau,2026-06-05
pluscestsimple.com,"MEUBLIERS Marseille — Marseille – Plus c'est simple : blog conseils déco, travaux et immo",meubliers marseille marseille,https://pluscestsimple.com/annuaire/boutique/meubliers-marseille-marseille,2026-06-05
pluscestsimple.com,"Minas Ameublement — Marseille – Plus c'est simple : blog conseils déco, travaux et immo",minas ameublement marseille,https://pluscestsimple.com/annuaire/boutique/minas-ameublement-marseille,2026-06-05
pluscestsimple.com,"Mise en Scène Éclairage Marseille — Marseille – Plus c'est simple : blog conseils déco, travaux et immo",scène éclairage marseille,https://pluscestsimple.com/annuaire/boutique/mise-en-scene-eclairage-marseille-marseille,2026-06-05
pluscestsimple.com,"Mobilier de France Marseille — Marseille – Plus c'est simple : blog conseils déco, travaux et immo",mobilier france marseille,https://pluscestsimple.com/annuaire/boutique/mobilier-de-france-marseille-marseille,2026-06-05
pluscestsimple.com,"Monsieur DELYS ANTIQUAIRE — Marseille – Plus c'est simple : blog conseils déco, travaux et immo",delys antiquaire marseille,https://pluscestsimple.com/annuaire/boutique/monsieur-delys-antiquaire-marseille,2026-06-05
pluscestsimple.com,"N2 – meubles sur mesure — Aix-en-provence – Plus c'est simple : blog conseils déco, travaux et immo",n2,https://pluscestsimple.com/annuaire/boutique/n2-meubles-sur-mesure-aix-en-provence,2026-06-05
pluscestsimple.com,"N2L (Luminaires) — Marseille – Plus c'est simple : blog conseils déco, travaux et immo",n2l luminaires marseille,https://pluscestsimple.com/annuaire/boutique/n2l-luminaires-marseille,2026-06-05
pluscestsimple.com,"PERENE Aix-en-Provence — Aix-en-provence – Plus c'est simple : blog conseils déco, travaux et immo",perene aix provence,https://pluscestsimple.com/annuaire/boutique/perene-aix-en-provence-aix-en-provence,2026-06-05
pluscestsimple.com,"Pierre Mouret Luminaires — Marseille – Plus c'est simple : blog conseils déco, travaux et immo",mouret luminaires marseille,https://pluscestsimple.com/annuaire/boutique/pierre-mouret-luminaires-marseille,2026-06-05
pluscestsimple.com,"Porcher Antiquités — Marseille – Plus c'est simple : blog conseils déco, travaux et immo",porcher antiquités marseille,https://pluscestsimple.com/annuaire/boutique/porcher-antiquites-marseille,2026-06-05
pluscestsimple.com,"Pure Inspiration — Marseille – Plus c'est simple : blog conseils déco, travaux et immo",pure inspiration marseille,https://pluscestsimple.com/annuaire/boutique/pure-inspiration-marseille,2026-06-05
pluscestsimple.com,"Quartier des Antiquaires — Marseille – Plus c'est simple : blog conseils déco, travaux et immo",quartier antiquaires marseille,https://pluscestsimple.com/annuaire/boutique/quartier-des-antiquaires-marseille,2026-06-05
pluscestsimple.com,"Royal Art Meubles — Marseille – Plus c'est simple : blog conseils déco, travaux et immo",art meubles marseille,https://pluscestsimple.com/annuaire/boutique/royal-art-meubles-marseille,2026-06-05
pluscestsimple.com,"Søstrene Grene — Aix-en-provence – Plus c'est simple : blog conseils déco, travaux et immo",grene aix provence,https://pluscestsimple.com/annuaire/boutique/s-strene-grene-aix-en-provence,2026-06-05
pluscestsimple.com,"Show Room Déco — Marignane – Plus c'est simple : blog conseils déco, travaux et immo",room déco marignane,https://pluscestsimple.com/annuaire/boutique/show-room-deco-marignane,2026-06-05
pluscestsimple.com,"Silvera Marseille — Marseille – Plus c'est simple : blog conseils déco, travaux et immo",silvera marseille marseille,https://pluscestsimple.com/annuaire/boutique/silvera-marseille-marseille,2026-06-05
pluscestsimple.com,"Studio19 — Marseille – Plus c'est simple : blog conseils déco, travaux et immo",studio19 marseille,https://pluscestsimple.com/annuaire/boutique/studio19-marseille,2026-06-05
pluscestsimple.com,"SYSLED (Luminaires) — Marseille – Plus c'est simple : blog conseils déco, travaux et immo",sysled luminaires marseille,https://pluscestsimple.com/annuaire/boutique/sysled-luminaires-marseille,2026-06-05
pluscestsimple.com,"Terra Nomade – Décoration Aix-en-Provence — Aix-en-provence – Plus c'est simple : blog conseils déco, travaux et immo",terra nomade,https://pluscestsimple.com/annuaire/boutique/terra-nomade-decoration-aix-en-provence-aix-en-provence,2026-06-05
pluscestsimple.com,"TUNGSTENE Concept Store — Aix-en-provence – Plus c'est simple : blog conseils déco, travaux et immo",tungstene concept store,https://pluscestsimple.com/annuaire/boutique/tungstene-concept-store-aix-en-provence,2026-06-05
pluscestsimple.com,"Turquoise Meubles — Marseille – Plus c'est simple : blog conseils déco, travaux et immo",turquoise meubles marseille,https://pluscestsimple.com/annuaire/boutique/turquoise-meubles-marseille,2026-06-05
pluscestsimple.com,"Ubaud National — Marseille – Plus c'est simple : blog conseils déco, travaux et immo",ubaud national marseille,https://pluscestsimple.com/annuaire/boutique/ubaud-national-marseille,2026-06-05
pluscestsimple.com,"Ubaud Saint-Louis — Marseille – Plus c'est simple : blog conseils déco, travaux et immo",saint louis marseille,https://pluscestsimple.com/annuaire/boutique/ubaud-saint-louis-marseille,2026-06-05
pluscestsimple.com,"UGD MEUBLES — Marseille – Plus c'est simple : blog conseils déco, travaux et immo",ugd meubles marseille,https://pluscestsimple.com/annuaire/boutique/ugd-meubles-marseille,2026-06-05
pluscestsimple.com,"VIZE HOME — Marseille – Plus c'est simple : blog conseils déco, travaux et immo",vize home marseille,https://pluscestsimple.com/annuaire/boutique/vize-home-marseille,2026-06-05
pluscestsimple.com,"voltex — Marseille – Plus c'est simple : blog conseils déco, travaux et immo",voltex marseille,https://pluscestsimple.com/annuaire/boutique/voltex-marseille,2026-06-05
pluscestsimple.com,"Brocante & antiquités – Plus c'est simple : blog conseils déco, travaux et immo",brocante antiquités,https://pluscestsimple.com/annuaire/categorie/brocante-antiquites,2026-06-05
pluscestsimple.com,"Décoration générale – Plus c'est simple : blog conseils déco, travaux et immo",décoration générale,https://pluscestsimple.com/annuaire/categorie/decoration-generale,2026-06-05
pluscestsimple.com,"Design d’intérieur – Plus c'est simple : blog conseils déco, travaux et immo",design intérieur,https://pluscestsimple.com/annuaire/categorie/design-dinterieur,2026-06-05
pluscestsimple.com,"Luminaires – Plus c'est simple : blog conseils déco, travaux et immo",luminaires,https://pluscestsimple.com/annuaire/categorie/luminaires,2026-06-05
pluscestsimple.com,"Meubles & aménagement – Plus c'est simple : blog conseils déco, travaux et immo",meubles aménagement,https://pluscestsimple.com/annuaire/categorie/meubles-amenagement,2026-06-05
pluscestsimple.com,"Textile de maison – Plus c'est simple : blog conseils déco, travaux et immo",textile maison,https://pluscestsimple.com/annuaire/categorie/textile-de-maison,2026-06-05
pluscestsimple.com,"Bouches-du-Rhône – Plus c'est simple : blog conseils déco, travaux et immo",bouches rhône,https://pluscestsimple.com/annuaire/departement/bouches-du-rhone-13,2026-06-05
pluscestsimple.com,"En boutique – Plus c'est simple : blog conseils déco, travaux et immo",boutique,https://pluscestsimple.com/annuaire/mode/en-boutique,2026-06-05
pluscestsimple.com,"Provence-Alpes-Côte d’Azur – Plus c'est simple : blog conseils déco, travaux et immo",provence alpes côte,https://pluscestsimple.com/annuaire/region/provence-alpes-cote-dazur,2026-06-05
pluscestsimple.com,"Artisan & atelier – Plus c'est simple : blog conseils déco, travaux et immo",artisan atelier,https://pluscestsimple.com/annuaire/type-boutique/artisan-atelier,2026-06-05
pluscestsimple.com,"Brocante & vintage – Plus c'est simple : blog conseils déco, travaux et immo",brocante vintage,https://pluscestsimple.com/annuaire/type-boutique/brocante-vintage,2026-06-05
pluscestsimple.com,"Concept store – Plus c'est simple : blog conseils déco, travaux et immo",concept store,https://pluscestsimple.com/annuaire/type-boutique/concept-store,2026-06-05
pluscestsimple.com,"Grande enseigne – Plus c'est simple : blog conseils déco, travaux et immo",grande enseigne,https://pluscestsimple.com/annuaire/type-boutique/grande-enseigne,2026-06-05
pluscestsimple.com,"Indépendant – Plus c'est simple : blog conseils déco, travaux et immo",indépendant,https://pluscestsimple.com/annuaire/type-boutique/independant,2026-06-05
pluscestsimple.com,"Aix-en-provence – Plus c'est simple : blog conseils déco, travaux et immo",aix provence,https://pluscestsimple.com/annuaire/ville/aix-en-provence,2026-06-05
pluscestsimple.com,"Aubagne – Plus c'est simple : blog conseils déco, travaux et immo",aubagne,https://pluscestsimple.com/annuaire/ville/aubagne,2026-06-05
pluscestsimple.com,"Gignac-la-nerthe – Plus c'est simple : blog conseils déco, travaux et immo",gignac nerthe,https://pluscestsimple.com/annuaire/ville/gignac-la-nerthe,2026-06-05
pluscestsimple.com,"Les Pennes-mirabeau – Plus c'est simple : blog conseils déco, travaux et immo",pennes mirabeau,https://pluscestsimple.com/annuaire/ville/les-pennes-mirabeau,2026-06-05
pluscestsimple.com,"Marignane – Plus c'est simple : blog conseils déco, travaux et immo",marignane,https://pluscestsimple.com/annuaire/ville/marignane,2026-06-05
pluscestsimple.com,"Marseille – Plus c'est simple : blog conseils déco, travaux et immo",marseille,https://pluscestsimple.com/annuaire/ville/marseille,2026-06-05
pluscestsimple.com,"Saint-victoret – Plus c'est simple : blog conseils déco, travaux et immo",saint victoret,https://pluscestsimple.com/annuaire/ville/saint-victoret,2026-06-05
pluscestsimple.com,"Vitrolles – Plus c'est simple : blog conseils déco, travaux et immo",vitrolles,https://pluscestsimple.com/annuaire/ville/vitrolles,2026-06-05
pluscestsimple.com,"Extensions – Plus c'est simple : blog conseils déco, travaux et immo",extensions,https://pluscestsimple.com/architecture/extensions,2026-06-05
pluscestsimple.com,"Styles & époques – Plus c'est simple : blog conseils déco, travaux et immo",styles époques,https://pluscestsimple.com/architecture/styles-epoques,2026-06-05
pluscestsimple.com,"Par pièce – Plus c'est simple : blog conseils déco, travaux et immo",pièce,https://pluscestsimple.com/decoration/par-piece,2026-06-05
pluscestsimple.com,"Petits budgets – Plus c'est simple : blog conseils déco, travaux et immo",petits budgets,https://pluscestsimple.com/decoration/petits-budgets,2026-06-05
pluscestsimple.com,"Styles – Plus c'est simple : blog conseils déco, travaux et immo",styles,https://pluscestsimple.com/decoration/styles,2026-06-05
pluscestsimple.com,"Acheter – Plus c'est simple : blog conseils déco, travaux et immo",acheter,https://pluscestsimple.com/immobilier/acheter,2026-06-05
pluscestsimple.com,"Louer & investir – Plus c'est simple : blog conseils déco, travaux et immo",louer investir,https://pluscestsimple.com/immobilier/louer-investir,2026-06-05
pluscestsimple.com,"Vendre – Plus c'est simple : blog conseils déco, travaux et immo",vendre,https://pluscestsimple.com/immobilier/vendre,2026-06-05
pluscestsimple.com,"Aménagement extérieur – Plus c'est simple : blog conseils déco, travaux et immo",aménagement extérieur,https://pluscestsimple.com/jardin/amenagement-exterieur,2026-06-05
pluscestsimple.com,"Entretien – Plus c'est simple : blog conseils déco, travaux et immo",entretien,https://pluscestsimple.com/jardin/entretien,2026-06-05
pluscestsimple.com,"Bien-être & accessoires – Plus c'est simple : blog conseils déco, travaux et immo",être accessoires,https://pluscestsimple.com/lifestyle/bien-etre-accessoires,2026-06-05
pluscestsimple.com,"Rangement & nettoyage – Plus c'est simple : blog conseils déco, travaux et immo",rangement nettoyage,https://pluscestsimple.com/lifestyle/rangement-nettoyage,2026-06-05
pluscestsimple.com,"T2 acheté 138k€ à Roubaix : 6,4 % brut, 3,1 % net après vacance et travaux imprévus – Plus c'est simple : blog conseils déco, travaux et immo",t2 acheté 138k,https://pluscestsimple.com/t2-roubaix-rendement-investissement,2026-06-05
pluscestsimple.com,"Gros œuvre – Plus c'est simple : blog conseils déco, travaux et immo",gros œuvre,https://pluscestsimple.com/travaux/gros-oeuvre,2026-06-05
pluscestsimple.com,"Par pièce – Plus c'est simple : blog conseils déco, travaux et immo",pièce,https://pluscestsimple.com/travaux/par-piece,2026-06-05
pluscestsimple.com,"Rénovation énergétique – Plus c'est simple : blog conseils déco, travaux et immo",rénovation énergétique,https://pluscestsimple.com/travaux/renovation-energetique,2026-06-05
prats.fr,Investir à Strasbourg : les clés d’un marché immobilier en pleine évolution - Prats,investir strasbourg,https://prats.fr/investir-a-strasbourg-les-cles-dun-marche-immobilier-en-pleine-evolution,2026-06-05
quintex-finance.com,Iso 9001 def et ses impacts sur la satisfaction client - Quintex Finance,impacts satisfaction client,https://quintex-finance.com/iso-9001-def-et-ses-impacts-sur-la-satisfaction-client,2026-06-05
renovation-astuces.fr,32 idées de relaxations avec des chaises suspendues - Renovation astuces,relaxations chaises suspendues,https://renovation-astuces.fr/chaises-suspendues-relaxation-cosy,2026-06-05
renovation-astuces.fr,Explorez la richesse de la forêt amazonienne - Renovation astuces,richesse forêt amazonienne,https://renovation-astuces.fr/decouverte-foret-amazonienne,2026-06-05
renovation-astuces.fr,Idées créatives de hamac DIY pour votre jardin - Renovation astuces,diy votre jardin,https://renovation-astuces.fr/hamac-diy-jardin-idees-creatives,2026-06-05
renovation-astuces.fr,Des idées pas chères pour sublimer votre jardin - Renovation astuces,sublimer votre jardin,https://renovation-astuces.fr/idees-jardin-abordables,2026-06-05
renovation-conseils.fr,Créez votre propre mini jungle chez vous ! - Renovation-conseils.fr,votre propre mini,https://renovation-conseils.fr/creer-mini-jungle-interieur,2026-06-05
renovation-conseils.fr,Découvrez le fauteuil Eames Lounge Chair & Ottoman - Renovation-conseils.fr,fauteuil eames lounge,https://renovation-conseils.fr/fauteuil-eames-lounge-ottoman,2026-06-05
renovation-conseils.fr,Comment intégrer le fauteuil lounge Big Sur dans votre déco - Renovation-conseils.fr,intégrer fauteuil lounge,https://renovation-conseils.fr/fauteuil-lounge-big-sur,2026-06-05
renovation-conseils.fr,Découvrez le jour de canapé plateau à bras droit - Renovation-conseils.fr,plateau bras droit,https://renovation-conseils.fr/jour-canape-plateau-droit,2026-06-05
renovation-conseils.fr,10 plantes bonsaï à adopter chez soi - Renovation-conseils.fr,bonsaï adopter chez,https://renovation-conseils.fr/plantes-bonsai-interieur,2026-06-05
renovbox.com,Comment isoler un mur par l'extérieur (ITE) : techniques et étapes,isoler mur extérieur,https://renovbox.com/comment-isoler-mur-exterieur-ite,2026-06-05
renovbox.com,"Comment isoler un sous-sol : techniques, matériaux et budget",isoler sous sol,https://renovbox.com/comment-isoler-sous-sol,2026-06-05
renovbox.com,"Comment poser du carrelage soi-même : étapes, outils et erreurs à éviter",poser carrelage soi,https://renovbox.com/comment-poser-carrelage-soi-meme,2026-06-05
renovbox.com,"3A Architectes à Chartres (28) : cabinet d'architecture, avis et projets - Renovbox",3a architectes chartres,https://renovbox.com/entreprise/3-a-atelier-d-architecture-associe,2026-06-05
renovbox.com,"3 Degrés Fareneït à Sartrouville (78) : génie climatique RGE, avis - Renovbox",degrés fareneït sartrouville,https://renovbox.com/entreprise/3-degres-fareneit,2026-06-05
renovbox.com,"A Net Renovation, façadier RGE à Uffholtz (68) : avis et services - Renovbox",net renovation façadier,https://renovbox.com/entreprise/a-net-renovation,2026-06-05
renovbox.com,"Trendel à Haguenau (67) : fabricant alsacien de menuiseries RGE, avis - Renovbox",trendel haguenau 67,https://renovbox.com/entreprise/a-trendel-et-fils-volets-roulants,2026-06-05
renovbox.com,Activ & Co à Sainte-Marie-de-Ré (17) : rénovation énergétique RGE et avis - Renovbox,activ co sainte,https://renovbox.com/entreprise/activ-co,2026-06-05
renovbox.com,"Alucolor à Toul (54) : menuisier fabricant RGE en aluminium et PVC, avis - Renovbox",alucolor toul 54,https://renovbox.com/entreprise/alucolor,2026-06-05
renovbox.com,Argia Diagnostic à Saint-Paul-lès-Dax (40) : audit énergétique RGE et avis - Renovbox,argia diagnostic saint,https://renovbox.com/entreprise/argia-diagnostic,2026-06-05
renovbox.com,,,https://renovbox.com/entreprise/atelier-artisanal-d-agencements-3-a,2026-06-05
renovbox.com,"Boban Peinture : peinture, ravalement et isolation à Aumetz (57) | Avis - Renovbox",boban peinture,https://renovbox.com/entreprise/boban-peinture,2026-06-05
renovbox.com,"Boillon Fermetures : fenêtres, volets et portails à Franois (Besançon) | Avis - Renovbox",boillon fermetures,https://renovbox.com/entreprise/boillon-fermetures,2026-06-05
renovbox.com,"Buro Concepts : agencement de bureaux et plâtrerie RGE en Île-de-France, avis - Renovbox",buro concepts,https://renovbox.com/entreprise/buroconcepts,2026-06-05
renovbox.com,"Cabinet Kelvin à Boves (80) : bureau d'études fluides RGE près d'Amiens, avis - Renovbox",cabinet kelvin boves,https://renovbox.com/entreprise/cabinet-d-etudes-techniques-kelvin,2026-06-05
renovbox.com,"Neorka à Toulouse (31) : bureau d'études fluides et énergie RGE, avis - Renovbox",neorka toulouse 31,https://renovbox.com/entreprise/calaca,2026-06-05
renovbox.com,"Capé 38 : pompe à chaleur, chauffage et plomberie à Vif (Grenoble) | Avis - Renovbox",capé 38,https://renovbox.com/entreprise/cape-38,2026-06-05
renovbox.com,Caroff Bâtiment : second œuvre et rénovation à Clermont-Ferrand (63) | Avis - Renovbox,caroff bâtiment,https://renovbox.com/entreprise/caroff,2026-06-05
renovbox.com,Concept NF : bureau d'études thermiques et fluides à Isneauville (Rouen) | Avis - Renovbox,concept nf,https://renovbox.com/entreprise/concept-nf,2026-06-05
renovbox.com,"Courant Concept : panneaux solaires, bornes et électricité à Bermerain (59) | Avis - Renovbox",courant concept,https://renovbox.com/entreprise/courant-concept,2026-06-05
renovbox.com,DIMOé : bureau d'études énergie et audit énergétique au Havre | Avis - Renovbox,dimoé,https://renovbox.com/entreprise/dimoe,2026-06-05
renovbox.com,"DMS ELEC : panneaux solaires, bornes et électricité à Leyrieu (Isère) | Avis - Renovbox",dms elec,https://renovbox.com/entreprise/dms-elec,2026-06-05
renovbox.com,"Eco House 62, isolation et menuiseries RGE à Béthune (62) : avis - Renovbox",house 62 isolation,https://renovbox.com/entreprise/eco-house-62,2026-06-05
renovbox.com,,,https://renovbox.com/entreprise/elit-solar,2026-06-05
renovbox.com,"France Pro Energie (Elre) à Fronton (31) : photovoltaïque, climatisation, avis - Renovbox",france pro energie,https://renovbox.com/entreprise/elre,2026-06-05
renovbox.com,"Entreprise Sylvain Salleron : chauffage, climatisation et sanitaire à Périgueux | Avis - Renovbox",entreprise sylvain salleron,https://renovbox.com/entreprise/entreprise-sylvain-salleron,2026-06-05
renovbox.com,,,https://renovbox.com/entreprise/ets-schmitt-a,2026-06-05
renovbox.com,"Fenberg, menuisier RGE à Eckwersheim (67) : fenêtres, avis et showroom - Renovbox",menuisier rge eckwersheim,https://renovbox.com/entreprise/fenberg,2026-06-05
renovbox.com,"Isorobat à Saint-Gilles (35) : isolation par l'extérieur RGE, avis - Renovbox",isorobat saint gilles,https://renovbox.com/entreprise/isorobat,2026-06-05
renovbox.com,,,https://renovbox.com/entreprise/l-esprit-fermetures,2026-06-05
renovbox.com,"SARL Legeay François à Machecoul (44) : cheminées, poêles RGE et avis - Renovbox",legeay françois machecoul,https://renovbox.com/entreprise/legeay-francois,2026-06-05
renovbox.com,,,https://renovbox.com/entreprise/lk-platrerie,2026-06-05
renovbox.com,,,https://renovbox.com/entreprise/maria-tavares-architecte-oxala,2026-06-05
renovbox.com,"SARL Meiche.B, plombier chauffagiste RGE à L'Île-Bouchard (37) : avis - Renovbox",meiche plombier chauffagiste,https://renovbox.com/entreprise/meiche-b,2026-06-05
renovbox.com,,,https://renovbox.com/entreprise/menuiserie-sandron,2026-06-05
renovbox.com,"Metek, agence d'architecture et de design à Paris (75) : avis et projets - Renovbox",architecture design paris,https://renovbox.com/entreprise/metek,2026-06-05
renovbox.com,,,https://renovbox.com/entreprise/ms-alu-a-double-tour,2026-06-05
renovbox.com,,,https://renovbox.com/entreprise/pain-christophe,2026-06-05
renovbox.com,,,https://renovbox.com/entreprise/poele-a-bois-and-co,2026-06-05
renovbox.com,,,https://renovbox.com/entreprise/prior-fermetures,2026-06-05
renovbox.com,,,https://renovbox.com/entreprise/recharge-a-domicile,2026-06-05
renovbox.com,Menuiserie Brosse à Saint-Georges-de-Reneins (69) : fenêtres RGE et avis - Renovbox,saint georges reneins,https://renovbox.com/entreprise/sarl-a-brosse-agencement-ouvertures,2026-06-05
renovbox.com,"SARL Laurent à Haudainville (55) : plâtrerie, isolation RGE près de Verdun, avis - Renovbox",sarl laurent haudainville,https://renovbox.com/entreprise/sarl-laurent,2026-06-05
renovbox.com,"Studio Petra, agence d'architecture à Paris (75) : projets, rénovation, avis - Renovbox",petra agence architecture,https://renovbox.com/entreprise/studio-petra,2026-06-05
renovbox.com,"Prix d'un abattage d'arbre : tarifs, démarches et alternatives",prix abattage arbre,https://renovbox.com/prix-abattage-arbre,2026-06-05
revue-immo.com,Vendre une maison sous tutelle : délai et procédure,maison sous tutelle,https://revue-immo.com/vendre-bien-sous-tutelle,2026-06-05
stid-france.fr,Smic Australie 2025 : Quel Salaire Minimum et Augmentation ? 🇦🇺,smic australie 2025,https://stid-france.fr/smic-australie-2025,2026-06-05
top-maison-confort.fr,6 étapes pour se libérer du désordre dans la maison - top-maison-confort.fr,libérer désordre maison,https://top-maison-confort.fr/liberez-vous-du-desordre-maison,2026-06-05
top-maison-confort.fr,Organisez votre cuisine avec ces outils de meal prep - top-maison-confort.fr,organisez votre cuisine,https://top-maison-confort.fr/outils-meal-prep-organisation-cuisine,2026-06-05
topelevation.fr,Les nouveaux codes du design : comment créer un salon tendance et intemporel ? - Top Elevation,nouveaux codes design,https://topelevation.fr/decoration/les-nouveaux-codes-du-design,2026-06-05
topelevation.fr,Salon sans table basse : libère et réorganise ton espace,salon sans table,https://topelevation.fr/decoration/salon-sans-table-basse,2026-06-05
topelevation.fr,Taille olivier nuage : maîtrise la sculpture végétale,taille olivier nuage,https://topelevation.fr/decoration/taille-olivier-nuage,2026-06-05
topelevation.fr,pH bicarbonate de soude : découvre ses propriétés alcalines,ph bicarbonate soude,https://topelevation.fr/maison/ph-bicarbonate-de-soude,2026-06-05
topelevation.fr,Pompe filtration pour aquarium : optimise ta filtration,pompe filtration aquarium,https://topelevation.fr/maison/pompe-filtration-pour-aquarium,2026-06-05
topelevation.fr,Toilette acide chlorhydrique : comment l'utiliser sans risque,toilette acide chlorhydrique,https://topelevation.fr/maison/toilette-acide-chlorhydrique,2026-06-05
topelevation.fr,BigMat Haguenau : découvre tes matériaux de construction,bigmat haguenau,https://topelevation.fr/travaux/bigmat-haguenau,2026-06-05
travaux-astuces.fr,41 fruits et légumes à cultiver à l'ombre dans votre jardin - Travaux-astuces.fr,41 fruits légumes,https://travaux-astuces.fr/fruits-legumes-cultiver-ombre,2026-06-05
travaux-astuces.fr,10 idées pour créer un jardin aromatique chez soi - Travaux-astuces.fr,jardin aromatique chez,https://travaux-astuces.fr/idees-jardin-aromatique,2026-06-05
travaux-astuces.fr,Créer un potager en palette : 33 idées inspirantes - Travaux-astuces.fr,créer potager palette,https://travaux-astuces.fr/potager-en-palette-idees,2026-06-05
travaux-magazine.fr,Aménager sa chambre avec du microciment : conseils pratiques - Travaux-magazine.fr,sa chambre microciment,https://travaux-magazine.fr/microciment-chambre-amenagement,2026-06-05
www.3ehabitat.fr,Toiture tuiles prix m2 : le vrai budget d'un toit en 2026 - 3e habitat,tuiles prix m2,https://www.3ehabitat.fr/toiture-tuiles-prix-m2-le-vrai-budget-dun-toit-en-2026,2026-06-05
www.actu-immobilier.net,Cofidis client : accéder à votre espace prêt immobilier - Actu-Immobilier.net,cofidis client,https://www.actu-immobilier.net/cofidis-client-acceder-a-votre-espace-pret-immobilier,2026-06-05
www.agence-etoile.fr,FURNISHED STUDIO - METRO ROND POINT DU PRADO - Agence Etoile,furnished studio,https://www.agence-etoile.fr/en/property/furnished-studio-metro-rond-point-du-prado,2026-06-05
www.agence-etoile.fr,TYPE 3 - PROX COLLEGE CHEVREUL - Agence Etoile,type,https://www.agence-etoile.fr/en/property/type-3-prox-college-chevreul-2,2026-06-05
www.agence-etoile.fr,STUDIO MEUBLE - METRO ROND POINT DU PRADO - Agence Etoile,studio meuble,https://www.agence-etoile.fr/property/studio-meuble-metro-rond-point-du-prado,2026-06-05
www.agence-etoile.fr,TYPE 3 - PROX COLLEGE CHEVREUL - Agence Etoile,type,https://www.agence-etoile.fr/property/type-3-prox-college-chevreul,2026-06-05
www.agencedumoulin87.fr,Comment calculer le taux d endettement avant d emprunter - Agence du Moulin,taux endettement avant,https://www.agencedumoulin87.fr/comment-calculer-le-taux-d-endettement-avant-d-emprunter,2026-06-05
www.aidologement.com,Rénovation énergétique en 2026 : aides disponibles et solutions de chauffage durable - AidoLogement,rénovation énergétique 2026,https://www.aidologement.com/aerothermie,2026-06-05
www.aidologement.com,Fruit en j : les 10 noms pour gagner vos parties de jeux - AidoLogement,fruit,https://www.aidologement.com/fruit-en-j,2026-06-05
www.aidologement.com,Pourquoi investir dans un niveau laser plutôt qu'un outil de mesure traditionnel ? - AidoLogement,investir niveau laser,https://www.aidologement.com/pourquoi-investir-dans-un-niveau-laser-plutot-quun-outil-de-mesure-traditionnel,2026-06-05
www.akerys-immobilier.fr,Les meilleurs airbnb concurrent pour propriétaires exigeants - Aker Ys Immobilier,meilleurs airbnb concurrent,https://www.akerys-immobilier.fr/les-meilleurs-airbnb-concurrent-pour-proprietaires-exigeants,2026-06-05
www.akerys-immobilier.fr,Quel plan de maison privilégier pour construire avec un budget maîtrisé ? - Aker Ys Immobilier,privilégier construire budget,https://www.akerys-immobilier.fr/quel-plan-de-maison-privilegier-pour-construire-avec-un-budget-maitrise,2026-06-05
www.ameliorer-mon-logement.fr,"123 Net Immo : services, conseils et guide pratique",123 net immo,https://www.ameliorer-mon-logement.fr/123-net-immo-guide-complet,2026-06-05
www.ameliorer-mon-logement.fr,Peut-on commencer les travaux pendant le recours des tiers,peut on commencer,https://www.ameliorer-mon-logement.fr/peut-on-commencer-les-travaux-pendant-le-recours-des-tiers,2026-06-05
www.amv-immo.fr,Action Logement Mobili Jeune : Facilitez Votre Mobilité,logement mobili jeune,https://www.amv-immo.fr/action-logement-mobili-jeune-comment-beneficier-de-cette-aide-pour-faciliter-votre-mobilite,2026-06-05
www.amv-immo.fr,Action Logement 2026 : Guide pour profiter de ses aides,action logement 2026,https://www.amv-immo.fr/comment-contacter-action-logement-pour-beneficier-de-ses-aides-en-2026,2026-06-05
www.amv-immo.fr,Logements sociaux à Paris : bilan et avenir en 2026,logements sociaux paris,https://www.amv-immo.fr/logements-sociaux-a-paris-etat-des-lieux-et-perspectives-en-2026,2026-06-05
www.amv-immo.fr,Guide 2026 : Lettre de préavis logement simplifiée,2026,https://www.amv-immo.fr/tout-savoir-sur-la-lettre-de-preavis-pour-logement-en-2026,2026-06-05
www.astuceimmo.fr,Joint Placoplatre Parfait : Astuces Sans Bord Aminci,joint placoplatre parfait,https://www.astuceimmo.fr/joint-placo-rendu-parfait,2026-06-05
www.astuceimmo.fr,Les secrets et usages de la racine de palmier,usages racine palmier,https://www.astuceimmo.fr/racine-palmier-utilisations-2,2026-06-05
www.atlasimmobilier.com,Villa-Riad de Caractère in the heart of Marrakech's Palmeraie circuit,marrakech palmeraie circuit,https://atlasimmobilier.com/en/p/villa-riad-de-caractere-in-the-heart-of-marrakechs-palmeraie-circuit,2026-06-05
www.bambinsdeco.com,Nid d'abeille fenêtre : les solutions naturelles pour protéger votre maison,nid abeille fenêtre,https://www.bambinsdeco.com/nid-dabeille-fenetre,2026-06-05
www.blueprintforsafety.org,Crédit hypothécaire : comprendre le prêt financier pour sécuriser votre projet - Blueprint For Safety,crédit hypothécaire,https://www.blueprintforsafety.org/credit-hypothecaire-comprendre-le-pret-financier-pour-securiser-votre-projet,2026-06-05
www.blueprintforsafety.org,LCL acces : comprendre vos relevés et documents bancaires dématérialisés - Blueprint For Safety,lcl acces,https://www.blueprintforsafety.org/lcl-acces-comprendre-vos-releves-et-documents-bancaires-dematerialises,2026-06-05
www.burov.com,Décorer pomme de pin Noël : les 5 idées pour une ambiance naturelle,pomme pin noël,https://www.burov.com/decorer-pomme-de-pin-noel,2026-06-05
www.burov.com,Enlever le moisi sur du bois : les solutions naturelles et efficaces,enlever moisi bois,https://www.burov.com/enlever-le-moisi-sur-du-bois,2026-06-05
www.cabane-deco.fr,Guide express pour une déco balinaise chic,déco balinaise chic,https://www.cabane-deco.fr/decoration-balinaise,2026-06-05
www.cap-btp.com,Meubler petit balcon : les 10 astuces pour optimiser l'espace extérieur,meubler petit balcon,https://www.cap-btp.com/meubler-petit-balcon-2,2026-06-05
www.capitole-immobilier.fr,Prix réel extension maison 50m2 : témoignages et devis - CA PItole Immobilier,prix réel extension,https://www.capitole-immobilier.fr/prix-reel-extension-maison-50m2-temoignages-et-devis,2026-06-05
www.cercll.fr,Estimer son bien immobilier : méthodes et conseils avant de vendre,estimer son immobilier,https://www.cercll.fr/comment-estimer-la-valeur-de-son-bien-immobilier-avant-de-le-mettre-en-vente,2026-06-05
www.cht-immobilier.fr,Jonc de mer : avantages inconvénients pour votre intérieur - CHT Immobilier,jonc mer,https://www.cht-immobilier.fr/jonc-de-mer-avantages-inconvenients-pour-votre-interieur,2026-06-05
www.club-finance.fr,Optimiser ses coûts : la taxe sur les véhicules de sociétés expliquée - Club Finance,optimiser ses coûts,https://www.club-finance.fr/optimiser-ses-couts-la-taxe-sur-les-vehicules-de-societes-expliquee,2026-06-05
www.cnsee.org,Affichage obligatoire en entreprise : ce que dit le Code du travail - CNSEE Business,affichage obligatoire entreprise,https://www.cnsee.org/affichage-obligatoire-entreprise-que-dit-code-travail,2026-06-05
www.commentaider.fr,Chauffage : le bouton méconnu de votre clim qui coupe la facture jusqu’à 40 %,chauffage,https://www.commentaider.fr/chauffage-le-bouton-meconnu-de-votre-clim-qui-coupe-la-facture-jusqua-40,2026-06-05
www.commentaider.fr,Chauffage: le test de la bougie et l’astuce à 5 € pour traquer les fuites d’air,chauffage test bougie,https://www.commentaider.fr/chauffage-le-test-de-la-bougie-et-lastuce-a-5-e-pour-traquer-les-fuites-dair,2026-06-05
www.commentaider.fr,"Chine : un barrage aussi puissant que tout le nucléaire français, nouvelle arme géopolitique",chine,https://www.commentaider.fr/chine-un-barrage-aussi-puissant-que-tout-le-nucleaire-francais-nouvelle-arme-geopolitique,2026-06-05
www.commentaider.fr,"Heures chères, heures bon marché : en 2026, un ménage qui décale 30 % de sa consommation de 19h à la nuit peut réduire sa facture de près de 200 € par an, d’après les simulations publiées par JeChange et les grilles tarifaires 2026 d’EDF et d’Engie. Dans le même temps, un foyer qui concentre déjà 60 à 70 % de ses kWh sur le créneau 18h‑22h s’expose à une hausse nette, malgré la petite baisse officielle des tarifs réglementés en février 2026.",heures bon marché,https://www.commentaider.fr/heures-cheres-heures-bon-marche-en-2026-un-menage-qui-decale-30-de-sa-consommation-de-19h-a-la-nuit-peut-reduire-sa-facture-de-pres-de-200-e-par-an-dapres-les-simulations-publiees-par-j,2026-06-05
www.commentaider.fr,Quelle routine dentaire protège vraiment vos dents et votre budget,dents votre budget,https://www.commentaider.fr/quelle-routine-dentaire-protege-vraiment-vos-dents-et-votre-budget,2026-06-05
www.coquillagesclaude.fr,Fruits de mer : astuces pour un stockage sans eau,fruits mer,https://www.coquillagesclaude.fr/stockage-fruits-mer,2026-06-05
www.crdp-limousin.fr,Banques infos recours : guide complet pour contester et obtenir réparation auprès de votre banque - CRDP Limousin,banques infos recours,https://www.crdp-limousin.fr/finance/banques-infos-recours-guide-complet-contester-obtenir-reparation-aupres-votre-banque-2,2026-06-05
www.crdp-limousin.fr,ENT université d'Orléans : environnement numérique de travail et connexion - CRDP Limousin,ent université orléans,https://www.crdp-limousin.fr/formation/ent-universite-dorleans-environnement-numerique-travail-connexion,2026-06-05
www.espacecastillon.fr,Comment bien choisir son parasol pour profiter de son extérieur ? - Espace Castillon,profiter son extérieur,https://www.espacecastillon.fr/choisir-parasol-profiter-exterieur,2026-06-05
www.espacecastillon.fr,"Container de Stockage : Prix, Dimensions et Capacités",container stockage,https://www.espacecastillon.fr/container-stockage,2026-06-05
www.espacecastillon.fr,Comment Réparer un Ruban LED Coupé ou Endommagé ?,ruban led coupé,https://www.espacecastillon.fr/reparation-ruban-led-coupe,2026-06-05
www.evmag.fr,Électrification des flottes : quels sont les défis auxquels sont confrontées les agences de location de voiture ? - EV Mag,électrification flottes,https://www.evmag.fr/electrification-des-flottes-quels-sont-les-defis-auxquels-sont-confrontees-les-agences-de-location-de-voiture,2026-06-05
www.fivestars-thailand.com,1 bedroom spacious condo for rent in Sukhumvit - FiveStars Thailand,rent in sukhumvit,https://www.fivestars-thailand.com/en/rent/apartment-condo/bangkok/sukhumvit/nana-to-asoke/ABKK31699,2026-06-05
www.fivestars-thailand.com,Spacieux condominium 1 chambre à louer à Sukhumvit. - FiveStars Immobilier Thaïlande,spacieux condominium chambre,https://www.fivestars-thailand.com/fr/a-louer/appartement-condo/bangkok/sukhumvit/nana-a-asoke/ABKK31699,2026-06-05
www.greenwatt.fr,"edf enr mon compte : accéder, dépanner et gérer votre espace",edf enr mon,https://www.greenwatt.fr/edf-enr-mon-compte-connexion-problemes-utilite-espace,2026-06-05
www.gvu-immo.com,"Appartement à Aix-les-Bains (73100), 2 pièces, de 49m² à 580 €",aix bains 73100,https://www.gvu-immo.com/annonce/appartement-a-aix-les-bains-73100-2-pieces-11478,2026-06-05
www.gvu-immo.com,"Appartement à Chambéry (73000), 2 pièces, de 48m² à 952 €",appartement chambéry 73000,https://www.gvu-immo.com/annonce/appartement-a-chambery-73000-2-pieces-11489,2026-06-05
www.gvu-immo.com,"Appartement à Chambéry (73000), 4 pièces, de 74m² à 190 000 €",appartement chambéry 73000,https://www.gvu-immo.com/annonce/appartement-a-chambery-73000-4-pieces-11479,2026-06-05
www.gvu-immo.com,"Appartement à Chambéry (73000), 4 pièces, de 81m² à 918 €",appartement chambéry 73000,https://www.gvu-immo.com/annonce/appartement-a-chambery-73000-4-pieces-11487,2026-06-05
www.gvu-immo.com,"Appartement à Jacob-Bellecombette (73000), 1 pièces, de 17m² à 382 €",bellecombette 73000 pièces,https://www.gvu-immo.com/annonce/appartement-a-jacob-bellecombette-73000-1-pieces-11488,2026-06-05
www.gvu-immo.com,"Ferme à Méry (73420), 4 pièces, de 225m² à 280 000 €",méry 73420 pièces,https://www.gvu-immo.com/annonce/ferme-a-mery-73420-4-pieces-11490,2026-06-05
www.gvu-immo.com,"Immeuble à Le Bourget-du-Lac (73370), 2 pièces, de 44m² à 278 000 €",bourget lac 73370,https://www.gvu-immo.com/annonce/immeuble-a-le-bourget-du-lac-73370-2-pieces-11474,2026-06-05
www.gvu-immo.com,"Immeuble à Le Bourget-du-Lac (73370), 5 pièces, de 121m² à 670 000 €",immeuble bourget lac,https://www.gvu-immo.com/annonce/immeuble-a-le-bourget-du-lac-73370-5-pieces-11473,2026-06-05
www.gvu-immo.com,"Maison à Chambéry (73000), 10 pièces, de 253m² à 790 000 €",maison chambéry 73000,https://www.gvu-immo.com/annonce/maison-a-chambery-73000-10-pieces-11476,2026-06-05
www.gvu-immo.com,"Maison à Saint-Alban-de-Montbel (73610), 4 pièces, de 108m² à 170 000 €",maison saint alban,https://www.gvu-immo.com/annonce/maison-a-saint-alban-de-montbel-73610-4-pieces-11477,2026-06-05
www.gvu-immo.com,"Maison neuve à Crozet (01170), 4 pièces, de 103m² à 580 000 €",maison neuve crozet,https://www.gvu-immo.com/annonce/maison-neuve-a-crozet-01170-4-pieces-11481,2026-06-05
www.gvu-immo.com,"Maison neuve à Magland (74300), 4 pièces, de 87m² à 403 225 €",maison neuve magland,https://www.gvu-immo.com/annonce/maison-neuve-a-magland-74300-4-pieces-11485,2026-06-05
www.gvu-immo.com,"Maison neuve à Saint-Gervais-les-Bains (74170), 5 pièces, de 140m² à 676 000 €",maison neuve saint,https://www.gvu-immo.com/annonce/maison-neuve-a-saint-gervais-les-bains-74170-5-pieces-11482,2026-06-05
www.gvu-immo.com,"Maison neuve à Thyez (74300), 5 pièces, de 112m² à 582 821 €",maison neuve thyez,https://www.gvu-immo.com/annonce/maison-neuve-a-thyez-74300-5-pieces-11483,2026-06-05
www.gvu-immo.com,"Maison neuve à Thyez (74300), 5 pièces, de 120m² à 626 203 €",maison neuve thyez,https://www.gvu-immo.com/annonce/maison-neuve-a-thyez-74300-5-pieces-11484,2026-06-05
www.gvu-immo.com,"Studio à La Motte-Servolex (73290), 1 pièces, de 29m² à 572 €",studio motte servolex,https://www.gvu-immo.com/annonce/studio-a-la-motte-servolex-73290-1-pieces-11486,2026-06-05
www.gvu-immo.com,"Terrain à La Ravoire (73490), pièces, de 511m² à 195 000 €",ravoire 73490 pièces,https://www.gvu-immo.com/annonce/terrain-a-la-ravoire-73490-pieces-11480,2026-06-05
www.gvu-immo.com,Ferme : immobilier Méry,ferme,https://www.gvu-immo.com/immobilier/ferme/mery-73420,2026-06-05
www.habitat-groupe.be,🏡 **À la recherche des dernières familles – logements 2 et 3CH neufs disponibles** Présentation en présentiel du Cohousing The Reef le 14 juillet 2026 🤸🌳🌻 - Habitat Groupé Solidaire,recherche dernières familles,https://www.habitat-groupe.be/petites-annonces/creation-groupe/bruxelles/a-la-recherche-des-dernieres-familles-logements-2-et-3ch-neufs-disponibles-presentation-en-presentiel-du-cohousing-the-reef-le-14-juillet-2026,2026-06-05
www.habitat-groupe.be,🏡 **À la recherche des dernières familles – logements 2 et 3CH neufs disponibles** Présentation en présentiel du Cohousing The Reef le 30 juin 2026 🤸🌳🌻 - Habitat Groupé Solidaire,recherche dernières familles,https://www.habitat-groupe.be/petites-annonces/creation-groupe/bruxelles/a-la-recherche-des-dernieres-familles-logements-2-et-3ch-neufs-disponibles-presentation-en-presentiel-du-cohousing-the-reef-le-30-juin-2026,2026-06-05
www.habitat-groupe.be,🏡 **À la recherche des dernières familles – logements 2 et 3CH neufs disponibles** Présentation en présentiel du Cohousing The Reef le 9 juin 2026 🤸🌳🌻 - Habitat Groupé Solidaire,recherche dernières familles,https://www.habitat-groupe.be/petites-annonces/creation-groupe/bruxelles/a-la-recherche-des-dernieres-familles-logements-2-et-3ch-neufs-disponibles-presentation-en-presentiel-du-cohousing-the-reef-le-9-juin-2026,2026-06-05
www.habitat-groupe.be,Recherche terrain pour installer une yourte – Campagne namuroise (≈ 4 ans) - Habitat Groupé Solidaire,recherche terrain installer,https://www.habitat-groupe.be/petites-annonces/demandes-location/luxembourg/recherche-terrain-pour-installer-une-yourte-campagne-namuroise-%e2%89%88-4-ans,2026-06-05
www.habitat-groupe.be,Recherche de logement - Habitat Groupé Solidaire,recherche logement,https://www.habitat-groupe.be/petites-annonces/demandes-location/namur/recherche-de-logement,2026-06-05
www.habitat-groupe.be,Woning in De Okelaar te koop - Habitat Groupé Solidaire,woning in okelaar,https://www.habitat-groupe.be/petites-annonces/demandes-vente/autres-pays-regions/woning-in-de-okelaar-te-koop,2026-06-05
www.habitat-groupe.be,Chambre à sous-louer dans un tiers lieu - Habitat Groupé Solidaire,chambre sous louer,https://www.habitat-groupe.be/petites-annonces/offres-location/brabant-wallon/chambre-a-sous-louer-dans-un-tiers-lieu,2026-06-05
www.habitat-groupe.be,🏡 Le Presby'Terre à Chastre cherche ses futur.e.s habitant.e.s - Habitat Groupé Solidaire,cherche ses futur,https://www.habitat-groupe.be/petites-annonces/offres-location/brabant-wallon/le-presbyterre-a-chastre-cherche-ses-futur-e-s-habitant-e-s,2026-06-05
www.habitat-groupe.be,maison à partager - Habitat Groupé Solidaire,maison partager,https://www.habitat-groupe.be/petites-annonces/offres-location/brabant-wallon/maison-a-partager,2026-06-05
www.habitat-groupe.be,Emplacement temporaire pour tiny house - Habitat Groupé Solidaire,temporaire tiny house,https://www.habitat-groupe.be/petites-annonces/offres-location/flandre/emplacement-temporaire-pour-tiny-house,2026-06-05
www.habitat-groupe.be,Grande maison pour 4 avec jardin d'autonomie - Habitat Groupé Solidaire,maison jardin autonomie,https://www.habitat-groupe.be/petites-annonces/offres-location/luxembourg/grande-maison-pour-4-avec-jardin-dautonomie,2026-06-05
www.habitat-groupe.be,Trois appartements Á VENDRE dans un habitat groupé à Jemappes (Mons) - Habitat Groupé Solidaire,habitat groupé jemappes,https://www.habitat-groupe.be/petites-annonces/offres-vente/hainaut/trois-appartements-a-vendre-dans-un-habitat-groupe-a-jemappes-mons-2,2026-06-05
www.habitatparticipatif.net,Séparation prêt immobilier : les 4 solutions pour protéger votre patrimoine,séparation prêt immobilier,https://www.habitatparticipatif.net/separation-pret-immobilier,2026-06-05
www.hebertimmobilier.fr,Campanile Saint Herblain - Hôtel Restaurant Nantes Ouest,campanile saint herblain,https://www.hebertimmobilier.fr/immobilier/campanile-saint-herblain,2026-06-05
www.immob.biz,"Obtenir un prêt de consolidation de dettes avec un mauvais crédit, mission possible ? - Immo B",dettes mauvais crédit,http://www.immob.biz/obtenir-un-pret-de-consolidation-de-dettes-avec-un-mauvais-credit-mission-possible,2026-06-05
www.immorush.fr,Meilleur offre de cashback sur SCPI et pourquoi ce n'est pas Louve Invest ? - ImmoRush,cashback scpi pourquoi,https://www.immorush.fr/meilleur-offre-de-cashback-sur-scpi-et-pourquoi-ce-nest-pas-louve-invest,2026-06-05
www.jardipedia.com,Les meilleures idées déco pour moderniser son intérieur sans gros travaux,idées déco moderniser,https://www.jardipedia.com/decoration-interieur,2026-06-05
www.jardipedia.com,Cive : la plante aromatique est-elle un oignon ou une ciboulette ?,cive,https://www.jardipedia.com/qu-est-ce-que-la-cive-2,2026-06-05
www.la-loipinel.fr,,,https://www.la-loipinel.fr/quartier-a-eviter-a-la-reunion,2026-06-05
www.latabledelacitadelle.fr,Sablés Bretons : Le Secret du Goût Beurré,sablés bretons,https://www.latabledelacitadelle.fr/recette-sables-bretons,2026-06-05
www.leemo.fr,Parasol Géant : Choisir l’Indispensable pour Votre Terrasse,parasol géant,https://www.leemo.fr/bien-choisir-un-parasol-geant-de-terrasse,2026-06-05
www.leemo.fr,Kalidea : révolutionner la santé par l'innovation et l'expertise,kalidea,https://www.leemo.fr/kalidea-innovation-sante,2026-06-05
www.lejsd.com,Astrologie : ces 3 signes vont renouer avec un proche qu’ils pensaient avoir perdu – Le JSD,astrologie,https://www.lejsd.com/astrologie-3-signes-vont-renouer-proche-quils-pensaient-avoir-perdu,2026-06-05
www.lejsd.com,Astrologie : ces 4 signes vont recevoir une marque d’affection qui pourrait tout changer – Le JSD,astrologie,https://www.lejsd.com/astrologie-4-signes-vont-recevoir-marque-daffection-qui-pourrait-tout-changer,2026-06-05
www.lejsd.com,Astrologie : la chance financière pourrait enfin revenir pour ces 3 signes du zodiaque – Le JSD,astrologie,https://www.lejsd.com/astrologie-chance-financiere-pourrait-enfin-revenir-3-signes-zodiaque,2026-06-05
www.lejsd.com,L’immaturité émotionnelle : 5 signes pour la reconnaître et en sortir – Le JSD,immaturité émotionnelle,https://www.lejsd.com/limmaturite-emotionnelle-5-signes-reconnaitre-sortir,2026-06-05
www.ma-propriete.fr,exploitation agricole porcine à vendre dans le Finistère (29) | MA-PROPRIETE.FR,agricole porcine vendre,https://www.ma-propriete.fr/fr/agricole/porc/departement/finistere,2026-06-05
www.ma-propriete.fr,"Briec-sur-Odet, aux portes de Quimper – Exploitation porcine avec fort potentiel de développement | MA-PROPRIETE.FR",odet portes quimper,https://www.ma-propriete.fr/fr/agricole/porc/finistere/briec-sur-odet-aux-portes-de-quimper-exploitation-porcine-avec-fort-potentiel-de-developpement,2026-06-05
www.ma-propriete.fr,exploitation agricole porcine à vendre en Bretagne | MA-PROPRIETE.FR,exploitation agricole porcine,https://www.ma-propriete.fr/fr/agricole/porc/region/bretagne,2026-06-05
www.ma-propriete.fr,Centres équestres à vendre en Moselle (57) | MA-PROPRIETE.FR,équestres vendre moselle,https://www.ma-propriete.fr/fr/equestre/centres-equestres/departement/moselle,2026-06-05
www.ma-propriete.fr,A vendre Domaine équestre Haut-Rhin (68) - Achat | MA-PROPRIETE.FR,domaine équestre haut,https://www.ma-propriete.fr/fr/equestre/departement/haut-rhin,2026-06-05
www.ma-propriete.fr,Propriétés équestres à vendre dans le Haut-Rhin (68) | MA-PROPRIETE.FR,haut rhin 68,https://www.ma-propriete.fr/fr/equestre/proprietes-equestres/departement/haut-rhin,2026-06-05
www.ma-propriete.fr,Propriete à vendre 10 pièces AUBIGNY (79) Terrain 27 715 m² | MA-PROPRIETE.FR,aubigny 79 terrain,https://www.ma-propriete.fr/fr/equestre/proprietes-equestres/deux-sevres/propriete-a-vendre-10-pieces-aubigny-79-terrain-27-715-m2-1,2026-06-05
www.ma-propriete.fr,Beau domaine pour passionnés de chevaux quartier maraîcher à Colmar | MA-PROPRIETE.FR,chevaux quartier maraîcher,https://www.ma-propriete.fr/fr/equestre/proprietes-equestres/haut-rhin/beau-domaine-pour-passionnes-de-chevaux-quartier-maraicher-a-colmar,2026-06-05
www.ma-propriete.fr,"Propriété d'exception 6,4 hectares vue dominante | MA-PROPRIETE.FR",hectares vue dominante,https://www.ma-propriete.fr/fr/equestre/proprietes-equestres/saone-et-loire/propriete-dexception-6-4-hectares-vue-dominante,2026-06-05
www.ma-propriete.fr,Magnifique propriété en pierre avec vue panoramique et install | MA-PROPRIETE.FR,magnifique propriété pierre,https://www.ma-propriete.fr/fr/equestre/proprietes-equestres/var/magnifique-propriete-en-pierre-avec-vue-panoramique-et-install,2026-06-05
www.ma-propriete.fr,Propriété forestière avec bâtis et source au coeur du massif des Maures | MA-PROPRIETE.FR,propriété forestière bâtis,https://www.ma-propriete.fr/fr/forestiere/bois-et-forets/var/propriete-forestiere-avec-batis-et-source-au-coeur-du-massif-des-maures,2026-06-05
www.ma-propriete.fr,Propriete à vendre 7 pièces SELLES SUR CHER (41) | MA-PROPRIETE.FR,pièces selles cher,https://www.ma-propriete.fr/fr/forestiere/etangs/loir-et-cher/propriete-a-vendre-7-pieces-selles-sur-cher-41-1,2026-06-05
www.ma-propriete.fr,Espace presse — Maisons de campagne 2026 | ma-propriete.fr,espace presse maisons,https://www.ma-propriete.fr/fr/pages/espace-presse-maisons-de-campagne,2026-06-05
www.ma-propriete.fr,"Immobilier de prestige à vendre Val-d'Oise, achat prestige | MA-PROPRIETE.FR",immobilier prestige vendre,https://www.ma-propriete.fr/fr/prestige/departement/val-doise,2026-06-05
www.ma-propriete.fr,Corps de ferme avec Maison bourgeoise à vendre - Au nord de Soissons (02 Aisne) (14km) – maison de 335 m² hb-6 chambres - Dépendances - Garages – Hangars- Idéal entrepreneur-Artisan - Terrain 1.18ha | MA-PROPRIETE.FR,ferme maison bourgeoise,https://www.ma-propriete.fr/fr/prestige/maison-de-maitre-belle-demeure/aisne/corps-de-ferme-avec-maison-bourgeoise-a-vendre-au-nord-de-soissons-02-aisne-14km-maison-de-335-m2-hb-6-chambres-dependances-garages-hangars-ideal-entrepreneur-artisan-terrain-1-18ha-1,2026-06-05
www.ma-propriete.fr,"Villa 3 suites avec rentabilité locative prouvée à vendre Saint-François, Guadeloupe (971) | MA-PROPRIETE.FR",villa suites rentabilité,https://www.ma-propriete.fr/fr/prestige/maison-de-maitre-belle-demeure/guadeloupe/villa-3-suites-avec-rentabilite-locative-prouvee-a-vendre-saint-francois-guadeloupe-971,2026-06-05
www.ma-propriete.fr,Splendide: Grange à transformer à La Vinzelle (12) | MA-PROPRIETE.FR,grange transformer vinzelle,https://www.ma-propriete.fr/fr/rurale/ferme-grange-mas/aveyron/splendide-grange-a-transformer-a-la-vinzelle-12,2026-06-05
www.ma-propriete.fr,"Propriété Corps de Ferme, 3 batisses en pierre, Batiments agricoles, gite & habitation de Qualité, proche LE PERCHE, ALENCON, 2h00 de PARIS, 45 Min LE MANS, 1h CAEN | MA-PROPRIETE.FR",ferme batisses pierre,https://www.ma-propriete.fr/fr/rurale/ferme-grange-mas/orne/propriete-corps-de-ferme-3-batisses-en-pierre-batiments-agricoles-gite-habitation-de-qualite-proche-le-perche-alencon-2h00-de-paris-45-min-le-mans-1h-caen,2026-06-05
www.ma-propriete.fr,"Propriété de caractère avec dépendances, piscine couverte et | MA-PROPRIETE.FR",caractère dépendances piscine,https://www.ma-propriete.fr/fr/rurale/maison-de-campagne/vienne/propriete-de-caractere-avec-dependances-piscine-couverte-et,2026-06-05
www.ma-propriete.fr,Grands Gîtes avec Maison d'Habitation - ROSNOEN (29) | MA-PROPRIETE.FR,grands gîtes maison,https://www.ma-propriete.fr/fr/touristique/gites/finistere/grands-gites-avec-maison-dhabitation-rosnoen-29,2026-06-05
www.ma-propriete.fr,"Trés belle propriété avec un gite sur 2,2 hectares | MA-PROPRIETE.FR",propriété gite hectares,https://www.ma-propriete.fr/fr/touristique/gites/haute-vienne/tres-belle-propriete-avec-un-gite-sur-2-2-hectares,2026-06-05
www.magazine-slr.fr,Comment créer une EURL en ligne en 2026 étape par étape ? - Magazine SLR,ligne 2026 étape,https://www.magazine-slr.fr/comment-creer-une-eurl-en-ligne-en-2026-etape-par-etape,2026-06-05
www.master-patrimoine.fr,Prélèvement CNP EV : explication et que faire,prélèvement cnp ev,https://www.master-patrimoine.fr/cnp-ev-prelevement,2026-06-05
www.master-patrimoine.fr,Trésorerie indépendant : pilotez vos flux efficacement,trésorerie indépendant,https://www.master-patrimoine.fr/comitedesfetes-saumur-fr-business-finance,2026-06-05
www.metiersdart-artisanat.com,Rénovation maison : comment bien suivre ses travaux sans stress,rénovation maison,https://www.metiersdart-artisanat.com/renovation-maison-comment-bien-suivre-ses-travaux-sans-stress,2026-06-05
www.monconseillerimmo.com,Comment comparer efficacement les critères essentiels pour choisir une villa à vendre à Cannes en 2026 ? - Mon Conseiller Immo,villa vendre cannes,https://www.monconseillerimmo.com/comment-comparer-efficacement-les-criteres-essentiels-pour-choisir-une-villa-a-vendre-a-cannes-en-2026,2026-06-05
www.monde-immobilier.com,Stocker ses affaires à Angers sans stress pendant un déménagement - Monde Immobilier,stocker ses affaires,https://www.monde-immobilier.com/stocker-ses-affaires-a-angers-sans-stress-pendant-un-demenagement,2026-06-05
www.ohm-immobilier.fr,Comment un promoteur repère un terrain intéressant ? - OH Magazine,promoteur repère terrain,https://www.ohm-immobilier.fr/comment-un-promoteur-repere-un-terrain-interessant,2026-06-05
www.ohm-immobilier.fr,Rachat de credit cofidis : comment réduire vos mensualités - OH Magazine,rachat credit cofidis,https://www.ohm-immobilier.fr/rachat-de-credit-cofidis-comment-reduire-vos-mensualites,2026-06-05
www.ohm-immobilier.fr,Top 3 des meilleurs constructeurs de maisons dans le Sud-Est en 2026 - OH Magazine,constructeurs maisons sud,https://www.ohm-immobilier.fr/top-3-des-meilleurs-constructeurs-de-maisons-dans-le-sud-est-en-2026,2026-06-05
www.ohm-immobilier.fr,Trouver son agence immobilière en 2026 : pourquoi les acheteurs interrogent ChatGPT avant SeLoger - OH Magazine,agence immobilière 2026,https://www.ohm-immobilier.fr/trouver-son-agence-immobiliere-en-2026-pourquoi-les-acheteurs-interrogent-chatgpt-avant-seloger,2026-06-05
www.perpignan-immobilier.fr,Century21 Colombes : Prix et Quartiers en 2026 - Perpignan Immobilier,century21 colombes,https://www.perpignan-immobilier.fr/century21-colombes-prix-et-quartiers-en-2026,2026-06-05
www.photy.fr,5 idées de lieux pour organiser un séminaire -,lieux organiser séminaire,https://www.photy.fr/5-idees-de-lieux-pour-organiser-un-seminaire,2026-06-05
www.revue-fonciere.com,Meilleur fournisseur d'électricité pour votre logement en 2026 - Revue Foncière,électricité votre logement,https://www.revue-fonciere.com/meilleur-fournisseur-delectricite-pour-votre-logement-en-2026,2026-06-05
www.revue-fonciere.com,Optimiser la vente : l'impact des panneaux immobiliers - Revue Foncière,optimiser vente,https://www.revue-fonciere.com/optimiser-la-vente-limpact-des-panneaux-immobiliers,2026-06-05
www.studimmo.fr,Art 1583 du code civil : ce que dit la loi en immobilier - Studimmo,art 1583 code,https://www.studimmo.fr/art-1583-du-code-civil-ce-que-dit-la-loi-en-immobilier,2026-06-05
www.tropheesdelamaison.com,Joint époxy sur joint existant en cuisine : astuces anti-taches durables - Les Trophées de la Maison,joint existant cuisine,https://www.tropheesdelamaison.com/joint-epoxy-sur-joint-existant-en-cuisine-astuces-anti-taches-durables,2026-06-05
www.tropheesdelamaison.com,Les meilleures tables de massage pour les soins de relaxation et de bien-être - Les Trophées de la Maison,meilleures tables massage,https://www.tropheesdelamaison.com/les-meilleures-tables-de-massage-pour-les-soins-de-relaxation-et-de-bien-etre,2026-06-05
www.usineadesign.com,Fibre fourreau bouché domaine privé : les solutions pour débloquer votre raccordement,fibre fourreau bouché,https://www.usineadesign.com/fibre-fourreau-bouche-domaine-prive,2026-06-05
www.vivonsmaison.com,Qualité de l’eau du robinet : comment la vérifier chez soi ? - Vivons Maison,qualité eau robinet,https://www.vivonsmaison.com/qualite-de-leau-du-robinet-comment-la-verifier-chez-soi,2026-06-05
www.vudailleurs.com,Japon–Corée du Sud : un rapprochement stratégique face à la crise énergétique et aux tensions régionales,japon corée sud,https://www.vudailleurs.com/japon-coree-sud-rapprochement-strategique-energie-securite,2026-06-05
www.vudailleurs.com,Japon : l’alerte monte face aux ours “urbains” après la fuite d’un animal jugé extrêmement intelligent,japon,https://www.vudailleurs.com/japon-ours-intelligent-fukushima-attaques-augmentation-2026,2026-06-05
www.vudailleurs.com,"Japon : SMBC, Fujitsu et SoftBank lancent une plateforme de santé IA pour sauver le système médical",japon,https://www.vudailleurs.com/japon-smbc-fujitsu-softbank-plateforme-sante-ia-2026,2026-06-05
www.vudailleurs.com,"Rachat de SFR : un accord à 20,35 milliards fragilisé par une fuite des talents",rachat sfr,https://www.vudailleurs.com/rachat-sfr-2026-fuite-talents-orange-bouygues-iliad,2026-06-05
www.vudailleurs.com,SoftBank mise 75 milliards d’euros sur l’IA en France : un tournant stratégique pour l’Europe,softbank mise 75,https://www.vudailleurs.com/softbank-investissement-ia-france-data-centers-choose-france,2026-06-05
www.vudailleurs.com,Archives des Soins de santé FinTech Smartphones Applications IA Junichi Miyakawa - Vudailleurs.com,santé fintech smartphones,https://www.vudailleurs.com/tag/soins-de-sante-fintech-smartphones-applications-ia-junichi-miyakawa,2026-06-05
www.vudailleurs.com,"Bruno Clément-Bollée : Au Mali, l’heure des comptes !",bruno clément bollée,https://www.vudailleurs.com/tribune-crise-securitaire-mali-2026-bruno-clement-bollee,2026-06-05
www.vudailleurs.com,Middlesbrough : la ville industrielle du North Yorkshire qui surprend et séduit les voyageurs,middlesbrough,https://www.vudailleurs.com/visiter-middlesbrough-north-yorkshire-ville-industrielle-tourisme,2026-06-05
