domain,title,keyword_keybert,url,detected_on
123-deco.fr,Aménager un appartement sous les toits : idées créatives - 132-deco.fr,aménager appartement sous,https://123-deco.fr/amenagement-appartement-sous-toits,2026-08-27
123-deco.fr,Aménager un jardin privé et ombragé - 132-deco.fr,aménager jardin privé,https://123-deco.fr/amenagement-jardin-prive-ombre,2026-08-27
123-deco.fr,Aménager votre terrasse en 5 étapes simples - 132-deco.fr,votre terrasse étapes,https://123-deco.fr/amenagement-terrasse-simple,2026-08-27
123-deco.fr,Découvrez comment intégrer un bar design dans votre décoration accessible - 132-deco.fr,bar design votre,https://123-deco.fr/bar-design-accessible-deco,2026-08-27
123-deco.fr,Transformez votre patio avec ces idées créatives - 132-deco.fr,transformez votre patio,https://123-deco.fr/designs-patio-creatifs,2026-08-27
123-deco.fr,Idées de dining en extérieur pour un été convivial - 132-deco.fr,dining extérieur été,https://123-deco.fr/idees-dining-exterieur,2026-08-27
123-deco.fr,Aménagez votre jardin avec ces idées de gazebo apaisantes - 132-deco.fr,idées gazebo apaisantes,https://123-deco.fr/idees-gazebo-jardin-detente,2026-08-27
123-deco.fr,20 idées pour aménager un lounge de sous-sol chaleureux - 132-deco.fr,lounge sous sol,https://123-deco.fr/idees-lounge-sous-sol,2026-08-27
123-deco.fr,30 idées modernes de maisons conteneurs à adopter - 132-deco.fr,maisons conteneurs adopter,https://123-deco.fr/idees-maisons-conteneurs-modernes,2026-08-27
123-deco.fr,35 idées de rambarde de terrasse pour tous les styles - 132-deco.fr,rambarde terrasse,https://123-deco.fr/idees-rambarde-terrasse,2026-08-27
123-deco.fr,20 idées de terrasses en composite pour embellir votre extérieur - 132-deco.fr,idées terrasses composite,https://123-deco.fr/idees-terrasses-composite,2026-08-27
123-deco.fr,Créer une terrasse flottante autour d'un arbre pour un jardin moderne - 132-deco.fr,arbre jardin moderne,https://123-deco.fr/terrasse-flottante-autour-arbre,2026-08-27
abrirama.fr,Chauffage domestique : voici les 10 meilleures marques de poêles à granulés du moment - Abrirama,chauffage domestique,https://www.abrirama.fr/chauffage-domestique-voici-les-10-meilleures-marques-de-poeles-a-granules-du-moment.html,2026-08-27
abrirama.fr,Garage ou sous-sol : quel aménagement choisir ? - Abrirama,garage sous sol,https://www.abrirama.fr/garage-sous-sol-quel-amenagement-choisir.html,2026-08-27
abrirama.fr,Insecte noir : les 4 espèces les plus fréquemment observées - Abrirama,insecte noir,https://www.abrirama.fr/insecte-noir.html,2026-08-27
appart-garden.com,🔨 Comment réaliser une ceinture béton pour piscine coque ? 💧,béton piscine coque,https://appart-garden.com/ceinture-beton-piscine,2026-08-27
appart-garden.com,🔍 Comment vérifier l'état de votre charpente facilement ?,état votre charpente,https://appart-garden.com/charpente-bon-etat,2026-08-27
appart-garden.com,🪴 Yucca au tronc mou : Causes et solutions pour le sauver 🌿,yucca tronc mou,https://appart-garden.com/yucca-tronc-mou-2,2026-08-27
architecture-madagascar.com,Comment nettoyer un baromètre à cristaux sans altérer son contenu,nettoyer baromètre cristaux,http://architecture-madagascar.com/comment-nettoyer-un-barometre-a-cristaux-sans-alterer-son-contenu,2026-08-27
architecture-madagascar.com,Tirelire chat : le cadeau parfait pour les amoureux des félins,tirelire chat,http://architecture-madagascar.com/tirelire-chat-le-cadeau-parfait-pour-les-amoureux-des-felins,2026-08-27
ardentes-berry-immobilier.fr,Quartiers à éviter Aix-en-Provence | Guide Sécurité 2026,quartiers éviter aix,https://ardentes-berry-immobilier.fr/immobilier/quartier-a-eviter-aix-en-provence,2026-08-27
ardentes-berry-immobilier.fr,Quartiers à éviter à Mantes-la-Jolie | Guide 2026 pro,quartiers éviter mantes,https://ardentes-berry-immobilier.fr/immobilier/quartiers-a-eviter-mantes-la-jolie,2026-08-27
ardentes-berry-immobilier.fr,Investir dans le vignoble en 2026 | Guide et Avis Pro,investir vignoble 2026,https://ardentes-berry-immobilier.fr/investissement/investir-vignoble,2026-08-27
art-pluriel.fr,Bouton poussoir douche : fonctionnement et installation expliqués,bouton poussoir douche,https://art-pluriel.fr/bouton-poussoir-douche,2026-08-27
artisan-conseils.fr,,,https://artisan-conseils.fr/decoration-murale-cuisine-moderne-rustique,2026-08-27
artisan-conseils.fr,Comment choisir des étagères au style industriel pour votre intérieur - Artisan-conseils.fr,étagères style industriel,https://artisan-conseils.fr/etagere-style-industriel,2026-08-27
artisan-conseils.fr,15 astuces créatives pour recycler vos meubles IKEA en style Japandi - Artisan-conseils.fr,ikea style japandi,https://artisan-conseils.fr/hacks-ikea-style-japandi,2026-08-27
artisan-conseils.fr,Idées créatives pour aménager votre salle de gaming - Artisan-conseils.fr,votre salle gaming,https://artisan-conseils.fr/idees-amenagement-salle-gaming,2026-08-27
artisan-conseils.fr,30 idées de fruitières murales pour votre cuisine créative - Artisan-conseils.fr,fruitières murales votre,https://artisan-conseils.fr/idees-fruitieres-murales-cuisine,2026-08-27
artisan-conseils.fr,Idées Ikea Eket pour une organisation optimale - Artisan-conseils.fr,ikea eket organisation,https://artisan-conseils.fr/idees-ikea-eket-organisation,2026-08-27
artisan-conseils.fr,25 idées géniales pour organiser votre garage et optimiser l'espace - Artisan-conseils.fr,organiser votre garage,https://artisan-conseils.fr/idees-organisation-garage,2026-08-27
artisan-conseils.fr,,,https://artisan-conseils.fr/meubles-en-palettes-idees-creatives,2026-08-27
artisan-conseils.fr,,,https://artisan-conseils.fr/placards-ouverts-cuisine-aerienne,2026-08-27
artisan-conseils.fr,,,https://artisan-conseils.fr/porte-plantes-mid-century-modern,2026-08-27
artisan-conseils.fr,,,https://artisan-conseils.fr/transformer-ancienne-porte-meuble,2026-08-27
artisan-conseils.fr,,,https://artisan-conseils.fr/upcycling-vieux-meubles,2026-08-27
audricdecock.fr,Éclairage d'automne : réchauffer son intérieur,éclairage automne,https://audricdecock.fr/eclairage-automne-rechauffer-son-interieur,2026-08-27
audricdecock.fr,Tailler sa haie en fin d'été : période et méthode,tailler sa haie,https://audricdecock.fr/tailler-sa-haie-fin-ete-periode-technique,2026-08-27
batiment-actualites.fr,Construire une maison : conseils pratiques pour débuter - batiment-actualites.fr,construire maison,https://batiment-actualites.fr/construction-maison-conseils,2026-08-27
batiment-actualites.fr,"Les couleurs extérieures tendances 2026 : le greige, l'alliance parfaite du gris et du beige - batiment-actualites.fr",extérieures tendances 2026,https://batiment-actualites.fr/couleurs-exterieures-greige-2026,2026-08-27
batiment-actualites.fr,Construisez une extension en ossature bois à Montigny-en-Gohelle - batiment-actualites.fr,bois montigny gohelle,https://batiment-actualites.fr/extension-ossature-bois-montigny-en-gohelle,2026-08-27
batiment-actualites.fr,Inspirations pour une façade en ossature bois - batiment-actualites.fr,façade ossature bois,https://batiment-actualites.fr/facade-maison-ossature-bois,2026-08-27
batiment-actualites.fr,Découvrez des logements atypiques pour des séjours inoubliables - batiment-actualites.fr,découvrez logements atypiques,https://batiment-actualites.fr/logements-atypiques-sejours-uniques,2026-08-27
batiment-actualites.fr,Découvrez les avantages des piscines naturelles pour votre jardin - batiment-actualites.fr,naturelles votre jardin,https://batiment-actualites.fr/piscines-naturelles-jardin-ecologique,2026-08-27
batiment-actualites.fr,Découvrez nos réalisations de maisons en photos et vidéos - batiment-actualites.fr,réalisations maisons photos,https://batiment-actualites.fr/realisations-maisons-photos-videos,2026-08-27
ccae.fr,ADL Immobilier à Toulouse : Avis et Services Offerts 🏡,adl immobilier toulouse,https://ccae.fr/adl-immobilier,2026-08-27
ccae.fr,"Efficity : Estimation Immobilière et Avis Clients, Découvrez ! 🏡",efficity,https://ccae.fr/efficity,2026-08-27
cerclemediateursbancaires.fr,Alerte pension : vérifiez d'urgence si le montant de votre retraite vous place sur la liste noire du prochain gel - CMB,alerte pension,https://cerclemediateursbancaires.fr/alerte-pension-verifiez-durgence-si-le-montant-de-votre-retraite-vous-place-sur-la-liste-noire-du-prochain-gel,2026-08-27
cerclemediateursbancaires.fr,Alerte sur votre relevé de carrière : pourquoi ce banal stage de 6 mois pourrait brutalement repousser votre départ à la retraite - CMB,votre relevé carrière,https://cerclemediateursbancaires.fr/alerte-sur-votre-releve-de-carriere-pourquoi-ce-banal-stage-de-6-mois-pourrait-brutalement-repousser-votre-depart-a-la-retraite,2026-08-27
cerclemediateursbancaires.fr,Compte dans le rouge après l'été : ces 3 gestes d'urgence vont vous sauver des prélèvements de septembre - CMB,rouge après été,https://cerclemediateursbancaires.fr/compte-dans-le-rouge-apres-lete-ces-3-gestes-durgence-vont-vous-sauver-des-prelevements-de-septembre,2026-08-27
cerclemediateursbancaires.fr,Des centaines d'euros volatilisés avant la reprise ? Le secret de rattrapage pour renflouer votre compte hors délai - CMB,rattrapage renflouer votre,https://cerclemediateursbancaires.fr/des-centaines-deuros-volatilises-avant-la-reprise-le-secret-de-rattrapage-pour-renflouer-votre-compte-hors-delai,2026-08-27
cerclemediateursbancaires.fr,"En voulant bloquer une énième tentative de hameçonnage sur mon mobile au retour des vacances, je me suis bêtement infligé une facture cinq fois plus lourde - CMB",hameçonnage mon mobile,https://cerclemediateursbancaires.fr/en-voulant-bloquer-une-enieme-tentative-de-hameconnage-sur-mon-mobile-au-retour-des-vacances-je-me-suis-betement-inflige-une-facture-cinq-fois-plus-lourde,2026-08-27
cerclemediateursbancaires.fr,Immobilier de montagne : ces 5 stations secrètes où vous devez investir d'urgence avant le boom des JO 2030 - CMB,immobilier montagne,https://cerclemediateursbancaires.fr/immobilier-de-montagne-ces-5-stations-secretes-ou-vous-devez-investir-durgence-avant-le-boom-des-jo-2030,2026-08-27
cerclemediateursbancaires.fr,J'ai atteint l'âge légal et j'ai voulu partir tout de suite : ce que le conseiller retraite m'a montré sur mon relevé m'a fait repousser mon départ de deux ans - CMB,atteint âge légal,https://cerclemediateursbancaires.fr/jai-atteint-lage-legal-et-jai-voulu-partir-tout-de-suite-ce-que-le-conseiller-retraite-ma-montre-sur-mon-releve-ma-fait-repousser-mon-depart-de-deux-ans,2026-08-27
cerclemediateursbancaires.fr,"J'ai ouvert un compte en ligne pour la carte gratuite : trois mois plus tard, un prélèvement de 3 € est tombé sans prévenir - CMB",ligne carte gratuite,https://cerclemediateursbancaires.fr/jai-ouvert-un-compte-en-ligne-pour-la-carte-gratuite-trois-mois-plus-tard-un-prelevement-de-3-e-est-tombe-sans-prevenir,2026-08-27
cerclemediateursbancaires.fr,"J'ai reçu 8 700 € de l'Agirc-Arrco sans rien demander : quand j'ai compris pourquoi, j'ai relu 20 ans de relevés - CMB",sans rien demander,https://cerclemediateursbancaires.fr/jai-recu-8-700-e-de-lagirc-arrco-sans-rien-demander-quand-jai-compris-pourquoi-jai-relu-20-ans-de-releves,2026-08-27
cerclemediateursbancaires.fr,Mon père a toujours dit qu'il était un petit retraité : j'ai ri jusqu'au jour où j'ai vu le seuil retenu par le gouvernement - CMB,était petit retraité,https://cerclemediateursbancaires.fr/mon-pere-a-toujours-dit-quil-etait-un-petit-retraite-jai-ri-jusquau-jour-ou-jai-vu-le-seuil-retenu-par-le-gouvernement,2026-08-27
cerclemediateursbancaires.fr,"On s'obstine tous à regarder la lettre de son DPE, alors que dès 2027 c'est ce qui l'accompagne qui décidera du prix - CMB",dès 2027 est,https://cerclemediateursbancaires.fr/on-sobstine-tous-a-regarder-la-lettre-de-son-dpe-alors-que-des-2027-cest-ce-qui-laccompagne-qui-decidera-du-prix,2026-08-27
cerclemediateursbancaires.fr,Retirer des espèces à la banque : le geste du quotidien qui va totalement changer sans prévenir - CMB,retirer espèces banque,https://cerclemediateursbancaires.fr/retirer-des-especes-a-la-banque-le-geste-du-quotidien-qui-va-totalement-changer-sans-prevenir,2026-08-27
cerclemediateursbancaires.fr,Sortie de passoire thermique : la mauvaise surprise qui gèle l'augmentation de votre loyer - CMB,sortie passoire thermique,https://cerclemediateursbancaires.fr/sortie-de-passoire-thermique-la-mauvaise-surprise-qui-gele-laugmentation-de-votre-loyer,2026-08-27
cgt-76.fr,Gris Anthracite : Astuces Déco pour un Intérieur Élégant ! 🖌️,gris anthracite,https://cgt-76.fr/gris-anthracite,2026-08-27
cgt-76.fr,"Logiciel Archline : Avis, Prix et BIM pour Architecture Pro 🚀",logiciel archline,https://cgt-76.fr/logiciel-archline,2026-08-27
cgt-76.fr,Mon Portail Securitas : Accédez Facilement à Vos Informations ! 🔒,mon portail securitas,https://cgt-76.fr/mon-portail-securitas,2026-08-27
chantier-expert.fr,,,https://chantier-expert.fr/boite-a-musique-deco-vintage,2026-08-27
chantier-expert.fr,Découvrez les carillons en coquillages inspirés de la Méditerranée - Chantier-expert.fr,carillons coquillages inspirés,https://chantier-expert.fr/carillons-coquillages-mediterraneens,2026-08-27
chantier-expert.fr,,,https://chantier-expert.fr/carillons-vent-diy-deco-jardin,2026-08-27
chantier-expert.fr,,,https://chantier-expert.fr/creations-lumineuses-bougies-deco,2026-08-27
chantier-expert.fr,,,https://chantier-expert.fr/deco-carillons-interieur,2026-08-27
chantier-expert.fr,Décorez votre jardin pour Noël avec ces idées originales - Chantier-expert.fr,votre jardin noël,https://chantier-expert.fr/decorations-jardin-noel,2026-08-27
chantier-expert.fr,,,https://chantier-expert.fr/miroirs-floraux-deco-interieur,2026-08-27
chantier-expert.fr,,,https://chantier-expert.fr/mobile-bambou-decoration-interieur,2026-08-27
chantier-expert.fr,,,https://chantier-expert.fr/mobile-en-perles-de-verre,2026-08-27
chantier-expert.fr,,,https://chantier-expert.fr/mobile-en-verre-mer-ecossais,2026-08-27
chantier-expert.fr,,,https://chantier-expert.fr/objets-deco-alternatives-disponibles,2026-08-27
deco-et-vous.fr,Créez un bac sensoriel d'Halloween pour éveillez les sens - Deco-et-vous.fr,sensoriel halloween éveillez,https://deco-et-vous.fr/bac-sensoriel-halloween,2026-08-27
deco-et-vous.fr,Blanchir des pommes de pin pour un centre de table chic - Deco-et-vous.fr,blanchir pommes pin,https://deco-et-vous.fr/blanchir-pommes-de-pin-centre-table,2026-08-27
deco-et-vous.fr,Créez votre décoration de Noël avec des bonhommes en pain d'épice personnalisés - Deco-et-vous.fr,votre décoration noël,https://deco-et-vous.fr/bonhomme-pain-epice-noel-personnalise,2026-08-27
deco-et-vous.fr,Des créations féériques pour une saison des fêtes réussie - Deco-et-vous.fr,saison fêtes réussie,https://deco-et-vous.fr/creations-festives-hiver-decoration,2026-08-27
deco-et-vous.fr,Découvrez comment décorer votre table pour un Noël bohème - Deco-et-vous.fr,décorer votre table,https://deco-et-vous.fr/decoration-table-noel-boheme,2026-08-27
deco-et-vous.fr,Idées créatives de décorations de Noël en pot en terre cuite - Deco-et-vous.fr,créatives décorations noël,https://deco-et-vous.fr/decorations-noel-pots-terre-cuite,2026-08-27
deco-et-vous.fr,Emballage de déménagement : quel matériau choisir ?,emballage déménagement,https://deco-et-vous.fr/emballage-demenagement,2026-08-27
deco-et-vous.fr,Comment organiser une fête d'Halloween en plein air ? - Deco-et-vous.fr,organiser fête halloween,https://deco-et-vous.fr/fete-halloween-plein-air,2026-08-27
deco-et-vous.fr,Créez une ambiance d'Halloween bohème dans votre maison - Deco-et-vous.fr,halloween bohème votre,https://deco-et-vous.fr/idees-de-fete-halloween-boheme,2026-08-27
deco-et-vous.fr,Jouez avec les idées de décoration pour les fêtes - Deco-et-vous.fr,jouez idées décoration,https://deco-et-vous.fr/idees-decoration-fetes-boheme,2026-08-27
deco-et-vous.fr,7 projets couture pour une déco de Noël bohème - Deco-et-vous.fr,déco noël bohème,https://deco-et-vous.fr/projets-couture-deco-noel,2026-08-27
deco-habitat-mag.fr,,,https://deco-habitat-mag.fr/amenagement-cuisine-artisanale,2026-08-27
deco-habitat-mag.fr,,,https://deco-habitat-mag.fr/amenagement-maison-style-tommy-hilfiger,2026-08-27
deco-habitat-mag.fr,,,https://deco-habitat-mag.fr/brochettes-poulet-pesto-tomates-grillees,2026-08-27
deco-habitat-mag.fr,,,https://deco-habitat-mag.fr/cremosa-patate-sobrasada-recette,2026-08-27
deco-habitat-mag.fr,,,https://deco-habitat-mag.fr/idees-chambres-murs-accent-couleurs,2026-08-27
deco-habitat-mag.fr,,,https://deco-habitat-mag.fr/inspirations-cuisine-beige-elegantes,2026-08-27
deco-habitat-mag.fr,,,https://deco-habitat-mag.fr/jardin-moderne-ambiance-zen-naturelle,2026-08-27
deco-habitat-mag.fr,,,https://deco-habitat-mag.fr/maisons-en-carton-pour-enfants,2026-08-27
deco-habitat-mag.fr,,,https://deco-habitat-mag.fr/nuance-vert-repeindre-cuisine,2026-08-27
deco-habitat-mag.fr,,,https://deco-habitat-mag.fr/organisation-coin-repas-cuisine,2026-08-27
deco-habitat-mag.fr,"Petit jardin, grand style : 15 idées pour embellir votre espace - deco-habitat-mag.fr",petit jardin grand,https://deco-habitat-mag.fr/petit-jardin-grand-style,2026-08-27
deco-habitat-mag.fr,10 Plantes Élégantes pour un Salon Tendance - deco-habitat-mag.fr,plantes élégantes salon,https://deco-habitat-mag.fr/plantes-grandes-salon-tendance,2026-08-27
deco-habitat-mag.fr,Cuisine moderne et fonctionnelle : le projet De Bijenkorf - deco-habitat-mag.fr,cuisine moderne fonctionnelle,https://deco-habitat-mag.fr/projet-cuisine-moderne-de-bijenkorf,2026-08-27
deco-interieur-conseil.fr,Les carreaux zellige modernes : une touche d'élégance - Deco-interieur-conseil.fr,carreaux zellige modernes,https://deco-interieur-conseil.fr/carreaux-zellige-modernes,2026-08-27
deco-interieur-conseil.fr,,,https://deco-interieur-conseil.fr/dessert-ete-peches-lait,2026-08-27
deco-interieur-conseil.fr,,,https://deco-interieur-conseil.fr/elegante-salle-de-bain-tendance,2026-08-27
deco-interieur-conseil.fr,,,https://deco-interieur-conseil.fr/faience-zellige-aures-ice,2026-08-27
deco-interieur-conseil.fr,Faïence zellige beige mat pour une salle de bain naturelle - Deco-interieur-conseil.fr,beige mat salle,https://deco-interieur-conseil.fr/faience-zellige-beige-mat-salle-de-bain,2026-08-27
deco-interieur-conseil.fr,,,https://deco-interieur-conseil.fr/interieur-mediterraneen-cuisine-turquoise,2026-08-27
deco-interieur-conseil.fr,,,https://deco-interieur-conseil.fr/rayures-marrakech-tendance-deco,2026-08-27
deco-interieur-conseil.fr,,,https://deco-interieur-conseil.fr/recette-creme-caramel-fait-maison,2026-08-27
deco-interieur-conseil.fr,,,https://deco-interieur-conseil.fr/simulateur-zellige-deco-3d,2026-08-27
deco-interieur-conseil.fr,Harmonies colorées : le zellige beige et violet de Salima Filali - Deco-interieur-conseil.fr,harmonies colorées,https://deco-interieur-conseil.fr/zellige-beige-violet-salima-filali,2026-08-27
deco-interieur-conseil.fr,Le zellige : tout savoir sur ce matériau authentique - Deco-interieur-conseil.fr,zellige,https://deco-interieur-conseil.fr/zellige-materiau-authentique,2026-08-27
deco-interieur-conseil.fr,,,https://deco-interieur-conseil.fr/zellige-plume-salle-de-bain-tendance,2026-08-27
decolux-maison.fr,Optez pour une cuisine en bois naturel au design moderne - decolux-maison.fr,optez cuisine bois,https://decolux-maison.fr/cuisine-en-bois-naturel-design,2026-08-27
decolux-maison.fr,Comment décorer votre intérieur avec luxe et élégance - decolux-maison.fr,intérieur luxe élégance,https://decolux-maison.fr/deco-interieur-luxe,2026-08-27
decolux-maison.fr,Inspirez-vous pour une décoration intérieure luxe et personnalisée - decolux-maison.fr,inspirez vous décoration,https://decolux-maison.fr/decoration-luxe-design-interieur,2026-08-27
decolux-maison.fr,Inspirez-vous des villas au style Ibiza pour votre décoration - decolux-maison.fr,ibiza votre décoration,https://decolux-maison.fr/decoration-maison-style-ibiza,2026-08-27
decolux-maison.fr,Découvrez les secrets du design intérieur à Dubaï - decolux-maison.fr,design intérieur dubaï,https://decolux-maison.fr/design-interieur-dubai,2026-08-27
decolux-maison.fr,Éclairez votre garage avec des idées modernes - decolux-maison.fr,éclairez votre garage,https://decolux-maison.fr/eclairage-moderne-garage,2026-08-27
decolux-maison.fr,29 idées déco élégantes pour une cuisine de rêve - decolux-maison.fr,élégantes cuisine rêve,https://decolux-maison.fr/idees-deco-elegantes-cuisine,2026-08-27
decolux-maison.fr,26 idées de salles à manger luxe qui redéfinissent l'élégance - decolux-maison.fr,salles manger luxe,https://decolux-maison.fr/idees-salles-a-manger-luxe,2026-08-27
decolux-maison.fr,Découvrez ces jardins de luxe qui inspirent l'évasion - decolux-maison.fr,découvrez jardins luxe,https://decolux-maison.fr/jardins-de-luxe-inspiration-design,2026-08-27
decolux-maison.fr,10 maisons élégantes inspirées du style Palm Beach - decolux-maison.fr,10 maisons élégantes,https://decolux-maison.fr/maisons-elegantes-style-palm-beach,2026-08-27
decolux-maison.fr,10 idées de maisons au style méditerranéen en Floride - decolux-maison.fr,maisons style méditerranéen,https://decolux-maison.fr/maisons-style-mediterraneen-floride,2026-08-27
decolux-maison.fr,Découvrez le showroom Dior à Londres : une expérience design unique - decolux-maison.fr,découvrez showroom dior,https://decolux-maison.fr/showroom-dior-londres-design-luxe,2026-08-27
decolux-maison.fr,Créez un vestiaire contemporain qui vous ressemble - decolux-maison.fr,vestiaire contemporain qui,https://decolux-maison.fr/vestiaire-contemporain-design,2026-08-27
diore-immobilier.fr,Obligation de place visiteur en copropriété : que dit la loi ?,obligation place visiteur,https://diore-immobilier.fr/obligation-place-visiteur-copropriete,2026-08-27
domeus-constructions.fr,Peut-on Planter Des Pommes De Terre Toute L’année ?,terre toute année,https://domeus-constructions.fr/peut-on-planter-pommes-terre-toute-lannee,2026-08-27
domeus-constructions.fr,Quand Planter Des Framboisiers Pour Assurer Une Bonne Reprise ?,framboisiers assurer bonne,https://domeus-constructions.fr/planter-framboisiers,2026-08-27
domindo.fr,"Bornage de terrain : procédure, obligations et recours",bornage terrain,https://www.domindo.fr/bornage-terrain-limites-propriete,2026-08-27
domindo.fr,Installer un coffre-fort pistolet : fixation et sécurité,installer coffre fort,https://www.domindo.fr/comment-installer-un-coffre-fort-pistolet-en-toute-securite,2026-08-27
domindo.fr,Les grandes étapes de la construction d’un programme immobilier - Domindo,construction programme immobilier,https://www.domindo.fr/les-grandes-etapes-de-la-construction-dun-programme-immobilier,2026-08-27
domindo.fr,"Tout savoir sur le pgoc pour un projet immobilier : enjeux, méthodes et conseils - Domindo",savoir pgoc projet,https://www.domindo.fr/tout-savoir-sur-le-pgoc-pour-un-projet-immobilier-enjeux-methodes-et-conseils,2026-08-27
edito.selogerneuf.com,Comment acheter un logement social avec le Prêt Locatif Social (PLS) ? | Edito SeLoger Neuf,logement social prêt,https://edito.selogerneuf.com/conseils-d-experts/investir/acheter-un-logement-social-pret-locatif-social-pls-article-23615.html,2026-08-27
famin-immobilier.fr,Le quartier à éviter à Fort-de-France,quartier éviter fort,https://famin-immobilier.fr/quartier-a-eviter-fort-de-france,2026-08-27
favrat-ossature-bois.fr,"Fabriquer Une Porte D’entrée En Bois : Méthode, Matériaux Et Conseils",fabriquer porte entrée,https://favrat-ossature-bois.fr/fabriquer-porte-entree-bois,2026-08-27
favrat-ossature-bois.fr,"Facteur Cheval : Maison, Histoire Et Visite Du Palais Idéal",facteur cheval,https://favrat-ossature-bois.fr/facteur-cheval-maison-palais-ideal-hauterives,2026-08-27
fenrifoyer.fr,Antenne relais sur terrain agricole : votre guide complet,relais terrain agricole,https://fenrifoyer.fr/antenne-relais-sur-terrain-agricole-votre-guide-complet,2026-08-27
fenrifoyer.fr,"Bois de chauffage à Rambouillet : choix, prix et livraison",bois chauffage rambouillet,https://fenrifoyer.fr/bois-de-chauffage-a-rambouillet-choix-prix-et-livraison,2026-08-27
fenrifoyer.fr,Delta Dore GP 500 : votre notice complète pour une maîtrise parfaite,delta dore gp,https://fenrifoyer.fr/delta-dore-gp-500-votre-notice-complete-pour-une-maitrise-parfaite,2026-08-27
foyerlumina.fr,Enduit frotassé : tout savoir sur cette finition de façade,enduit frotassé,https://foyerlumina.fr/enduit-frotasse-tout-savoir-sur-cette-finition-de-facade,2026-08-27
foyerlumina.fr,Faut-il enlever les rejets de bananier ?,enlever rejets bananier,https://foyerlumina.fr/faut-il-enlever-les-rejets-de-bananier,2026-08-27
foyerlumina.fr,Odeur de maison introuvable : comment la débusquer ?,odeur maison introuvable,https://foyerlumina.fr/odeur-de-maison-introuvable-comment-la-debusquer,2026-08-27
foyerluxuria.fr,Comment reconnaître une véritable housse de couette en coton bio ?,housse couette coton,https://foyerluxuria.fr/comment-reconnaitre-une-veritable-housse-de-couette-en-coton-bio,2026-08-27
foyerluxuria.fr,Fabriquer un petit fumoir maison : le guide complet,petit fumoir maison,https://foyerluxuria.fr/fabriquer-un-petit-fumoir-maison-le-guide-complet,2026-08-27
foyerluxuria.fr,Pelle détection : choisir son équipement pour prospecter,pelle détection,https://foyerluxuria.fr/pelle-detection-choisir-son-equipement-pour-prospecter,2026-08-27
foyerluxuria.fr,Pourpier toxique : reconnaître les photos trompeuses,pourpier toxique,https://foyerluxuria.fr/pourpier-toxique-reconnaitre-les-photos-trompeuses,2026-08-27
habitat-infos.fr,Aménagement de meubles en bois sur mesure : faites le bon choix ! - Habitat-infos.fr,aménagement meubles bois,https://habitat-infos.fr/amenagement-meubles-bois-sur-mesure,2026-08-27
habitat-infos.fr,Inspirez votre espace avec une bibliothèque en placage et verre - Habitat-infos.fr,votre espace bibliothèque,https://habitat-infos.fr/bibliotheque-placage-noyer-verre,2026-08-27
habitat-infos.fr,21 idées de bibliothèques d'angle pour sublimer votre salon - Habitat-infos.fr,bibliothèques angle sublimer,https://habitat-infos.fr/bibliotheques-angle-salon,2026-08-27
habitat-infos.fr,Élégantes bibliothèques intégrées pour votre salon avec TV - Habitat-infos.fr,votre salon tv,https://habitat-infos.fr/bibliotheques-integrees-salon-tv,2026-08-27
habitat-infos.fr,Étagères en bois revalorisé pour votre intérieur chaleureux - Habitat-infos.fr,votre intérieur chaleureux,https://habitat-infos.fr/etagere-bois-revalorise-deco-interieur,2026-08-27
habitat-infos.fr,Inspirez votre intérieur avec des étagères murales élégantes - Habitat-infos.fr,étagères murales élégantes,https://habitat-infos.fr/etagere-murale-inspirante-deco,2026-08-27
habitat-infos.fr,Étagères vintage : l'élégance intemporelle de votre intérieur - Habitat-infos.fr,étagères vintage,https://habitat-infos.fr/etagere-vintage-elegance-interieur,2026-08-27
habitat-infos.fr,Comment choisir un meuble TV avec rangements adaptés ? - Habitat-infos.fr,tv rangements adaptés,https://habitat-infos.fr/meuble-tv-rangements-pratiques,2026-08-27
harmonie-maison.fr,1 hectare en m2 : pourquoi cette conversion change tout - Harmonie Maison,hectare m2,https://harmonie-maison.fr/1-hectar-en-m2,2026-08-27
harmonie-maison.fr,Séparer une pièce sans percer : toutes les solutions qui marchent - Harmonie Maison,séparer pièce sans,https://harmonie-maison.fr/cloison-de-separation-sans-percage,2026-08-27
harmonie-maison.fr,Comment bien choisir son oreiller pour un sommeil réparateur - Harmonie Maison,oreiller sommeil réparateur,https://harmonie-maison.fr/comment-bien-choisir-son-oreiller-pour-un-sommeil-reparateur,2026-08-27
harmonie-maison.fr,Comment éliminer le lierre envahissant sans dégrader vos espaces - Harmonie Maison,dégrader vos espaces,https://harmonie-maison.fr/desherbant-lierre,2026-08-27
harmonie-maison.fr,Comment faire fuir les pigeons sans se ruiner - Harmonie Maison,fuir pigeons sans,https://harmonie-maison.fr/faire-fuir-pigeons,2026-08-27
harmonie-maison.fr,Yucca malade : comment l’identifier et éviter le pire - Harmonie Maison,yucca malade,https://harmonie-maison.fr/photo-de-yucca-malade,2026-08-27
horizons-patrimoine.fr,Quartier à éviter à Aix-les-Bains : le guide complet (2026),quartier éviter aix,https://horizons-patrimoine.fr/immobilier/quartier-a-eviter-a-aix-les-bains-le-guide-complet,2026-08-27
immo-libre.fr,Les quartiers à éviter à Aubagne,quartiers éviter aubagne,https://immo-libre.fr/les-quartiers-a-eviter-a-aubagne,2026-08-27
immo-libre.fr,Les quartiers à éviter à Aulnay-sous-Bois,quartiers éviter aulnay,https://immo-libre.fr/les-quartiers-a-eviter-a-aulnay-sous-bois,2026-08-27
immobilier-albert1er.fr,De la recherche du terrain à la livraison : comment naît un programme immobilier ? - immobilier-albert1er,recherche terrain livraison,https://immobilier-albert1er.fr/de-la-recherche-du-terrain-a-la-livraison-comment-nait-un-programme-immobilier,2026-08-27
immobilier-tout-savoir.fr,🏠 Louez vite et bien : votre appartement à Caen en un clin d'œil ! ⚡,louez vite,https://immobilier-tout-savoir.fr/appartement-louer-caen,2026-08-27
immocompare.org,Blog - Immocompare,blog,https://immocompare.org/category/blog,2026-08-27
immocompare.org,"Logiciel de gestion locative, comparatif 2026 - Immocompare",logiciel gestion locative,https://immocompare.org/comparatif-logiciel-gestion-locative,2026-08-27
interiora-style.fr,Aménager une cuisine fonctionnelle et élégante - Interiora-style.fr,cuisine fonctionnelle élégante,https://interiora-style.fr/amenagement-cuisine-fonctionnel,2026-08-27
interiora-style.fr,Transformez votre patio sans vous ruiner - Interiora-style.fr,transformez votre patio,https://interiora-style.fr/amenagement-patio-economique,2026-08-27
interiora-style.fr,Un pied-à-terre de 20 m2 inspirant dans le Marais - Interiora-style.fr,inspirant marais,https://interiora-style.fr/amenagement-pied-a-terre-petit-espace,2026-08-27
interiora-style.fr,Aménager un minipiso de 12m² : astuces pratiques et déco - Interiora-style.fr,aménager minipiso 12m²,https://interiora-style.fr/amenager-minipiso-12m2,2026-08-27
interiora-style.fr,Aménagez votre salon avec un banc derrière le canapé - Interiora-style.fr,votre salon banc,https://interiora-style.fr/banc-derriere-canape-amenagement,2026-08-27
interiora-style.fr,Optimiser votre espace avec un canapé lit vertical DIVO - Interiora-style.fr,optimiser votre espace,https://interiora-style.fr/canape-lit-vertical-divo,2026-08-27
interiora-style.fr,Le canapé panoramique qui change tout - Interiora-style.fr,canapé panoramique qui,https://interiora-style.fr/canape-panoramique-conseils,2026-08-27
interiora-style.fr,Centres de table d'automne : idées simples et élégantes - Interiora-style.fr,centres table automne,https://interiora-style.fr/centres-table-automne-idees,2026-08-27
interiora-style.fr,Idées pour décorer des plafonds bas avec style - Interiora-style.fr,décorer plafonds bas,https://interiora-style.fr/decoration-plafonds-bas,2026-08-27
interiora-style.fr,Inventions astucieuses pour optimiser votre petit espace - Interiora-style.fr,inventions astucieuses optimiser,https://interiora-style.fr/inventions-astucieuses-petits-espaces,2026-08-27
interiora-style.fr,15 idées de salles de bains modernes à découvrir - Interiora-style.fr,salles bains modernes,https://interiora-style.fr/salles-de-bain-modernes-idees,2026-08-27
interiora-style.fr,Comment ventiler un salle de bains sans fenêtre : 5 astuces pratiques - Interiora-style.fr,ventiler salle bains,https://interiora-style.fr/ventiler-salle-bains-sans-fenetre,2026-08-27
interiora-style.fr,Transformez votre véranda avec des courges et chrysanthèmes - Interiora-style.fr,véranda courges chrysanthèmes,https://interiora-style.fr/veranda-courges-chrysanthemes,2026-08-27
isolationcombles.fr,Isolation thermique en Bretagne : laine de verre vs laine de roche - IsolationCombles.fr,isolation thermique bretagne,https://isolationcombles.fr/isolation-des-combles/isolation-thermique-en-bretagne-laine-de-verre-vs-laine-de-roche,2026-08-27
isolationcombles.fr,Isolation en Occitanie : comment obtenir un devis artisan précis - IsolationCombles.fr,isolation occitanie,https://isolationcombles.fr/trouver-un-artisan/isolation-en-occitanie-comment-obtenir-un-devis-artisan-precis,2026-08-27
jardinerlaville.fr,Miscanthus : 5 inconvénients à connaître avant de le planter | Jardiner la Ville,miscanthus,https://jardinerlaville.fr/miscanthus,2026-08-27
jardinerlaville.fr,Les papillons de nuit dans la maison sont-ils dangereux ? | Jardiner la Ville,papillons nuit maison,https://jardinerlaville.fr/papillon-de-nuit-dangereux,2026-08-27
lebureaudelimmo.fr,Grange au Lac : Location et Prix 2026 - Bureau de l'immo,grange lac,https://lebureaudelimmo.fr/grange-au-lac-location-et-prix-2026,2026-08-27
lebureaudelimmo.fr,"HAI immobilier : définition, calcul et différence avec le prix FAI",hai immobilier,https://lebureaudelimmo.fr/hai-immobilier-definition-calcul-difference-avec-prix-fai,2026-08-27
lebureaudelimmo.fr,OPAC Cornouaille : Logements sociaux 2026 - Bureau de l'immo,opac cornouaille,https://lebureaudelimmo.fr/opac-cornouaille-logements-sociaux-2026,2026-08-27
lebureaudelimmo.fr,title_seo - Bureau de l'immo,title_seo,https://lebureaudelimmo.fr/title_seo,2026-08-27
leconomieetmoi.fr,Fenêtres : faut-il choisir un châssis coulissant en PVC ou en aluminium ? - L'économie et moi,fenêtres,https://leconomieetmoi.fr/autres/chassis-coulissants-en-pvc-ou-aluminium-comment-faire-le-bon-choix-13182,2026-08-27
leconomieetmoi.fr,Quel est le meilleur architecte à Lausanne pour rénover un immeuble locatif ? - L'économie et moi,meilleur architecte lausanne,https://leconomieetmoi.fr/autres/quel-est-le-meilleur-architecte-a-lausanne-pour-renover-un-immeuble-locatif-13186,2026-08-27
leconomieetmoi.fr,Aménagement de bureau professionnel : réussir son projet sur mesure - L'économie et moi,aménagement bureau professionnel,https://leconomieetmoi.fr/entreprise/amenagement-de-bureau-professionnel-quand-le-sur-mesure-devient-vraiment-utile-13151,2026-08-27
leconomieetmoi.fr,Litige professionnel : bien conserver ses captures d’écran - L'économie et moi,litige professionnel,https://leconomieetmoi.fr/entreprise/litige-professionnel-bien-conserver-ses-captures-decran-13146,2026-08-27
leconomieetmoi.fr,Faire fructifier son épargne : les bons réflexes pour débuter - L'économie et moi,faire fructifier son,https://leconomieetmoi.fr/finance/faire-fructifier-son-epargne-par-ou-commencer-13195,2026-08-27
loco-immo.fr,Peut-on brancher une plaque à induction sur une prise normale ?,induction prise normale,https://loco-immo.fr/brancher-plaque-induction-sur-prise-normale,2026-08-27
loco-immo.fr,Les quartiers à éviter à Biarritz,quartiers éviter biarritz,https://loco-immo.fr/les-quartiers-a-eviter-a-biarritz,2026-08-27
loco-immo.fr,La sauge permet-elle vraiment de purifier une maison ?,vraiment purifier maison,https://loco-immo.fr/sauge-pour-purifier-maison,2026-08-27
longbeachcannes.fr,"À Cannes, où faire estimer ses bijoux en or sur la Croisette - Long Beach Cannes",cannes où faire,https://longbeachcannes.fr/a-cannes-ou-faire-estimer-ses-bijoux-en-or-sur-la-croisette,2026-08-27
lvdp.fr,"Bagneux est-elle une ville dangereuse ? Sécurité, quartiers sensibles et faits divers",bagneux est elle,https://lvdp.fr/bagneux-ville-dangereuse-securite-quartiers-sensibles,2026-08-27
lvdp.fr,Cherimola : guide complet de culture et bienfaits du fruit en 2026,cherimola,https://lvdp.fr/cherimola-guide-complet-de-culture-et-bienfaits-du-fruit-en-2026,2026-08-27
lvdp.fr,Plans maison gratuits 2026 sur Tooplans : trouvez le modèle adapté à votre projet,maison gratuits 2026,https://lvdp.fr/plans-maison-gratuits-2026-sur-tooplans-trouvez-le-modele-adapte-a-votre-projet,2026-08-27
ma-maison-pratique.fr,,,https://ma-maison-pratique.fr/cascade-jardin-gris-noir,2026-08-27
ma-maison-pratique.fr,,,https://ma-maison-pratique.fr/cascades-petites-jardin,2026-08-27
ma-maison-pratique.fr,,,https://ma-maison-pratique.fr/fontaine-coeur-jardin,2026-08-27
ma-maison-pratique.fr,,,https://ma-maison-pratique.fr/fontaine-oiseaux-jardin,2026-08-27
ma-maison-pratique.fr,,,https://ma-maison-pratique.fr/fontaines-plantes-aquatiques-jardin,2026-08-27
ma-maison-pratique.fr,,,https://ma-maison-pratique.fr/grottes-vierge-marie-jardin,2026-08-27
ma-maison-pratique.fr,12 idées pratiques pour aménager votre patio - ma-maison-pratique.fr,aménager votre patio,https://ma-maison-pratique.fr/idees-amenagement-patio,2026-08-27
ma-maison-pratique.fr,,,https://ma-maison-pratique.fr/idees-bains-oiseaux-jardin,2026-08-27
ma-maison-pratique.fr,,,https://ma-maison-pratique.fr/idees-cascades-jardin-zen,2026-08-27
ma-maison-pratique.fr,,,https://ma-maison-pratique.fr/shishi-odoshi-fontaine-bambou-jardin,2026-08-27
maison-chaleureuse.com,Protège-matelas imperméable : comment bien le choisir ?,protège matelas imperméable,https://maison-chaleureuse.com/ameublement/protege-matelas-impermeable-est-il-vraiment-utile-pour-votre-lit,2026-08-27
maison-deco-design.fr,,,https://maison-deco-design.fr/cuisine-apaisante-vert-bois,2026-08-27
maison-deco-design.fr,,,https://maison-deco-design.fr/cuisine-bois-idees-chaleureuses,2026-08-27
maison-deco-design.fr,,,https://maison-deco-design.fr/deco-chic-petit-budget,2026-08-27
maison-deco-design.fr,,,https://maison-deco-design.fr/idees-amenagement-entree-salon,2026-08-27
maison-deco-design.fr,,,https://maison-deco-design.fr/idees-cuisines-chene-blanc-noir,2026-08-27
maison-deco-design.fr,,,https://maison-deco-design.fr/idees-decoration-chambre-principale,2026-08-27
maison-deco-design.fr,,,https://maison-deco-design.fr/meuble-tv-mdf-chic-pratique,2026-08-27
maison-deco-design.fr,,,https://maison-deco-design.fr/nouveautes-zara-home,2026-08-27
maison-deco-design.fr,21 idées de salon moderne des années 50 à adopter - Maison-deco-design.fr,salon moderne années,https://maison-deco-design.fr/salon-moderne-annees-50,2026-08-27
maison-deco-design.fr,Comment styliser une table à manger sombre avec chaleur - Maison-deco-design.fr,styliser table manger,https://maison-deco-design.fr/styler-table-manger-sombre,2026-08-27
maison-deco-design.fr,Découvrez les 9 styles de décoration intérieure essentiels - Maison-deco-design.fr,décoration intérieure essentiels,https://maison-deco-design.fr/styles-decoration-interieure,2026-08-27
maison-deco-design.fr,Éclairez votre intérieur avec une suspension LED Wabi-sabi - Maison-deco-design.fr,suspension led wabi,https://maison-deco-design.fr/suspension-led-wabi-sabi-nordique,2026-08-27
maison-deco-design.fr,,,https://maison-deco-design.fr/table-appoint-ikea-holmerud,2026-08-27
maison-entretien.com,Portes bois sur mesure : guide des prix et fabricants,portes bois mesure,https://maison-entretien.com/portes-bois-prix-fabricants,2026-08-27
maisoncocoon.fr,Détection de réseaux : comprendre et maîtriser un enjeu essentiel pour la sécurité des travaux - Maison Cocoon,détection réseaux,https://maisoncocoon.fr/detection-de-reseaux-comprendre-et-maitriser-un-enjeu-essentiel-pour-la-securite-des-travaux,2026-08-27
maisoncocoon.fr,"Tiroirs PARFAITS, sans odeur : Le secret choc à 1€ !",tiroirs parfaits sans,https://maisoncocoon.fr/tiroirs-cuisine,2026-08-27
maisondulcia.fr,Drainage maison ancienne : pourquoi et comment faire ?,drainage maison ancienne,https://maisondulcia.fr/drainage-maison-ancienne-pourquoi-et-comment-faire,2026-08-27
maisondulcia.fr,Rideau occultant thermique : une solution pour mieux isoler son intérieur,rideau occultant thermique,https://maisondulcia.fr/rideau-occultant-thermique-une-solution-pour-mieux-isoler-son-interieur,2026-08-27
maisondulcia.fr,Traitement chimique contre le papillon du palmier,contre papillon palmier,https://maisondulcia.fr/traitement-chimique-contre-le-papillon-du-palmier,2026-08-27
maisonfjord.fr,Enrochement en pierre : choisir et poser vos blocs,enrochement pierre,https://maisonfjord.fr/enrochement-en-pierre-choisir-et-poser-vos-blocs,2026-08-27
maisonfjord.fr,Inconvénients d'une terrasse composite : ce qu'il faut savoir,inconvénients terrasse composite,https://maisonfjord.fr/inconvenients-dune-terrasse-composite-ce-quil-faut-savoir,2026-08-27
maisonfjord.fr,"Peignoir de bain : éponge, coton ou nid d’abeilles ?",peignoir bain,https://maisonfjord.fr/peignoir-de-bain-eponge-coton-ou-nid-dabeilles,2026-08-27
maisonfjord.fr,Prix de pose d'un tirant pour maison : ce qu'il faut savoir,pose tirant maison,https://maisonfjord.fr/prix-de-pose-dun-tirant-pour-maison-ce-quil-faut-savoir,2026-08-27
maisonfloralis.fr,Comment utiliser des barrières de jardin en PVC sans cloisonner l’espace ?,utiliser barrières jardin,https://maisonfloralis.fr/comment-utiliser-des-barrieres-de-jardin-en-pvc-sans-cloisonner-lespace,2026-08-27
maisonfloralis.fr,Jardin en restanque : aménagement et entretien,jardin restanque,https://maisonfloralis.fr/jardin-en-restanque-amenagement-et-entretien,2026-08-27
maisonfloralis.fr,Machine pour arracher les bambous : quelle solution ?,machine arracher bambous,https://maisonfloralis.fr/machine-pour-arracher-les-bambous-quelle-solution,2026-08-27
maisonfloralis.fr,Nettoyer l'argenterie avec du papier aluminium : le guide,argenterie papier aluminium,https://maisonfloralis.fr/nettoyer-largenterie-avec-du-papier-aluminium-le-guide,2026-08-27
maisonluminea.fr,Fabriquer une barre de sécurité pour porte : le guide complet,barre sécurité porte,https://maisonluminea.fr/fabriquer-une-barre-de-securite-pour-porte-le-guide-complet,2026-08-27
maisonluminea.fr,Pourpier toxique : photo pour les reconnaître,pourpier toxique,https://maisonluminea.fr/pourpier-toxique-photo-pour-les-reconnaitre,2026-08-27
maisonluminea.fr,Robot tondeuse Cramer : avis et choix de modèle,robot tondeuse cramer,https://maisonluminea.fr/robot-tondeuse-cramer-avis-et-choix-de-modele,2026-08-27
maisons-deco-jardin.com,"Agapanthe : planter, diviser et protÃ©ger cette fleur graphique au jardin",agapanthe,https://maisons-deco-jardin.com/agapanthe-planter-diviser-proteger-jardin,2026-08-27
maisons-deco-jardin.com,"CrÃ©dence cuisine : matÃ©riaux, hauteur et idÃ©es dÃ©co pour bien choisir",crã dence cuisine,https://maisons-deco-jardin.com/credence-cuisine-materiaux-hauteur-idees-deco,2026-08-27
maizhome.fr,Diavola Pro V3 : la révolution pour vos soirées pizza,diavola pro v3,https://maizhome.fr/diavola-pro-v3-la-revolution-pour-vos-soirees-pizza,2026-08-27
maizhome.fr,Quel linge de maison choisir pour créer un intérieur cosy ?,linge maison choisir,https://maizhome.fr/quel-linge-de-maison-choisir-pour-creer-un-interieur-cosy,2026-08-27
maizhome.fr,Quelle fermeté choisir pour un matelas en latex naturel ?,matelas latex naturel,https://maizhome.fr/quelle-fermete-choisir-pour-un-matelas-en-latex-naturel,2026-08-27
maizhome.fr,Robot tondeuse Kress ou Husqvarna : lequel choisir ?,robot tondeuse kress,https://maizhome.fr/robot-tondeuse-kress-ou-husqvarna-lequel-choisir,2026-08-27
menuisiersdunord.fr,Arbre de Jade en Intérieur ou Extérieur : Entretien & Soins Essentiels 🌿,jade intérieur extérieur,https://menuisiersdunord.fr/arbre-de-jade-en-interieur-ou-exterieur,2026-08-27
menuisiersdunord.fr,Humonia 312 : Engrais Organique Liquide Pour Sols Vivants 🌱,humonia 312,https://menuisiersdunord.fr/humonia,2026-08-27
menuisiersdunord.fr,Premier achat immobilier : comment préparer son projet ? - Menuisiers du Nord,premier achat immobilier,https://menuisiersdunord.fr/premier-achat-immobilier-comment-preparer-son-projet,2026-08-27
menuisiersdunord.fr,"Rat Dumbo : Origine, Caractéristiques et Conseils d’Élevage 🐀",rat dumbo,https://menuisiersdunord.fr/rat-dumbo,2026-08-27
menuisiersdunord.fr,"Statues religieuses : entre artisanat, patrimoine et décoration intérieure - Menuisiers du Nord",statues religieuses,https://menuisiersdunord.fr/statues-religieuses-entre-artisanat-patrimoine-et-decoration-interieure,2026-08-27
micado-france.fr,Bouture De Noisetier : Quand Et Comment La Réussir ?,bouture noisetier,https://micado-france.fr/bouture-noisetier-techniques-periode-conseils-reussite,2026-08-27
micado-france.fr,"Corne De Cerf, Plante D’intérieur : Comment La Reconnaître Et L’entretenir ?",cerf plante intérieur,https://micado-france.fr/corne-cerf-plante-entretien-culture-arrosage,2026-08-27
micado-france.fr,Eau De Pluie Et Amende : Que Dit Vraiment La Loi En France ?,eau pluie amende,https://micado-france.fr/eau-pluie-amende-135-euros-regles-usages,2026-08-27
micado-france.fr,Jusqu’à Quand Peut-on Planter Des Tomates ?,jusqu quand peut,https://micado-france.fr/jusqua-peut-on-planter-tomates,2026-08-27
micado-france.fr,Quand Planter Des Tomates Cerises ? Calendrier Et Conseils,tomates cerises calendrier,https://micado-france.fr/planter-tomates-cerises,2026-08-27
miui-france.org,Après Gladiator 2 : l'état inquiétant de Ridley Scott illustré par The Dog Stars | Miui-france.org,après gladiator,https://www.miui-france.org/apres-gladiator-2-letat-inquietant-de-ridley-scott-illustre-par-the-dog-stars,2026-08-27
miui-france.org,"Après The Rip, le réalisateur retrouve Netflix pour un film d’action explosif porté par une star de renom | Miui-france.org",réalisateur retrouve netflix,https://www.miui-france.org/apres-the-rip-le-realisateur-retrouve-netflix-pour-un-film-daction-explosif-porte-par-une-star-de-renom,2026-08-27
miui-france.org,Après True Detective : découvrez la bande-annonce captivante de Brothers avec Matthew McConaughey et Woody Harrelson | Miui-france.org,après true detective,https://www.miui-france.org/apres-true-detective-decouvrez-la-bande-annonce-captivante-de-brothers-avec-matthew-mcconaughey-et-woody-harrelson,2026-08-27
miui-france.org,Colis piégé : quand un message vocal généré par IA se fait passer pour un vrai livreur | Miui-france.org,colis piégé,https://www.miui-france.org/colis-piege-message-ia,2026-08-27
miui-france.org,Dégel au Chili : une analyse critique de Shining | Miui-france.org,dégel chili,https://www.miui-france.org/degel-au-chili-une-analyse-critique-de-shining,2026-08-27
miui-france.org,Google Chrome : reprenez le contrôle des onglets en les réorientant de la verticale à l'horizontale | Miui-france.org,google chrome,https://www.miui-france.org/google-chrome-onglets-horizontal,2026-08-27
miui-france.org,Star Wars Zero Company : Découvrez les premiers retours passionnés sur le nouveau jeu de l'univers Star Wars | Miui-france.org,wars zero company,https://www.miui-france.org/star-wars-zero-company-decouvrez-les-premiers-retours-passionnes-sur-le-nouveau-jeu-de-lunivers-star-wars,2026-08-27
miui-france.org,Sutom : solution du jour et méthode rapide pour la trouver | Miui-france.org,sutom,https://www.miui-france.org/sutom-solution,2026-08-27
miui-france.org,arnaque téléphonique Archives | Miui-france.org,arnaque téléphonique archives,https://www.miui-france.org/tag/arnaque-telephonique,2026-08-27
miui-france.org,colis piégé Archives | Miui-france.org,colis piégé archives,https://www.miui-france.org/tag/colis-piege,2026-08-27
miui-france.org,contrôle des onglets Archives | Miui-france.org,contrôle onglets archives,https://www.miui-france.org/tag/controle-des-onglets,2026-08-27
miui-france.org,livreur frauduleux Archives | Miui-france.org,livreur frauduleux archives,https://www.miui-france.org/tag/livreur-frauduleux,2026-08-27
miui-france.org,message vocal ia Archives | Miui-france.org,vocal ia archives,https://www.miui-france.org/tag/message-vocal-ia,2026-08-27
miui-france.org,onglets chrome Archives | Miui-france.org,onglets chrome archives,https://www.miui-france.org/tag/onglets-chrome,2026-08-27
miui-france.org,onglets horizontaux Archives | Miui-france.org,onglets horizontaux archives,https://www.miui-france.org/tag/onglets-horizontaux,2026-08-27
miui-france.org,réorientation onglets Archives | Miui-france.org,réorientation onglets archives,https://www.miui-france.org/tag/reorientation-onglets,2026-08-27
miui-france.org,technologie et fraude Archives | Miui-france.org,technologie fraude archives,https://www.miui-france.org/tag/technologie-et-fraude,2026-08-27
monhabitoo.fr,Indemnité d'occupation de logement et remboursement de prêt,logement remboursement prêt,https://monhabitoo.fr/indemnite-doccupation-de-logement-et-remboursement-de-pret,2026-08-27
monhabitoo.fr,Olivier gelé : diagnostic et conseils pour le sauver,olivier gelé,https://monhabitoo.fr/olivier-gele-diagnostic-et-conseils-pour-le-sauver,2026-08-27
monhabitoo.fr,Refermer canapé électrique manuellement : la méthode,refermer canapé électrique,https://monhabitoo.fr/refermer-canape-electrique-manuellement-la-methode,2026-08-27
monhabitoo.fr,Robot tondeuse Kress ou Husqvarna : lequel choisir ?,robot tondeuse kress,https://monhabitoo.fr/robot-tondeuse-kress-ou-husqvarna-lequel-choisir,2026-08-27
monimmeuble.com,​AMO financier en copropriété : ce que les copropriétaires doivent vraiment savoir,amo financier copropriété,https://monimmeuble.com/actualite/amo-financier-en-copropriete-ce-que-les-coproprietaires-doivent-vraiment-savoir,2026-08-27
monimmeuble.com,​Comment réussir son projet immobilier pour la Réunion à distance ?,projet immobilier réunion,https://monimmeuble.com/actualite/comment-reussir-son-projet-immobilier-pour-la-reunion-a-distance,2026-08-27
monimmeuble.com,​Commissionnement : la démarche qui sécurise vos performances énergétiques,commissionnement,https://monimmeuble.com/actualite/commissionnement-la-demarche-qui-securise-vos-performances-energetiques,2026-08-27
monimmeuble.com,​Destruction de nid de guêpes : ce que vous risquez à intervenir seul,destruction nid guêpes,https://monimmeuble.com/actualite/destruction-de-nid-de-guepes-ce-que-vous-risquez-a-intervenir-seul,2026-08-27
monimmeuble.com,​Loi RIPOST : fini les engins motorisés dans les caves et parties communes,loi ripost,https://monimmeuble.com/actualite/loi-ripost-fini-les-engins-motorises-dans-les-caves-et-parties-communes,2026-08-27
needl.fr,Immobilier neuf ou ancien : comment bien choisir selon son profil et ses objectifs ? - Needl,immobilier neuf ancien,https://needl.fr/immobilier-neuf-ou-ancien-comment-bien-choisir-selon-son-profil-et-ses-objectifs,2026-08-27
pluscestsimple.com,"Règles ABF en secteur sauvegardé : 5 refus de teintes que j’ai contestés (et les 2 qui sont passés) – Plus c'est simple : blog conseils déco, travaux et immo",abf secteur sauvegardé,https://pluscestsimple.com/abf-secteur-sauvegarde-teintes,2026-08-27
pluscestsimple.com,Meilleurs fauteuils Kave Home : comparatif salon,meilleurs fauteuils kave,https://pluscestsimple.com/meilleurs-fauteuils-kave-home,2026-08-27
publicimmo.com,Maison de pêcheur Bretagne à vendre en 2026 : les secteurs où les prix montent encore - Public Immo,maison pêcheur bretagne,https://publicimmo.com/maison-de-pecheur-bretagne-a-vendre-en-2026-les-secteurs-ou-les-prix-montent-encore,2026-08-27
rennes-blog.org,Amazon carte illicado ou autres cartes cadeaux : que choisir en 2026 ? - Rennes Blog,amazon carte illicado,https://rennes-blog.org/amazon-carte-illicado-ou-autres-cartes-cadeaux-que-choisir-en-2026,2026-08-27
renovalp.fr,"Comment choisir entre porte de garage sectionnelle, basculante ou enroulable ?",garage sectionnelle basculante,https://renovalp.fr/comment-choisir-entre-porte-de-garage-sectionnelle-basculante-ou-enroulable,2026-08-27
renovation-astuces.fr,Décorez votre duplex avec style et praticité - Renovation astuces,décorez votre duplex,https://renovation-astuces.fr/amenagement-duplex-chaleureux,2026-08-27
renovation-astuces.fr,Spot LED : 5 critères techniques pour bien le choisir,spot led,https://renovation-astuces.fr/choisir-spot-led,2026-08-27
renovation-astuces.fr,Cuisine en cashmere et bois : chic et pratique - Renovation astuces,cuisine cashmere bois,https://renovation-astuces.fr/cuisine-cashmere-bois-idees,2026-08-27
renovation-astuces.fr,Transformez votre cuisine avec des éléments en acier et verre - Renovation astuces,transformez votre cuisine,https://renovation-astuces.fr/cuisine-design-acier-verre,2026-08-27
renovation-astuces.fr,Cuisiner avec des niches : 15 idées inspirantes - Renovation astuces,cuisiner niches,https://renovation-astuces.fr/cuisine-niches-idees-inspirantes,2026-08-27
renovation-astuces.fr,Cuisines avec passe-plats : tendances 2024 à découvrir - Renovation astuces,cuisines passe plats,https://renovation-astuces.fr/cuisines-passe-plats-tendances-2024,2026-08-27
renovation-astuces.fr,20 idées de cuisines petites avec bar pour votre intérieur - Renovation astuces,cuisines petites bar,https://renovation-astuces.fr/cuisines-petites-avec-bar-idees,2026-08-27
renovation-astuces.fr,Découvrez le Jura : un département au charme unique - Renovation astuces,découvrez jura,https://renovation-astuces.fr/decouvrir-le-jura-charmes-naturels,2026-08-27
renovation-astuces.fr,Un duplex chaleureux qui vous fera rêver - Renovation astuces,duplex chaleureux qui,https://renovation-astuces.fr/duplex-chaleureux-amenagement-interieur,2026-08-27
renovation-astuces.fr,Créez un espace fonctionnel et accueillant chez vous - Renovation astuces,espace fonctionnel accueillant,https://renovation-astuces.fr/espace-fonctionnel-et-accueillant,2026-08-27
renovation-astuces.fr,19 idées de cuisines blanches pour un intérieur stylé - Renovation astuces,cuisines blanches intérieur,https://renovation-astuces.fr/idees-cuisines-blanches-ambiance-stylique,2026-08-27
renovation-astuces.fr,Réforme intégrale de cuisine : améliorez votre quotidien - Renovation astuces,réforme intégrale cuisine,https://renovation-astuces.fr/reforme-integree-cuisine-ameilore-votre-vie,2026-08-27
renovation-astuces.fr,Le style de cuisine Japandi en chêne clair - Renovation astuces,cuisine japandi chêne,https://renovation-astuces.fr/style-cuisine-japandi-chene-clair,2026-08-27
renovation-conseils.fr,Construisez votre abri de jardin facilement avec ces plans pratiques - Renovation-conseils.fr,jardin facilement plans,https://renovation-conseils.fr/abri-de-jardin-plans-methodes,2026-08-27
renovation-conseils.fr,Aménager un abri pour recevoir vos invités en toute convivialité - Renovation-conseils.fr,recevoir vos invités,https://renovation-conseils.fr/amenager-abri-invites-jardin,2026-08-27
renovation-conseils.fr,Aménagez une base de cabanon pour un jardin élégant - Renovation-conseils.fr,cabanon jardin élégant,https://renovation-conseils.fr/base-cabanon-jardin-deco,2026-08-27
renovation-conseils.fr,Bouquets d'automne : couleurs et inspirations - Renovation-conseils.fr,bouquets automne,https://renovation-conseils.fr/bouquets-fleurs-automne,2026-08-27
renovation-conseils.fr,Un cottage plein de charme à découvrir - Renovation-conseils.fr,plein charme découvrir,https://renovation-conseils.fr/cottage-charme-jardin-decoration,2026-08-27
renovation-conseils.fr,Construisez une maison en palette pour votre jardin - Renovation-conseils.fr,palette votre jardin,https://renovation-conseils.fr/maison-en-palettes-jardin,2026-08-27
renovation-conseils.fr,Découvrez des maisons de jardin design prêtes à l'emploi - Renovation-conseils.fr,maisons jardin design,https://renovation-conseils.fr/maisons-jardin-design-ready-to-use,2026-08-27
renovation-conseils.fr,Construisez la maisonnette de vos rêves : projets DIY faciles - Renovation-conseils.fr,maisonnette vos rêves,https://renovation-conseils.fr/projets-diy-maisonnettes-jardin,2026-08-27
renovation-conseils.fr,Créez un terrain de jeu en bois durable pour votre jardin - Renovation-conseils.fr,durable votre jardin,https://renovation-conseils.fr/terrain-de-jeu-bois-durable-jardin,2026-08-27
renovation-conseils.fr,Réalisez facilement le toit de votre abri de jardin - Renovation-conseils.fr,votre abri jardin,https://renovation-conseils.fr/toit-abri-jardin-diy,2026-08-27
renovbox.com,Dans quels cas faire appel à un avocat spécialisé en droit de l'urbanisme ?,faire appel avocat,https://renovbox.com/dans-quels-cas-faire-appel-avocat-specialise-droit-urbanisme,2026-08-27
revue-immo.com,Hlm gratuit au bout de 20 ans : accession à la propriét,20 ans,https://revue-immo.com/devenir-proprietaire-hlm,2026-08-27
secur-home.fr,Télésurveillance ou alarme autonome : comparatif prix 2026,télésurveillance alarme autonome,https://secur-home.fr/maison/telesurveillance-ou-alarme-autonome-comparatif,2026-08-27
stid-france.fr,35 Heures Par Semaine Combien Par Mois : Calcul et Salaire 💼,semaine combien mois,https://stid-france.fr/35-heures-par-semaine-combien-par-mois,2026-08-27
stid-france.fr,"Agence Automobiliere : Achat, Dépôt & Avis Fiables à Paris 🚗",agence automobiliere,https://stid-france.fr/agence-automobiliere,2026-08-27
stid-france.fr,PSB Extranet : Accédez Facilement à Vos Services & Ressources 📚,psb extranet,https://stid-france.fr/psb-extranet,2026-08-27
top-maison-confort.fr,Aménagez votre intérieur avec style et harmonie - top-maison-confort.fr,intérieur style harmonie,https://top-maison-confort.fr/amenagement-interieur-chaleureux,2026-08-27
top-maison-confort.fr,Couleurs chaudes et terreuses pour un intérieur accueillant - top-maison-confort.fr,terreuses intérieur accueillant,https://top-maison-confort.fr/couleurs-chauffes-terreuses-accueillantes,2026-08-27
top-maison-confort.fr,Adoptez le design minimaliste pour votre intérieur - top-maison-confort.fr,design minimaliste votre,https://top-maison-confort.fr/design-minimaliste-interieur,2026-08-27
top-maison-confort.fr,3 éléments de construction pour une maison luxueuse - top-maison-confort.fr,construction maison luxueuse,https://top-maison-confort.fr/elements-construction-luxe-maison,2026-08-27
top-maison-confort.fr,Inspirez-vous d'un ensemble déco bohème moderne - top-maison-confort.fr,inspirez vous ensemble,https://top-maison-confort.fr/ensemble-deco-boheme-moderne,2026-08-27
top-maison-confort.fr,5 idées créatives pour aménager votre salon avec style - top-maison-confort.fr,aménager votre salon,https://top-maison-confort.fr/idees-creatives-salon-style-fonctionnalite,2026-08-27
top-maison-confort.fr,Idées de décoration pour votre cabane avec un éclairage qui fait la différence - top-maison-confort.fr,décoration votre cabane,https://top-maison-confort.fr/idees-deco-cabane-eclairage,2026-08-27
top-maison-confort.fr,25 objets à sortir de chez soi en 2024 - top-maison-confort.fr,chez soi 2024,https://top-maison-confort.fr/objets-a-sortir-de-maison-2024,2026-08-27
topelevation.fr,"Quand cueillir les poires : le bon moment, pas la couleur",quand cueillir poires,https://topelevation.fr/travaux/quand-cueillir-poires,2026-08-27
topelevation.fr,Vanne d'eau ouverte ou fermée ? Comment le savoir,ouverte fermée savoir,https://topelevation.fr/travaux/vanne-ouverte-ou-fermee,2026-08-27
tousvosactes-avocat-ms.fr,Anef naturalisation : guide complet des démarches et conditions - Tous Vos Actes,anef naturalisation,https://www.tousvosactes-avocat-ms.fr/anef-naturalisation-demarches-conditions,2026-08-27
tousvosactes-avocat-ms.fr,Avocats LPBC en droit français : rôle et spécificités juridiques - Tous Vos Actes,avocats lpbc droit,https://www.tousvosactes-avocat-ms.fr/avocats-lpbc-droit-francais,2026-08-27
tousvosactes-avocat-ms.fr,Changement de statut étudiant à salarié : guide complet des démarches - Tous Vos Actes,statut étudiant salarié,https://www.tousvosactes-avocat-ms.fr/changement-de-statut-etudiant-a-salarie,2026-08-27
tousvosactes-avocat-ms.fr,Contentieux avocats-lpbc.fr : guide complet des litiges juridiques - Tous Vos Actes,contentieux avocats lpbc,https://www.tousvosactes-avocat-ms.fr/contentieux-avocats-lpbc-fr,2026-08-27
tousvosactes-avocat-ms.fr,"Frais de succession maison : calcul, exonérations et démarches essentielles - Tous Vos Actes",frais succession maison,https://www.tousvosactes-avocat-ms.fr/frais-de-succession-maison,2026-08-27
tousvosactes-avocat-ms.fr,Frais de succession parents-enfants : guide complet et explications clés - Tous Vos Actes,succession parents enfants,https://www.tousvosactes-avocat-ms.fr/frais-de-succession-parents-enfants,2026-08-27
tousvosactes-avocat-ms.fr,Recours et conséquences quand l’employeur fait appel après un gain aux prud’hommes - Tous Vos Actes,employeur fait appel,https://www.tousvosactes-avocat-ms.fr/gagne-prudhommes-employeur-fait-appel,2026-08-27
tousvosactes-avocat-ms.fr,Ordreavocats-cussetvichy.fr : guide complet sur l’ordre des avocats local - Tous Vos Actes,ordreavocats cussetvichy fr,https://www.tousvosactes-avocat-ms.fr/ordreavocats-cussetvichy,2026-08-27
tousvosactes-avocat-ms.fr,Passeport talent salarié qualifié : guide complet et conditions d’obtention - Tous Vos Actes,passeport talent salarié,https://www.tousvosactes-avocat-ms.fr/passeport-talent-salarie-qualifie,2026-08-27
tousvosactes-avocat-ms.fr,"PCE blocage des fonds : fonctionnement, causes et conséquences - Tous Vos Actes",pce blocage fonds,https://www.tousvosactes-avocat-ms.fr/pce-blocage-des-fonds-2,2026-08-27
tousvosactes-avocat-ms.fr,Titre de séjour vie privée et familiale : guide complet et conditions d’obtention - Tous Vos Actes,vie privée familiale,https://www.tousvosactes-avocat-ms.fr/titre-de-sejour-vie-privee-et-familiale,2026-08-27
tousvosactes-avocat-ms.fr,We Divorce : Comprendre le Processus et ses Implications Juridiques - Tous Vos Actes,we divorce,https://www.tousvosactes-avocat-ms.fr/we-divorce-processus-implications-juridiques,2026-08-27
travaux-astuces.fr,Accueillir le printemps dans votre intérieur : Idées inspirantes - Travaux-astuces.fr,accueillir printemps votre,https://travaux-astuces.fr/accueillir-printemps-interieur-idees,2026-08-27
travaux-astuces.fr,Construire la cabane dans les arbres de vos rêves - Travaux-astuces.fr,cabane arbres vos,https://travaux-astuces.fr/cabane-dans-les-arbres,2026-08-27
travaux-astuces.fr,25 idées de piscines naturelles pour un jardin écolo - Travaux-astuces.fr,piscines naturelles jardin,https://travaux-astuces.fr/idees-piscines-naturelles-ecologiques,2026-08-27
travaux-astuces.fr,Une maison caméléon au cœur de la forêt de Bali - Travaux-astuces.fr,cœur forêt bali,https://travaux-astuces.fr/maison-cameleon-bali,2026-08-27
travaux-astuces.fr,Créez une maison sur-mesure qui vous correspond - Travaux-astuces.fr,créez maison mesure,https://travaux-astuces.fr/maison-sur-mesure-decoration,2026-08-27
travaux-astuces.fr,20 maisons miniatures qui allient charme et fonctionnalité - Travaux-astuces.fr,maisons miniatures qui,https://travaux-astuces.fr/maisons-miniatures-charme-fonctionalite,2026-08-27
travaux-astuces.fr,Nettoyage de toiture et façade : méthodes et conseils,nettoyage toiture façade,https://travaux-astuces.fr/nettoyage-toiture-facade,2026-08-27
travaux-astuces.fr,Découvrez 23 piscines idylliques pour rêver d'évasion - Travaux-astuces.fr,piscines idylliques rêver,https://travaux-astuces.fr/piscines-ideales-escapade-ete,2026-08-27
travaux-astuces.fr,Une villa contemporaine : volumes et élégance à l'intérieur - Travaux-astuces.fr,villa contemporaine,https://travaux-astuces.fr/villa-contemporaine-volumes-chic,2026-08-27
travaux-magazine.fr,36 idées de chambres cocooning pour un intérieur chaleureux - Travaux-magazine.fr,chambres cocooning intérieur,https://travaux-magazine.fr/chambres-cocooning-idees-interieur,2026-08-27
travaux-magazine.fr,Quelle couleur choisir pour une chambre ? - Travaux-magazine.fr,couleur choisir chambre,https://travaux-magazine.fr/couleur-choisir-chambre,2026-08-27
travaux-magazine.fr,45 idées pour une déco parentale luxueuse en 2026 - Travaux-magazine.fr,idées déco parentale,https://travaux-magazine.fr/deco-parentale-luxe-2026,2026-08-27
travaux-magazine.fr,,,https://travaux-magazine.fr/idees-chambre-bleu-nuit,2026-08-27
travaux-magazine.fr,,,https://travaux-magazine.fr/idees-chambres-tendance-originale-elegante,2026-08-27
travaux-magazine.fr,,,https://travaux-magazine.fr/idees-creatives-petite-chambre,2026-08-27
travaux-magazine.fr,,,https://travaux-magazine.fr/idees-deco-bureau-scandinave,2026-08-27
travaux-magazine.fr,31 idées de décoration chic et colorée pour votre chambre - Travaux-magazine.fr,31 idées décoration,https://travaux-magazine.fr/idees-deco-chambre-coloree-chic,2026-08-27
travaux-magazine.fr,Intégrer le vert sauge dans une chambre moderne : nos conseils - Travaux-magazine.fr,sauge chambre moderne,https://travaux-magazine.fr/integrer-vert-sauge-chambre-moderne,2026-08-27
travaux-magazine.fr,,,https://travaux-magazine.fr/papier-peint-demi-cercle-decoration,2026-08-27
travaux-magazine.fr,Comment trouver un artisan pour rénover votre cuisine ? - Travaux-magazine.fr,artisan rénover votre,https://travaux-magazine.fr/renovation-meubles-cuisine-artisan,2026-08-27
travaux-magazine.fr,Aménagez votre bureau avec le secrétaire Vicco Alena - Travaux-magazine.fr,votre bureau secrétaire,https://travaux-magazine.fr/secretaire-bureau-vicco-alena,2026-08-27
travaux-magazine.fr,,,https://travaux-magazine.fr/tete-de-lit-diy-moins-60e,2026-08-27
travaux-specialistes.fr,Apprenez à dessiner facilement avec nos conseils pratiques - Travaux-specialistes.fr,apprenez dessiner facilement,https://travaux-specialistes.fr/apprendre-dessin-technique-facile,2026-08-27
travaux-specialistes.fr,Les fondations des rénovations : les chiffres clés à connaître - Travaux-specialistes.fr,fondations rénovations,https://travaux-specialistes.fr/chiffres-fondamentaux-renovation,2026-08-27
travaux-specialistes.fr,Initiation au dessin technique pour la rénovation - Travaux-specialistes.fr,dessin technique rénovation,https://travaux-specialistes.fr/dessin-technique-renovation,2026-08-27
travaux-specialistes.fr,Dessiner des cœurs : techniques et inspirations - Travaux-specialistes.fr,dessiner cœurs,https://travaux-specialistes.fr/dessiner-coeurs-techniques-inspirations,2026-08-27
travaux-specialistes.fr,Ébauches pratiques pour dessiner des vues architecturales - Travaux-specialistes.fr,dessiner vues architecturales,https://travaux-specialistes.fr/esquisses-vues-architecturales,2026-08-27
travaux-specialistes.fr,Design innovant de fauteuils pour tatouage - Travaux-specialistes.fr,design innovant fauteuils,https://travaux-specialistes.fr/fauteuils-tatouage-design-innovant,2026-08-27
travaux-specialistes.fr,Introduction au dessin technique pour l'architecture - Travaux-specialistes.fr,dessin technique architecture,https://travaux-specialistes.fr/introduction-dessin-technique-architecture,2026-08-27
travaux-specialistes.fr,Apprenez à lire des plans de construction facilement - Travaux-specialistes.fr,plans construction facilement,https://travaux-specialistes.fr/lire-plans-construction,2026-08-27
travaux-specialistes.fr,Maîtriser la lecture des plans de maison pour la rénovation - Travaux-specialistes.fr,plans maison rénovation,https://travaux-specialistes.fr/lire-plans-renovation-maison,2026-08-27
travaux-specialistes.fr,Découvrez des solutions métalliques et en béton pour votre maison - Travaux-specialistes.fr,solutions métalliques,https://travaux-specialistes.fr/materiaux-metal-beton-renovation,2026-08-27
www.3ehabitat.fr,"Vrillette du bois : durée de vie, cycle et moments clés pour agir - 3e habitat",vrillette bois,https://www.3ehabitat.fr/vrillette-du-bois-duree-de-vie-cycle-et-moments-cles-pour-agir,2026-08-27
www.adprip.fr,"Prime de Noël et ARE : conditions, montant et démarches à vérifier - Adprip",prime noël are,https://www.adprip.fr/prime-de-noel-et-are-conditions-montant-et-demarches-a-verifier,2026-08-27
www.aebfrance.com,"Covering fenêtre PVC : plaxage, prix et vraies limites",covering fenêtre pvc,https://www.aebfrance.com/covering-fenetre-pvc,2026-08-27
www.aebfrance.com,Évaluer un fauteuil de bureau d'occasion : les sept points de contrôle...,fauteuil bureau occasion,https://www.aebfrance.com/evaluer-un-fauteuil-de-bureau-doccasion-les-sept-points-de-controle-et-leurs-tests,2026-08-27
www.aebfrance.com,"Fabriquer cage perroquet : matériaux, dimensions et construction",fabriquer cage perroquet,https://www.aebfrance.com/fabriquer-cage-perroquet,2026-08-27
www.aebfrance.com,Les composants d'une serrure : à quoi servent-ils ?,composants serrure,https://www.aebfrance.com/les-composants-dune-serrure-a-quoi-servent-ils,2026-08-27
www.aebfrance.com,Schneider Wiser : la domotique qui simplifie la maison,schneider wiser,https://www.aebfrance.com/schneider-wiser,2026-08-27
www.agence-etoile.fr,Employment and Real Estate: a closer look - Agence Etoile,employment real estate,https://www.agence-etoile.fr/en/2026/08/25/employment-and-real-estate-a-closer-look,2026-08-27
www.agencedupaysdaigues.com,Achat immobilier à distance : préparer sans multiplier,achat immobilier distance,https://www.agencedupaysdaigues.com/achat-immobilier-distance-preparer-sans-multiplier-deplacements,2026-08-27
www.agencedupaysdaigues.com,Aménagez votre buanderie sur mesure pour un quotidien plus simple Agencedupaysdaigues,votre buanderie mesure,https://www.agencedupaysdaigues.com/amenagez-votre-buanderie-sur-mesure-quotidien-plus-simple,2026-08-27
www.agencedupaysdaigues.com,Coworking à lille : trouvez le quartier parfait selon votre métier,coworking lille,https://www.agencedupaysdaigues.com/coworking-a-lille-guide-des-quartiers-ideaux-selon-votre-activite,2026-08-27
www.agencedupaysdaigues.com,"Maison à Névez : acheter entre ria, plages et hameaux préservés Agencedupaysdaigues",maison névez,https://www.agencedupaysdaigues.com/maison-a-nevez-acheter-ria-plages-hameaux-preserves,2026-08-27
www.agencedupaysdaigues.com,Piscine sans permis en 2026 : guide et dimensions idéales,piscine sans permis,https://www.agencedupaysdaigues.com/piscine-sans-permis-de-construire-guide-complet-2026-et-conseils-sur-les-dimensions-ideales,2026-08-27
www.agglo-gpso.fr,Citation positif du Jour : méthode simple pour choisir la phrase qui vous parle - GPSO,citation positif jour,https://www.agglo-gpso.fr/citation-positif-du-jour-methode-simple-pour-choisir-la-phrase-qui-vous-parle,2026-08-27
www.airnews.net,RIME en oi pour poésie scolaire : liste de mots et modèles de strophes - Airnews,oi poésie scolaire,https://www.airnews.net/rime-en-oi-pour-poesie-scolaire-liste-de-mots-et-modeles-de-strophes,2026-08-27
www.ameliorer-mon-logement.fr,Batievol devis travaux : guide pour sécuriser vos chantiers,batievol devis travaux,https://www.ameliorer-mon-logement.fr/batievol-devis-travaux,2026-08-27
www.ameliorer-mon-logement.fr,Code erreur poêle à pétrole : les décoder et réparer,erreur poêle pétrole,https://www.ameliorer-mon-logement.fr/code-erreur-poele-a-petrole,2026-08-27
www.atlasimmobilier.com,"Bien melkia, réquisition et titrage au Maroc : ce que la nouvelle loi sur les adouls change pour votre projet immobilier Bien melkia au Maroc : réquisition, titrage et adouls",réquisition titrage maroc,https://atlasimmobilier.com/bien-melkia-requisition-titrage-adouls-maroc,2026-08-27
www.atlasimmobilier.com,"Melkia Property in Morocco: Land Registration, Titling and Adouls",property in morocco,https://atlasimmobilier.com/en/melkia-property-land-registration-and-title-deeds-in-morocco-what-the-new-law-on-adouls-changes-for-your-real-estate-project,2026-08-27
www.atlasimmobilier.com,Furnished riad near Bab Marrakech in Essaouira.,furnished riad near,https://atlasimmobilier.com/en/p/furnished-riad-with-a-terrace-near-bab-marrakech-in-essaouira,2026-08-27
www.atlasimmobilier.com,Single-storey villa with swimming pool – Route de Fès,villa with swimming,https://atlasimmobilier.com/en/p/single-storey-villa-with-swimming-pool-route-de-fes,2026-08-27
www.atlasimmobilier.com,Titled Plot 50 Metres from the Ocean in Essaouira Medina,ocean in essaouira,https://atlasimmobilier.com/en/p/terrain-titre-111m2-ocean-medina-essaouira,2026-08-27
www.atlasimmobilier.com,Titled 15 m² garage in Tafoukt – An opportunity in Essaouira,garage in tafoukt,https://atlasimmobilier.com/en/p/titled-15-m%c2%b2-garage-in-tafoukt-an-opportunity-in-essaouira,2026-08-27
www.atlasimmobilier.com,Riad meublé près de Bab Marrakech à Essaouira,bab marrakech essaouira,https://atlasimmobilier.com/p/riad-meuble-avec-terrasse-pres-de-bab-marrakech-a-essaouira,2026-08-27
www.atlasimmobilier.com,Terrain titré à 50 mètres de l’océan dans la médina d’Essaouira,mètres océan médina,https://atlasimmobilier.com/p/terrain-titre-111m2-ocean-medina-essaouira,2026-08-27
www.b2btoday.com,"L'IA dans la vente B2B : où elle crée vraiment de la valeur, et où elle échoue encore • Le blog B2B",ia vente b2b,https://www.b2btoday.com/lia-dans-la-vente-b2b-11295,2026-08-27
www.b2btoday.com,"Stratégies d’expansion au Laos, au Cambodge ou en Birmanie : quelles opportunités pour les PME françaises ? • Le blog B2B",expansion laos cambodge,https://www.b2btoday.com/strategies-dexpansion-au-laos-au-cambodge-ou-en-birmanie-quelles-opportunites-pour-les-pme-francaises-11291,2026-08-27
www.belnap.fr,Rénovation façade : conseils pour un projet réussi,rénovation façade,https://www.belnap.fr/renovation-facade,2026-08-27
www.blog-actif.net,Epsilon Scan FR : l'adresse à connaître pour vos mangas et webtoons VF - Blog Actif,epsilon scan fr,https://www.blog-actif.net/epsilon-scan-fr-ladresse-a-connaitre-pour-vos-mangas-et-webtoons-vf,2026-08-27
www.blueprintforsafety.org,Frontaliers et vacanciers : le guide malin du prix cigarettes Allemagne - Blueprint For Safety,frontaliers vacanciers,https://www.blueprintforsafety.org/frontaliers-et-vacanciers-le-guide-malin-du-prix-cigarettes-allemagne,2026-08-27
www.cle-immobilier.net,"Charges locatives meublé et indexation des loyers, comment les articuler ? - CLE Immobilier",indexation loyers articuler,https://www.cle-immobilier.net/charges-locatives-meuble-et-indexation-des-loyers-comment-les-articuler,2026-08-27
www.cle-immobilier.net,"Héritage maison des parents, donation ou succession classique : que choisir ? - CLE Immobilier",donation succession classique,https://www.cle-immobilier.net/heritage-maison-des-parents-donation-ou-succession-classique-que-choisir,2026-08-27
www.commentaider.fr,Communication digitale : pourquoi votre marque parle peut-être trop,communication digitale,https://www.commentaider.fr/communication-digitale-pourquoi-votre-marque-parle-peut-etre-trop,2026-08-27
www.commentaider.fr,"Data centers IA en 2026 : eau, énergie et mesure",data centers ia,https://www.commentaider.fr/data-centers-ia-en-2026-le-calcul-a-une-facture-physique,2026-08-27
www.commentaider.fr,IA en santé : le coût du contrôle réglementaire en 2026,ia santé,https://www.commentaider.fr/ia-en-sante-en-2026-le-controle-a-un-prix,2026-08-27
www.commentaider.fr,Chômage technologique : le test OT de Meta en 2026,chômage technologique,https://www.commentaider.fr/meta-voulait-automatiser-le-travail-les-chiffres-ont-freine-le-plan,2026-08-27
www.commentaider.fr,Pembrolizumab en oncologie : comparer trois essais,pembrolizumab oncologie,https://www.commentaider.fr/pembrolizumab-trois-cancers-trois-resultats-a-nuancer,2026-08-27
www.commentaider.fr,Lecture automatique des plaques : tarifs et contestation,lecture automatique plaques,https://www.commentaider.fr/plaque-scannee-au-parking-tarifs-donnees-et-contestation-en-2026,2026-08-27
www.coupefile-immobilier.com,Où chercher une location longue durée à Essaouira chez un particulier en 2026 ? - Coupefile Immobilier,chez particulier 2026,https://www.coupefile-immobilier.com/ou-chercher-une-location-longue-duree-a-essaouira-chez-un-particulier-en-2026,2026-08-27
www.cyfernet.org,"Surface utile def : définition, calcul et usages concrets - cyfernet.org",surface utile def,https://www.cyfernet.org/surface-utile-def,2026-08-27
www.eco-finance.info,Procédure du droit au compte à la Banque de France,compte banque france,https://www.eco-finance.info/droit-au-compte-banque-france,2026-08-27
www.espacecastillon.fr,Comment trouver un serrurier en urgence à Lyon - Espace Castillon,serrurier urgence lyon,https://www.espacecastillon.fr/comment-trouver-un-serrurier-en-urgence-a-lyon,2026-08-27
www.espacecastillon.fr,Débroussailleuse ou Coupe-Bordure : Quelle Différence ?,débroussailleuse coupe bordure,https://www.espacecastillon.fr/difference-debroussailleuse-coupe-bordure,2026-08-27
www.espacecastillon.fr,Portail Battant ou Coulissant : Lequel Choisir ?,portail battant coulissant,https://www.espacecastillon.fr/portail-battant-coulissant,2026-08-27
www.espacecastillon.fr,Programmer une Télécommande de Portail avec une Autre,programmer télécommande portail,https://www.espacecastillon.fr/programmation-telecommande-portail,2026-08-27
www.evmag.fr,Besoin d'une citation trahison en Amour pour un statut Facebook ou WhatsApp ? - EV Mag,amour statut facebook,https://www.evmag.fr/besoin-dune-citation-trahison-en-amour-pour-un-statut-facebook-ou-whatsapp,2026-08-27
www.exactimmo.fr,Vendre appartement Marrakech dans la médina : spécificités et pièges à éviter - Exact Immo,appartement marrakech médina,https://www.exactimmo.fr/vendre-appartement-marrakech-dans-la-medina-specificites-et-pieges-a-eviter,2026-08-27
www.experts-immobilier.fr,Quelle Lettre à notaire envoyer pour accélérer une succession complexe ? - Experts Immobilier,lettre notaire envoyer,https://www.experts-immobilier.fr/quelle-lettre-a-notaire-envoyer-pour-accelerer-une-succession-complexe,2026-08-27
www.fivestars-thailand.com,How to Create a Thailand Property Listing That Attracts International Renters - Blog - FiveStars Thailand,thailand property listing,https://www.fivestars-thailand.com/en/blog/282-how-to-create-a-thailand-property-listing-that-attracts-international-renters,2026-08-27
www.fivestars-thailand.com,2bedroom 2 bathroom unit facing Yenakart at Sathorn for rent - FiveStars Thailand,2bedroom bathroom unit,https://www.fivestars-thailand.com/en/rent/apartment-condo/bangkok/sathorn/sathorn-road/ABKK31747,2026-08-27
www.fivestars-thailand.com,"Tropical Modern 3-Bedroom Villa for Sale – Bo Phut, Koh Samui - FiveStars Thailand",bedroom villa sale,https://www.fivestars-thailand.com/en/sale/house-villa/koh-samui/HUSM31746,2026-08-27
www.fivestars-thailand.com,Grand appartement de 2 chambres à louer à Sathorn - FiveStars Immobilier Thaïlande,chambres louer sathorn,https://www.fivestars-thailand.com/fr/a-louer/appartement-condo/bangkok/sathorn/sathorn-road/ABKK31747,2026-08-27
www.fivestars-thailand.com,"Villa Tropicale Moderne de 3 Chambres à Vendre – Bo Phut, Koh Samui - FiveStars Immobilier Thaïlande",villa tropicale moderne,https://www.fivestars-thailand.com/fr/a-vendre/maison-villa/koh-samui/HUSM31746,2026-08-27
www.gvu-immo.com,"Appartement à Aix-les-Bains (73100), 1 pièces, de 23m² à 595 €",aix bains 73100,https://www.gvu-immo.com/annonce/appartement-a-aix-les-bains-73100-1-pieces-12792,2026-08-27
www.gvu-immo.com,"Appartement à Aix-les-Bains (73100), 2 pièces, de 36m² à 690 €",aix bains 73100,https://www.gvu-immo.com/annonce/appartement-a-aix-les-bains-73100-2-pieces-12802,2026-08-27
www.gvu-immo.com,"Appartement à Aix-les-Bains (73100), 3 pièces, de 70m² à 249 000 €",aix bains 73100,https://www.gvu-immo.com/annonce/appartement-a-aix-les-bains-73100-3-pieces-12807,2026-08-27
www.gvu-immo.com,"Appartement à Annecy (74000), 5 pièces, de 111m² à 734 000 €",appartement annecy 74000,https://www.gvu-immo.com/annonce/appartement-a-annecy-74000-5-pieces-12834,2026-08-27
www.gvu-immo.com,"Appartement à Annecy (74000), 5 pièces, de 111m² à 719 320 €",annecy 74000 pièces,https://www.gvu-immo.com/annonce/appartement-a-annecy-74000-5-pieces-12836,2026-08-27
www.gvu-immo.com,"Appartement à Barberaz (73000), 5 pièces, de 148m² à 368 000 €",barberaz 73000 pièces,https://www.gvu-immo.com/annonce/appartement-a-barberaz-73000-5-pieces-12813,2026-08-27
www.gvu-immo.com,"Appartement à Bassens (73000), 3 pièces, de 67m² à 276 900 €",bassens 73000 pièces,https://www.gvu-immo.com/annonce/appartement-a-bassens-73000-3-pieces-12838,2026-08-27
www.gvu-immo.com,"Appartement à Challes-les-Eaux (73190), 2 pièces, de 32m² à 767 €",challes eaux 73190,https://www.gvu-immo.com/annonce/appartement-a-challes-les-eaux-73190-2-pieces-12823,2026-08-27
www.gvu-immo.com,"Appartement à Chambéry (73000), 1 pièces, de 12m² à 420 €",appartement chambéry 73000,https://www.gvu-immo.com/annonce/appartement-a-chambery-73000-1-pieces-12786,2026-08-27
www.gvu-immo.com,"Appartement à Chambéry (73000), 1 pièces, de 32m² à 557 €",appartement chambéry 73000,https://www.gvu-immo.com/annonce/appartement-a-chambery-73000-1-pieces-12816,2026-08-27
www.gvu-immo.com,"Appartement à Chambéry (73000), 1 pièces, de 25m² à 515 €",appartement chambéry 73000,https://www.gvu-immo.com/annonce/appartement-a-chambery-73000-1-pieces-12831,2026-08-27
www.gvu-immo.com,"Appartement à Chambéry (73000), 2 pièces, de 40m² à 160 000 €",appartement chambéry 73000,https://www.gvu-immo.com/annonce/appartement-a-chambery-73000-2-pieces-12839,2026-08-27
www.gvu-immo.com,"Appartement à Chambéry (73000), 2 pièces, de 58m² à 805 €",appartement chambéry 73000,https://www.gvu-immo.com/annonce/appartement-a-chambery-73000-2-pieces-12840,2026-08-27
www.gvu-immo.com,"Appartement à Chambéry (73000), 3 pièces, de 70m² à 833 €",appartement chambéry 73000,https://www.gvu-immo.com/annonce/appartement-a-chambery-73000-3-pieces-12789,2026-08-27
www.gvu-immo.com,"Appartement à Chambéry (73000), 3 pièces, de 65m² à 234 000 €",appartement chambéry 73000,https://www.gvu-immo.com/annonce/appartement-a-chambery-73000-3-pieces-12791,2026-08-27
www.gvu-immo.com,"Appartement à Chambéry (73000), 3 pièces, de 132m² à 379 000 €",appartement chambéry 73000,https://www.gvu-immo.com/annonce/appartement-a-chambery-73000-3-pieces-12811,2026-08-27
www.gvu-immo.com,"Appartement à Chambéry (73000), 3 pièces, de 70m² à 210 000 €",appartement chambéry 73000,https://www.gvu-immo.com/annonce/appartement-a-chambery-73000-3-pieces-12812,2026-08-27
www.gvu-immo.com,"Appartement à Chambéry (73000), 4 pièces, de 107m² à 1 776 €",appartement chambéry 73000,https://www.gvu-immo.com/annonce/appartement-a-chambery-73000-4-pieces-12805,2026-08-27
www.gvu-immo.com,"Appartement à Grenoble (38000), 3 pièces, de 68m² à 255 000 €",grenoble 38000 pièces,https://www.gvu-immo.com/annonce/appartement-a-grenoble-38000-3-pieces-12822,2026-08-27
www.gvu-immo.com,"Appartement à Jacob-Bellecombette (73000), 1 pièces, de m² à 21 500 €",bellecombette 73000 pièces,https://www.gvu-immo.com/annonce/appartement-a-jacob-bellecombette-73000-1-pieces-12818,2026-08-27
www.gvu-immo.com,"Appartement à La Ravoire (73490), 2 pièces, de 43m² à 199 000 €",ravoire 73490 pièces,https://www.gvu-immo.com/annonce/appartement-a-la-ravoire-73490-2-pieces-12821,2026-08-27
www.gvu-immo.com,"Appartement à La Ravoire (73490), 4 pièces, de 88m² à 263 000 €",ravoire 73490 pièces,https://www.gvu-immo.com/annonce/appartement-a-la-ravoire-73490-4-pieces-12817,2026-08-27
www.gvu-immo.com,"Local commercial à Chambéry (73000), 1 pièces, de 29m² à 16 000 €",chambéry 73000 pièces,https://www.gvu-immo.com/annonce/local-commercial-a-chambery-73000-1-pieces-12117,2026-08-27
www.gvu-immo.com,"Local commercial à Chambéry (73000), 1 pièces, de 22m² à 38 000 €",chambéry 73000 pièces,https://www.gvu-immo.com/annonce/local-commercial-a-chambery-73000-1-pieces-12146,2026-08-27
www.gvu-immo.com,"Maison à Aix-les-Bains (73100), 5 pièces, de 170m² à 495 000 €",maison aix bains,https://www.gvu-immo.com/annonce/maison-a-aix-les-bains-73100-5-pieces-12808,2026-08-27
www.gvu-immo.com,"Maison à Aix-les-Bains (73100), 8 pièces, de 320m² à 1 570 000 €",maison aix bains,https://www.gvu-immo.com/annonce/maison-a-aix-les-bains-73100-8-pieces-12843,2026-08-27
www.gvu-immo.com,"Maison à Chignin (73800), 7 pièces, de 265m² à 690 000 €",maison chignin 73800,https://www.gvu-immo.com/annonce/maison-a-chignin-73800-7-pieces-12814,2026-08-27
www.gvu-immo.com,"Maison à Cognin (73160), 5 pièces, de 113m² à 330 000 €",maison cognin 73160,https://www.gvu-immo.com/annonce/maison-a-cognin-73160-5-pieces-12841,2026-08-27
www.gvu-immo.com,"Maison à Novalaise (73470), 6 pièces, de 149m² à 540 000 €",maison novalaise 73470,https://www.gvu-immo.com/annonce/maison-a-novalaise-73470-6-pieces-12829,2026-08-27
www.gvu-immo.com,"Maison à Pugny-Chatenod (73100), 7 pièces, de 320m² à 1 570 000 €",maison pugny chatenod,https://www.gvu-immo.com/annonce/maison-a-pugny-chatenod-73100-7-pieces-12825,2026-08-27
www.gvu-immo.com,"Maison à Sainte-Hélène-sur-Isère (73460), 6 pièces, de 174m² à 460 000 €",maison sainte hélène,https://www.gvu-immo.com/annonce/maison-a-sainte-helene-sur-isere-73460-6-pieces-12832,2026-08-27
www.gvu-immo.com,"Maison à Trévignin (73100), 5 pièces, de 111m² à 455 000 €",maison trévignin 73100,https://www.gvu-immo.com/annonce/maison-a-trevignin-73100-5-pieces-12809,2026-08-27
www.gvu-immo.com,"Maison neuve à Argonay (74370), 6 pièces, de 130m² à 945 360 €",maison neuve argonay,https://www.gvu-immo.com/annonce/maison-neuve-a-argonay-74370-6-pieces-12810,2026-08-27
www.gvu-immo.com,"Maison neuve à Collonges-sous-Salève (74160), pièces, de 120m² à 740 000 €",maison neuve collonges,https://www.gvu-immo.com/annonce/maison-neuve-a-collonges-sous-saleve-74160-pieces-12798,2026-08-27
www.gvu-immo.com,"Maison neuve à Copponex (74350), 6 pièces, de 130m² à 663 800 €",maison neuve copponex,https://www.gvu-immo.com/annonce/maison-neuve-a-copponex-74350-6-pieces-12804,2026-08-27
www.gvu-immo.com,"Maison neuve à Cruseilles (74350), 5 pièces, de 120m² à 657 121 €",maison neuve cruseilles,https://www.gvu-immo.com/annonce/maison-neuve-a-cruseilles-74350-5-pieces-12790,2026-08-27
www.gvu-immo.com,"Maison neuve à Fillinges (74250), 4 pièces, de 90m² à 558 000 €",maison neuve fillinges,https://www.gvu-immo.com/annonce/maison-neuve-a-fillinges-74250-4-pieces-12794,2026-08-27
www.gvu-immo.com,"Maison neuve à Marcellaz (74250), 5 pièces, de 107m² à 517 000 €",maison neuve marcellaz,https://www.gvu-immo.com/annonce/maison-neuve-a-marcellaz-74250-5-pieces-12801,2026-08-27
www.gvu-immo.com,"Maison neuve à Saint-Jorioz (74410), 6 pièces, de 133m² à 886 320 €",maison neuve saint,https://www.gvu-immo.com/annonce/maison-neuve-a-saint-jorioz-74410-6-pieces-12799,2026-08-27
www.gvu-immo.com,"Maison neuve à Sallanches (74700), 4 pièces, de 95m² à 473 000 €",maison neuve sallanches,https://www.gvu-immo.com/annonce/maison-neuve-a-sallanches-74700-4-pieces-12826,2026-08-27
www.gvu-immo.com,"Maison neuve à Sallanches (74700), 4 pièces, de 98m² à 468 000 €",maison neuve sallanches,https://www.gvu-immo.com/annonce/maison-neuve-a-sallanches-74700-4-pieces-12827,2026-08-27
www.gvu-immo.com,"Maison neuve à Sallanches (74700), 4 pièces, de 90m² à 446 000 €",maison neuve sallanches,https://www.gvu-immo.com/annonce/maison-neuve-a-sallanches-74700-4-pieces-12828,2026-08-27
www.gvu-immo.com,"Maison neuve à Seynod (74600), 6 pièces, de 133m² à 673 100 €",maison neuve seynod,https://www.gvu-immo.com/annonce/maison-neuve-a-seynod-74600-6-pieces-12793,2026-08-27
www.gvu-immo.com,"Maison neuve à Sillingy (74330), 6 pièces, de 120m² à 769 700 €",maison neuve sillingy,https://www.gvu-immo.com/annonce/maison-neuve-a-sillingy-74330-6-pieces-12803,2026-08-27
www.gvu-immo.com,"Maison neuve à Thorens-Glières (74570), 5 pièces, de 100m² à 528 000 €",maison neuve thorens,https://www.gvu-immo.com/annonce/maison-neuve-a-thorens-glieres-74570-5-pieces-12800,2026-08-27
www.gvu-immo.com,"Maison neuve à Vétraz-Monthoux (74100), 5 pièces, de 108m² à 680 000 €",maison neuve vétraz,https://www.gvu-immo.com/annonce/maison-neuve-a-vetraz-monthoux-74100-5-pieces-12796,2026-08-27
www.gvu-immo.com,"Maison neuve à Villard (74420), 5 pièces, de 98m² à 562 000 €",maison neuve villard,https://www.gvu-immo.com/annonce/maison-neuve-a-villard-74420-5-pieces-12795,2026-08-27
www.gvu-immo.com,"Maison neuve à Viry (74580), 6 pièces, de 130m² à 720 000 €",maison neuve viry,https://www.gvu-immo.com/annonce/maison-neuve-a-viry-74580-6-pieces-12797,2026-08-27
www.gvu-immo.com,"Parking à Chambéry (73000), pièces, de 14m² à 25 000 €",parking chambéry 73000,https://www.gvu-immo.com/annonce/parking-a-chambery-73000-pieces-12780,2026-08-27
www.gvu-immo.com,"Parking à Chambéry (73000), pièces, de 13m² à 92 €",parking chambéry 73000,https://www.gvu-immo.com/annonce/parking-a-chambery-73000-pieces-12788,2026-08-27
www.gvu-immo.com,"Parking à Jacob-Bellecombette (73000), pièces, de m² à 23 500 €",parking jacob bellecombette,https://www.gvu-immo.com/annonce/parking-a-jacob-bellecombette-73000-pieces-12820,2026-08-27
www.gvu-immo.com,"Propriété à Saint-Jean-d'Arvey (73230), 10 pièces, de 500m² à 1 600 000 €",saint jean arvey,https://www.gvu-immo.com/annonce/propriete-a-saint-jean-darvey-73230-10-pieces-12824,2026-08-27
www.gvu-immo.com,"Studio à Chambéry (73000), 1 pièces, de 23m² à 505 €",chambéry 73000 pièces,https://www.gvu-immo.com/annonce/studio-a-chambery-73000-1-pieces-12842,2026-08-27
www.gvu-immo.com,"T3 à Chambéry (73000), 3 pièces, de m² à 255 000 €",chambéry 73000 pièces,https://www.gvu-immo.com/annonce/t3-a-chambery-73000-3-pieces-12785,2026-08-27
www.gvu-immo.com,"T3 à Chambéry (73000), 3 pièces, de 65m² à 234 000 €",chambéry 73000 pièces,https://www.gvu-immo.com/annonce/t3-a-chambery-73000-3-pieces-12787,2026-08-27
www.gvu-immo.com,"T3 à Chambéry (73000), 3 pièces, de 62m² à 880 €",chambéry 73000 pièces,https://www.gvu-immo.com/annonce/t3-a-chambery-73000-3-pieces-12819,2026-08-27
www.gvu-immo.com,"T3 à Chambéry (73000), 3 pièces, de 67m² à 1 197 €",chambéry 73000 pièces,https://www.gvu-immo.com/annonce/t3-a-chambery-73000-3-pieces-12830,2026-08-27
www.gvu-immo.com,"T3 à Saint-Jean-d'Arvey (73230), 3 pièces, de m² à 255 000 €",arvey 73230 pièces,https://www.gvu-immo.com/annonce/t3-a-saint-jean-darvey-73230-3-pieces-12784,2026-08-27
www.gvu-immo.com,"Terrain à Aix-les-Bains (73100), pièces, de 953m² à 280 000 €",terrain aix bains,https://www.gvu-immo.com/annonce/terrain-a-aix-les-bains-73100-pieces-12837,2026-08-27
www.gvu-immo.com,"Terrain à Grésy-sur-Aix (73100), pièces, de 953m² à 280 000 €",terrain grésy aix,https://www.gvu-immo.com/annonce/terrain-a-gresy-sur-aix-73100-pieces-12835,2026-08-27
www.gvu-immo.com,"Terrain à Sonnaz (73000), pièces, de 726m² à 199 900 €",terrain sonnaz 73000,https://www.gvu-immo.com/annonce/terrain-a-sonnaz-73000-pieces-12815,2026-08-27
www.gvu-immo.com,"Villa à Pallud (73200), 4 pièces, de 110m² à 1 295 €",villa pallud 73200,https://www.gvu-immo.com/annonce/villa-a-pallud-73200-4-pieces-12833,2026-08-27
www.gvu-immo.com,Maison : immobilier Chignin,maison,https://www.gvu-immo.com/immobilier/maison/chignin-73800,2026-08-27
www.gvu-immo.com,T3 : immobilier Saint-Jean-d'Arvey,t3,https://www.gvu-immo.com/immobilier/t3/st-jean-d-arvey-73230,2026-08-27
www.habitat-groupe.be,"29/09 I Arpentage ""L'injustice en héritage"" - Habitat Groupé Solidaire",injustice héritage,https://www.habitat-groupe.be/agenda/brabant-wallon/29-09-i-arpentage-linjustice-en-heritage,2026-08-27
www.habitat-groupe.be,"🌿 Colocation conviviale à la campagne – Mont-Theux (4910), Province de Liège - Habitat Groupé Solidaire",colocation conviviale campagne,https://www.habitat-groupe.be/petites-annonces/offres-location/liege/colocation-conviviale-a-la-campagne-mont-theux-4910-province-de-liege,2026-08-27
www.hebertimmobilier.fr,Investissement locatif à Bobigny : le vrai potentiel d’une ville aux portes de Paris,investissement locatif bobigny,https://www.hebertimmobilier.fr/immobilier/investissement-locatif-bobigny,2026-08-27
www.homedome.fr,Comment choisir une couette légère adaptée à son sommeil ? - Home Dome,couette légère adaptée,https://www.homedome.fr/comment-choisir-une-couette-legere-adaptee-a-son-sommeil,2026-08-27
www.homedome.fr,Servitech maison ou artisans locaux : que choisir pour vos travaux ? - Home Dome,servitech maison artisans,https://www.homedome.fr/servitech-maison-ou-artisans-locaux-que-choisir-pour-vos-travaux,2026-08-27
www.immob.biz,Socorpi est-il adapté aux petits investisseurs qui possèdent un seul bien ? - Immo B,adapté petits investisseurs,http://www.immob.biz/socorpi-est-il-adapte-aux-petits-investisseurs-qui-possedent-un-seul-bien,2026-08-27
www.immobilier-web.fr,Les erreurs fréquentes sur Book & Pay qui font fuir les voyageurs en 2026 - Immobilier Web,fuir voyageurs 2026,https://www.immobilier-web.fr/les-erreurs-frequentes-sur-book-pay-qui-font-fuir-les-voyageurs-en-2026,2026-08-27
www.immoguru.fr,Loyer caution : comment rédiger une clause de garantie en béton ? - ImmoGuru,loyer caution,https://www.immoguru.fr/loyer-caution-comment-rediger-une-clause-de-garantie-en-beton,2026-08-27
www.immomatin.com,"DPE : baisse du coefficient appliqué à l’électricité de 1,9 à 1,7 au 1er janvier 2027 - Immo Matin",dpe,https://www.immomatin.com/evaluation/services-evaluer/dpe-300-000-passoires-thermiques-vont-changer-de-statut-sans-travaux-en-2027.html,2026-08-27
www.immomatin.com,"Logement neuf : -4,8 % de réservations par des particuliers au T2 2026 vs le T1 2026 - Immo Matin",logement neuf,https://www.immomatin.com/evaluation/services-evaluer/logement-neuf-4-8-de-reservations-par-des-particuliers-au-t2-2026-vs-le-t1-2026.html,2026-08-27
www.immomatin.com,"Portail immobilier : Le Figaro Immobilier ""recrute"" Cléa pour entrer dans l’internet de la relation - Immo Matin",portail immobilier,https://www.immomatin.com/portails/sites-professionnels/le-figaro-immobilier-recrute-clea-pour-entrer-dans-l-internet-de-la-relation.html,2026-08-27
www.immoproxima.fr,Louer sans fiche de paie PtitClic pour un couple ou une colocation : mode d'emploi - Immo Proxima,fiche paie ptitclic,https://www.immoproxima.fr/louer-sans-fiche-de-paie-ptitclic-pour-un-couple-ou-une-colocation-mode-demploi,2026-08-27
www.immoproxima.fr,MaPrimeRénov' en 2026 : ce que les propriétaires doivent vraiment savoir - Immo Proxima,maprimerénov 2026,https://www.immoproxima.fr/maprimerenov-en-2026-ce-que-les-proprietaires-doivent-vraiment-savoir,2026-08-27
www.immorush.fr,Changer ses fenêtres à Toulouse : ce qu'il faut savoir avant de se lancer - ImmoRush,ses fenêtres toulouse,https://www.immorush.fr/changer-ses-fenetres-a-toulouse-ce-quil-faut-savoir-avant-de-se-lancer,2026-08-27
www.immorush.fr,Investir dans une maison vue sur la mer en 2026 : opportunité à saisir ? - ImmoRush,investir maison vue,https://www.immorush.fr/investir-dans-une-maison-vue-sur-la-mer-en-2026-opportunite-a-saisir,2026-08-27
www.la-loipinel.fr,,,https://www.la-loipinel.fr/quartier-dangereux-fort-lauderdale,2026-08-27
www.lamaisondechloe.fr,Décoration murale et intérieure avec du papier peint,décoration murale intérieure,https://www.lamaisondechloe.fr/personnaliser-son-interieur-avec-une-decoration-qui-vous-ressemble,2026-08-27
www.latabledelacitadelle.fr,G en ml : Guide précis pour vos recettes,ml,https://www.latabledelacitadelle.fr/conversion-g-ml-recettes,2026-08-27
www.leemo.fr,Plongez dans l'aventure captivante de Drake Fortune,captivante drake fortune,https://www.leemo.fr/aventure-drake-fortune,2026-08-27
www.leemo.fr,Décoder l'adresse : éviter les erreurs de livraison,décoder adresse,https://www.leemo.fr/libelle-adresse-livraison,2026-08-27
www.ma-propriete.fr,exploitation agricole arboricole à vendre en l'Auvergne-Rhône-Alpes | MA-PROPRIETE.FR,exploitation agricole arboricole,https://www.ma-propriete.fr/fr/agricole/arboriculture/region/auvergne-rhone-alpes,2026-08-27
www.ma-propriete.fr,Bâtiments agricole avec studio à rénover - 19 hectares | MA-PROPRIETE.FR,bâtiments agricole studio,https://www.ma-propriete.fr/fr/agricole/polyculture-elevage/tarn-et-garonne/batiments-agricole-avec-studio-a-renover-19-hectares,2026-08-27
www.ma-propriete.fr,Faut-il investir dans une propriété rurale ancienne ou un programme immobilier neuf en ville ? | MA-PROPRIETE.FR,investir propriété rurale,https://www.ma-propriete.fr/fr/blog/faut-il-investir-dans-une-propriete-rurale-ancienne-ou-un-programme-immobilier-neuf-en-ville,2026-08-27
www.ma-propriete.fr,"Maison avec boxes sur 1,6 hectare | MA-PROPRIETE.FR",maison boxes hectare,https://www.ma-propriete.fr/fr/equestre/proprietes-equestres/correze/maison-avec-boxes-sur-1-6-hectare,2026-08-27
www.ma-propriete.fr,"PROPRIÉTÉ DE CARACTÈRE ? 2,4 HA MINIMUM ? DÉPENDANCES ? PISCINE | MA-PROPRIETE.FR",minimum dépendances piscine,https://www.ma-propriete.fr/fr/equestre/proprietes-equestres/gers/propriete-de-caractere-2-4-ha-minimum-dependances-piscine,2026-08-27
www.ma-propriete.fr,Centre équestre d'exception à vendre - À seulement 30 min | MA-PROPRIETE.FR,centre équestre exception,https://www.ma-propriete.fr/fr/equestre/proprietes-equestres/loire-atlantique/centre-equestre-dexception-a-vendre-a-seulement-30-min,2026-08-27
www.ma-propriete.fr,"Maison Malville 7 pièce(s), 114 m2 et 2,7 hectares | MA-PROPRIETE.FR",maison malville pièce,https://www.ma-propriete.fr/fr/equestre/proprietes-equestres/loire-atlantique/maison-malville-7-piece-s-114-m2-et-2-7-hectares,2026-08-27
www.ma-propriete.fr,"Domaine équestre d'exception aux portes d'Angers . Trois habitations, installations équestres | MA-PROPRIETE.FR",domaine équestre,https://www.ma-propriete.fr/fr/equestre/proprietes-equestres/maine-et-loire/domaine-equestre-dexception-aux-portes-dangers-trois-habitations-installations-equestres,2026-08-27
www.ma-propriete.fr,"DEMEURE DE CARACTÈRE AVEC GÎTE ENV. 280 M² HABITABLES 2,3 HA | MA-PROPRIETE.FR",demeure caractère gîte,https://www.ma-propriete.fr/fr/equestre/proprietes-equestres/tarn-et-garonne/demeure-de-caractere-avec-gite-env-280-m2-habitables-2-3-ha,2026-08-27
www.ma-propriete.fr,Maison de 180 m2 sur 6.3 hectares | MA-PROPRIETE.FR,maison 180 m2,https://www.ma-propriete.fr/fr/equestre/proprietes-equestres/vendee/maison-de-180-m2-sur-6-3-hectares,2026-08-27
www.ma-propriete.fr,Propriete Gite pour pêcheur à vendre HAMBERS (53) | MA-PROPRIETE.FR,pêcheur vendre hambers,https://www.ma-propriete.fr/fr/forestiere/etangs/mayenne/propriete-gite-pour-pecheur-a-vendre-hambers-53-2,2026-08-27
www.ma-propriete.fr,"Élégant château du XIXᵉ siècle sur 70 ha, vue panoramique sur les Pyrénées, à 1h30 de Toulouse-Blagnac | MA-PROPRIETE.FR",pyrénées 1h30 toulouse,https://www.ma-propriete.fr/fr/prestige/chateaux/haute-garonne/elegant-chateau-du-xix-siecle-sur-70-ha-vue-panoramique-sur-les-pyrenees-a-1h30-de-toulouse-blagnac-1,2026-08-27
www.ma-propriete.fr,EN EXCLUSIVITE - RARE SAINTE ANNE - ENSEMBLE DE DEUX VILLAS INDEPENDANTES AVEC FORT POTENTIEL LOCATIF | MA-PROPRIETE.FR,exclusivite,https://www.ma-propriete.fr/fr/prestige/maison-de-maitre-belle-demeure/guadeloupe/en-exclusivite-rare-sainte-anne-ensemble-de-deux-villas-independantes-avec-fort-potentiel-locatif-2,2026-08-27
www.ma-propriete.fr,CHAZELLES SUR LYON - Propriété de Prestige | MA-PROPRIETE.FR,chazelles lyon,https://www.ma-propriete.fr/fr/prestige/maison-de-maitre-belle-demeure/loire/chazelles-sur-lyon-propriete-de-prestige,2026-08-27
www.ma-propriete.fr,"Manoir du XIVe siècle : Authenticité, Air pur et Golf entre l'Aubrac et les Monts du Cantal | MA-PROPRIETE.FR",manoir xive siècle,https://www.ma-propriete.fr/fr/prestige/manoirs/aveyron/manoir-du-xive-siecle-authenticite-air-pur-et-golf-entre-laubrac-et-les-monts-du-cantal,2026-08-27
www.ma-propriete.fr,Maison à vendre 2 pièces ARCHINGEAY (17) | MA-PROPRIETE.FR,vendre pièces archingeay,https://www.ma-propriete.fr/fr/rurale/ferme-grange-mas/charente-maritime/maison-a-vendre-2-pieces-archingeay-17,2026-08-27
www.ma-propriete.fr,Maison 5 pièces avec grange et piscine | MA-PROPRIETE.FR,maison pièces grange,https://www.ma-propriete.fr/fr/rurale/ferme-grange-mas/correze/maison-5-pieces-avec-grange-et-piscine,2026-08-27
www.ma-propriete.fr,Maison rénovée vendue meublée | MA-PROPRIETE.FR,maison rénovée vendue,https://www.ma-propriete.fr/fr/rurale/maison-de-campagne/haute-vienne/maison-renovee-vendue-meublee,2026-08-27
www.ma-propriete.fr,Cahors : Maison de caractère avec vue imprenable sur le Lot | MA-PROPRIETE.FR,cahors,https://www.ma-propriete.fr/fr/rurale/maison-de-campagne/lot/cahors-maison-de-caractere-avec-vue-imprenable-sur-le-lot,2026-08-27
www.ma-propriete.fr,Maison de campagne de caractère avec dépendances et potentiel chambres d'hôtes | MA-PROPRIETE.FR,maison campagne caractère,https://www.ma-propriete.fr/fr/rurale/maison-de-campagne/vienne/maison-de-campagne-de-caractere-avec-dependances-et-potentiel-chambres-dhotes,2026-08-27
www.ma-propriete.fr,Terrains de loisirsà vendre en Marne (51) | MA-PROPRIETE.FR,loisirsà vendre marne,https://www.ma-propriete.fr/fr/rurale/terrains-de-loisirs/departement/marne,2026-08-27
www.ma-propriete.fr,Terrains de loisirsà vendre dans le Pas-de-Calais (62) | MA-PROPRIETE.FR,terrains loisirsà vendre,https://www.ma-propriete.fr/fr/rurale/terrains-de-loisirs/departement/pas-de-calais,2026-08-27
www.ma-propriete.fr,"Terrain à vendre de 4 900,00 m² proche de REIMS (51) | MA-PROPRIETE.FR",terrain vendre 900,https://www.ma-propriete.fr/fr/rurale/terrains-de-loisirs/marne/terrain-a-vendre-de-4-900-00-m2-proche-de-reims-51,2026-08-27
www.ma-propriete.fr,Campings à vendre dans l'Ariège (09) | MA-PROPRIETE.FR,campings vendre ariège,https://www.ma-propriete.fr/fr/touristique/campings/departement/ariege,2026-08-27
www.ma-propriete.fr,EXCEPTIONNEL ENSEMBLE TOURISTIQUE + VILLA PRINCIPALE – SAINT-FRANÇOIS | MA-PROPRIETE.FR,exceptionnel ensemble touristique,https://www.ma-propriete.fr/fr/touristique/gites/guadeloupe/exceptionnel-ensemble-touristique-villa-principale-saint-francois,2026-08-27
www.ma-propriete.fr,Domaine d'exception - CHAVAGNES EN PAILLERS (85) - 1 maison d'habitation ainsi que 2 gîtes avec piscine | MA-PROPRIETE.FR,domaine exception,https://www.ma-propriete.fr/fr/touristique/gites/vendee/domaine-dexception-chavagnes-en-paillers-85-1-maison-dhabitation-ainsi-que-2-gites-avec-piscine,2026-08-27
www.maison-poincare.fr,Laine de verre ou laine de roche : que choisir ?,verre laine roche,https://www.maison-poincare.fr/travaux/laine-de-verre-ou-laine-de-roche,2026-08-27
www.maison-poincare.fr,Tailler un jasmin grimpant : la bonne méthode,tailler jasmin grimpant,https://www.maison-poincare.fr/travaux/tailler-jasmin-grimpant,2026-08-27
www.maisonreflet.fr,Astuce expertise dégât des eaux : bien se préparer,astuce expertise dégât,https://www.maisonreflet.fr/astuce-expertise-degat-des-eaux-bien-se-preparer,2026-08-27
www.maisonreflet.fr,Comment transformer votre intérieur avec des rideaux d'exception ?,votre intérieur rideaux,https://www.maisonreflet.fr/comment-transformer-votre-interieur-avec-des-rideaux-dexception,2026-08-27
www.maisonreflet.fr,Réglage débit air poêle granule Palazzetti : le guide,réglage débit air,https://www.maisonreflet.fr/reglage-debit-air-poele-granule-palazzetti-le-guide,2026-08-27
www.maisonreflet.fr,Relooker un meuble merisier Louis Philippe : nos astuces,merisier louis philippe,https://www.maisonreflet.fr/relooker-un-meuble-merisier-louis-philippe-nos-astuces,2026-08-27
www.mes-bons-plans.fr,Code promo Alamo Août 2026 : Réductions & Avantages Location | Mes Bons Plans,code promo alamo,https://mes-bons-plans.fr/alamo,2026-08-27
www.mes-bons-plans.fr,Code promo Isinwheel ⇒ Jusqu'à -35% en Août 2026 | Mes Bons Plans,code promo isinwheel,https://mes-bons-plans.fr/isinwheel,2026-08-27
www.mes-bons-plans.fr,Code promo Oral B | Économisez sur l'Hygiène Bucco-Dentaire | Mes Bons Plans,code promo oral,https://mes-bons-plans.fr/oral-b,2026-08-27
www.modulhome.fr,Maison de repos : définition et fonctionnement - Modul Home,maison repos,https://www.modulhome.fr/maison-repos-definition-fonctionnement,2026-08-27
www.monconseillerimmo.com,KALIMMO : comprendre la clôture de liquidation pas à pas - Mon Conseiller Immo,kalimmo,https://www.monconseillerimmo.com/kalimmo-comprendre-la-cloture-de-liquidation-pas-a-pas,2026-08-27
www.monde-immobilier.com,Ces pièges à éviter avant d'acheter une pêcheur petite maison bord de mer Bretagne à vendre - Monde Immobilier,mer bretagne vendre,https://www.monde-immobilier.com/ces-pieges-a-eviter-avant-dacheter-une-pecheur-petite-maison-bord-de-mer-bretagne-a-vendre,2026-08-27
www.money-magazine.fr,Compte bancaire en ligne : pourquoi certains profils sont refusÃ©s sans explication,compte bancaire ligne,https://www.money-magazine.fr/compte-bancaire-en-ligne-pourquoi-certains-profils-sont-refuses-sans-explication,2026-08-27
www.pole-immo.fr,Vendre vite sans brader : bricosuccess-immo.fr estimation en ligne comme point de départ - Pôle Immo,vite sans brader,https://www.pole-immo.fr/vendre-vite-sans-brader-bricosuccess-immo-fr-estimation-en-ligne-comme-point-de-depart,2026-08-27
www.portail-immobilier.fr,Réduire la surprise chez le notaire grâce à Simulateur frais notaire immobilier-capsud.com - Portail Immobilier,simulateur frais notaire,https://www.portail-immobilier.fr/reduire-la-surprise-chez-le-notaire-grace-a-simulateur-frais-notaire-immobilier-capsud-com,2026-08-27
www.rouxel-immo.fr,À quoi sert un flexible d’alimentation et comment bien le choisir ? - Rouxel Immobilier,flexible alimentation choisir,https://www.rouxel-immo.fr/a-quoi-sert-un-flexible-alimentation,2026-08-27
www.tout-immo.net,Acheter à Fréjus en 2026 : comment contourner chaque quartier à éviter ? - Tout Immo,acheter fréjus 2026,https://www.tout-immo.net/acheter-a-frejus-en-2026-comment-contourner-chaque-quartier-a-eviter,2026-08-27
www.tropheesdelamaison.com,Impermabilisant pour canapé et fauteuils : la solution anti-taches des familles - Les Trophées de la Maison,impermabilisant canapé fauteuils,https://www.tropheesdelamaison.com/impermabilisant-pour-canape-et-fauteuils-la-solution-anti-taches-des-familles,2026-08-27
www.tropheesdelamaison.com,Piscine coque polyester : comment choisir le bon modèle pour son projet ? - Les Trophées de la Maison,piscine coque polyester,https://www.tropheesdelamaison.com/piscine-coque-polyester-comment-choisir-le-bon-modele-pour-son-projet,2026-08-27
www.valeurscorporate.fr,▷ Expert immobilier : dans quelles situations son intervention devient-elle indispensable ?,expert immobilier,https://www.valeurscorporate.fr/expert-immobilier-dans-quelles-situations-son-intervention-devient-elle-indispensable,2026-08-27
www.ventes-immobilieres.org,Pourquoi choisir un appartement Marrakech à vendre plutôt qu'un riad ? - Ventes Immo,appartement marrakech vendre,https://www.ventes-immobilieres.org/pourquoi-choisir-un-appartement-marrakech-a-vendre-plutot-quun-riad,2026-08-27
www.vivonsmaison.com,Comment augmenter son taux d’autoconsommation solaire ? - Vivons Maison,taux autoconsommation solaire,https://www.vivonsmaison.com/comment-augmenter-son-taux-dautoconsommation-solaire,2026-08-27
www.vudailleurs.com,Nigeria : la cryptomonnaie au cœur de la survie économique,nigeria,https://www.vudailleurs.com/afrique-nigeria-cryptomonnaie-naira-inflation-lagos,2026-08-27
www.vudailleurs.com,Crise de la pomme de terre : choc sur les récoltes,crise pomme terre,https://www.vudailleurs.com/agriculture-france-crise-pomme-de-terre-secheresse-2026,2026-08-27
www.vudailleurs.com,Avenir du Journalisme et IA : L'Interview d'Éric Le Ray,avenir journalisme ia,https://www.vudailleurs.com/avenir-journalisme-intelligence-artificielle-eric-le-ray,2026-08-27
www.vudailleurs.com,Banque centrale indienne : la RBI subventionné sa diaspora,banque centrale indienne,https://www.vudailleurs.com/banque-centrale-indienne-subvention-diaspora-rbi,2026-08-27
www.vudailleurs.com,Les Entretiens de Vudailleurs : Grands Entretiens et Interviews,entretiens vudailleurs,https://www.vudailleurs.com/category/entretiens-vudailleurs,2026-08-27
www.vudailleurs.com,"Guerre, climat, marchés : la menace invisible sur notre pain",guerre climat marchés,https://www.vudailleurs.com/cereales-alerte-rouge-crise-alimentaire-mondiale,2026-08-27
www.vudailleurs.com,CIA à Moscou : les coulisses de la diplomatie de l'ombre,cia moscou,https://www.vudailleurs.com/cia-moscou-diplomatie-renseignement,2026-08-27
www.vudailleurs.com,Cours de l'or : 6e semaine de hausse consécutive,cours or,https://www.vudailleurs.com/cours-de-l-or-sixieme-semaine-de-hausse,2026-08-27
www.vudailleurs.com,Présence militaire allemande dans les pays baltes : l'analyse,allemande pays baltes,https://www.vudailleurs.com/defense-presence-militaire-allemande-pays-baltes-otan,2026-08-27
www.vudailleurs.com,Rheinmetall : contrat de 250M€ pour un camp militaire en Lituanie,rheinmetall,https://www.vudailleurs.com/defense-rheinmetall-contrat-camp-militaire-lituanie-gcap,2026-08-27
www.vudailleurs.com,Jackson Hole : Ce que Kevin Warsh réserve aux marchés,jackson hole,https://www.vudailleurs.com/fed-jackson-hole-kevin-warsh-impact-marches,2026-08-27
www.vudailleurs.com,BCE et Fed : la rentrée monétaire sous haute tension financière,bce fed,https://www.vudailleurs.com/finance-banques-centrales-bce-fed-taux-d-interet-septembre-2026,2026-08-27
www.vudailleurs.com,Finance : résilience de la dette des Émirats arabes unis en 2026,finance,https://www.vudailleurs.com/finance-emirats-arabes-unis-marche-obligataire-fitch-2026,2026-08-27
www.vudailleurs.com,Investissement : le marché des forêts françaises,investissement,https://www.vudailleurs.com/finance-marche-forets-france-investissement-valeur-refuge,2026-08-27
www.vudailleurs.com,Retraites au Canada : le pari gagnant des marchés émergents,retraites canada,https://www.vudailleurs.com/finance-regimes-retraite-canadiens-marches-emergents-t2-2026,2026-08-27
www.vudailleurs.com,Géopolitique et business : le nouvel ordre mondial,géopolitique business,https://www.vudailleurs.com/geopolitique-business-ordre-mondial,2026-08-27
www.vudailleurs.com,Henriette Caux : « La souveraineté numérique est une question »,henriette caux,https://www.vudailleurs.com/henriette-caux-souverainete-numerique-independance,2026-08-27
www.vudailleurs.com,Jolt Capital nomme Jean-Marc Ollagnier comme Operating Partner,jolt capital nomme,https://www.vudailleurs.com/jolt-capital-nomination-jean-marc-ollagnier-operating-partner,2026-08-27
www.vudailleurs.com,La langue anglaise tue-t-elle le français dans le sport ?,elle français sport,https://www.vudailleurs.com/langue-francaises-anglais-sport,2026-08-27
www.vudailleurs.com,Attaques en mer Rouge : la menace Houthi sur le commerce,attaques mer rouge,https://www.vudailleurs.com/mer-rouge-attaques-houthis-commerce-mondial,2026-08-27
www.vudailleurs.com,"Patrice Ferrant : « La France légifère, d'autres agissent »",patrice ferrant,https://www.vudailleurs.com/patrice-ferrant-interview-securite-videoprotection-ia,2026-08-27
www.vudailleurs.com,Répression migratoire : le coût de la politique de Trump,répression migratoire,https://www.vudailleurs.com/repression-migratoire-trump-couts-usa,2026-08-27
www.vudailleurs.com,Rheinmetall investit des millions dans un Hub Défense à Kassel,hub défense kassel,https://www.vudailleurs.com/rheinmetall-defence-hub-kassel-logistique-drones,2026-08-27
www.vudailleurs.com,"Scott Bessent, le vrai président de la Fed ?",bessent vrai président,https://www.vudailleurs.com/scott-bessent-donald-trump-reserve-federale,2026-08-27
www.vudailleurs.com,Pourquoi investir à l'échelle mondiale sur le crédit ?,échelle mondiale crédit,https://www.vudailleurs.com/top-banque-privee-francaise-classement,2026-08-27
www.vudailleurs.com,Trésor américain : un soutien aux marchés temporaire ?,trésor américain,https://www.vudailleurs.com/tresor-americain-intervention-taux-treasuries,2026-08-27
www.vudailleurs.com,Umalis Group : l'IA et la bourse révolutionnent les RH,umalis group,https://www.vudailleurs.com/umalis-group-ia-bourse-rh,2026-08-27
zone-immo.fr,"Comment cirer un parquet facilement et durablement ? | Zone-Immo, le blog de l’immo.",cirer parquet facilement,https://zone-immo.fr/cirer-du-parquet,2026-08-27
zone-immo.fr,"Comment choisir le cadre photo 40x60 parfait pour votre intérieur | Zone-Immo, le blog de l’immo.",40x60 parfait votre,https://zone-immo.fr/comment-choisir-le-cadre-photo-40x60-parfait-pour-votre-interieur,2026-08-27
zone-immo.fr,"Comment nettoyer les joints de carrelage au sol efficacement ? | Zone-Immo, le blog de l’immo.",joints carrelage sol,https://zone-immo.fr/nettoyage-joint-de-carrelage-sol,2026-08-27
zone-immo.fr,"Peut-on mettre du parquet dans une cuisine sans risque ? | Zone-Immo, le blog de l’immo.",mettre parquet cuisine,https://zone-immo.fr/parquet-dans-une-cuisine,2026-08-27
zone-immo.fr,"Comment peindre un sol en béton extérieur durablement ? | Zone-Immo, le blog de l’immo.",béton extérieur durablement,https://zone-immo.fr/peindre-un-sol-en-beton-exterieur,2026-08-27
