domain,title,keyword_keybert,url,detected_on
123-deco.fr,Les cheveux bouclés avec style : astuces et inspirations - 132-deco.fr,cheveux bouclés style,https://123-deco.fr/cheveux-boucles-style-inspirations,2026-06-23
123-deco.fr,29 idées déco chambre afro-héménienne pour un refuge captivant - 132-deco.fr,afro héménienne refuge,https://123-deco.fr/deco-chambre-afro-hemenienne,2026-06-23
123-deco.fr,Idées de décoration murale afro-héritage pour votre salon - 132-deco.fr,décoration murale afro,https://123-deco.fr/deco-murale-afro-heritage-salon,2026-06-23
123-deco.fr,Inspirez-vous d'un salon boho africain chaleureux - 132-deco.fr,boho africain chaleureux,https://123-deco.fr/salon-boho-africain-inspiration,2026-06-23
allianz-entrepros.fr,Externaliser son e-commerce : pourquoi passer par une agence spécialisée Shopify ? - Allianz Entre Pros,externaliser son commerce,https://allianz-entrepros.fr/externaliser-son-e-commerce,2026-06-23
allianz-entrepros.fr,Les 4 nouvelles mentions obligatoires sur vos factures électroniques dès 2026 - Allianz Entre Pros,électroniques dès 2026,https://allianz-entrepros.fr/mentions-fe,2026-06-23
archilibre.org,Bati-actu.fr : les actualités indispensables pour réussir tous vos chantiers professionnels,bati actu fr,https://archilibre.org/bati-actu-fr,2026-06-23
archilibre.org,Fissures sur une maison à Lyon : comment savoir si elles sont dangereuses ?,fissures maison lyon,https://archilibre.org/fissures-sur-une-maison-a-lyon-comment-savoir-si-elles-sont-dangereuses,2026-06-23
archilibre.org,Peindre carreau salle de bain : les 5 étapes pour une rénovation durable,peindre carreau salle,https://archilibre.org/peindre-carreau-salle-de-bain,2026-06-23
archilibre.org,"Coûts, délais, contraintes : rénover ou démolir pour reconstruire ?",coûts délais contraintes,https://archilibre.org/renovation-immobiliere,2026-06-23
archilibre.org,Rénover un bureau en bois : les étapes clés pour un résultat professionnel,rénover bureau bois,https://archilibre.org/renover-un-bureau-en-bois,2026-06-23
art-pluriel.fr,Linge de maison et rideaux : sublimer la décoration intérieure - Art Pluriel,linge maison rideaux,https://art-pluriel.fr/linge-de-maison-et-rideaux-decoration-interieure,2026-06-23
artisan-conseils.fr,Extension de maison en bois : 24m² d'espace supplémentaire - Artisan-conseils.fr,extension maison bois,https://artisan-conseils.fr/extension-maison-bois-24m2,2026-06-23
artisan-conseils.fr,Transformez votre jardin en un paradis pour enfants - Artisan-conseils.fr,transformez votre jardin,https://artisan-conseils.fr/jardin-paradis-enfants,2026-06-23
artisan-conseils.fr,Un loft urbain pour se détendre à Kyiv - Artisan-conseils.fr,se détendre kyiv,https://artisan-conseils.fr/loft-urbain-detente-kyiv,2026-06-23
artisan-conseils.fr,Découvrez la magie des magnifiques piscines naturelles - Artisan-conseils.fr,magnifiques piscines naturelles,https://artisan-conseils.fr/magie-piscines-naturelles,2026-06-23
artisan-conseils.fr,"Découvrez Attila, une maison de vacances inspirée des yourtes traditionnelles - Artisan-conseils.fr",attila maison vacances,https://artisan-conseils.fr/maison-de-vacances-yourte,2026-06-23
audricdecock.fr,Condensation double vitrage : causes et solutions,condensation double vitrage,https://audricdecock.fr/condensation-entre-vitres-double-vitrage-solutions,2026-06-23
batiment-actualites.fr,Découvrez le charme moderne d'un ADU de 416 pieds carrés - batiment-actualites.fr,découvrez charme moderne,https://batiment-actualites.fr/adu-moderne-416-pieds-carres,2026-06-23
batiment-actualites.fr,Créez une cabane au fond du jardin pour vos enfants - batiment-actualites.fr,jardin vos enfants,https://batiment-actualites.fr/cabane-jardin-enfants,2026-06-23
batiment-actualites.fr,10 idées de loft pour maximiser vos petits espaces - batiment-actualites.fr,vos petits espaces,https://batiment-actualites.fr/idees-loft-petits-espaces,2026-06-23
ccae.fr,Ophis Clermont-Ferrand : Logements Sociaux et Services 🏠,ophis clermont ferrand,https://ccae.fr/ophis,2026-06-23
cerclemediateursbancaires.fr,Achat en copropriété : ces redoutables restrictions cachées à la signature qui risquent de transformer votre appartement en véritable prison - CMB,achat copropriété,https://cerclemediateursbancaires.fr/achat-en-copropriete-ces-redoutables-restrictions-cachees-a-la-signature-qui-risquent-de-transformer-votre-appartement-en-veritable-prison,2026-06-23
cerclemediateursbancaires.fr,"J'ai envoyé 80 € à un ami sur une appli de paiement : le jour où l'argent n'est jamais arrivé, j'ai compris ce qui m'avait échappé - CMB",envoyé 80 ami,https://cerclemediateursbancaires.fr/jai-envoye-80-e-a-un-ami-sur-une-appli-de-paiement-le-jour-ou-largent-nest-jamais-arrive-jai-compris-ce-qui-mavait-echappe,2026-06-23
cerclemediateursbancaires.fr,"J'ai touché ma pension complémentaire pendant des années sans rien vérifier : le jour où l'Agirc-Arrco m'a annoncé 8 500 € de retard, j'ai compris ce qui m'avait échappé - CMB",touché ma pension,https://cerclemediateursbancaires.fr/jai-touche-ma-pension-complementaire-pendant-des-annees-sans-rien-verifier-le-jour-ou-lagirc-arrco-ma-annonce-8-500-e-de-retard-jai-compris-ce-qui-mavait-echappe,2026-06-23
cerclemediateursbancaires.fr,Le piège parfait au téléphone : cette instruction diabolique qui retourne votre application bancaire contre vos propres économies - CMB,piège parfait téléphone,https://cerclemediateursbancaires.fr/le-piege-parfait-au-telephone-cette-instruction-diabolique-qui-retourne-votre-application-bancaire-contre-vos-propres-economies,2026-06-23
cerclemediateursbancaires.fr,Retravailler pour votre ancien patron : la sanction légale implacable qui menace de geler instantanément votre pension - CMB,votre ancien patron,https://cerclemediateursbancaires.fr/retravailler-pour-votre-ancien-patron-la-sanction-legale-implacable-qui-menace-de-geler-instantanement-votre-pension,2026-06-23
cgt-76.fr,Déchetterie BAZOCHES-LES-GALLERANDES (45480) — Horaires et adresses,déchetterie bazoches gallerandes,https://cgt-76.fr/dechetteries-ville/bazoches-les-gallerandes-45480,2026-06-23
cgt-76.fr,Déchetterie BEAUVAIS (60000) — Horaires et adresses,beauvais 60000 horaires,https://cgt-76.fr/dechetteries-ville/beauvais-60000,2026-06-23
cgt-76.fr,Déchetterie BISCARROSSE (40600) — Horaires et adresses,déchetterie biscarrosse 40600,https://cgt-76.fr/dechetteries-ville/biscarrosse-40600,2026-06-23
cgt-76.fr,Déchetterie Blanquefort-sur-Briolance (47500) — Horaires et adresses,déchetterie blanquefort briolance,https://cgt-76.fr/dechetteries-ville/blanquefort-sur-briolance-47500,2026-06-23
cgt-76.fr,Déchetterie Bourdeaux (26460) — Horaires et adresses,bourdeaux 26460 horaires,https://cgt-76.fr/dechetteries-ville/bourdeaux-26460,2026-06-23
cgt-76.fr,Déchetterie Bourg-les-Valence (26500) — Horaires et adresses,déchetterie bourg valence,https://cgt-76.fr/dechetteries-ville/bourg-les-valence-26500,2026-06-23
cgt-76.fr,Déchetterie Cers (34420) — Horaires et adresses,déchetterie cers 34420,https://cgt-76.fr/dechetteries-ville/cers-34420,2026-06-23
cgt-76.fr,Déchetterie Courtomer (61390) — Horaires et adresses,déchetterie courtomer 61390,https://cgt-76.fr/dechetteries-ville/courtomer-61390,2026-06-23
cgt-76.fr,Déchetterie Dessenheim (68600) — Horaires et adresses,déchetterie dessenheim 68600,https://cgt-76.fr/dechetteries-ville/dessenheim-68600,2026-06-23
cgt-76.fr,Déchetterie Fanjeaux (11270) — Horaires et adresses,déchetterie fanjeaux 11270,https://cgt-76.fr/dechetteries-ville/fanjeaux-11270,2026-06-23
cgt-76.fr,Déchetterie Kourou (97310) — Horaires et adresses,déchetterie kourou 97310,https://cgt-76.fr/dechetteries-ville/kourou-97310,2026-06-23
cgt-76.fr,Déchetterie La Ferrière-aux-Étangs (61450) — Horaires et adresses,ferrière étangs 61450,https://cgt-76.fr/dechetteries-ville/la-ferriere-aux-etangs-61450,2026-06-23
cgt-76.fr,Déchetterie La Rochelle (17000) — Horaires et adresses,rochelle 17000 horaires,https://cgt-76.fr/dechetteries-ville/la-rochelle-17000,2026-06-23
cgt-76.fr,Déchetterie Le Faouët (56320) — Horaires et adresses,faouët 56320 horaires,https://cgt-76.fr/dechetteries-ville/le-faouet-56320,2026-06-23
cgt-76.fr,Déchetterie Mandelieu-la-Napoule (06210) — Horaires et adresses,mandelieu napoule 06210,https://cgt-76.fr/dechetteries-ville/mandelieu-la-napoule-06210,2026-06-23
cgt-76.fr,Déchetterie Marquise (62250) — Horaires et adresses,déchetterie marquise 62250,https://cgt-76.fr/dechetteries-ville/marquise-62250,2026-06-23
cgt-76.fr,Déchetterie MOLIERES-CAVAILLAC (30120) — Horaires et adresses,molieres cavaillac 30120,https://cgt-76.fr/dechetteries-ville/molieres-cavaillac-30120,2026-06-23
cgt-76.fr,Déchetterie Monflanquin (47150) — Horaires et adresses,déchetterie monflanquin 47150,https://cgt-76.fr/dechetteries-ville/monflanquin-47150,2026-06-23
cgt-76.fr,Déchetterie Olemps (12510) — Horaires et adresses,déchetterie olemps 12510,https://cgt-76.fr/dechetteries-ville/olemps-12510,2026-06-23
cgt-76.fr,Déchetterie Plouisy (22200) — Horaires et adresses,déchetterie plouisy 22200,https://cgt-76.fr/dechetteries-ville/plouisy-22200,2026-06-23
cgt-76.fr,Déchetterie Pointe-Noire (97116) — Horaires et adresses,déchetterie pointe noire,https://cgt-76.fr/dechetteries-ville/pointe-noire-97116,2026-06-23
cgt-76.fr,Déchetterie PULVERSHEIM (68840) — Horaires et adresses,déchetterie pulversheim 68840,https://cgt-76.fr/dechetteries-ville/pulversheim-68840,2026-06-23
cgt-76.fr,Déchetterie Rouffignac-Saint-Cernin-de-Reilhac (24580) — Horaires et adresses,déchetterie rouffignac saint,https://cgt-76.fr/dechetteries-ville/rouffignac-saint-cernin-de-reilhac-24580,2026-06-23
cgt-76.fr,Déchetterie Saint-Brieuc (22000) — Horaires et adresses,déchetterie saint brieuc,https://cgt-76.fr/dechetteries-ville/saint-brieuc-22000,2026-06-23
cgt-76.fr,Déchetterie Saint-Jacques-de-la-Lande (35136) — Horaires et adresses,déchetterie saint jacques,https://cgt-76.fr/dechetteries-ville/saint-jacques-de-la-lande-35136,2026-06-23
cgt-76.fr,Déchetterie Saint-Julien-Chapteuil (43260) — Horaires et adresses,déchetterie saint julien,https://cgt-76.fr/dechetteries-ville/saint-julien-chapteuil-43260,2026-06-23
cgt-76.fr,Déchetterie Saint-Martin-d'Uriage (38410) — Horaires et adresses,déchetterie saint martin,https://cgt-76.fr/dechetteries-ville/saint-martin-d-uriage-38410,2026-06-23
cgt-76.fr,Déchetterie Saint-Maur (18270) — Horaires et adresses,saint maur 18270,https://cgt-76.fr/dechetteries-ville/saint-maur-18270,2026-06-23
cgt-76.fr,Déchetterie SAINT-VARENT (79330) — Horaires et adresses,déchetterie saint varent,https://cgt-76.fr/dechetteries-ville/saint-varent-79330,2026-06-23
cgt-76.fr,Déchetterie Sainte-Soulle (17220) — Horaires et adresses,déchetterie sainte soulle,https://cgt-76.fr/dechetteries-ville/sainte-soulle-17220,2026-06-23
cgt-76.fr,Déchetterie SEGONZAC (16130) — Horaires et adresses,déchetterie segonzac 16130,https://cgt-76.fr/dechetteries-ville/segonzac-16130,2026-06-23
cgt-76.fr,Déchetterie SEMUR-EN-AUXOIS (21140) — Horaires et adresses,déchetterie semur auxois,https://cgt-76.fr/dechetteries-ville/semur-en-auxois-21140,2026-06-23
cgt-76.fr,Déchetterie Sens (89100) — Horaires et adresses,déchetterie sens 89100,https://cgt-76.fr/dechetteries-ville/sens-89100,2026-06-23
cgt-76.fr,Déchetterie Simandre-sur-Suran (01250) — Horaires et adresses,simandre suran 01250,https://cgt-76.fr/dechetteries-ville/simandre-sur-suran-01250,2026-06-23
cgt-76.fr,Déchetterie Sospel (06380) — Horaires et adresses,déchetterie sospel 06380,https://cgt-76.fr/dechetteries-ville/sospel-06380,2026-06-23
cgt-76.fr,Déchetterie Steenvoorde (59114) — Horaires et adresses,déchetterie steenvoorde 59114,https://cgt-76.fr/dechetteries-ville/steenvoorde-59114,2026-06-23
cgt-76.fr,Déchetterie Thèze (64450) — Horaires et adresses,déchetterie thèze 64450,https://cgt-76.fr/dechetteries-ville/theze-64450,2026-06-23
cgt-76.fr,Déchetterie THURY-HARCOURT (14220) — Horaires et adresses,harcourt 14220 horaires,https://cgt-76.fr/dechetteries-ville/thury-harcourt-14220,2026-06-23
cgt-76.fr,Déchetterie Uchaud (30620) — Horaires et adresses,déchetterie uchaud 30620,https://cgt-76.fr/dechetteries-ville/uchaud-30620,2026-06-23
cgt-76.fr,Déchetterie VALENCE (82400) — Horaires et adresses,déchetterie valence 82400,https://cgt-76.fr/dechetteries-ville/valence-82400,2026-06-23
cgt-76.fr,Déchetterie Villeneuve-la-Comptal (11400) — Horaires et adresses,villeneuve comptal 11400,https://cgt-76.fr/dechetteries-ville/villeneuve-la-comptal-11400,2026-06-23
cgt-76.fr,Déchetterie VINZELLES (71680) — Horaires et adresses,déchetterie vinzelles 71680,https://cgt-76.fr/dechetteries-ville/vinzelles-71680,2026-06-23
chantier-expert.fr,Aménager son intérieur pour mieux s'orienter - Chantier-expert.fr,intérieur mieux orienter,https://chantier-expert.fr/amenagement-interieur-orientation,2026-06-23
chantier-expert.fr,Créez un coin bureau cosy dans votre chambre d'amis - Chantier-expert.fr,coin bureau cosy,https://chantier-expert.fr/coin-bureau-chambre-amis,2026-06-23
chantier-expert.fr,19 idées d'appartements studio alliant style et fonctionnalité - Chantier-expert.fr,appartements studio alliant,https://chantier-expert.fr/idees-studio-fonctionnalite-style,2026-06-23
chantier-expert.fr,Découvrez comment shopper le look IKEA avec style - Chantier-expert.fr,shopper look ikea,https://chantier-expert.fr/shop-look-ikea,2026-06-23
deco-et-vous.fr,Découvrez des auvents pratiques pour le jardin - Deco-et-vous.fr,auvents pratiques jardin,https://deco-et-vous.fr/auvents-jardin-exterieur,2026-06-23
deco-et-vous.fr,Design moderne pour votre terrasse extérieure - Deco-et-vous.fr,moderne votre terrasse,https://deco-et-vous.fr/design-moderne-terrasse-exterieure,2026-06-23
deco-et-vous.fr,100 idées de pergolas pour révéler votre terrasse - Deco-et-vous.fr,pergolas révéler votre,https://deco-et-vous.fr/idees-pergolas-terrasse,2026-06-23
deco-et-vous.fr,25 idées de tonnelles pour sublimer votre jardin - Deco-et-vous.fr,sublimer votre jardin,https://deco-et-vous.fr/idees-tonnelles-jardin,2026-06-23
deco-habitat-mag.fr,10 astuces pour un rangement efficace de votre cuisine - deco-habitat-mag.fr,efficace votre cuisine,https://deco-habitat-mag.fr/astuces-rangement-cuisine,2026-06-23
deco-habitat-mag.fr,Créez une boîte organisatrice en recyclant vos vieux matériaux - deco-habitat-mag.fr,boîte organisatrice recyclant,https://deco-habitat-mag.fr/boite-organisatrice-recyclage,2026-06-23
deco-habitat-mag.fr,Comment choisir un couvercle pour vos bocaux Lidl ? - deco-habitat-mag.fr,couvercle vos bocaux,https://deco-habitat-mag.fr/couvercle-bocaux-lidl,2026-06-23
deco-habitat-mag.fr,35 idées simples pour organiser votre cuisine et désencombrer votre maison - deco-habitat-mag.fr,organiser votre cuisine,https://deco-habitat-mag.fr/organisation-cuisine-simplifiee,2026-06-23
deco-interieur-conseil.fr,Aménagez une aire de jeux idéale pour vos enfants - Deco-interieur-conseil.fr,aire jeux idéale,https://deco-interieur-conseil.fr/amenager-aire-de-jeux-enfants,2026-06-23
deco-interieur-conseil.fr,Idées d'aménagement avec des oliviers pour un charme méditerranéen - Deco-interieur-conseil.fr,oliviers charme méditerranéen,https://deco-interieur-conseil.fr/idees-amenagement-oliviers-charme-mediterraneen,2026-06-23
deco-interieur-conseil.fr,42 idées créatives pour verdir votre balcon - Deco-interieur-conseil.fr,verdir votre balcon,https://deco-interieur-conseil.fr/idees-creatives-balcon-vert,2026-06-23
decolux-maison.fr,Créez un appartement cocooning pour chaque soirée - decolux-maison.fr,appartement cocooning chaque,https://decolux-maison.fr/amenagement-appartement-cozy,2026-06-23
decolux-maison.fr,Créez votre coin de paix pour vous ressourcer - decolux-maison.fr,votre coin paix,https://decolux-maison.fr/coin-pause-pour-rester-calme,2026-06-23
decolux-maison.fr,Idées déco chaleureuses pour un salon cocooning - decolux-maison.fr,déco chaleureuses salon,https://decolux-maison.fr/idees-deco-salon-chaleureux-lumieres,2026-06-23
decolux-maison.fr,Créez un salon cosy pour votre petit appartement - decolux-maison.fr,salon cosy votre,https://decolux-maison.fr/salon-cosy-petit-appartement,2026-06-23
domeus-constructions.fr,"Aérogel Isolation : Performances, Prix Et Usages Pour Votre Logement",aérogel isolation,https://domeus-constructions.fr/aerogel-isolation-poser-cout-performances-application-renovation,2026-06-23
domindo.fr,"Quel revêtement pour un plan de travail de cuisine d'été (gel, UV) - Domindo",cuisine été gel,https://www.domindo.fr/revetement-plan-travail-ete,2026-06-23
ernews.fr,Comment le climat québécois redéfinit les exigences en toiture résidentielle - ER News - Blog Business et actualités entrepreneuriales,climat québécois redéfinit,https://ernews.fr/comment-le-climat-quebecois-redefinit-les-exigences-en-toiture-residentielle,2026-06-23
favrat-ossature-bois.fr,Adobe Bati : Tout Savoir Pour Construire En Terre Crue,adobe bati,https://favrat-ossature-bois.fr/adobe-bati-maison-terre-crue-construction-couts,2026-06-23
fiscalimmo.fr,Démission après signature de l'offre de prêt : quels risques ? | Fiscalimmo,signature offre prêt,https://fiscalimmo.fr/demission-apres-signature-de-loffre-de-pret-quels-risques,2026-06-23
foyerlumina.fr,Salle de bain terracotta et bois : l'alliance naturelle,salle bain terracotta,https://foyerlumina.fr/salle-de-bain-terracotta-et-bois-lalliance-naturelle,2026-06-23
gestaloc.fr,Que faire des pieds d’artichauts après la récolte,artichauts après récolte,https://gestaloc.fr/que-faire-des-pieds-d-artichauts-apres-la-recolte,2026-06-23
habitat-infos.fr,Adoptez la tendance cottagecore pour un style de vie apaisant - Habitat-infos.fr,cottagecore style vie,https://habitat-infos.fr/cottagecore-esthetique-apaisante,2026-06-23
habitat-infos.fr,Transformez votre salle de bain avec ces idées cottagecore - Habitat-infos.fr,transformez votre salle,https://habitat-infos.fr/idees-salle-de-bain-cottagecore,2026-06-23
habitat-infos.fr,Moments doux en cottagecore pour un été rêvé - Habitat-infos.fr,moments doux cottagecore,https://habitat-infos.fr/moments-doux-cottagecore-ete,2026-06-23
harmonie-maison.fr,Humidifier une chambre : 5 méthodes qui font vraiment la différence - Harmonie Maison,humidifier chambre,https://harmonie-maison.fr/humidifier-une-chambre,2026-06-23
harmonie-maison.fr,Pourquoi une invasion de mouches change tout dans la maison - Harmonie Maison,pourquoi invasion mouches,https://harmonie-maison.fr/invasion-de-mouches-signification,2026-06-23
harmonie-maison.fr,Les règles de sécurité à respecter avec un échafaudage roulant de grande hauteur - Harmonie Maison,sécurité respecter échafaudage,https://harmonie-maison.fr/regles-securite-echafaudage-roulant-grande-hauteur,2026-06-23
immo-libre.fr,Film thermique anti-froid : est-ce vraiment efficace ?,thermique anti froid,https://immo-libre.fr/film-thermique-anti-froid-avis,2026-06-23
immobilier-tout-savoir.fr,Guide pour Choisir Son Premier Logement Étudiant Efficacement,premier logement étudiant,https://immobilier-tout-savoir.fr/comment-bien-choisir-son-premier-logement-etudiant,2026-06-23
interiora-style.fr,Utilisez des écorces d'orange pour tout dans la maison - Interiora-style.fr,utilisez écorces orange,https://interiora-style.fr/ecorces-orange-utilisations-pratiques,2026-06-23
interiora-style.fr,25 objets à jeter pour désencombrer votre vie - Interiora-style.fr,objets jeter désencombrer,https://interiora-style.fr/objets-a-jeter-pour-desencombrer,2026-06-23
itsufrance.fr,Cuisine française en famille : classiques et recettes réconfortantes,cuisine française famille,https://itsufrance.fr/cuisine-francaise-en-famille-saucisses-charcuterie-plats-reconfortants,2026-06-23
itsufrance.fr,Gâteau sans sucre pour diabétique type 2 : recettes,sans sucre diabétique,https://itsufrance.fr/gateau-sans-sucre-pour-diabetique-type-2,2026-06-23
itsufrance.fr,Quantité gratin dauphinois pour 20 personnes : le guide,quantité gratin dauphinois,https://itsufrance.fr/quantite-gratin-dauphinois-pour-20-personnes,2026-06-23
lacquolina.fr,🌱🍂 Que planter en août pour une récolte d'automne réussie ?,récolte automne réussie,https://lacquolina.fr/planter-aout-recolter-automne,2026-06-23
lebureaudelimmo.fr,Faut-il investir dans le neuf ou dans l'ancien à Rennes ? - Bureau de l'immo,il investir neuf,https://lebureaudelimmo.fr/faut-il-investir-dans-le-neuf-ou-dans-lancien-a-rennes,2026-06-23
lebureaudelimmo.fr,"HostnFly : avis complet sur la conciergerie Airbnb (tarifs, services et rentabilité)",hostnfly,https://lebureaudelimmo.fr/hostnfly-conciergerie-avis-complet,2026-06-23
lebureaudelimmo.fr,"Ymanci : avis, services, tarifs et fiabilité du courtier en crédit immobilier",ymanci,https://lebureaudelimmo.fr/ymanci-avis-complet,2026-06-23
leconomieetmoi.fr,SCPI en nue-propriété : la stratégie fiscale méconnue mais redoutable - L'économie et moi,scpi nue propriété,https://leconomieetmoi.fr/defiscalisation/scpi-et-nue-propriete-une-strategie-efficace-12571,2026-06-23
locama.fr,"LaRedac, auteur/autrice sur Locama",laredac auteur autrice,https://locama.fr/author/laredac,2026-06-23
locama.fr,Investir dans le logement étudiant : une valeur sûre pour les bailleurs • Locama,investir logement étudiant,https://locama.fr/investir-dans-le-logement-etudiant-une-valeur-sure-pour-les-bailleurs,2026-06-23
loco-immo.fr,Combien de temps dure une commission d’attribution de logement ?,commission attribution logement,https://loco-immo.fr/combien-de-temps-dure-une-commission-dattribution-de-logement,2026-06-23
lyondiagnosticimmobilier.fr,,,https://lyondiagnosticimmobilier.fr/2026/06/22/combien-coute-un-dpe-lyon-2026,2026-06-23
ma-maison-pratique.fr,Un gel WC fait maison en 3 ingrédients simples - ma-maison-pratique.fr,fait maison ingrédients,https://ma-maison-pratique.fr/gel-wc-maison-3-ingredients,2026-06-23
ma-maison-pratique.fr,5 recettes simples de liquide vaisselle fait maison - ma-maison-pratique.fr,simples liquide vaisselle,https://ma-maison-pratique.fr/recettes-liquide-vaisselle-maison,2026-06-23
ma-maison-pratique.fr,12 recettes naturelles pour un ménage facile à imprimer - ma-maison-pratique.fr,naturelles ménage facile,https://ma-maison-pratique.fr/recettes-naturelles-menage-imprimer,2026-06-23
ma-maison-pratique.fr,20 usages surprenants de l'eau oxygénée à découvrir - ma-maison-pratique.fr,eau oxygénée découvrir,https://ma-maison-pratique.fr/usages-surprenants-eau-oxygenee,2026-06-23
ma-maison-pratique.fr,Découvrez 131 utilisations du vinaigre pour votre maison - ma-maison-pratique.fr,vinaigre votre maison,https://ma-maison-pratique.fr/utilisations-vinaigre-maison,2026-06-23
mag-investir.com,Smic horaire 2025 : les montants officiels pour calculer votre salaire net,smic horaire 2025,https://mag-investir.com/smic-horaire-2025,2026-06-23
maison-chaleureuse.com,Saint-Maur-des-Fossés : Quartiers à Surveiller et Zones à Éviter,saint maur fossés,https://maison-chaleureuse.com/immobilier/vigilance-quartiers-saint-maur,2026-06-23
maison-deco-design.fr,Transformez votre jardin en oasis de fleurs - Maison-deco-design.fr,jardin oasis fleurs,https://maison-deco-design.fr/decoration-jardin-fleurie,2026-06-23
maison-deco-design.fr,Aménagez votre jardin avec des DIY inspirants - Maison-deco-design.fr,jardin diy inspirants,https://maison-deco-design.fr/diy-amenagement-jardin,2026-06-23
maison-deco-design.fr,Idées de déco de jardin pour un espace extérieur enchanteur - Maison-deco-design.fr,jardin espace extérieur,https://maison-deco-design.fr/idees-deco-jardin-chaleureuses,2026-06-23
maisoncocoon.fr,Ce qui se passe vraiment sur un toit plat le jour de la pose - Maison Cocoon,plat jour pose,https://maisoncocoon.fr/ce-qui-se-passe-vraiment-sur-un-toit-plat-le-jour-de-la-pose,2026-06-23
maisoncocoon.fr,Prix d'une cuisine équipée : comment estimer votre budget - Maison Cocoon,prix cuisine équipée,https://maisoncocoon.fr/prix-dune-cuisine-equipee-comment-estimer-votre-budget,2026-06-23
maisonfjord.fr,Trouver la bonne pièce détachée pour sa tondeuse à gazon au moindre coût,bonne pièce détachée,https://maisonfjord.fr/trouver-la-bonne-piece-detachee-pour-sa-tondeuse-a-gazon-au-moindre-cout,2026-06-23
maisonluminea.fr,Les bénéfices méconnus de l’isolation thermique par l’extérieur,isolation thermique extérieur,https://maisonluminea.fr/les-benefices-meconnus-de-lisolation-thermique-par-lexterieur,2026-06-23
maisonluminea.fr,Panneaux Solaires en Région PACA : Optimisez Votre Consommation,panneaux solaires région,https://maisonluminea.fr/panneaux-solaires-en-region-paca-optimisez-votre-consommation,2026-06-23
menuisiersdunord.fr,"Maladie Lavande Qui Sèche : Identifier, Traiter Et Sauver 🌿",maladie lavande qui,https://menuisiersdunord.fr/maladie-lavande-qui-seche,2026-06-23
menuisiersdunord.fr,Prix Extension Bois 20 m2 : Quel Coût Réel et Solutions ? 🪵,prix extension bois,https://menuisiersdunord.fr/prix-extension-bois-20-m2,2026-06-23
menuisiersdunord.fr,"Taux d'humidité de Chambre à 80 % : Causes, Dangers et Solutions 🚿",taux humidité chambre,https://menuisiersdunord.fr/taux-dhumidite-de-chambre-a-80,2026-06-23
micado-france.fr,"Cave à Vin Sous Escalier : Bonne Idée, Contraintes Et Solutions Pour Bien L’aménager",cave vin sous,https://micado-france.fr/cave-vin-sous-escalier-idees-design-conservation,2026-06-23
miui-france.org,Les meilleures alternatives à Adobe Acrobat pour vos besoins en PDF | Miui-france.org,alternatives adobe acrobat,https://www.miui-france.org/alternatives-adobe-acrobat-pdf,2026-06-23
miui-france.org,"Après Dune 3, Timothée Chalamet prêt à conquérir un nouvel univers de science-fiction, l'annonce qui excite les fans | Miui-france.org",après dune timothée,https://www.miui-france.org/apres-dune-3-timothee-chalamet-pret-a-conquerir-un-nouvel-univers-de-science-fiction-lannonce-qui-excite-les-fans,2026-06-23
miui-france.org,Batman : révélations inédites sur le retour triomphal de Robin dans le prochain volet du Duo Dynamique | Miui-france.org,batman,https://www.miui-france.org/batman-revelations-inedites-sur-le-retour-triomphal-de-robin-dans-le-prochain-volet-du-duo-dynamique,2026-06-23
miui-france.org,alternatives acrobat Archives | Miui-france.org,alternatives acrobat archives,https://www.miui-france.org/tag/alternatives-acrobat,2026-06-23
miui-france.org,alternatives adobe acrobat Archives | Miui-france.org,adobe acrobat archives,https://www.miui-france.org/tag/alternatives-adobe-acrobat,2026-06-23
miui-france.org,gestion pdf Archives | Miui-france.org,gestion pdf archives,https://www.miui-france.org/tag/gestion-pdf,2026-06-23
miui-france.org,logiciels pdf Archives | Miui-france.org,logiciels pdf archives,https://www.miui-france.org/tag/logiciels-pdf,2026-06-23
miui-france.org,outils pdf gratuits Archives | Miui-france.org,pdf gratuits archives,https://www.miui-france.org/tag/outils-pdf-gratuits,2026-06-23
monhabitoo.fr,"Mur terre paille : construction, matériaux et techniques",mur terre paille,https://monhabitoo.fr/mur-terre-paille-construction-materiaux-et-techniques,2026-06-23
monimmeuble.com,​Climatisation réversible : -12 % de facture d'électricité en 2026,climatisation réversible,https://monimmeuble.com/actualite/climatisation-reversible-12-de-facture-delectricite-en-2026,2026-06-23
monimmeuble.com,​Confort d'été DPE : 1 logement sur 2 est une bouilloire thermique,confort été dpe,https://monimmeuble.com/actualite/confort-dete-dpe-1-logement-sur-2-est-une-bouilloire-thermique,2026-06-23
monimmeuble.com,​Loi Relance Logement 2026 : les 5 mesures clés du projet de loi,relance logement 2026,https://monimmeuble.com/actualite/loi-relance-logement-2026-les-5-mesures-cles-du-projet-de-loi,2026-06-23
monimmeuble.com,​Transactions immobilières : le marché français au bord de la rechute ?,transactions immobilières,https://monimmeuble.com/actualite/transactions-immobilieres-le-marche-francais-au-bord-de-la-rechute,2026-06-23
pluscestsimple.com,Aménager des combles : ce que dit la réglementation,aménager combles,https://pluscestsimple.com/amenager-combles,2026-06-23
pluscestsimple.com,Appliques murales design : 15 modèles testés (2026),appliques murales design,https://pluscestsimple.com/appliques-murales-design,2026-06-23
pluscestsimple.com,"Canapé Alea 3 places modulable chenille — Kave Home – Plus c'est simple : blog conseils déco, travaux et immo",places modulable chenille,https://pluscestsimple.com/avis/alea-3-places,2026-06-23
pluscestsimple.com,"Canapé Brida 2 places vert acier — Kave Home – Plus c'est simple : blog conseils déco, travaux et immo",brida places vert,https://pluscestsimple.com/avis/brida-2-places,2026-06-23
pluscestsimple.com,"Module Compo 3 places beige — Kave Home – Plus c'est simple : blog conseils déco, travaux et immo",compo places beige,https://pluscestsimple.com/avis/compo-3-places,2026-06-23
pluscestsimple.com,"Canapé Gala 4 places chenille vert foncé — Kave Home – Plus c'est simple : blog conseils déco, travaux et immo",gala places chenille,https://pluscestsimple.com/avis/gala-4-places,2026-06-23
pluscestsimple.com,"Lampadaire Madali acier et marbre — Kave Home – Plus c'est simple : blog conseils déco, travaux et immo",lampadaire madali acier,https://pluscestsimple.com/avis/lampadaire-madali,2026-06-23
pluscestsimple.com,"Lampadaire Niani bois hévéa — Kave Home – Plus c'est simple : blog conseils déco, travaux et immo",lampadaire niani bois,https://pluscestsimple.com/avis/lampadaire-niani,2026-06-23
pluscestsimple.com,"Lampe solaire Aldet corde et métal — Kave Home – Plus c'est simple : blog conseils déco, travaux et immo",lampe solaire aldet,https://pluscestsimple.com/avis/lampe-aldet,2026-06-23
pluscestsimple.com,"Lampe de table Drava céramique grenat — Kave Home – Plus c'est simple : blog conseils déco, travaux et immo",céramique grenat kave,https://pluscestsimple.com/avis/lampe-drava,2026-06-23
pluscestsimple.com,"Lampe portable Leros polyéthylène — Kave Home – Plus c'est simple : blog conseils déco, travaux et immo",portable leros polyéthylène,https://pluscestsimple.com/avis/lampe-leros,2026-06-23
pluscestsimple.com,"Lampe de table Nuvira métal et orange — Kave Home – Plus c'est simple : blog conseils déco, travaux et immo",lampe table nuvira,https://pluscestsimple.com/avis/lampe-nuvira,2026-06-23
pluscestsimple.com,"Lampe de table Rue céramique verte — Kave Home – Plus c'est simple : blog conseils déco, travaux et immo",lampe table rue,https://pluscestsimple.com/avis/lampe-rue,2026-06-23
pluscestsimple.com,"Lampe de table Shiva bleu et blanc — Kave Home – Plus c'est simple : blog conseils déco, travaux et immo",lampe table shiva,https://pluscestsimple.com/avis/lampe-shiva,2026-06-23
pluscestsimple.com,"Lampe de table Tay céramique et lin — Kave Home – Plus c'est simple : blog conseils déco, travaux et immo",lampe table tay,https://pluscestsimple.com/avis/lampe-tay,2026-06-23
pluscestsimple.com,"Canapé Martina 4 places modulable chenille — Kave Home – Plus c'est simple : blog conseils déco, travaux et immo",martina places modulable,https://pluscestsimple.com/avis/martina-4-places,2026-06-23
pluscestsimple.com,"Plafonnier Balma verre marron — Kave Home – Plus c'est simple : blog conseils déco, travaux et immo",plafonnier balma verre,https://pluscestsimple.com/avis/plafonnier-balma,2026-06-23
pluscestsimple.com,"Plafonnier Pollensa raphia — Kave Home – Plus c'est simple : blog conseils déco, travaux et immo",plafonnier pollensa raphia,https://pluscestsimple.com/avis/plafonnier-pollensa,2026-06-23
pluscestsimple.com,"Suspension Dione — Kave Home – Plus c'est simple : blog conseils déco, travaux et immo",suspension dione kave,https://pluscestsimple.com/avis/suspension-dione,2026-06-23
pluscestsimple.com,"Suspension Drava céramique bordeaux — Kave Home – Plus c'est simple : blog conseils déco, travaux et immo",suspension drava céramique,https://pluscestsimple.com/avis/suspension-drava,2026-06-23
pluscestsimple.com,"Canapé Veliro 3 places velours vert — Kave Home – Plus c'est simple : blog conseils déco, travaux et immo",vert kave home,https://pluscestsimple.com/avis/veliro-3-places,2026-06-23
pluscestsimple.com,"Comment choisir l'éclairage de son salon : lampes, température, position (guide 2026)",éclairage son salon,https://pluscestsimple.com/comment-choisir-eclairage-salon,2026-06-23
pluscestsimple.com,"Pourquoi mon ébéniste refuse le chêne séché en étuve : démonstration sur 2 plateaux fendus en 18 mois – Plus c'est simple : blog conseils déco, travaux et immo",ébéniste refuse chêne,https://pluscestsimple.com/ebeniste-refuse-chene-etuve,2026-06-23
pluscestsimple.com,"Kave Home : avis, prix, qualité, écologie — notre test complet (2026)",kave home,https://pluscestsimple.com/kave-home-avis,2026-06-23
pluscestsimple.com,Meilleurs luminaires Kave Home : top 13 testés (2026),meilleurs luminaires kave,https://pluscestsimple.com/meilleurs-luminaires-kave-home,2026-06-23
prats.fr,"Coach en rangement : tarif, formats d'accompagnement et critères qui font varier le budget - Prats",coach rangement,https://prats.fr/coach-en-rangement-tarif-formats-daccompagnement-et-criteres-qui-font-varier-le-budget,2026-06-23
prats.fr,Pourquoi choisir une peinture haut de gamme pour son intérieur ? - Prats,pourquoi choisir peinture,https://prats.fr/pourquoi-choisir-une-peinture-haut-de-gamme-pour-son-interieur,2026-06-23
prats.fr,Préparer et choisir un sol technique en carrelage : les trois étapes clés - Prats,sol technique carrelage,https://prats.fr/preparer-et-choisir-un-sol-technique-en-carrelage-les-trois-etapes-cles,2026-06-23
publicimmo.com,Et si la solution était le mobil home : peut on l'installer sur un terrain privé pour préparer sa retraite ? - Public Immo,solution était mobil,https://publicimmo.com/et-si-la-solution-etait-le-mobil-home-peut-on-linstaller-sur-un-terrain-prive-pour-preparer-sa-retraite,2026-06-23
renovation-astuces.fr,25 habitudes écologiques faciles à adopter dès aujourd'hui - Renovation astuces,25 habitudes écologiques,https://renovation-astuces.fr/habitudes-ecologiques-faciles-a-adopter,2026-06-23
renovation-astuces.fr,25 idées d'arches printanières pour sublimer vos événements - Renovation astuces,sublimer vos événements,https://renovation-astuces.fr/idees-arches-printanieres-mariage-maison,2026-06-23
renovation-astuces.fr,19 idées déco de murs végétaux pour votre maison - Renovation astuces,végétaux votre maison,https://renovation-astuces.fr/idees-deco-mur-vegetal,2026-06-23
renovation-astuces.fr,26 magnifiques parterres de fleurs autour des arbres - Renovation astuces,magnifiques parterres fleurs,https://renovation-astuces.fr/parterres-fleurs-autour-arbres,2026-06-23
renovation-astuces.fr,22 idées de pothos en eau pour embellir votre intérieur - Renovation astuces,pothos eau embellir,https://renovation-astuces.fr/pothos-eau-idees-deco,2026-06-23
renovation-conseils.fr,26 idées de bordures de jardin pour embellir votre extérieur - Renovation-conseils.fr,jardin embellir votre,https://renovation-conseils.fr/bordures-de-jardin-embellissement-exterieur,2026-06-23
renovation-conseils.fr,Transformez votre jardin en un véritable havre de paix - Renovation-conseils.fr,transformez votre jardin,https://renovation-conseils.fr/transformer-jardin-coin-paradis,2026-06-23
renovbox.com,"Buanderie : aménagement, équipement et budget complet",buanderie,https://renovbox.com/buanderie-amenagement-equipement,2026-06-23
renovbox.com,"Cave à vin : aménagement, budget et conseils techniques",cave vin,https://renovbox.com/cave-a-vin-amenagement-budget,2026-06-23
renovbox.com,"ABP Centre Menuiserie : fenêtres, portes et volets à Issoudun (36) - Renovbox",abp centre menuiserie,https://renovbox.com/entreprise/a-b-p-centre-menuiserie,2026-06-23
renovbox.com,"CM Déco : peinture, ravalement et isolation par l'extérieur à Lavelanet (09) - Renovbox",cm déco,https://renovbox.com/entreprise/cm-deco,2026-06-23
renovbox.com,"Gugler France : fenêtres, portes et volets PVC aux Auxons (25) - Renovbox",gugler france,https://renovbox.com/entreprise/gugler-france,2026-06-23
renovbox.com,KM Plaquiste : plaquiste et isolation à Saint-Thurial (35) | Avis - Renovbox,km plaquiste,https://renovbox.com/entreprise/km-plaquiste,2026-06-23
renovbox.com,"LB Bois Métal : charpente, ossature bois et isolation à Corcoué-sur-Logne (44) - Renovbox",lb bois métal,https://renovbox.com/entreprise/lb-bois-metal,2026-06-23
renovbox.com,LF Étanchéité : bardage et étanchéité à Saint-Sébastien-sur-Loire (44) - Renovbox,lf étanchéité,https://renovbox.com/entreprise/lf-etancheite,2026-06-23
renovbox.com,"PK Concept : couvreur-zingueur à Wœrth (67), couverture et isolation - Renovbox",pk concept,https://renovbox.com/entreprise/pk-concept,2026-06-23
renovbox.com,"Roulliaud : peinture, plâtrerie et isolation extérieure à Notre-Dame-d'Oé (37) - Renovbox",roulliaud,https://renovbox.com/entreprise/roulliaud,2026-06-23
renovbox.com,Séo Caraïbes : étanchéité et isolation de toiture à Ducos (Martinique) - Renovbox,séo caraïbes,https://renovbox.com/entreprise/s-e-o-caraibes,2026-06-23
renovbox.com,LS Reno-Negoce 18 : menuiseries et rénovation à Bourges (18) | Avis - Renovbox,ls reno negoce,https://renovbox.com/entreprise/sas-ls-reno-negoce-18,2026-06-23
renovbox.com,"TK Pose : menuisier à Cournon-d'Auvergne (63), pose fenêtres et métallerie - Renovbox",tk pose,https://renovbox.com/entreprise/tk-pose,2026-06-23
renovbox.com,Ubac : agence d'architecture écologique à Toulouse (31) | Avis - Renovbox,ubac,https://renovbox.com/entreprise/ubac,2026-06-23
secur-home.fr,Immobilier neuf : conseils pour investir au bon moment,immobilier neuf,https://secur-home.fr/immobilier/investir-immobilier-neuf-conseils,2026-06-23
stid-france.fr,"Moodle EC Lyon : Accès, Usages et Bonnes Pratiques Faciles 📚",moodle ec lyon,https://stid-france.fr/moodle-ec-lyon,2026-06-23
top-maison-confort.fr,22 idées pour paraître plus chic sans débourser une fortune - top-maison-confort.fr,22 idées paraître,https://top-maison-confort.fr/astuces-chic-petits-prix,2026-06-23
top-maison-confort.fr,24 étiquettes pour vos épices à réaliser soi-même - top-maison-confort.fr,étiquettes vos épices,https://top-maison-confort.fr/etiquettes-epices-a-realiser,2026-06-23
top-maison-confort.fr,Étiquettes à épices gratuites à imprimer pour votre cuisine - top-maison-confort.fr,imprimer votre cuisine,https://top-maison-confort.fr/etiquettes-epices-gratuites-imprimer,2026-06-23
travaux-astuces.fr,19 idées pratiques et esthétiques pour transformer votre salle de bain - Travaux-astuces.fr,transformer votre salle,https://travaux-astuces.fr/idees-esthetiques-salle-de-bain,2026-06-23
travaux-astuces.fr,Idées de peinture pour des WC stylés - Travaux-astuces.fr,peinture wc stylés,https://travaux-astuces.fr/idees-peinture-wc-couleurs-conseils,2026-06-23
travaux-magazine.fr,29 idées pratiques pour organiser votre buanderie au sous-sol - Travaux-magazine.fr,organiser votre buanderie,https://travaux-magazine.fr/idees-buanderie-sous-sol,2026-06-23
travaux-magazine.fr,49 inspirations de buanderies pratiques et élégantes - Travaux-magazine.fr,buanderies pratiques élégantes,https://travaux-magazine.fr/inspirations-buanderies-pratiques-elegantes,2026-06-23
travaux-specialistes.fr,31 expériences inoubliables à vivre au pays de Galles - Travaux-specialistes.fr,vivre pays galles,https://travaux-specialistes.fr/activites-inoubliables-pays-galles,2026-06-23
travaux-specialistes.fr,29 idées d'aménagements pour petites cabanes avec mezzanine - Travaux-specialistes.fr,petites cabanes mezzanine,https://travaux-specialistes.fr/idees-cabanes-petites-mezzanine,2026-06-23
travaux-specialistes.fr,Profiter de la lumière du matin dans un loft haut de plafond - Travaux-specialistes.fr,lumière matin loft,https://travaux-specialistes.fr/loft-haut-plafond-lumiere-matin,2026-06-23
travaux-specialistes.fr,5 raisons de ne pas acheter une maison conteneur - Travaux-specialistes.fr,acheter maison conteneur,https://travaux-specialistes.fr/maison-conteneur-inconvenients,2026-06-23
www.3ehabitat.fr,Devis TravauxNinja pour copropriété : mode d'emploi pour un vote en assemblée - 3e habitat,devis travauxninja copropriété,https://www.3ehabitat.fr/devis-travauxninja-pour-copropriete-mode-demploi-pour-un-vote-en-assemblee,2026-06-23
www.3ehabitat.fr,Équiper un entrepôt en éclairage LED sans exploser la facture - 3e habitat,entrepôt éclairage led,https://www.3ehabitat.fr/equiper-un-entrepot-en-eclairage-led-sans-exploser-la-facture,2026-06-23
www.aebfrance.com,Comment moderniser sa cuisine sans gros travaux ? - AEB FRANCE,cuisine sans gros,https://www.aebfrance.com/credence-cuisine,2026-06-23
www.aebfrance.com,Dimension d'une piscine coque : quelle taille choisir selon votre jardin ? - AEB FRANCE,dimension piscine coque,https://www.aebfrance.com/dimension-piscine-coque,2026-06-23
www.aebfrance.com,Fissures dans votre maison : ce que vous pouvez réparer vous-même et ce qui exige une expertise fissure - AEB FRANCE,fissures votre maison,https://www.aebfrance.com/fissures-dans-votre-maison-ce-que-vous-pouvez-reparer-vous-meme-et-ce-qui-exige-une-expertise-fissure,2026-06-23
www.aebfrance.com,Néon mural personnalisé : quand la lumière devient art décoratif - AEB FRANCE,néon mural personnalisé,https://www.aebfrance.com/neon-mural-personnalise-quand-la-lumiere-devient-art-decoratif,2026-06-23
www.aidologement.com,Comment protéger efficacement ses meubles dans un box de stockage ? - AidoLogement,box stockage,https://www.aidologement.com/box-de-stockage-3,2026-06-23
www.aidologement.com,Comprendre le rôle d’un cabinet d’expert immobilier dans la gestion des enjeux juridiques - AidoLogement,cabinet expert immobilier,https://www.aidologement.com/comprendre-le-role-dun-cabinet-dexpert-immobilier-dans-la-gestion-des-enjeux-juridiques,2026-06-23
www.aidologement.com,Mobilier de cuisine haut de gamme : quels détails techniques font vraiment la différence ? - AidoLogement,mobilier cuisine haut,https://www.aidologement.com/cuisiniste-bulle,2026-06-23
www.aidologement.com,Comment organiser efficacement un déménagement de Paris vers Angers ? - AidoLogement,déménagement paris vers,https://www.aidologement.com/organiser-demenagement,2026-06-23
www.ameliorer-mon-logement.fr,Killahejlaszo Housing Ltd : ce que ça change vraiment,killahejlaszo housing ltd,https://www.ameliorer-mon-logement.fr/killahejlaszo-housing-ltd-fonctionnement-modele-economique-patrimoine,2026-06-23
www.amv-immo.fr,Aide au caution logement 2026 : Tout ce qu’il faut savoir,aide caution logement,https://www.amv-immo.fr/tout-savoir-sur-laide-au-caution-logement-en-2026,2026-06-23
www.bambinsdeco.com,Du quai au destinataire : bien acheter son container maritime,quai destinataire,https://www.bambinsdeco.com/du-quai-au-destinataire-bien-acheter-son-container-maritime,2026-06-23
www.bambinsdeco.com,Où habite Mylène Farmer : la villa de luxe de Saint-Cloud ?,habite mylène farmer,https://www.bambinsdeco.com/ou-habite-mylene-farmer,2026-06-23
www.belnap.fr,Vision-deco-interieur.fr idées intérieur pour transformer l'espace,intérieur transformer espace,https://www.belnap.fr/vision-deco-interieur-fr-idees-interieur,2026-06-23
www.burov.com,Location de mobilier hôtel : pourquoi de plus en plus d'établissements abandonnent l'achat traditionnel ?,location mobilier hôtel,https://www.burov.com/mobilier-hotel,2026-06-23
www.burov.com,Prix rénovation salle de bain m2 : les tarifs réels pour vos travaux,prix rénovation salle,https://www.burov.com/prix-renovation-salle-de-bain-m2,2026-06-23
www.burov.com,Vieille salle de bain : les 5 astuces pour moderniser sans tout casser,vieille salle bain,https://www.burov.com/vieille-salle-de-bain,2026-06-23
www.cap-btp.com,Comment poser un grillage soudé : la méthode pour une clôture parfaite,poser grillage soudé,https://www.cap-btp.com/comment-poser-un-grillage-soude,2026-06-23
www.cercll.fr,Étude du sol : pourquoi elle est indispensable avant de construire sur un terrain,étude sol,https://www.cercll.fr/etude-du-sol-pourquoi-elle-est-indispensable-avant-de-construire-sur-un-terrain,2026-06-23
www.cercll.fr,Volets battants ou roulants : quelles différences pour votre confort et votre budget ? - CERCLL,volets battants roulants,https://www.cercll.fr/volets-battants-ou-roulants-quelles-differences-pour-votre-confort-et-votre-budget,2026-06-23
www.cle-immobilier.net,Pourquoi les promoteurs proposent-ils des retours de lot en immobilier neuf ? - CLE Immobilier,pourquoi promoteurs proposent,https://www.cle-immobilier.net/pourquoi-les-promoteurs-proposent-ils-des-retours-de-lot-en-immobilier-neuf,2026-06-23
www.cnsee.org,Abus de procuration sur compte bancaire : quels recours pour se protéger ? - CNSEE Business,procuration compte bancaire,https://www.cnsee.org/abus-procuration-sur-compte-bancaire-quels-recours-pour-se-proteger,2026-06-23
www.commentaider.fr,Maîtriser le Hi-Capa : Conseils pour Améliorer Votre Jeu d'Airsoft,maîtriser hi capa,https://www.commentaider.fr/maitriser-le-hi-capa-conseils-pour-ameliorer-votre-jeu-dairsoft,2026-06-23
www.espacecastillon.fr,Connaître l'Année de Construction d'un Immeuble,connaître année construction,https://www.espacecastillon.fr/age-immeuble-construction,2026-06-23
www.espacecastillon.fr,Comment préserver l’intimité dans son jardin sans alourdir l’espace ? - Espace Castillon,alourdir espace,https://www.espacecastillon.fr/comment-preserver-lintimite-dans-son-jardin-sans-alourdir-lespace,2026-06-23
www.espacecastillon.fr,Peut-on Jeter la Litière du Chat au Jardin ?,litière chat jardin,https://www.espacecastillon.fr/litiere-chat-jardin,2026-06-23
www.exactimmo.fr,Maison à louer dans le 27 avec jardin : comment la dénicher vite ? - Exact Immo,louer 27 jardin,https://www.exactimmo.fr/maison-a-louer-dans-le-27-avec-jardin-comment-la-denicher-vite,2026-06-23
www.frci-idf.com,CA22 : les étapes pour se connecter à l'espace client en ligne,ca22,https://www.frci-idf.com/ca22,2026-06-23
www.frci-idf.com,Remboursement anticipé prêt conso : les critères pour évaluer la rentabilité réelle,anticipé prêt conso,https://www.frci-idf.com/remboursement-anticipe-pret-conso,2026-06-23
www.gvu-immo.com,"Appartement à Aix-les-Bains (73100), 2 pièces, de 55m² à 179 000 €",aix bains 73100,https://www.gvu-immo.com/annonce/appartement-a-aix-les-bains-73100-2-pieces-11843,2026-06-23
www.gvu-immo.com,"Appartement à Aix-les-Bains (73100), 3 pièces, de 76m² à 345 000 €",aix bains 73100,https://www.gvu-immo.com/annonce/appartement-a-aix-les-bains-73100-3-pieces-11828,2026-06-23
www.gvu-immo.com,"Appartement à Aix-les-Bains (73100), 4 pièces, de 77m² à 1 114 €",aix bains 73100,https://www.gvu-immo.com/annonce/appartement-a-aix-les-bains-73100-4-pieces-11842,2026-06-23
www.gvu-immo.com,"Appartement à Aix-les-Bains (73100), 5 pièces, de 166m² à 995 000 €",aix bains 73100,https://www.gvu-immo.com/annonce/appartement-a-aix-les-bains-73100-5-pieces-11844,2026-06-23
www.gvu-immo.com,"Appartement à Annecy (74000), 4 pièces, de 88m² à 480 200 €",annecy 74000 pièces,https://www.gvu-immo.com/annonce/appartement-a-annecy-74000-4-pieces-11829,2026-06-23
www.gvu-immo.com,"Appartement à Annecy (74000), 4 pièces, de 88m² à 503 720 €",annecy 74000 pièces,https://www.gvu-immo.com/annonce/appartement-a-annecy-74000-4-pieces-11830,2026-06-23
www.gvu-immo.com,"Appartement à Annecy (74000), 4 pièces, de 82m² à 524 000 €",appartement annecy 74000,https://www.gvu-immo.com/annonce/appartement-a-annecy-74000-4-pieces-11831,2026-06-23
www.gvu-immo.com,"Appartement à Annecy (74000), 5 pièces, de 107m² à 769 000 €",annecy 74000 pièces,https://www.gvu-immo.com/annonce/appartement-a-annecy-74000-5-pieces-11832,2026-06-23
www.gvu-immo.com,"Appartement à Annecy (74000), 5 pièces, de 111m² à 803 600 €",annecy 74000 pièces,https://www.gvu-immo.com/annonce/appartement-a-annecy-74000-5-pieces-11838,2026-06-23
www.gvu-immo.com,"Appartement à Annecy (74000), 5 pièces, de 98m² à 399 000 €",annecy 74000 pièces,https://www.gvu-immo.com/annonce/appartement-a-annecy-74000-5-pieces-11839,2026-06-23
www.gvu-immo.com,"Appartement à Barby (73230), 3 pièces, de 73m² à 355 000 €",barby 73230 pièces,https://www.gvu-immo.com/annonce/appartement-a-barby-73230-3-pieces-11854,2026-06-23
www.gvu-immo.com,"Appartement à Chambéry (73000), 1 pièces, de 28m² à 118 000 €",appartement chambéry 73000,https://www.gvu-immo.com/annonce/appartement-a-chambery-73000-1-pieces-11840,2026-06-23
www.gvu-immo.com,"Appartement à Chambéry (73000), 1 pièces, de 17m² à 600 €",appartement chambéry 73000,https://www.gvu-immo.com/annonce/appartement-a-chambery-73000-1-pieces-11850,2026-06-23
www.gvu-immo.com,"Appartement à Chambéry (73000), 1 pièces, de 25m² à 630 €",appartement chambéry 73000,https://www.gvu-immo.com/annonce/appartement-a-chambery-73000-1-pieces-11851,2026-06-23
www.gvu-immo.com,"Appartement à Chambéry (73000), 1 pièces, de 20m² à 107 500 €",appartement chambéry 73000,https://www.gvu-immo.com/annonce/appartement-a-chambery-73000-1-pieces-11855,2026-06-23
www.gvu-immo.com,"Appartement à Chambéry (73000), 2 pièces, de 48m² à 238 000 €",appartement chambéry 73000,https://www.gvu-immo.com/annonce/appartement-a-chambery-73000-2-pieces-11841,2026-06-23
www.gvu-immo.com,"Appartement à Chambéry (73000), 2 pièces, de 48m² à 190 000 €",appartement chambéry 73000,https://www.gvu-immo.com/annonce/appartement-a-chambery-73000-2-pieces-11859,2026-06-23
www.gvu-immo.com,"Appartement à Chambéry (73000), 3 pièces, de 64m² à 850 €",appartement chambéry 73000,https://www.gvu-immo.com/annonce/appartement-a-chambery-73000-3-pieces-11827,2026-06-23
www.gvu-immo.com,"Appartement à Fontcouverte-la-Toussuire (73300), 3 pièces, de 48m² à 275 000 €",fontcouverte toussuire 73300,https://www.gvu-immo.com/annonce/appartement-a-fontcouverte-la-toussuire-73300-3-pieces-11837,2026-06-23
www.gvu-immo.com,"Appartement à Jacob-Bellecombette (73000), 1 pièces, de 22m² à 512 €",bellecombette 73000 pièces,https://www.gvu-immo.com/annonce/appartement-a-jacob-bellecombette-73000-1-pieces-11852,2026-06-23
www.gvu-immo.com,"Bureau à Chambéry (73000), 5 pièces, de 120m² à 1 200 €",chambéry 73000 pièces,https://www.gvu-immo.com/annonce/bureau-a-chambery-73000-5-pieces-11833,2026-06-23
www.gvu-immo.com,"Duplex à Betton-Bettonet (73390), 4 pièces, de 78m² à 795 €",duplex betton bettonet,https://www.gvu-immo.com/annonce/duplex-a-betton-bettonet-73390-4-pieces-11835,2026-06-23
www.gvu-immo.com,"Maison à Barberaz (73000), 3 pièces, de 71m² à 249 900 €",maison barberaz 73000,https://www.gvu-immo.com/annonce/maison-a-barberaz-73000-3-pieces-11834,2026-06-23
www.gvu-immo.com,"Maison à Voglans (73420), 4 pièces, de 115m² à 470 000 €",maison voglans 73420,https://www.gvu-immo.com/annonce/maison-a-voglans-73420-4-pieces-11853,2026-06-23
www.gvu-immo.com,"Maison de campagne à Saint-Baldoph (73190), 6 pièces, de 127m² à 397 000 €",maison campagne saint,https://www.gvu-immo.com/annonce/maison-de-campagne-a-saint-baldoph-73190-6-pieces-11856,2026-06-23
www.gvu-immo.com,"Maison de village à Saint-Jean-de-la-Porte (73250), 5 pièces, de 114m² à 1 040 €",maison village saint,https://www.gvu-immo.com/annonce/maison-de-village-a-saint-jean-de-la-porte-73250-5-pieces-11836,2026-06-23
www.gvu-immo.com,"Maison neuve à Armoy (74200), 4 pièces, de 100m² à 484 000 €",maison neuve armoy,https://www.gvu-immo.com/annonce/maison-neuve-a-armoy-74200-4-pieces-11846,2026-06-23
www.gvu-immo.com,"Maison neuve à Champanges (74500), 5 pièces, de 110m² à 509 000 €",maison neuve champanges,https://www.gvu-immo.com/annonce/maison-neuve-a-champanges-74500-5-pieces-11845,2026-06-23
www.gvu-immo.com,"Maison neuve à Saint-Sigismond (74300), 4 pièces, de 122m² à 625 515 €",neuve saint sigismond,https://www.gvu-immo.com/annonce/maison-neuve-a-saint-sigismond-74300-4-pieces-11857,2026-06-23
www.gvu-immo.com,"Maison neuve à Saint-Sigismond (74300), 5 pièces, de 107m² à 610 198 €",neuve saint sigismond,https://www.gvu-immo.com/annonce/maison-neuve-a-saint-sigismond-74300-5-pieces-11849,2026-06-23
www.gvu-immo.com,"Maison neuve à Samoëns (74340), 5 pièces, de 125m² à 1 220 000 €",maison neuve samoëns,https://www.gvu-immo.com/annonce/maison-neuve-a-samoens-74340-5-pieces-11847,2026-06-23
www.gvu-immo.com,"Maison neuve à Servoz (74310), 5 pièces, de 108m² à 1 035 008 €",maison neuve servoz,https://www.gvu-immo.com/annonce/maison-neuve-a-servoz-74310-5-pieces-11848,2026-06-23
www.gvu-immo.com,"Maison neuve à Viry (74580), 6 pièces, de 130m² à 700 000 €",maison neuve viry,https://www.gvu-immo.com/annonce/maison-neuve-a-viry-74580-6-pieces-11858,2026-06-23
www.gvu-immo.com,"Maison neuve à Voglans (73420), 4 pièces, de 85m² à 509 703 €",maison neuve voglans,https://www.gvu-immo.com/annonce/maison-neuve-a-voglans-73420-4-pieces-11860,2026-06-23
www.gvu-immo.com,"Terrain à Saint-Alban-de-Montbel (73610), pièces, de 2000m² à 130 000 €",terrain saint alban,https://www.gvu-immo.com/annonce/terrain-a-saint-alban-de-montbel-73610-pieces-11861,2026-06-23
www.gvu-immo.com,Appartement : immobilier Fontcouverte-la-Toussuire,appartement,https://www.gvu-immo.com/immobilier/appartement/fontcouverte-la-toussuire-73300,2026-06-23
www.gvu-immo.com,Maison neuve : immobilier Saint-Sigismond,maison neuve,https://www.gvu-immo.com/immobilier/maison-neuve/st-sigismond-74300,2026-06-23
www.gvu-immo.com,"Immobilier Fontcouverte-la-Toussuire, agence Immobiliere Fontcouverte-la-Toussuire, annonce Immobiliere Fontcouverte-la-Toussuire",immobiliere fontcouverte toussuire,https://www.gvu-immo.com/immobilier/villes/fontcouverte-la-toussuire-73300/30417,2026-06-23
www.gvu-immo.com,Saint-Sigismond (74300),saint sigismond 74300,https://www.gvu-immo.com/immobilier/villes/saint-sigismond-74300/30895,2026-06-23
www.habitanova.net,Piscine bois : investir dans son confort de vie,piscine bois,https://www.habitanova.net/piscine-bois-investir-dans-son-confort-de-vie,2026-06-23
www.habitatparticipatif.net,Exemple annonce location appartement meublé : le modèle pour attirer les locataires,annonce location appartement,https://www.habitatparticipatif.net/exemple-annonce-location-appartement-meuble,2026-06-23
www.habitatparticipatif.net,Pouzzolane : le paillage minéral ou l'écorce de bois pour vos massifs ?,pouzzolane,https://www.habitatparticipatif.net/pouzzolane,2026-06-23
www.habitatparticipatif.net,Serrure pour boite lettre collective : les astuces pour une installation réussie,boite lettre collective,https://www.habitatparticipatif.net/serrure-pour-boite-lettre-collective,2026-06-23
www.homedome.fr,Champignon au mur dans la chambre : risques réels pour la santé - Home Dome,champignon mur chambre,https://www.homedome.fr/champignon-au-mur-dans-la-chambre-risques-reels-pour-la-sante,2026-06-23
www.homedome.fr,Relooking d'un salon de coiffure avec la lumière comme fil conducteur - Home Dome,coiffure lumière comme,https://www.homedome.fr/relooking-dun-salon-de-coiffure-avec-la-lumiere-comme-fil-conducteur,2026-06-23
www.immob.biz,Thaïlande acheter maison pour y vivre sa retraite : ce qu'il faut vraiment prévoir - Immo B,vivre sa retraite,http://www.immob.biz/thailande-acheter-maison-pour-y-vivre-sa-retraite-ce-quil-faut-vraiment-prevoir,2026-06-23
www.immobilier-web.fr,Avis permis-construire.com : ce que révèlent vraiment les retours clients - Immobilier Web,avis permis construire,https://www.immobilier-web.fr/avis-permis-construire-com-ce-que-revelent-vraiment-les-retours-clients,2026-06-23
www.immoguru.fr,Comment résiliation mandat de vente exclusif après 3 mois protège votre vente ? - ImmoGuru,protège votre vente,https://www.immoguru.fr/comment-resiliation-mandat-de-vente-exclusif-apres-3-mois-protege-votre-vente,2026-06-23
www.immoproxima.fr,Essaouira Location longue Durée : quartiers à privilégier pour vivre à l'année - Immo Proxima,essaouira location longue,https://www.immoproxima.fr/essaouira-location-longue-duree-quartiers-a-privilegier-pour-vivre-a-lannee,2026-06-23
www.immorush.fr,"In li et moi en 2026, ce qui change pour votre demande de logement intermédiaire - ImmoRush",votre demande logement,https://www.immorush.fr/in-li-et-moi-en-2026-ce-qui-change-pour-votre-demande-de-logement-intermediaire,2026-06-23
www.immorush.fr,Pourquoi passer par un constructeur local change tout pour votre maison - ImmoRush,pourquoi passer constructeur,https://www.immorush.fr/pourquoi-passer-par-un-constructeur-local-change-tout-pour-votre-maison,2026-06-23
www.jardipedia.com,Combien de pieds de tomates pour 4 personnes : la quantité idéale ?,combien pieds tomates,https://www.jardipedia.com/combien-de-pieds-de-tomates-pour-4-personnes,2026-06-23
www.koliving.fr,Assurance-vie après 70 ans : l'erreur de timing qui fait perdre 30 500 € à vos enfants,assurance vie après,https://www.koliving.fr/assurance-vie-apres-70-ans-abattement-30500-erreur,2026-06-23
www.koliving.fr,Crédit immobilier : la hausse des taux de juin vous fait perdre plusieurs m2 de pouvoir d'achat,crédit immobilier,https://www.koliving.fr/credit-immobilier-hausse-taux-juin-2026-pouvoir-achat,2026-06-23
www.koliving.fr,Location de vacances : la loi Le Meur fait basculer des milliers de loueurs au régime réel,location vacances,https://www.koliving.fr/loi-le-meur-location-vacances-regime-reel-2026,2026-06-23
www.koliving.fr,"Marché immobilier à Cherbourg : prix, quartiers et tendances",marché immobilier cherbourg,https://www.koliving.fr/marche-immobilier-a-cherbourg-prix-quartiers-et-tendances,2026-06-23
www.koliving.fr,Assurance-vie - Koliving,assurance vie,https://www.koliving.fr/sujet/assurance-vie,2026-06-23
www.koliving.fr,Cherbourg - Koliving,cherbourg,https://www.koliving.fr/sujet/cherbourg,2026-06-23
www.koliving.fr,Normandie - Koliving,normandie,https://www.koliving.fr/sujet/normandie,2026-06-23
www.koliving.fr,Transmission - Koliving,transmission,https://www.koliving.fr/sujet/transmission,2026-06-23
www.la-loipinel.fr,,,https://www.la-loipinel.fr/quartier-chaud-evian,2026-06-23
www.lamaisondechloe.fr,Plantes en pot : les secrets de terrasse style méditerranéen,plantes pot,https://www.lamaisondechloe.fr/comment-creer-une-ambiance-mediterraneenne-sur-sa-terrasse-avec-des-plantes-en-pot,2026-06-23
www.latabledelacitadelle.fr,Tomates à la Provençale : explosion de fraîcheur et saveurs,tomates provençale,https://www.latabledelacitadelle.fr/recette-tomates-provencale,2026-06-23
www.leemo.fr,Meilleur compte à terme vert 2026 : comparatif des taux - Leemo,terme vert 2026,https://www.leemo.fr/comparatif-meilleur-compte-a-terme-vert-2026,2026-06-23
www.leemo.fr,Fortune actuelle de Jeannie Longo : ce qu'il faut savoir,actuelle jeannie longo,https://www.leemo.fr/fortune-jeannie-longo,2026-06-23
www.ma-propriete.fr,"Nogaro(32) 7 km, ANCIENNE METAIRIE GASCONNE 280m2 dont 160m2 habtiables sur 4.5ha, au bout d'un long chemin, CACHEE, SANS VIS A VIS, 5 ha de bois et terres, AU CALME, dépendances, rare | MA-PROPRIETE.FR",nogaro 32 km,https://www.ma-propriete.fr/fr/equestre/proprietes-equestres/gers/nogaro-32-7-km-ancienne-metairie-gasconne-280m2-dont-160m2-habtiables-sur-4-5ha-au-bout-dun-long-chemin-cachee-sans-vis-a-vis-5-ha-de-bois-et-terres-au-calme-dependances-rare,2026-06-23
www.ma-propriete.fr,Rare ! Propriété équestre clé en main à 15 min de Saumur | MA-PROPRIETE.FR,propriété équestre clé,https://www.ma-propriete.fr/fr/equestre/proprietes-equestres/maine-et-loire/rare-propriete-equestre-cle-en-main-a-15-min-de-saumur,2026-06-23
www.ma-propriete.fr,Propriété équestre de caractère à Roquebrune sur Argens . Rare à la vente ! | MA-PROPRIETE.FR,équestre caractère roquebrune,https://www.ma-propriete.fr/fr/equestre/proprietes-equestres/var/propriete-equestre-de-caractere-a-roquebrune-sur-argens-rare-a-la-vente,2026-06-23
www.ma-propriete.fr,Forêts à vendre en Haute-Saône (70) - Bourgogne-Franche-Comté | MA-PROPRIETE.FR,vendre haute saône,https://www.ma-propriete.fr/fr/forestiere/bois-et-forets/departement/haute-saone,2026-06-23
www.ma-propriete.fr,Propriété forestière à vendre Haute-Saône - Achat forestier | MA-PROPRIETE.FR,forestière vendre haute,https://www.ma-propriete.fr/fr/forestiere/departement/haute-saone,2026-06-23
www.ma-propriete.fr,Maison de Maître en pierre de taille proche Soissons –421m2 habitables -Vivable de plain-pied–6 chambres-3 salles de bains–2 salles d’eau–Dortoir–Salle de jeux–Piscine-Dépendance- Parc clos 3680m2 | MA-PROPRIETE.FR,soissons 421m2 habitables,https://www.ma-propriete.fr/fr/prestige/maison-de-maitre-belle-demeure/aisne/maison-de-maitre-en-pierre-de-taille-proche-soissons-421m2-habitables-vivable-de-plain-pied-6-chambres-3-salles-de-bains-2-salles-deau-dortoir-salle-de-jeux-piscine-dependance-parc-clos-3680m2,2026-06-23
www.ma-propriete.fr,Proprieté à 20 mns d'Aix en Provence 380m2 habitables | MA-PROPRIETE.FR,provence 380m2 habitables,https://www.ma-propriete.fr/fr/prestige/maison-de-maitre-belle-demeure/bouches-du-rhone/propriete-a-20-mns-daix-en-provence-380m2-habitables,2026-06-23
www.ma-propriete.fr,"Dpt Indre et Loire (37), à vendre RICHELIEU Propriété P15 de 385,12m² -Terrain de 21142m² | MA-PROPRIETE.FR",loire 37 vendre,https://www.ma-propriete.fr/fr/prestige/maison-de-maitre-belle-demeure/vienne/dpt-indre-et-loire-37-a-vendre-richelieu-propriete-p15-de-385-12m2-terrain-de-21142m2,2026-06-23
www.ma-propriete.fr,À vendre bien mixte habitation & atelier à Précy-Sous-Thil | MA-PROPRIETE.FR,vendre mixte habitation,https://www.ma-propriete.fr/fr/rurale/maison-de-campagne/cote-dor/a-vendre-bien-mixte-habitation-atelier-a-precy-sous-thil,2026-06-23
www.magazine-slr.fr,Comment choisir la meilleure technique de marquage pour ses textiles publicitaires. - Magazine SLR,ses textiles publicitaires,https://www.magazine-slr.fr/comment-choisir-la-meilleure-technique-de-marquage-pour-ses-textiles-publicitaires,2026-06-23
www.magazine-slr.fr,Rupture période essai préavis : guide des bonnes pratiques - Magazine SLR,rupture période essai,https://www.magazine-slr.fr/rupture-periode-essai-preavis-guide-des-bonnes-pratiques,2026-06-23
www.maison-poincare.fr,Moustiquaire sur mesure à Nice : améliorer le confort de son logement - Maison Poincaré,moustiquaire mesure nice,https://www.maison-poincare.fr/maison/moustiquaire-sur-mesure-a-nice-ameliorer-le-confort-de-son-logement,2026-06-23
www.maison-poincare.fr,Nombre de pièces appartement : comment bien compter les tiennes,nombre pièces appartement,https://www.maison-poincare.fr/maison/nombre-de-pieces-appartement,2026-06-23
www.maison-poincare.fr,"Plombier à Châtillon : services, tarifs et interventions - Maison Poincaré",plombier châtillon,https://www.maison-poincare.fr/maison/plombier-a-chatillon-services-tarifs-et-interventions,2026-06-23
www.maison-poincare.fr,Comment réduire durablement sa facture énergétique grâce à une bonne isolation ? - Maison Poincaré,sa facture énergétique,https://www.maison-poincare.fr/travaux/comment-reduire-durablement-sa-facture-energetique-grace-a-une-bonne-isolation,2026-06-23
www.maison-poincare.fr,Comment utiliser SketchUp pour planifier ses travaux de rénovation ? - Maison Poincaré,utiliser sketchup,https://www.maison-poincare.fr/travaux/comment-utiliser-sketchup-pour-planifier-ses-travaux-de-renovation,2026-06-23
www.maison-poincare.fr,Quels critères pour choisir votre fenêtre en aluminium sur mesure ? - Maison Poincaré,votre fenêtre aluminium,https://www.maison-poincare.fr/travaux/quels-criteres-pour-choisir-votre-fenetre-en-aluminium-sur-mesure,2026-06-23
www.mes-bons-plans.fr,Code promo 123 Pneus : -50% - Juin 2026 | Mes Bons Plans,promo 123 pneus,https://mes-bons-plans.fr/123pneus,2026-06-23
www.mes-bons-plans.fr,Code promo 24s Clo : -50% - Juin 2026 | Mes Bons Plans,code promo 24s,https://mes-bons-plans.fr/24s-clo,2026-06-23
www.mes-bons-plans.fr,Code promo 24s Worldwide Apaceuus : -50% - Juin 2026 | Mes Bons Plans,code promo 24s,https://mes-bons-plans.fr/24s-worldwide-apaceuus,2026-06-23
www.mes-bons-plans.fr,Code promo 365rider : -40% - Juin 2026 | Mes Bons Plans,code promo 365rider,https://mes-bons-plans.fr/365rider,2026-06-23
www.mes-bons-plans.fr,Code promo 4 Pieds : -5% - Juin 2026 | Mes Bons Plans,code promo pieds,https://mes-bons-plans.fr/4-pieds,2026-06-23
www.mes-bons-plans.fr,Code promo 8wines : -46% - Juin 2026 | Mes Bons Plans,code promo 8wines,https://mes-bons-plans.fr/8wines,2026-06-23
www.mes-bons-plans.fr,Mes Bons Plans - Optimisez votre budget en ligne,mes bons plans,https://mes-bons-plans.fr/a-propos-de-l-auteur,2026-06-23
www.mes-bons-plans.fr,Code promo Abracadaroom Fr : -15% - Juin 2026 | Mes Bons Plans,code promo abracadaroom,https://mes-bons-plans.fr/abracadaroom-fr,2026-06-23
www.mes-bons-plans.fr,Code promo Ademain - Juin 2026 | Mes Bons Plans,code promo ademain,https://mes-bons-plans.fr/ademain,2026-06-23
www.mes-bons-plans.fr,Code promo Aer Lingus : -20% - Juin 2026 | Mes Bons Plans,promo aer lingus,https://mes-bons-plans.fr/aer-lingus,2026-06-23
www.mes-bons-plans.fr,Code promo Agatha Paris Fr : -20% - Juin 2026 | Mes Bons Plans,promo agatha paris,https://mes-bons-plans.fr/agatha-paris-fr,2026-06-23
www.mes-bons-plans.fr,Code promo Agent Provocateur : -30% - Juin 2026 | Mes Bons Plans,promo agent provocateur,https://mes-bons-plans.fr/agent-provocateur,2026-06-23
www.mes-bons-plans.fr,Code promo Agfaphoto - Juin 2026 | Mes Bons Plans,code promo agfaphoto,https://mes-bons-plans.fr/agfaphoto,2026-06-23
www.mes-bons-plans.fr,Code promo Air And Me : -50% - Juin 2026 | Mes Bons Plans,code promo air,https://mes-bons-plans.fr/air-and-me,2026-06-23
www.mes-bons-plans.fr,Code promo Air Corsica : -40% - Juin 2026 | Mes Bons Plans,promo air corsica,https://mes-bons-plans.fr/air-corsica,2026-06-23
www.mes-bons-plans.fr,Code promo Airton : -10% - Juin 2026 | Mes Bons Plans,code promo airton,https://mes-bons-plans.fr/airton,2026-06-23
www.mes-bons-plans.fr,Code promo Alessi : Livraison gratuite - Juin 2026 | Mes Bons Plans,code promo alessi,https://mes-bons-plans.fr/alessi,2026-06-23
www.mes-bons-plans.fr,Code promo Alterego Design : -50% - Juin 2026 | Mes Bons Plans,promo alterego design,https://mes-bons-plans.fr/alterego-design,2026-06-23
www.mes-bons-plans.fr,Code promo Am Nutrition : -25% - Juin 2026 | Mes Bons Plans,promo am nutrition,https://mes-bons-plans.fr/am-nutrition,2026-06-23
www.mes-bons-plans.fr,Code promo Ambazad - Juin 2026 | Mes Bons Plans,code promo ambazad,https://mes-bons-plans.fr/ambazad,2026-06-23
www.mes-bons-plans.fr,Code promo Amen : -80% - Juin 2026 | Mes Bons Plans,code promo amen,https://mes-bons-plans.fr/amen,2026-06-23
www.mes-bons-plans.fr,Code promo America Car Rental - Juin 2026 | Mes Bons Plans,code promo america,https://mes-bons-plans.fr/america-car-rental,2026-06-23
www.mes-bons-plans.fr,Code promo Ammareal : -94% - Juin 2026 | Mes Bons Plans,code promo ammareal,https://mes-bons-plans.fr/ammareal,2026-06-23
www.mes-bons-plans.fr,Code promo Angelico - Juin 2026 | Mes Bons Plans,code promo angelico,https://mes-bons-plans.fr/angelico,2026-06-23
www.mes-bons-plans.fr,Code promo Animalis : -60% - Juin 2026 | Mes Bons Plans,code promo animalis,https://mes-bons-plans.fr/animalis,2026-06-23
www.mes-bons-plans.fr,Code promo Antalisfr : -50% - Juin 2026 | Mes Bons Plans,code promo antalisfr,https://mes-bons-plans.fr/antalisfr,2026-06-23
www.mes-bons-plans.fr,Code promo Antipodes : -20% - Juin 2026 | Mes Bons Plans,code promo antipodes,https://mes-bons-plans.fr/antipodes,2026-06-23
www.mes-bons-plans.fr,Code promo Aquahotel - Juin 2026 | Mes Bons Plans,code promo aquahotel,https://mes-bons-plans.fr/aquahotel,2026-06-23
www.mes-bons-plans.fr,Code promo Archiproducts : -70% - Juin 2026 | Mes Bons Plans,code promo archiproducts,https://mes-bons-plans.fr/archiproducts,2026-06-23
www.mes-bons-plans.fr,Code promo Arcwave - Juin 2026 | Mes Bons Plans,code promo arcwave,https://mes-bons-plans.fr/arcwave,2026-06-23
www.mes-bons-plans.fr,Code promo Ariat - Juin 2026 | Mes Bons Plans,code promo ariat,https://mes-bons-plans.fr/ariat,2026-06-23
www.mes-bons-plans.fr,Code promo Arlo - Juin 2026 | Mes Bons Plans,code promo arlo,https://mes-bons-plans.fr/arlo,2026-06-23
www.mes-bons-plans.fr,Code promo Arredinitaly : -15% - Juin 2026 | Mes Bons Plans,code promo arredinitaly,https://mes-bons-plans.fr/arredinitaly,2026-06-23
www.mes-bons-plans.fr,Code promo Asmc : -80% - Juin 2026 | Mes Bons Plans,code promo asmc,https://mes-bons-plans.fr/asmc,2026-06-23
www.mes-bons-plans.fr,Code promo Atlet Nutrition : -20% - Juin 2026 | Mes Bons Plans,promo atlet nutrition,https://mes-bons-plans.fr/atlet-nutrition,2026-06-23
www.mes-bons-plans.fr,Code promo Au Fil Des Couleurs - Juin 2026 | Mes Bons Plans,promo fil couleurs,https://mes-bons-plans.fr/au-fil-des-couleurs,2026-06-23
www.mes-bons-plans.fr,Code promo Au Forum Du Batiment : -10% - Juin 2026 | Mes Bons Plans,promo forum batiment,https://mes-bons-plans.fr/au-forum-du-batiment,2026-06-23
www.mes-bons-plans.fr,Code promo Auto Doc : -63% - Juin 2026 | Mes Bons Plans,code promo auto,https://mes-bons-plans.fr/auto-doc,2026-06-23
www.mes-bons-plans.fr,Code promo Autodistributionfr : -50% - Juin 2026 | Mes Bons Plans,code promo autodistributionfr,https://mes-bons-plans.fr/autodistributionfr,2026-06-23
www.mes-bons-plans.fr,Code promo Aveda - Juin 2026 | Mes Bons Plans,code promo aveda,https://mes-bons-plans.fr/aveda,2026-06-23
www.mes-bons-plans.fr,Code promo Axelhotels - Juin 2026 | Mes Bons Plans,code promo axelhotels,https://mes-bons-plans.fr/axelhotels,2026-06-23
www.mes-bons-plans.fr,Code promo Azulixtapa - Juin 2026 | Mes Bons Plans,code promo azulixtapa,https://mes-bons-plans.fr/azulixtapa,2026-06-23
www.mes-bons-plans.fr,Code promo Baage : -86% - Juin 2026 | Mes Bons Plans,code promo baage,https://mes-bons-plans.fr/baage,2026-06-23
www.mes-bons-plans.fr,Code promo Babymoov - Juin 2026 | Mes Bons Plans,code promo babymoov,https://mes-bons-plans.fr/babymoov,2026-06-23
www.mes-bons-plans.fr,Code promo Baija : -50% - Juin 2026 | Mes Bons Plans,code promo baija,https://mes-bons-plans.fr/baija,2026-06-23
www.mes-bons-plans.fr,Code promo Balaboost 2024 : -70% - Juin 2026 | Mes Bons Plans,code promo balaboost,https://mes-bons-plans.fr/balaboost-2024,2026-06-23
www.mes-bons-plans.fr,Code promo Baleema - Juin 2026 | Mes Bons Plans,code promo baleema,https://mes-bons-plans.fr/baleema,2026-06-23
www.mes-bons-plans.fr,Code promo Banggood Com : -80% - Juin 2026 | Mes Bons Plans,code promo banggood,https://mes-bons-plans.fr/banggood-com,2026-06-23
www.mes-bons-plans.fr,Code promo Bankin : -80% - Juin 2026 | Mes Bons Plans,code promo bankin,https://mes-bons-plans.fr/bankin,2026-06-23
www.mes-bons-plans.fr,Mes Bons Plans - Optimisez votre budget en ligne,mes bons plans,https://mes-bons-plans.fr/banques/distingo,2026-06-23
www.mes-bons-plans.fr,Mes Bons Plans - Optimisez votre budget en ligne,mes bons plans,https://mes-bons-plans.fr/banques/hello-bank,2026-06-23
www.mes-bons-plans.fr,Mes Bons Plans - Optimisez votre budget en ligne,mes bons plans,https://mes-bons-plans.fr/banques/klarna,2026-06-23
www.mes-bons-plans.fr,Mes Bons Plans - Optimisez votre budget en ligne,mes bons plans,https://mes-bons-plans.fr/banques/klarna/carte-fixed,2026-06-23
www.mes-bons-plans.fr,Mes Bons Plans - Optimisez votre budget en ligne,mes bons plans,https://mes-bons-plans.fr/banques/klarna/carte-flex,2026-06-23
www.mes-bons-plans.fr,Mes Bons Plans - Optimisez votre budget en ligne,mes bons plans,https://mes-bons-plans.fr/banques/klarna/compte,2026-06-23
www.mes-bons-plans.fr,Mes Bons Plans - Optimisez votre budget en ligne,mes bons plans,https://mes-bons-plans.fr/banques/nirio,2026-06-23
www.mes-bons-plans.fr,Code promo Basket Center : -63% - Juin 2026 | Mes Bons Plans,code promo basket,https://mes-bons-plans.fr/basket-center,2026-06-23
www.mes-bons-plans.fr,Code promo Bb Malin : -50% - Juin 2026 | Mes Bons Plans,promo bb malin,https://mes-bons-plans.fr/bb-malin,2026-06-23
www.mes-bons-plans.fr,Code promo Bdfuguecom : -45% - Juin 2026 | Mes Bons Plans,code promo bdfuguecom,https://mes-bons-plans.fr/bdfuguecom,2026-06-23
www.mes-bons-plans.fr,Code promo Beachcomber Hotels - Juin 2026 | Mes Bons Plans,promo beachcomber hotels,https://mes-bons-plans.fr/beachcomber-hotels,2026-06-23
www.mes-bons-plans.fr,Code promo Beatbot - Juin 2026 | Mes Bons Plans,code promo beatbot,https://mes-bons-plans.fr/beatbot,2026-06-23
www.mes-bons-plans.fr,Code promo Beautymix Le Robot De Cosmetique Maison - Juin 2026 | Mes Bons Plans,robot cosmetique maison,https://mes-bons-plans.fr/beautymix-le-robot-de-cosmetique-maison,2026-06-23
www.mes-bons-plans.fr,Code promo Becanerie : -20% - Juin 2026 | Mes Bons Plans,code promo becanerie,https://mes-bons-plans.fr/becanerie,2026-06-23
www.mes-bons-plans.fr,Code promo Begreen - Juin 2026 | Mes Bons Plans,code promo begreen,https://mes-bons-plans.fr/begreen,2026-06-23
www.mes-bons-plans.fr,Code promo Besides Kimchi : -40% - Juin 2026 | Mes Bons Plans,promo besides kimchi,https://mes-bons-plans.fr/besides-kimchi,2026-06-23
www.mes-bons-plans.fr,Code promo Bforbank : -5% - Juin 2026 | Mes Bons Plans,code promo bforbank,https://mes-bons-plans.fr/bforbank,2026-06-23
www.mes-bons-plans.fr,Code promo Bibiche Fait Son Cirque - Juin 2026 | Mes Bons Plans,promo bibiche fait,https://mes-bons-plans.fr/bibiche-fait-son-cirque,2026-06-23
www.mes-bons-plans.fr,Code promo Biform Sante - Juin 2026 | Mes Bons Plans,promo biform sante,https://mes-bons-plans.fr/biform-sante,2026-06-23
www.mes-bons-plans.fr,Code promo Biggreensmile : -40% - Juin 2026 | Mes Bons Plans,code promo biggreensmile,https://mes-bons-plans.fr/biggreensmile,2026-06-23
www.mes-bons-plans.fr,Code promo Biogemm - Juin 2026 | Mes Bons Plans,code promo biogemm,https://mes-bons-plans.fr/biogemm,2026-06-23
www.mes-bons-plans.fr,Code promo Blazevideo Uk - Juin 2026 | Mes Bons Plans,code promo blazevideo,https://mes-bons-plans.fr/blazevideo-uk,2026-06-23
www.mes-bons-plans.fr,Code promo Blitzhandel24 - Juin 2026 | Mes Bons Plans,code promo blitzhandel24,https://mes-bons-plans.fr/blitzhandel24,2026-06-23
www.mes-bons-plans.fr,Code promo Blue Skincare - Juin 2026 | Mes Bons Plans,promo blue skincare,https://mes-bons-plans.fr/blue-skincare,2026-06-23
www.mes-bons-plans.fr,Code promo Bluetti Power Fr : -84% - Juin 2026 | Mes Bons Plans,code promo bluetti,https://mes-bons-plans.fr/bluetti-power-fr,2026-06-23
www.mes-bons-plans.fr,Code promo Bobbi Brown - Juin 2026 | Mes Bons Plans,code promo bobbi,https://mes-bons-plans.fr/bobbi-brown,2026-06-23
www.mes-bons-plans.fr,Code promo Bodyandfit : -55% - Juin 2026 | Mes Bons Plans,code promo bodyandfit,https://mes-bons-plans.fr/bodyandfit,2026-06-23
www.mes-bons-plans.fr,Code promo Boisreduc - Juin 2026 | Mes Bons Plans,code promo boisreduc,https://mes-bons-plans.fr/boisreduc,2026-06-23
www.mes-bons-plans.fr,Code promo Bonsoirs : -10% - Juin 2026 | Mes Bons Plans,code promo bonsoirs,https://mes-bons-plans.fr/bonsoirs,2026-06-23
www.mes-bons-plans.fr,Code promo Boohoo : -45% - Juin 2026 | Mes Bons Plans,code promo boohoo,https://mes-bons-plans.fr/boohoo,2026-06-23
www.mes-bons-plans.fr,Code promo Boralia - Juin 2026 | Mes Bons Plans,code promo boralia,https://mes-bons-plans.fr/boralia,2026-06-23
www.mes-bons-plans.fr,Code promo Boulanger : 15% - Juin 2026 | Mes Bons Plans,code promo boulanger,https://mes-bons-plans.fr/boulanger,2026-06-23
www.mes-bons-plans.fr,Code promo Boutique Velo : -50% - Juin 2026 | Mes Bons Plans,promo boutique velo,https://mes-bons-plans.fr/boutique-velo,2026-06-23
www.mes-bons-plans.fr,Code promo Braceletsdemontres Com : -15% - Juin 2026 | Mes Bons Plans,code promo braceletsdemontres,https://mes-bons-plans.fr/braceletsdemontres-com,2026-06-23
www.mes-bons-plans.fr,Code promo Brasero Artisan - Juin 2026 | Mes Bons Plans,promo brasero artisan,https://mes-bons-plans.fr/brasero-artisan,2026-06-23
www.mes-bons-plans.fr,Code promo Brico Cash : -75% - Juin 2026 | Mes Bons Plans,code promo brico,https://mes-bons-plans.fr/bricocash,2026-06-23
www.mes-bons-plans.fr,Code promo Brit Hotel : -20% - Juin 2026 | Mes Bons Plans,promo brit hotel,https://mes-bons-plans.fr/brit-hotel,2026-06-23
www.mes-bons-plans.fr,Code promo Bstn : -15% - Juin 2026 | Mes Bons Plans,code promo bstn,https://mes-bons-plans.fr/bstn,2026-06-23
www.mes-bons-plans.fr,Code promo Bulk : -75% - Juin 2026 | Mes Bons Plans,code promo bulk,https://mes-bons-plans.fr/bulk,2026-06-23
www.mes-bons-plans.fr,Code promo Carigami : -27% - Juin 2026 | Mes Bons Plans,code promo carigami,https://mes-bons-plans.fr/carigami,2026-06-23
www.mes-bons-plans.fr,Code promo Cartouche Du Toner : -60% - Juin 2026 | Mes Bons Plans,promo cartouche toner,https://mes-bons-plans.fr/cartouche-du-toner,2026-06-23
www.mes-bons-plans.fr,Code promo Casa39 : -10% - Juin 2026 | Mes Bons Plans,code promo casa39,https://mes-bons-plans.fr/casa39,2026-06-23
www.mes-bons-plans.fr,Code promo Certideal : -70% - Juin 2026 | Mes Bons Plans,code promo certideal,https://mes-bons-plans.fr/certideal,2026-06-23
www.mes-bons-plans.fr,Code promo Chais Duvre : -10% - Juin 2026 | Mes Bons Plans,promo chais duvre,https://mes-bons-plans.fr/chais-duvre,2026-06-23
www.mes-bons-plans.fr,Code promo Champion - Juin 2026 | Mes Bons Plans,code promo champion,https://mes-bons-plans.fr/champion,2026-06-23
www.mes-bons-plans.fr,Code promo Champion Direct : -56% - Juin 2026 | Mes Bons Plans,code promo champion,https://mes-bons-plans.fr/champion-direct,2026-06-23
www.mes-bons-plans.fr,Code promo Changedelabourse : -15% - Juin 2026 | Mes Bons Plans,code promo changedelabourse,https://mes-bons-plans.fr/changedelabourse,2026-06-23
www.mes-bons-plans.fr,Code promo Chefsquare : -10% - Juin 2026 | Mes Bons Plans,code promo chefsquare,https://mes-bons-plans.fr/chefsquare,2026-06-23
www.mes-bons-plans.fr,Code promo Chronext - Juin 2026 | Mes Bons Plans,code promo chronext,https://mes-bons-plans.fr/chronext,2026-06-23
www.mes-bons-plans.fr,Code promo Cigatronique - Juin 2026 | Mes Bons Plans,code promo cigatronique,https://mes-bons-plans.fr/cigatronique,2026-06-23
www.mes-bons-plans.fr,Code promo Clairecharlotte : -30% - Juin 2026 | Mes Bons Plans,code promo clairecharlotte,https://mes-bons-plans.fr/clairecharlotte,2026-06-23
www.mes-bons-plans.fr,Code promo Club L London : -60% - Juin 2026 | Mes Bons Plans,promo club london,https://mes-bons-plans.fr/club-l-london,2026-06-23
www.mes-bons-plans.fr,Code promo Cocogrow : Livraison rapide - Juin 2026 | Mes Bons Plans,code promo cocogrow,https://mes-bons-plans.fr/cocogrow,2026-06-23
www.mes-bons-plans.fr,Code promo Coeur De Lion - Juin 2026 | Mes Bons Plans,promo coeur lion,https://mes-bons-plans.fr/coeur-de-lion,2026-06-23
www.mes-bons-plans.fr,Code promo Coffee Friend - Juin 2026 | Mes Bons Plans,code promo coffee,https://mes-bons-plans.fr/coffee-friend,2026-06-23
www.mes-bons-plans.fr,Code promo Coffret Iles Precieuses - Juin 2026 | Mes Bons Plans,code promo coffret,https://mes-bons-plans.fr/coffret-iles-precieuses,2026-06-23
www.mes-bons-plans.fr,Code promo Colmar - Juin 2026 | Mes Bons Plans,code promo colmar,https://mes-bons-plans.fr/colmar,2026-06-23
www.mes-bons-plans.fr,Code promo Comptoir Des Cotonniers : -50% - Juin 2026 | Mes Bons Plans,promo comptoir cotonniers,https://mes-bons-plans.fr/comptoir-des-cotonniers,2026-06-23
www.mes-bons-plans.fr,Code promo Confiserie Des Arcades - Juin 2026 | Mes Bons Plans,promo confiserie arcades,https://mes-bons-plans.fr/confiserie-des-arcades,2026-06-23
www.mes-bons-plans.fr,Code promo Constance Hotels And Resorts - Juin 2026 | Mes Bons Plans,promo constance hotels,https://mes-bons-plans.fr/constance-hotels-and-resorts,2026-06-23
www.mes-bons-plans.fr,Code promo Costa Croisieres : -50% - Juin 2026 | Mes Bons Plans,promo costa croisieres,https://mes-bons-plans.fr/costa-croisieres,2026-06-23
www.mes-bons-plans.fr,Code promo Cosy Home Designfr : -10% - Juin 2026 | Mes Bons Plans,code promo cosy,https://mes-bons-plans.fr/cosy-home-designfr,2026-06-23
www.mes-bons-plans.fr,Code promo Creme De La Mer : -15% - Juin 2026 | Mes Bons Plans,promo creme mer,https://mes-bons-plans.fr/creme-de-la-mer,2026-06-23
www.mes-bons-plans.fr,Code promo Cristianoshop - Juin 2026 | Mes Bons Plans,code promo cristianoshop,https://mes-bons-plans.fr/cristianoshop,2026-06-23
www.mes-bons-plans.fr,Code promo Culturin The City : -15% - Juin 2026 | Mes Bons Plans,code promo culturin,https://mes-bons-plans.fr/culturin-the-city,2026-06-23
www.mes-bons-plans.fr,Code promo Cupshe - Juin 2026 | Mes Bons Plans,code promo cupshe,https://mes-bons-plans.fr/cupshe,2026-06-23
www.mes-bons-plans.fr,Code promo Daniel Wellington : -50% - Juin 2026 | Mes Bons Plans,promo daniel wellington,https://mes-bons-plans.fr/daniel-wellington,2026-06-23
www.mes-bons-plans.fr,Code promo Danubius Hotels : -25% - Juin 2026 | Mes Bons Plans,promo danubius hotels,https://mes-bons-plans.fr/danubius-hotels,2026-06-23
www.mes-bons-plans.fr,Code promo Dare2b : -70% - Juin 2026 | Mes Bons Plans,code promo dare2b,https://mes-bons-plans.fr/dare2b,2026-06-23
www.mes-bons-plans.fr,Code promo Decathlon Location : -90% - Juin 2026 | Mes Bons Plans,code promo decathlon,https://mes-bons-plans.fr/decathlon-location,2026-06-23
www.mes-bons-plans.fr,Code promo Decathlon National : -90% - Juin 2026 | Mes Bons Plans,code promo decathlon,https://mes-bons-plans.fr/decathlon-national,2026-06-23
www.mes-bons-plans.fr,Code promo Degrifencens - Juin 2026 | Mes Bons Plans,code promo degrifencens,https://mes-bons-plans.fr/degrifencens,2026-06-23
www.mes-bons-plans.fr,Code promo Degusta Box - Juin 2026 | Mes Bons Plans,promo degusta box,https://mes-bons-plans.fr/degusta-box,2026-06-23
www.mes-bons-plans.fr,Code promo Desktronic - Juin 2026 | Mes Bons Plans,code promo desktronic,https://mes-bons-plans.fr/desktronic,2026-06-23
www.mes-bons-plans.fr,Code promo Dhgate - Juin 2026 | Mes Bons Plans,code promo dhgate,https://mes-bons-plans.fr/dhgate,2026-06-23
www.mes-bons-plans.fr,Code promo Diamondsmileteeth - Juin 2026 | Mes Bons Plans,code promo diamondsmileteeth,https://mes-bons-plans.fr/diamondsmileteeth,2026-06-23
www.mes-bons-plans.fr,Code promo Difmark - Juin 2026 | Mes Bons Plans,code promo difmark,https://mes-bons-plans.fr/difmark,2026-06-23
www.mes-bons-plans.fr,Code promo Direct Running : -80% - Juin 2026 | Mes Bons Plans,code promo direct,https://mes-bons-plans.fr/direct-running,2026-06-23
www.mes-bons-plans.fr,Code promo Direct Volley : -80% - Juin 2026 | Mes Bons Plans,promo direct volley,https://mes-bons-plans.fr/direct-volley,2026-06-23
www.mes-bons-plans.fr,Code promo Divani - Juin 2026 | Mes Bons Plans,code promo divani,https://mes-bons-plans.fr/divani,2026-06-23
www.mes-bons-plans.fr,Code promo Docmorris - Juin 2026 | Mes Bons Plans,code promo docmorris,https://mes-bons-plans.fr/docmorris,2026-06-23
www.mes-bons-plans.fr,Code promo Dogfy Diet - Juin 2026 | Mes Bons Plans,promo dogfy diet,https://mes-bons-plans.fr/dogfy-diet,2026-06-23
www.mes-bons-plans.fr,Code promo Doktorabc - Juin 2026 | Mes Bons Plans,code promo doktorabc,https://mes-bons-plans.fr/doktorabc,2026-06-23
www.mes-bons-plans.fr,Code promo Dolce & Gabbana : -10% - Juin 2026 | Mes Bons Plans,promo dolce gabbana,https://mes-bons-plans.fr/dolce-gabbana,2026-06-23
www.mes-bons-plans.fr,Code promo Donner Music - Juin 2026 | Mes Bons Plans,promo donner music,https://mes-bons-plans.fr/donner-music,2026-06-23
www.mes-bons-plans.fr,Code promo Drestige - Juin 2026 | Mes Bons Plans,code promo drestige,https://mes-bons-plans.fr/drestige,2026-06-23
www.mes-bons-plans.fr,Code promo Driveboo : -25% - Juin 2026 | Mes Bons Plans,code promo driveboo,https://mes-bons-plans.fr/driveboo,2026-06-23
www.mes-bons-plans.fr,Code promo Ducatillon - Juin 2026 | Mes Bons Plans,code promo ducatillon,https://mes-bons-plans.fr/ducatillon,2026-06-23
www.mes-bons-plans.fr,Code promo Dynveo : -10% - Juin 2026 | Mes Bons Plans,code promo dynveo,https://mes-bons-plans.fr/dynveo,2026-06-23
www.mes-bons-plans.fr,Code promo Easeus - Juin 2026 | Mes Bons Plans,code promo easeus,https://mes-bons-plans.fr/easeus,2026-06-23
www.mes-bons-plans.fr,Code promo Easeus Software - Juin 2026 | Mes Bons Plans,promo easeus software,https://mes-bons-plans.fr/easeus-software,2026-06-23
www.mes-bons-plans.fr,Code promo Ecomatelas - Juin 2026 | Mes Bons Plans,code promo ecomatelas,https://mes-bons-plans.fr/ecomatelas,2026-06-23
www.mes-bons-plans.fr,Code promo Ekwateur - Juin 2026 | Mes Bons Plans,code promo ekwateur,https://mes-bons-plans.fr/ekwateur,2026-06-23
www.mes-bons-plans.fr,Code promo Elec44 : -85% - Juin 2026 | Mes Bons Plans,code promo elec44,https://mes-bons-plans.fr/elec44,2026-06-23
www.mes-bons-plans.fr,Code promo Eliseetmoi : -55% - Juin 2026 | Mes Bons Plans,code promo eliseetmoi,https://mes-bons-plans.fr/eliseetmoi,2026-06-23
www.mes-bons-plans.fr,Code promo Emma : -60% - Juin 2026 | Mes Bons Plans,code promo emma,https://mes-bons-plans.fr/emma,2026-06-23
www.mes-bons-plans.fr,Code promo Emp Powered By Holy Records - Juin 2026 | Mes Bons Plans,code promo emp,https://mes-bons-plans.fr/emp-powered-by-holy-records,2026-06-23
www.mes-bons-plans.fr,Code promo Endurance Store : -60% - Juin 2026 | Mes Bons Plans,code promo endurance,https://mes-bons-plans.fr/endurance-store,2026-06-23
www.mes-bons-plans.fr,Code promo Enexopro : -15% - Juin 2026 | Mes Bons Plans,code promo enexopro,https://mes-bons-plans.fr/enexopro,2026-06-23
www.mes-bons-plans.fr,Code promo Engie Home Services : -85% - Juin 2026 | Mes Bons Plans,code promo engie,https://mes-bons-plans.fr/engie-home-services,2026-06-23
www.mes-bons-plans.fr,Code promo Enterprise - Juin 2026 | Mes Bons Plans,code promo enterprise,https://mes-bons-plans.fr/enterprise,2026-06-23
www.mes-bons-plans.fr,Code promo Envouthe : -70% - Juin 2026 | Mes Bons Plans,code promo envouthe,https://mes-bons-plans.fr/envouthe,2026-06-23
www.mes-bons-plans.fr,Code promo Epices Du Monde - Juin 2026 | Mes Bons Plans,promo epices monde,https://mes-bons-plans.fr/epices-du-monde,2026-06-23
www.mes-bons-plans.fr,Code promo Eptimumcom : -86% - Juin 2026 | Mes Bons Plans,code promo eptimumcom,https://mes-bons-plans.fr/eptimumcom,2026-06-23
www.mes-bons-plans.fr,Code promo Esprit Barbecue - Juin 2026 | Mes Bons Plans,promo esprit barbecue,https://mes-bons-plans.fr/esprit-barbecue,2026-06-23
www.mes-bons-plans.fr,Code promo Estee Lauder : -40% - Juin 2026 | Mes Bons Plans,promo estee lauder,https://mes-bons-plans.fr/estee-lauder,2026-06-23
www.mes-bons-plans.fr,Code promo Etiquettes Folies - Juin 2026 | Mes Bons Plans,code promo etiquettes,https://mes-bons-plans.fr/etiquettes-folies,2026-06-23
www.mes-bons-plans.fr,Code promo Etsy Affiliate : -75% - Juin 2026 | Mes Bons Plans,promo etsy affiliate,https://mes-bons-plans.fr/etsy-affiliate,2026-06-23
www.mes-bons-plans.fr,Code promo Eurotops : -20% - Juin 2026 | Mes Bons Plans,code promo eurotops,https://mes-bons-plans.fr/eurotops,2026-06-23
www.mes-bons-plans.fr,Code promo Eziclean - Juin 2026 | Mes Bons Plans,code promo eziclean,https://mes-bons-plans.fr/eziclean,2026-06-23
www.mes-bons-plans.fr,Code promo Fasthotel - Juin 2026 | Mes Bons Plans,code promo fasthotel,https://mes-bons-plans.fr/fasthotel,2026-06-23
www.mes-bons-plans.fr,Code promo Fauchon : -20% - Juin 2026 | Mes Bons Plans,code promo fauchon,https://mes-bons-plans.fr/fauchon,2026-06-23
www.mes-bons-plans.fr,Code promo Fergus Hotels - Juin 2026 | Mes Bons Plans,promo fergus hotels,https://mes-bons-plans.fr/fergus-hotels,2026-06-23
www.mes-bons-plans.fr,Code promo Fidelis - Juin 2026 | Mes Bons Plans,code promo fidelis,https://mes-bons-plans.fr/fidelis,2026-06-23
www.mes-bons-plans.fr,Code promo Find A Bottle - Juin 2026 | Mes Bons Plans,promo find bottle,https://mes-bons-plans.fr/find-a-bottle,2026-06-23
www.mes-bons-plans.fr,Code promo Finom : -15% - Juin 2026 | Mes Bons Plans,code promo finom,https://mes-bons-plans.fr/finom,2026-06-23
www.mes-bons-plans.fr,Code promo Fioul Reduc : -40% - Juin 2026 | Mes Bons Plans,code promo fioul,https://mes-bons-plans.fr/fioul-reduc,2026-06-23
www.mes-bons-plans.fr,Code promo Fiverr Affiliates Global Affiliate Program : -10% - Juin 2026 | Mes Bons Plans,promo fiverr affiliates,https://mes-bons-plans.fr/fiverr-affiliates-global-affiliate-program,2026-06-23
www.mes-bons-plans.fr,Code promo Flibco Global : -10% - Juin 2026 | Mes Bons Plans,code promo flibco,https://mes-bons-plans.fr/flibco-global,2026-06-23
www.mes-bons-plans.fr,Code promo Fnac Spectacles : -54% - Juin 2026 | Mes Bons Plans,promo fnac spectacles,https://mes-bons-plans.fr/fnac-spectacles,2026-06-23
www.mes-bons-plans.fr,Code promo Foot Store : -60% - Juin 2026 | Mes Bons Plans,code promo foot,https://mes-bons-plans.fr/foot-store,2026-06-23
www.mes-bons-plans.fr,Code promo Footlocker : -50% - Juin 2026 | Mes Bons Plans,code promo footlocker,https://mes-bons-plans.fr/footlocker,2026-06-23
www.mes-bons-plans.fr,Code promo Foreo : -50% - Juin 2026 | Mes Bons Plans,code promo foreo,https://mes-bons-plans.fr/foreo,2026-06-23
www.mes-bons-plans.fr,Code promo Fortuneo : 100% remboursés - Juin 2026 | Mes Bons Plans,code promo fortuneo,https://mes-bons-plans.fr/fortuneo,2026-06-23
www.mes-bons-plans.fr,Code promo France Abonnements : -75% - Juin 2026 | Mes Bons Plans,code promo france,https://mes-bons-plans.fr/france-abonnements,2026-06-23
www.mes-bons-plans.fr,Code promo Free People : Offre - Juin 2026 | Mes Bons Plans,code promo free,https://mes-bons-plans.fr/free-people,2026-06-23
www.mes-bons-plans.fr,Code promo Furnicher : -30% - Juin 2026 | Mes Bons Plans,code promo furnicher,https://mes-bons-plans.fr/furnicher,2026-06-23
www.mes-bons-plans.fr,Code promo Fusalp : -50% - Juin 2026 | Mes Bons Plans,code promo fusalp,https://mes-bons-plans.fr/fusalp,2026-06-23
www.mes-bons-plans.fr,Code promo G-Star : -80% - Juin 2026 | Mes Bons Plans,code promo star,https://mes-bons-plans.fr/g-star,2026-06-23
www.mes-bons-plans.fr,Code promo Galop Store : -20% - Juin 2026 | Mes Bons Plans,code promo galop,https://mes-bons-plans.fr/galop-store,2026-06-23
www.mes-bons-plans.fr,Code promo Gardena : -30% - Juin 2026 | Mes Bons Plans,code promo gardena,https://mes-bons-plans.fr/gardena,2026-06-23
www.mes-bons-plans.fr,Code promo Gerard Darel : -50% - Juin 2026 | Mes Bons Plans,promo gerard darel,https://mes-bons-plans.fr/gerard-darel,2026-06-23
www.mes-bons-plans.fr,Code promo Getyourguide : -51% - Juin 2026 | Mes Bons Plans,code promo getyourguide,https://mes-bons-plans.fr/getyourguide,2026-06-23
www.mes-bons-plans.fr,Code promo Ghd Hair - Juin 2026 | Mes Bons Plans,promo ghd hair,https://mes-bons-plans.fr/ghd-hair,2026-06-23
www.mes-bons-plans.fr,Code promo Giordano - Juin 2026 | Mes Bons Plans,code promo giordano,https://mes-bons-plans.fr/giordano,2026-06-23
www.mes-bons-plans.fr,Code promo Gocity : -50% - Juin 2026 | Mes Bons Plans,code promo gocity,https://mes-bons-plans.fr/gocity,2026-06-23
www.mes-bons-plans.fr,Code promo Goldner Fashion - Juin 2026 | Mes Bons Plans,promo goldner fashion,https://mes-bons-plans.fr/goldner-fashion,2026-06-23
www.mes-bons-plans.fr,Code promo Gourmibox : -50% - Juin 2026 | Mes Bons Plans,code promo gourmibox,https://mes-bons-plans.fr/gourmibox,2026-06-23
www.mes-bons-plans.fr,Code promo Grace Mila : -10% - Juin 2026 | Mes Bons Plans,promo grace mila,https://mes-bons-plans.fr/grace-mila,2026-06-23
www.mes-bons-plans.fr,Code promo Grand Optical - Juin 2026 | Mes Bons Plans,promo grand optical,https://mes-bons-plans.fr/grand-optical,2026-06-23
www.mes-bons-plans.fr,Code promo Greenworkstools - Juin 2026 | Mes Bons Plans,code promo greenworkstools,https://mes-bons-plans.fr/greenworkstools,2026-06-23
www.mes-bons-plans.fr,Code promo Guarda Pampa - Juin 2026 | Mes Bons Plans,code promo guarda,https://mes-bons-plans.fr/guarda-pampa,2026-06-23
www.mes-bons-plans.fr,Mes Bons Plans - Optimisez votre budget en ligne,mes bons plans,https://mes-bons-plans.fr/guides/box-internet,2026-06-23
www.mes-bons-plans.fr,Mes Bons Plans - Optimisez votre budget en ligne,mes bons plans,https://mes-bons-plans.fr/guides/box-internet/fibre,2026-06-23
www.mes-bons-plans.fr,Mes Bons Plans - Optimisez votre budget en ligne,mes bons plans,https://mes-bons-plans.fr/guides/box-internet/fibre/bouygues,2026-06-23
www.mes-bons-plans.fr,Mes Bons Plans - Optimisez votre budget en ligne,mes bons plans,https://mes-bons-plans.fr/guides/box-internet/fibre/free,2026-06-23
www.mes-bons-plans.fr,Mes Bons Plans - Optimisez votre budget en ligne,mes bons plans,https://mes-bons-plans.fr/guides/box-internet/fibre/orange,2026-06-23
www.mes-bons-plans.fr,Mes Bons Plans - Optimisez votre budget en ligne,mes bons plans,https://mes-bons-plans.fr/guides/box-internet/fibre/red-by-sfr,2026-06-23
www.mes-bons-plans.fr,Mes Bons Plans - Optimisez votre budget en ligne,mes bons plans,https://mes-bons-plans.fr/guides/box-internet/fibre/sfr,2026-06-23
www.mes-bons-plans.fr,Mes Bons Plans - Optimisez votre budget en ligne,mes bons plans,https://mes-bons-plans.fr/guides/box-internet/fibre/sosh,2026-06-23
www.mes-bons-plans.fr,Mes Bons Plans - Optimisez votre budget en ligne,mes bons plans,https://mes-bons-plans.fr/guides/box-internet/pas-cher,2026-06-23
www.mes-bons-plans.fr,Mes Bons Plans - Optimisez votre budget en ligne,mes bons plans,https://mes-bons-plans.fr/guides/box-internet/pas-cher/bouygues,2026-06-23
www.mes-bons-plans.fr,Mes Bons Plans - Optimisez votre budget en ligne,mes bons plans,https://mes-bons-plans.fr/guides/box-internet/pas-cher/free,2026-06-23
www.mes-bons-plans.fr,Mes Bons Plans - Optimisez votre budget en ligne,mes bons plans,https://mes-bons-plans.fr/guides/box-internet/pas-cher/orange,2026-06-23
www.mes-bons-plans.fr,Mes Bons Plans - Optimisez votre budget en ligne,mes bons plans,https://mes-bons-plans.fr/guides/box-internet/pas-cher/red-by-sfr,2026-06-23
www.mes-bons-plans.fr,Mes Bons Plans - Optimisez votre budget en ligne,mes bons plans,https://mes-bons-plans.fr/guides/box-internet/pas-cher/sfr,2026-06-23
www.mes-bons-plans.fr,Mes Bons Plans - Optimisez votre budget en ligne,mes bons plans,https://mes-bons-plans.fr/guides/box-internet/pas-cher/sosh,2026-06-23
www.mes-bons-plans.fr,Mes Bons Plans - Optimisez votre budget en ligne,mes bons plans,https://mes-bons-plans.fr/guides/box-internet/sans-engagement,2026-06-23
www.mes-bons-plans.fr,Mes Bons Plans - Optimisez votre budget en ligne,mes bons plans,https://mes-bons-plans.fr/guides/box-internet/sans-engagement/bouygues,2026-06-23
www.mes-bons-plans.fr,Mes Bons Plans - Optimisez votre budget en ligne,mes bons plans,https://mes-bons-plans.fr/guides/box-internet/sans-engagement/free,2026-06-23
www.mes-bons-plans.fr,Mes Bons Plans - Optimisez votre budget en ligne,mes bons plans,https://mes-bons-plans.fr/guides/box-internet/sans-engagement/orange,2026-06-23
www.mes-bons-plans.fr,Mes Bons Plans - Optimisez votre budget en ligne,mes bons plans,https://mes-bons-plans.fr/guides/box-internet/sans-engagement/red-by-sfr,2026-06-23
www.mes-bons-plans.fr,Mes Bons Plans - Optimisez votre budget en ligne,mes bons plans,https://mes-bons-plans.fr/guides/box-internet/sans-engagement/sfr,2026-06-23
www.mes-bons-plans.fr,Mes Bons Plans - Optimisez votre budget en ligne,mes bons plans,https://mes-bons-plans.fr/guides/box-internet/sans-engagement/sosh,2026-06-23
www.mes-bons-plans.fr,Mes Bons Plans - Optimisez votre budget en ligne,mes bons plans,https://mes-bons-plans.fr/guides/box-internet/tv,2026-06-23
www.mes-bons-plans.fr,Mes Bons Plans - Optimisez votre budget en ligne,mes bons plans,https://mes-bons-plans.fr/guides/box-internet/tv/bouygues,2026-06-23
www.mes-bons-plans.fr,Mes Bons Plans - Optimisez votre budget en ligne,mes bons plans,https://mes-bons-plans.fr/guides/box-internet/tv/free,2026-06-23
www.mes-bons-plans.fr,Mes Bons Plans - Optimisez votre budget en ligne,mes bons plans,https://mes-bons-plans.fr/guides/box-internet/tv/orange,2026-06-23
www.mes-bons-plans.fr,Mes Bons Plans - Optimisez votre budget en ligne,mes bons plans,https://mes-bons-plans.fr/guides/box-internet/tv/red-by-sfr,2026-06-23
www.mes-bons-plans.fr,Mes Bons Plans - Optimisez votre budget en ligne,mes bons plans,https://mes-bons-plans.fr/guides/box-internet/tv/sfr,2026-06-23
www.mes-bons-plans.fr,Mes Bons Plans - Optimisez votre budget en ligne,mes bons plans,https://mes-bons-plans.fr/guides/box-internet/tv/sosh,2026-06-23
www.mes-bons-plans.fr,Mes Bons Plans - Optimisez votre budget en ligne,mes bons plans,https://mes-bons-plans.fr/guides/forfait-mobile,2026-06-23
www.mes-bons-plans.fr,Mes Bons Plans - Optimisez votre budget en ligne,mes bons plans,https://mes-bons-plans.fr/guides/forfait-mobile/4g,2026-06-23
www.mes-bons-plans.fr,Mes Bons Plans - Optimisez votre budget en ligne,mes bons plans,https://mes-bons-plans.fr/guides/forfait-mobile/4g/b-and-you,2026-06-23
www.mes-bons-plans.fr,Mes Bons Plans - Optimisez votre budget en ligne,mes bons plans,https://mes-bons-plans.fr/guides/forfait-mobile/4g/bouygues,2026-06-23
www.mes-bons-plans.fr,Mes Bons Plans - Optimisez votre budget en ligne,mes bons plans,https://mes-bons-plans.fr/guides/forfait-mobile/4g/free,2026-06-23
www.mes-bons-plans.fr,Mes Bons Plans - Optimisez votre budget en ligne,mes bons plans,https://mes-bons-plans.fr/guides/forfait-mobile/4g/orange,2026-06-23
www.mes-bons-plans.fr,Mes Bons Plans - Optimisez votre budget en ligne,mes bons plans,https://mes-bons-plans.fr/guides/forfait-mobile/4g/prixtel,2026-06-23
www.mes-bons-plans.fr,Mes Bons Plans - Optimisez votre budget en ligne,mes bons plans,https://mes-bons-plans.fr/guides/forfait-mobile/4g/red-by-sfr,2026-06-23
www.mes-bons-plans.fr,Mes Bons Plans - Optimisez votre budget en ligne,mes bons plans,https://mes-bons-plans.fr/guides/forfait-mobile/4g/sfr,2026-06-23
www.mes-bons-plans.fr,Mes Bons Plans - Optimisez votre budget en ligne,mes bons plans,https://mes-bons-plans.fr/guides/forfait-mobile/4g/sosh,2026-06-23
www.mes-bons-plans.fr,Mes Bons Plans - Optimisez votre budget en ligne,mes bons plans,https://mes-bons-plans.fr/guides/forfait-mobile/5g,2026-06-23
www.mes-bons-plans.fr,Mes Bons Plans - Optimisez votre budget en ligne,mes bons plans,https://mes-bons-plans.fr/guides/forfait-mobile/5g/b-and-you,2026-06-23
www.mes-bons-plans.fr,Mes Bons Plans - Optimisez votre budget en ligne,mes bons plans,https://mes-bons-plans.fr/guides/forfait-mobile/5g/bouygues,2026-06-23
www.mes-bons-plans.fr,Mes Bons Plans - Optimisez votre budget en ligne,mes bons plans,https://mes-bons-plans.fr/guides/forfait-mobile/5g/free,2026-06-23
www.mes-bons-plans.fr,Mes Bons Plans - Optimisez votre budget en ligne,mes bons plans,https://mes-bons-plans.fr/guides/forfait-mobile/5g/orange,2026-06-23
www.mes-bons-plans.fr,Mes Bons Plans - Optimisez votre budget en ligne,mes bons plans,https://mes-bons-plans.fr/guides/forfait-mobile/5g/prixtel,2026-06-23
www.mes-bons-plans.fr,Mes Bons Plans - Optimisez votre budget en ligne,mes bons plans,https://mes-bons-plans.fr/guides/forfait-mobile/5g/red-by-sfr,2026-06-23
www.mes-bons-plans.fr,Mes Bons Plans - Optimisez votre budget en ligne,mes bons plans,https://mes-bons-plans.fr/guides/forfait-mobile/5g/sfr,2026-06-23
www.mes-bons-plans.fr,Mes Bons Plans - Optimisez votre budget en ligne,mes bons plans,https://mes-bons-plans.fr/guides/forfait-mobile/5g/sosh,2026-06-23
www.mes-bons-plans.fr,Mes Bons Plans - Optimisez votre budget en ligne,mes bons plans,https://mes-bons-plans.fr/guides/forfait-mobile/pas-cher,2026-06-23
www.mes-bons-plans.fr,Mes Bons Plans - Optimisez votre budget en ligne,mes bons plans,https://mes-bons-plans.fr/guides/forfait-mobile/pas-cher/b-and-you,2026-06-23
www.mes-bons-plans.fr,Mes Bons Plans - Optimisez votre budget en ligne,mes bons plans,https://mes-bons-plans.fr/guides/forfait-mobile/pas-cher/bouygues,2026-06-23
www.mes-bons-plans.fr,Mes Bons Plans - Optimisez votre budget en ligne,mes bons plans,https://mes-bons-plans.fr/guides/forfait-mobile/pas-cher/free,2026-06-23
www.mes-bons-plans.fr,Mes Bons Plans - Optimisez votre budget en ligne,mes bons plans,https://mes-bons-plans.fr/guides/forfait-mobile/pas-cher/orange,2026-06-23
www.mes-bons-plans.fr,Mes Bons Plans - Optimisez votre budget en ligne,mes bons plans,https://mes-bons-plans.fr/guides/forfait-mobile/pas-cher/prixtel,2026-06-23
www.mes-bons-plans.fr,Mes Bons Plans - Optimisez votre budget en ligne,mes bons plans,https://mes-bons-plans.fr/guides/forfait-mobile/pas-cher/red-by-sfr,2026-06-23
www.mes-bons-plans.fr,Mes Bons Plans - Optimisez votre budget en ligne,mes bons plans,https://mes-bons-plans.fr/guides/forfait-mobile/pas-cher/sfr,2026-06-23
www.mes-bons-plans.fr,Mes Bons Plans - Optimisez votre budget en ligne,mes bons plans,https://mes-bons-plans.fr/guides/forfait-mobile/pas-cher/sosh,2026-06-23
www.mes-bons-plans.fr,Mes Bons Plans - Optimisez votre budget en ligne,mes bons plans,https://mes-bons-plans.fr/guides/forfait-mobile/sans-engagement,2026-06-23
www.mes-bons-plans.fr,Mes Bons Plans - Optimisez votre budget en ligne,mes bons plans,https://mes-bons-plans.fr/guides/forfait-mobile/sans-engagement/b-and-you,2026-06-23
www.mes-bons-plans.fr,Mes Bons Plans - Optimisez votre budget en ligne,mes bons plans,https://mes-bons-plans.fr/guides/forfait-mobile/sans-engagement/bouygues,2026-06-23
www.mes-bons-plans.fr,Mes Bons Plans - Optimisez votre budget en ligne,mes bons plans,https://mes-bons-plans.fr/guides/forfait-mobile/sans-engagement/free,2026-06-23
www.mes-bons-plans.fr,Mes Bons Plans - Optimisez votre budget en ligne,mes bons plans,https://mes-bons-plans.fr/guides/forfait-mobile/sans-engagement/orange,2026-06-23
www.mes-bons-plans.fr,Mes Bons Plans - Optimisez votre budget en ligne,mes bons plans,https://mes-bons-plans.fr/guides/forfait-mobile/sans-engagement/prixtel,2026-06-23
www.mes-bons-plans.fr,Mes Bons Plans - Optimisez votre budget en ligne,mes bons plans,https://mes-bons-plans.fr/guides/forfait-mobile/sans-engagement/red-by-sfr,2026-06-23
www.mes-bons-plans.fr,Mes Bons Plans - Optimisez votre budget en ligne,mes bons plans,https://mes-bons-plans.fr/guides/forfait-mobile/sans-engagement/sfr,2026-06-23
www.mes-bons-plans.fr,Mes Bons Plans - Optimisez votre budget en ligne,mes bons plans,https://mes-bons-plans.fr/guides/forfait-mobile/sans-engagement/sosh,2026-06-23
www.mes-bons-plans.fr,Code promo Gyl Bag : Remise de 10% - Bienvenue - Juin 2026 | Mes Bons Plans,promo gyl bag,https://mes-bons-plans.fr/gyl-bag,2026-06-23
www.mes-bons-plans.fr,Code promo Halara - Juin 2026 | Mes Bons Plans,code promo halara,https://mes-bons-plans.fr/halara,2026-06-23
www.mes-bons-plans.fr,Code promo Hamleys : -15% - Juin 2026 | Mes Bons Plans,code promo hamleys,https://mes-bons-plans.fr/hamleys,2026-06-23
www.mes-bons-plans.fr,Code promo Happy Scribe Audio En Texte : -50% - Juin 2026 | Mes Bons Plans,scribe audio texte,https://mes-bons-plans.fr/happy-scribe-audio-en-texte,2026-06-23
www.mes-bons-plans.fr,Code promo Happy Size - Juin 2026 | Mes Bons Plans,promo happy size,https://mes-bons-plans.fr/happy-size,2026-06-23
www.mes-bons-plans.fr,Code promo Hawkersco : -70% - Juin 2026 | Mes Bons Plans,code promo hawkersco,https://mes-bons-plans.fr/hawkersco,2026-06-23
www.mes-bons-plans.fr,Code promo Hello bank! : Jusqu'à 180 € offerts - Juin 2026 | Mes Bons Plans,promo hello bank,https://mes-bons-plans.fr/hello-bank,2026-06-23
www.mes-bons-plans.fr,Code promo Hellobody : -81% - Juin 2026 | Mes Bons Plans,code promo hellobody,https://mes-bons-plans.fr/hellobody,2026-06-23
www.mes-bons-plans.fr,Code promo Hellodeco - Juin 2026 | Mes Bons Plans,code promo hellodeco,https://mes-bons-plans.fr/hellodeco,2026-06-23
www.mes-bons-plans.fr,Code promo Hellofreshgroup - Juin 2026 | Mes Bons Plans,code promo hellofreshgroup,https://mes-bons-plans.fr/hellofreshgroup,2026-06-23
www.mes-bons-plans.fr,Code promo Hispanoa - Juin 2026 | Mes Bons Plans,code promo hispanoa,https://mes-bons-plans.fr/hispanoa,2026-06-23
www.mes-bons-plans.fr,Code promo Honor : 10 % - Juin 2026 | Mes Bons Plans,code promo honor,https://mes-bons-plans.fr/honor,2026-06-23
www.mes-bons-plans.fr,Code promo Honorru - Juin 2026 | Mes Bons Plans,code promo honorru,https://mes-bons-plans.fr/honorru,2026-06-23
www.mes-bons-plans.fr,Code promo Horseven - Juin 2026 | Mes Bons Plans,code promo horseven,https://mes-bons-plans.fr/horseven,2026-06-23
www.mes-bons-plans.fr,Code promo Hotels Attitude - Juin 2026 | Mes Bons Plans,code promo hotels,https://mes-bons-plans.fr/hotels-attitude,2026-06-23
www.mes-bons-plans.fr,Code promo Hotels By Day - Juin 2026 | Mes Bons Plans,code promo hotels,https://mes-bons-plans.fr/hotels-by-day,2026-06-23
www.mes-bons-plans.fr,Code promo House Of Rugby : -80% - Juin 2026 | Mes Bons Plans,code promo house,https://mes-bons-plans.fr/house-of-rugby,2026-06-23
www.mes-bons-plans.fr,Code promo Htophotels - Juin 2026 | Mes Bons Plans,code promo htophotels,https://mes-bons-plans.fr/htophotels,2026-06-23
www.mes-bons-plans.fr,Code promo Hunkemoller : -50% - Juin 2026 | Mes Bons Plans,code promo hunkemoller,https://mes-bons-plans.fr/hunkemoller,2026-06-23
www.mes-bons-plans.fr,Code promo Hydrology - Juin 2026 | Mes Bons Plans,code promo hydrology,https://mes-bons-plans.fr/hydrology,2026-06-23
www.mes-bons-plans.fr,Code promo I Runfr - Juin 2026 | Mes Bons Plans,code promo runfr,https://mes-bons-plans.fr/i-runfr,2026-06-23
www.mes-bons-plans.fr,Code promo Iamsterdam : -25% - Juin 2026 | Mes Bons Plans,code promo iamsterdam,https://mes-bons-plans.fr/iamsterdam,2026-06-23
www.mes-bons-plans.fr,Code promo Idgarages - Juin 2026 | Mes Bons Plans,code promo idgarages,https://mes-bons-plans.fr/idgarages,2026-06-23
www.mes-bons-plans.fr,Code promo Igloohome : -30% - Juin 2026 | Mes Bons Plans,code promo igloohome,https://mes-bons-plans.fr/igloohome,2026-06-23
www.mes-bons-plans.fr,Code promo Ihoverboard - Juin 2026 | Mes Bons Plans,code promo ihoverboard,https://mes-bons-plans.fr/ihoverboard,2026-06-23
www.mes-bons-plans.fr,Code promo Ilapharm : -20% - Juin 2026 | Mes Bons Plans,code promo ilapharm,https://mes-bons-plans.fr/ilapharm,2026-06-23
www.mes-bons-plans.fr,Code promo Imou : -15% - Juin 2026 | Mes Bons Plans,code promo imou,https://mes-bons-plans.fr/imou,2026-06-23
www.mes-bons-plans.fr,Code promo Impericon : -84% - Juin 2026 | Mes Bons Plans,code promo impericon,https://mes-bons-plans.fr/impericon,2026-06-23
www.mes-bons-plans.fr,Code promo Ines De La Fressange Paris : -50% - Juin 2026 | Mes Bons Plans,promo ines fressange,https://mes-bons-plans.fr/ines-de-la-fressange-paris,2026-06-23
www.mes-bons-plans.fr,Code promo Inka : -30% - Juin 2026 | Mes Bons Plans,code promo inka,https://mes-bons-plans.fr/inka,2026-06-23
www.mes-bons-plans.fr,Code promo Insotel Hotel Group - Juin 2026 | Mes Bons Plans,code promo insotel,https://mes-bons-plans.fr/insotel-hotel-group,2026-06-23
www.mes-bons-plans.fr,Code promo Instahouse - Juin 2026 | Mes Bons Plans,code promo instahouse,https://mes-bons-plans.fr/instahouse,2026-06-23
www.mes-bons-plans.fr,Code promo Intego - Juin 2026 | Mes Bons Plans,code promo intego,https://mes-bons-plans.fr/intego,2026-06-23
www.mes-bons-plans.fr,Code promo Internxt - Juin 2026 | Mes Bons Plans,code promo internxt,https://mes-bons-plans.fr/internxt,2026-06-23
www.mes-bons-plans.fr,Code promo Iod Design : -30% - Juin 2026 | Mes Bons Plans,promo iod design,https://mes-bons-plans.fr/iod-design,2026-06-23
www.mes-bons-plans.fr,Code promo Isabel Marant : -5% - Juin 2026 | Mes Bons Plans,code promo isabel,https://mes-bons-plans.fr/isabel-marant,2026-06-23
www.mes-bons-plans.fr,Code promo Jardintropic : -60% - Juin 2026 | Mes Bons Plans,code promo jardintropic,https://mes-bons-plans.fr/jardintropic,2026-06-23
www.mes-bons-plans.fr,Code promo Jashitahotel - Juin 2026 | Mes Bons Plans,code promo jashitahotel,https://mes-bons-plans.fr/jashitahotel,2026-06-23
www.mes-bons-plans.fr,Code promo Javry : -80% - Juin 2026 | Mes Bons Plans,code promo javry,https://mes-bons-plans.fr/javry,2026-06-23
www.mes-bons-plans.fr,Code promo Jef Chaussures : -10% - Juin 2026 | Mes Bons Plans,promo jef chaussures,https://mes-bons-plans.fr/jef-chaussures,2026-06-23
www.mes-bons-plans.fr,Code promo Jolivia : -30% - Juin 2026 | Mes Bons Plans,code promo jolivia,https://mes-bons-plans.fr/jolivia,2026-06-23
www.mes-bons-plans.fr,Code promo Jow : -10% - Juin 2026 | Mes Bons Plans,code promo jow,https://mes-bons-plans.fr/jow,2026-06-23
www.mes-bons-plans.fr,Code promo Jpg : -50% - Juin 2026 | Mes Bons Plans,code promo jpg,https://mes-bons-plans.fr/jpg,2026-06-23
www.mes-bons-plans.fr,Code promo Js Hotels : -25% - Juin 2026 | Mes Bons Plans,promo js hotels,https://mes-bons-plans.fr/js-hotels,2026-06-23
www.mes-bons-plans.fr,Code promo Just Russel - Juin 2026 | Mes Bons Plans,promo just russel,https://mes-bons-plans.fr/just-russel,2026-06-23
www.mes-bons-plans.fr,Code promo Kaiserkraft : -20% - Juin 2026 | Mes Bons Plans,code promo kaiserkraft,https://mes-bons-plans.fr/kaiserkraft,2026-06-23
www.mes-bons-plans.fr,Code promo Kappa : -60% - Juin 2026 | Mes Bons Plans,code promo kappa,https://mes-bons-plans.fr/kappa,2026-06-23
www.mes-bons-plans.fr,Code promo Kappastore : -50% - Juin 2026 | Mes Bons Plans,code promo kappastore,https://mes-bons-plans.fr/kappastore,2026-06-23
www.mes-bons-plans.fr,Code promo Karethic - Juin 2026 | Mes Bons Plans,code promo karethic,https://mes-bons-plans.fr/karethic,2026-06-23
www.mes-bons-plans.fr,Code promo Kaspersky - Juin 2026 | Mes Bons Plans,code promo kaspersky,https://mes-bons-plans.fr/kaspersky,2026-06-23
www.mes-bons-plans.fr,Code promo Kenayhome : -60% - Juin 2026 | Mes Bons Plans,code promo kenayhome,https://mes-bons-plans.fr/kenayhome,2026-06-23
www.mes-bons-plans.fr,Code promo Kenwood - Juin 2026 | Mes Bons Plans,code promo kenwood,https://mes-bons-plans.fr/kenwood,2026-06-23
www.mes-bons-plans.fr,Code promo Kiatoocom : -70% - Juin 2026 | Mes Bons Plans,code promo kiatoocom,https://mes-bons-plans.fr/kiatoocom,2026-06-23
www.mes-bons-plans.fr,Code promo Kodak - Juin 2026 | Mes Bons Plans,code promo kodak,https://mes-bons-plans.fr/kodak,2026-06-23
www.mes-bons-plans.fr,Code promo Kospet - Juin 2026 | Mes Bons Plans,code promo kospet,https://mes-bons-plans.fr/kospet,2026-06-23
www.mes-bons-plans.fr,Code promo L Tur - Juin 2026 | Mes Bons Plans,code promo tur,https://mes-bons-plans.fr/l-tur,2026-06-23
www.mes-bons-plans.fr,Code promo La Boite Du Fromager : -10% - Juin 2026 | Mes Bons Plans,code promo boite,https://mes-bons-plans.fr/la-boite-du-fromager,2026-06-23
www.mes-bons-plans.fr,Code promo La Boite Rose : -30% - Juin 2026 | Mes Bons Plans,promo boite rose,https://mes-bons-plans.fr/la-boite-rose,2026-06-23
www.mes-bons-plans.fr,Code promo La Bombilla - Juin 2026 | Mes Bons Plans,code promo bombilla,https://mes-bons-plans.fr/la-bombilla,2026-06-23
www.mes-bons-plans.fr,Code promo La Fabrique Des Pieds - Juin 2026 | Mes Bons Plans,promo fabrique pieds,https://mes-bons-plans.fr/la-fabrique-des-pieds,2026-06-23
www.mes-bons-plans.fr,Code promo La Fee Maraboutee : -70% - Juin 2026 | Mes Bons Plans,promo fee maraboutee,https://mes-bons-plans.fr/la-fee-maraboutee,2026-06-23
www.mes-bons-plans.fr,Code promo La Fourche : -83% - Juin 2026 | Mes Bons Plans,code promo fourche,https://mes-bons-plans.fr/la-fourche,2026-06-23
www.mes-bons-plans.fr,Code promo La Puzzlerie - Juin 2026 | Mes Bons Plans,code promo puzzlerie,https://mes-bons-plans.fr/la-puzzlerie,2026-06-23
www.mes-bons-plans.fr,Code promo La Sellerie De Mae : -10% - Juin 2026 | Mes Bons Plans,code promo sellerie,https://mes-bons-plans.fr/la-sellerie-de-mae,2026-06-23
www.mes-bons-plans.fr,Code promo La Vernde - Juin 2026 | Mes Bons Plans,code promo vernde,https://mes-bons-plans.fr/la-vernde,2026-06-23
www.mes-bons-plans.fr,Code promo Label Naturel - Juin 2026 | Mes Bons Plans,code promo label,https://mes-bons-plans.fr/label-naturel,2026-06-23
www.mes-bons-plans.fr,Code promo Laboratoire Dplantes - Juin 2026 | Mes Bons Plans,code promo laboratoire,https://mes-bons-plans.fr/laboratoire-dplantes,2026-06-23
www.mes-bons-plans.fr,Code promo Lacoshop : -65% - Juin 2026 | Mes Bons Plans,code promo lacoshop,https://mes-bons-plans.fr/lacoshop,2026-06-23
www.mes-bons-plans.fr,Code promo Lacouettefrancaise : -45% - Juin 2026 | Mes Bons Plans,code promo lacouettefrancaise,https://mes-bons-plans.fr/lacouettefrancaise,2026-06-23
www.mes-bons-plans.fr,Code promo Lave Mains - Juin 2026 | Mes Bons Plans,code promo lave,https://mes-bons-plans.fr/lave-mains,2026-06-23
www.mes-bons-plans.fr,"Code promo Layole : -8,85€ - Juin 2026 | Mes Bons Plans",code promo layole,https://mes-bons-plans.fr/layole,2026-06-23
www.mes-bons-plans.fr,Code promo Le Fil De Vos Idees : -15% - Juin 2026 | Mes Bons Plans,promo fil vos,https://mes-bons-plans.fr/le-fil-de-vos-idees,2026-06-23
www.mes-bons-plans.fr,Code promo Le French Time : -100% - Juin 2026 | Mes Bons Plans,promo french time,https://mes-bons-plans.fr/le-french-time,2026-06-23
www.mes-bons-plans.fr,Code promo Le Petit Ballon : -34% - Juin 2026 | Mes Bons Plans,promo petit ballon,https://mes-bons-plans.fr/le-petit-ballon,2026-06-23
www.mes-bons-plans.fr,Code promo Le Roi De La Fenetre : -15% - Juin 2026 | Mes Bons Plans,promo roi fenetre,https://mes-bons-plans.fr/le-roi-de-la-fenetre,2026-06-23
www.mes-bons-plans.fr,Code promo Le Slip Francais : -60% - Juin 2026 | Mes Bons Plans,promo slip francais,https://mes-bons-plans.fr/le-slip-francais,2026-06-23
www.mes-bons-plans.fr,Code promo Léa Nature : -50% - Juin 2026 | Mes Bons Plans,code promo léa,https://mes-bons-plans.fr/lea-nature,2026-06-23
www.mes-bons-plans.fr,Code promo Ledvance - Juin 2026 | Mes Bons Plans,code promo ledvance,https://mes-bons-plans.fr/ledvance,2026-06-23
www.mes-bons-plans.fr,Code promo Lelo : -60% - Juin 2026 | Mes Bons Plans,code promo lelo,https://mes-bons-plans.fr/lelo,2026-06-23
www.mes-bons-plans.fr,Mes Bons Plans - Optimisez votre budget en ligne,mes bons plans,https://mes-bons-plans.fr/lemag/5g-vs-4g-vraiment-utile,2026-06-23
www.mes-bons-plans.fr,Mes Bons Plans - Optimisez votre budget en ligne,mes bons plans,https://mes-bons-plans.fr/lemag/acheter-produits-sante-en-ligne-bons-reflexes,2026-06-23
www.mes-bons-plans.fr,Mes Bons Plans - Optimisez votre budget en ligne,mes bons plans,https://mes-bons-plans.fr/lemag/avis-fortuneo-apres-6-mois,2026-06-23
www.mes-bons-plans.fr,Mes Bons Plans - Optimisez votre budget en ligne,mes bons plans,https://mes-bons-plans.fr/lemag/banque-en-ligne-3-erreurs-coutent-argent,2026-06-23
www.mes-bons-plans.fr,Mes Bons Plans - Optimisez votre budget en ligne,mes bons plans,https://mes-bons-plans.fr/lemag/banque-pour-ado-compte-jeune,2026-06-23
www.mes-bons-plans.fr,Mes Bons Plans - Optimisez votre budget en ligne,mes bons plans,https://mes-bons-plans.fr/lemag/bons-plans-croisiere-budget,2026-06-23
www.mes-bons-plans.fr,Mes Bons Plans - Optimisez votre budget en ligne,mes bons plans,https://mes-bons-plans.fr/lemag/bons-plans-voyage-2026,2026-06-23
www.mes-bons-plans.fr,Mes Bons Plans - Optimisez votre budget en ligne,mes bons plans,https://mes-bons-plans.fr/lemag/bons-reduction-alimentaires-economiser-50-euros-mois,2026-06-23
www.mes-bons-plans.fr,Mes Bons Plans - Optimisez votre budget en ligne,mes bons plans,https://mes-bons-plans.fr/lemag/box-fibre-mobile-economie,2026-06-23
www.mes-bons-plans.fr,Mes Bons Plans - Optimisez votre budget en ligne,mes bons plans,https://mes-bons-plans.fr/lemag/comparer-prix-soldes-ete,2026-06-23
www.mes-bons-plans.fr,Mes Bons Plans - Optimisez votre budget en ligne,mes bons plans,https://mes-bons-plans.fr/lemag/coupons-alimentaires-guide-complet-debutants,2026-06-23
www.mes-bons-plans.fr,Mes Bons Plans - Optimisez votre budget en ligne,mes bons plans,https://mes-bons-plans.fr/lemag/economiser-assurance-pret-immobilier,2026-06-23
www.mes-bons-plans.fr,Mes Bons Plans - Optimisez votre budget en ligne,mes bons plans,https://mes-bons-plans.fr/lemag/electricite-faut-il-changer-fournisseur-2026,2026-06-23
www.mes-bons-plans.fr,Mes Bons Plans - Optimisez votre budget en ligne,mes bons plans,https://mes-bons-plans.fr/lemag/facture-gaz-explose-2026,2026-06-23
www.mes-bons-plans.fr,Mes Bons Plans - Optimisez votre budget en ligne,mes bons plans,https://mes-bons-plans.fr/lemag/forfait-mobile-2-euros-verite,2026-06-23
www.mes-bons-plans.fr,Mes Bons Plans - Optimisez votre budget en ligne,mes bons plans,https://mes-bons-plans.fr/lemag/free-vs-red-sfr-forfait-moins-10-euros,2026-06-23
www.mes-bons-plans.fr,Mes Bons Plans - Optimisez votre budget en ligne,mes bons plans,https://mes-bons-plans.fr/lemag/gobelets-personnalises-5-bons-plans-evenements,2026-06-23
www.mes-bons-plans.fr,Mes Bons Plans - Optimisez votre budget en ligne,mes bons plans,https://mes-bons-plans.fr/lemag/iphone-16-pro-reconditionne-le-bon-plan-high-tech-a-connaitre-en-2026,2026-06-23
www.mes-bons-plans.fr,Mes Bons Plans - Optimisez votre budget en ligne,mes bons plans,https://mes-bons-plans.fr/lemag/lire-facture-electricite,2026-06-23
www.mes-bons-plans.fr,Mes Bons Plans - Optimisez votre budget en ligne,mes bons plans,https://mes-bons-plans.fr/lemag/lunettes-de-vue-femme-guide-2026,2026-06-23
www.mes-bons-plans.fr,Mes Bons Plans - Optimisez votre budget en ligne,mes bons plans,https://mes-bons-plans.fr/lemag/meilleures-plateformes-cashback-2026,2026-06-23
www.mes-bons-plans.fr,Mes Bons Plans - Optimisez votre budget en ligne,mes bons plans,https://mes-bons-plans.fr/lemag/neobanque-pro-auto-entrepreneur,2026-06-23
www.mes-bons-plans.fr,Mes Bons Plans - Optimisez votre budget en ligne,mes bons plans,https://mes-bons-plans.fr/lemag/ou-trouver-bons-reduction-imprimer-france,2026-06-23
www.mes-bons-plans.fr,Mes Bons Plans - Optimisez votre budget en ligne,mes bons plans,https://mes-bons-plans.fr/lemag/promo-drive-comparatif,2026-06-23
www.mes-bons-plans.fr,Mes Bons Plans - Optimisez votre budget en ligne,mes bons plans,https://mes-bons-plans.fr/lemag/reduire-facture-telephone-moins-5-euros,2026-06-23
www.mes-bons-plans.fr,Mes Bons Plans - Optimisez votre budget en ligne,mes bons plans,https://mes-bons-plans.fr/lemag/teste-5-facons-economiser-facture-edf,2026-06-23
www.mes-bons-plans.fr,Mes Bons Plans - Optimisez votre budget en ligne,mes bons plans,https://mes-bons-plans.fr/lemag/totalenergies-vs-edf-comparatif-2026,2026-06-23
www.mes-bons-plans.fr,Mes Bons Plans - Optimisez votre budget en ligne,mes bons plans,https://mes-bons-plans.fr/lemag/vols-moins-50-euros-5-astuces,2026-06-23
www.mes-bons-plans.fr,Mes Bons Plans - Optimisez votre budget en ligne,mes bons plans,https://mes-bons-plans.fr/lemag/vols-pas-chers-guide-malin-partir-loin-meilleur-prix,2026-06-23
www.mes-bons-plans.fr,Mes Bons Plans - Optimisez votre budget en ligne,mes bons plans,https://mes-bons-plans.fr/lemag/voyage-train-petit-prix-sncf,2026-06-23
www.mes-bons-plans.fr,Mes Bons Plans - Optimisez votre budget en ligne,mes bons plans,https://mes-bons-plans.fr/lemag/vraies-promos-sfr-vs-arnaques,2026-06-23
www.mes-bons-plans.fr,Mes Bons Plans - Optimisez votre budget en ligne,mes bons plans,https://mes-bons-plans.fr/lemag/week-end-europe-couple-moins-200-euros,2026-06-23
www.mes-bons-plans.fr,Code promo Lemonjelly - Juin 2026 | Mes Bons Plans,code promo lemonjelly,https://mes-bons-plans.fr/lemonjelly,2026-06-23
www.mes-bons-plans.fr,Code promo Lentillesmoinscheres : -15% - Juin 2026 | Mes Bons Plans,code promo lentillesmoinscheres,https://mes-bons-plans.fr/lentillesmoinscheres,2026-06-23
www.mes-bons-plans.fr,Code promo Leonardo Hotels : -25% - Juin 2026 | Mes Bons Plans,promo leonardo hotels,https://mes-bons-plans.fr/leonardo-hotels,2026-06-23
www.mes-bons-plans.fr,Code promo Les Bijoux De Felys : 5€ - Juin 2026 | Mes Bons Plans,promo bijoux felys,https://mes-bons-plans.fr/les-bijoux-de-felys,2026-06-23
www.mes-bons-plans.fr,Code promo Les Commis : -50% - Juin 2026 | Mes Bons Plans,code promo commis,https://mes-bons-plans.fr/les-commis,2026-06-23
www.mes-bons-plans.fr,Code promo Les Deglingos - Juin 2026 | Mes Bons Plans,code promo deglingos,https://mes-bons-plans.fr/les-deglingos,2026-06-23
www.mes-bons-plans.fr,Code promo Les Nouveaux Fromagers : -10% - Juin 2026 | Mes Bons Plans,promo nouveaux fromagers,https://mes-bons-plans.fr/les-nouveaux-fromagers,2026-06-23
www.mes-bons-plans.fr,Code promo Les Raffineurs : -10% - Juin 2026 | Mes Bons Plans,code promo raffineurs,https://mes-bons-plans.fr/les-raffineurs,2026-06-23
www.mes-bons-plans.fr,Code promo Les Trsors Derable - Juin 2026 | Mes Bons Plans,promo trsors derable,https://mes-bons-plans.fr/les-trsors-derable,2026-06-23
www.mes-bons-plans.fr,Code promo Lets Ferry : -21€ - Juin 2026 | Mes Bons Plans,promo lets ferry,https://mes-bons-plans.fr/lets-ferry,2026-06-23
www.mes-bons-plans.fr,Code promo Levi : -50% - Juin 2026 | Mes Bons Plans,code promo levi,https://mes-bons-plans.fr/levis,2026-06-23
www.mes-bons-plans.fr,Code promo Levoit - Juin 2026 | Mes Bons Plans,code promo levoit,https://mes-bons-plans.fr/levoit,2026-06-23
www.mes-bons-plans.fr,Code promo Lg Electronics : -50% - Juin 2026 | Mes Bons Plans,code promo lg,https://mes-bons-plans.fr/lg-electronics,2026-06-23
www.mes-bons-plans.fr,Code promo Life Extension Europe - Juin 2026 | Mes Bons Plans,code promo life,https://mes-bons-plans.fr/life-extension-europe,2026-06-23
www.mes-bons-plans.fr,"Code promo Linxea : -1,65% - Juin 2026 | Mes Bons Plans",code promo linxea,https://mes-bons-plans.fr/linxea,2026-06-23
www.mes-bons-plans.fr,Code promo Little Cigogne - Juin 2026 | Mes Bons Plans,promo little cigogne,https://mes-bons-plans.fr/little-cigogne,2026-06-23
www.mes-bons-plans.fr,Code promo Lookfantastic : -32% - Juin 2026 | Mes Bons Plans,code promo lookfantastic,https://mes-bons-plans.fr/lookfantastic,2026-06-23
www.mes-bons-plans.fr,Code promo Lookfantastic International : -25% - Juin 2026 | Mes Bons Plans,code promo lookfantastic,https://mes-bons-plans.fr/lookfantastic-international,2026-06-23
www.mes-bons-plans.fr,Code promo Love And Vibes : -51% - Juin 2026 | Mes Bons Plans,code promo love,https://mes-bons-plans.fr/love-and-vibes,2026-06-23
www.mes-bons-plans.fr,Code promo Lumalea : -30% - Juin 2026 | Mes Bons Plans,code promo lumalea,https://mes-bons-plans.fr/lumalea,2026-06-23
www.mes-bons-plans.fr,Code promo Lyca Mobile : -50% - Juin 2026 | Mes Bons Plans,code promo lyca,https://mes-bons-plans.fr/lyca-mobile,2026-06-23
www.mes-bons-plans.fr,Code promo Ma Peinture Pro : -60% - Juin 2026 | Mes Bons Plans,code promo ma,https://mes-bons-plans.fr/ma-peinture-pro,2026-06-23
www.mes-bons-plans.fr,Code promo Ma Petite Chaise : -10% - Juin 2026 | Mes Bons Plans,promo ma petite,https://mes-bons-plans.fr/ma-petite-chaise,2026-06-23
www.mes-bons-plans.fr,Code promo Mabouteillefr : -90% - Juin 2026 | Mes Bons Plans,code promo mabouteillefr,https://mes-bons-plans.fr/mabouteillefr,2026-06-23
www.mes-bons-plans.fr,Code promo Mac Cosmetics - Juin 2026 | Mes Bons Plans,promo mac cosmetics,https://mes-bons-plans.fr/mac-cosmetics,2026-06-23
www.mes-bons-plans.fr,Code promo Macalyster - Juin 2026 | Mes Bons Plans,code promo macalyster,https://mes-bons-plans.fr/macalyster,2026-06-23
www.mes-bons-plans.fr,Code promo Machine A Coudre Elna - Juin 2026 | Mes Bons Plans,promo machine coudre,https://mes-bons-plans.fr/machine-a-coudre-elna,2026-06-23
www.mes-bons-plans.fr,Code promo Maes Hills - Juin 2026 | Mes Bons Plans,promo maes hills,https://mes-bons-plans.fr/maes-hills,2026-06-23
www.mes-bons-plans.fr,Code promo Maevenart - Juin 2026 | Mes Bons Plans,code promo maevenart,https://mes-bons-plans.fr/maevenart,2026-06-23
www.mes-bons-plans.fr,Code promo Magix Vegas Creative Software : -63% - Juin 2026 | Mes Bons Plans,code promo magix,https://mes-bons-plans.fr/magix-vegas-creative-software,2026-06-23
www.mes-bons-plans.fr,Code promo Maison Lascours : -55% - Juin 2026 | Mes Bons Plans,promo maison lascours,https://mes-bons-plans.fr/maison-lascours,2026-06-23
www.mes-bons-plans.fr,Code promo Maisondesfragrances - Juin 2026 | Mes Bons Plans,code promo maisondesfragrances,https://mes-bons-plans.fr/maisondesfragrances,2026-06-23
www.mes-bons-plans.fr,Code promo Maisonic : -85% - Juin 2026 | Mes Bons Plans,code promo maisonic,https://mes-bons-plans.fr/maisonic,2026-06-23
www.mes-bons-plans.fr,Code promo Make Up For Ever : -30% - Juin 2026 | Mes Bons Plans,code promo make,https://mes-bons-plans.fr/make-up-for-ever,2026-06-23
www.mes-bons-plans.fr,Code promo Maliterienaturelle : -20% - Juin 2026 | Mes Bons Plans,code promo maliterienaturelle,https://mes-bons-plans.fr/maliterienaturelle,2026-06-23
www.mes-bons-plans.fr,Code promo Mammotion - Juin 2026 | Mes Bons Plans,code promo mammotion,https://mes-bons-plans.fr/mammotion,2026-06-23
www.mes-bons-plans.fr,Code promo Manawa - Juin 2026 | Mes Bons Plans,code promo manawa,https://mes-bons-plans.fr/manawa,2026-06-23
www.mes-bons-plans.fr,Code promo Matt Nat - Juin 2026 | Mes Bons Plans,code promo matt,https://mes-bons-plans.fr/matt-nat,2026-06-23
www.mes-bons-plans.fr,Code promo Matt Sleeps - Juin 2026 | Mes Bons Plans,promo matt sleeps,https://mes-bons-plans.fr/matt-sleeps,2026-06-23
www.mes-bons-plans.fr,Code promo Maxbone - Juin 2026 | Mes Bons Plans,code promo maxbone,https://mes-bons-plans.fr/maxbone,2026-06-23
www.mes-bons-plans.fr,Code promo Maxicours - Juin 2026 | Mes Bons Plans,code promo maxicours,https://mes-bons-plans.fr/maxicours,2026-06-23
www.mes-bons-plans.fr,Code promo Maxims Caviar - Juin 2026 | Mes Bons Plans,promo maxims caviar,https://mes-bons-plans.fr/maxims-caviar,2026-06-23
www.mes-bons-plans.fr,Code promo Medisafe - Juin 2026 | Mes Bons Plans,code promo medisafe,https://mes-bons-plans.fr/medisafe,2026-06-23
www.mes-bons-plans.fr,Code promo Memorypur : -40% - Juin 2026 | Mes Bons Plans,code promo memorypur,https://mes-bons-plans.fr/memorypur,2026-06-23
www.mes-bons-plans.fr,Code promo Mes Courses En Vrac - Juin 2026 | Mes Bons Plans,mes courses vrac,https://mes-bons-plans.fr/mes-courses-en-vrac,2026-06-23
www.mes-bons-plans.fr,Code promo Mibrofit - Juin 2026 | Mes Bons Plans,code promo mibrofit,https://mes-bons-plans.fr/mibrofit,2026-06-23
www.mes-bons-plans.fr,Code promo Millet : -50% - Juin 2026 | Mes Bons Plans,code promo millet,https://mes-bons-plans.fr/millet,2026-06-23
www.mes-bons-plans.fr,Code promo Mina Storm : -75% - Juin 2026 | Mes Bons Plans,code promo mina,https://mes-bons-plans.fr/mina-storm,2026-06-23
www.mes-bons-plans.fr,Code promo Mk Pecheur - Juin 2026 | Mes Bons Plans,promo mk pecheur,https://mes-bons-plans.fr/mk-pecheur,2026-06-23
www.mes-bons-plans.fr,Code promo Mobilifiver - Juin 2026 | Mes Bons Plans,code promo mobilifiver,https://mes-bons-plans.fr/mobilifiver,2026-06-23
www.mes-bons-plans.fr,Code promo Modivo Cz : -20% - Juin 2026 | Mes Bons Plans,promo modivo cz,https://mes-bons-plans.fr/modivo-cz,2026-06-23
www.mes-bons-plans.fr,Code promo Momondo : -15% - Juin 2026 | Mes Bons Plans,code promo momondo,https://mes-bons-plans.fr/momondo,2026-06-23
www.mes-bons-plans.fr,Code promo Momox Fr - Juin 2026 | Mes Bons Plans,code promo momox,https://mes-bons-plans.fr/momox-fr,2026-06-23
www.mes-bons-plans.fr,Code promo Momox Fr Rachat Inbound : -87% - Juin 2026 | Mes Bons Plans,code promo momox,https://mes-bons-plans.fr/momox-fr-rachat-inbound,2026-06-23
www.mes-bons-plans.fr,Code promo Mon Bento : -20% - Juin 2026 | Mes Bons Plans,promo mon bento,https://mes-bons-plans.fr/mon-bento,2026-06-23
www.mes-bons-plans.fr,Code promo Moncler Global : -10% - Juin 2026 | Mes Bons Plans,promo moncler global,https://mes-bons-plans.fr/moncler-global,2026-06-23
www.mes-bons-plans.fr,Code promo Moneygram - Juin 2026 | Mes Bons Plans,code promo moneygram,https://mes-bons-plans.fr/moneygram,2026-06-23
www.mes-bons-plans.fr,Code promo Moneywalkie : -30% - Juin 2026 | Mes Bons Plans,code promo moneywalkie,https://mes-bons-plans.fr/moneywalkie,2026-06-23
www.mes-bons-plans.fr,Code promo Monkitsolaire : -50% - Juin 2026 | Mes Bons Plans,code promo monkitsolaire,https://mes-bons-plans.fr/monkitsolaire,2026-06-23
www.mes-bons-plans.fr,Code promo Moo : -30% - Juin 2026 | Mes Bons Plans,code promo moo,https://mes-bons-plans.fr/moo,2026-06-23
www.mes-bons-plans.fr,Code promo Moondaca - Juin 2026 | Mes Bons Plans,code promo moondaca,https://mes-bons-plans.fr/moondaca,2026-06-23
www.mes-bons-plans.fr,Code promo Morpheabed : -12% - Juin 2026 | Mes Bons Plans,code promo morpheabed,https://mes-bons-plans.fr/morpheabed,2026-06-23
www.mes-bons-plans.fr,Code promo Morphee - Juin 2026 | Mes Bons Plans,code promo morphee,https://mes-bons-plans.fr/morphee,2026-06-23
www.mes-bons-plans.fr,Code promo Mosalingua - Juin 2026 | Mes Bons Plans,code promo mosalingua,https://mes-bons-plans.fr/mosalingua,2026-06-23
www.mes-bons-plans.fr,Code promo Motointegrator - Juin 2026 | Mes Bons Plans,code promo motointegrator,https://mes-bons-plans.fr/motointegrator,2026-06-23
www.mes-bons-plans.fr,Code promo Music Opera - Juin 2026 | Mes Bons Plans,promo music opera,https://mes-bons-plans.fr/music-opera,2026-06-23
www.mes-bons-plans.fr,Code promo My Vitibox - Juin 2026 | Mes Bons Plans,promo my vitibox,https://mes-bons-plans.fr/my-vitibox,2026-06-23
www.mes-bons-plans.fr,Code promo Myareadesign : -55% - Juin 2026 | Mes Bons Plans,code promo myareadesign,https://mes-bons-plans.fr/myareadesign,2026-06-23
www.mes-bons-plans.fr,Code promo Myphotobook - Juin 2026 | Mes Bons Plans,code promo myphotobook,https://mes-bons-plans.fr/myphotobook,2026-06-23
www.mes-bons-plans.fr,Code promo Myprotein : -40% - Juin 2026 | Mes Bons Plans,code promo myprotein,https://mes-bons-plans.fr/myprotein,2026-06-23
www.mes-bons-plans.fr,Code promo Mypuzzle : -33% - Juin 2026 | Mes Bons Plans,code promo mypuzzle,https://mes-bons-plans.fr/mypuzzle,2026-06-23
www.mes-bons-plans.fr,Code promo Mysteres Et Bonnes Bouteilles - Juin 2026 | Mes Bons Plans,promo mysteres bonnes,https://mes-bons-plans.fr/mysteres-et-bonnes-bouteilles,2026-06-23
www.mes-bons-plans.fr,Code promo Myvitamins : -70% - Juin 2026 | Mes Bons Plans,code promo myvitamins,https://mes-bons-plans.fr/myvitamins,2026-06-23
www.mes-bons-plans.fr,Code promo Nana - Juin 2026 | Mes Bons Plans,code promo nana,https://mes-bons-plans.fr/nana,2026-06-23
www.mes-bons-plans.fr,Code promo Narwal : -10% - Juin 2026 | Mes Bons Plans,code promo narwal,https://mes-bons-plans.fr/narwal,2026-06-23
www.mes-bons-plans.fr,Code promo Natura Force : -10% - Juin 2026 | Mes Bons Plans,code promo natura,https://mes-bons-plans.fr/natura-force,2026-06-23
www.mes-bons-plans.fr,Code promo Naturalia : -50% - Juin 2026 | Mes Bons Plans,code promo naturalia,https://mes-bons-plans.fr/naturalia,2026-06-23
www.mes-bons-plans.fr,Code promo Nature Cbd : -40% - Juin 2026 | Mes Bons Plans,promo nature cbd,https://mes-bons-plans.fr/nature-cbd,2026-06-23
www.mes-bons-plans.fr,Code promo Naveetech - Juin 2026 | Mes Bons Plans,code promo naveetech,https://mes-bons-plans.fr/naveetech,2026-06-23
www.mes-bons-plans.fr,Code promo Nescafe Dolce Gusto Last Clic - Juin 2026 | Mes Bons Plans,promo nescafe dolce,https://mes-bons-plans.fr/nescafe-dolce-gusto-last-clic,2026-06-23
www.mes-bons-plans.fr,Code promo Nina Ricci : -15% - Juin 2026 | Mes Bons Plans,promo nina ricci,https://mes-bons-plans.fr/nina-ricci,2026-06-23
www.mes-bons-plans.fr,Code promo Nirio : 30 € offerts - Juin 2026 | Mes Bons Plans,code promo nirio,https://mes-bons-plans.fr/nirio,2026-06-23
www.mes-bons-plans.fr,Code promo Noracora : -70% - Juin 2026 | Mes Bons Plans,code promo noracora,https://mes-bons-plans.fr/noracora,2026-06-23
www.mes-bons-plans.fr,Code promo Noukies : -60% - Juin 2026 | Mes Bons Plans,code promo noukies,https://mes-bons-plans.fr/noukies,2026-06-23
www.mes-bons-plans.fr,Code promo Nouslib : -72% - Juin 2026 | Mes Bons Plans,code promo nouslib,https://mes-bons-plans.fr/nouslib,2026-06-23
www.mes-bons-plans.fr,Code promo Novo Shoes - Juin 2026 | Mes Bons Plans,promo novo shoes,https://mes-bons-plans.fr/novo-shoes,2026-06-23
www.mes-bons-plans.fr,Code promo Nunez I Navarro Hotels - Juin 2026 | Mes Bons Plans,code promo nunez,https://mes-bons-plans.fr/nunez-i-navarro-hotels,2026-06-23
www.mes-bons-plans.fr,Code promo Nuxe : -30% - Juin 2026 | Mes Bons Plans,code promo nuxe,https://mes-bons-plans.fr/nuxe,2026-06-23
www.mes-bons-plans.fr,Code promo Obsenza - Juin 2026 | Mes Bons Plans,code promo obsenza,https://mes-bons-plans.fr/obsenza,2026-06-23
www.mes-bons-plans.fr,Code promo Ocean Hotels : -20% - Juin 2026 | Mes Bons Plans,promo ocean hotels,https://mes-bons-plans.fr/ocean-hotels,2026-06-23
www.mes-bons-plans.fr,Code promo Oh Pacha : -25% - Juin 2026 | Mes Bons Plans,promo oh pacha,https://mes-bons-plans.fr/oh-pacha,2026-06-23
www.mes-bons-plans.fr,Code promo Ohlaeixample - Juin 2026 | Mes Bons Plans,code promo ohlaeixample,https://mes-bons-plans.fr/ohlaeixample,2026-06-23
www.mes-bons-plans.fr,Code promo Olara - Juin 2026 | Mes Bons Plans,code promo olara,https://mes-bons-plans.fr/olara,2026-06-23
www.mes-bons-plans.fr,Code promo On Fight : -24% - Juin 2026 | Mes Bons Plans,code promo,https://mes-bons-plans.fr/on-fight,2026-06-23
www.mes-bons-plans.fr,Code promo Ony : -35% - Juin 2026 | Mes Bons Plans,code promo ony,https://mes-bons-plans.fr/ony,2026-06-23
www.mes-bons-plans.fr,Code promo Otterbox : -25% - Juin 2026 | Mes Bons Plans,code promo otterbox,https://mes-bons-plans.fr/otterbox,2026-06-23
www.mes-bons-plans.fr,Code promo Pablo : -50% - Juin 2026 | Mes Bons Plans,code promo pablo,https://mes-bons-plans.fr/pablo,2026-06-23
www.mes-bons-plans.fr,Code promo Padel Market : -75% - Juin 2026 | Mes Bons Plans,code promo padel,https://mes-bons-plans.fr/padel-market,2026-06-23
www.mes-bons-plans.fr,Code promo Pandacola : -5% - Juin 2026 | Mes Bons Plans,code promo pandacola,https://mes-bons-plans.fr/pandacola,2026-06-23
www.mes-bons-plans.fr,Code promo Paris Prix - Juin 2026 | Mes Bons Plans,promo paris prix,https://mes-bons-plans.fr/paris-prix,2026-06-23
www.mes-bons-plans.fr,Code promo Paris Seine : -60% - Juin 2026 | Mes Bons Plans,code promo paris,https://mes-bons-plans.fr/paris-seine,2026-06-23
www.mes-bons-plans.fr,Code promo Passage Du Desir : -50% - Juin 2026 | Mes Bons Plans,promo passage desir,https://mes-bons-plans.fr/passage-du-desir,2026-06-23
www.mes-bons-plans.fr,Code promo Patyka : -50% - Juin 2026 | Mes Bons Plans,code promo patyka,https://mes-bons-plans.fr/patyka,2026-06-23
www.mes-bons-plans.fr,Code promo Peaudouce : -70% - Juin 2026 | Mes Bons Plans,code promo peaudouce,https://mes-bons-plans.fr/peaudouce,2026-06-23
www.mes-bons-plans.fr,Code promo Pediakid : -20% - Juin 2026 | Mes Bons Plans,code promo pediakid,https://mes-bons-plans.fr/pediakid,2026-06-23
www.mes-bons-plans.fr,Code promo Percentil Fr - Juin 2026 | Mes Bons Plans,code promo percentil,https://mes-bons-plans.fr/percentil-fr,2026-06-23
www.mes-bons-plans.fr,Code promo Perfumeriacomas - Juin 2026 | Mes Bons Plans,code promo perfumeriacomas,https://mes-bons-plans.fr/perfumeriacomas,2026-06-23
www.mes-bons-plans.fr,Code promo Petit Bouchon - Juin 2026 | Mes Bons Plans,promo petit bouchon,https://mes-bons-plans.fr/petit-bouchon,2026-06-23
www.mes-bons-plans.fr,Code promo Peugeot Saveurs : -55% - Juin 2026 | Mes Bons Plans,promo peugeot saveurs,https://mes-bons-plans.fr/peugeot-saveurs,2026-06-23
www.mes-bons-plans.fr,Code promo Phox - Juin 2026 | Mes Bons Plans,code promo phox,https://mes-bons-plans.fr/phox,2026-06-23
www.mes-bons-plans.fr,Code promo Piecesauto24 : -80% - Juin 2026 | Mes Bons Plans,code promo piecesauto24,https://mes-bons-plans.fr/piecesauto24,2026-06-23
www.mes-bons-plans.fr,Code promo Piecesdiscount24 : -15% - Juin 2026 | Mes Bons Plans,code promo piecesdiscount24,https://mes-bons-plans.fr/piecesdiscount24,2026-06-23
www.mes-bons-plans.fr,Code promo Pixelcorner - Juin 2026 | Mes Bons Plans,code promo pixelcorner,https://mes-bons-plans.fr/pixelcorner,2026-06-23
www.mes-bons-plans.fr,Code promo Plaisir Up - Juin 2026 | Mes Bons Plans,code promo plaisir,https://mes-bons-plans.fr/plaisir-up,2026-06-23
www.mes-bons-plans.fr,Code promo Planetfoot - Juin 2026 | Mes Bons Plans,code promo planetfoot,https://mes-bons-plans.fr/planetfoot,2026-06-23
www.mes-bons-plans.fr,Code promo Pommpoire : -60% - Juin 2026 | Mes Bons Plans,code promo pommpoire,https://mes-bons-plans.fr/pommpoire,2026-06-23
www.mes-bons-plans.fr,Code promo Poppers Aromas En - Juin 2026 | Mes Bons Plans,promo poppers aromas,https://mes-bons-plans.fr/poppers-aromas-en,2026-06-23
www.mes-bons-plans.fr,Code promo Prescription Lab : -50% - Juin 2026 | Mes Bons Plans,promo prescription lab,https://mes-bons-plans.fr/prescription-lab,2026-06-23
www.mes-bons-plans.fr,Code promo Prime1studio - Juin 2026 | Mes Bons Plans,code promo prime1studio,https://mes-bons-plans.fr/prime1studio,2026-06-23
www.mes-bons-plans.fr,Code promo Princesse Tam Tam : -50% - Juin 2026 | Mes Bons Plans,promo princesse tam,https://mes-bons-plans.fr/princesse-tam-tam,2026-06-23
www.mes-bons-plans.fr,Code promo Pro Breeze : -10% - Juin 2026 | Mes Bons Plans,promo pro breeze,https://mes-bons-plans.fr/pro-breeze,2026-06-23
www.mes-bons-plans.fr,Code promo Pro Nutrition : -25% - Juin 2026 | Mes Bons Plans,promo pro nutrition,https://mes-bons-plans.fr/pro-nutrition,2026-06-23
www.mes-bons-plans.fr,Code promo Proxiserve : -5% - Juin 2026 | Mes Bons Plans,code promo proxiserve,https://mes-bons-plans.fr/proxiserve,2026-06-23
www.mes-bons-plans.fr,Code promo Puzzlefr Par Planet Puzzles : -70% - Juin 2026 | Mes Bons Plans,promo puzzlefr planet,https://mes-bons-plans.fr/puzzlefr-par-planet-puzzles,2026-06-23
www.mes-bons-plans.fr,Code promo Radicalstorage : -15% - Juin 2026 | Mes Bons Plans,code promo radicalstorage,https://mes-bons-plans.fr/radicalstorage,2026-06-23
www.mes-bons-plans.fr,Code promo Rayon Dor : -50% - Juin 2026 | Mes Bons Plans,code promo rayon,https://mes-bons-plans.fr/rayon-dor,2026-06-23
www.mes-bons-plans.fr,Code promo Real Madrid : -50% - Juin 2026 | Mes Bons Plans,promo real madrid,https://mes-bons-plans.fr/real-madrid,2026-06-23
www.mes-bons-plans.fr,Code promo Rebuy : -76% - Juin 2026 | Mes Bons Plans,code promo rebuy,https://mes-bons-plans.fr/rebuy,2026-06-23
www.mes-bons-plans.fr,Code promo Recommerce : -85% - Juin 2026 | Mes Bons Plans,code promo recommerce,https://mes-bons-plans.fr/recommerce,2026-06-23
www.mes-bons-plans.fr,Code promo Red Edition - Juin 2026 | Mes Bons Plans,code promo red,https://mes-bons-plans.fr/red-edition,2026-06-23
www.mes-bons-plans.fr,Code promo Regatta : -70% - Juin 2026 | Mes Bons Plans,code promo regatta,https://mes-bons-plans.fr/regatta,2026-06-23
www.mes-bons-plans.fr,Code promo Repeatcashmere : -50% - Juin 2026 | Mes Bons Plans,code promo repeatcashmere,https://mes-bons-plans.fr/repeatcashmere,2026-06-23
www.mes-bons-plans.fr,Code promo Reserve Ta Bulle - Juin 2026 | Mes Bons Plans,promo reserve ta,https://mes-bons-plans.fr/reserve-ta-bulle,2026-06-23
www.mes-bons-plans.fr,Code promo Restube - Juin 2026 | Mes Bons Plans,code promo restube,https://mes-bons-plans.fr/restube,2026-06-23
www.mes-bons-plans.fr,Code promo Rhum Attitude - Juin 2026 | Mes Bons Plans,code promo rhum,https://mes-bons-plans.fr/rhum-attitude,2026-06-23
www.mes-bons-plans.fr,Code promo Roborock : -40% - Juin 2026 | Mes Bons Plans,code promo roborock,https://mes-bons-plans.fr/roborock,2026-06-23
www.mes-bons-plans.fr,Code promo Romp - Juin 2026 | Mes Bons Plans,code promo romp,https://mes-bons-plans.fr/romp,2026-06-23
www.mes-bons-plans.fr,Code promo Ropeo - Juin 2026 | Mes Bons Plans,code promo ropeo,https://mes-bons-plans.fr/ropeo,2026-06-23
www.mes-bons-plans.fr,Code promo Ruckfieldcom : -60% - Juin 2026 | Mes Bons Plans,code promo ruckfieldcom,https://mes-bons-plans.fr/ruckfieldcom,2026-06-23
www.mes-bons-plans.fr,Code promo Rue Des Hommes : -50% - Juin 2026 | Mes Bons Plans,promo rue hommes,https://mes-bons-plans.fr/rue-des-hommes,2026-06-23
www.mes-bons-plans.fr,Code promo Rue Des Vignerons - Juin 2026 | Mes Bons Plans,promo rue vignerons,https://mes-bons-plans.fr/rue-des-vignerons,2026-06-23
www.mes-bons-plans.fr,Code promo Rueducommerce : -30% - Juin 2026 | Mes Bons Plans,code promo rueducommerce,https://mes-bons-plans.fr/rueducommerce,2026-06-23
www.mes-bons-plans.fr,Code promo Rustica - Juin 2026 | Mes Bons Plans,code promo rustica,https://mes-bons-plans.fr/rustica,2026-06-23
www.mes-bons-plans.fr,Code promo Samboat : -15% - Juin 2026 | Mes Bons Plans,code promo samboat,https://mes-bons-plans.fr/samboat,2026-06-23
www.mes-bons-plans.fr,Code promo Sanahotels - Juin 2026 | Mes Bons Plans,code promo sanahotels,https://mes-bons-plans.fr/sanahotels,2026-06-23
www.mes-bons-plans.fr,Code promo Sandro Eu : -50% - Juin 2026 | Mes Bons Plans,promo sandro eu,https://mes-bons-plans.fr/sandro-eu,2026-06-23
www.mes-bons-plans.fr,Code promo Sba France : -50% - Juin 2026 | Mes Bons Plans,promo sba france,https://mes-bons-plans.fr/sba-france,2026-06-23
www.mes-bons-plans.fr,Code promo Schleich - Juin 2026 | Mes Bons Plans,code promo schleich,https://mes-bons-plans.fr/schleich,2026-06-23
www.mes-bons-plans.fr,Code promo Scribbler : -15% - Juin 2026 | Mes Bons Plans,code promo scribbler,https://mes-bons-plans.fr/scribbler,2026-06-23
www.mes-bons-plans.fr,Code promo Seasonly : -15% - Juin 2026 | Mes Bons Plans,code promo seasonly,https://mes-bons-plans.fr/seasonly,2026-06-23
www.mes-bons-plans.fr,Code promo Seazon : -50% - Juin 2026 | Mes Bons Plans,code promo seazon,https://mes-bons-plans.fr/seazon,2026-06-23
www.mes-bons-plans.fr,Code promo Seko : -50% - Juin 2026 | Mes Bons Plans,code promo seko,https://mes-bons-plans.fr/seko,2026-06-23
www.mes-bons-plans.fr,Code promo Senatorhr - Juin 2026 | Mes Bons Plans,code promo senatorhr,https://mes-bons-plans.fr/senatorhr,2026-06-23
www.mes-bons-plans.fr,Code promo Sensilab : -83% - Juin 2026 | Mes Bons Plans,code promo sensilab,https://mes-bons-plans.fr/sensilab,2026-06-23
www.mes-bons-plans.fr,Code promo Setam : -50% - Juin 2026 | Mes Bons Plans,code promo setam,https://mes-bons-plans.fr/setam,2026-06-23
www.mes-bons-plans.fr,Code promo Sexylib : -50% - Juin 2026 | Mes Bons Plans,code promo sexylib,https://mes-bons-plans.fr/sexylib,2026-06-23
www.mes-bons-plans.fr,Code promo Sfr Box - Juin 2026 | Mes Bons Plans,promo sfr box,https://mes-bons-plans.fr/sfr-box,2026-06-23
www.mes-bons-plans.fr,Code promo Sharkninja - Juin 2026 | Mes Bons Plans,code promo sharkninja,https://mes-bons-plans.fr/sharkninja,2026-06-23
www.mes-bons-plans.fr,Code promo Shiseido : -30% - Juin 2026 | Mes Bons Plans,code promo shiseido,https://mes-bons-plans.fr/shiseido,2026-06-23
www.mes-bons-plans.fr,Code promo Shop4runners - Juin 2026 | Mes Bons Plans,code promo shop4runners,https://mes-bons-plans.fr/shop4runners,2026-06-23
www.mes-bons-plans.fr,Code promo Shopix : -70% - Juin 2026 | Mes Bons Plans,code promo shopix,https://mes-bons-plans.fr/shopix,2026-06-23
www.mes-bons-plans.fr,Code promo Shoppingnature : -40% - Juin 2026 | Mes Bons Plans,code promo shoppingnature,https://mes-bons-plans.fr/shoppingnature,2026-06-23
www.mes-bons-plans.fr,Code promo Siemens : -85% - Juin 2026 | Mes Bons Plans,code promo siemens,https://mes-bons-plans.fr/siemens,2026-06-23
www.mes-bons-plans.fr,Code promo Simplycards - Juin 2026 | Mes Bons Plans,code promo simplycards,https://mes-bons-plans.fr/simplycards,2026-06-23
www.mes-bons-plans.fr,Code promo Simplysupplements : -50% - Juin 2026 | Mes Bons Plans,code promo simplysupplements,https://mes-bons-plans.fr/simplysupplements,2026-06-23
www.mes-bons-plans.fr,Code promo Sinful : -60% - Juin 2026 | Mes Bons Plans,code promo sinful,https://mes-bons-plans.fr/sinful,2026-06-23
www.mes-bons-plans.fr,Code promo Singapore Airlines France : -25% - Juin 2026 | Mes Bons Plans,code promo singapore,https://mes-bons-plans.fr/singapore-airlines-france,2026-06-23
www.mes-bons-plans.fr,Code promo Site123 - Juin 2026 | Mes Bons Plans,code promo site123,https://mes-bons-plans.fr/site123,2026-06-23
www.mes-bons-plans.fr,Code promo Slome - Juin 2026 | Mes Bons Plans,code promo slome,https://mes-bons-plans.fr/slome,2026-06-23
www.mes-bons-plans.fr,Code promo Slowood Interior : -20% - Juin 2026 | Mes Bons Plans,promo slowood interior,https://mes-bons-plans.fr/slowood-interior,2026-06-23
www.mes-bons-plans.fr,Code promo Smartbox Bongo Eu : -50% - Juin 2026 | Mes Bons Plans,promo smartbox bongo,https://mes-bons-plans.fr/smartbox-bongo-eu,2026-06-23
www.mes-bons-plans.fr,Code promo Smartlet - Juin 2026 | Mes Bons Plans,code promo smartlet,https://mes-bons-plans.fr/smartlet,2026-06-23
www.mes-bons-plans.fr,Code promo Smartobjet : -45% - Juin 2026 | Mes Bons Plans,code promo smartobjet,https://mes-bons-plans.fr/smartobjet,2026-06-23
www.mes-bons-plans.fr,Code promo Smash Expert : -60% - Juin 2026 | Mes Bons Plans,code promo smash,https://mes-bons-plans.fr/smash-expert,2026-06-23
www.mes-bons-plans.fr,Code promo Smoon Lingerie : -40% - Juin 2026 | Mes Bons Plans,promo smoon lingerie,https://mes-bons-plans.fr/smoon-lingerie,2026-06-23
www.mes-bons-plans.fr,Code promo Snowleader : -30% - Juin 2026 | Mes Bons Plans,code promo snowleader,https://mes-bons-plans.fr/snowleader,2026-06-23
www.mes-bons-plans.fr,Code promo Sobrealfr - Juin 2026 | Mes Bons Plans,code promo sobrealfr,https://mes-bons-plans.fr/sobrealfr,2026-06-23
www.mes-bons-plans.fr,Code promo Sofann - Juin 2026 | Mes Bons Plans,code promo sofann,https://mes-bons-plans.fr/sofann,2026-06-23
www.mes-bons-plans.fr,Code promo Solvital : -45% - Juin 2026 | Mes Bons Plans,code promo solvital,https://mes-bons-plans.fr/solvital,2026-06-23
www.mes-bons-plans.fr,Code promo Somnishop - Juin 2026 | Mes Bons Plans,code promo somnishop,https://mes-bons-plans.fr/somnishop,2026-06-23
www.mes-bons-plans.fr,Code promo Sooner - Juin 2026 | Mes Bons Plans,code promo sooner,https://mes-bons-plans.fr/sooner,2026-06-23
www.mes-bons-plans.fr,Code promo Soundcore - Juin 2026 | Mes Bons Plans,code promo soundcore,https://mes-bons-plans.fr/soundcore,2026-06-23
www.mes-bons-plans.fr,Code promo Spa Villa Thalgo - Juin 2026 | Mes Bons Plans,promo spa villa,https://mes-bons-plans.fr/spa-villa-thalgo,2026-06-23
www.mes-bons-plans.fr,Code promo Sparklers Club : -50% - Juin 2026 | Mes Bons Plans,code promo sparklers,https://mes-bons-plans.fr/sparklers-club,2026-06-23
www.mes-bons-plans.fr,Code promo Spartoo Be : -40% - Juin 2026 | Mes Bons Plans,code promo spartoo,https://mes-bons-plans.fr/spartoo-be,2026-06-23
www.mes-bons-plans.fr,Code promo Sportfood Center - Juin 2026 | Mes Bons Plans,code promo sportfood,https://mes-bons-plans.fr/sportfood-center,2026-06-23
www.mes-bons-plans.fr,Code promo Sports Events 365 - Juin 2026 | Mes Bons Plans,code promo sports,https://mes-bons-plans.fr/sports-events-365,2026-06-23
www.mes-bons-plans.fr,Code promo Sports Tech - Juin 2026 | Mes Bons Plans,code promo sports,https://mes-bons-plans.fr/sports-tech,2026-06-23
www.mes-bons-plans.fr,Code promo Startselect : -50% - Juin 2026 | Mes Bons Plans,code promo startselect,https://mes-bons-plans.fr/startselect,2026-06-23
www.mes-bons-plans.fr,Code promo Starwax - Juin 2026 | Mes Bons Plans,code promo starwax,https://mes-bons-plans.fr/starwax,2026-06-23
www.mes-bons-plans.fr,Code promo Stayforlong - Juin 2026 | Mes Bons Plans,code promo stayforlong,https://mes-bons-plans.fr/stayforlong,2026-06-23
www.mes-bons-plans.fr,Code promo Stc Nutrition : -60% - Juin 2026 | Mes Bons Plans,promo stc nutrition,https://mes-bons-plans.fr/stc-nutrition,2026-06-23
www.mes-bons-plans.fr,Code promo Steve Madden - Juin 2026 | Mes Bons Plans,promo steve madden,https://mes-bons-plans.fr/steve-madden,2026-06-23
www.mes-bons-plans.fr,Code promo Strap On Me : -50% - Juin 2026 | Mes Bons Plans,code promo strap,https://mes-bons-plans.fr/strap-on-me,2026-06-23
www.mes-bons-plans.fr,Code promo Street One : -50% - Juin 2026 | Mes Bons Plans,code promo street,https://mes-bons-plans.fr/street-one,2026-06-23
www.mes-bons-plans.fr,Code promo Superdry Eu - Juin 2026 | Mes Bons Plans,promo superdry eu,https://mes-bons-plans.fr/superdry-eu,2026-06-23
www.mes-bons-plans.fr,Code promo Svinando - Juin 2026 | Mes Bons Plans,code promo svinando,https://mes-bons-plans.fr/svinando,2026-06-23
www.mes-bons-plans.fr,Code promo Sylvie Schimmel - Juin 2026 | Mes Bons Plans,code promo sylvie,https://mes-bons-plans.fr/sylvie-schimmel,2026-06-23
www.mes-bons-plans.fr,Code promo Tag Heuer Global : Livraison gratuite - Juin 2026 | Mes Bons Plans,promo tag heuer,https://mes-bons-plans.fr/tag-heuer-global,2026-06-23
www.mes-bons-plans.fr,Code promo Tameson - Juin 2026 | Mes Bons Plans,code promo tameson,https://mes-bons-plans.fr/tameson,2026-06-23
www.mes-bons-plans.fr,Code promo Teatap : -20% - Juin 2026 | Mes Bons Plans,code promo teatap,https://mes-bons-plans.fr/teatap,2026-06-23
www.mes-bons-plans.fr,Code promo Tena - Juin 2026 | Mes Bons Plans,code promo tena,https://mes-bons-plans.fr/tena,2026-06-23
www.mes-bons-plans.fr,Code promo Thalasso Les Issambres - Juin 2026 | Mes Bons Plans,promo thalasso issambres,https://mes-bons-plans.fr/thalasso-les-issambres,2026-06-23
www.mes-bons-plans.fr,Code promo The Regency Chess Company - Juin 2026 | Mes Bons Plans,promo regency chess,https://mes-bons-plans.fr/the-regency-chess-company,2026-06-23
www.mes-bons-plans.fr,Code promo Thegreenstore - Juin 2026 | Mes Bons Plans,code promo thegreenstore,https://mes-bons-plans.fr/thegreenstore,2026-06-23
www.mes-bons-plans.fr,Code promo Thelotter : -15% - Juin 2026 | Mes Bons Plans,code promo thelotter,https://mes-bons-plans.fr/thelotter,2026-06-23
www.mes-bons-plans.fr,Code promo Tiniloo : -50% - Juin 2026 | Mes Bons Plans,code promo tiniloo,https://mes-bons-plans.fr/tiniloo,2026-06-23
www.mes-bons-plans.fr,Code promo Tissus De Reve : -80% - Juin 2026 | Mes Bons Plans,promo tissus reve,https://mes-bons-plans.fr/tissus-de-reve,2026-06-23
www.mes-bons-plans.fr,Code promo Topachat : -8% - Juin 2026 | Mes Bons Plans,code promo topachat,https://mes-bons-plans.fr/topachat,2026-06-23
www.mes-bons-plans.fr,Code promo Topbiz : -37% - Juin 2026 | Mes Bons Plans,code promo topbiz,https://mes-bons-plans.fr/topbiz,2026-06-23
www.mes-bons-plans.fr,Code promo Toutouvert - Juin 2026 | Mes Bons Plans,code promo toutouvert,https://mes-bons-plans.fr/toutouvert,2026-06-23
www.mes-bons-plans.fr,Code promo Training Fit Eu - Juin 2026 | Mes Bons Plans,code promo training,https://mes-bons-plans.fr/training-fit-eu,2026-06-23
www.mes-bons-plans.fr,Code promo Treatwell Europe Fr It Es Nl : -54% - Juin 2026 | Mes Bons Plans,promo treatwell europe,https://mes-bons-plans.fr/treatwell-europe-fr-it-es-nl,2026-06-23
www.mes-bons-plans.fr,Code promo Trend Micro - Juin 2026 | Mes Bons Plans,promo trend micro,https://mes-bons-plans.fr/trend-micro,2026-06-23
www.mes-bons-plans.fr,Code promo Trotec : -83% - Juin 2026 | Mes Bons Plans,code promo trotec,https://mes-bons-plans.fr/trotec,2026-06-23
www.mes-bons-plans.fr,Code promo Trueimagetech - Juin 2026 | Mes Bons Plans,code promo trueimagetech,https://mes-bons-plans.fr/trueimagetech,2026-06-23
www.mes-bons-plans.fr,Code promo Turbopass : -15% - Juin 2026 | Mes Bons Plans,code promo turbopass,https://mes-bons-plans.fr/turbopass,2026-06-23
www.mes-bons-plans.fr,Code promo Twenty Dc : -20% - Juin 2026 | Mes Bons Plans,code promo twenty,https://mes-bons-plans.fr/twenty-dc,2026-06-23
www.mes-bons-plans.fr,Code promo Ugreen : -50% - Juin 2026 | Mes Bons Plans,code promo ugreen,https://mes-bons-plans.fr/ugreen,2026-06-23
www.mes-bons-plans.fr,Code promo Ultra Premium Direct : -20% - Juin 2026 | Mes Bons Plans,code promo ultra,https://mes-bons-plans.fr/ultra-premium-direct,2026-06-23
www.mes-bons-plans.fr,Code promo Une Petite Mousse : -15% - Juin 2026 | Mes Bons Plans,promo petite mousse,https://mes-bons-plans.fr/une-petite-mousse,2026-06-23
www.mes-bons-plans.fr,Code promo Uniplaces : -25% - Juin 2026 | Mes Bons Plans,code promo uniplaces,https://mes-bons-plans.fr/uniplaces,2026-06-23
www.mes-bons-plans.fr,Code promo Usinestreet : -20% - Juin 2026 | Mes Bons Plans,code promo usinestreet,https://mes-bons-plans.fr/usinestreet,2026-06-23
www.mes-bons-plans.fr,Code promo Veloboutiquepro : -10% - Juin 2026 | Mes Bons Plans,code promo veloboutiquepro,https://mes-bons-plans.fr/veloboutiquepro,2026-06-23
www.mes-bons-plans.fr,Code promo Vendezvotrevoiture : livraison gratuite - Juin 2026 | Mes Bons Plans,code promo vendezvotrevoiture,https://mes-bons-plans.fr/vendezvotrevoiture,2026-06-23
www.mes-bons-plans.fr,Code promo Viator : -70% - Juin 2026 | Mes Bons Plans,code promo viator,https://mes-bons-plans.fr/viator,2026-06-23
www.mes-bons-plans.fr,Code promo Victoriamilan : -15% - Juin 2026 | Mes Bons Plans,code promo victoriamilan,https://mes-bons-plans.fr/victoriamilan,2026-06-23
www.mes-bons-plans.fr,Code promo Vidoleocom : -85% - Juin 2026 | Mes Bons Plans,code promo vidoleocom,https://mes-bons-plans.fr/vidoleocom,2026-06-23
www.mes-bons-plans.fr,Code promo Vino - Juin 2026 | Mes Bons Plans,code promo vino,https://mes-bons-plans.fr/vino,2026-06-23
www.mes-bons-plans.fr,Code promo Vision Direct - Juin 2026 | Mes Bons Plans,code promo vision,https://mes-bons-plans.fr/vision-direct,2026-06-23
www.mes-bons-plans.fr,Code promo Vitastrong - Juin 2026 | Mes Bons Plans,code promo vitastrong,https://mes-bons-plans.fr/vitastrong,2026-06-23
www.mes-bons-plans.fr,Code promo Voidu - Juin 2026 | Mes Bons Plans,code promo voidu,https://mes-bons-plans.fr/voidu,2026-06-23
www.mes-bons-plans.fr,Code promo Volumerate - Juin 2026 | Mes Bons Plans,code promo volumerate,https://mes-bons-plans.fr/volumerate,2026-06-23
www.mes-bons-plans.fr,Code promo Wake Me Upparis - Juin 2026 | Mes Bons Plans,code promo wake,https://mes-bons-plans.fr/wake-me-upparis,2026-06-23
www.mes-bons-plans.fr,Code promo Walkingpad - Juin 2026 | Mes Bons Plans,code promo walkingpad,https://mes-bons-plans.fr/walkingpad,2026-06-23
www.mes-bons-plans.fr,Code promo Wallpaperdream : -20% - Juin 2026 | Mes Bons Plans,code promo wallpaperdream,https://mes-bons-plans.fr/wallpaperdream,2026-06-23
www.mes-bons-plans.fr,Code promo We Vibe - Juin 2026 | Mes Bons Plans,code promo we,https://mes-bons-plans.fr/we-vibe,2026-06-23
www.mes-bons-plans.fr,Code promo Wecandoo : -10% - Juin 2026 | Mes Bons Plans,code promo wecandoo,https://mes-bons-plans.fr/wecandoo,2026-06-23
www.mes-bons-plans.fr,Code promo Wedgwood : -50% - Juin 2026 | Mes Bons Plans,code promo wedgwood,https://mes-bons-plans.fr/wedgwood,2026-06-23
www.mes-bons-plans.fr,Code promo Wedressfair : -30% - Juin 2026 | Mes Bons Plans,code promo wedressfair,https://mes-bons-plans.fr/wedressfair,2026-06-23
www.mes-bons-plans.fr,Code promo Whirlpool : -25% - Juin 2026 | Mes Bons Plans,code promo whirlpool,https://mes-bons-plans.fr/whirlpool,2026-06-23
www.mes-bons-plans.fr,Code promo Winebox - Juin 2026 | Mes Bons Plans,code promo winebox,https://mes-bons-plans.fr/winebox,2026-06-23
www.mes-bons-plans.fr,Code promo Womanizer - Juin 2026 | Mes Bons Plans,code promo womanizer,https://mes-bons-plans.fr/womanizer,2026-06-23
www.mes-bons-plans.fr,Code promo Woolsocks : -25% - Juin 2026 | Mes Bons Plans,code promo woolsocks,https://mes-bons-plans.fr/woolsocks,2026-06-23
www.mes-bons-plans.fr,Code promo Woom : -50% - Juin 2026 | Mes Bons Plans,code promo woom,https://mes-bons-plans.fr/woom,2026-06-23
www.mes-bons-plans.fr,Code promo Wyylde : -64% - Juin 2026 | Mes Bons Plans,code promo wyylde,https://mes-bons-plans.fr/wyylde,2026-06-23
www.mes-bons-plans.fr,Code promo Xflirt : -15% - Juin 2026 | Mes Bons Plans,code promo xflirt,https://mes-bons-plans.fr/xflirt,2026-06-23
www.mes-bons-plans.fr,Code promo Xp Pen : -36% - Juin 2026 | Mes Bons Plans,promo xp pen,https://mes-bons-plans.fr/xp-pen,2026-06-23
www.mes-bons-plans.fr,Code promo Yodibeauty : -26% - Juin 2026 | Mes Bons Plans,code promo yodibeauty,https://mes-bons-plans.fr/yodibeauty,2026-06-23
www.mes-bons-plans.fr,Code promo Yoursurprise - Juin 2026 | Mes Bons Plans,code promo yoursurprise,https://mes-bons-plans.fr/yoursurprise,2026-06-23
www.mes-bons-plans.fr,Code promo Zendure - Juin 2026 | Mes Bons Plans,code promo zendure,https://mes-bons-plans.fr/zendure,2026-06-23
www.mes-bons-plans.fr,Code promo Zeshoes : -60% - Juin 2026 | Mes Bons Plans,code promo zeshoes,https://mes-bons-plans.fr/zeshoes,2026-06-23
www.mes-bons-plans.fr,Code promo Zumub : -50% - Juin 2026 | Mes Bons Plans,code promo zumub,https://mes-bons-plans.fr/zumub,2026-06-23
www.metiersdart-artisanat.com,Cuisine en bois de palette : les 7 idées pour réussir l'aménagement,cuisine bois palette,https://www.metiersdart-artisanat.com/cuisine-en-bois-de-palette,2026-06-23
www.metiersdart-artisanat.com,Le bon coin : les 5 astuces pour bien équiper la maison,bon coin,https://www.metiersdart-artisanat.com/le-bon-coin,2026-06-23
www.metiersdart-artisanat.com,Papado : la lunette de toilette clipsable qui a tout changé dans la salle de bain,papado,https://www.metiersdart-artisanat.com/papado-la-lunette-de-toilette-clipsable-qui-a-tout-change-dans-la-salle-de-bain,2026-06-23
www.metiersdart-artisanat.com,Photo poêle à bois dans salon : les inspirations pour un aménagement moderne,poêle bois salon,https://www.metiersdart-artisanat.com/photo-poele-a-bois-dans-salon,2026-06-23
www.mittelwihr.eu,Bouture de forsythia : méthodes et timing pour multiplier l'arbuste,bouture forsythia,https://www.mittelwihr.eu/bouture-forsythia,2026-06-23
www.monconseillerimmo.com,Acheter une maison en Andorre pour investir : rentabilité réelle en 2026 - Mon Conseiller Immo,maison andorre investir,https://www.monconseillerimmo.com/acheter-une-maison-en-andorre-pour-investir-rentabilite-reelle-en-2026,2026-06-23
www.monde-immobilier.com,Trouver une petite maison avec jardin à louer particulier 76 quand on a des animaux - Monde Immobilier,petite maison jardin,https://www.monde-immobilier.com/trouver-une-petite-maison-avec-jardin-a-louer-particulier-76-quand-on-a-des-animaux,2026-06-23
www.passerellesud.org,Dégât des eaux : démarches à suivre pour une déclaration efficace - Passerelle Sud,dégât eaux,https://www.passerellesud.org/degat-des-eaux-demarches-a-suivre-pour-une-declaration-efficace,2026-06-23
www.personacourtage.fr,Private equity : quelle place pour les entreprises non cotées dans une stratégie patrimoniale ? | Persona Courtage,private equity,https://www.personacourtage.fr/private-equity-place-pour-entreprises-non-cotees-strategie-patrimoniale,2026-06-23
www.pole-immo.fr,Proposition pour achat maison refusée : comment rebondir intelligemment ? - Pôle Immo,achat maison refusée,https://www.pole-immo.fr/proposition-pour-achat-maison-refusee-comment-rebondir-intelligemment,2026-06-23
www.portail-immobilier.fr,HabitatFuturVert.fr DPE : ce que les vendeurs immobiliers doivent savoir - Portail Immobilier,habitatfuturvert fr dpe,https://www.portail-immobilier.fr/habitatfuturvert-fr-dpe-ce-que-les-vendeurs-immobiliers-doivent-savoir,2026-06-23
www.rouxel-immo.fr,Louer son bien sans angoisser : les vrais leviers pour sécuriser ses revenus locatifs - Rouxel Immobilier,son sans angoisser,https://www.rouxel-immo.fr/securiser-ses-revenus-locatifs,2026-06-23
www.systemes-ceramiques.org,Amenagement petite salle d'eau : les 10 astuces pour optimiser l'espace,amenagement petite salle,https://www.systemes-ceramiques.org/amenagement-petite-salle-deau,2026-06-23
www.systemes-ceramiques.org,Faire table avec palette : la méthode simple pour un meuble sécurisé,faire table palette,https://www.systemes-ceramiques.org/faire-table-avec-palette,2026-06-23
www.systemes-ceramiques.org,Simagri : Les étapes indispensables pour gérer une exploitation agricole réaliste,simagri,https://www.systemes-ceramiques.org/simagri,2026-06-23
www.tout-immo.net,Investissement locatif à Nogent sur Marne : quartiers rentables en 2026 - Tout Immo,investissement locatif nogent,https://www.tout-immo.net/investissement-locatif-a-nogent-sur-marne-quartiers-rentables-en-2026,2026-06-23
www.tropheesdelamaison.com,Idee déco mur cage escalier style industriel pour un esprit loft à la maison - Les Trophées de la Maison,industriel esprit loft,https://www.tropheesdelamaison.com/idee-deco-mur-cage-escalier-style-industriel-pour-un-esprit-loft-a-la-maison,2026-06-23
www.tropheesdelamaison.com,Top 4 des entreprises incontournables pour installer des panneaux solaires dans le Var - Les Trophées de la Maison,installer panneaux solaires,https://www.tropheesdelamaison.com/top-4-des-entreprises-incontournables-pour-installer-des-panneaux-solaires-dans-le-var,2026-06-23
www.usineadesign.com,Recette insecticide huile de colza : la solution naturelle contre les pucerons,insecticide huile colza,https://www.usineadesign.com/recette-insecticide-huile-de-colza,2026-06-23
www.valeurscorporate.fr,▷ La chaîne de valeur de Porter : boostez votre avantage,chaîne valeur porter,https://www.valeurscorporate.fr/chaine-de-valeur-porter,2026-06-23
www.valeurscorporate.fr,Sport en entreprise : créer un vrai programme RH,sport entreprise,https://www.valeurscorporate.fr/sport-entreprise-programme-rh,2026-06-23
www.ventes-immobilieres.org,Astuce pour vendre avec un PTZ en location : ce que la loi autorise vraiment - Ventes Immo,astuce vendre ptz,https://www.ventes-immobilieres.org/astuce-pour-vendre-avec-un-ptz-en-location-ce-que-la-loi-autorise-vraiment,2026-06-23
www.visiter-bordeaux.eu,ASM Romagnat bat Blagnac et file en finale Elite 1 féminine contre Bordeaux,féminine contre bordeaux,https://www.visiter-bordeaux.eu/asm-romagnat-qualifie-finale,2026-06-23
www.vudailleurs.com,Approches intégratives et TDAH enfant,intégratives tdah enfant,https://www.vudailleurs.com/approches-integratives-tdah-enfant-nutrition,2026-06-23
www.vudailleurs.com,Padovani et Paolettoni lancent la danse adaptée à la Timone,padovani paolettoni lancent,https://www.vudailleurs.com/danse-adaptee-oncologie-pediatrique-timone,2026-06-23
www.vudailleurs.com,Entretien et réparation de matériel de motoculture,réparation matériel motoculture,https://www.vudailleurs.com/entretien-reparation-materiel-motoculture,2026-06-23
www.vudailleurs.com,Incendies d’églises : une hausse alarmante en France,incendies églises,https://www.vudailleurs.com/incendies-volontaires-eglises-france-2024,2026-06-23
www.vudailleurs.com,"Le rêve français, une idée qui refuse de mourir",rêve français idée,https://www.vudailleurs.com/reve-francais-idee-qui-refuse-de-mourir,2026-06-23
