domain,title,keyword_keybert,url,detected_on
123-deco.fr,Idées pratiques pour aménager une cuisine allongée - 132-deco.fr,pratiques aménager cuisine,https://123-deco.fr/amenagement-cuisine-allongee,2026-09-28
123-deco.fr,22 idées inspirantes pour réaménager votre sous-sol - 132-deco.fr,inspirantes réaménager votre,https://123-deco.fr/idees-reamenagement-sous-sol,2026-09-28
123-deco.fr,Renouvelez votre jardin : idées accessibles pour tous - 132-deco.fr,renouvelez votre jardin,https://123-deco.fr/renovation-jardin-accessible,2026-09-28
appart-garden.com,✨ Comment retirer une rustine sur un spa gonflable facilement ? 💧,rustine spa gonflable,https://appart-garden.com/enlever-rustine-spa-gonflable,2026-09-28
appart-garden.com,🌍 Astuces pour poser une carte murale facilement 🖼️,carte murale facilement,https://appart-garden.com/mettre-map-mur,2026-09-28
archilibre.org,Tableau électrique conforme : les repères essentiels avant achat,tableau électrique conforme,https://archilibre.org/tableau-electrique-conforme-les-reperes-essentiels-avant-achat,2026-09-28
art-pluriel.fr,Chatière pour baie vitrée en 2026 : le guide pour bien choisir,chatière baie vitrée,https://art-pluriel.fr/chatiere-baie-vitree,2026-09-28
art-pluriel.fr,Lit bubble : tendances et conseils pour adopter ce lit iconique dans votre chambre - Art Pluriel,lit bubble,https://art-pluriel.fr/lit-bubble-tendances-et-conseils,2026-09-28
artisan-conseils.fr,Des mesures idéales pour un bain confortable - Artisan-conseils.fr,mesures idéales bain,https://artisan-conseils.fr/mesures-ideales-salle-de-bain,2026-09-28
artisan-conseils.fr,Créez vos propres panneaux décoratifs en bois - Artisan-conseils.fr,panneaux décoratifs bois,https://artisan-conseils.fr/panneaux-decoratifs-en-bois,2026-09-28
audricdecock.fr,Aménager les espaces extérieurs d'une collectivité pour le confort des usagers,espaces extérieurs collectivité,https://audricdecock.fr/amenager-les-espaces-exterieurs-dune-collectivite-pour-le-confort-des-usagers,2026-09-28
batiment-actualites.fr,Aménagez un bureau minimaliste avec un coin de travail chic - batiment-actualites.fr,bureau minimaliste coin,https://batiment-actualites.fr/amenagement-bureau-minimaliste,2026-09-28
batiment-actualites.fr,"Découvrez le plan de maison Frasier, un chalet chaleureux - batiment-actualites.fr",frasier chalet chaleureux,https://batiment-actualites.fr/plan-maison-chalet-frasier,2026-09-28
ccae.fr,La Carte des Colocs : Avis et Conseils pour Réussir sa Colocation ! 🏡,carte colocs,https://ccae.fr/la-carte-des-colocs,2026-09-28
cerclemediateursbancaires.fr,"C'est officiel pour le chèque énergie 2026 : jusqu'à 277 € peuvent tomber dans votre boîte aux lettres, sans aucune démarche, mais pas chez tout le monde - CMB",est officiel chèque,https://cerclemediateursbancaires.fr/cest-officiel-pour-le-cheque-energie-2026-jusqua-277-e-peuvent-tomber-dans-votre-boite-aux-lettres-sans-aucune-demarche-mais-pas-chez-tout-le-monde,2026-09-28
cerclemediateursbancaires.fr,"Je vérifiais mon relevé de points Agirc-Arrco chaque année sans y penser : le jour où j'ai appelé la caisse, j'ai compris ce que je risquais - CMB",vérifiais mon relevé,https://cerclemediateursbancaires.fr/je-verifiais-mon-releve-de-points-agirc-arrco-chaque-annee-sans-y-penser-le-jour-ou-jai-appele-la-caisse-jai-compris-ce-que-je-risquais,2026-09-28
cerclemediateursbancaires.fr,"Mon dossier de rachat de trimestres a été refusé en mars : ce que la caisse m'a répondu, personne ne me l'avait dit - CMB",été refusé mars,https://cerclemediateursbancaires.fr/mon-dossier-de-rachat-de-trimestres-a-ete-refuse-en-mars-ce-que-la-caisse-ma-repondu-personne-ne-me-lavait-dit,2026-09-28
cerclemediateursbancaires.fr,Plus personne ne craque pour les formats familiaux : voici ce que les habitués vérifient en rayon - CMB,craque formats familiaux,https://cerclemediateursbancaires.fr/plus-personne-ne-craque-pour-les-formats-familiaux-voici-ce-que-les-habitues-verifient-en-rayon,2026-09-28
cerclemediateursbancaires.fr,Plus personne ne paie le diagnostic amiante avant de vendre : voici ce que le notaire vérifie d'abord - CMB,amiante avant vendre,https://cerclemediateursbancaires.fr/plus-personne-ne-paie-le-diagnostic-amiante-avant-de-vendre-voici-ce-que-le-notaire-verifie-dabord,2026-09-28
cgt-76.fr,"Âne Nain : Élevage, Prix et Conseils d’Adoption à Connaitre 🐾",âne nain,https://cgt-76.fr/ane-nain,2026-09-28
cgt-76.fr,"Mites de Poussière : Comment Identifier, Traiter et Prévenir ? 🕵️‍♂️",mites poussière,https://cgt-76.fr/mites-de-poussiere,2026-09-28
chantier-expert.fr,Coloriages d'art à imprimer pour se détendre - Chantier-expert.fr,imprimer se détendre,https://chantier-expert.fr/coloriages-art-a-imprimer,2026-09-28
chantier-expert.fr,Téléchargez des coloriages inspirants d'œuvres d'art - Chantier-expert.fr,téléchargez coloriages inspirants,https://chantier-expert.fr/coloriages-oeuvres-art-telechargement,2026-09-28
chantier-expert.fr,Inspirez-vous d'un café espagnol chez vous - Chantier-expert.fr,inspirez vous café,https://chantier-expert.fr/deco-style-cafe-espagnol,2026-09-28
chantier-expert.fr,Découvrez comment intégrer des tableaux animaux dans votre intérieur - Chantier-expert.fr,tableaux animaux votre,https://chantier-expert.fr/tableaux-aquatiques-decoration-interieure,2026-09-28
deco-et-vous.fr,Aménagez votre bureau pratique même dans un petit espace - Deco-et-vous.fr,aménagez votre bureau,https://deco-et-vous.fr/bureau-pratique-petits-espaces,2026-09-28
deco-et-vous.fr,Découvrez des idées de chambres bohèmes pour un intérieur stylé - Deco-et-vous.fr,bohèmes intérieur stylé,https://deco-et-vous.fr/idees-chambres-boheme-deco,2026-09-28
deco-et-vous.fr,Idées cosy pour un salon style bohème moderne - Deco-et-vous.fr,bohème moderne,https://deco-et-vous.fr/idees-salon-boheme-moderne,2026-09-28
deco-habitat-mag.fr,Choisir le revêtement de sol parfait pour votre intérieur - deco-habitat-mag.fr,choisir revêtement sol,https://deco-habitat-mag.fr/choisir-revetement-sol-interieur,2026-09-28
deco-habitat-mag.fr,25 idées de sols en béton alliant style industriel et chic - deco-habitat-mag.fr,alliant style industriel,https://deco-habitat-mag.fr/idees-sols-beton-industriel-chic,2026-09-28
deco-habitat-mag.fr,Le meilleur revêtement PVC : parquet et carrelage à découvrir - deco-habitat-mag.fr,meilleur revêtement pvc,https://deco-habitat-mag.fr/meilleur-revetement-pvc-parquet-carrelage,2026-09-28
deco-habitat-mag.fr,Revêtement de sol stratifié étanche : le choix malin - deco-habitat-mag.fr,sol stratifié étanche,https://deco-habitat-mag.fr/revetement-sol-stratifie-etanche,2026-09-28
deco-habitat-mag.fr,Les tendances de revêtement de sol à adopter en 2023 - deco-habitat-mag.fr,adopter 2023,https://deco-habitat-mag.fr/tendances-revetement-sol-2023,2026-09-28
deco-habitat-mag.fr,"Test du stratifié : résistance et anti-rayures, vraiment ? - deco-habitat-mag.fr",test stratifié,https://deco-habitat-mag.fr/test-stratifie-resistance-anti-rayures,2026-09-28
deco-interieur-conseil.fr,Chambre à coucher beige : la tendance douillette et apaisante - Deco-interieur-conseil.fr,chambre coucher beige,https://deco-interieur-conseil.fr/chambres-a-coucher-beige,2026-09-28
deco-interieur-conseil.fr,Laissez-vous envoûter par la magie de la lavande - Deco-interieur-conseil.fr,laissez vous envoûter,https://deco-interieur-conseil.fr/couleur-lavande-deco-inspirations,2026-09-28
deco-interieur-conseil.fr,Évadez-vous dans les nuances de lavande et les rêves villageois - Deco-interieur-conseil.fr,lavande rêves villageois,https://deco-interieur-conseil.fr/deco-lavande-village-apaisant,2026-09-28
deco-interieur-conseil.fr,Découvrez comment intégrer la tendance lavande chez vous - Deco-interieur-conseil.fr,tendance lavande chez,https://deco-interieur-conseil.fr/lavande-couleur-tendance-deco,2026-09-28
deco-interieur-conseil.fr,Palette lilas et lavande : une déco douce et tendance - Deco-interieur-conseil.fr,palette lilas lavande,https://deco-interieur-conseil.fr/palette-lilas-lavande-deco-tendance,2026-09-28
deco-interieur-conseil.fr,Découvrez comment préparer une délicieuse eau de lavande - Deco-interieur-conseil.fr,délicieuse eau lavande,https://deco-interieur-conseil.fr/recette-eau-lavande,2026-09-28
decolux-maison.fr,19 idées inspirantes pour le carrelage et les margelles de piscine - decolux-maison.fr,carrelage margelles piscine,https://decolux-maison.fr/idees-carrelage-margelles-piscine,2026-09-28
decolux-maison.fr,L'îlot piscine idéal pour votre jardin : inspirations et astuces - decolux-maison.fr,idéal votre jardin,https://decolux-maison.fr/ilot-piscine-jardin-idees,2026-09-28
decolux-maison.fr,Créer un jardin désertique moderne au bord de la piscine - decolux-maison.fr,moderne bord piscine,https://decolux-maison.fr/jardin-desertique-piscine-moderne,2026-09-28
decolux-maison.fr,Découvrez des idées de piscines à courant pour sublimer votre extérieur - decolux-maison.fr,piscines courant sublimer,https://decolux-maison.fr/piscines-courant-design-chic,2026-09-28
decolux-maison.fr,Des piscines de rêve pour un été parfait chez soi - decolux-maison.fr,piscines rêve été,https://decolux-maison.fr/piscines-design-luxe-jardin,2026-09-28
decolux-maison.fr,Des idées élégantes pour une piscine moderne dans votre jardin - decolux-maison.fr,élégantes piscine moderne,https://decolux-maison.fr/piscines-modernes-jardin-decoration-luxe,2026-09-28
diore-immobilier.fr,Mérule sur pierre : risques et traitement adapté,mérule pierre,https://diore-immobilier.fr/merule-sur-pierre,2026-09-28
domeus-constructions.fr,Combien De M³ De Gravier Pour 100 M² ?,combien m³ gravier,https://domeus-constructions.fr/combien-m3-gravier-100m2,2026-09-28
favrat-ossature-bois.fr,"Raccord Rapide Eau : Comment Choisir, Installer Et éviter Les Fuites ?",raccord rapide eau,https://favrat-ossature-bois.fr/raccord-rapide-eau-choisir-installer-fuite,2026-09-28
fenrifoyer.fr,Paysagistes connus : les grandes figures qui ont transformé notre rapport au paysage,paysagistes connus,https://fenrifoyer.fr/paysagistes-connus-les-grandes-figures-qui-ont-transforme-notre-rapport-au-paysage,2026-09-28
fenrifoyer.fr,Quel bois pour votre porte de grange ?,votre porte grange,https://fenrifoyer.fr/quel-bois-pour-votre-porte-de-grange,2026-09-28
foyerlumina.fr,France Habitat Solaire : le solaire pour tous en France,france habitat solaire,https://foyerlumina.fr/france-habitat-solaire-le-solaire-pour-tous-en-france,2026-09-28
foyerluxuria.fr,Robot tondeuse Cramer : avis sur la tonte intelligente et robuste,robot tondeuse cramer,https://foyerluxuria.fr/robot-tondeuse-cramer-avis-sur-la-tonte-intelligente-et-robuste,2026-09-28
habitat-infos.fr,Aménager une terrasse en verre : idées pratiques - Habitat-infos.fr,aménager terrasse verre,https://habitat-infos.fr/amenagement-terrasse-en-verre,2026-09-28
habitat-infos.fr,20 idées pour décorer un petit balcon en 2024 - Habitat-infos.fr,décorer petit balcon,https://habitat-infos.fr/decoration-petits-balcons-2024,2026-09-28
habitat-infos.fr,17 idées de terrasse sur le toit pour une décoration inspirante - Habitat-infos.fr,terrasse toit décoration,https://habitat-infos.fr/idees-terrasse-toit-deco,2026-09-28
habitat-infos.fr,Astuces pour un petit jardin cosy et accueillant - Habitat-infos.fr,jardin cosy accueillant,https://habitat-infos.fr/petit-jardin-cosy-idees,2026-09-28
habitat-infos.fr,Idées de plafonds en planches décoratives pour votre véranda - Habitat-infos.fr,décoratives votre véranda,https://habitat-infos.fr/plafonds-de-veranda-en-planches,2026-09-28
habitat-infos.fr,Comment choisir les sièges parfaits pour votre salon - Habitat-infos.fr,sièges parfaits votre,https://habitat-infos.fr/sieges-parfaits-salon,2026-09-28
habitat.immo,4 compétences clés pour travailler dans l'immobilier en 2026,compétences clés travailler,https://habitat.immo/competences-cles-pour-reussir-dans-metiers-immobilier,2026-09-28
harmonie-maison.fr,Crotte de loir : comment reconnaître et gérer ce signe chez vous - Harmonie Maison,crotte loir,https://harmonie-maison.fr/crotte-de-loir,2026-09-28
harmonie-maison.fr,Jefco : pourquoi ce service change la donne pour vos projets - Harmonie Maison,jefco,https://harmonie-maison.fr/jefco,2026-09-28
horizons-patrimoine.fr,Pourquoi piloter sa trésorerie avec un logiciel spécialisé ?,trésorerie logiciel spécialisé,https://horizons-patrimoine.fr/entreprise/pourquoi-piloter-sa-tresorerie-avec-un-logiciel-specialise,2026-09-28
horizons-patrimoine.fr,Châteaudun : les quartier à éviter en 2026,châteaudun,https://horizons-patrimoine.fr/immobilier/chateaudun-les-quartier-a-eviter,2026-09-28
horizons-patrimoine.fr,Récupérer sa caution après 10 ans de location : guide complet,récupérer sa caution,https://horizons-patrimoine.fr/immobilier/recuperer-sa-caution-apres-10-ans-de-location-guide-complet,2026-09-28
immo-libre.fr,"Maison avec toit en bac acier : avantages, inconvénients et prix",maison toit bac,https://immo-libre.fr/maison-toit-bac-acier,2026-09-28
immo-patrimoine-conseil.fr,Découvrez la beauté des villages français à vélo - Immo-patrimoine-conseil.fr,beauté villages français,https://immo-patrimoine-conseil.fr/balade-a-velo-villages-francais,2026-09-28
immo-patrimoine-conseil.fr,Comment financer votre rénovation de maison efficacement - Immo-patrimoine-conseil.fr,rénovation maison efficacement,https://immo-patrimoine-conseil.fr/financer-renovation-maison,2026-09-28
immo-patrimoine-conseil.fr,Explorez une maison victorienne à Londres - Immo-patrimoine-conseil.fr,maison victorienne londres,https://immo-patrimoine-conseil.fr/maison-victorienne-londres,2026-09-28
immo-patrimoine-conseil.fr,Les évolutions des prix immobiliers dans les marchés en pleine bulle - Immo-patrimoine-conseil.fr,évolutions prix immobiliers,https://immo-patrimoine-conseil.fr/prix-immobilier-bulles-marche,2026-09-28
immo-patrimoine-conseil.fr,Rénovation de maison de terrasse des années 1900 : Guide essentiel - Immo-patrimoine-conseil.fr,rénovation maison terrasse,https://immo-patrimoine-conseil.fr/renovation-maison-terrasse-ancienne,2026-09-28
immo-patrimoine-conseil.fr,Avant/après : transformation d'un deux-pièces à couper le souffle - Immo-patrimoine-conseil.fr,avant après,https://immo-patrimoine-conseil.fr/transformation-deux-pieces-renovation,2026-09-28
immobilier-tout-savoir.fr,Offre d’achat : les étapes clés pour accepter sereinement 🏡✅,offre achat,https://immobilier-tout-savoir.fr/accepter-offre-achat,2026-09-28
interiora-style.fr,Des cuisines bohèmes petites et charmantes - Interiora-style.fr,cuisines bohèmes petites,https://interiora-style.fr/cuisines-boheme-petites-attractives,2026-09-28
interiora-style.fr,Comment intégrer la brique dans votre décor intérieur ? - Interiora-style.fr,brique votre décor,https://interiora-style.fr/deco-interieur-mur-brique,2026-09-28
interiora-style.fr,Apportez la fraîcheur du printemps dans votre intérieur - Interiora-style.fr,fraîcheur printemps votre,https://interiora-style.fr/deco-printemps-fraicheur-interieur,2026-09-28
interiora-style.fr,Créez une atmosphère naturelle dans votre salon - Interiora-style.fr,naturelle votre salon,https://interiora-style.fr/energie-naturelle-salon,2026-09-28
interiora-style.fr,Tierra Café : Créez un univers chic et chaleureux - Interiora-style.fr,tierra café,https://interiora-style.fr/espace-cafe-chic-chaleureux,2026-09-28
interiora-style.fr,Revêtement de cuisine : 5 idées pour vous inspirer - Interiora-style.fr,revêtement cuisine,https://interiora-style.fr/revetement-cuisine-idees-inspiration,2026-09-28
isolationcombles.fr,Isolation des combles en Île-de-France : aides financières 2026,combles île france,https://isolationcombles.fr/financer-isolation-combles/aides-financieres-pour-lisolation-des-combles-en-ile-de-france-en-2026,2026-09-28
jardinerlaville.fr,Quel engrais choisir pour un palmier ? | Jardiner la Ville,engrais choisir palmier,https://jardinerlaville.fr/engrais-pour-palmier,2026-09-28
lebureaudelimmo.fr,Comment une simulation de prêt immobilier compare-t-elle vraiment un taux fixe à un taux variable ? - Bureau de l'immo,vraiment taux fixe,https://lebureaudelimmo.fr/comment-une-simulation-de-pret-immobilier-compare-t-elle-vraiment-un-taux-fixe-a-un-taux-variable,2026-09-28
loco-immo.fr,Les quartiers à éviter à Poissy,quartiers éviter poissy,https://loco-immo.fr/les-quartiers-a-eviter-a-poissy,2026-09-28
ma-maison-pratique.fr,Créez votre jardin de rêve avec ces astuces DIY - ma-maison-pratique.fr,votre jardin rêve,https://ma-maison-pratique.fr/astuces-diy-jardin,2026-09-28
ma-maison-pratique.fr,Créez un patio en pavés pour profiter du soleil - ma-maison-pratique.fr,pavés profiter soleil,https://ma-maison-pratique.fr/creer-un-patio-en-paves,2026-09-28
ma-maison-pratique.fr,10 idées de parterres de fleurs en briques pour embellir votre jardin - ma-maison-pratique.fr,parterres fleurs briques,https://ma-maison-pratique.fr/idees-parterres-fleurs-briques,2026-09-28
maison-deco-design.fr,Aménagement de petits appartements : solutions pratiques - Maison-deco-design.fr,aménagement petits appartements,https://maison-deco-design.fr/amenagement-petits-appartements-astuces,2026-09-28
maison-deco-design.fr,Embellissez vos murs avec du papier peint tendance - Maison-deco-design.fr,papier peint tendance,https://maison-deco-design.fr/papier-peint-decoration-interieure,2026-09-28
maison-deco-design.fr,Le style Japandi : 3 objets indispensables pour votre intérieur - Maison-deco-design.fr,style japandi,https://maison-deco-design.fr/style-japandi-3-objets-essentiels,2026-09-28
maison-entretien.com,Astuce : Installer une moustiquaire sur votre volet roulant,astuce,https://maison-entretien.com/installer-moustiquaire-volet,2026-09-28
maisondulcia.fr,Fabriquer une barre de sécurité pour porte : le guide complet,barre sécurité porte,https://maisondulcia.fr/fabriquer-une-barre-de-securite-pour-porte-le-guide-complet,2026-09-28
maisondulcia.fr,Faire germer des graines de palmier : guide complet,germer graines palmier,https://maisondulcia.fr/faire-germer-des-graines-de-palmier-guide-complet,2026-09-28
maisonfjord.fr,Débroussailleuse : les critères essentiels avant d’acheter,débroussailleuse,https://maisonfjord.fr/debroussailleuse-les-criteres-essentiels-avant-dacheter,2026-09-28
maisonfjord.fr,Relooker un buffet Henri II : nos conseils experts,relooker buffet henri,https://maisonfjord.fr/relooker-un-buffet-henri-ii-nos-conseils-experts,2026-09-28
maisonfloralis.fr,Relooking meuble : osez la peinture en 2 couleurs,relooking meuble,https://maisonfloralis.fr/relooking-meuble-osez-la-peinture-en-2-couleurs,2026-09-28
maisonluminea.fr,Miscanthus en haie : avantages et avis complet,miscanthus haie,https://maisonluminea.fr/miscanthus-en-haie-avantages-et-avis-complet,2026-09-28
maizhome.fr,Landscape architecture à Paris : découvrir l’art du paysage urbain,landscape architecture paris,https://maizhome.fr/landscape-architecture-a-paris-decouvrir-lart-du-paysage-urbain,2026-09-28
maizhome.fr,Relooker une chaise en bois : étapes et idées,relooker chaise bois,https://maizhome.fr/relooker-une-chaise-en-bois-etapes-et-idees,2026-09-28
maizhome.fr,Transition énergétique en PACA : les solutions accessibles aux particuliers,transition énergétique paca,https://maizhome.fr/transition-energetique-en-paca-les-solutions-accessibles-aux-particuliers,2026-09-28
micado-france.fr,"Porte D'entrée Rénovation : Solutions, Prix Et Conseils Pour Bien Choisir",porte entrée rénovation,https://micado-france.fr/porte-entree-renovation-pose-depose-totale,2026-09-28
miui-france.org,Android 6.0 Marshmallow n'est plus supporté par Google : quelles options pour les utilisateurs de smartphones anciens ? | Miui-france.org,android marshmallow est,https://www.miui-france.org/android-6-marshmallow-google,2026-09-28
miui-france.org,Astuce Hay Day sur MIUI : optimiser son Xiaomi,astuce hay day,https://www.miui-france.org/astuce-hay-day,2026-09-28
miui-france.org,Marvel : une actrice dénonce l'oubli de la série Agents du SHIELD avec colère | Miui-france.org,marvel,https://www.miui-france.org/marvel-une-actrice-denonce-loubli-de-la-serie-agents-du-shield-avec-colere,2026-09-28
miui-france.org,Mary Poppins revisité : une série inquiétante et surprenante en production | Miui-france.org,mary poppins revisité,https://www.miui-france.org/mary-poppins-revisite-une-serie-inquietante-et-surprenante-en-production,2026-09-28
miui-france.org,android 6.0 marshmallow Archives | Miui-france.org,android marshmallow archives,https://www.miui-france.org/tag/android-6-0-marshmallow,2026-09-28
miui-france.org,fin du support google Archives | Miui-france.org,support google archives,https://www.miui-france.org/tag/fin-du-support-google,2026-09-28
miui-france.org,mise à jour android Archives | Miui-france.org,jour android archives,https://www.miui-france.org/tag/mise-a-jour-android,2026-09-28
miui-france.org,options utilisateurs android Archives | Miui-france.org,utilisateurs android archives,https://www.miui-france.org/tag/options-utilisateurs-android,2026-09-28
miui-france.org,smartphones anciens Archives | Miui-france.org,smartphones anciens archives,https://www.miui-france.org/tag/smartphones-anciens,2026-09-28
monhabitoo.fr,Comment nettoyer une paroi de douche en plexiglas,paroi douche plexiglas,https://monhabitoo.fr/comment-nettoyer-une-paroi-de-douche-en-plexiglas,2026-09-28
monimmeuble.com,Clubs de Monimmeuble.com : le bulletin des abonnés de septembre,clubs monimmeuble com,https://monimmeuble.com/actualite/clubs-de-monimmeuble-com-le-bulletin-des-abonnes-numero-66-est-disponible,2026-09-28
monimmeuble.com,Épargne des Français : 1 sur 2 a bloqué ses décisions en 2026,épargne français,https://monimmeuble.com/actualite/epargne-des-francais-1-sur-2-a-bloque-ses-decisions-en-2026,2026-09-28
monimmeuble.com,Fin du gaz dans le neuf : Coénove dénonce une interdiction dogmatique,fin gaz neuf,https://monimmeuble.com/actualite/fin-du-gaz-dans-le-neuf-coenove-denonce-une-interdiction-dogmatique,2026-09-28
monimmeuble.com,Rénovation énergétique : l'ISEEER forme et réunit tous les pros du bâtiment,rénovation énergétique,https://monimmeuble.com/actualite/renovation-energetique-liseeer-forme-et-reunit-tous-les-pros-du-batiment,2026-09-28
needl.fr,"Louer son appartement à Paris : courte, moyenne ou longue durée, quelle formule choisir ? - Needl",son appartement paris,https://needl.fr/louer-son-appartement-a-paris-courte-moyenne-ou-longue-duree-quelle-formule-choisir,2026-09-28
publicimmo.com,L'assurance habitation reste obligatoire pour le locataire étudiant - Public Immo,assurance habitation reste,https://publicimmo.com/lassurance-habitation-reste-obligatoire-pour-le-locataire-etudiant,2026-09-28
renovation-conseils.fr,21 couronnes florales à réaliser soi-même pour embellir votre jardin - Renovation-conseils.fr,couronnes florales réaliser,https://renovation-conseils.fr/couronnes-florales-diy-jardin,2026-09-28
stid-france.fr,"What Is GF Qiuyakghmiz Ltd : Activités, Dirigeants et Statuts ? 🚀",gf qiuyakghmiz ltd,https://stid-france.fr/what-is-gf-qiuyakghmiz-ltd,2026-09-28
top-maison-confort.fr,20 idées créatives pour aménager votre salon avec un canapé d'angle - top-maison-confort.fr,aménager votre salon,https://top-maison-confort.fr/amenagement-salon-canape-angle,2026-09-28
top-maison-confort.fr,Maîtriser l'éclairage de votre cuisine en 3 zones - top-maison-confort.fr,votre cuisine zones,https://top-maison-confort.fr/eclairage-zones-cuisine,2026-09-28
top-maison-confort.fr,15 idées d'éclairage pour un salon chaleureux et accueillant - top-maison-confort.fr,salon chaleureux accueillant,https://top-maison-confort.fr/idees-eclairage-salon-accueillant,2026-09-28
top-maison-confort.fr,Aménager votre salle de bain minimaliste avec éclairage LED - top-maison-confort.fr,minimaliste éclairage led,https://top-maison-confort.fr/salle-de-bain-minimaliste-eclairage-led,2026-09-28
topelevation.fr,"Nouveau départ, travaux ou cartons en trop : faites respirer votre transition avec un garde-meuble à Toulouse - Top Elevation",nouveau départ travaux,https://topelevation.fr/maison/garde-meuble-toulouse-transition,2026-09-28
travaux-astuces.fr,Transformez votre salle de bain : 20 avant-après inspirants - Travaux-astuces.fr,transformez votre salle,https://travaux-astuces.fr/renovation-salle-de-bain-avant-apres,2026-09-28
travaux-magazine.fr,Transformez votre chambre avec des panneaux en bois Akupanel - Travaux-magazine.fr,panneaux bois akupanel,https://travaux-magazine.fr/chambre-panneaux-bois-akupanel,2026-09-28
travaux-magazine.fr,24 inspirations pour une chambre taupe et beige - Travaux-magazine.fr,inspirations chambre taupe,https://travaux-magazine.fr/chambre-taupe-beige-inspirations,2026-09-28
travaux-magazine.fr,Trouvez l'inspiration avec ces chambres bleu nuit élégantes - Travaux-magazine.fr,bleu nuit élégantes,https://travaux-magazine.fr/chambres-bleu-nuit-inspiration,2026-09-28
travaux-magazine.fr,Peindre sa chambre : 5 conseils essentiels à connaître - Travaux-magazine.fr,peindre sa chambre,https://travaux-magazine.fr/conseils-peinture-chambre,2026-09-28
travaux-magazine.fr,Comment enduire vos murs à la chaux pour un intérieur chaleureux - Travaux-magazine.fr,chaux intérieur chaleureux,https://travaux-magazine.fr/enduire-murs-chaux,2026-09-28
travaux-magazine.fr,20 idées déco peinture pour une chambre parentale moderne - Travaux-magazine.fr,chambre parentale moderne,https://travaux-magazine.fr/idees-peinture-chambre-parentale-moderne,2026-09-28
travaux-specialistes.fr,Transformez votre intérieur avec des fenêtres végétales - Travaux-specialistes.fr,intérieur fenêtres végétales,https://travaux-specialistes.fr/fenetres-vegetales-deco-interieur,2026-09-28
travaux-specialistes.fr,Photos de projets résidentiels inspirants - Travaux-specialistes.fr,photos projets résidentiels,https://travaux-specialistes.fr/photos-projets-residentiels,2026-09-28
travaux-specialistes.fr,Stylisez votre entrée avec des portails en fer élégants - Travaux-specialistes.fr,stylisez votre entrée,https://travaux-specialistes.fr/portails-fer-entree-maison,2026-09-28
travaux-specialistes.fr,Rénovez un vieux meuble avec la peinture Rust-Oleum - Travaux-specialistes.fr,peinture rust oleum,https://travaux-specialistes.fr/renovation-meuble-bois-rustoleum,2026-09-28
travaux-specialistes.fr,Transformer une vieille bouilloire en un objet déco chic - Travaux-specialistes.fr,transformer vieille bouilloire,https://travaux-specialistes.fr/transformer-vieille-bouilloire,2026-09-28
www.3ehabitat.fr,Combien coûte un contrat d’entretien pour une pompe à chaleur air eau ? - 3e habitat,pompe chaleur air,https://www.3ehabitat.fr/combien-coute-un-contrat-dentretien-pour-une-pompe-a-chaleur-air-eau,2026-09-28
www.3ehabitat.fr,Comment bien choisir sa couette pour un sommeil confortable toute l’année - 3e habitat,couette sommeil confortable,https://www.3ehabitat.fr/comment-bien-choisir-sa-couette-pour-un-sommeil-confortable-toute-lannee,2026-09-28
www.3ehabitat.fr,Comment faire du repassage à domicile efficacement ? - 3e habitat,repassage domicile efficacement,https://www.3ehabitat.fr/comment-faire-du-repassage-a-domicile-efficacement,2026-09-28
www.3ehabitat.fr,Femme de ménage à domicile : que disent vraiment les avis ? - 3e habitat,femme ménage domicile,https://www.3ehabitat.fr/femme-de-menage-a-domicile-que-disent-vraiment-les-avis,2026-09-28
www.3ehabitat.fr,Ménage à domicile à Metz : comment trouver la bonne prestation - 3e habitat,ménage domicile metz,https://www.3ehabitat.fr/menage-a-domicile-a-metz-comment-trouver-la-bonne-prestation,2026-09-28
www.3ehabitat.fr,Pompe à chaleur air eau pour 100 m2 : quel prix demander ? - 3e habitat,pompe chaleur air,https://www.3ehabitat.fr/pompe-a-chaleur-air-eau-pour-100-m2-quel-prix-demander,2026-09-28
www.3ehabitat.fr,Quel budget prévoir pour une pompe à chaleur en immeuble collectif ? - 3e habitat,quel budget prévoir,https://www.3ehabitat.fr/quel-budget-prevoir-pour-une-pompe-a-chaleur-en-immeuble-collectif,2026-09-28
www.3ehabitat.fr,Quel est le prix de la pompe à chaleur De Dietrich Alezio ? - 3e habitat,est prix pompe,https://www.3ehabitat.fr/quel-est-le-prix-de-la-pompe-a-chaleur-de-dietrich-alezio,2026-09-28
www.3ehabitat.fr,Quel tarif prévoir pour un élagage à Roubaix ? - 3e habitat,prévoir élagage roubaix,https://www.3ehabitat.fr/quel-tarif-prevoir-pour-un-elagage-a-roubaix,2026-09-28
www.3ehabitat.fr,Quelle taille de sapin choisir pour son jardin ou intérieur ? - 3e habitat,son jardin intérieur,https://www.3ehabitat.fr/quelle-taille-de-sapin-choisir-pour-son-jardin-ou-interieur,2026-09-28
www.agence-etoile.fr,"Envie de pierre, peur de l’inconnu - Agence Etoile",envie pierre peur,https://www.agence-etoile.fr/2026/09/28/envie-de-pierre-peur-de-linconnu,2026-09-28
www.agence-etoile.fr,Buy in Marseille or Aix-en-Provence - Agence Etoile,buy in marseille,https://www.agence-etoile.fr/en/buy-in-marseille-or-aix,2026-09-28
www.agencedupaysdaigues.com,Chasseur d'appartement en location à Paris : combien ça coûte et est-ce rentable ? Agencedupaysdaigues,appartement location paris,https://www.agencedupaysdaigues.com/chasseur-appartement-location-paris-prix,2026-09-28
www.agencedupaysdaigues.com,Nantes 2025 : choisir son quartier en toute sérénité,nantes 2025,https://www.agencedupaysdaigues.com/nantes-2025-le-guide-essentiel-pour-eviter-les-quartiers-sensibles-et-faire-le-bon-choix,2026-09-28
www.ameliorer-mon-logement.fr,Institutdubricolage formation menuiserie : test & avis,institutdubricolage formation menuiserie,https://www.ameliorer-mon-logement.fr/institutdubricolage-formation-menuiserie,2026-09-28
www.bambinsdeco.com,Quelles seront les grandes tendances de l’architecture intérieure ?,architecture intérieure,https://www.bambinsdeco.com/architecture-interieure,2026-09-28
www.bambinsdeco.com,Quel plan de travail choisir pour votre cuisine ?,choisir votre cuisine,https://www.bambinsdeco.com/quel-plan-de-travail-choisir-pour-votre-cuisine,2026-09-28
www.blueprintforsafety.org,Comparer les SCPI avant d'investir votre épargne - Blueprint For Safety,scpi avant investir,https://www.blueprintforsafety.org/comparer-les-scpi-avant-dinvestir-votre-epargne,2026-09-28
www.blueprintforsafety.org,"La SCPI, un placement immobilier accessible sans gestion - Blueprint For Safety",accessible sans gestion,https://www.blueprintforsafety.org/la-scpi-un-placement-immobilier-accessible-sans-gestion,2026-09-28
www.blueprintforsafety.org,L'assurance emprunteur Suravenir mérite-t-elle votre confiance ? - Blueprint For Safety,assurance emprunteur suravenir,https://www.blueprintforsafety.org/lassurance-emprunteur-suravenir-merite-t-elle-votre-confiance,2026-09-28
www.blueprintforsafety.org,"Naoassur, une alternative sérieuse pour votre assurance emprunteur ? - Blueprint For Safety",sérieuse votre assurance,https://www.blueprintforsafety.org/naoassur-une-alternative-serieuse-pour-votre-assurance-emprunteur,2026-09-28
www.blueprintforsafety.org,Partir sereinement grâce à une bonne assurance voyage maladie - Blueprint For Safety,assurance voyage maladie,https://www.blueprintforsafety.org/partir-sereinement-grace-a-une-bonne-assurance-voyage-maladie,2026-09-28
www.blueprintforsafety.org,Quel prix pour une assurance décennale électricien ? - Blueprint For Safety,assurance décennale électricien,https://www.blueprintforsafety.org/quel-prix-pour-une-assurance-decennale-electricien,2026-09-28
www.blueprintforsafety.org,"SCPI Corum USA : rendement, risques et avis avant de souscrire - Blueprint For Safety",scpi corum usa,https://www.blueprintforsafety.org/scpi-corum-usa-rendement-risques-et-avis-avant-de-souscrire,2026-09-28
www.blueprintforsafety.org,SCPI en assurance vie et IFI : ce que vous devez déclarer - Blueprint For Safety,scpi assurance vie,https://www.blueprintforsafety.org/scpi-en-assurance-vie-et-ifi-ce-que-vous-devez-declarer,2026-09-28
www.blueprintforsafety.org,SCPI Pinel : comment défiscaliser sans acheter de bien en direct ? - Blueprint For Safety,scpi pinel,https://www.blueprintforsafety.org/scpi-pinel-comment-defiscaliser-sans-acheter-de-bien-en-direct,2026-09-28
www.cabane-deco.fr,Outil de calcul d'assurance de prêt : décryptez chaque ligne de votre contrat - Cabane Deco,calcul assurance prêt,https://www.cabane-deco.fr/outil-calcul-assurance-pret,2026-09-28
www.cercll.fr,Gestion des petites copropriétés : comment réussir la transition vers un syndic bénévole ?,gestion petites copropriétés,https://www.cercll.fr/gestion-des-petites-coproprietes-comment-reussir-la-transition-vers-un-syndic-benevole,2026-09-28
www.cercll.fr,"Investissement en forêt : fonctionnement, avantages, et démarches administratives - CERCLL",investissement forêt,https://www.cercll.fr/investissement-en-foret-fonctionnement-avantages-et-demarches-administratives,2026-09-28
www.ciip.fr,Déclaration urssaf : le guide complet pour les micro-entrepreneurs en 2026,déclaration urssaf,https://www.ciip.fr/declaration-urssaf-le-guide-complet-pour-les-micro-entrepreneurs-en-2026,2026-09-28
www.cle-immobilier.net,Quel est le coût moyen du gaspillage énergétique pour un parc immobilier tertiaire ? - CLE Immobilier,gaspillage énergétique parc,https://www.cle-immobilier.net/quel-est-le-cout-moyen-du-gaspillage-energetique-pour-un-parc-immobilier-tertiaire,2026-09-28
www.cnsee.org,"Le congé de paternité et d'accueil de l'enfant, durée et conditions",paternité accueil enfant,https://www.cnsee.org/conge-de-paternite-duree-conditions,2026-09-28
www.cnsee.org,Paix juste : quelles conditions permettent de la reconnaître ?,paix juste,https://www.cnsee.org/paix-juste-conditions,2026-09-28
www.cogim-parisel.fr,1 Rue de l'Église : Découverte des Églises en France! ⛪️,rue église,https://www.cogim-parisel.fr/1-rue-de-leglise,2026-09-28
www.cogim-parisel.fr,1001 Vies Habitat : acteur clé de l’immobilier social en France 🏠,1001 vies habitat,https://www.cogim-parisel.fr/1001-vies-habitat,2026-09-28
www.cogim-parisel.fr,Découvrez 123 Webimmo : Votre agence immobilière de confiance !,découvrez 123 webimmo,https://www.cogim-parisel.fr/123-webimmo,2026-09-28
www.cogim-parisel.fr,,,https://www.cogim-parisel.fr/123webimmo,2026-09-28
www.cogim-parisel.fr,13 Habitat Marseille : Pourquoi ce Bailleur Social en Crise ? 🏢,13 habitat marseille,https://www.cogim-parisel.fr/13-habitat-marseille,2026-09-28
www.cogim-parisel.fr,2 Rue de la Gare : Où Trouver les Meilleurs Commerces ? 🏬,rue gare,https://www.cogim-parisel.fr/2-rue-de-la-gare,2026-09-28
www.cogim-parisel.fr,Découvrez les Secrets de 2 Rue Victor Hugo à Lyon ! 🏙️,découvrez secrets rue,https://www.cogim-parisel.fr/2-rue-victor-hugo,2026-09-28
www.cogim-parisel.fr,2500 euros Brut en Net : Quel Montant Toucherez-Vous ? 💰,2500 euros brut,https://www.cogim-parisel.fr/2500-euros-brut-en-net,2026-09-28
www.cogim-parisel.fr,Découvrez les services du 3 Rue Pasteur près de chez vous !,rue pasteur près,https://www.cogim-parisel.fr/3-rue-pasteur,2026-09-28
www.cogim-parisel.fr,3G Immo : Réseau De Mandataires Immobiliers Indépendants 🤝,3g immo,https://www.cogim-parisel.fr/3g-immo,2026-09-28
www.cogim-parisel.fr,44 rue Gambetta Stains : Découvrez les commerces locaux !,rue gambetta stains,https://www.cogim-parisel.fr/44-rue-gambetta-stains,2026-09-28
www.cogim-parisel.fr,4807 Immobilier : Quelles Agences Choisir en Haute-Savoie ? 🏡,4807 immobilier,https://www.cogim-parisel.fr/4807-immobilier,2026-09-28
www.cogim-parisel.fr,Découvrez les délices de chez Matty au 5 rue Rouvet 75019 Paris,découvrez délices chez,https://www.cogim-parisel.fr/5-eue-rouvet-75019-paris,2026-09-28
www.cogim-parisel.fr,5 Rue de l'Église : Comment s'y rendre facilement ?,rue église,https://www.cogim-parisel.fr/5-rue-de-leglise,2026-09-28
www.cogim-parisel.fr,5 Rue Pasteur : Découvrez Les Meilleurs Sites À Visiter !,rue pasteur,https://www.cogim-parisel.fr/5-rue-pasteur,2026-09-28
www.cogim-parisel.fr,6 étapes incontournables pour une rénovation de maison sans stress,incontournables rénovation maison,https://www.cogim-parisel.fr/6-etapes-incontournables-pour-une-renovation-de-maison-sans-stress,2026-09-28
www.cogim-parisel.fr,7 rue de l'église : Découvrez le nouvel élan du quartier!,rue église,https://www.cogim-parisel.fr/7-rue-de-leglise,2026-09-28
www.cogim-parisel.fr,Abrimmo : Comment trouver votre agence immobilière idéale ?,abrimmo,https://www.cogim-parisel.fr/abrimmo,2026-09-28
www.cogim-parisel.fr,Abrinor : L'Agencement Immobilier Idéal à Lille ! 🏡,abrinor,https://www.cogim-parisel.fr/abrinor,2026-09-28
www.cogim-parisel.fr,Comment Accéder à Mes Comptes CACMDS Rapidement ? 🔑,comptes cacmds rapidement,https://www.cogim-parisel.fr/acceder-a-mes-comptes-cacmds,2026-09-28
www.cogim-parisel.fr,Acces Credit : Quel est le Taux le Plus Bas en 2024 ? 💰,acces credit,https://www.cogim-parisel.fr/acces-credit,2026-09-28
www.cogim-parisel.fr,Acheter en Île-de-France : Comment choisir la ville adaptée à son projet ? - C&P,acheter île france,https://www.cogim-parisel.fr/acheter-en-ile-de-france-comment-choisir-la-ville-adaptee-a-son-projet,2026-09-28
www.cogim-parisel.fr,Acheter un logement neuf : comment bénéficier des meilleures offres et avantages fiscaux - C&P,acheter logement neuf,https://www.cogim-parisel.fr/acheter-un-logement-neuf-comment-beneficier-des-meilleures-offres-et-avantages-fiscaux,2026-09-28
www.cogim-parisel.fr,Acheter une Maison Construite par un Particulier : Risques et Recours ⚠️,maison construite particulier,https://www.cogim-parisel.fr/acheter-une-maison-construite-par-un-particulier,2026-09-28
www.cogim-parisel.fr,Actipole : Découvrez l'immobilier d'entreprise à saisir !,actipole,https://www.cogim-parisel.fr/actipole,2026-09-28
www.cogim-parisel.fr,ADIL : Trouvez Votre Agence Près de Chez Vous ! 🏠,adil,https://www.cogim-parisel.fr/adil,2026-09-28
www.cogim-parisel.fr,"ADL Immobilier À Toulouse : Agence, Avis et Contact 📍",adl immobilier toulouse,https://www.cogim-parisel.fr/adl-immobilier,2026-09-28
www.cogim-parisel.fr,Affiches urbaines : comment choisir celles qui subliment votre intérieur ? - C&P,affiches urbaines,https://www.cogim-parisel.fr/affiches-urbaines-comment-choisir-celles-qui-subliment-votre-interieur,2026-09-28
www.cogim-parisel.fr,"Affronter : Définition, Conjugaison et Synonymes Clés 📚",affronter,https://www.cogim-parisel.fr/affronter,2026-09-28
www.cogim-parisel.fr,Découvrez l'Agence du Lion Dreux : Votre Expert Immobilier ! 🏡,agence lion dreux,https://www.cogim-parisel.fr/agence-du-lion-dreux,2026-09-28
www.cogim-parisel.fr,Agence du Soleil : Votre Bien Immobilier à Gruissan ! 🏡,agence soleil,https://www.cogim-parisel.fr/agence-du-soleil,2026-09-28
www.cogim-parisel.fr,Agence Etoile : Expert en Immobilier à Votre Service ! 🏡,agence etoile,https://www.cogim-parisel.fr/agence-etoile,2026-09-28
www.cogim-parisel.fr,Agence Immobilière Apt : Votre Avenir Dans le Luberon ! 🏡,agence immobilière apt,https://www.cogim-parisel.fr/agence-immobiliere-apt,2026-09-28
www.cogim-parisel.fr,"Agence LTCDN : Circuits, Voyages et Tours en Normandie 🌍",agence ltcdn,https://www.cogim-parisel.fr/agence-ltcdn,2026-09-28
www.cogim-parisel.fr,Aide Logement : Quelles Solutions Pour Bénéficier Aux Locataires ? 🏠,aide logement,https://www.cogim-parisel.fr/aide-logement,2026-09-28
www.cogim-parisel.fr,Al In.fr : Accédez Facilement Au Logement Social Digitalisé 🏠,al in fr,https://www.cogim-parisel.fr/al-in-fr,2026-09-28
www.cogim-parisel.fr,Albizia : Guide Pratique pour Cultiver ce Magnifique Arbre 🌳,albizia,https://www.cogim-parisel.fr/albizia,2026-09-28
www.cogim-parisel.fr,Albizia Comme Bois De Chauffage : Un choix à éviter ? 🔥,albizia comme bois,https://www.cogim-parisel.fr/albizia-comme-bois-de-chauffage,2026-09-28
www.cogim-parisel.fr,"Altisimmo Immobilier à Strasbourg : Agence, Ventes et Infos clés 🏠",altisimmo immobilier strasbourg,https://www.cogim-parisel.fr/altisimmo,2026-09-28
www.cogim-parisel.fr,Aménagement Pergola : 20 Idées Déco et Astuces Jardin 🌿,aménagement pergola,https://www.cogim-parisel.fr/amenagement-pergola,2026-09-28
www.cogim-parisel.fr,Amigo Tirage : Résultats en Direct et Simulateur Fiable 🎯,amigo tirage,https://www.cogim-parisel.fr/amigo-tirage,2026-09-28
www.cogim-parisel.fr,AMZ : Comment Optimiser Votre Stratégie e-Commerce ? 📈,amz,https://www.cogim-parisel.fr/amz,2026-09-28
www.cogim-parisel.fr,Découvrez un Ancien Moulin à Eau: Charme et Authenticité 🏰,moulin eau charme,https://www.cogim-parisel.fr/ancien-moulin-a-eau,2026-09-28
www.cogim-parisel.fr,Ape Affichage Obligatoire : Arnaque Ou Paiement Obligatoire ? 📬,ape affichage obligatoire,https://www.cogim-parisel.fr/ape-affichage-obligatoire,2026-09-28
www.cogim-parisel.fr,Appartement Paris : Louer Facilement parmi 5000 Annonces 📍,appartement paris,https://www.cogim-parisel.fr/appartement-paris,2026-09-28
www.cogim-parisel.fr,Arbre de Jade : Comment Éviter les 5 Erreurs Courantes ? 🌿,arbre jade,https://www.cogim-parisel.fr/arbre-de-jade,2026-09-28
www.cogim-parisel.fr,Arc Copro Fr : Association des Responsables de Copropriété Paris 🏢,arc copro fr,https://www.cogim-parisel.fr/arc-copro-fr,2026-09-28
www.cogim-parisel.fr,Archilibre : Inspiration Maison Durable et Architecture Écologique 🏡,archilibre,https://www.cogim-parisel.fr/archilibre,2026-09-28
www.cogim-parisel.fr,"Architecte d’Intérieur : Métier, Salaire et Pourquoi Faire Appel à Lui ? 🏠",architecte intérieur,https://www.cogim-parisel.fr/architecte-dinterieur,2026-09-28
www.cogim-parisel.fr,Pourquoi Choisir un Architecte pour la Rénovation d'une Maison ? 🏡,architecte rénovation maison,https://www.cogim-parisel.fr/architecte-pour-la-renovation-dune-maison,2026-09-28
www.cogim-parisel.fr,Découvrez le Rôle des Architectes du Patrimoine 🏛️,architectes patrimoine,https://www.cogim-parisel.fr/architectes-du-patrimoine,2026-09-28
www.cogim-parisel.fr,Arkevia : Comment Protéger Et Gérer Vos Documents Numériques ? 🔒,arkevia,https://www.cogim-parisel.fr/arkevia,2026-09-28
www.cogim-parisel.fr,"Artemis Courtage : Avis Clients, Prêt Immobilier et Rachat de Crédit 🏠",artemis courtage,https://www.cogim-parisel.fr/artemis-courtage,2026-09-28
www.cogim-parisel.fr,Assurance colocation : bien choisir et comprendre ses garanties - C&P,assurance colocation,https://www.cogim-parisel.fr/assurance-colocation-bien-choisir-et-comprendre-ses-garanties,2026-09-28
www.cogim-parisel.fr,Assurance Loyers Impayés : Pourquoi Choisir Celle-ci ? 🏡,assurance loyers impayés,https://www.cogim-parisel.fr/assurance-loyers-impayes,2026-09-28
www.cogim-parisel.fr,"Asticot : Origine, Risques et Solutions pour S'en Débarrasser ! 🐛",asticot,https://www.cogim-parisel.fr/asticot,2026-09-28
www.cogim-parisel.fr,Atrium Sud : Découvrez Le Lieu Clé De La Région Sud Provence 🌞,atrium sud,https://www.cogim-parisel.fr/atrium-sud,2026-09-28
www.cogim-parisel.fr,Attestations de Prise en Charge : Guide Clair et Pratique 📄,attestations prise charge,https://www.cogim-parisel.fr/attestations-de-prise-en-charge,2026-09-28
www.cogim-parisel.fr,Découvrez Audras et Delaunois : Votre agence immobilière à Grenoble,découvrez audras delaunois,https://www.cogim-parisel.fr/audras-et-delaunois,2026-09-28
www.cogim-parisel.fr,Autoglassfrance.fr Technologies : Innovations & Sécurité Vitrage 🚗,autoglassfrance fr technologies,https://www.cogim-parisel.fr/autoglassfrance-fr-technologies,2026-09-28
www.cogim-parisel.fr,"Avenue George 5 : Guide des Restaurants, Hôtels et Activités à Paris 🍽️",avenue george,https://www.cogim-parisel.fr/avenue-george-5,2026-09-28
www.cogim-parisel.fr,Avignonleoff.com pour un Pret Immobilier : Simulation Facile et Rapide 🏡,avignonleoff com pret,https://www.cogim-parisel.fr/avignonleoff-com-pour-un-pret-immobilier,2026-09-28
www.cogim-parisel.fr,"Avis Instinct Fenetres à Arras : Qualité, Devis et Témoignages 🪟",avis instinct fenetres,https://www.cogim-parisel.fr/avis-instinct-fenetres,2026-09-28
www.cogim-parisel.fr,Avis sur Chantieraccess.fr : Ce Que les Utilisateurs en Pensent 🛠️,avis chantieraccess fr,https://www.cogim-parisel.fr/avis-sur-chantieraccess-fr,2026-09-28
www.cogim-parisel.fr,Avis sur LOC'Annonces : 7 conseils essentiels pour réussir 🌟,avis loc annonces,https://www.cogim-parisel.fr/avis-sur-locannonces,2026-09-28
www.cogim-parisel.fr,Avis Sur Prestige Aménagements Extérieurs : Qu'en Pensez-Vous ? 🌿,prestige aménagements extérieurs,https://www.cogim-parisel.fr/avis-sur-prestige-amenagement-exterieur,2026-09-28
www.cogim-parisel.fr,Quel est votre Avis sur TravauxMakers.fr pour vos Projets ? 🛠️,votre avis travauxmakers,https://www.cogim-parisel.fr/avis-sur-travauxmakers-fr,2026-09-28
www.cogim-parisel.fr,Axe d’Amélioration : Comment Identifier Vos Forces pour Progresser ? 🚀,axe amélioration,https://www.cogim-parisel.fr/axe-damelioration,2026-09-28
www.cogim-parisel.fr,Axel Immobilier : Quelle Agence Choisir à Mérignac ? 🏡,axel immobilier,https://www.cogim-parisel.fr/axel-immobilier,2026-09-28
www.cogim-parisel.fr,Babychou : Comment Choisir le Meilleur Service de Garde d'Enfants ? 👶,babychou,https://www.cogim-parisel.fr/babychou,2026-09-28
www.cogim-parisel.fr,"Découvrez La Banane Rouge : Bienfaits, Recettes et Tendances 🍌",découvrez banane rouge,https://www.cogim-parisel.fr/banane-rouge,2026-09-28
www.cogim-parisel.fr,Banque Shine : Avis et Tarifs pour Micro-Entrepreneurs 💼,banque shine,https://www.cogim-parisel.fr/banque-shine,2026-09-28
www.cogim-parisel.fr,Bardage et Clin : Quel type choisir et comment le poser ? 🛠️,bardage clin,https://www.cogim-parisel.fr/bardage-et-clin,2026-09-28
www.cogim-parisel.fr,Barnes Biarritz : Découvrez les propriétés de luxe à vendre !,barnes biarritz,https://www.cogim-parisel.fr/barnes-biarritz,2026-09-28
www.cogim-parisel.fr,Barnes Immobilier : Propriétés de Prestige à Paris et en France ✨,barnes immobilier,https://www.cogim-parisel.fr/barnes-immobilier,2026-09-28
www.cogim-parisel.fr,Tout savoir sur BAT-EQ-127 et les Certificats d'Économie 💡,tout savoir bat,https://www.cogim-parisel.fr/bat-eq-127,2026-09-28
www.cogim-parisel.fr,BAT-TH-139 : Comment Optimiser la Récupération de Chaleur ? 🌡️,bat th 139,https://www.cogim-parisel.fr/bat-th-139,2026-09-28
www.cogim-parisel.fr,BAT-TH-142 : Économisez Énergie avec le Système de Déstratification 🌬️,bat th 142,https://www.cogim-parisel.fr/bat-th-142,2026-09-28
www.cogim-parisel.fr,BAT-TH-146 : Quelles Économies d'Énergie Pour Votre Isolation ? 💧,bat th 146,https://www.cogim-parisel.fr/bat-th-146,2026-09-28
www.cogim-parisel.fr,BAT-TH-155 : Quel Impact pour l'Isolation des Points Singuliers ? 🔍,bat th 155,https://www.cogim-parisel.fr/bat-th-155,2026-09-28
www.cogim-parisel.fr,Bati-Actu.fr : Le Guide Indispensable Des Pros Du BTP 🔨,bati actu fr,https://www.cogim-parisel.fr/bati-actu-fr,2026-09-28
www.cogim-parisel.fr,Quels Sont les Secrets des Bâtiments Historiques en France ? 🏛️,bâtiments historiques france,https://www.cogim-parisel.fr/batiment-historique,2026-09-28
www.cogim-parisel.fr,Battant ou coulissant : quel type de portail alu est fait pour vous ? - C&P,battant coulissant,https://www.cogim-parisel.fr/battant-ou-coulissant-quel-type-de-portail-alu-est-fait-pour-vous,2026-09-28
www.cogim-parisel.fr,Bec J Net Gros Travaux : Nettoyez Résidus Tenaces Facilement ! 🧴,net gros travaux,https://www.cogim-parisel.fr/bec-j-net,2026-09-28
www.cogim-parisel.fr,Bécasse : Tout Savoir Sur l'Oiseau et la Chasse à la Bécasse! 🦉,bécasse,https://www.cogim-parisel.fr/becasse,2026-09-28
www.cogim-parisel.fr,Beneat Chauvel Vannes : Pourquoi choisir notre agence ?,beneat chauvel vannes,https://www.cogim-parisel.fr/beneat-chauvel-vannes,2026-09-28
www.cogim-parisel.fr,Benedic Immobilier : Votre Agence de Confiance à Metz 🌟,benedic immobilier,https://www.cogim-parisel.fr/benedic-immobilier,2026-09-28
www.cogim-parisel.fr,Bethune Immobilier : Trouvez Votre Bien Idéal à Béthune ! 🏡,bethune immobilier,https://www.cogim-parisel.fr/bethune-immobilier,2026-09-28
www.cogim-parisel.fr,Bicarbonate Anti-limace : Efficacité et Recettes Infaillibles 🐌,bicarbonate anti limace,https://www.cogim-parisel.fr/bicarbonate-anti-limace,2026-09-28
www.cogim-parisel.fr,Bignone : Comment Planter et Entretenir Cette Plante Grimpante ? 🌿,bignone,https://www.cogim-parisel.fr/bignone,2026-09-28
www.cogim-parisel.fr,Bim and Co : Plateforme et Objets BIM Haute Qualité 📐,bim co,https://www.cogim-parisel.fr/bim-and-co,2026-09-28
www.cogim-parisel.fr,Blot Immobilier à Rennes : Agence Immobilière et Expertise 🏠,blot immobilier rennes,https://www.cogim-parisel.fr/blot-immobilier,2026-09-28
www.cogim-parisel.fr,Bon Appart : Votre Agence Immobilière à Joeuf et Ajaccio 🏡,bon appart,https://www.cogim-parisel.fr/bon-appart,2026-09-28
www.cogim-parisel.fr,Booster Immobilier : Comment Trouver Votre Bien Idéal ? 🏡,booster immobilier,https://www.cogim-parisel.fr/booster-immobilier,2026-09-28
www.cogim-parisel.fr,Borne et Delaunay : Comment Réussir Votre Projet Immobilier à Nice ? 🏢,borne delaunay,https://www.cogim-parisel.fr/borne-et-delaunay,2026-09-28
www.cogim-parisel.fr,"Boulevard du Temple : Histoire, Secrets et Charme du Paris Vintage 🕰️",boulevard temple,https://www.cogim-parisel.fr/boulevard-du-temple,2026-09-28
www.cogim-parisel.fr,Bouvet Cartier : Votre expert immobilier à Ambilly !,bouvet cartier,https://www.cogim-parisel.fr/bouvet-cartier,2026-09-28
www.cogim-parisel.fr,"Bras Immobilier Nantes : Agence, Avis et Administrateur de Biens 🏠",bras immobilier nantes,https://www.cogim-parisel.fr/bras-immobilier-nantes,2026-09-28
www.cogim-parisel.fr,"BSK Immobilier : Avis, Estimation, Achat et Location 📍",bsk immobilier,https://www.cogim-parisel.fr/bsk-immobilier,2026-09-28
www.cogim-parisel.fr,Buet Immobilier : Votre agence à Dijon pour réussir !,buet immobilier,https://www.cogim-parisel.fr/buet-immobilier,2026-09-28
www.cogim-parisel.fr,Comment Optimiser Votre Bureau Propriétaire Gite de France ? 🏡,optimiser votre bureau,https://www.cogim-parisel.fr/bureau-proprietaire-gite-de-france,2026-09-28
www.cogim-parisel.fr,"Business Improvement Association : Rôle, Fonctionnement et Impact 🚀",business improvement association,https://www.cogim-parisel.fr/business-improvement-association,2026-09-28
www.cogim-parisel.fr,Business Tips RobTheCoins : Stratégies Clés Pour Booster Votre Business 🚀,business tips robthecoins,https://www.cogim-parisel.fr/business-tips-robthecoins,2026-09-28
www.cogim-parisel.fr,BZR : Découvrez les Nouveautés Mode et Lifestyle ! 🛍️,bzr,https://www.cogim-parisel.fr/bzr,2026-09-28
www.cogim-parisel.fr,Cabinet Benoit : Votre Agence Immobilière à Besançon ! 🏡,cabinet benoit,https://www.cogim-parisel.fr/cabinet-benoit,2026-09-28
www.cogim-parisel.fr,Cabinet Betti : Votre expert en location et syndic à Sannois,cabinet betti,https://www.cogim-parisel.fr/cabinet-betti,2026-09-28
www.cogim-parisel.fr,Cabinet d’Architecte d’Intérieur à Paris et Lyon : Expertise & Style ✨,architecte intérieur paris,https://www.cogim-parisel.fr/cabinet-darchitecte-dinterieur,2026-09-28
www.cogim-parisel.fr,Cabinet Faudais : Votre expert en immobilier à Saint-Lô,cabinet faudais,https://www.cogim-parisel.fr/cabinet-faudais,2026-09-28
www.cogim-parisel.fr,Cabinet Laurin Dijon : Votre Agence Immobilière de Confiance! 🏡,cabinet laurin dijon,https://www.cogim-parisel.fr/cabinet-laurin-dijon,2026-09-28
www.cogim-parisel.fr,Cabinet Michau : Votre agence immobilière à Paris 75014,cabinet michau,https://www.cogim-parisel.fr/cabinet-michau,2026-09-28
www.cogim-parisel.fr,Calcul Bilan Carbone : Comment Le Calculer Facilement ? 🌍,calcul bilan carbone,https://www.cogim-parisel.fr/calcul-bilan-carbone,2026-09-28
www.cogim-parisel.fr,Calot et Associés : Pourquoi choisir cette agence immobilière ?,calot associés,https://www.cogim-parisel.fr/calot-et-associes,2026-09-28
www.cogim-parisel.fr,"Canapé Convertible Maison du Monde : Design, Confort et Fonctionnalité 🛋️",canapé convertible maison,https://www.cogim-parisel.fr/canape-convertible-maison-du-monde,2026-09-28
www.cogim-parisel.fr,Canopée Laforêt : Comment Se Connecter à Votre Réseau ? 🌳,canopée laforêt,https://www.cogim-parisel.fr/canopee-laforet,2026-09-28
www.cogim-parisel.fr,Capifrance : Le Réseau de Conseillers pour Votre Projet Immobilier 🏡,capifrance,https://www.cogim-parisel.fr/capifrance,2026-09-28
www.cogim-parisel.fr,CARPIMKO : Quelle Retraite et Prévoyance pour les Auxiliaires Médicaux ? 💼,carpimko,https://www.cogim-parisel.fr/carpimko,2026-09-28
www.cogim-parisel.fr,Carport adossé ou autoporté : solutions et budget pour protéger votre véhicule - C&P,carport adossé autoporté,https://www.cogim-parisel.fr/carport-adosse-ou-autoporte-solutions-et-budget-pour-proteger-votre-vehicule,2026-09-28
www.cogim-parisel.fr,Carre-Immo.com : Agence Immobilière de Confiance et Biens 🏡,immo com,https://www.cogim-parisel.fr/carre-immo-com,2026-09-28
www.cogim-parisel.fr,Castorus : Suivi des Annonces et Historique Immobilier Fiable 🏠,castorus,https://www.cogim-parisel.fr/castorus,2026-09-28
www.cogim-parisel.fr,Catalpa : 5 Variétés à Adopter pour Un Jardin Éblouissant 🌳,catalpa,https://www.cogim-parisel.fr/catalpa,2026-09-28
www.cogim-parisel.fr,Immobilier - C&P,immobilier,https://www.cogim-parisel.fr/category/immobilier,2026-09-28
www.cogim-parisel.fr,Jardin & Piscine - C&P,jardin piscine,https://www.cogim-parisel.fr/category/jardin,2026-09-28
www.cogim-parisel.fr,Maison & Travaux - C&P,maison travaux,https://www.cogim-parisel.fr/category/maison,2026-09-28
www.cogim-parisel.fr,Cbi : Comment la biologie intégrative transforme notre avenir ?,cbi,https://www.cogim-parisel.fr/cbi,2026-09-28
www.cogim-parisel.fr,"Celial : Poêles, Nutrition et Produits Bio à découvrir ici 🔥",celial,https://www.cogim-parisel.fr/celial,2026-09-28
www.cogim-parisel.fr,Century 21 : Trouvez Votre Agence Immobilière Ici ! 🏡,century 21,https://www.cogim-parisel.fr/century-21,2026-09-28
www.cogim-parisel.fr,Découvrez Century 21 Chartres : Votre agence immobilière,découvrez century 21,https://www.cogim-parisel.fr/century-21-chartres,2026-09-28
www.cogim-parisel.fr,CG Immobilier : Votre Expert Pour Investir à Aix-en-Provence 🏠,cg immobilier,https://www.cogim-parisel.fr/cg-immobilier,2026-09-28
www.cogim-parisel.fr,Aménager une Chambre sous Combles Très Bas : 7 Astuces Magiques ! 🛏️,aménager chambre sous,https://www.cogim-parisel.fr/chambre-sous-combles-tres-bas,2026-09-28
www.cogim-parisel.fr,Changer les LED d'un Miroir de Salle de Bain : Comment Faire ? 💡,led miroir salle,https://www.cogim-parisel.fr/changer-les-led-dun-miroir-de-salle-de-bain,2026-09-28
www.cogim-parisel.fr,"Chantieraccess.fr avis : fiable ou arnaque, que penser vraiment ? 🛠️",chantieraccess fr avis,https://www.cogim-parisel.fr/chantieraccess-fr-avis,2026-09-28
www.cogim-parisel.fr,"Chape Maigre pour Carrelage : Dosage, Avantages et Réalisation 🛠️",chape maigre carrelage,https://www.cogim-parisel.fr/chape-maigre,2026-09-28
www.cogim-parisel.fr,Charpentier menuisier : l’artisanat du bois au service de votre habitat - C&P,charpentier menuisier,https://www.cogim-parisel.fr/charpentier-menuisier-lartisanat-du-bois-au-service-de-votre-habitat,2026-09-28
www.cogim-parisel.fr,Château XXL Que Sont-Ils Devenus ? Leurs Destins Révélés 👑,château xxl que,https://www.cogim-parisel.fr/chateau-xxl-que-sont-ils-devenus,2026-09-28
www.cogim-parisel.fr,Chaussure de sécurité légère : on vous dit tout ! - C&P,chaussure sécurité légère,https://www.cogim-parisel.fr/chaussure-de-securite-legere-on-vous-dit-tout,2026-09-28
www.cogim-parisel.fr,Cheques Vacances Airbnb : Comment Les Utiliser Sur La Plateforme ? 🏡,cheques vacances airbnb,https://www.cogim-parisel.fr/cheque-vacances-airbnb,2026-09-28
www.cogim-parisel.fr,"Chevêtrement : Définition, Rôle et Guide Technique en Charpente 🏗️",chevêtrement,https://www.cogim-parisel.fr/chevetrement,2026-09-28
www.cogim-parisel.fr,Chèvrefeuille : Nos Astuces pour Plantation et Entretien 🌱,chèvrefeuille,https://www.cogim-parisel.fr/chevrefeuille,2026-09-28
www.cogim-parisel.fr,Choisir son carrelage imitation béton selon l'ambiance souhaitée - C&P,choisir son carrelage,https://www.cogim-parisel.fr/choisir-son-carrelage-imitation-beton-selon-lambiance-souhaitee,2026-09-28
www.cogim-parisel.fr,CIC Épargne Salariale : Comment Optimiser Votre Épargne Retraite ? 📈,cic épargne salariale,https://www.cogim-parisel.fr/cic-epargne-salariale,2026-09-28
www.cogim-parisel.fr,Citez Deux Catégories De Logiciels Malveillants : Les Essentiels à Connaître 🛡️,logiciels malveillants,https://www.cogim-parisel.fr/citez-deux-categories-de-logiciels-malveillants,2026-09-28
www.cogim-parisel.fr,"Citya : Votre Agence Immobilière à Bordeaux, Location et Plus ! 🏡",citya,https://www.cogim-parisel.fr/citya,2026-09-28
www.cogim-parisel.fr,Combien d’Apport Faut-il pour Acheter une Maison en 2026 ? 🏠,apport faut il,https://www.cogim-parisel.fr/combien-dapport-pour-acheter-une-maison,2026-09-28
www.cogim-parisel.fr,Combien de temps pour une Bouture dans l'eau : Guide Pratique ? 💧,combien temps bouture,https://www.cogim-parisel.fr/combien-de-temps-pour-une-bouture-dans-leau,2026-09-28
www.cogim-parisel.fr,Combien de Temps pour Visiter Giverny : Guide des Activités ? 🌼,combien temps visiter,https://www.cogim-parisel.fr/combien-de-temps-pour-visiter-giverny,2026-09-28
www.cogim-parisel.fr,Comepos.fr Avis : Que Vaut Ce Projet Maison Énergie Positive ? ⚡,comepos fr avis,https://www.cogim-parisel.fr/comepos-fr-avis,2026-09-28
www.cogim-parisel.fr,Comment choisir le bon constructeur pour votre future maison ? - C&P,choisir bon constructeur,https://www.cogim-parisel.fr/comment-choisir-le-bon-constructeur-pour-votre-future-maison,2026-09-28
www.cogim-parisel.fr,Comment choisir sa garantie financière : critères et astuces - C&P,sa garantie financière,https://www.cogim-parisel.fr/comment-choisir-sa-garantie-financiere-criteres-et-astuces,2026-09-28
www.cogim-parisel.fr,Comment choisir ses menuiseries pour gagner en confort et en isolation ? - C&P,choisir ses menuiseries,https://www.cogim-parisel.fr/comment-choisir-ses-menuiseries-pour-gagner-en-confort-et-en-isolation,2026-09-28
www.cogim-parisel.fr,Comment et Quand Tailler un Saule Crevette pour Réussir ? 🌳,saule crevette réussir,https://www.cogim-parisel.fr/comment-et-quand-tailler-un-saule-crevette,2026-09-28
www.cogim-parisel.fr,Comment évolue un chantier avec une entreprise générale de construction ? - C&P,chantier entreprise générale,https://www.cogim-parisel.fr/comment-evolue-un-chantier-avec-une-entreprise-generale-de-construction,2026-09-28
www.cogim-parisel.fr,"Comment expliquer le succès de Pilar, la fenêtre la plus populaire de l'année ? - C&P",succès pilar fenêtre,https://www.cogim-parisel.fr/comment-expliquer-le-succes-de-pilar-la-fenetre-la-plus-populaire-de-lannee,2026-09-28
www.cogim-parisel.fr,Comment harmoniser son portillon avec sa clôture existante ? - C&P,harmoniser son portillon,https://www.cogim-parisel.fr/comment-harmoniser-son-portillon-avec-sa-cloture-existante,2026-09-28
www.cogim-parisel.fr,Comment l'assurance habitation évolue pendant un divorce et la vente du logement - C&P,divorce vente logement,https://www.cogim-parisel.fr/comment-lassurance-habitation-evolue-pendant-un-divorce-et-la-vente-du-logement,2026-09-28
www.cogim-parisel.fr,Comment les agences immobilières parisiennes s'adaptent au marché post-Covid - C&P,parisiennes adaptent marché,https://www.cogim-parisel.fr/comment-les-agences-immobilieres-parisiennes-sadaptent-au-marche-post-covid,2026-09-28
www.cogim-parisel.fr,Comment Mettre en Valeur Un Olivier : 7 Idées Déco Faciles 🌿,mettre valeur olivier,https://www.cogim-parisel.fr/comment-mettre-en-valeur-un-olivier,2026-09-28
www.cogim-parisel.fr,Comment Peindre Un Plafond Sans Traces Ni Fatigue ? 🖌️,plafond sans traces,https://www.cogim-parisel.fr/comment-peindre-un-plafond,2026-09-28
www.cogim-parisel.fr,Comment poser un store californien facilement ? Guide d’installation pas à pas - C&P,store californien facilement,https://www.cogim-parisel.fr/comment-poser-un-store-californien-facilement-guide-dinstallation-pas-a-pas,2026-09-28
www.cogim-parisel.fr,Comment récupérer du Linge Blanc qui a Déteint en Rose ? 🩳,blanc qui déteint,https://www.cogim-parisel.fr/comment-recuperer-du-linge-blanc-qui-a-deteint-en-rose,2026-09-28
www.cogim-parisel.fr,Comment Remplacer un Robinet Autoperceur Sans Fuite ? 🚰,autoperceur sans fuite,https://www.cogim-parisel.fr/comment-remplacer-un-robinet-autoperceur,2026-09-28
www.cogim-parisel.fr,Comment trouver des maisons à vendre à cause de divorces urgent ?​ - C&P,trouver maisons vendre,https://www.cogim-parisel.fr/comment-trouver-des-maisons-a-vendre-a-cause-de-divorces-urgent,2026-09-28
www.cogim-parisel.fr,Comment un promoteur calcule-t-il son bilan de promotion avant de se lancer ? - C&P,promoteur calcule il,https://www.cogim-parisel.fr/comment-un-promoteur-calcule-t-il-son-bilan-de-promotion-avant-de-se-lancer,2026-09-28
www.cogim-parisel.fr,Commission Départementale de Conciliation : Pourquoi la saisir ?,commission départementale conciliation,https://www.cogim-parisel.fr/commission-departementale-de-conciliation,2026-09-28
www.cogim-parisel.fr,Comptabilité SCI : ce qu'il faut savoir pour rester en règle - C&P,comptabilité sci,https://www.cogim-parisel.fr/comptabilite-sci-ce-quil-faut-savoir-pour-rester-en-regle,2026-09-28
www.cogim-parisel.fr,Con Nue ou Nue Con : Quelle Expression Est la Plus Juste ? 🤔,con nue nue,https://www.cogim-parisel.fr/con-nue,2026-09-28
www.cogim-parisel.fr,Congélateur Entrouvert 12h : Que Faire Pour Sauver Vos Aliments ? 🥶,congélateur entrouvert 12h,https://www.cogim-parisel.fr/congelateur-entrouvert-12h,2026-09-28
www.cogim-parisel.fr,Connexaflow : Comment Optimiser la Collaboration Inter-Entreprises ? 🔗,connexaflow,https://www.cogim-parisel.fr/connexaflow,2026-09-28
www.cogim-parisel.fr,Conseil Architecte Travaux Maison/Appartement Nice : Réussir Son Projet 🏠,architecte travaux maison,https://www.cogim-parisel.fr/conseil-architecte-travaux-maison-appartement-nice,2026-09-28
www.cogim-parisel.fr,Construction Sauvage : Qui Paye Vraiment Les Cabanes ? 🏠,construction sauvage,https://www.cogim-parisel.fr/construction-sauvage-qui-paye-les-cabanes,2026-09-28
www.cogim-parisel.fr,Construire sa Maison en Gironde et dans les Landes : Un projet d'avenir ? - C&P,maison gironde landes,https://www.cogim-parisel.fr/construire-sa-maison-en-gironde-et-dans-les-landes-un-projet-davenir,2026-09-28
www.cogim-parisel.fr,"Consultant : Métier, Formation et Salaire Décryptés ? 📊",consultant,https://www.cogim-parisel.fr/consultant,2026-09-28
www.cogim-parisel.fr,Contact - C&P,contact,https://www.cogim-parisel.fr/contactez-nous,2026-09-28
www.cogim-parisel.fr,"Coream Cuisine : Avis, recours et tout savoir avant de signer ! 🍽️",coream cuisine,https://www.cogim-parisel.fr/coream-cuisine,2026-09-28
www.cogim-parisel.fr,CorWave : Quelles Innovations Cardiaques Révolutionnent la Santé ? 💓,corwave,https://www.cogim-parisel.fr/corwave,2026-09-28
www.cogim-parisel.fr,Côté Particulier St Lo : Trouvez Votre Propriété Idéale ! 🏡,côté particulier st,https://www.cogim-parisel.fr/cote-particulier-st-lo,2026-09-28
www.cogim-parisel.fr,Découvrez Couesnon Marches de Bretagne : Que faire et visiter ?,découvrez couesnon marches,https://www.cogim-parisel.fr/couesnon-marches-de-bretagne,2026-09-28
www.cogim-parisel.fr,Couleur Anthracite : Guide Essentiel pour un Intérieur Élégant 🖤,couleur anthracite,https://www.cogim-parisel.fr/couleur-anthracite,2026-09-28
www.cogim-parisel.fr,"Couleur Charcoal : Codes, Palettes et Idées Déco Tendance 🎨",couleur charcoal,https://www.cogim-parisel.fr/couleur-charcoal,2026-09-28
www.cogim-parisel.fr,Quel est le Coût de Rénovation d'une Maison Ancienne ? 🏡,est coût rénovation,https://www.cogim-parisel.fr/cout-de-renovation-dune-maison-ancienne,2026-09-28
www.cogim-parisel.fr,Création auto-entrepreneur en ligne : Comment démarrer facilement ? 🚀,création auto entrepreneur,https://www.cogim-parisel.fr/creation-auto-entrepreneur-en-ligne,2026-09-28
www.cogim-parisel.fr,Crotte de Fouines : Comment Les Reconnaître et S’en Débarrasser ? 🦝,crotte fouines,https://www.cogim-parisel.fr/crotte-de-fouines,2026-09-28
www.cogim-parisel.fr,Crotte de rat ou de hérisson : Comment les Identifier Facilement ? 🦔,crotte rat hérisson,https://www.cogim-parisel.fr/crotte-de-rat-ou-de-herisson,2026-09-28
www.cogim-parisel.fr,Croulebarbe : Découvrez Le Charme Unique du 13e Arrondissement 🏙️,croulebarbe,https://www.cogim-parisel.fr/croulebarbe,2026-09-28
www.cogim-parisel.fr,Cuisine Houdan : Modèles Personnalisables Pour Votre Projet Pro 🛠️,cuisine houdan,https://www.cogim-parisel.fr/cuisine-houdan,2026-09-28
www.cogim-parisel.fr,"Cyprès : Variétés, Entretien et Bienfaits 🌲",cyprès,https://www.cogim-parisel.fr/cypres,2026-09-28
www.cogim-parisel.fr,"DAF Signification : Rôle, Missions et Fonction Clés en Entreprise 📊",daf signification,https://www.cogim-parisel.fr/daf-signification,2026-09-28
www.cogim-parisel.fr,DaFont site : Comment Télécharger des Polices Facilement ? 📥,dafont site,https://www.cogim-parisel.fr/dafont-site,2026-09-28
www.cogim-parisel.fr,Danger des Blattes de Jardin : Sont-elles Vraiment Risquées ? 🪳,danger blattes jardin,https://www.cogim-parisel.fr/danger-des-blattes-de-jardin,2026-09-28
www.cogim-parisel.fr,De la fosse septique à la micro station : un assainissement moderne - C&P,septique micro station,https://www.cogim-parisel.fr/de-la-fosse-septique-a-la-micro-station-un-assainissement-moderne,2026-09-28
www.cogim-parisel.fr,Déboucher une canalisation avec les cristaux de soude : guide complet - C&P,déboucher canalisation cristaux,https://www.cogim-parisel.fr/deboucher-une-canalisation-avec-les-cristaux-de-soude-guide-complet,2026-09-28
www.cogim-parisel.fr,Déco Restaurant : 53 Idées Pour Créer Une Ambiance Chaleureuse ✨,déco restaurant,https://www.cogim-parisel.fr/deco-restaurant,2026-09-28
www.cogim-parisel.fr,Déduction Travaux Revenus Fonciers : Quels Travaux Déduire ? 🏠,déduction travaux revenus,https://www.cogim-parisel.fr/deduction-travaux-revenus-fonciers,2026-09-28
www.cogim-parisel.fr,"Dégât des Eaux Que Faire : Procédure, Déclaration et Assurance ?💧",eaux que faire,https://www.cogim-parisel.fr/degat-des-eaux-que-faire,2026-09-28
www.cogim-parisel.fr,Degueldre : Quelle Agence Immobilière Choisir à Paris ? 🏢,degueldre,https://www.cogim-parisel.fr/degueldre,2026-09-28
www.cogim-parisel.fr,Delamarche Immobilier : Votre agence à Granville et Avranches ?,delamarche immobilier,https://www.cogim-parisel.fr/delamarche-immobilier,2026-09-28
www.cogim-parisel.fr,Demande de logement social à Paris : Quelles formalités suivre ?,logement social paris,https://www.cogim-parisel.fr/demande-de-logement-social-a-paris,2026-09-28
www.cogim-parisel.fr,Demande de Mutation de Logement Social : Comment Changer Rapidement ? 🏠,mutation logement social,https://www.cogim-parisel.fr/demande-de-mutation-de-logement-social,2026-09-28
www.cogim-parisel.fr,Dépôt de Bilan Pendant Arrêt Maladie : Quels Sont Vos Droits ? ⚖️,bilan pendant arrêt,https://www.cogim-parisel.fr/depot-de-bilan-pendant-arret-maladie,2026-09-28
www.cogim-parisel.fr,Dépôt de garantie : Que faut-il savoir avant de louer ?,dépôt garantie,https://www.cogim-parisel.fr/depot-de-garantie,2026-09-28
www.cogim-parisel.fr,"Dépôt De Garantie Notaire : Fonctionnement, Montant et Récupération 💼",dépôt garantie notaire,https://www.cogim-parisel.fr/depot-de-garantie-notaire,2026-09-28
www.cogim-parisel.fr,Désherbant au Vinaigre Blanc Interdit : Quelles Règles Suivre ? ⚠️,désherbant vinaigre blanc,https://www.cogim-parisel.fr/desherbant-au-vinaigre-blanc-interdit,2026-09-28
www.cogim-parisel.fr,Désherbant Naturel : Comment Fabriquer Votre Propre Solution ? 🌿,désherbant naturel,https://www.cogim-parisel.fr/desherbant-naturel,2026-09-28
www.cogim-parisel.fr,Découvrez Comment Bénéficier de la Destruction de Documents Gratuit et Sécurisé à Paris ! 🗂️,destruction documents gratuit,https://www.cogim-parisel.fr/destruction-de-documents-gratuit,2026-09-28
www.cogim-parisel.fr,Deux Sevres Habitat : Votre logement à Niort !,deux sevres habitat,https://www.cogim-parisel.fr/deux-sevres-habitat,2026-09-28
www.cogim-parisel.fr,Devis de Travaux HabitatPresto : Obtenez 5 Offres Gratuits Rapidement 🛠️,devis travaux habitatpresto,https://www.cogim-parisel.fr/devis-de-travaux-habitatpresto,2026-09-28
www.cogim-parisel.fr,Devis Travaux HabitatPresto : Recevez 5 Devis Gratuits Rapidement 🛠️,devis travaux habitatpresto,https://www.cogim-parisel.fr/devis-travaux-habitatpresto,2026-09-28
www.cogim-parisel.fr,"Domgrav : Streaming Gratuit, Avis, Légalité et Fiabilité Confirmés 🎬",domgrav,https://www.cogim-parisel.fr/domgrav,2026-09-28
www.cogim-parisel.fr,Dosage De Roundup Pour 5 Litres D'eau : Quel Quantité Précise ? 🌿,dosage roundup litres,https://www.cogim-parisel.fr/dosage-de-roundup-pour-5-litres-deau,2026-09-28
www.cogim-parisel.fr,Doursoux : Votre Destination pour Vêtements et Équipements Militaires 🪖,doursoux,https://www.cogim-parisel.fr/doursoux,2026-09-28
www.cogim-parisel.fr,DPE à la Location : Quelles Obligations et Règles Clés en 2026 ? 🔍,dpe location,https://www.cogim-parisel.fr/dpe-a-la-location,2026-09-28
www.cogim-parisel.fr,Comment Remplir la DROC pour Votre Ouverture de Chantier ? 🏗️,votre ouverture chantier,https://www.cogim-parisel.fr/droc,2026-09-28
www.cogim-parisel.fr,"Du studio à la grande cuisine, quel appareil de froid choisir ? - C&P",cuisine quel appareil,https://www.cogim-parisel.fr/du-studio-a-la-grande-cuisine-quel-appareil-de-froid-choisir,2026-09-28
www.cogim-parisel.fr,Durand Montouché : Votre agence immobilière à Orléans,durand montouché,https://www.cogim-parisel.fr/durand-montouche,2026-09-28
www.cogim-parisel.fr,e Habillement : Comment Commander Equipements Militaires ? 🪖,habillement,https://www.cogim-parisel.fr/e-habillement,2026-09-28
www.cogim-parisel.fr,Échanger Habiter : Comment Changer Votre Logement Social ? 🏠,échanger habiter,https://www.cogim-parisel.fr/echanger-habiter,2026-09-28
www.cogim-parisel.fr,Eckert Immobilier : Votre Partenaire Immobilier à Rosheim ! 🏡,eckert immobilier,https://www.cogim-parisel.fr/eckert-immobilier,2026-09-28
www.cogim-parisel.fr,eDoc perso : Comment Sécuriser Vos Documents avec l'App ? 🔐,edoc perso,https://www.cogim-parisel.fr/edoc-perso,2026-09-28
www.cogim-parisel.fr,Efficity Immobilier : Estimez et Vendez au Meilleur Prix 🏡,efficity immobilier,https://www.cogim-parisel.fr/efficity,2026-09-28
www.cogim-parisel.fr,Ekidom Poitiers : Office Public de l'Habitat et Location HLM 🏠,ekidom poitiers,https://www.cogim-parisel.fr/ekidom,2026-09-28
www.cogim-parisel.fr,Elyade : Comment Choisir le Meilleur Service Immobilier ? 🏠,elyade,https://www.cogim-parisel.fr/elyade,2026-09-28
www.cogim-parisel.fr,Emerige Promoteur Immobilier : Programmes Neufs en Île-de-France 🏢,emerige promoteur immobilier,https://www.cogim-parisel.fr/emerige,2026-09-28
www.cogim-parisel.fr,Emile Garcin Immobilier : Agence Prestige à Paris & Région ✨,emile garcin immobilier,https://www.cogim-parisel.fr/emile-garcin,2026-09-28
www.cogim-parisel.fr,En combien d'années rentabiliser des panneaux solaires en Auvergne ? - C&P,années rentabiliser panneaux,https://www.cogim-parisel.fr/en-combien-dannees-rentabiliser-des-panneaux-solaires-en-auvergne,2026-09-28
www.cogim-parisel.fr,Découvrez Les Enchères Licitor : Comment Investir Malin ? 🏡,découvrez enchères licitor,https://www.cogim-parisel.fr/encheres-licitor,2026-09-28
www.cogim-parisel.fr,ENT Île-de-France : Guide Pratique pour Bien Utiliser l'ENT 📚,ent île france,https://www.cogim-parisel.fr/ent-ile-de-france,2026-09-28
www.cogim-parisel.fr,entauvergne.fr : Accédez et Maîtrisez Votre ENT Auvergne-Rhône-Alpes ! 📚,entauvergne fr,https://www.cogim-parisel.fr/entauvergne-fr,2026-09-28
www.cogim-parisel.fr,Envie d'entreprendre ? 5 Clés pour Se Lancer Avec Confiance ! 🚀,clés se lancer,https://www.cogim-parisel.fr/envie-dentreprendre,2026-09-28
www.cogim-parisel.fr,"Épandage Fosse Septique : Guide, Prix et Installation Facile 💧",épandage fosse septique,https://www.cogim-parisel.fr/epandage-fosse-septique,2026-09-28
www.cogim-parisel.fr,Espaces Atypiques : Découvrez des biens uniques à Paris !,espaces atypiques,https://www.cogim-parisel.fr/espaces-atypiques,2026-09-28
www.cogim-parisel.fr,Espaces Atypiques Lyon : Votre duplex avec terrasse idéal ?,espaces atypiques lyon,https://www.cogim-parisel.fr/espaces-atypiques-lyon,2026-09-28
www.cogim-parisel.fr,Estimation Agence immobilière Aix en Provence Camille Claire - C&P,agence immobilière aix,https://www.cogim-parisel.fr/estimation-agence-immobiliere-aix-en-provence-camille-claire,2026-09-28
www.cogim-parisel.fr,Estimation Agence immobilière Aix en Provence Camille Claire - C&P,agence immobilière aix,https://www.cogim-parisel.fr/estimation-agence-immobiliere-aix-en-provence-camille-claire-2,2026-09-28
www.cogim-parisel.fr,Estimation maison : Obtenez votre évaluation gratuite en ligne !,estimation maison,https://www.cogim-parisel.fr/estimation-maison,2026-09-28
www.cogim-parisel.fr,Ethnicraft : Meubles Design en Bois Massif pour Votre Intérieur 🌳,ethnicraft,https://www.cogim-parisel.fr/etnicraft,2026-09-28
www.cogim-parisel.fr,"Etsy Site Fiable ? Avis Clients, Sécurité et Arnaques Décryptés 🛡️",etsy site fiable,https://www.cogim-parisel.fr/etsy-site-fiable,2026-09-28
www.cogim-parisel.fr,Eucalyptus : Quels Sont Ses Bienfaits et Comment en Prendre Soin ? 🌿,eucalyptus,https://www.cogim-parisel.fr/eucalyptus,2026-09-28
www.cogim-parisel.fr,European Homes : Programmes Neufs et Promoteur Immobilier à Paris 🏢,european homes,https://www.cogim-parisel.fr/european-homes,2026-09-28
www.cogim-parisel.fr,Expatriation à Bangkok et immobilier - C&P,expatriation bangkok immobilier,https://www.cogim-parisel.fr/expatriation-a-bangkok-et-immobilier,2026-09-28
www.cogim-parisel.fr,Extension de maison en Gironde : les bonnes questions à se poser avant de démarrer le projet - C&P,extension maison gironde,https://www.cogim-parisel.fr/extension-de-maison-en-gironde-les-bonnes-questions-a-se-poser-avant-de-demarrer-le-projet,2026-09-28
www.cogim-parisel.fr,"Extension garage : prix, démarches et idées pour bien agrandir 🏠",extension garage,https://www.cogim-parisel.fr/extension-garage,2026-09-28
www.cogim-parisel.fr,Extranet 62 : Comment Accéder à Votre Compte en Toute Simplicité ? 🔑,extranet 62,https://www.cogim-parisel.fr/extranet-62,2026-09-28
www.cogim-parisel.fr,FAQ CEE : Quelles Questions sur les Certificats d'Économie ? 💡,faq cee,https://www.cogim-parisel.fr/faq-cee,2026-09-28
www.cogim-parisel.fr,Faut-il louer ou acheter son échafaudage ? - C&P,faut il louer,https://www.cogim-parisel.fr/faut-il-louer-ou-acheter-son-echafaudage,2026-09-28
www.cogim-parisel.fr,Fauteuil Design Made in Design : Comment Choisir le Meilleur ? 🪑,fauteuil design made,https://www.cogim-parisel.fr/fauteuil-design-made-in-design,2026-09-28
www.cogim-parisel.fr,Financer l’achat et les travaux dans un seul crédit immobilier - C&P,seul crédit immobilier,https://www.cogim-parisel.fr/financer-lachat-et-les-travaux-dans-un-seul-credit-immobilier,2026-09-28
www.cogim-parisel.fr,Fleurs en Ette : Liste Complète à Identifier et Cultiver Facilement 🌸,fleurs ette,https://www.cogim-parisel.fr/fleur-en-ette,2026-09-28
www.cogim-parisel.fr,Fnaim Immobilier : Comment trouver votre bien idéal ?,fnaim immobilier,https://www.cogim-parisel.fr/fnaim-immobilier,2026-09-28
www.cogim-parisel.fr,Forêt de Villecartier : Pourquoi Découvrir Ce Paradis Naturel ? 🌲,forêt villecartier,https://www.cogim-parisel.fr/foret-de-villecartier,2026-09-28
www.cogim-parisel.fr,Formation Immobilier : Quels Métiers Pour Vous ? 🏠,formation immobilier,https://www.cogim-parisel.fr/formation-immobilier,2026-09-28
www.cogim-parisel.fr,Comment Coexister avec les Fourmis : Astuces et Solutions ? 🐜,coexister fourmis,https://www.cogim-parisel.fr/fourmis,2026-09-28
www.cogim-parisel.fr,Foxglove Tree Paulownia Tomentosa : Caractéristiques et Croissance 🌳,foxglove tree paulownia,https://www.cogim-parisel.fr/foxglove-tree-paulownia-tomentosa,2026-09-28
www.cogim-parisel.fr,Frais annexes d’une construction neuve : ce que beaucoup oublient de budgéter - C&P,annexes construction neuve,https://www.cogim-parisel.fr/frais-annexes-dune-construction-neuve-ce-que-beaucoup-oublient-de-budgeter,2026-09-28
www.cogim-parisel.fr,France Rénov : Comment Rénover Votre Logement Efficacement ? 🏡,france rénov,https://www.cogim-parisel.fr/france-renov,2026-09-28
www.cogim-parisel.fr,Fredelion : Comment acheter votre prochaine maison à Paris ?,fredelion,https://www.cogim-parisel.fr/fredelion,2026-09-28
www.cogim-parisel.fr,Comment Bénéficier du FSL pour un Logement Abordable ? 🏠,fsl logement abordable,https://www.cogim-parisel.fr/fsl,2026-09-28
www.cogim-parisel.fr,"Gaddin : Avis Complet, Astuces et Gains Réels en Ligne 💰",gaddin,https://www.cogim-parisel.fr/gaddin,2026-09-28
www.cogim-parisel.fr,Gascon Immobilier : Votre agence de confiance à Montpellier,gascon immobilier,https://www.cogim-parisel.fr/gascon-immobilier,2026-09-28
www.cogim-parisel.fr,"Gestionnaire Locatif : Métier, Salaire, Formation et Opportunités 🚀",gestionnaire locatif,https://www.cogim-parisel.fr/gestionnaire-locatif,2026-09-28
www.cogim-parisel.fr,Glycine en Pot : Comment Planter et Entretenir Facilement ? 🌿,glycine pot,https://www.cogim-parisel.fr/glycine-en-pot,2026-09-28
www.cogim-parisel.fr,GoldUnion : Comment Acheter et Vendre de l'Or Facilement ? 🟡,goldunion,https://www.cogim-parisel.fr/goldunion,2026-09-28
www.cogim-parisel.fr,Gospi.fr Maison et Travaux : Réussissez Vos Rénovations ! 🏡,gospi fr maison,https://www.cogim-parisel.fr/gospi-fr-maison-et-travaux,2026-09-28
www.cogim-parisel.fr,GranuPlume : remède efficace contre le picage et la mue 🐔,granuplume,https://www.cogim-parisel.fr/granuplume,2026-09-28
www.cogim-parisel.fr,Groupe CIF : Votre Partenaire Immobilier à Nantes ! 🏡,groupe cif,https://www.cogim-parisel.fr/groupe-cif,2026-09-28
www.cogim-parisel.fr,Guide complet pour décrocher le meilleur devis déménagement Paris avec trustdem - C&P,déménagement paris trustdem,https://www.cogim-parisel.fr/guide-complet-pour-decrocher-le-meilleur-devis-demenagement-paris-avec-trustdem,2026-09-28
www.cogim-parisel.fr,"Habillage Des Pieds d’Immeuble : Valorisation, Aménagement et Réhabilitation 🏢",habillage pieds immeuble,https://www.cogim-parisel.fr/habillage-des-pieds-dimmeuble,2026-09-28
www.cogim-parisel.fr,Habillage d'un Mur de Cage d'Escalier : 10 Idées Déco ⭐,mur cage escalier,https://www.cogim-parisel.fr/habillage-dun-mur-de-cage-descalier,2026-09-28
www.cogim-parisel.fr,"Habitat Eurelien Mainvilliers : Horaires, Adresse et Contacts HLM 📍",habitat eurelien mainvilliers,https://www.cogim-parisel.fr/habitat-eurelien,2026-09-28
www.cogim-parisel.fr,Habitat Durable : Comment Utiliser le Simul DPE Rapidement ? 🌱,habitat durable,https://www.cogim-parisel.fr/habitats-durables-simul-dpe,2026-09-28
www.cogim-parisel.fr,Découvrez votre Hameau à Vendre en France 🌳,découvrez votre hameau,https://www.cogim-parisel.fr/hameau-a-vendre,2026-09-28
www.cogim-parisel.fr,Hauteur de la Tour Petronas : Découvrez ses Secrets ! 🏙️,hauteur tour petronas,https://www.cogim-parisel.fr/hauteur-de-la-tour-petronas,2026-09-28
www.cogim-parisel.fr,Hauteur de l'Almas Tower : Tous les Chiffres Clés à Savoir ! 🏙️,hauteur almas tower,https://www.cogim-parisel.fr/hauteur-de-lalmas-tower,2026-09-28
www.cogim-parisel.fr,Hébergement d'urgence : Comment Trouver des Solutions Efficaces ? 🏠,hébergement urgence,https://www.cogim-parisel.fr/hebergement-durgence,2026-09-28
www.cogim-parisel.fr,"Unité Hectare : Définition, Conversion et Comparaison précise 📏",unité hectare,https://www.cogim-parisel.fr/hectare-unit,2026-09-28
www.cogim-parisel.fr,HLM : Qu’est-ce que c’est et Comment Faire une Demande ? 🏢,hlm,https://www.cogim-parisel.fr/hlm,2026-09-28
www.cogim-parisel.fr,Homelike : Trouvez Votre Appartement Meublé Idéal à Paris 🏡,homelike,https://www.cogim-parisel.fr/homelike,2026-09-28
www.cogim-parisel.fr,HR4You : Optimisez Votre Gestion RH et Vos Talents Facilement 🚀,hr4you,https://www.cogim-parisel.fr/hr4you,2026-09-28
www.cogim-parisel.fr,Hub Harnes Mondial Relay : Guide Complet du Moteur Logistique 🚚,harnes mondial relay,https://www.cogim-parisel.fr/hub-harnes-mondial-relay,2026-09-28
www.cogim-parisel.fr,Huile de Lin pour Bois Danger : Quels Risques et Précautions ? 🔍,huile lin bois,https://www.cogim-parisel.fr/huile-de-lin-pour-bois-danger,2026-09-28
www.cogim-parisel.fr,Humidité dans un mur : Causes et Solutions Efficaces ? 💧,humidité mur,https://www.cogim-parisel.fr/humidite-dans-un-mur,2026-09-28
www.cogim-parisel.fr,Humidité : repérez les signaux d'alerte dans votre logement et agissez vite - C&P,humidité,https://www.cogim-parisel.fr/humidite-reperez-les-signaux-dalerte-dans-votre-logement-et-agissez-vite,2026-09-28
www.cogim-parisel.fr,IBay Clermont : Votre Agence Immobilière de Confiance 🏡,ibay clermont,https://www.cogim-parisel.fr/ibay,2026-09-28
www.cogim-parisel.fr,Comprendre l'ICS : Qu'est-ce qu'un Identifiant Créancier SEPA ? 💳,comprendre ics,https://www.cogim-parisel.fr/ics,2026-09-28
www.cogim-parisel.fr,Idées de Couleurs Pour Chambre Adulte Zen : Inspirations ? 🎨,chambre adulte zen,https://www.cogim-parisel.fr/idee-de-couleurs-pour-chambre-adulte-zen,2026-09-28
www.cogim-parisel.fr,Idée toile déco mur pour salon : comment créer un salon élégant et chaleureux ? - C&P,déco mur salon,https://www.cogim-parisel.fr/idee-toile-deco-mur-pour-salon-comment-creer-un-salon-elegant-et-chaleureux,2026-09-28
www.cogim-parisel.fr,Idées pour Décorer un Salon : 10 Inspirations et Conseils ! 🛋️,idées décorer salon,https://www.cogim-parisel.fr/idees-pour-decorer-un-salon,2026-09-28
www.cogim-parisel.fr,Découvrez IES-Consulting.fr : Votre Référence en Immobilier ! 🏡,découvrez ies consulting,https://www.cogim-parisel.fr/ies-consulting-fr,2026-09-28
www.cogim-parisel.fr,IFOP : Qu'est-ce que cet Institut d'Opinion Public ? 📊,ifop,https://www.cogim-parisel.fr/ifop,2026-09-28
www.cogim-parisel.fr,"Immatriculation INSEE c’est quoi ? Définition, Démarches & Rôle📋",quoi définition démarches,https://www.cogim-parisel.fr/immatriculation-insee-cest-quoi,2026-09-28
www.cogim-parisel.fr,Immium : Votre Agence Immobilière à Strasbourg en 2023 🏡,immium,https://www.cogim-parisel.fr/immium,2026-09-28
www.cogim-parisel.fr,Immo de France Lyon : Votre Agence Pour un Projet Immobilier ? 🏡,immo france lyon,https://www.cogim-parisel.fr/immo-de-france-lyon,2026-09-28
www.cogim-parisel.fr,Immo de France Mâcon : Votre agence pour appartements et maisons,immo france mâcon,https://www.cogim-parisel.fr/immo-de-france-macon,2026-09-28
www.cogim-parisel.fr,Immo de France Rodez : Trouvez votre appartement idéal !,immo france rodez,https://www.cogim-parisel.fr/immo-de-france-rodez,2026-09-28
www.cogim-parisel.fr,Immo Vinci : Programmes Immobiliers et Appartements à Nanterre 🏢,immo vinci,https://www.cogim-parisel.fr/immo-vinci,2026-09-28
www.cogim-parisel.fr,Immobilier de France Lyon : Pourquoi choisir cette agence ?,immobilier france lyon,https://www.cogim-parisel.fr/immobilier-de-france-lyon,2026-09-28
www.cogim-parisel.fr,Immobiliere Pujol Marseille : Agence Immobilière de Confiance 🏠,immobiliere pujol marseille,https://www.cogim-parisel.fr/immobiliere-pujol,2026-09-28
www.cogim-parisel.fr,Immodvisor : Avis Clients Immobiliers et E-réputation Pro ⭐,immodvisor,https://www.cogim-parisel.fr/immodvisor,2026-09-28
www.cogim-parisel.fr,Immosquare : Votre Solution Immobilière à Grenoble ! 🏡,immosquare,https://www.cogim-parisel.fr/immosquare,2026-09-28
www.cogim-parisel.fr,Immotram : Quelles agences immobilières à proximité du tram ?,immotram,https://www.cogim-parisel.fr/immotram,2026-09-28
www.cogim-parisel.fr,Immoval : Votre Agence Immobilière à Strasbourg Pour Acheter ? 🏡,immoval,https://www.cogim-parisel.fr/immoval,2026-09-28
www.cogim-parisel.fr,Impact Immo : Votre agence pour l'immobilier à Paris,impact immo,https://www.cogim-parisel.fr/impact-immo,2026-09-28
www.cogim-parisel.fr,"Impatiens de Guinée : plantation, entretien et conseils pratiques 🌸",impatiens guinée,https://www.cogim-parisel.fr/impatiens-de-guinee,2026-09-28
www.cogim-parisel.fr,"In Ll : Le Logement À Prix Maîtrisé, Nouveau Modèle Immobilier 🏠",in ll,https://www.cogim-parisel.fr/in-ll,2026-09-28
www.cogim-parisel.fr,Inconvénients du Paillage en Ardoise : Quels Impacts Sur Votre Jardin ? 🌿,inconvénients paillage ardoise,https://www.cogim-parisel.fr/inconvenient-du-paillage-en-ardoise,2026-09-28
www.cogim-parisel.fr,Inconvénients de l’arbre Savonnier : Quels sont-ils ? 🌳,inconvénients arbre savonnier,https://www.cogim-parisel.fr/inconvenients-de-larbre-savonnier,2026-09-28
www.cogim-parisel.fr,Inconvénients du Figuier : Quelles Erreurs Éviter ? ⚠️,inconvénients figuier,https://www.cogim-parisel.fr/inconvenients-du-figuier,2026-09-28
www.cogim-parisel.fr,Indice RI : Comment Comprendre et Optimiser Les Risques Industriels ? ⚙️,indice ri,https://www.cogim-parisel.fr/indice-ri,2026-09-28
www.cogim-parisel.fr,Comment Interpréter L'Indice TP01 des Travaux Publics? 📊,interpréter indice tp01,https://www.cogim-parisel.fr/indice-tp01,2026-09-28
www.cogim-parisel.fr,Infonovateur Blog : idées Inspirantes pour Réussir et Innover 🚀,infonovateur blog,https://www.cogim-parisel.fr/infonovateur-blog,2026-09-28
www.cogim-parisel.fr,Inli : Quel logement à prix maîtrisé pour vous ?,inli,https://www.cogim-parisel.fr/inli,2026-09-28
www.cogim-parisel.fr,Découvrez Comment Utiliser Inli et Moi pour Trouver Votre Logement 🏡,trouver votre logement,https://www.cogim-parisel.fr/inli-et-moi,2026-09-28
www.cogim-parisel.fr,"Insert pour Cheminée Ancienne : Prix, Pose et Installation Facile ? 🔥",insert cheminée ancienne,https://www.cogim-parisel.fr/insert-cheminee-ancienne,2026-09-28
www.cogim-parisel.fr,Installer vos portes et fenêtres : le guide simple des bricoleurs - C&P,installer vos portes,https://www.cogim-parisel.fr/installer-vos-portes-et-fenetres-le-guide-simple-des-bricoleurs,2026-09-28
www.cogim-parisel.fr,Interdiction du Chauffage au Bois : Mythe ou Réalité ? 🔥,interdiction chauffage bois,https://www.cogim-parisel.fr/interdiction-du-chauffage-au-bois,2026-09-28
www.cogim-parisel.fr,Découvrez l'Intérêt de Pappers Immobilier pour Investir 🏡,pappers immobilier investir,https://www.cogim-parisel.fr/interet-de-pappers-immobilier,2026-09-28
www.cogim-parisel.fr,Découvrez Interimob : Agence Immobilière Réputée à Lyon 🏡,découvrez interimob,https://www.cogim-parisel.fr/interimob,2026-09-28
www.cogim-parisel.fr,Intermédiation locative : Pourquoi choisir ce dispositif ?,intermédiation locative,https://www.cogim-parisel.fr/intermediation-locative,2026-09-28
www.cogim-parisel.fr,"Investir à Dubaï : le marché immobilier expliqué, prix en euro et rentabilité - C&P",investir dubaï,https://www.cogim-parisel.fr/investir-a-dubai-le-marche-immobilier-explique-prix-en-euro-et-rentabilite,2026-09-28
www.cogim-parisel.fr,Investir dans une résidence étudiante en LMNP : le placement immobilier qui séduit en 2026 - C&P,investir résidence étudiante,https://www.cogim-parisel.fr/investir-dans-une-residence-etudiante-en-lmnp-le-placement-immobilier-qui-seduit-en-2026,2026-09-28
www.cogim-parisel.fr,Investissement immobilier : 5 étapes incontournables pour déterminer la valeur de votre bien - C&P,investissement immobilier,https://www.cogim-parisel.fr/investissement-immobilier-5-etapes-incontournables-pour-determiner-la-valeur-de-votre-bien,2026-09-28
www.cogim-parisel.fr,IPAREO : Comment S'inscrire et Découvrir les Formations ? 📚,ipareo,https://www.cogim-parisel.fr/ipareo,2026-09-28
www.cogim-parisel.fr,Isolation à 1 Euro : Quelles Alternatives En 2025 ? 🏠,isolation euro,https://www.cogim-parisel.fr/isolation-a-1-euro,2026-09-28
www.cogim-parisel.fr,Isolation à 1 euro : Quelles alternatives en 2026 ? 🔍,isolation euro,https://www.cogim-parisel.fr/isolation-a-1-euro-10,2026-09-28
www.cogim-parisel.fr,Isolation à 1 Euro : Quelles Alternatives en 2026 ? 🏠,isolation euro,https://www.cogim-parisel.fr/isolation-a-1-euro-11,2026-09-28
www.cogim-parisel.fr,Isolation à 1 euro : Quelles Alternatives En 2026 ? 🔍,isolation euro,https://www.cogim-parisel.fr/isolation-a-1-euro-12,2026-09-28
www.cogim-parisel.fr,Isolation à 1 euro : Quelles Alternatives en 2026 ? 🏠,isolation euro,https://www.cogim-parisel.fr/isolation-a-1-euro-13,2026-09-28
www.cogim-parisel.fr,Isolation à 1 euro : Peut-on encore en profiter en 2026 ? 🏠,isolation euro,https://www.cogim-parisel.fr/isolation-a-1-euro-14,2026-09-28
www.cogim-parisel.fr,Isolation à 1 euro : Quelles Alternatives en 2026 ? 🔍,isolation euro,https://www.cogim-parisel.fr/isolation-a-1-euro-15,2026-09-28
www.cogim-parisel.fr,Isolation à 1 euro : Existe-t-il des Alternatives en 2026 ? 🔍,isolation euro,https://www.cogim-parisel.fr/isolation-a-1-euro-16,2026-09-28
www.cogim-parisel.fr,Peut-on encore bénéficier de l'Isolation à 1 euro en 2026 ? 🏠,isolation euro 2026,https://www.cogim-parisel.fr/isolation-a-1-euro-17,2026-09-28
www.cogim-parisel.fr,Isolation à 1 euro : Existe-t-il encore des Alternatives ? 🏠,isolation euro,https://www.cogim-parisel.fr/isolation-a-1-euro-18,2026-09-28
www.cogim-parisel.fr,Isolation à 1 Euro : Quelles Alternatives en 2026 ? 🏠,isolation euro,https://www.cogim-parisel.fr/isolation-a-1-euro-19,2026-09-28
www.cogim-parisel.fr,Isolation à 1 euro : Existe-t-il encore des Alternatives ? 🔍,isolation euro,https://www.cogim-parisel.fr/isolation-a-1-euro-2,2026-09-28
www.cogim-parisel.fr,Peut-on encore bénéficier de l'Isolation à 1 Euro en 2026 ? 🔍,isolation euro 2026,https://www.cogim-parisel.fr/isolation-a-1-euro-20,2026-09-28
www.cogim-parisel.fr,Isolation à 1 euro : Quelles Alternatives Envisager en 2026 ? 🔍,isolation euro,https://www.cogim-parisel.fr/isolation-a-1-euro-21,2026-09-28
www.cogim-parisel.fr,Isolations à 1 Euro : Quelles Alternatives en 2023 ? 🏡,isolations euro,https://www.cogim-parisel.fr/isolation-a-1-euro-22,2026-09-28
www.cogim-parisel.fr,Isolation à 1 euro : Existe-t-il encore des Alternatives ? 🏠,isolation euro,https://www.cogim-parisel.fr/isolation-a-1-euro-23,2026-09-28
www.cogim-parisel.fr,Isolation à 1 euro : Quelles Alternatives en 2026 ? 🏡,isolation euro,https://www.cogim-parisel.fr/isolation-a-1-euro-24,2026-09-28
www.cogim-parisel.fr,Isolation à 1 euro : Quelles alternatives en 2026 ? 🔍,isolation euro,https://www.cogim-parisel.fr/isolation-a-1-euro-25,2026-09-28
www.cogim-parisel.fr,Isolation à 1 Euro : Existe-t-elle encore en 2026 ? 🔍,isolation euro,https://www.cogim-parisel.fr/isolation-a-1-euro-26,2026-09-28
www.cogim-parisel.fr,Isolation à 1 Euro : Existe-t-elle encore en 2026 ? 🤔,isolation euro,https://www.cogim-parisel.fr/isolation-a-1-euro-27,2026-09-28
www.cogim-parisel.fr,Isolation à 1 euro : Quelles Alternatives Pour 2026 ? 🔍,isolation euro,https://www.cogim-parisel.fr/isolation-a-1-euro-28,2026-09-28
www.cogim-parisel.fr,Isolation à 1 euro : Existe-t-il des Alternatives Viables ? 🔍,isolation euro,https://www.cogim-parisel.fr/isolation-a-1-euro-29,2026-09-28
www.cogim-parisel.fr,Isolation à 1 Euro : Quelles Alternatives en 2026 ? 🏡,isolation euro,https://www.cogim-parisel.fr/isolation-a-1-euro-3,2026-09-28
www.cogim-parisel.fr,Isolation à 1 euro : Quels Sont Vos Alternatives en 2026 ? 💡,isolation euro,https://www.cogim-parisel.fr/isolation-a-1-euro-30,2026-09-28
www.cogim-parisel.fr,Isolation à 1 euro : Quelles Alternatives Sont Disponibles ? 🏡,isolation euro,https://www.cogim-parisel.fr/isolation-a-1-euro-31,2026-09-28
www.cogim-parisel.fr,Isolation à 1 euro : Quelles Alternatives en 2023 ? 🏡,isolation euro,https://www.cogim-parisel.fr/isolation-a-1-euro-32,2026-09-28
www.cogim-parisel.fr,Isolation à 1 Euro : Quelles Alternatives en 2026 ? 🔍,isolation euro,https://www.cogim-parisel.fr/isolation-a-1-euro-33,2026-09-28
www.cogim-parisel.fr,Peut-on encore profiter de l'Isolation à 1 euro en 2026 ? 🏡,profiter isolation euro,https://www.cogim-parisel.fr/isolation-a-1-euro-34,2026-09-28
www.cogim-parisel.fr,Isolation à 1 euro : Existe-t-il des Alternatives en 2026 ? 🔍,isolation euro,https://www.cogim-parisel.fr/isolation-a-1-euro-35,2026-09-28
www.cogim-parisel.fr,Isolation à 1 euro : Quelles Alternatives Sont Disponibles ? 🏡,isolation euro,https://www.cogim-parisel.fr/isolation-a-1-euro-36,2026-09-28
www.cogim-parisel.fr,Isolation à 1 euro : Quelles Alternatives en 2026 ? 🔍,isolation euro,https://www.cogim-parisel.fr/isolation-a-1-euro-37,2026-09-28
www.cogim-parisel.fr,Isolation à 1 euro : Quelles Alternatives en 2026 ? 🏠,isolation euro,https://www.cogim-parisel.fr/isolation-a-1-euro-4,2026-09-28
www.cogim-parisel.fr,Isolation à 1 Euro : Existe-t-il des Alternatives en 2024 ? 🏡,isolation euro,https://www.cogim-parisel.fr/isolation-a-1-euro-5,2026-09-28
www.cogim-parisel.fr,Isolation à 1 euro : Quelles Alternatives en 2026 ? 🏠,isolation euro,https://www.cogim-parisel.fr/isolation-a-1-euro-6,2026-09-28
www.cogim-parisel.fr,Isolation à 1 euro : Existe-t-il des Alternatives en 2026 ? 🔍,isolation euro,https://www.cogim-parisel.fr/isolation-a-1-euro-7,2026-09-28
www.cogim-parisel.fr,Isolation à 1 Euro : Quelles Alternatives Sont Disponibles ? 🔍,isolation euro,https://www.cogim-parisel.fr/isolation-a-1-euro-8,2026-09-28
www.cogim-parisel.fr,Isolation à 1 Euro : Quels sont vos Options en 2026 ? 🔍,isolation euro,https://www.cogim-parisel.fr/isolation-a-1-euro-9,2026-09-28
www.cogim-parisel.fr,Isolation du Vide Sanitaire : Pourquoi et Comment Agir ? 🔍,isolation vide sanitaire,https://www.cogim-parisel.fr/isolation-du-vide-sanitaire,2026-09-28
www.cogim-parisel.fr,Isolation Phonique Mur Intérieur : Matériaux Essentiels et Pose Facile 🛠️,isolation phonique mur,https://www.cogim-parisel.fr/isolation-phonique-mur-interieur,2026-09-28
www.cogim-parisel.fr,Isolation pour 1 Euro en 2026 : Peut-on Encore en Profiter ? 🔥,isolation euro 2026,https://www.cogim-parisel.fr/isolation-pour-1-euro,2026-09-28
www.cogim-parisel.fr,Isoler phoniquement un plafond : Méthodes et Matériaux Efficaces ? 🔇,isoler phoniquement plafond,https://www.cogim-parisel.fr/isoler-phoniquement-un-plafond,2026-09-28
www.cogim-parisel.fr,Comment Optimiser Votre Itea Bureau Propriétaire pour Plus de Clients ? 📈,votre itea bureau,https://www.cogim-parisel.fr/itea-bureau-proprietaire,2026-09-28
www.cogim-parisel.fr,Jardin d’Hiver Moderne : 30 Idées pour un Aménagement Unique 🌿,jardin hiver moderne,https://www.cogim-parisel.fr/jardin-dhiver-moderne,2026-09-28
www.cogim-parisel.fr,Je Paye Seul le Crédit Immobilier en Indivision : Quels Risques ? 🏠,crédit immobilier indivision,https://www.cogim-parisel.fr/je-paye-seul-le-credit-immobilier-indivision,2026-09-28
www.cogim-parisel.fr,Jestimo : Comment Estimer Votre Bien Immobilier Rapidement ? 🏡,jestimo,https://www.cogim-parisel.fr/jestimo,2026-09-28
www.cogim-parisel.fr,Joints de carrelage : comment les refaire proprement soi-même ? - C&P,joints carrelage,https://www.cogim-parisel.fr/joints-de-carrelage-comment-les-refaire-proprement-soi-meme,2026-09-28
www.cogim-parisel.fr,,,https://www.cogim-parisel.fr/kg-en-tonne,2026-09-28
www.cogim-parisel.fr,,,https://www.cogim-parisel.fr/killahejlaszo-housing-ltd-in-new,2026-09-28
www.cogim-parisel.fr,,,https://www.cogim-parisel.fr/la-carte-des-colocs,2026-09-28
www.cogim-parisel.fr,,,https://www.cogim-parisel.fr/la-nantaise-dhabitation,2026-09-28
www.cogim-parisel.fr,,,https://www.cogim-parisel.fr/la-vie-urbaine-et-les-rongeurs-comprendre-et-agir-face-aux-rats-et-souris-dans-les-immeubles-parisiens,2026-09-28
www.cogim-parisel.fr,,,https://www.cogim-parisel.fr/lagerstroemia-indica-l,2026-09-28
www.cogim-parisel.fr,,,https://www.cogim-parisel.fr/laravoire,2026-09-28
www.cogim-parisel.fr,,,https://www.cogim-parisel.fr/largutoit,2026-09-28
www.cogim-parisel.fr,,,https://www.cogim-parisel.fr/lart-de-choisir-et-dagencer-les-meubles-de-maison-et-de-jardin,2026-09-28
www.cogim-parisel.fr,,,https://www.cogim-parisel.fr/lart-de-la-menuiserie-pilier-de-nos-habitats-entre-tradition-et-modernite,2026-09-28
www.cogim-parisel.fr,,,https://www.cogim-parisel.fr/lassurance-habitation-etudiante-un-indispensable-pour-votre-logement,2026-09-28
www.cogim-parisel.fr,,,https://www.cogim-parisel.fr/le-bail-reel-solidaire-comment-ca-marche-et-qui-peut-en-beneficier,2026-09-28
www.cogim-parisel.fr,,,https://www.cogim-parisel.fr/le-business-mag-entreprendre,2026-09-28
www.cogim-parisel.fr,,,https://www.cogim-parisel.fr/le-guide-ultime-pour-assurer-un-immeuble-en-monopropriete-enjeux-et-strategies,2026-09-28
www.cogim-parisel.fr,,,https://www.cogim-parisel.fr/le-marche-de-limmobilier-a-dijon-en-2025,2026-09-28
www.cogim-parisel.fr,,,https://www.cogim-parisel.fr/le-marche-immobilier-suisse-specificites-opportunites-et-perspectives,2026-09-28
www.cogim-parisel.fr,,,https://www.cogim-parisel.fr/le-rechauffement-et-lacidification-des-oceans-mecanismes-et-consequences,2026-09-28
www.cogim-parisel.fr,,,https://www.cogim-parisel.fr/le-role-et-les-missions-de-larchitecte-dans-un-projet-immobilier,2026-09-28
www.cogim-parisel.fr,,,https://www.cogim-parisel.fr/le-verre-dans-la-maison-quels-types-de-vitrages-choisir-pour-une-isolation-optimale-et-un-meilleur-confort-de-vie,2026-09-28
www.cogim-parisel.fr,,,https://www.cogim-parisel.fr/leggett,2026-09-28
www.cogim-parisel.fr,,,https://www.cogim-parisel.fr/leroy-merlin-cuisine,2026-09-28
www.cogim-parisel.fr,,,https://www.cogim-parisel.fr/les-accessoires-indispensables-pour-utiliser-une-pompe-a-vide-hvac,2026-09-28
www.cogim-parisel.fr,,,https://www.cogim-parisel.fr/les-avantages-et-inconvenients-du-parquet-contrecolle-lavis-de-lexpert-en-toute-transparence,2026-09-28
www.cogim-parisel.fr,,,https://www.cogim-parisel.fr/les-cles-dune-construction-ecologique-pres-de-latlantique,2026-09-28
www.cogim-parisel.fr,,,https://www.cogim-parisel.fr/les-criteres-cles-pour-choisir-votre-programme-immobilier-neuf-dans-le-92,2026-09-28
www.cogim-parisel.fr,,,https://www.cogim-parisel.fr/les-enjeux-de-lelectrification-des-transports-pour-les-coproprietes-et-les-espaces-urbains,2026-09-28
www.cogim-parisel.fr,,,https://www.cogim-parisel.fr/les-meilleures-entreprises-dagencement-professionnel-en-france,2026-09-28
www.cogim-parisel.fr,,,https://www.cogim-parisel.fr/les-moments-opportuns-pour-changer-de-syndic-facilement,2026-09-28
www.cogim-parisel.fr,,,https://www.cogim-parisel.fr/les-nouveaux-constructeurs,2026-09-28
www.cogim-parisel.fr,,,https://www.cogim-parisel.fr/les-pieges-a-eviter-lors-dune-vente-immobiliere-a-paris,2026-09-28
www.cogim-parisel.fr,,,https://www.cogim-parisel.fr/les-pieges-de-la-location-accession,2026-09-28
www.cogim-parisel.fr,,,https://www.cogim-parisel.fr/les-pieges-de-la-location-gerance,2026-09-28
www.cogim-parisel.fr,,,https://www.cogim-parisel.fr/les-pieges-des-baux-ruraux,2026-09-28
www.cogim-parisel.fr,,,https://www.cogim-parisel.fr/les-plantes-quil-faut-choisir-pour-amenager-les-bords-de-votre-piscine,2026-09-28
www.cogim-parisel.fr,,,https://www.cogim-parisel.fr/liberkeys,2026-09-28
www.cogim-parisel.fr,,,https://www.cogim-parisel.fr/licitor,2026-09-28
www.cogim-parisel.fr,,,https://www.cogim-parisel.fr/lilas-du-japon,2026-09-28
www.cogim-parisel.fr,,,https://www.cogim-parisel.fr/limportance-dune-etude-technique-avant-tout-travaux-et-gros-oeuvre-pour-les-professionnels,2026-09-28
www.cogim-parisel.fr,,,https://www.cogim-parisel.fr/linformateur-de-bourgogne,2026-09-28
www.cogim-parisel.fr,,,https://www.cogim-parisel.fr/lions-immobilier-com,2026-09-28
www.cogim-parisel.fr,,,https://www.cogim-parisel.fr/liste-daxes-de-progres,2026-09-28
www.cogim-parisel.fr,,,https://www.cogim-parisel.fr/liste-noire-des-constructeurs-de-maison,2026-09-28
www.cogim-parisel.fr,,,https://www.cogim-parisel.fr/liste-noire-des-constructeurs-de-maisons,2026-09-28
www.cogim-parisel.fr,,,https://www.cogim-parisel.fr/little-working,2026-09-28
www.cogim-parisel.fr,,,https://www.cogim-parisel.fr/livestorm,2026-09-28
www.cogim-parisel.fr,,,https://www.cogim-parisel.fr/lmnp-facture-ou-ticket-de-caisse,2026-09-28
www.cogim-parisel.fr,,,https://www.cogim-parisel.fr/loc-annonce,2026-09-28
www.cogim-parisel.fr,,,https://www.cogim-parisel.fr/locagestion,2026-09-28
www.cogim-parisel.fr,,,https://www.cogim-parisel.fr/local-commercial-paris,2026-09-28
www.cogim-parisel.fr,,,https://www.cogim-parisel.fr/location-de-vacances-dans-les-alpes-francaises-appartements-et-chalets-dexception-pour-un-sejour-inoubliable,2026-09-28
www.cogim-parisel.fr,"LocService Avis : Fiabilité, Prix et Avis Utilisateurs 2026 🏡",locservice avis,https://www.cogim-parisel.fr/locservice-avis,2026-09-28
www.cogim-parisel.fr,Logehome : Votre agence immobilière dans le Nord et le Pas-de-Calais,logehome,https://www.cogim-parisel.fr/logehome,2026-09-28
www.cogim-parisel.fr,Logement Disponible Paris Habitat : Trouvez Votre Logement Social Facilement 🏠,disponible paris habitat,https://www.cogim-parisel.fr/logement-disponible-paris-habitat,2026-09-28
www.cogim-parisel.fr,,,https://www.cogim-parisel.fr/logement-social-paris,2026-09-28
www.cogim-parisel.fr,Logisbox : Votre constructeur de maison à Montauban !,logisbox,https://www.cogim-parisel.fr/logisbox,2026-09-28
www.cogim-parisel.fr,Loi 3DS : Quels Changements Pour la Décentralisation ? 🌍,loi 3ds,https://www.cogim-parisel.fr/loi-3ds,2026-09-28
www.cogim-parisel.fr,Loi du 6 juillet 1989 : Quels sont vos droits locatifs ?,loi juillet 1989,https://www.cogim-parisel.fr/loi-du-6-juillet-1989,2026-09-28
www.cogim-parisel.fr,Louer à un étudiant : un choix gagnant pour les propriétaires - C&P,louer étudiant,https://www.cogim-parisel.fr/louer-a-un-etudiant-un-choix-gagnant-pour-les-proprietaires,2026-09-28
www.cogim-parisel.fr,,,https://www.cogim-parisel.fr/louer-un-appartement-a-dijon,2026-09-28
www.cogim-parisel.fr,"Lune Rousse 2026 : Dates, Signification et Effets au Jardin 🌕",lune rousse 2026,https://www.cogim-parisel.fr/lune-rousse-2025,2026-09-28
www.cogim-parisel.fr,MaBoxRH : Comment Se Connecter et Gérer Vos RH Facilement ? 📊,maboxrh,https://www.cogim-parisel.fr/maboxrh,2026-09-28
www.cogim-parisel.fr,MaGestionLocative : Comment simplifier votre gestion locative ?,magestionlocative,https://www.cogim-parisel.fr/magestionlocative,2026-09-28
www.cogim-parisel.fr,Maison à acheter à Riec-sur-Bélon : le charme de la Cornouaille - C&P,maison acheter riec,https://www.cogim-parisel.fr/maison-a-acheter-a-riec-sur-belon-le-charme-de-la-cornouaille,2026-09-28
www.cogim-parisel.fr,Maison à Colombages : Histoire et Conseils de Rénovation 🏡,maison colombages,https://www.cogim-parisel.fr/maison-a-colombages,2026-09-28
www.cogim-parisel.fr,Maison à donner gratuitement : Comment en profiter ? 🏠,maison donner gratuitement,https://www.cogim-parisel.fr/maison-a-donner-gratuitement,2026-09-28
www.cogim-parisel.fr,"Maison à Louer Social Sia Habitat : Offres, Conditions et Conseils 🏠",maison louer social,https://www.cogim-parisel.fr/maison-a-louer-social-sia-habitat,2026-09-28
www.cogim-parisel.fr,Maison Abandonnée à Vendre : Comment Trouver Le Propriétaire ? 🏚️,maison abandonnée vendre,https://www.cogim-parisel.fr/maison-abandonnee,2026-09-28
www.cogim-parisel.fr,Maison Abandonnée à Donner : Comment L'Obtenir Facilement ? 🏚️,maison abandonnée donner,https://www.cogim-parisel.fr/maison-abandonnee-a-donner,2026-09-28
www.cogim-parisel.fr,Maison du Léon : Constructeur sur-mesure à Brest et région 🏡,maison léon,https://www.cogim-parisel.fr/maison-du-leon,2026-09-28
www.cogim-parisel.fr,Maison en Bord de Mer à Moins de 100 000 € en Espagne 🌊,maison bord mer,https://www.cogim-parisel.fr/maison-en-bord-de-mer-a-moins-de-100-000-euros-en-espagne,2026-09-28
www.cogim-parisel.fr,Découvrez des Maisons en Bord de Mer à Moins de 150 000 € 🌊,découvrez maisons bord,https://www.cogim-parisel.fr/maison-en-bord-de-mer-a-moins-de-150-000-euros,2026-09-28
www.cogim-parisel.fr,Maison en Bord de Mer Moins de 100 000 Euros en Espagne : Où Acheter ? 🏡,000 euros espagne,https://www.cogim-parisel.fr/maison-en-bord-de-mer-moins-de-100-000-euros-en-espagne,2026-09-28
www.cogim-parisel.fr,"Maison Ethier : Histoire, Faillite et Héritage du Mobilier québécois 🏠",maison ethier,https://www.cogim-parisel.fr/maison-ethier,2026-09-28
www.cogim-parisel.fr,"Maisons France Confort : Avis, Constructeur de Maisons Individuelles 🏡",maisons france confort,https://www.cogim-parisel.fr/maison-france-confort,2026-09-28
www.cogim-parisel.fr,"Maison Mikit : Avis, Prix et Comment Construire Facilement 🏠",maison mikit,https://www.cogim-parisel.fr/maison-mikit,2026-09-28
www.cogim-parisel.fr,"Maladie des Lauriers : Symptômes, Causes et Soins Essentiels 🌿",maladie lauriers,https://www.cogim-parisel.fr/maladie-des-lauriers,2026-09-28
www.cogim-parisel.fr,"Maladies des Rosiers : Reconnaître, Prévenir et Traiter efficacement 🌹",maladies rosiers,https://www.cogim-parisel.fr/maladie-des-rosiers,2026-09-28
www.cogim-parisel.fr,Maladie du laurier-rose : 5 Symptômes à Ne Pas Ignorer ! 🌿,maladie laurier rose,https://www.cogim-parisel.fr/maladie-du-laurier-rose,2026-09-28
www.cogim-parisel.fr,"Mantis : Guide Complet du Jeu, Film, Comics et Outils 🕷️",mantis,https://www.cogim-parisel.fr/mantis,2026-09-28
www.cogim-parisel.fr,Marre d'être Infirmière ? Que Faire pour une Reconversion Réussie ? 🚀,être infirmière que,https://www.cogim-parisel.fr/marre-detre-infirmiere-que-faire,2026-09-28
www.cogim-parisel.fr,Matawan : Quelles Nouvelles Options de Mobilité ? 🚌,matawan,https://www.cogim-parisel.fr/matawan,2026-09-28
www.cogim-parisel.fr,MBN : Votre Guide Pratique pour Naviguer dans le Numérique ! 📚,mbn,https://www.cogim-parisel.fr/mbn,2026-09-28
www.cogim-parisel.fr,Meilleursagents : Comment Évaluer Précisément Votre Bien Immo ? 🏡,meilleursagents,https://www.cogim-parisel.fr/meilleursagents,2026-09-28
www.cogim-parisel.fr,Mentions Légales - C&P,mentions légales,https://www.cogim-parisel.fr/mentions-legales,2026-09-28
www.cogim-parisel.fr,Mercure Douane : Connectez-vous Facilement Avec La Messagerie Zimbra 📧,mercure douane,https://www.cogim-parisel.fr/mercure-douane,2026-09-28
www.cogim-parisel.fr,merkatu.fr : Guide Culturel et Authentique du Pays Basque 🌿,merkatu fr,https://www.cogim-parisel.fr/merkatu-fr,2026-09-28
www.cogim-parisel.fr,Mocquard Immobilier : Votre Agence à Crach et Locmariaquer ! 🏡,mocquard immobilier,https://www.cogim-parisel.fr/mocquard-immobilier,2026-09-28
www.cogim-parisel.fr,Comment Accéder à Mon Compte Échanger Habiter ? 🏠,compte échanger habiter,https://www.cogim-parisel.fr/mon-compte-echanger-habiter,2026-09-28
www.cogim-parisel.fr,Mon IntraParis Compte Agent : Comment Accéder Et Utiliser ? 📧,intraparis compte agent,https://www.cogim-parisel.fr/mon-intraparis-compte-agent,2026-09-28
www.cogim-parisel.fr,Mon Office Immobilier : Votre Agence Pour Aix-en-Provence !,mon office immobilier,https://www.cogim-parisel.fr/mon-office-immobilier,2026-09-28
www.cogim-parisel.fr,MonParis : Votre Guide Officiel des Services et Loisirs à Paris 🌟,monparis,https://www.cogim-parisel.fr/monparis,2026-09-28
www.cogim-parisel.fr,Mornac sur Seudre : Village Charmant et Incontournable à Visiter 🌿,mornac seudre,https://www.cogim-parisel.fr/mornac-sur-seudre,2026-09-28
www.cogim-parisel.fr,Motobineuse ou motoculteur : le comparatif complet pour bien choisir en 2026 selon votre potager - C&P,motobineuse motoculteur,https://www.cogim-parisel.fr/motobineuse-ou-motoculteur-le-comparatif-complet-pour-bien-choisir-en-2026-selon-votre-potager,2026-09-28
www.cogim-parisel.fr,,,https://www.cogim-parisel.fr/mousse-anglais,2026-09-28
www.cogim-parisel.fr,,,https://www.cogim-parisel.fr/mur-papier-peint-salon,2026-09-28
www.cogim-parisel.fr,"My Appart Avis : Fiable et Sans Frais d’Agence, Faut-il Tester ? 🏠",my appart avis,https://www.cogim-parisel.fr/my-appart-avis,2026-09-28
www.cogim-parisel.fr,My Orpi : Comment Optimiser Votre Expérience Immobilière ? 🏡,my orpi,https://www.cogim-parisel.fr/my-orpi,2026-09-28
www.cogim-parisel.fr,My People Doc : Accédez Facilement à Votre Coffre-Fort Numérique 🔐,my people doc,https://www.cogim-parisel.fr/my-people-doc,2026-09-28
www.cogim-parisel.fr,MyCecurity : Comment Protéger Vos Données en Toute Sécurité ? 🔒,mycecurity,https://www.cogim-parisel.fr/mycecurity,2026-09-28
www.cogim-parisel.fr,Comment accéder à MyCitya et profiter de ses avantages ?,profiter ses avantages,https://www.cogim-parisel.fr/mycitya,2026-09-28
www.cogim-parisel.fr,MyFoncia Mon Compte : Accès Rapide et Solutions Fiables 🔐,myfoncia mon compte,https://www.cogim-parisel.fr/myfoncia-mon-compte,2026-09-28
www.cogim-parisel.fr,Mylight System : Spécialiste Français De L’Autoconsommation Énergétique ⚡,mylight system,https://www.cogim-parisel.fr/mylight-system,2026-09-28
www.cogim-parisel.fr,Naturopathe Dans Les Landes Julienaturame.fr : Bien-Être Naturel 🌿,naturopathe landes julienaturame,https://www.cogim-parisel.fr/naturopathe-dans-les-landes-julienaturame-fr,2026-09-28
www.cogim-parisel.fr,Nestenn Questembert : Votre Agence Immobilière de Confiance 🏡,nestenn questembert,https://www.cogim-parisel.fr/nestenn-questembert,2026-09-28
www.cogim-parisel.fr,Net Courrier : Découvrez les Secrets de Mailo ! 📧,net courrier,https://www.cogim-parisel.fr/net-courrier,2026-09-28
www.cogim-parisel.fr,,,https://www.cogim-parisel.fr/neyrat-immobilier,2026-09-28
www.cogim-parisel.fr,Neyret Immobilier : Votre expert en immobilier en Rhône Loire,neyret immobilier,https://www.cogim-parisel.fr/neyret-immobilier,2026-09-28
www.cogim-parisel.fr,Nouvelle Demeure : Trouvez votre agence immobilière idéale !,nouvelle demeure,https://www.cogim-parisel.fr/nouvelle-demeure,2026-09-28
www.cogim-parisel.fr,Odeurs d'égout dans la maison : Quelles Solutions Efficaces ? 🏠,odeurs égout maison,https://www.cogim-parisel.fr/odeurs-degout-dans-la-maison,2026-09-28
www.cogim-parisel.fr,"Olinda Banque Avis : Fiabilité, Services et Risques Décryptés 2026 ⚠️",olinda banque avis,https://www.cogim-parisel.fr/olinda-banque-avis,2026-09-28
www.cogim-parisel.fr,Pourquoi l’Olivier Perd Ses Feuilles et Comment Réagir ? 🌿,pourquoi olivier perd,https://www.cogim-parisel.fr/olivier-perds-ses-feuilles,2026-09-28
www.cogim-parisel.fr,Olivier qui Perd ses Feuilles : Quelles Causes et Solutions ? 🌳,olivier qui perd,https://www.cogim-parisel.fr/olivier-qui-perd-ses-feuilles,2026-09-28
www.cogim-parisel.fr,"Olympiades Paris : Découvrez le Quartier, ses Métros et Commerces 🏙️",olympiades paris,https://www.cogim-parisel.fr/olympiades-paris,2026-09-28
www.cogim-parisel.fr,,,https://www.cogim-parisel.fr/open-immobilier,2026-09-28
www.cogim-parisel.fr,Opération BAR : Guide Complet des Fiches d’Économies d’Énergie ⚡,opération bar,https://www.cogim-parisel.fr/operation-bar,2026-09-28
www.cogim-parisel.fr,Opinion System : Comment Évaluer les Avis Clients Fiables ? 🤔,opinion system,https://www.cogim-parisel.fr/opinion-system,2026-09-28
www.cogim-parisel.fr,,,https://www.cogim-parisel.fr/oqoro,2026-09-28
www.cogim-parisel.fr,Quelle est l'Origine du Réseau Expertimo et ses 10 Années de Succès ? 🏆,est origine réseau,https://www.cogim-parisel.fr/origine-du-reseau-expertimo,2026-09-28
www.cogim-parisel.fr,,,https://www.cogim-parisel.fr/orpi,2026-09-28
www.cogim-parisel.fr,,,https://www.cogim-parisel.fr/orpi-agence-de-la-mairie,2026-09-28
www.cogim-parisel.fr,Orpi Aurillac : Trouvez votre appartement idéal à vendre !,orpi aurillac,https://www.cogim-parisel.fr/orpi-aurillac,2026-09-28
www.cogim-parisel.fr,,,https://www.cogim-parisel.fr/orpi-connect,2026-09-28
www.cogim-parisel.fr,Orpi L’Immobilière de Montrouge JB: votre partenaire de confiance pour l'immobilier à Montrouge - C&P,confiance immobilier montrouge,https://www.cogim-parisel.fr/orpi-limmobiliere-de-montrouge-jb-votre-partenaire-de-confiance-pour-limmobilier-a-montrouge,2026-09-28
www.cogim-parisel.fr,Orpi Périgueux : Pourquoi choisir notre agence immobilière ?,orpi périgueux,https://www.cogim-parisel.fr/orpi-perigueux,2026-09-28
www.cogim-parisel.fr,Où mettre des plaids dans votre intérieur ? - C&P,plaids votre intérieur,https://www.cogim-parisel.fr/ou-mettre-des-plaids-dans-votre-interieur,2026-09-28
www.cogim-parisel.fr,"OVH Mail : Accéder, Configurer et Gérer Vos E-mails Facilement 📧",ovh mail,https://www.cogim-parisel.fr/ovh-mail,2026-09-28
www.cogim-parisel.fr,,,https://www.cogim-parisel.fr/palette-en-bois-gratuite-brico-depot,2026-09-28
www.cogim-parisel.fr,"Panier à Pellet pour Insert Brico Dépôt : Avis, Prix et Efficacité 🔥",pellet insert brico,https://www.cogim-parisel.fr/panier-a-pellet-pour-insert-brico-depot,2026-09-28
www.cogim-parisel.fr,Paris 2025 : quels arrondissements sont les plus porteurs pour investir dans le neuf ? - C&P,paris 2025,https://www.cogim-parisel.fr/paris-2025-quels-arrondissements-sont-les-plus-porteurs-pour-investir-dans-le-neuf,2026-09-28
www.cogim-parisel.fr,Paris Habitat : Comment accéder à des offres d'emploi ?,paris habitat,https://www.cogim-parisel.fr/paris-habitat,2026-09-28
www.cogim-parisel.fr,Accédez à Paris Habitat Mon Compte : Gérer Votre Location en Ligne ! 🏢,accédez paris habitat,https://www.cogim-parisel.fr/paris-habitat-mon-compte,2026-09-28
www.cogim-parisel.fr,Découvrez Paris Seine Immobilier : Votre Agence de Confiance ! 🏡,paris seine immobilier,https://www.cogim-parisel.fr/paris-seine-immobilier,2026-09-28
www.cogim-parisel.fr,Parquet Point de Hongrie : Comment Choisir le Meilleur? 🪵,parquet point hongrie,https://www.cogim-parisel.fr/parquet-point-de-hongrie,2026-09-28
www.cogim-parisel.fr,Patricia4RealEstate : Votre alliée Expert Immobilier à Distance 📍,patricia4realestate,https://www.cogim-parisel.fr/patricia4realestate,2026-09-28
www.cogim-parisel.fr,PayFiP : Comment Payer Facilement vos Services Publics ? 💳,payfip,https://www.cogim-parisel.fr/payfip,2026-09-28
www.cogim-parisel.fr,Peinture Sur Galets : Techniques Faciles et Idées Créatives à Tester 🎨,peinture galets,https://www.cogim-parisel.fr/peinture-sur-galets,2026-09-28
www.cogim-parisel.fr,"Peopledoc Coffre-Fort : Sécurité, Archivage et Accès Facile 📂",peopledoc coffre fort,https://www.cogim-parisel.fr/peopledoc-coffre-fort,2026-09-28
www.cogim-parisel.fr,Petite Salle De Bain De 3m2 : Astuces Pour Un Aménagement Fonctionnel 🛁,salle bain 3m2,https://www.cogim-parisel.fr/petite-salle-de-bain-de-3m2,2026-09-28
www.cogim-parisel.fr,Peut-on financer un achat immobilier avec les gains d'un casino en ligne ? - C&P,gains casino ligne,https://www.cogim-parisel.fr/peut-on-financer-un-achat-immobilier-avec-les-gains-dun-casino-en-ligne,2026-09-28
www.cogim-parisel.fr,Peut-on Vendre Une Maison Avec Un Toit En Amiante : Légalité & Prix ? 🏠,vendre maison toit,https://www.cogim-parisel.fr/peut-on-vendre-une-maison-avec-un-toit-en-amiante,2026-09-28
www.cogim-parisel.fr,Quelle est la Phase APD ? Définition et Étapes Clés 🏗️,est phase apd,https://www.cogim-parisel.fr/phase-apd,2026-09-28
www.cogim-parisel.fr,Pièces de fixation en rénovation : choisir les bons éléments - C&P,pièces fixation rénovation,https://www.cogim-parisel.fr/pieces-de-fixation-en-renovation-choisir-les-bons-elements,2026-09-28
www.cogim-parisel.fr,Pietrapolis : Votre spécialiste de l'immobilier à Tarare !,pietrapolis,https://www.cogim-parisel.fr/pietrapolis,2026-09-28
www.cogim-parisel.fr,,,https://www.cogim-parisel.fr/pivert,2026-09-28
www.cogim-parisel.fr,"Place de Parking : Comment Louer, Réserver et Bien Choisir ? 🚗",place parking,https://www.cogim-parisel.fr/place-de-parking,2026-09-28
www.cogim-parisel.fr,Place Félix Éboué : Nouveau Visage Vert et Circulation Facilitée 🌿,place félix éboué,https://www.cogim-parisel.fr/place-felix-eboue,2026-09-28
www.cogim-parisel.fr,Plancher Bas : Guide Pratique et Carte Officielle de Plancher-Bas 🗺️,plancher bas,https://www.cogim-parisel.fr/plancher-bas,2026-09-28
www.cogim-parisel.fr,"Planning PME : Avis, Prix et Fonctionnalités Clés à Découvrir 🚀",planning pme,https://www.cogim-parisel.fr/planning-pme,2026-09-28
www.cogim-parisel.fr,Plus de Pression d Eau du Jour au Lendemain : Causes et Solutions ? 🚰,eau jour lendemain,https://www.cogim-parisel.fr/plus-de-pression-d-eau-du-jour-au-lendemain,2026-09-28
www.cogim-parisel.fr,Peut-on Installer un Poêle à Bois dans Cheminee Ancienne ? 🔥,installer poêle bois,https://www.cogim-parisel.fr/poele-a-bois-dans-cheminee,2026-09-28
www.cogim-parisel.fr,,,https://www.cogim-parisel.fr/poids-dune-machine-a-laver,2026-09-28
www.cogim-parisel.fr,Pompe à chaleur air-eau : Comprendre en profondeur une solution de chauffage moderne - C&P,pompe chaleur air,https://www.cogim-parisel.fr/pompe-a-chaleur-air-eau-comprendre-en-profondeur-une-solution-de-chauffage-moderne,2026-09-28
www.cogim-parisel.fr,Pompe de Relevage des Eaux Usées : Guide et Meilleurs Prix! 💧,relevage eaux usées,https://www.cogim-parisel.fr/pompe-de-relevage-des-eaux-usees,2026-09-28
www.cogim-parisel.fr,Pourpier : Comment Cuisiner ce Légume Oublié Santé ? 🥗,pourpier,https://www.cogim-parisel.fr/pourpier,2026-09-28
www.cogim-parisel.fr,,,https://www.cogim-parisel.fr/pourquoi-confier-le-debarras-de-votre-maison-a-des-professionnels,2026-09-28
www.cogim-parisel.fr,Pourquoi faire appel à un jardinier paysagiste dans le Val-de-Marne ? - C&P,jardinier paysagiste val,https://www.cogim-parisel.fr/pourquoi-faire-appel-a-un-jardinier-paysagiste-dans-le-val-de-marne,2026-09-28
www.cogim-parisel.fr,Pouzzolane : Les Avantages et Usages pour votre Jardin 🌿,pouzzolane,https://www.cogim-parisel.fr/pouzzolane,2026-09-28
www.cogim-parisel.fr,Précautions Essentielles pour le Curage des Canalisations dans un Immeuble 🚧,curage canalisations immeuble,https://www.cogim-parisel.fr/precautions-a-prendre-pour-le-curage-de-canalisations-dans-un-immeuble,2026-09-28
www.cogim-parisel.fr,,,https://www.cogim-parisel.fr/prendre-la-decision-dacheter-un-appartement,2026-09-28
www.cogim-parisel.fr,"Prix au m2 du Béton Drainant : Tarif, Pose et Conseils clés 💰",m2 béton drainant,https://www.cogim-parisel.fr/prix-au-m2-du-beton-drainant,2026-09-28
www.cogim-parisel.fr,Prix au m² pour Peinture : Quels Tarifs en 2025 ? 🏠,prix m² peinture,https://www.cogim-parisel.fr/prix-au-m2-pour-peinture,2026-09-28
www.cogim-parisel.fr,Prix du m2 en Juillet 2025 : Quelles Tendances en France ? 📊,prix m2 juillet,https://www.cogim-parisel.fr/prix-du-m2,2026-09-28
www.cogim-parisel.fr,Quel est le Prix du m2 à Annecy en Juillet 2025 ? 🏡,quel est prix,https://www.cogim-parisel.fr/prix-du-m2-a-annecy,2026-09-28
www.cogim-parisel.fr,Prix du m2 à Lille : Évolution et Quartiers en Août 2025 🏡,prix m2 lille,https://www.cogim-parisel.fr/prix-du-m2-a-lille,2026-09-28
www.cogim-parisel.fr,"Prix du m2 à Lille : évolution, par quartiers et conseils 2026 📊",prix m2 lille,https://www.cogim-parisel.fr/prix-du-m2-a-lille-2,2026-09-28
www.cogim-parisel.fr,Prix du m2 à Lyon en Juillet 2025 : Quels Quartiers Choisir ? 🏘️,lyon juillet 2025,https://www.cogim-parisel.fr/prix-du-m2-a-lyon,2026-09-28
www.cogim-parisel.fr,Prix du m² à Montpellier : Quelles évolutions fin 2025 ?,prix m² montpellier,https://www.cogim-parisel.fr/prix-du-m2-a-montpellier,2026-09-28
www.cogim-parisel.fr,Prix du M2 à Nantes 2026 : Évolution et Prix par Quartiers 📊,prix m2 nantes,https://www.cogim-parisel.fr/prix-du-m2-a-nantes,2026-09-28
www.cogim-parisel.fr,,,https://www.cogim-parisel.fr/prix-du-m2-a-strasbourg,2026-09-28
www.cogim-parisel.fr,Prix du mètre carré à Paris : Quelles évolutions en 2025 ?,mètre carré paris,https://www.cogim-parisel.fr/prix-du-metre-carre-a-paris,2026-09-28
www.cogim-parisel.fr,"Prix d'un Architecte : Coûts, Honoraires et Conseils 2025 🏗️",prix architecte,https://www.cogim-parisel.fr/prix-dun-architecte,2026-09-28
www.cogim-parisel.fr,,,https://www.cogim-parisel.fr/prix-dun-maitre-doeuvre,2026-09-28
www.cogim-parisel.fr,Quel est le Prix d'une Maison Container en 2025 ? 🏠,quel est prix,https://www.cogim-parisel.fr/prix-dune-maison-container,2026-09-28
www.cogim-parisel.fr,Prix Extension Bois 20 m2 : Quel Coût Pour Votre Agrandissement ? 🏡,prix extension bois,https://www.cogim-parisel.fr/prix-extension-bois-20-m2,2026-09-28
www.cogim-parisel.fr,Propitea : Guide Complet Du Bureau Propriétaire Pour Gérer Vos Biens 🏠,propitea,https://www.cogim-parisel.fr/propitea,2026-09-28
www.cogim-parisel.fr,,,https://www.cogim-parisel.fr/proprietaires-comment-moderniser-votre-logement-pour-diviser-vos-factures-par-deux,2026-09-28
www.cogim-parisel.fr,,,https://www.cogim-parisel.fr/protection-des-donnees,2026-09-28
www.cogim-parisel.fr,,,https://www.cogim-parisel.fr/proteger-votre-pergola-le-choix-dune-toile-impermeable-ou-microperforee,2026-09-28
www.cogim-parisel.fr,,,https://www.cogim-parisel.fr/prune-sauvage,2026-09-28
www.cogim-parisel.fr,Pulpimo : Pourquoi Choisir Notre Agence à Arras ? 🏡,pulpimo,https://www.cogim-parisel.fr/pulpimo,2026-09-28
www.cogim-parisel.fr,Punaises de Lit Paris : Guide Complet pour un Traitement Efficace 🛏️,punaises lit paris,https://www.cogim-parisel.fr/punaises-de-lit-paris,2026-09-28
www.cogim-parisel.fr,,,https://www.cogim-parisel.fr/purifier-sa-maison,2026-09-28
www.cogim-parisel.fr,,,https://www.cogim-parisel.fr/pyramide-de-maslow-explication,2026-09-28
www.cogim-parisel.fr,,,https://www.cogim-parisel.fr/quadral,2026-09-28
www.cogim-parisel.fr,,,https://www.cogim-parisel.fr/quadral-transaction,2026-09-28
www.cogim-parisel.fr,,,https://www.cogim-parisel.fr/quartier-a-eviter-a-royan,2026-09-28
www.cogim-parisel.fr,,,https://www.cogim-parisel.fr/quatuor-transaction,2026-09-28
www.cogim-parisel.fr,,,https://www.cogim-parisel.fr/quel-budget-reste-t-il-apres-un-regroupement-de-credits,2026-09-28
www.cogim-parisel.fr,,,https://www.cogim-parisel.fr/quel-est-le-meilleur-robot-de-piscine-en-2026,2026-09-28
www.cogim-parisel.fr,,,https://www.cogim-parisel.fr/quelle-cafetiere-a-piston-choisir-pour-debuter,2026-09-28
www.cogim-parisel.fr,,,https://www.cogim-parisel.fr/quelle-largeur-maximale-pour-un-portail-coulissant-en-aluminium,2026-09-28
www.cogim-parisel.fr,,,https://www.cogim-parisel.fr/quelles-matieres-privilegier-pour-une-housse-de-couette,2026-09-28
www.cogim-parisel.fr,,,https://www.cogim-parisel.fr/quelles-solutions-pour-prevenir-les-litiges-entre-bailleur-et-occupant,2026-09-28
www.cogim-parisel.fr,,,https://www.cogim-parisel.fr/quels-cadeaux-faire-pour-les-professionnels-de-limmobilier,2026-09-28
www.cogim-parisel.fr,,,https://www.cogim-parisel.fr/radikal-glyphosate,2026-09-28
www.cogim-parisel.fr,,,https://www.cogim-parisel.fr/rainforest-alliance-organization,2026-09-28
www.cogim-parisel.fr,,,https://www.cogim-parisel.fr/rch-immobilier,2026-09-28
www.cogim-parisel.fr,,,https://www.cogim-parisel.fr/real-31,2026-09-28
www.cogim-parisel.fr,,,https://www.cogim-parisel.fr/real-estate-rpr,2026-09-28
www.cogim-parisel.fr,,,https://www.cogim-parisel.fr/regie-des-celestins,2026-09-28
www.cogim-parisel.fr,,,https://www.cogim-parisel.fr/regler-flotteur-chasse-d-eau,2026-09-28
www.cogim-parisel.fr,,,https://www.cogim-parisel.fr/remede-de-grand-mere-contre-les-fourmis-dans-la-maison,2026-09-28
www.cogim-parisel.fr,,,https://www.cogim-parisel.fr/remede-de-grand-mere-contre-lhumidite-dans-la-maison,2026-09-28
www.cogim-parisel.fr,,,https://www.cogim-parisel.fr/reno-astuce-le-blog-business-et-travaux,2026-09-28
www.cogim-parisel.fr,,,https://www.cogim-parisel.fr/reno-guide-fr,2026-09-28
www.cogim-parisel.fr,,,https://www.cogim-parisel.fr/renovation-dune-ferme,2026-09-28
www.cogim-parisel.fr,,,https://www.cogim-parisel.fr/renovation-interieur-maison-dole,2026-09-28
www.cogim-parisel.fr,,,https://www.cogim-parisel.fr/renovation-xxl-que-sont-ils-devenus-en-2024,2026-09-28
www.cogim-parisel.fr,,,https://www.cogim-parisel.fr/renover-ses-menuiseries-avant-de-vendre-un-investissement-vraiment-rentable-aujourdhui,2026-09-28
www.cogim-parisel.fr,,,https://www.cogim-parisel.fr/renover-une-ancienne-maison,2026-09-28
www.cogim-parisel.fr,,,https://www.cogim-parisel.fr/res-ec-104,2026-09-28
www.cogim-parisel.fr,,,https://www.cogim-parisel.fr/ribo-t,2026-09-28
www.cogim-parisel.fr,,,https://www.cogim-parisel.fr/rue-alphonse-karr,2026-09-28
www.cogim-parisel.fr,,,https://www.cogim-parisel.fr/rue-chapon,2026-09-28
www.cogim-parisel.fr,,,https://www.cogim-parisel.fr/rue-de-lourcq,2026-09-28
www.cogim-parisel.fr,,,https://www.cogim-parisel.fr/rue-des-bernardins,2026-09-28
www.cogim-parisel.fr,,,https://www.cogim-parisel.fr/rue-des-chateaux-des-rentiers,2026-09-28
www.cogim-parisel.fr,,,https://www.cogim-parisel.fr/rue-des-trois-freres,2026-09-28
www.cogim-parisel.fr,,,https://www.cogim-parisel.fr/rue-du-bois-labbe,2026-09-28
www.cogim-parisel.fr,,,https://www.cogim-parisel.fr/rue-jean-nicot,2026-09-28
www.cogim-parisel.fr,,,https://www.cogim-parisel.fr/rue-lucien-sampaix,2026-09-28
www.cogim-parisel.fr,,,https://www.cogim-parisel.fr/rue-pavee,2026-09-28
www.cogim-parisel.fr,,,https://www.cogim-parisel.fr/rue-picpus,2026-09-28
www.cogim-parisel.fr,,,https://www.cogim-parisel.fr/rue-richard-lenoir,2026-09-28
www.cogim-parisel.fr,,,https://www.cogim-parisel.fr/rue-santeuil,2026-09-28
www.cogim-parisel.fr,,,https://www.cogim-parisel.fr/rue-surcouf,2026-09-28
www.cogim-parisel.fr,,,https://www.cogim-parisel.fr/saint-marc-le-blanc,2026-09-28
www.cogim-parisel.fr,,,https://www.cogim-parisel.fr/saison-des-figues,2026-09-28
www.cogim-parisel.fr,,,https://www.cogim-parisel.fr/salaire-du-maire,2026-09-28
www.cogim-parisel.fr,,,https://www.cogim-parisel.fr/salon-marocain-moderne,2026-09-28
www.cogim-parisel.fr,,,https://www.cogim-parisel.fr/saloux,2026-09-28
www.cogim-parisel.fr,,,https://www.cogim-parisel.fr/salpetre-sur-les-murs,2026-09-28
www.cogim-parisel.fr,,,https://www.cogim-parisel.fr/sandra-viricel,2026-09-28
www.cogim-parisel.fr,,,https://www.cogim-parisel.fr/saunier-duval-f28,2026-09-28
www.cogim-parisel.fr,,,https://www.cogim-parisel.fr/scribens,2026-09-28
www.cogim-parisel.fr,,,https://www.cogim-parisel.fr/se-domicilier,2026-09-28
www.cogim-parisel.fr,,,https://www.cogim-parisel.fr/secteur-abf-2,2026-09-28
www.cogim-parisel.fr,,,https://www.cogim-parisel.fr/segerad-dijon,2026-09-28
www.cogim-parisel.fr,,,https://www.cogim-parisel.fr/seloger-pro,2026-09-28
www.cogim-parisel.fr,,,https://www.cogim-parisel.fr/semer-pelouse-sans-retourner-terre,2026-09-28
www.cogim-parisel.fr,,,https://www.cogim-parisel.fr/signe-de-cambriolage-roumain,2026-09-28
www.cogim-parisel.fr,,,https://www.cogim-parisel.fr/signification-de-larbre-de-jade,2026-09-28
www.cogim-parisel.fr,,,https://www.cogim-parisel.fr/silestone-ou-dekton,2026-09-28
www.cogim-parisel.fr,,,https://www.cogim-parisel.fr/silvr,2026-09-28
www.cogim-parisel.fr,,,https://www.cogim-parisel.fr/simango,2026-09-28
www.cogim-parisel.fr,,,https://www.cogim-parisel.fr/simulation-salaire-sasu,2026-09-28
www.cogim-parisel.fr,,,https://www.cogim-parisel.fr/skulm,2026-09-28
www.cogim-parisel.fr,,,https://www.cogim-parisel.fr/slogan-secretaire-independante,2026-09-28
www.cogim-parisel.fr,,,https://www.cogim-parisel.fr/smic-39h,2026-09-28
www.cogim-parisel.fr,,,https://www.cogim-parisel.fr/so-go,2026-09-28
www.cogim-parisel.fr,,,https://www.cogim-parisel.fr/socaf,2026-09-28
www.cogim-parisel.fr,,,https://www.cogim-parisel.fr/societe-com-gratuit,2026-09-28
www.cogim-parisel.fr,,,https://www.cogim-parisel.fr/societe-generale-particuliers,2026-09-28
www.cogim-parisel.fr,,,https://www.cogim-parisel.fr/sol-en-beton-cire,2026-09-28
www.cogim-parisel.fr,,,https://www.cogim-parisel.fr/soprim,2026-09-28
www.cogim-parisel.fr,,,https://www.cogim-parisel.fr/sorec-metz,2026-09-28
www.cogim-parisel.fr,,,https://www.cogim-parisel.fr/sporting-immobilier,2026-09-28
www.cogim-parisel.fr,,,https://www.cogim-parisel.fr/spy-immo,2026-09-28
www.cogim-parisel.fr,,,https://www.cogim-parisel.fr/square-habitat,2026-09-28
www.cogim-parisel.fr,,,https://www.cogim-parisel.fr/square-habitat-lille,2026-09-28
www.cogim-parisel.fr,,,https://www.cogim-parisel.fr/square-habitat-tours,2026-09-28
www.cogim-parisel.fr,,,https://www.cogim-parisel.fr/stationement-gouv,2026-09-28
www.cogim-parisel.fr,,,https://www.cogim-parisel.fr/store-banne-a-nimes-protegez-votre-terrasse-du-soleil-mediterraneen,2026-09-28
www.cogim-parisel.fr,,,https://www.cogim-parisel.fr/stratageme,2026-09-28
www.cogim-parisel.fr,,,https://www.cogim-parisel.fr/sublimons,2026-09-28
www.cogim-parisel.fr,,,https://www.cogim-parisel.fr/suffren,2026-09-28
www.cogim-parisel.fr,,,https://www.cogim-parisel.fr/swixim,2026-09-28
www.cogim-parisel.fr,,,https://www.cogim-parisel.fr/syndic-one,2026-09-28
www.cogim-parisel.fr,,,https://www.cogim-parisel.fr/tagerim,2026-09-28
www.cogim-parisel.fr,,,https://www.cogim-parisel.fr/taille-du-romarin,2026-09-28
www.cogim-parisel.fr,,,https://www.cogim-parisel.fr/taux-horaire-smic-2025,2026-09-28
www.cogim-parisel.fr,,,https://www.cogim-parisel.fr/tenon-mortaise,2026-09-28
www.cogim-parisel.fr,,,https://www.cogim-parisel.fr/terhexagone-immo-lille,2026-09-28
www.cogim-parisel.fr,,,https://www.cogim-parisel.fr/terra-preta,2026-09-28
www.cogim-parisel.fr,,,https://www.cogim-parisel.fr/terres-doc,2026-09-28
www.cogim-parisel.fr,,,https://www.cogim-parisel.fr/tfpb,2026-09-28
www.cogim-parisel.fr,,,https://www.cogim-parisel.fr/thedoorman,2026-09-28
www.cogim-parisel.fr,,,https://www.cogim-parisel.fr/tissot-creatis,2026-09-28
www.cogim-parisel.fr,,,https://www.cogim-parisel.fr/todoist,2026-09-28
www.cogim-parisel.fr,,,https://www.cogim-parisel.fr/toile-de-verre-pour-respiration-des-murs,2026-09-28
www.cogim-parisel.fr,,,https://www.cogim-parisel.fr/toit-de-chaume,2026-09-28
www.cogim-parisel.fr,,,https://www.cogim-parisel.fr/tooplans,2026-09-28
www.cogim-parisel.fr,,,https://www.cogim-parisel.fr/top-10-des-erreurs-frequentes-en-bricolage,2026-09-28
www.cogim-parisel.fr,,,https://www.cogim-parisel.fr/top-5-des-erreurs-de-chiffrage-en-batiment,2026-09-28
www.cogim-parisel.fr,,,https://www.cogim-parisel.fr/top-7-des-pays-dasie,2026-09-28
www.cogim-parisel.fr,,,https://www.cogim-parisel.fr/total-productive-maintenance,2026-09-28
www.cogim-parisel.fr,,,https://www.cogim-parisel.fr/tousrenov,2026-09-28
www.cogim-parisel.fr,,,https://www.cogim-parisel.fr/trackr-fr-tech,2026-09-28
www.cogim-parisel.fr,,,https://www.cogim-parisel.fr/transfert-gros-fichiers,2026-09-28
www.cogim-parisel.fr,,,https://www.cogim-parisel.fr/transformer-sa-cuisine-sans-tout-casser-la-solution-du-relooking,2026-09-28
www.cogim-parisel.fr,,,https://www.cogim-parisel.fr/travailler-a-domicile-emballage,2026-09-28
www.cogim-parisel.fr,,,https://www.cogim-parisel.fr/travaux-dans-un-appartement-loue-qui-paie-quoi-selon-la-loi,2026-09-28
www.cogim-parisel.fr,,,https://www.cogim-parisel.fr/travauxnow-fr,2026-09-28
www.cogim-parisel.fr,,,https://www.cogim-parisel.fr/trognon-de-pomme,2026-09-28
www.cogim-parisel.fr,,,https://www.cogim-parisel.fr/trous-dans-le-jardin-sans-monticule,2026-09-28
www.cogim-parisel.fr,,,https://www.cogim-parisel.fr/tu-sais-que-tu-viens-dantibes,2026-09-28
www.cogim-parisel.fr,,,https://www.cogim-parisel.fr/tu-sais-que-tu-viens-de-sartene,2026-09-28
www.cogim-parisel.fr,,,https://www.cogim-parisel.fr/tu-sais-que-tu-viens-devreux,2026-09-28
www.cogim-parisel.fr,,,https://www.cogim-parisel.fr/types-de-fleurs,2026-09-28
www.cogim-parisel.fr,,,https://www.cogim-parisel.fr/utiliser-habitatpresto-pour-vos-devis-travaux,2026-09-28
www.cogim-parisel.fr,,,https://www.cogim-parisel.fr/vacherand-immobilier,2026-09-28
www.cogim-parisel.fr,,,https://www.cogim-parisel.fr/vendeur-porte-a-porte,2026-09-28
www.cogim-parisel.fr,,,https://www.cogim-parisel.fr/vendre-sa-maison-en-urgence-a-cause-dun-divorce,2026-09-28
www.cogim-parisel.fr,,,https://www.cogim-parisel.fr/vente-urgente-maison-cause-divorce,2026-09-28
www.cogim-parisel.fr,,,https://www.cogim-parisel.fr/vert-sauge,2026-09-28
www.cogim-parisel.fr,,,https://www.cogim-parisel.fr/vidange-chauffe-eau,2026-09-28
www.cogim-parisel.fr,,,https://www.cogim-parisel.fr/virginia-immobilier,2026-09-28
www.cogim-parisel.fr,,,https://www.cogim-parisel.fr/vmc-dans-les-combles,2026-09-28
www.cogim-parisel.fr,,,https://www.cogim-parisel.fr/voisin-relais-pickme,2026-09-28
www.cogim-parisel.fr,,,https://www.cogim-parisel.fr/volet-roulant-depannage,2026-09-28
www.cogim-parisel.fr,,,https://www.cogim-parisel.fr/votre-solution-complete-pour-lhygiene-professionnelle-en-ligne,2026-09-28
www.cogim-parisel.fr,,,https://www.cogim-parisel.fr/wc-bouches-quelles-demarches-pour-un-debouchage-rapide-et-sans-risque,2026-09-28
www.cogim-parisel.fr,,,https://www.cogim-parisel.fr/weelodge,2026-09-28
www.cogim-parisel.fr,,,https://www.cogim-parisel.fr/wimmo,2026-09-28
www.cogim-parisel.fr,,,https://www.cogim-parisel.fr/workatweb,2026-09-28
www.cogim-parisel.fr,,,https://www.cogim-parisel.fr/ymanci,2026-09-28
www.commentaider.fr,Bicarbonate de sodium : doses et limites en 2026,bicarbonate sodium,https://www.commentaider.fr/bicarbonate-de-sodium-reanimation-sport-rein-et-linge,2026-09-28
www.coupefile-immobilier.com,Comment obtenir un devis assurance habitation et scolaire rapidement ? - Coupefile Immobilier,assurance habitation scolaire,https://www.coupefile-immobilier.com/comment-obtenir-un-devis-assurance-habitation-et-scolaire-rapidement,2026-09-28
www.coupefile-immobilier.com,L'assurance habitation couvre-t-elle vraiment le bris de glace ? - Coupefile Immobilier,vraiment bris glace,https://www.coupefile-immobilier.com/lassurance-habitation-couvre-t-elle-vraiment-le-bris-de-glace,2026-09-28
www.coupefile-immobilier.com,Le tarif d'une assurance PNO varie selon plusieurs critères clés - Coupefile Immobilier,assurance pno varie,https://www.coupefile-immobilier.com/le-tarif-dune-assurance-pno-varie-selon-plusieurs-criteres-cles,2026-09-28
www.coupefile-immobilier.com,Quel est le sinistre le plus fréquent en assurance habitation ? - Coupefile Immobilier,quel est sinistre,https://www.coupefile-immobilier.com/quel-est-le-sinistre-le-plus-frequent-en-assurance-habitation,2026-09-28
www.coupefile-immobilier.com,Souscrire une assurance d'une maison : les étapes essentielles - Coupefile Immobilier,souscrire assurance maison,https://www.coupefile-immobilier.com/souscrire-une-assurance-dune-maison-les-etapes-essentielles,2026-09-28
www.coupefile-immobilier.com,Trouver une bonne assurance habitation à Narbonne au juste prix - Coupefile Immobilier,narbonne juste prix,https://www.coupefile-immobilier.com/trouver-une-bonne-assurance-habitation-a-narbonne-au-juste-prix,2026-09-28
www.decodambiance.com,Déménagement : allier décoration et souscription énergie,déménagement,https://www.decodambiance.com/emmenagement-et-decoration,2026-09-28
www.defoly-immobilier.fr,Kasting ou Kastinger : que valent leurs chaussures et leurs couteaux ?,kasting kastinger,https://www.defoly-immobilier.fr/kasting-kastinger-chaussures,2026-09-28
www.defoly-immobilier.fr,Moquette de pierre : ses atouts et ses limites,moquette pierre,https://www.defoly-immobilier.fr/moquette-pierre-avantages-inconvenients,2026-09-28
www.exactimmo.fr,Comment souscrire une assurance habitation locataire chez Desjardins ? - Exact Immo,locataire chez desjardins,https://www.exactimmo.fr/comment-souscrire-une-assurance-habitation-locataire-chez-desjardins,2026-09-28
www.exactimmo.fr,Comment trouver une assurance maison pas cher en ligne ? - Exact Immo,assurance maison pas,https://www.exactimmo.fr/comment-trouver-une-assurance-maison-pas-cher-en-ligne,2026-09-28
www.exactimmo.fr,Comparer le tarif d'une assurance habitation en ligne avant de signer - Exact Immo,assurance habitation ligne,https://www.exactimmo.fr/comparer-le-tarif-dune-assurance-habitation-en-ligne-avant-de-signer,2026-09-28
www.exactimmo.fr,Souscrire une assurance habitation locataire en ligne rapidement - Exact Immo,souscrire assurance habitation,https://www.exactimmo.fr/souscrire-une-assurance-habitation-locataire-en-ligne-rapidement,2026-09-28
www.exactimmo.fr,Trouver la meilleure assurance habitation à Saint-Quentin sans se tromper - Exact Immo,assurance habitation saint,https://www.exactimmo.fr/trouver-la-meilleure-assurance-habitation-a-saint-quentin-sans-se-tromper,2026-09-28
www.experts-immobilier.fr,Ce que couvre vraiment une assurance habitation locative - Experts Immobilier,assurance habitation locative,https://www.experts-immobilier.fr/ce-que-couvre-vraiment-une-assurance-habitation-locative,2026-09-28
www.experts-immobilier.fr,L'assurance multirisque habitation Carrefour vaut-elle le coup ? - Experts Immobilier,assurance multirisque habitation,https://www.experts-immobilier.fr/lassurance-multirisque-habitation-carrefour-vaut-elle-le-coup,2026-09-28
www.gvu-immo.com,"Appartement à Aix-les-Bains (73100), 1 pièces, de 16m² à 530 €",aix bains 73100,https://www.gvu-immo.com/annonce/appartement-a-aix-les-bains-73100-1-pieces-13395,2026-09-28
www.gvu-immo.com,"Appartement à Argentine (73220), 3 pièces, de 75m² à 885 €",argentine 73220 pièces,https://www.gvu-immo.com/annonce/appartement-a-argentine-73220-3-pieces-13389,2026-09-28
www.gvu-immo.com,"Appartement à Chambéry (73000), 4 pièces, de 140m² à 395 000 €",appartement chambéry 73000,https://www.gvu-immo.com/annonce/appartement-a-chambery-73000-4-pieces-13394,2026-09-28
www.gvu-immo.com,"Appartement à Saint-Jean-de-Maurienne (73300), 4 pièces, de 67m² à 112 000 €",maurienne 73300 pièces,https://www.gvu-immo.com/annonce/appartement-a-saint-jean-de-maurienne-73300-4-pieces-13393,2026-09-28
www.gvu-immo.com,"Immeuble à Grésy-sur-Isère (73460), pièces, de 144m² à 270 000 €",isère 73460 pièces,https://www.gvu-immo.com/annonce/immeuble-a-gresy-sur-isere-73460-pieces-13388,2026-09-28
www.gvu-immo.com,"Maison à La Ravoire (73490), 5 pièces, de 142m² à 1 800 €",maison ravoire 73490,https://www.gvu-immo.com/annonce/maison-a-la-ravoire-73490-5-pieces-13392,2026-09-28
www.gvu-immo.com,"Maison neuve à Metz-Tessy (74370), 5 pièces, de 108m² à 780 990 €",maison neuve metz,https://www.gvu-immo.com/annonce/maison-neuve-a-metz-tessy-74370-5-pieces-13390,2026-09-28
www.gvu-immo.com,"Terrain à Pugny-Chatenod (73100), pièces, de 1764m² à 295 000 €",terrain pugny chatenod,https://www.gvu-immo.com/annonce/terrain-a-pugny-chatenod-73100-pieces-13391,2026-09-28
www.gvu-immo.com,Immeuble : immobilier Grésy-sur-Isère,immeuble,https://www.gvu-immo.com/immobilier/immeuble/gresy-sur-isere-73460,2026-09-28
www.habitat-groupe.be,Projet d'habitat groupé à Villers-Sainte-Gertrude (Durbuy) - Habitat Groupé Solidaire,sainte gertrude durbuy,https://www.habitat-groupe.be/petites-annonces/creation-groupe/luxembourg/projet-dhabitat-groupe-a-villers-sainte-gertrude-durbuy,2026-09-28
www.habitat-groupe.be,Colocation reptile friendly - Habitat Groupé Solidaire,colocation reptile friendly,https://www.habitat-groupe.be/petites-annonces/demandes-location/bruxelles/colocation-reptile-friendly-2,2026-09-28
www.habitat-groupe.be,Recherche terrain Hainaut pour poser Tiny house seule ou au cœur d'un projet collectif - Habitat Groupé Solidaire,recherche terrain hainaut,https://www.habitat-groupe.be/petites-annonces/demandes-location/hainaut/recherche-terrain-hainaut-pour-poser-tiny-house-seule-ou-au-coeur-dun-projet-collectif,2026-09-28
www.habitat-groupe.be,Recherche un emplacement pour un habitat léger - Habitat Groupé Solidaire,emplacement habitat léger,https://www.habitat-groupe.be/petites-annonces/habitat-leger/hainaut/recherche-un-emplacement-pour-un-habitat-leger,2026-09-28
www.habitat-groupe.be,2 chambres libres dans spacieuse colocation (à Rebecq) - Habitat Groupé Solidaire,chambres libres spacieuse,https://www.habitat-groupe.be/petites-annonces/offres-location/brabant-wallon/2-chambres-libres-dans-spacieuse-colocation-a-rebecq,2026-09-28
www.hebertimmobilier.fr,"Investissement locatif à Saint-Germain-en-Laye : potentiel, rendements et pièges à éviter",saint germain laye,https://www.hebertimmobilier.fr/immobilier/investissement-locatif-saint-germain-en-laye,2026-09-28
www.homedome.fr,Combien coûte la pompe à chaleur Viessmann Vitocal 100 ? - Home Dome,pompe chaleur viessmann,https://www.homedome.fr/combien-coute-la-pompe-a-chaleur-viessmann-vitocal-100,2026-09-28
www.homedome.fr,Comment moderniser les abords d'une maison grâce à une nouvelle clôture ? - Home Dome,grâce nouvelle clôture,https://www.homedome.fr/comment-moderniser-les-abords-dune-maison-grace-a-une-nouvelle-cloture,2026-09-28
www.homedome.fr,Comment trouver une femme de ménage de confiance ? - Home Dome,trouver femme ménage,https://www.homedome.fr/comment-trouver-une-femme-de-menage-de-confiance,2026-09-28
www.homedome.fr,Ménage à domicile : que valent vraiment les avis des clients ? - Home Dome,ménage domicile,https://www.homedome.fr/menage-a-domicile-que-valent-vraiment-les-avis-des-clients,2026-09-28
www.homedome.fr,Panneau photovoltaïque français : quels fabricants et à quel prix ? - Home Dome,panneau photovoltaïque français,https://www.homedome.fr/panneau-photovoltaique-francais-quels-fabricants-et-a-quel-prix,2026-09-28
www.homedome.fr,Panneau solaire pérovskite : quel prix pour cette technologie récente ? - Home Dome,panneau solaire pérovskite,https://www.homedome.fr/panneau-solaire-perovskite-quel-prix-pour-cette-technologie-recente,2026-09-28
www.homedome.fr,Panneau solaire portatif : bien choisir selon vos besoins d'énergie - Home Dome,panneau solaire portatif,https://www.homedome.fr/panneau-solaire-portatif-bien-choisir-selon-vos-besoins-denergie,2026-09-28
www.homedome.fr,Quel type de pompe à chaleur choisir selon son logement ? - Home Dome,pompe chaleur choisir,https://www.homedome.fr/quel-type-de-pompe-a-chaleur-choisir-selon-son-logement,2026-09-28
www.homedome.fr,Quelles sont les aides pour une pompe à chaleur ? - Home Dome,aides pompe chaleur,https://www.homedome.fr/quelles-sont-les-aides-pour-une-pompe-a-chaleur,2026-09-28
www.homedome.fr,Résidence principale : quelles garanties prévoir dans votre assurance habitation ? - Home Dome,résidence principale,https://www.homedome.fr/residence-principale-quelles-garanties-prevoir-dans-votre-assurance-habitation,2026-09-28
www.homedome.fr,Service d'aide ménagère : comment trouver la formule adaptée - Home Dome,service aide ménagère,https://www.homedome.fr/service-daide-menagere-comment-trouver-la-formule-adaptee,2026-09-28
www.immobilier-web.fr,Assurance habitation : qui est réellement couvert par le contrat ? - Immobilier Web,assurance habitation,https://www.immobilier-web.fr/assurance-habitation-qui-est-reellement-couvert-par-le-contrat,2026-09-28
www.immobilier-web.fr,Assurance multirisque habitation MACSF : garanties et tarifs - Immobilier Web,assurance multirisque habitation,https://www.immobilier-web.fr/assurance-multirisque-habitation-macsf-garanties-et-tarifs,2026-09-28
www.immobilier-web.fr,Combien coûte une assurance propriétaire non occupant ? - Immobilier Web,assurance propriétaire non,https://www.immobilier-web.fr/combien-coute-une-assurance-proprietaire-non-occupant,2026-09-28
www.immobilier-web.fr,Souscrire une assurance habitation à Roanne : prix et garanties - Immobilier Web,souscrire assurance habitation,https://www.immobilier-web.fr/souscrire-une-assurance-habitation-a-roanne-prix-et-garanties,2026-09-28
www.immoguru.fr,C'est quoi une assurance multirisque habitation exactement ? - ImmoGuru,assurance multirisque habitation,https://www.immoguru.fr/cest-quoi-une-assurance-multirisque-habitation-exactement,2026-09-28
www.immoguru.fr,Comparer les offres d'assurance habitation à Rodez avant de souscrire - ImmoGuru,rodez avant souscrire,https://www.immoguru.fr/comparer-les-offres-dassurance-habitation-a-rodez-avant-de-souscrire,2026-09-28
www.immoguru.fr,Faire une demande de devis assurance habitation sans engagement - ImmoGuru,demande devis assurance,https://www.immoguru.fr/faire-une-demande-de-devis-assurance-habitation-sans-engagement,2026-09-28
www.immoguru.fr,Quelle assurance choisir quand on est locataire d'un logement ? - ImmoGuru,est locataire logement,https://www.immoguru.fr/quelle-assurance-choisir-quand-on-est-locataire-dun-logement,2026-09-28
www.immomatin.com,SeLoger neuf lance Top Position pour booster la visibilité des programmes - Immo Matin,position booster visibilité,https://www.immomatin.com/portails/sites-professionnels/seloger-neuf-lance-top-position-pour-booster-la-visibilite-des-programmes.html,2026-09-28
www.immoproxima.fr,Assurance habitation occupant : quelles garanties choisir ? - Immo Proxima,assurance habitation occupant,https://www.immoproxima.fr/assurance-habitation-occupant-quelles-garanties-choisir,2026-09-28
www.immoproxima.fr,Franchise assurance habitation : ce que le locataire doit savoir - Immo Proxima,franchise assurance habitation,https://www.immoproxima.fr/franchise-assurance-habitation-ce-que-le-locataire-doit-savoir,2026-09-28
www.immorush.fr,Assurance habitation à Creil : comment trouver le meilleur tarif ? - ImmoRush,assurance habitation creil,https://www.immorush.fr/assurance-habitation-a-creil-comment-trouver-le-meilleur-tarif,2026-09-28
www.immorush.fr,Assurance multirisque étudiant : quelle formule choisir pour son logement ? - ImmoRush,assurance multirisque étudiant,https://www.immorush.fr/assurance-multirisque-etudiant-quelle-formule-choisir-pour-son-logement,2026-09-28
www.immorush.fr,Ce que révèle UFC Que choisir sur les assurances habitation - ImmoRush,ufc que choisir,https://www.immorush.fr/ce-que-revele-ufc-que-choisir-sur-les-assurances-habitation,2026-09-28
www.immorush.fr,Comment rédiger une lettre de résiliation d'assurance habitation ? - ImmoRush,lettre résiliation assurance,https://www.immorush.fr/comment-rediger-une-lettre-de-resiliation-dassurance-habitation,2026-09-28
www.immorush.fr,Comment résilier son assurance habitation à la Banque postale ? - ImmoRush,habitation banque postale,https://www.immorush.fr/comment-resilier-son-assurance-habitation-a-la-banque-postale,2026-09-28
www.immorush.fr,Comment résilier son assurance habitation sans état des lieux ? - ImmoRush,résilier son assurance,https://www.immorush.fr/comment-resilier-son-assurance-habitation-sans-etat-des-lieux,2026-09-28
www.immorush.fr,Dégât des eaux : que couvre vraiment l'assurance habitation ? - ImmoRush,dégât eaux,https://www.immorush.fr/degat-des-eaux-que-couvre-vraiment-lassurance-habitation,2026-09-28
www.immorush.fr,Faire une simulation d'assurance multirisque habitation avant de souscrire - ImmoRush,simulation assurance multirisque,https://www.immorush.fr/faire-une-simulation-dassurance-multirisque-habitation-avant-de-souscrire,2026-09-28
www.lamaisondechloe.fr,"Idées déco : styles, astuces et créations faciles",idées déco,https://www.lamaisondechloe.fr/deco-ch,2026-09-28
www.lamaisondechloe.fr,Déco jardin avec vieille chaise : idées de récup faciles,jardin vieille chaise,https://www.lamaisondechloe.fr/deco-jardin-avec-vieille-chaise,2026-09-28
www.lamaisondechloe.fr,"Déco de Noël de table : idées, styles et DIY faciles",déco noël table,https://www.lamaisondechloe.fr/deco-noel-de-table,2026-09-28
www.lamaisondechloe.fr,Décoration citrouille Halloween peinture : idées et méthode,décoration citrouille halloween,https://www.lamaisondechloe.fr/decoration-citrouille-halloween-peinture,2026-09-28
www.lamaisondechloe.fr,Décorer une poutre en bois ou en béton : idées et conseils,décorer poutre bois,https://www.lamaisondechloe.fr/decorer-une-poutre,2026-09-28
www.lamaisondechloe.fr,Entretenir les iris : soins après floraison et toute l'année,entretenir iris,https://www.lamaisondechloe.fr/entretenir-les-iris,2026-09-28
www.lamaisondechloe.fr,Nettoyage mur avant peinture : produits et méthode,nettoyage mur avant,https://www.lamaisondechloe.fr/nettoyage-mur-avant-peinture,2026-09-28
www.lamaisondechloe.fr,Peindre un mur de couleur ou en 2 couleurs sans baver,mur couleur couleurs,https://www.lamaisondechloe.fr/peindre-couleur-bois,2026-09-28
www.lamaisondechloe.fr,Peindre un crépi intérieur ou extérieur : méthode complète,peindre crépi intérieur,https://www.lamaisondechloe.fr/peindre-crepis,2026-09-28
www.lamaisondechloe.fr,Peindre des faïences : cuisine et salle de bains,peindre faïences,https://www.lamaisondechloe.fr/peindre-des-faiences,2026-09-28
www.lamaisondechloe.fr,"Peindre du pin : méthode pour pin brut, noueux et autoclave",peindre pin,https://www.lamaisondechloe.fr/peindre-du-pin,2026-09-28
www.lamaisondechloe.fr,"Peindre la tapisserie : peinture, rouleau et méthode",peindre tapisserie,https://www.lamaisondechloe.fr/peindre-la-tapisserie,2026-09-28
www.lamaisondechloe.fr,Peindre un lino au sol ou au mur : méthode et peinture,peindre lino sol,https://www.lamaisondechloe.fr/peindre-lino,2026-09-28
www.lamaisondechloe.fr,Peindre une terrasse en bois ou en dalles : la méthode,peindre terrasse bois,https://www.lamaisondechloe.fr/peindre-une-terrasse,2026-09-28
www.ma-propriete.fr,Investir en LMNP d’occasion : rentabilité et avantages | MA-PROPRIETE.FR,investir lmnp occasion,https://www.ma-propriete.fr/fr/blog/investir-en-lmnp-doccasion-rentabilite-et-avantages,2026-09-28
www.ma-propriete.fr,Propriété de charme à 20 minutes de plages landaises | MA-PROPRIETE.FR,minutes plages landaises,https://www.ma-propriete.fr/fr/equestre/proprietes-equestres/landes/propriete-de-charme-a-20-minutes-de-plages-landaises,2026-09-28
www.ma-propriete.fr,"ORLEANS-SAINT JEAN LE BLANC, Rare propriété du XVIIIème revisitée par un architecte, parc paysager, piscine , élégance et prestations haut de gamme | MA-PROPRIETE.FR",saint jean blanc,https://www.ma-propriete.fr/fr/prestige/maison-de-maitre-belle-demeure/loiret/orleans-saint-jean-le-blanc-rare-propriete-du-xviiieme-revisitee-par-un-architecte-parc-paysager-piscine-elegance-et-prestations-haut-de-gamme,2026-09-28
www.ma-propriete.fr,Corps de ferme avec Maison bourgeoise à vendre - Au nord de Soissons (02 Aisne) (14km) – maison de 335 m² -6 chambres - Dépendances - Garages – Hangars- Terrain 1.18ha | MA-PROPRIETE.FR,ferme maison bourgeoise,https://www.ma-propriete.fr/fr/rurale/maison-de-campagne/aisne/corps-de-ferme-avec-maison-bourgeoise-a-vendre-au-nord-de-soissons-02-aisne-14km-maison-de-335-m2-6-chambres-dependances-garages-hangars-terrain-1-18ha,2026-09-28
www.ma-propriete.fr,MAISON DE CARACTERE avec beaucoup de DEPENDANCES | MA-PROPRIETE.FR,maison caractere beaucoup,https://www.ma-propriete.fr/fr/rurale/maison-de-campagne/charente/maison-de-caractere-avec-beaucoup-de-dependances,2026-09-28
www.ma-propriete.fr,Maison d'architecte basque à 10 minutes du centre de Saint-Jean-De-Luz | MA-PROPRIETE.FR,maison architecte basque,https://www.ma-propriete.fr/fr/rurale/maison-de-campagne/pyrenees-atlantiques/maison-darchitecte-basque-a-10-minutes-du-centre-de-saint-jean-de-luz,2026-09-28
www.maisonreflet.fr,Décaper à la lessive de soude : usages et sécurité,décaper lessive soude,https://www.maisonreflet.fr/decaper-a-la-lessive-de-soude-usages-et-securite,2026-09-28
www.mes-bons-plans.fr,Code promo Bagage24 : -40% en septembre 2026 | Mes Bons Plans,code promo bagage24,https://mes-bons-plans.fr/bagage24-fr,2026-09-28
www.mes-bons-plans.fr,Code promo Cartridgemonkey septembre 2026 : encres et toners | Mes Bons Plans,promo cartridgemonkey septembre,https://mes-bons-plans.fr/cartridgemonkey,2026-09-28
www.mes-bons-plans.fr,Code promo Cybercart Ee : Septembre 2026 - Bons Plans | Mes Bons Plans,code promo cybercart,https://mes-bons-plans.fr/cybercart-ee,2026-09-28
www.mes-bons-plans.fr,Guides voyage & loisirs : astuces et bons plans pour partir moins cher | Mes Bons Plans,guides voyage loisirs,https://mes-bons-plans.fr/guides/voyage,2026-09-28
www.mes-bons-plans.fr,"Loisirs moins chers en 1970 : cinéma, parcs, restaurants, sensations fortes | Mes Bons Plans",loisirs moins chers,https://mes-bons-plans.fr/guides/voyage/loisirs-moins-chers,2026-09-28
www.mes-bons-plans.fr,Voyager moins cher en 1970 : le guide complet | Mes Bons Plans,voyager moins cher,https://mes-bons-plans.fr/guides/voyage/voyager-moins-cher,2026-09-28
www.monconseillerimmo.com,"Changer d'assurance habitation avec la loi Hamon, comment procéder ? - Mon Conseiller Immo",assurance habitation loi,https://www.monconseillerimmo.com/changer-dassurance-habitation-avec-la-loi-hamon-comment-proceder,2026-09-28
www.monconseillerimmo.com,Devis assurance habitation en Martinique : comment comparer les offres - Mon Conseiller Immo,assurance habitation martinique,https://www.monconseillerimmo.com/devis-assurance-habitation-en-martinique-comment-comparer-les-offres,2026-09-28
www.monconseillerimmo.com,Faut-il comparer plusieurs offres d'assurance habitation à Beauvais ? - Mon Conseiller Immo,plusieurs offres assurance,https://www.monconseillerimmo.com/faut-il-comparer-plusieurs-offres-dassurance-habitation-a-beauvais,2026-09-28
www.monconseillerimmo.com,Panorama des assurances habitation pour trouver la formule adaptée - Mon Conseiller Immo,panorama assurances habitation,https://www.monconseillerimmo.com/panorama-des-assurances-habitation-pour-trouver-la-formule-adaptee,2026-09-28
www.monconseillerimmo.com,Résilier son assurance habitation après une vente immobilière - Mon Conseiller Immo,résilier son assurance,https://www.monconseillerimmo.com/resilier-son-assurance-habitation-apres-une-vente-immobiliere,2026-09-28
www.monconseillerimmo.com,"Résilier son assurance habitation grâce à la loi Hamon, mode d'emploi - Mon Conseiller Immo",résilier son assurance,https://www.monconseillerimmo.com/resilier-son-assurance-habitation-grace-a-la-loi-hamon-mode-demploi,2026-09-28
www.monconseillerimmo.com,Trouver une assurance habitation pas chère à Lyon - Mon Conseiller Immo,pas chère lyon,https://www.monconseillerimmo.com/trouver-une-assurance-habitation-pas-chere-a-lyon,2026-09-28
www.monde-immobilier.com,Assurance habitation pour un meublé étudiant : que choisir - Monde Immobilier,assurance habitation meublé,https://www.monde-immobilier.com/assurance-habitation-pour-un-meuble-etudiant-que-choisir,2026-09-28
www.monde-immobilier.com,Obtenir un devis d'assurance multirisque habitation rapidement - Monde Immobilier,assurance multirisque habitation,https://www.monde-immobilier.com/obtenir-un-devis-dassurance-multirisque-habitation-rapidement,2026-09-28
www.monde-immobilier.com,Peut-on utiliser une assurance habitation comme justificatif de domicile ? - Monde Immobilier,utiliser assurance habitation,https://www.monde-immobilier.com/peut-on-utiliser-une-assurance-habitation-comme-justificatif-de-domicile,2026-09-28
www.monde-immobilier.com,Puis-je résilier mon assurance habitation à tout moment ? - Monde Immobilier,puis je résilier,https://www.monde-immobilier.com/puis-je-resilier-mon-assurance-habitation-a-tout-moment,2026-09-28
www.monde-immobilier.com,Quel prix pour une assurance loyer impayé locataire ? - Monde Immobilier,quel prix assurance,https://www.monde-immobilier.com/quel-prix-pour-une-assurance-loyer-impaye-locataire,2026-09-28
www.monde-immobilier.com,Trouver la meilleure assurance habitation à Puteaux - Monde Immobilier,assurance habitation puteaux,https://www.monde-immobilier.com/trouver-la-meilleure-assurance-habitation-a-puteaux,2026-09-28
www.pole-immo.fr,Le marché de l'immobilier le Vésinet en 2026 : évolutions et impacts,marché immobilier vésinet,https://www.pole-immo.fr/acheter-au-vesinet-en-2026-ce-que-le-rer-a-a-change-sur-les-prix,2026-09-28
www.portail-immobilier.fr,Assurance habitation à Pau : comment comparer les offres locales ? - Portail Immobilier,assurance habitation pau,https://www.portail-immobilier.fr/assurance-habitation-a-pau-comment-comparer-les-offres-locales,2026-09-28
www.portail-immobilier.fr,Assurance obligatoire pour un appartement en location : les règles - Portail Immobilier,assurance obligatoire appartement,https://www.portail-immobilier.fr/assurance-obligatoire-pour-un-appartement-en-location-les-regles,2026-09-28
www.tropheesdelamaison.com,"À Pontoise, comment dénicher la bonne femme de ménage - Les Trophées de la Maison",bonne femme ménage,https://www.tropheesdelamaison.com/a-pontoise-comment-denicher-la-bonne-femme-de-menage,2026-09-28
www.tropheesdelamaison.com,Associer pompe à chaleur et chauffe-eau pour réduire sa facture - Les Trophées de la Maison,associer pompe chaleur,https://www.tropheesdelamaison.com/associer-pompe-a-chaleur-et-chauffe-eau-pour-reduire-sa-facture,2026-09-28
www.tropheesdelamaison.com,Le personnage de la femme de ménage dans American Horror Story - Les Trophées de la Maison,ménage american horror,https://www.tropheesdelamaison.com/le-personnage-de-la-femme-de-menage-dans-american-horror-story,2026-09-28
www.tropheesdelamaison.com,Limiter les nuisances acoustiques d'une pompe à chaleur au jardin - Les Trophées de la Maison,pompe chaleur jardin,https://www.tropheesdelamaison.com/limiter-les-nuisances-acoustiques-dune-pompe-a-chaleur-au-jardin,2026-09-28
www.tropheesdelamaison.com,Organiser un ménage à domicile à Rueil-Malmaison en toute confiance - Les Trophées de la Maison,organiser ménage domicile,https://www.tropheesdelamaison.com/organiser-un-menage-a-domicile-a-rueil-malmaison-en-toute-confiance,2026-09-28
www.tropheesdelamaison.com,Pompe à chaleur Thermor : ce qu'il faut savoir avant de commander - Les Trophées de la Maison,pompe chaleur thermor,https://www.tropheesdelamaison.com/pompe-a-chaleur-thermor-ce-quil-faut-savoir-avant-de-commander,2026-09-28
www.tropheesdelamaison.com,Quel est le prix d'une installation de pompe à chaleur ? - Les Trophées de la Maison,installation pompe chaleur,https://www.tropheesdelamaison.com/quel-est-le-prix-dune-installation-de-pompe-a-chaleur,2026-09-28
www.vudailleurs.com,Bâle III : Le piège du crédit européen,bâle iii,https://www.vudailleurs.com/bale-iii-output-floor-reglementation-bancaire-croissance-europeenne,2026-09-28
www.vudailleurs.com,Guerre hybride : la menace sur les câbles sous-marins,guerre hybride,https://www.vudailleurs.com/cables-sous-marins-guerre-hybride,2026-09-28
www.vudailleurs.com,Guerre commerciale : le bouclier RSE redessine les M&A,guerre commerciale,https://www.vudailleurs.com/guerre-commerciale-bouclier-rse-fusions-acquisitions,2026-09-28
www.vudailleurs.com,Hervé Pierre nommé chef du cabinet militaire du Premier ministre,pierre nommé chef,https://www.vudailleurs.com/herve-pierre-chef-cabinet-militaire-premier-ministre,2026-09-28
www.vudailleurs.com,Krach halieutique : la sardine révèle nos fragilités,krach halieutique,https://www.vudailleurs.com/krach-halieutique-sardine-fragilite-chaine-alimentaire,2026-09-28
www.vudailleurs.com,Qui est Yacine Bongo Ondimba ? Portrait de la fille d'Omar Bongo,bongo ondimba portrait,https://www.vudailleurs.com/qui-est-yacine-bongo-ondimba-gabon,2026-09-28
www.vudailleurs.com,Rheinmetall : Contrat MCO pour 4 navires douaniers GNL,rheinmetall,https://www.vudailleurs.com/rheinmetall-maintenance-navires-douane-gnl,2026-09-28
www.vudailleurs.com,Rheinmetall & OTAN : Protection des ports à REPMUS26,rheinmetall otan,https://www.vudailleurs.com/rheinmetall-otan-repmus26-securite-maritime,2026-09-28
www.vudailleurs.com,Souveraineté des paiements : L'Europe face à Visa et Mastercard,souveraineté paiements,https://www.vudailleurs.com/souverainete-paiements-europe-visa-mastercard-euro-numerique,2026-09-28
www.vudailleurs.com,"Vanguard, BlackRock, ETF : la dépossession de l'Europe",vanguard blackrock etf,https://www.vudailleurs.com/vanguard-blackrock-etf-depossession-actionnaires-europeens,2026-09-28
