domain,title,keyword_keybert,url,detected_on
123-deco.fr,Aménager un salon-salle à manger chaleureux et accessible - 132-deco.fr,salle manger chaleureux,https://123-deco.fr/amenagement-salon-salle-a-manger,2026-09-22
123-deco.fr,Transformez votre cuisine sans travaux : avant et après - 132-deco.fr,transformez votre cuisine,https://123-deco.fr/cuisine-transformee-sans-travaux,2026-09-22
123-deco.fr,Des cuisines élégantes à prix accessibles : nos idées déco - 132-deco.fr,cuisines élégantes prix,https://123-deco.fr/cuisines-elegantes-accessibles,2026-09-22
123-deco.fr,Transformez un appartement ancien en un espace moderne et accueillant - 132-deco.fr,espace moderne accueillant,https://123-deco.fr/renovation-appartement-etroit-espace-ouvert,2026-09-22
allianz-entrepros.fr,Alliez originalité et engagement avec des cadeaux d'entreprise personnalisés - Allianz Entre Pros,engagement cadeaux entreprise,https://allianz-entrepros.fr/cadeaux-entreprise-personnalises,2026-09-22
allianz-entrepros.fr,Reste à vivre minimum par personne : le barème 2026 - Allianz Entre Pros,vivre minimum personne,https://allianz-entrepros.fr/reste-a-vivre-minimum-par-personne-le-bareme-2026,2026-09-22
appart-garden.com,Yucca 🌿 : Pourquoi Ses Feuilles Tombent-elles ?,yucca,https://appart-garden.com/yucca-feuilles-tombantes,2026-09-22
art-pluriel.fr,Style Japandi : Quelle faïence choisir pour une salle de bain zen et minimaliste ? - Art Pluriel,style japandi,https://art-pluriel.fr/style-japandi-faience-salle-de-bain-zen,2026-09-22
artisan-conseils.fr,Astuces pour agrandir l'apparence de votre salle de bain - Artisan-conseils.fr,votre salle bain,https://artisan-conseils.fr/agrandir-apparence-salle-bain,2026-09-22
artisan-conseils.fr,7 idées déco astucieuses pour votre coin toilettes - Artisan-conseils.fr,votre coin toilettes,https://artisan-conseils.fr/idees-deco-dessus-toilettes,2026-09-22
artisan-conseils.fr,Transformez votre salle de bain avec du vinyle - Artisan-conseils.fr,transformez votre salle,https://artisan-conseils.fr/salle-de-bain-revetement-vinyle,2026-09-22
artisan-conseils.fr,29 idées de tablettes flottantes au-dessus des toilettes - Artisan-conseils.fr,flottantes dessus toilettes,https://artisan-conseils.fr/tablettes-flottantes-toilettes-idees,2026-09-22
artisan-conseils.fr,"Transformation complète d'un appartement à Ruzafa, Valencia - Artisan-conseils.fr",appartement ruzafa valencia,https://artisan-conseils.fr/transformation-appartement-ruzafa-valencia,2026-09-22
batiment-actualites.fr,25 idées d'aménagement de piscine avec carrelages - batiment-actualites.fr,aménagement piscine carrelages,https://batiment-actualites.fr/amenagement-piscine-carrelage,2026-09-22
batiment-actualites.fr,Astuces pour agrandir visuellement votre petit appartement - batiment-actualites.fr,votre petit appartement,https://batiment-actualites.fr/astuces-aggrandir-appartement-petit,2026-09-22
batiment-actualites.fr,Des maisons de montagne à couper le souffle - batiment-actualites.fr,maisons montagne couper,https://batiment-actualites.fr/maisons-de-montagne-inspirantes,2026-09-22
batiment-actualites.fr,Découvrez les maisons avec des piscines naturelles au design unique - batiment-actualites.fr,maisons piscines naturelles,https://batiment-actualites.fr/piscines-naturelles-design-unique,2026-09-22
batiment-actualites.fr,Découvrez les piscines naturelles inspirées de Lincolnshire - batiment-actualites.fr,naturelles inspirées lincolnshire,https://batiment-actualites.fr/piscines-naturelles-inspirees-lincolnshire,2026-09-22
cabinet-i-immobilier.fr,Ce que les taux immobiliers révèlent sur votre capacité à emprunter - I-Immobilier,que taux immobiliers,https://cabinet-i-immobilier.fr/ce-que-les-taux-immobiliers-revelent-sur-votre-capacite-a-emprunter,2026-09-22
ccae.fr,Terhexagone-Immo Lille : Vos Solutions Immobilières à Lille 🏡,terhexagone immo lille,https://ccae.fr/terhexagone-immo-lille,2026-09-22
cerclemediateursbancaires.fr,C'est fini pour les vendeurs qui cachent un conflit de voisinage : ce que l'acheteur peut encore exiger après la signature - CMB,vendeurs qui cachent,https://cerclemediateursbancaires.fr/cest-fini-pour-les-vendeurs-qui-cachent-un-conflit-de-voisinage-ce-que-lacheteur-peut-encore-exiger-apres-la-signature,2026-09-22
cerclemediateursbancaires.fr,« Je pensais que le fisc ne m'écouterait jamais » : pourquoi cet avis d'imposition ne m'a finalement rien coûté d'un coup - CMB,pensais que fisc,https://cerclemediateursbancaires.fr/je-pensais-que-le-fisc-ne-mecouterait-jamais-pourquoi-cet-avis-dimposition-ne-ma-finalement-rien-coute-dun-coup,2026-09-22
cerclemediateursbancaires.fr,"J'épargnais 200 € par mois pour toucher 1 000 € de plus à la retraite : en agence, mon conseiller a sorti un chiffre que je n'avais pas vu venir - CMB",épargnais 200 mois,https://cerclemediateursbancaires.fr/jepargnais-200-e-par-mois-pour-toucher-1-000-e-de-plus-a-la-retraite-en-agence-mon-conseiller-a-sorti-un-chiffre-que-je-navais-pas-vu-venir,2026-09-22
cerclemediateursbancaires.fr,Plus personne ne dépose un gros chèque sans être questionné : voici à partir de quel montant votre banque se méfie - CMB,chèque sans être,https://cerclemediateursbancaires.fr/plus-personne-ne-depose-un-gros-cheque-sans-etre-questionne-voici-a-partir-de-quel-montant-votre-banque-se-mefie,2026-09-22
cerclemediateursbancaires.fr,Plus personne ne rachète ses trimestres manquants avant de partir : voici ce que change l'âge de 67 ans - CMB,rachète ses trimestres,https://cerclemediateursbancaires.fr/plus-personne-ne-rachete-ses-trimestres-manquants-avant-de-partir-voici-ce-que-change-lage-de-67-ans,2026-09-22
cgt-76.fr,Domgrav com : Nouvelle Adresse et Streaming Gratuit Fiable ? 🎬,domgrav com,https://cgt-76.fr/domgrav-com,2026-09-22
cgt-76.fr,Mille Pattes Dans La Maison : Que Faire Pour Les Éliminer ? 🐛,mille pattes maison,https://cgt-76.fr/mille-pattes-dans-la-maison,2026-09-22
chantier-expert.fr,Créez vos propres œuvres d'art avec de l'argile autodurcissante - Chantier-expert.fr,art argile autodurcissante,https://chantier-expert.fr/argile-autodurcissante-guide-creation-art,2026-09-22
chantier-expert.fr,Art mural moderne : visages abstraits à adopter chez vous - Chantier-expert.fr,art mural moderne,https://chantier-expert.fr/art-mural-visages-abstraits,2026-09-22
chantier-expert.fr,Créer des œuvres d'art en argile magique à la maison - Chantier-expert.fr,argile magique maison,https://chantier-expert.fr/creations-argile-magique-maison,2026-09-22
chantier-expert.fr,Décorez votre intérieur avec une toile acrylique inspirante - Chantier-expert.fr,toile acrylique inspirante,https://chantier-expert.fr/toile-acrylique-deco-interieur,2026-09-22
chantier-expert.fr,Inspiration pour des toiles florales abstraites en déco - Chantier-expert.fr,inspiration toiles florales,https://chantier-expert.fr/toiles-florales-abstraites-deco,2026-09-22
deco-et-vous.fr,Créez un bureau minimaliste et chaleureux à la maison - Deco-et-vous.fr,bureau minimaliste chaleureux,https://deco-et-vous.fr/bureau-minimaliste-chaleureux,2026-09-22
deco-et-vous.fr,Comment décorer sa chambre dans un style bohème apaisant ? - Deco-et-vous.fr,style bohème apaisant,https://deco-et-vous.fr/decoration-chambre-style-boheme,2026-09-22
deco-et-vous.fr,17 idées de peintures grises pour une déco bohème cocooning - Deco-et-vous.fr,déco bohème cocooning,https://deco-et-vous.fr/idees-peinture-grise-deco-boheme,2026-09-22
deco-et-vous.fr,29 idées de tapis bohèmes pour un salon harmonieux - Deco-et-vous.fr,bohèmes salon harmonieux,https://deco-et-vous.fr/idees-tapis-bohemes-salon,2026-09-22
deco-habitat-mag.fr,7 astuces pratiques pour un foyer toujours impeccable - deco-habitat-mag.fr,pratiques foyer toujours,https://deco-habitat-mag.fr/astuces-foyer-impeccable,2026-09-22
deco-habitat-mag.fr,Erreurs à éviter pour une maison moderne et accueillante - deco-habitat-mag.fr,éviter maison moderne,https://deco-habitat-mag.fr/erreurs-a-eviter-maison-moderne,2026-09-22
deco-habitat-mag.fr,Comment nettoyer facilement des casseroles brûlées ? - deco-habitat-mag.fr,facilement casseroles brûlées,https://deco-habitat-mag.fr/nettoyer-casseroles-brulees-facilement,2026-09-22
deco-habitat-mag.fr,8 conseils pour nettoyer une maison en désordre - deco-habitat-mag.fr,nettoyer maison désordre,https://deco-habitat-mag.fr/nettoyer-maison-desordree-conseils,2026-09-22
deco-interieur-conseil.fr,Aménagez un jardin méditerranéen plein de charme - Deco-interieur-conseil.fr,méditerranéen plein charme,https://deco-interieur-conseil.fr/amenagement-jardin-mediterraneen,2026-09-22
deco-interieur-conseil.fr,Découvrez les champs de lavande : couleurs et matériaux tendance - Deco-interieur-conseil.fr,découvrez champs lavande,https://deco-interieur-conseil.fr/champs-lavande-couleurs-materiaux-tendance,2026-09-22
deco-interieur-conseil.fr,Fleurs de lavande : leurs magnifiques nuances ensoleillées - Deco-interieur-conseil.fr,fleurs lavande,https://deco-interieur-conseil.fr/fleurs-lavande-nuances-ensoleillees,2026-09-22
deco-interieur-conseil.fr,Les impressions florales de lavande pour un intérieur apaisant - Deco-interieur-conseil.fr,impressions florales lavande,https://deco-interieur-conseil.fr/impressions-florales-lavande-deco-apaisante,2026-09-22
deco-interieur-conseil.fr,Un livre ouvert à découvrir avec un ruban violet - Deco-interieur-conseil.fr,découvrir ruban violet,https://deco-interieur-conseil.fr/livre-ouvert-ruban-violet,2026-09-22
decoparty.fr,Jardin zen pas cher : 10 idées à petit budget,zen pas cher,https://decoparty.fr/jardin-zen-pas-cher-10-idees-pour-creer-une-ambiance-apaisante-avec-un-petit-budget,2026-09-22
domeus-constructions.fr,Bâche Transparente : Comment Bien La Choisir ?,bâche transparente,https://domeus-constructions.fr/choisir-bache-transparente-usage-matiere-epaisseur-fixation,2026-09-22
domindo.fr,Bâti-support WC : les étapes clés d'une installation réussie,bâti support wc,https://www.domindo.fr/bati-support-wc-les-etapes-cles-d-une-installation-reussie,2026-09-22
domindo.fr,Valeur prise de terre : norme et méthodes de mesure,valeur prise terre,https://www.domindo.fr/dimensionnement-chantier/mesure-prise-terre,2026-09-22
favrat-ossature-bois.fr,Soudure à Froid Cuivre : Réparer Une Fuite Sans Chalumeau,soudure froid cuivre,https://favrat-ossature-bois.fr/soudure-froid-cuivre-reparer-fuite-tuyau,2026-09-22
foyerlumina.fr,Comparaison des meilleures tables de jardin : quels critères regarder avant d’acheter ?,meilleures tables jardin,https://foyerlumina.fr/comparaison-des-meilleures-tables-de-jardin-quels-criteres-regarder-avant-dacheter,2026-09-22
foyerlumina.fr,Robot tondeuse Cramer : avis et modèles pour votre jardin,robot tondeuse cramer,https://foyerlumina.fr/robot-tondeuse-cramer-avis-et-modeles-pour-votre-jardin,2026-09-22
foyerluxuria.fr,Jardin en restanque : un aménagement méditerranéen durable,jardin restanque,https://foyerluxuria.fr/jardin-en-restanque-un-amenagement-mediterraneen-durable,2026-09-22
habitat-infos.fr,Aménager votre maison avec un constructeur sur mesure à Toronto - Habitat-infos.fr,constructeur mesure toronto,https://habitat-infos.fr/amenagement-maison-constructeur-sur-mesure-toronto,2026-09-22
habitat-infos.fr,15 astuces élégantes pour décorer votre mur de télévision - Habitat-infos.fr,votre mur télévision,https://habitat-infos.fr/astuces-deco-mur-television,2026-09-22
habitat-infos.fr,Aménagez une bibliothèque en placo pour un intérieur chaleureux - Habitat-infos.fr,aménagez bibliothèque placo,https://habitat-infos.fr/bibliotheque-en-placo-deco-pratique,2026-09-22
habitat-infos.fr,Fabriquez votre propre bibliothèque : 10 tutos créatifs et accessibles - Habitat-infos.fr,votre propre bibliothèque,https://habitat-infos.fr/tutos-fabriquer-bibliotheque,2026-09-22
harmonie-maison.fr,Fourmis dans la maison : 5 conseils pour s’en débarrasser durablement - Harmonie Maison,fourmis maison,https://harmonie-maison.fr/fourmis-dans-la-maison,2026-09-22
harmonie-maison.fr,Solution miracle pour déboucher les WC : méthodes efficaces à connaître - Harmonie Maison,miracle déboucher wc,https://harmonie-maison.fr/solution-miracle-pour-deboucher-les-wc,2026-09-22
horizons-patrimoine.fr,Belfort quartier à éviter : liste complète des zones sensibles,belfort quartier éviter,https://horizons-patrimoine.fr/immobilier/belfort-quartier-a-eviter-liste-complete-des-zones-sensibles,2026-09-22
horizons-patrimoine.fr,Private equity : un levier de diversification patrimoniale,private equity,https://horizons-patrimoine.fr/investissement/private-equity-quel-role-dans-une-strategie-de-diversification-patrimoniale,2026-09-22
housingfirstguide.eu,Assurance copropriété : checklist des clauses et exclusions avant de signer - Housing First Guide,assurance copropriété,https://housingfirstguide.eu/assurance-copropriete-checklist-clauses-exclusions-avant-signer,2026-09-22
immo-libre.fr,Les quartiers à éviter à Hellemmes,quartiers éviter hellemmes,https://immo-libre.fr/quartiers-a-eviter-hellemmes,2026-09-22
immo-patrimoine-conseil.fr,Ce qu'il faut acheter pour votre location meublée - Immo-patrimoine-conseil.fr,votre location meublée,https://immo-patrimoine-conseil.fr/achats-indispensables-location-meublee,2026-09-22
immo-patrimoine-conseil.fr,Comprendre les crédits immobiliers : Guide complet - Immo-patrimoine-conseil.fr,comprendre crédits immobiliers,https://immo-patrimoine-conseil.fr/comprendre-credits-immobiliers-guide-complet,2026-09-22
immo-patrimoine-conseil.fr,Gérez votre budget facilement avec ce modèle gratuit - Immo-patrimoine-conseil.fr,votre budget facilement,https://immo-patrimoine-conseil.fr/gerer-budget-efficacement-modele-gratuit,2026-09-22
immo-patrimoine-conseil.fr,9 isolants d'hiver plus efficaces que la mousse - Immo-patrimoine-conseil.fr,isolants hiver,https://immo-patrimoine-conseil.fr/isolants-hiver-alternatifs,2026-09-22
immo-patrimoine-conseil.fr,Découvrez la rénovation moderne d'une maison au nord de Paris - Immo-patrimoine-conseil.fr,rénovation moderne maison,https://immo-patrimoine-conseil.fr/renovation-maison-nord-paris,2026-09-22
immocompare.org,Meilleure agence immobilière en ligne : classement 2026 🔥,agence immobilière ligne,https://immocompare.org/agence-immobiliere-en-ligne,2026-09-22
immocompare.org,Century 21 avis : une bonne agence immobilière en 2025 ? 🤔,century 21 avis,https://immocompare.org/agence-immobiliere-en-ligne/century-21-avis,2026-09-22
immocompare.org,Foncia avis : une agence immobilière (ou syndic) à éviter ?,foncia avis,https://immocompare.org/agence-immobiliere-en-ligne/foncia-avis,2026-09-22
immocompare.org,Homeloop avis : Le fast and furious de l’immobilier,homeloop avis,https://immocompare.org/agence-immobiliere-en-ligne/homeloop-avis,2026-09-22
immocompare.org,Homki avis : les clés du paradis pour vendre votre bien ?,homki avis,https://immocompare.org/agence-immobiliere-en-ligne/homki-avis,2026-09-22
immocompare.org,ORPI avis 2025 : une agence immobilière à éviter ? 🧐,orpi avis 2025,https://immocompare.org/agence-immobiliere-en-ligne/orpi-avis,2026-09-22
immocompare.org,Stéphane Plaza Immobilier avis : une agence à éviter en 2025 ? 🤔,stéphane plaza immobilier,https://immocompare.org/agence-immobiliere-en-ligne/stephane-plaza-immobilier-avis,2026-09-22
immocompare.org,Tarif gestion locative Foncia : combien allez-vous payer ? 🤔,tarif gestion locative,https://immocompare.org/agence-immobiliere-en-ligne/tarif-gestion-locative-foncia,2026-09-22
immocompare.org,"Trackstone avis : investir dans un bien déjà loué, bonne idée ?",trackstone avis,https://immocompare.org/agence-immobiliere-en-ligne/trackstone-avis,2026-09-22
immocompare.org,Welmo avis: agence en ligne low-cost ou réelles économies ?,cost réelles économies,https://immocompare.org/agence-immobiliere-en-ligne/welmo-avis,2026-09-22
immocompare.org,Zefir avis : l'immobilier au pays du partage ?,zefir avis,https://immocompare.org/agence-immobiliere-en-ligne/zefir-avis,2026-09-22
immocompare.org,Zefir ou Homeloop : quelle agence immobilière choisir ?,zefir homeloop,https://immocompare.org/agence-immobiliere-en-ligne/zefir-ou-homeloop,2026-09-22
immocompare.org,Assurance loyers impayés (GLI) : le comparatif 2026 ultime 🔥,assurance loyers impayés,https://immocompare.org/assurance-loyers-impayes,2026-09-22
immocompare.org,Assurance PNO : le comparatif 2025 🔥,assurance pno,https://immocompare.org/assurance-pno,2026-09-22
immocompare.org,Acheel avis 2025 : ce que vous devez savoir avant de souscrire 👀,acheel avis 2025,https://immocompare.org/assurances-habitation/acheel-avis,2026-09-22
immocompare.org,Lemonade avis : un bon assureur en 2025 ?,lemonade avis,https://immocompare.org/assurances-habitation/lemonade-avis,2026-09-22
immocompare.org,Blog - Immocompare,blog,https://immocompare.org/blog,2026-09-22
immocompare.org,180 MILLIONS investis : le mensonge du cashflow en immobilier,180 millions investis,https://immocompare.org/blog/180-millions-investis-il-raconte-le-mensonge-du-cashflow-en-immobilier-co-fondateur-imavenir,2026-09-22
immocompare.org,5 questions à se poser pour calculer la rentabilité locative,calculer rentabilité locative,https://immocompare.org/blog/5-questions-a-se-poser-pour-calculer-la-rentabilite-locative,2026-09-22
immocompare.org,Comment optimiser au mieux sa fiscalité avec JD2M ?,mieux sa fiscalité,https://immocompare.org/blog/70k-investisseurs-accompagnes-comment-optimiser-au-mieux-sa-fiscalite-avec-jd2m,2026-09-22
immocompare.org,Accompagnement investissement immobilier : le guide 2025 🔥,accompagnement investissement immobilier,https://immocompare.org/blog/accompagnement-investissement-immobilier,2026-09-22
immocompare.org,Acheter ou louer sa résidence principale : la fin du débat ! 💪,acheter louer sa,https://immocompare.org/blog/acheter-ou-louer-sa-residence-principale,2026-09-22
immocompare.org,Acheter un studio pour le louer : bonne ou mauvais idée ?,acheter studio louer,https://immocompare.org/blog/acheter-un-studio-pour-le-louer-guide-complet-pour-un-investissement-immobilier-locatif-rentable,2026-09-22
immocompare.org,Agence investissement locatif : le guide ultime pour 2025 🔥,agence investissement locatif,https://immocompare.org/blog/agence-investissement-locatif,2026-09-22
immocompare.org,Anaxago ou Homunity ? - ImmoCompare,anaxago homunity,https://immocompare.org/blog/anaxago-ou-homunity,2026-09-22
immocompare.org,Pourquoi changer d’assurance emprunteur ?,pourquoi changer assurance,https://immocompare.org/blog/assurance-habitation-en-colocation-garanties-formules-conseils,2026-09-22
immocompare.org,L'audit énergétique : essentiel pour un investissement locatif en 2023 ?,audit énergétique,https://immocompare.org/blog/audit-energetique-pourquoi-essentiel-investissement-locatif,2026-09-22
immocompare.org,"Bail commercial en résidence étudiante, ce que vous devez savoir",résidence étudiante que,https://immocompare.org/blog/bail-commercial-residence-etudiante-immobilier,2026-09-22
immocompare.org,BoursoFirst avis : une révolution pour votre épargne en 2025 ? 🧐,boursofirst avis,https://immocompare.org/blog/boursofirst-avis,2026-09-22
immocompare.org,Calcul du rendement locatif : un indicateur clé en 2025 🔥,calcul rendement locatif,https://immocompare.org/blog/calcul-du-rendement-locatif-un-indicateur-cle,2026-09-22
immocompare.org,Calcul plus-value immobilière : ce que vous devez savoir - ImmoCompare,calcul plus value,https://immocompare.org/blog/calcul-plus-value-immobiliere,2026-09-22
immocompare.org,Cash flow immobilier : La clé pour réussir son investissement locatif,cash flow immobilier,https://immocompare.org/blog/cash-flow-en-immobilier-la-cle-pour-reussir-votre-investissement-locatif,2026-09-22
immocompare.org,Interviews - Immocompare,interviews,https://immocompare.org/blog/category/interviews,2026-09-22
immocompare.org,Coach investissement immobilier : une vraie arnaque en 2025 ? 🤔,coach investissement immobilier,https://immocompare.org/blog/coach-investissement-immobilier,2026-09-22
immocompare.org,Top 5 des sociétés qui proposent de la colocation clé en main,proposent colocation clé,https://immocompare.org/blog/colocation-cle-en-main-avis,2026-09-22
immocompare.org,Comment améliorer son DPE ? Le guide complet - Immocompare,améliorer son dpe,https://immocompare.org/blog/comment-ameliorer-son-dpe,2026-09-22
immocompare.org,Comment devenir marchand de biens ? Le guide complet - Immocompare,devenir marchand biens,https://immocompare.org/blog/comment-devenir-marchand-de-biens,2026-09-22
immocompare.org,Comment investir dans l'immobilier avec un petit budget en 2026 ? - Immocompare,immobilier petit budget,https://immocompare.org/blog/comment-investir-dans-limmobilier-avec-un-petit-budget,2026-09-22
immocompare.org,Optimiser le rendement locatif de votre investissement immobilier,votre investissement immobilier,https://immocompare.org/blog/comment-optimiser-rendement-locatif-investissement-immobilier,2026-09-22
immocompare.org,Comment sécuriser son projet immobilier ? - Immocompare,son projet immobilier,https://immocompare.org/blog/comment-securiser-son-projet-immobilier,2026-09-22
immocompare.org,Comment s’y prendre pour obtenir un rachat de crédit immobilier ?,rachat crédit immobilier,https://immocompare.org/blog/comment-sy-prendre-pour-obtenir-un-rachat-de-credit-immobilier,2026-09-22
immocompare.org,Comment vendre son bien immobilier en Suisse ? - Immocompare,son immobilier suisse,https://immocompare.org/blog/comment-vendre-son-bien-immobilier-en-suisse,2026-09-22
immocompare.org,"Crowdfunding Immobilier, une bonne idée en 2025 ?",crowdfunding immobilier bonne,https://immocompare.org/blog/crowdfunding-immobilier-2025,2026-09-22
immocompare.org,Crowdfunding immobilier : notre avis - ImmoCompare,crowdfunding immobilier,https://immocompare.org/blog/crowdfunding-immobilier-avis-fonctionne,2026-09-22
immocompare.org,Devenir rentier immobilier : encore possible en 2025 ? 🤔,devenir rentier immobilier,https://immocompare.org/blog/devenir-rentire-immobilier,2026-09-22
immocompare.org,FAQ Archive - Immocompare,faq archive,https://immocompare.org/blog/faq,2026-09-22
immocompare.org,Faut-il investir dans un logement étudiant à Lille ?,logement étudiant lille,https://immocompare.org/blog/faut-il-investir-dans-un-logement-etudiant-a-lille,2026-09-22
immocompare.org,"La fiscalité, l'ennemie du rendement ?",fiscalité ennemie rendement,https://immocompare.org/blog/faut-il-toujours-investir-dans-le-crowdfunding-en-2024,2026-09-22
immocompare.org,Générer un revenu passif grâce à l'investissement locatif - ImmoCompare,passif grâce investissement,https://immocompare.org/blog/generer-revenu-passif-investissement-locatif,2026-09-22
immocompare.org,Gestion d’une location saisonnière - Immocompare,gestion location saisonnière,https://immocompare.org/blog/gestion-location-saisonniere,2026-09-22
immocompare.org,Glossaire immobilier - ImmoCompare,glossaire immobilier,https://immocompare.org/blog/glossaire-immobilier,2026-09-22
immocompare.org,Hosman en redressement judiciaire : les raisons d’un échec,hosman redressement judiciaire,https://immocompare.org/blog/hosman-en-redressement-judiciaire-les-raisons-dun-echec,2026-09-22
immocompare.org,Immeuble de rapport clé en main : bonne idée en 2025 ? 🤔,immeuble rapport clé,https://immocompare.org/blog/immeuble-de-rapport-cle-en-main,2026-09-22
immocompare.org,Immocompare avis : qu'en pensent nos lecteurs ?,immocompare avis,https://immocompare.org/blog/immocompare-avis,2026-09-22
immocompare.org,Investir en Espagne et réussir son investissement immobilier locatif,investir espagne réussir,https://immocompare.org/blog/investir-espagne-reussir-investissement-immobilier-locatif,2026-09-22
immocompare.org,Investir dans l'immobilier en 2024 : l'opportunité de la décennie ? - ImmoCompare,investir immobilier 2024,https://immocompare.org/blog/investir-immobilier-2024,2026-09-22
immocompare.org,Investir dans l’immobilier parisien,investir immobilier parisien,https://immocompare.org/blog/investir-immobilier-parisien-2024,2026-09-22
immocompare.org,Investissement immobilier à haut rendement : le guide complet - Immocompare,investissement immobilier haut,https://immocompare.org/blog/investissement-immobilier-a-haut-rendement-le-guide-complet-pour-maximiser-sa-rentabilite,2026-09-22
immocompare.org,Top 3 sociétés d'investissement locatif clé en main Rennes - ImmoCompare,sociétés investissement locatif,https://immocompare.org/blog/investissement-immobilier-locatif-cle-en-main-a-rennes,2026-09-22
immocompare.org,Top 3 sociétés d'investissement locatif clé en main Nantes - ImmoCompare,clé main nantes,https://immocompare.org/blog/investissement-immobilier-locatif-cle-en-main-nantes,2026-09-22
immocompare.org,Top 3 sociétés d'investissement locatif clé en main Toulouse - ImmoCompare,top sociétés investissement,https://immocompare.org/blog/investissement-immobilier-locatif-cle-en-main-toulouse,2026-09-22
immocompare.org,Top 4 sociétés d'investissement locatif clé en main à Lyon,top sociétés investissement,https://immocompare.org/blog/investissement-locatif-cle-en-main-lyon,2026-09-22
immocompare.org,Investissement Locatif.com ou Masteos : lequel choisir ?,investissement locatif com,https://immocompare.org/blog/investissement-locatif-com-ou-masteos,2026-09-22
immocompare.org,Comment optimiser au mieux sa fiscalité avec JD2M ?,mieux sa fiscalité,https://immocompare.org/blog/investissement-locatif-manuel-ravier-interview,2026-09-22
immocompare.org,Investissement locatif ou résidence principale ? - ImmoCompare,investissement locatif résidence,https://immocompare.org/blog/investissement-locatif-residence-principale,2026-09-22
immocompare.org,Investissement responsable : comment allier performance et impact ?,investissement responsable,https://immocompare.org/blog/investissement-responsable-comment-allier-performance-et-impact,2026-09-22
immocompare.org,Investisseurs étrangers : quel intérêt pour l’immobilier de prestige à Lyon ?,investisseurs étrangers,https://immocompare.org/blog/investisseurs-etrangers-quel-interet-pour-limmobilier-de-prestige-a-lyon,2026-09-22
immocompare.org,La loi Duflot : une option fiscale intéressante,loi duflot,https://immocompare.org/blog/la-loi-duflot-dans-limmobilier-locatif-une-approche-engageante-et-facile-a-comprendre,2026-09-22
immocompare.org,Investissement responsable : comment allier performance et impact ?,investissement responsable,https://immocompare.org/blog/le-guide-complet-sur-la-societe-civile-immobiliere-sci,2026-09-22
immocompare.org,Le top des formations immobilière en ligne gratuites,top formations immobilière,https://immocompare.org/blog/le-top-des-formations-immobiliere-en-ligne-gratuites,2026-09-22
immocompare.org,Le TRI immobilier : l'indicateur à connaître absolument,tri immobilier,https://immocompare.org/blog/le-tri-immobilier-lindicateur-ultime-pour-mesurer-son-rendement,2026-09-22
immocompare.org,Tout comprendre sur les frais des SCPI,comprendre frais scpi,https://immocompare.org/blog/les-frais-scpi-comprendre-linvestissement-dans-les-societes-civiles-de-placement-immobilier,2026-09-22
immocompare.org,Simulation de rachat de crédit : les 6 meilleures plateformes - Immocompare,simulation rachat crédit,https://immocompare.org/blog/les-meilleures-plateformes-pour-simuler-un-rachat-de-credit,2026-09-22
immocompare.org,Les meilleurs quartiers parisiens où investir en 2025,où investir 2025,https://immocompare.org/blog/les-meilleurs-quartiers-parisiens-ou-investir-en-2025,2026-09-22
immocompare.org,L'importance de la gestion locative pour un investissement locatif,locative investissement locatif,https://immocompare.org/blog/limportance-de-la-gestion-locative-dans-le-cadre-dun-investissement-locatif,2026-09-22
immocompare.org,LMNP clé en main : ces entreprises vous le proposent - ImmoCompare,lmnp clé main,https://immocompare.org/blog/lmnp-cle-en-main-ces-entreprises-vous-le-proposent,2026-09-22
immocompare.org,"LMNP, colocation, meublé : les nouveaux visages de l’investissement locatif",lmnp colocation meublé,https://immocompare.org/blog/lmnp-colocation-meuble-les-nouveaux-visages-de-linvestissement-locatif,2026-09-22
immocompare.org,La location nue : un investissement immobilier locatif à fort potentiel - ImmoCompare,location nue,https://immocompare.org/blog/location-nue-investissement-immobilier-fort-potentiel,2026-09-22
immocompare.org,Masteos ou ses concurrents : qui choisir ? - ImmoCompare,masteos ses concurrents,https://immocompare.org/blog/masteos-ou-ses-concurrents-qui-choisir,2026-09-22
immocompare.org,Masteos en redressement judiciaire : les raisons d’un échec - ImmoCompare,masteos redressement judiciaire,https://immocompare.org/blog/masteos-redressement-judiciaire-faillite,2026-09-22
immocompare.org,Le meilleur investissement immobilier n'existe pas ! - ImmoCompare,meilleur investissement immobilier,https://immocompare.org/blog/meilleur-investissement-immobilier,2026-09-22
immocompare.org,TOP 5 des meilleurs logiciels de gestion locative en 2025 🔥,top meilleurs logiciels,https://immocompare.org/blog/meilleur-logiciel-gestion-locative,2026-09-22
immocompare.org,Meilleure assurance emprunteur : comment trouver l’offre la plus avantageuse ? - Immocompare,meilleure assurance emprunteur,https://immocompare.org/blog/meilleure-assurance-emprunteur-comment-trouver-loffre-la-plus-avantageuse,2026-09-22
immocompare.org,"Mes Allocs avis 2026, le service est-il fiable ? - Immocompare",service est il,https://immocompare.org/blog/mes-allocs-avis-2026-le-service-est-il-fiable,2026-09-22
immocompare.org,"L'immobilier off market, comment accéder aux meilleures opportunités ?",market accéder meilleures,https://immocompare.org/blog/off-market-comment-acceder-meilleures-opportunites-immobilieres,2026-09-22
immocompare.org,"Le ""permis de louer"" : tout ce que vous devez savoir - ImmoCompare",permis louer,https://immocompare.org/blog/permis-de-louer-tout-savoir,2026-09-22
immocompare.org,Pour quels types de biens le prêt à taux zéro peut-il être demandé ?,biens prêt taux,https://immocompare.org/blog/pour-quels-types-de-biens-le-pret-a-taux-zero-peut-il-etre-demande,2026-09-22
immocompare.org,Pourquoi changer d’assurance emprunteur ?,pourquoi changer assurance,https://immocompare.org/blog/pourquoi-changer-dassurance-emprunteur,2026-09-22
immocompare.org,Pourquoi faire appel à un chasseur immobilier ?,appel chasseur immobilier,https://immocompare.org/blog/pourquoi-faire-appel-a-un-chasseur-immobilier,2026-09-22
immocompare.org,Prêt immobilier et assurance : les 5 erreurs qui coûtent cher (et comment les éviter),prêt immobilier assurance,https://immocompare.org/blog/pret-immobilier-et-assurance-les-5-erreurs-qui-coutent-cher-et-comment-les-eviter,2026-09-22
immocompare.org,Private Equity immobilier vs SCPI : lequel offre le meilleur couple rendement-risque sur 5 ans ? - Immocompare,equity immobilier scpi,https://immocompare.org/blog/private-equity-vs-scpi,2026-09-22
immocompare.org,Les différentes attributions d'un promoteur immobilier,attributions promoteur immobilier,https://immocompare.org/blog/promoteur-immobilier,2026-09-22
immocompare.org,Quel est le meilleur courtier en travaux ? - Immocompare,meilleur courtier travaux,https://immocompare.org/blog/quel-est-le-meilleur-courtier-en-travaux,2026-09-22
immocompare.org,"Qu'est-ce qu'un DPE projeté ? Définition, Procédure et Obligations - Immocompare",définition procédure obligations,https://immocompare.org/blog/quest-ce-quun-dpe-projete,2026-09-22
immocompare.org,"Rendement moyen : définition, calcul et fonctionnement - ImmoCompare",rendement moyen,https://immocompare.org/blog/rendement-moyen-definition-calcul-fonctionnement,2026-09-22
immocompare.org,Combien coûte la rénovation d'un bien immobilier parisien ?,rénovation immobilier parisien,https://immocompare.org/blog/renovation-bien-immobilier,2026-09-22
immocompare.org,SCPI danger : ce que vous devez savoir avant d’investir - ImmoCompare,scpi danger,https://immocompare.org/blog/scpi-danger-ce-que-vous-devez-savoir-avant-dinvestir,2026-09-22
immocompare.org,"Signature électronique bail : cadre légal, étapes et outils - Immocompare",signature électronique bail,https://immocompare.org/blog/signature-electronique-bail,2026-09-22
immocompare.org,"La sous location immobilière selon Sebastien More, expert du sujet",immobilière selon sebastien,https://immocompare.org/blog/sous-location-immobiliere-sebastien-more,2026-09-22
immocompare.org,Comprendre les statuts juridiques du crowdfunding immobilier,juridiques crowdfunding immobilier,https://immocompare.org/blog/statuts-juridiques-crowdfunding-immobilier-cip-psi-ifp-psfp,2026-09-22
immocompare.org,Tarif comptable LMNP : notre guide complet 2026 - Immocompare,tarif comptable lmnp,https://immocompare.org/blog/tarif-comptable-lmnp,2026-09-22
immocompare.org,Tarif comptable SCI : le comparatif 2025 ultime 🔥,tarif comptable sci,https://immocompare.org/blog/tarif-comptable-sci,2026-09-22
immocompare.org,Les tarifs de gestion locative en 2026 - Immocompare,gestion locative 2026,https://immocompare.org/blog/tarif-gestion-locative,2026-09-22
immocompare.org,Tarif syndic pour petite copropriété le comparatif ultime 🔥,copropriété comparatif ultime,https://immocompare.org/blog/tarif-syndic-pour-petite-copropriete,2026-09-22
immocompare.org,Taxe foncière : tout comprendre sur cet impôt,taxe foncière,https://immocompare.org/blog/taxe-fonciere,2026-09-22
immocompare.org,Formation investissement immobilier CPF - Immocompare,investissement immobilier cpf,https://immocompare.org/blog/top-3-des-formations-en-investissement-immobilier-eligibles-au-cpf,2026-09-22
immocompare.org,Les meilleurs logiciels de gestion locative gratuits - Immocompare,meilleurs logiciels gestion,https://immocompare.org/blog/top-3-des-meilleurs-logiciels-de-gestion-locative-gratuits,2026-09-22
immocompare.org,Tout ce que vous devez savoir sur l'amortissement en immobilier,savoir amortissement immobilier,https://immocompare.org/blog/tout-ce-que-vous-devez-savoir-sur-les-amortissements-dans-linvestissement-immobilier-locatif,2026-09-22
immocompare.org,Tout comprendre sur l'effet de levier appliqué à l'immobilier - ImmoCompare,levier appliqué immobilier,https://immocompare.org/blog/tout-comprendre-sur-leffet-de-levier-applique-a-limmobilier,2026-09-22
immocompare.org,Tout savoir sur la rentabilité d'un investissement locatif - ImmoCompare,savoir rentabilité investissement,https://immocompare.org/blog/tout-savoir-sur-la-rentabilite-dun-investissement-locatif,2026-09-22
immocompare.org,Villa de luxe à vendre : critères et zones phares pour bien choisir en 2026 - Immocompare,villa luxe vendre,https://immocompare.org/blog/villa-de-luxe-a-vendre-criteres-et-zones-phares-pour-bien-choisir-en-2026,2026-09-22
immocompare.org,Kretz Club avis : ce qu'on ne vous dit pas 🤫,kretz club avis,https://immocompare.org/club-deal-immobilier/kretz-club-avis,2026-09-22
immocompare.org,Monego avis : la meilleure façon d'investir dans le crowdfunding ? - Immocompare,monego avis,https://immocompare.org/club-deal-immobilier/monego-avis,2026-09-22
immocompare.org,Meilleure conciergerie Airbnb : le top 5 en 2026 🔥,meilleure conciergerie airbnb,https://immocompare.org/conciergerie-airbnb,2026-09-22
immocompare.org,Guestready : avis complet sur la plateforme de conciergerie Airbnb,guestready,https://immocompare.org/conciergerie-airbnb/avis-guestready,2026-09-22
immocompare.org,Avis Hobe : une bonne conciergerie en 2026 ?,avis hobe,https://immocompare.org/conciergerie-airbnb/avis-hobe,2026-09-22
immocompare.org,Conciergerie Airnb Book&Pay : avis & analyse 2024,conciergerie airnb book,https://immocompare.org/conciergerie-airbnb/bookpay-avis,2026-09-22
immocompare.org,HostnFly avis : test et analyse 2025 de la conciergerie Airbnb,hostnfly avis,https://immocompare.org/conciergerie-airbnb/hostnfly-avis,2026-09-22
immocompare.org,Wecasa ménage avis : un bon service en 2025 ? 🤔,wecasa ménage avis,https://immocompare.org/conciergerie-airbnb/wecasa-avis,2026-09-22
immocompare.org,Avis Wehost : test & analyse de la conciergerie Airnb,avis wehost,https://immocompare.org/conciergerie-airbnb/wehost-avis,2026-09-22
immocompare.org,Constructeur de maison individuelle dans le Rhône - Immocompare,maison individuelle rhône,https://immocompare.org/constructeur-maison-individuelle/avis-les-constructions-regionales,2026-09-22
immocompare.org,Plateforme de crowdfunding immobilier : le comparatif 2026 - Immocompare,plateforme crowdfunding immobilier,https://immocompare.org/crowdfunding-immobilier,2026-09-22
immocompare.org,Anaxago avis : investir en crowdfunding immobilier sans risque ?,anaxago avis,https://immocompare.org/crowdfunding-immobilier/avis-anaxago,2026-09-22
immocompare.org,Baltis Avis - ImmoCompare,baltis avis,https://immocompare.org/crowdfunding-immobilier/avis-baltis,2026-09-22
immocompare.org,Avis Finple - ImmoCompare,avis finple,https://immocompare.org/crowdfunding-immobilier/avis-finple,2026-09-22
immocompare.org,Avis Fundimmo,avis fundimmo,https://immocompare.org/crowdfunding-immobilier/avis-fundimmo,2026-09-22
immocompare.org,Homunity avis : peut-on leur faire confiance en 2025 ? 🤔,homunity avis,https://immocompare.org/crowdfunding-immobilier/avis-homunity,2026-09-22
immocompare.org,Avis Raizers - ImmoCompare,avis raizers,https://immocompare.org/crowdfunding-immobilier/avis-raizers,2026-09-22
immocompare.org,Bienprêter avis : y a t'il anguille sous roche ?,bienprêter avis,https://immocompare.org/crowdfunding-immobilier/bienpreter-avis-y-a-til-anguille-sous-roche,2026-09-22
immocompare.org,Blast Club avis : une très mauvaise idée ?,blast club avis,https://immocompare.org/crowdfunding-immobilier/blast-club-avis-sur-le-nouveau-concept-danthony-bourbon,2026-09-22
immocompare.org,"Clubfunding avis : investir avec le leader du marché, une erreur ?",clubfunding avis,https://immocompare.org/crowdfunding-immobilier/clubfunding-avis,2026-09-22
immocompare.org,Les Entreprêteurs avis : une bonne idée pour investir en 2024 ?,entreprêteurs avis,https://immocompare.org/crowdfunding-immobilier/entrepreteur-avis,2026-09-22
immocompare.org,Koregraf avis : l'analyse détaillée de cette société !,koregraf avis,https://immocompare.org/crowdfunding-immobilier/koregraf-avis,2026-09-22
immocompare.org,"La Première Brique, avis sur cette plateforme de crowdfunding​",cette plateforme crowdfunding,https://immocompare.org/crowdfunding-immobilier/la-premiere-brique-avis,2026-09-22
immocompare.org,Royaltiz avis négatif : un site à éviter pour les investisseurs !,royaltiz avis négatif,https://immocompare.org/crowdfunding-immobilier/royaltiz-avis,2026-09-22
immocompare.org,Tokimo avis : ce que vous devez savoir avant d'investir !,tokimo avis,https://immocompare.org/crowdfunding-immobilier/tokimo-avis,2026-09-22
immocompare.org,Tudigo avis : la loterie nouvelle génération ?,tudigo avis,https://immocompare.org/crowdfunding-immobilier/tudigo-avis,2026-09-22
immocompare.org,Avis Financière Outre Mer : 20% de rentabilité en 2026 ?,avis financière outre,https://immocompare.org/defiscalisation/avis-financiere-outre-mer,2026-09-22
immocompare.org,Acheter sa résidence principale ou rester locataire - Notre Excel gratuit,principale rester locataire,https://immocompare.org/excel-estimation-residence-principale-vs-location,2026-09-22
immocompare.org,Comparatif 2026 : les meilleures formations marchand de biens CPF - Immocompare,comparatif 2026,https://immocompare.org/formation-marchand-de-biens,2026-09-22
immocompare.org,Carolin Arthaud : notre avis sur sa formation de marchand de biens - Immocompare,carolin arthaud,https://immocompare.org/formation-marchand-de-biens/avis-carolin-arthaud,2026-09-22
immocompare.org,MDB Academy avis : la meilleure formation marchand de biens ? - Immocompare,mdb academy avis,https://immocompare.org/formation-marchand-de-biens/avis-mdb-academy,2026-09-22
immocompare.org,Club MDB avis : que vaut la formation de Maxence Chabbert ? 👀,club mdb avis,https://immocompare.org/formation-marchand-de-biens/club-mdb-maxence-chabert-avis,2026-09-22
immocompare.org,Formations en Investissement Immobilier : Comparatif 2026 - Immocompare,formations investissement immobilier,https://immocompare.org/formations-investissement-immobilier,2026-09-22
immocompare.org,Axio Formation : notre avis d'expert en 2026 🧐,axio formation,https://immocompare.org/formations-investissement-immobilier/avis-axio-formation,2026-09-22
immocompare.org,Emeline Siron : que vaut vraiment sa formation d'investissement ? - Immocompare,emeline siron,https://immocompare.org/formations-investissement-immobilier/avis-emeline-siron,2026-09-22
immocompare.org,Sebastien More avis : la formation pour la sous location,sebastien more avis,https://immocompare.org/formations-investissement-immobilier/avis-formation-bevouac-com,2026-09-22
immocompare.org,Avis formation Cédric Annicette - Immocompare,avis formation cédric,https://immocompare.org/formations-investissement-immobilier/avis-formation-cedric-annicette,2026-09-22
immocompare.org,Notre avis indépendant sur la formation de Christopher Wangen,formation christopher wangen,https://immocompare.org/formations-investissement-immobilier/avis-formation-christopher-wangen,2026-09-22
immocompare.org,Avis sur Focus & You la formation de Damien Lahmi,formation damien lahmi,https://immocompare.org/formations-investissement-immobilier/avis-formation-damien-lahmi,2026-09-22
immocompare.org,Avis sur Focus & You la formation de Damien Lahmi,formation damien lahmi,https://immocompare.org/formations-investissement-immobilier/avis-formation-damien-lahmi-2,2026-09-22
immocompare.org,Etienne Brois : notre avis positif sur sa formation - ImmoCompare,etienne brois,https://immocompare.org/formations-investissement-immobilier/avis-formation-etienne-brois,2026-09-22
immocompare.org,Go Rentier : notre avis favorable sur cette formation immobilière,go rentier,https://immocompare.org/formations-investissement-immobilier/avis-formation-go-rentier,2026-09-22
immocompare.org,Julien Malengo - Invest Preneur : avis sur sa formation,julien malengo,https://immocompare.org/formations-investissement-immobilier/avis-formation-julien-malengo,2026-09-22
immocompare.org,Avis formation MON PLAN IMMO - Anthony et Alexandre Ducreux,avis formation mon,https://immocompare.org/formations-investissement-immobilier/avis-formation-mon-plan-immo-les-freres-ducreux,2026-09-22
immocompare.org,Avis formation Olivier Seban - Immocompare,formation olivier seban,https://immocompare.org/formations-investissement-immobilier/avis-formation-olivier-seban,2026-09-22
immocompare.org,Avis formation Pierre Ollier - Immocompare,formation pierre ollier,https://immocompare.org/formations-investissement-immobilier/avis-formation-pierre-ollier,2026-09-22
immocompare.org,Avis formation Rémi Roche - Immo Academy - ImmoCompare,avis formation rémi,https://immocompare.org/formations-investissement-immobilier/avis-formation-remi-roche-immo-academy,2026-09-22
immocompare.org,Avis formation Stéphanie Milot - Immocompare,avis formation stéphanie,https://immocompare.org/formations-investissement-immobilier/avis-formation-stephanie-milot,2026-09-22
immocompare.org,Théophile Eliet : notre avis indépendant sur ses formations,théophile eliet,https://immocompare.org/formations-investissement-immobilier/avis-formation-theophile-eliet,2026-09-22
immocompare.org,Yann Darwin avis 2025 sur ses formations et sur Greenbull ❌,yann darwin avis,https://immocompare.org/formations-investissement-immobilier/avis-formation-yann-darwin,2026-09-22
immocompare.org,Matthieu Degli Innocenti avis sur sa formation en 2025,matthieu degli innocenti,https://immocompare.org/formations-investissement-immobilier/avis-matthieu-degli-innocenti,2026-09-22
immocompare.org,Ownrs Club avis : test et avis 2025 du club immobilier 🔥,ownrs club avis,https://immocompare.org/formations-investissement-immobilier/ownrs-club-avis,2026-09-22
immocompare.org,RGI avis d'exepert sur leur formtion en 2026 !,leur formtion 2026,https://immocompare.org/formations-investissement-immobilier/rgi-formation-avis,2026-09-22
immocompare.org,Sebastien More avis : la formation pour la sous location - ImmoCompare,sebastien more avis,https://immocompare.org/formations-investissement-immobilier/sebastien-more-avis-formation-sous-location,2026-09-22
immocompare.org,Gestion locative en ligne : Comparatif 2026 - Immocompare,gestion locative ligne,https://immocompare.org/gestion-locative,2026-09-22
immocompare.org,Monsieur Hugo avis : la solution à tous vos problèmes de gestion ?,monsieur hugo avis,https://immocompare.org/gestion-locative/avis-monsieur-hugo,2026-09-22
immocompare.org,"IAD Location & Gestion, notre avis sur la plateforme la plus solide du secteur ?",notre avis plateforme,https://immocompare.org/gestion-locative/homepilot-la-plateforme-la-plus-solide-du-secteur,2026-09-22
immocompare.org,"Avis complet sur Imodirect : tarifs, mise en location, gestion locative",avis imodirect,https://immocompare.org/gestion-locative/imodirect-tarifs-mise-location-gestion-locative-avis,2026-09-22
immocompare.org,La Gestion en ligne avis : bon gestionnaire en 2025 ? 🤔,gestion ligne avis,https://immocompare.org/gestion-locative/la-gestion-en-ligne-avis,2026-09-22
immocompare.org,Oqoro avis 2025 : la gestion locative miraculeuse ? 🤔,oqoro avis 2025,https://immocompare.org/gestion-locative/oqoro-avis-agence-locative-en-ligne,2026-09-22
immocompare.org,Paris Attitude avis : que vaut ce gestionnaire en 2026 ?,paris attitude avis,https://immocompare.org/gestion-locative/paris-attitude-avis,2026-09-22
immocompare.org,Meilleur cabinet gestion de patrimoine : classement 2026 🔥,meilleur cabinet gestion,https://immocompare.org/gestion-patrimoine,2026-09-22
immocompare.org,Milleis Banque avis : une bonne banque privée en 2025 ?,milleis banque avis,https://immocompare.org/gestion-patrimoine/milleis-banque-avis,2026-09-22
immocompare.org,Neofa avis : faut-il leur faire confiance en 2025 ?,neofa avis,https://immocompare.org/gestion-patrimoine/neofa-avis,2026-09-22
immocompare.org,Optivest avis : que vaut ce gestionnaire de patrimoine en ligne ?,optivest avis,https://immocompare.org/gestion-patrimoine/optivest-avis,2026-09-22
immocompare.org,Perlib avis : de l'argent bien placé ou pas ?,perlib avis,https://immocompare.org/gestion-patrimoine/perlib-avis,2026-09-22
immocompare.org,Quintésens avis : vont-ils vous rendre riche ?,quintésens avis,https://immocompare.org/gestion-patrimoine/quintesens-avis,2026-09-22
immocompare.org,Selexium avis : pouvez-vous leur confier votre argent ?,selexium avis,https://immocompare.org/gestion-patrimoine/selexium-avis,2026-09-22
immocompare.org,Investissement dans l'Immobilier fractionné : avis et comparatif,investissement immobilier fractionné,https://immocompare.org/immobilier-fractionne,2026-09-22
immocompare.org,Prello avis : un piège à éviter ou une opportunité ?,prello avis,https://immocompare.org/immobilier-fractionne/avis-prello,2026-09-22
immocompare.org,Bricks.co avis : bon ou mauvais investissement en 2025 ? 🤔,bricks co avis,https://immocompare.org/immobilier-fractionne/avis-sur-bricks-co,2026-09-22
immocompare.org,Avis d'expert sur Virgil : un bon moyen d'acheter ?,avis expert virgil,https://immocompare.org/immobilier-fractionne/avis-virgil,2026-09-22
immocompare.org,Wally : avis et analyse de la solution d'immobilier fractionné - %currentmonth% %currentyear%,wally,https://immocompare.org/immobilier-fractionne/avis-wally,2026-09-22
immocompare.org,Investir 100 euros dans l'immobilier avec Blocshare - Immocompare,euros immobilier blocshare,https://immocompare.org/immobilier-fractionne/blocshare-avis,2026-09-22
immocompare.org,Bloks.co décrypté : notre avis et points à considérer avant d'investir,bloks co décrypté,https://immocompare.org/immobilier-fractionne/bloks-notre-avis-sur-cette-nouvelle-solution,2026-09-22
immocompare.org,Equito avis : un investissement immobilier révolutionnaire ? 🧐,equito avis,https://immocompare.org/immobilier-fractionne/equito-avis,2026-09-22
immocompare.org,Immostates avis : s'exposer au marché immobilier Américain 👀,immostates avis,https://immocompare.org/immobilier-fractionne/immostates-avis,2026-09-22
immocompare.org,Livret P : notre avis négatif sur cette solution,livret,https://immocompare.org/immobilier-fractionne/livret-p-avis,2026-09-22
immocompare.org,Meute Invest : avis et analyse de la solution d'immobilier fractionné,meute invest,https://immocompare.org/immobilier-fractionne/meute-invest-avis,2026-09-22
immocompare.org,Riad Invest avis : investir à 15% de rentabilité ? 🧐,riad invest avis,https://immocompare.org/immobilier-fractionne/riad-invest-avis,2026-09-22
immocompare.org,Shares avis : arnaque ou révolution de l'investissement ?,shares avis,https://immocompare.org/immobilier-fractionne/shares-avis,2026-09-22
immocompare.org,Investissement Locatif Clé en Main : Comparatif 2026 - Immocompare,investissement locatif clé,https://immocompare.org/investissement-cle-en-main,2026-09-22
immocompare.org,110% mon avis sur l'agence clé en main en pleine croissance,avis agence clé,https://immocompare.org/investissement-cle-en-main/110-avis-cle-en-main,2026-09-22
immocompare.org,Micro-logement Paris : Faut-il investir avec Atom ? - Immocompare,micro logement paris,https://immocompare.org/investissement-cle-en-main/avis-atom,2026-09-22
immocompare.org,"Mon avis sur Beanstock, faut-il investir avec cette société ?",beanstock faut il,https://immocompare.org/investissement-cle-en-main/avis-beanstock,2026-09-22
immocompare.org,Avis sur Bevouac - Immocompare,avis bevouac,https://immocompare.org/investissement-cle-en-main/avis-bevouac,2026-09-22
immocompare.org,"Brickmeup avis, la fiche détaillée de leurs services et de leur offre",services leur offre,https://immocompare.org/investissement-cle-en-main/avis-brickmeup,2026-09-22
immocompare.org,Cash Flow Positif avis : une bonne idée ? 🤔,cash flow positif,https://immocompare.org/investissement-cle-en-main/avis-cash-flow-positif,2026-09-22
immocompare.org,Avis Catanéo : la meilleure agence d'investissement locatif ? - Immocompare,avis catanéo,https://immocompare.org/investissement-cle-en-main/avis-cataneo,2026-09-22
immocompare.org,Ever Invest avis - ImmoCompare,ever invest avis,https://immocompare.org/investissement-cle-en-main/avis-everinvest,2026-09-22
immocompare.org,ICM (Investissement Clés en Main) : notre avis favorable,icm investissement clés,https://immocompare.org/investissement-cle-en-main/avis-icm-investissement-cles-en-main,2026-09-22
immocompare.org,Découvrez notre avis mitigé sur Immocitiz avant d'investir,immocitiz avant investir,https://immocompare.org/investissement-cle-en-main/avis-immocitiz,2026-09-22
immocompare.org,Notre avis indépendant sur Investir dans l'Ancien - Immocompare,avis indépendant investir,https://immocompare.org/investissement-cle-en-main/avis-investir-dans-lancien,2026-09-22
immocompare.org,Investissement locatif.com : avis sur leur service clé en main,investissement locatif com,https://immocompare.org/investissement-cle-en-main/avis-investissement-locatif-com,2026-09-22
immocompare.org,Lokey avis : ce que vous devez absolument lire pour 2025 👀,lokey avis,https://immocompare.org/investissement-cle-en-main/avis-lokey,2026-09-22
immocompare.org,Notre avis impartial sur Maslow.immo,notre avis impartial,https://immocompare.org/investissement-cle-en-main/avis-maslow,2026-09-22
immocompare.org,Masteos avis : une agence clé en main à éviter en 2025 ? 🤔,masteos avis,https://immocompare.org/investissement-cle-en-main/avis-masteos,2026-09-22
immocompare.org,MILS avis : la référence pour investir à Perpignan ? - Immocompare,mils avis,https://immocompare.org/investissement-cle-en-main/avis-mils-mon-investissement-locatif-sur-mesure,2026-09-22
immocompare.org,Avis d'expert sur l'investissement clé en main avec myVesta,expert investissement clé,https://immocompare.org/investissement-cle-en-main/avis-myvesta,2026-09-22
immocompare.org,Oikos avis : tout ce que vous devez savoir avant d'investir,oikos avis,https://immocompare.org/investissement-cle-en-main/avis-oikos,2026-09-22
immocompare.org,Richard Group Investment avis : du cash flow positif ?,group investment avis,https://immocompare.org/investissement-cle-en-main/avis-richard-group-investment,2026-09-22
immocompare.org,Avis Shaka 2025 : société de confiance pour votre investissement ?,avis shaka 2025,https://immocompare.org/investissement-cle-en-main/avis-shaka,2026-09-22
immocompare.org,Notre avis d'expert sur Joust,notre avis expert,https://immocompare.org/investissement-cle-en-main/avis-sur-joust,2026-09-22
immocompare.org,Avis sur Les Secrets de l'Immo - Immocompare,avis secrets immo,https://immocompare.org/investissement-cle-en-main/avis-sur-les-secrets-de-limmo,2026-09-22
immocompare.org,Avis sur Patrimoni Conseil - Immocompare,avis patrimoni conseil,https://immocompare.org/investissement-cle-en-main/avis-sur-patrimoni-conseil,2026-09-22
immocompare.org,Topfrogs avis : l'investissement immobilier pour les expatriés 🧐,topfrogs avis,https://immocompare.org/investissement-cle-en-main/avis-topfrogs,2026-09-22
immocompare.org,Expat'immo avis : investissement idéal pour les expatriés ? 🤔,expat immo avis,https://immocompare.org/investissement-cle-en-main/expatimmo-avis,2026-09-22
immocompare.org,ImAvenir : notre avis favorable sur cet acteur francilien,imavenir,https://immocompare.org/investissement-cle-en-main/imavenir-avis,2026-09-22
immocompare.org,Immveo avis : un prestataire de confiance pour investir ? 🤔,immveo avis,https://immocompare.org/investissement-cle-en-main/immveo-avis,2026-09-22
immocompare.org,Invesloc avis : peut-on leur faire confiance ? 🤔,invesloc avis,https://immocompare.org/investissement-cle-en-main/invesloc-avis,2026-09-22
immocompare.org,Ouiker avis : la référence du clé en main en 2026 ? 🤔,ouiker avis,https://immocompare.org/investissement-cle-en-main/ouiker-avis,2026-09-22
immocompare.org,Vesta avis : faut-il investir avec eux ?,vesta avis,https://immocompare.org/investissement-cle-en-main/vesta-avis,2026-09-22
immocompare.org,Quel est le meilleur comptable et logiciel LMNP en ligne ? - Immocompare,logiciel lmnp ligne,https://immocompare.org/logiciel-comptabilite,2026-09-22
immocompare.org,Amarris Immo avis : un bon comptable en 2026 ?,amarris immo avis,https://immocompare.org/logiciel-comptabilite/amarris-immo-avis,2026-09-22
immocompare.org,"Avis Dougs 2026 : Tarifs, Avis Clients et Fonctionnalités - Immocompare",avis dougs 2026,https://immocompare.org/logiciel-comptabilite/avis-dougs,2026-09-22
immocompare.org,ComptaCom avis : la meilleure solution de comptabilité en ligne ?,comptacom avis,https://immocompare.org/logiciel-comptabilite/comptacom-avis,2026-09-22
immocompare.org,Comptastar avis : le logiciel de comptabilité pour votre SCI/LMNP,comptastar avis,https://immocompare.org/logiciel-comptabilite/comptastar-avis,2026-09-22
immocompare.org,"Contalim : avis, tarif, offre, analyse",contalim,https://immocompare.org/logiciel-comptabilite/contalim-avis-tarif-offres,2026-09-22
immocompare.org,Indy Comptabilité Avis 2026 - Immocompare,indy comptabilité avis,https://immocompare.org/logiciel-comptabilite/indy-comptabilite-avis,2026-09-22
immocompare.org,JD2M avis 2026 : le meilleur comptable LMNP en ligne ? - Immocompare,jd2m avis 2026,https://immocompare.org/logiciel-comptabilite/je-declare-mon-meuble-avis,2026-09-22
immocompare.org,Monsieur Hugo avis : le meilleur service fiscal en 2026 ?,monsieur hugo avis,https://immocompare.org/logiciel-comptabilite/monsieur-hugo-avis-logiciel-comptabilite,2026-09-22
immocompare.org,Nopillo avis : la comptabilité en ligne faite pour votre LMNP ?,nopillo avis,https://immocompare.org/logiciel-comptabilite/nopillo-avis,2026-09-22
immocompare.org,Decla.fr avis : ce que vous devez absolument savoir 🤫,decla fr avis,https://immocompare.org/logiciel-comptabilite/notre-avis-sans-detour-sur-decla-fr-tarifs-avantages-inconvenients,2026-09-22
immocompare.org,Qlower avis : la meilleure solution comptable du marché ?,qlower avis,https://immocompare.org/logiciel-comptabilite/qlower-avis,2026-09-22
immocompare.org,Meilleur réseau de mandataires immobilier : classement 2026 !,réseau mandataires immobilier,https://immocompare.org/mandataires-immobilier,2026-09-22
immocompare.org,AV Transaction : avis 2025 sur ce réseau de mandataires 🔥,av transaction,https://immocompare.org/mandataires-immobilier/avis-av-transaction,2026-09-22
immocompare.org,BSK Immobilier avis : bon réseau de mandataires en 2025 ? 🤔,bsk immobilier avis,https://immocompare.org/mandataires-immobilier/avis-bskimmobilier,2026-09-22
immocompare.org,Expertimo avis : que cachent les 100 % de commission ?,expertimo avis,https://immocompare.org/mandataires-immobilier/avis-expertimo,2026-09-22
immocompare.org,IAD avis : un réseau de mandataires immobiliers fait pour vous ?,iad avis,https://immocompare.org/mandataires-immobilier/avis-iad,2026-09-22
immocompare.org,SAFTI avis : un bon réseau de mandataires pour 2026 ? - Immocompare,safti avis,https://immocompare.org/mandataires-immobilier/avis-safti,2026-09-22
immocompare.org,IAD ou BSK Immobilier : quel réseau choisir en 2025 ? 🧐,iad bsk immobilier,https://immocompare.org/mandataires-immobilier/iad-ou-bsk-immobilier,2026-09-22
immocompare.org,IAD ou Safti : quel réseau de mandataires choisir en 2025 ? 🧐,iad safti,https://immocompare.org/mandataires-immobilier/iad-ou-safti,2026-09-22
immocompare.org,Meilleure assurance emprunteur en France [Comparatif 2025],meilleure assurance emprunteur,https://immocompare.org/meilleure-assurance-emprunteur,2026-09-22
immocompare.org,Les meilleurs outils pour investir dans l’immobilier - ImmoCompare,outils investir immobilier,https://immocompare.org/outils-investissement,2026-09-22
immocompare.org,123 loger avis : une solution miracle pour louer en 2025 ? 🤔,123 loger avis,https://immocompare.org/outils-investissement/123-loger-avis,2026-09-22
immocompare.org,Avis LyBox : Que retenir de cet outil d'investissement ? - Immocompare,avis lybox,https://immocompare.org/outils-investissement/avis-lybox,2026-09-22
immocompare.org,Vous hésitez à utiliser Yuno ? Découvrez notre avis sur cet outil,hésitez utiliser yuno,https://immocompare.org/outils-investissement/avis-yuno,2026-09-22
immocompare.org,"Castorus immobilier ce que vous devez savoir : avis, tarif, offre",castorus immobilier que,https://immocompare.org/outils-investissement/castorus-avis,2026-09-22
immocompare.org,Garantie Visale avis 2025 : une arnaque à éviter ? 🤔,visale avis 2025,https://immocompare.org/outils-investissement/garantie-visale-avis,2026-09-22
immocompare.org,LocService avis : une bonne solution pour louer son logement ?,locservice avis,https://immocompare.org/outils-investissement/locservice-avis,2026-09-22
immocompare.org,Prop-AI : la révolution de l'immobilier à Dubaï ?,prop ai,https://immocompare.org/outils-investissement/prop-ai-avis,2026-09-22
immocompare.org,Classement 2026 du meilleur promoteur immobilier de France 🔥,classement 2026 meilleur,https://immocompare.org/promoteurs-immobiliers,2026-09-22
immocompare.org,Altarea Cogedim avis : un promoteur de confiance en 2025 🤔,altarea cogedim avis,https://immocompare.org/promoteurs-immobiliers/altarea-cogedim-avis,2026-09-22
immocompare.org,Bouygues Immobilier avis : un bon promoteur en 2025 ? 🤔,bouygues immobilier avis,https://immocompare.org/promoteurs-immobiliers/bouygues-immobilier-avis,2026-09-22
immocompare.org,Icade avis : que vaut ce promoteur en 2025 ? 🤔,icade avis,https://immocompare.org/promoteurs-immobiliers/icade-avis,2026-09-22
immocompare.org,Les nouveaux constructeurs avis : un bon promoteur en 2025 ? 🤔,nouveaux constructeurs avis,https://immocompare.org/promoteurs-immobiliers/les-nouveaux-constructeurs-avis,2026-09-22
immocompare.org,Nexity avis : pouvez-vous leur faire confiance en 2025 ? 🤔,nexity avis,https://immocompare.org/promoteurs-immobiliers/nexity-avis,2026-09-22
immocompare.org,Meilleures entreprises de rénovation clé en main : comparatif %currentyear%,entreprises rénovation clé,https://immocompare.org/renovation-cle-en-main,2026-09-22
immocompare.org,Little Worker : notre avis indépendant sur cette société,little worker,https://immocompare.org/renovation-cle-en-main/little-worker-avis,2026-09-22
immocompare.org,Renovation Man : avis complet sur cette solution - ImmoCompare,renovation man,https://immocompare.org/renovation-cle-en-main/renovation-man-notre-avis-sur-cette-entreprise-de-renovation-nouvelle-generation,2026-09-22
immocompare.org,Comparatif avis et analyses des meilleures SCPI pour 2024,meilleures scpi 2024,https://immocompare.org/scpi,2026-09-22
immocompare.org,Accimmo Pierre : avis sur la SCPI de BNP Paribas ​,accimmo pierre,https://immocompare.org/scpi/avis-accimo-pierre-scpi-bnp-paribas,2026-09-22
immocompare.org,Avis Cœur de Régions - Immocompare,avis cœur régions,https://immocompare.org/scpi/avis-coeur-de-regions,2026-09-22
immocompare.org,Avis Cœur d'Europe : la récente SCPI de Sogenial,avis cœur europe,https://immocompare.org/scpi/avis-coeur-deurope,2026-09-22
immocompare.org,SCPI Corum Origin : avis complet sur cette référence des SCPI,scpi corum origin,https://immocompare.org/scpi/avis-corum-origin,2026-09-22
immocompare.org,Iroko Zen : avis sur cette SCPI nouvelle génération,iroko zen,https://immocompare.org/scpi/avis-iroko-zen,2026-09-22
immocompare.org,Corum XL : notre avis sur la SCPI de Corum​,corum xl,https://immocompare.org/scpi/avis-scpi-corum-xl,2026-09-22
immocompare.org,"Epsilon 360 : avis complet sur cette SCPI ""small cap""",epsilon 360,https://immocompare.org/scpi/avis-scpi-epsilon-360,2026-09-22
immocompare.org,SCPI NEO : avis sur cette SCPI sans frais de souscription,scpi neo,https://immocompare.org/scpi/avis-scpi-neo,2026-09-22
immocompare.org,Remake Live : notre avis indépendant sur cette SCPI​,remake live,https://immocompare.org/scpi/avis-scpi-remake,2026-09-22
immocompare.org,Edissimo : notre avis indépendant sur la SCPI du Crédit Agricole​,edissimo,https://immocompare.org/scpi/notre-avis-sur-edissimo-la-scpi-du-credit-agricole,2026-09-22
immocompare.org,Syndic en ligne : lequel choisir ? Comparatif 2026,syndic ligne,https://immocompare.org/syndic-en-ligne,2026-09-22
immocompare.org,"Avis Cotoit, le syndic digital qui se dit à la carte: à table !",cotoit syndic digital,https://immocompare.org/syndic-en-ligne/avis-cotoit,2026-09-22
immocompare.org,Avis Manda (ex-Hello Syndic) : enfin la solution pour votre copro ?,avis manda,https://immocompare.org/syndic-en-ligne/avis-manda,2026-09-22
immocompare.org,Matera avis : bon choix pour remplacer votre syndic en 2026 ? 🤔,matera avis,https://immocompare.org/syndic-en-ligne/avis-matera,2026-09-22
immocompare.org,Avis Homeland syndic: une promesse réduite au minimum syndical,avis homeland syndic,https://immocompare.org/syndic-en-ligne/homeland-syndic-avis,2026-09-22
immocompare.org,Kiwidiag avis 2025 : solution miracle pour diagnostics immobiliers ?,kiwidiag avis 2025,https://immocompare.org/tarif-diagnostic-immobilier-comparatif/tarif-diagnostic-immobilier-comparatif/kiwidiag-avis,2026-09-22
interiora-style.fr,Décoration contemporaine pour votre salon - Interiora-style.fr,décoration contemporaine votre,https://interiora-style.fr/deco-contemporaine-salon,2026-09-22
interiora-style.fr,22 idées de bureaux modernes pour une déco inspirante - Interiora-style.fr,bureaux modernes déco,https://interiora-style.fr/idees-bureaux-modernes-deco,2026-09-22
interiora-style.fr,Une maison de style parisien avec vue imprenable sur la baie de la Concha - Interiora-style.fr,maison style parisien,https://interiora-style.fr/maison-style-parisien-baie-concha,2026-09-22
interiora-style.fr,Le style contemporain : une touche moderne pour votre salon - Interiora-style.fr,style contemporain,https://interiora-style.fr/style-contemporain-salon,2026-09-22
isolationcombles.fr,Isolation des combles en Normandie : boostez vos économies grâce aux aides financières,isolation combles normandie,https://isolationcombles.fr/financer-isolation-combles/isolation-des-combles-en-normandie-guide-complet-des-aides-financieres,2026-09-22
itsufrance.fr,7 accompagnements japonais pour les Saint-Jacques,japonais saint jacques,https://itsufrance.fr/accompagnement-noix-de-saint-jacques,2026-09-22
jardinerlaville.fr,Construire un projet décoratif autour d’une collection de carrelage | Jardiner la Ville,collection carrelage,https://jardinerlaville.fr/construire-un-projet-decoratif-autour-dune-collection-de-carrelage,2026-09-22
jardinerlaville.fr,Comment semer une pelouse sans retourner la terre ? | Jardiner la Ville,pelouse sans retourner,https://jardinerlaville.fr/semer-pelouse-sans-retourner-terre,2026-09-22
leconomieetmoi.fr,Devis déménagement : guide complet pour obtenir le meilleur prix sans mauvaises surprises - L'économie et moi,devis déménagement,https://leconomieetmoi.fr/autres/devis-demenagement-guide-complet-pour-obtenir-le-meilleur-prix-sans-mauvaises-surprises-13310,2026-09-22
loco-immo.fr,Choisir un carrelage adapté à chaque espace intérieur,adapté chaque espace,https://loco-immo.fr/choisir-un-carrelage-adapte-a-chaque-espace-interieur,2026-09-22
loco-immo.fr,Les quartiers à éviter à Lognes,quartiers éviter lognes,https://loco-immo.fr/les-quartiers-a-eviter-a-lognes,2026-09-22
ma-maison-pratique.fr,Transformez votre vieille baignoire en aquarium décoratif - ma-maison-pratique.fr,baignoire aquarium décoratif,https://ma-maison-pratique.fr/baignoire-aquarium-diy,2026-09-22
ma-maison-pratique.fr,Idées décoratives de jardin avec ciment et parapluies - ma-maison-pratique.fr,décoratives jardin ciment,https://ma-maison-pratique.fr/deco-jardin-ciment-parapluies,2026-09-22
ma-maison-pratique.fr,12 idées de fontaines solaires DIY pour sublimer votre extérieur - ma-maison-pratique.fr,idées fontaines solaires,https://ma-maison-pratique.fr/fontaines-solaires-diy-jardin,2026-09-22
maison-deco-design.fr,Idées pour optimiser votre petit appartement studio - Maison-deco-design.fr,petit appartement studio,https://maison-deco-design.fr/idees-appartement-studio-cosy,2026-09-22
maison-deco-design.fr,23 idées pratiques pour optimiser votre petit salon-salle à manger - Maison-deco-design.fr,optimiser votre petit,https://maison-deco-design.fr/idees-pratiques-salon-salle-a-manger,2026-09-22
maison-deco-design.fr,Inspiration pour aménager votre salon avec style - Maison-deco-design.fr,aménager votre salon,https://maison-deco-design.fr/inspiration-deco-salon,2026-09-22
maison-deco-design.fr,Les plats emblématiques des États-Unis : de l'inattendu au préféré - Maison-deco-design.fr,plats emblématiques états,https://maison-deco-design.fr/plats-emblematiques-etats-unis,2026-09-22
maisondulcia.fr,Chevilles pour briques creuses rouges : bien choisir,chevilles briques creuses,https://maisondulcia.fr/chevilles-pour-briques-creuses-rouges-bien-choisir,2026-09-22
maisonfjord.fr,Pourpier toxique : le reconnaître en photo,pourpier toxique,https://maisonfjord.fr/pourpier-toxique-le-reconnaitre-en-photo,2026-09-22
maisonfloralis.fr,Comparatif alarmes maison : 60 Millions de Consommateurs,comparatif alarmes maison,https://maisonfloralis.fr/comparatif-alarmes-maison-60-millions-de-consommateurs,2026-09-22
maisonluminea.fr,"Prix des armoires normandes : neuf, occasion et éléments de valeur",prix armoires normandes,https://maisonluminea.fr/prix-des-armoires-normandes-neuf-occasion-et-elements-de-valeur,2026-09-22
maizhome.fr,Comment choisir un robot de piscine adapté à son bassin ?,piscine adapté son,https://maizhome.fr/comment-choisir-un-robot-de-piscine-adapte-a-son-bassin,2026-09-22
maizhome.fr,Drain fosse septique saturé : pourquoi et que faire ?,drain fosse septique,https://maizhome.fr/drain-fosse-septique-sature-pourquoi-et-que-faire,2026-09-22
micado-france.fr,Copeaux De Bois Gratuit : Où En Trouver Près De Chez Vous ?,copeaux bois gratuit,https://micado-france.fr/copeaux-bois-gratuit-trouver-utiliser,2026-09-22
miui-france.org,Désactiver Bing dans la recherche Windows 11 : Guide pratique pour une expérience plus personnalisée | Miui-france.org,bing recherche windows,https://www.miui-france.org/desactiver-bing-windows-11,2026-09-22
miui-france.org,Game of Thrones : Kit Harington dévoile ses pensées sur la fin anticipée de la série pour son personnage Jon Snow | Miui-france.org,game of thrones,https://www.miui-france.org/game-of-thrones-kit-harington-devoile-ses-pensees-sur-la-fin-anticipee-de-la-serie-pour-son-personnage-jon-snow,2026-09-22
miui-france.org,"Resident Evil cache un hommage subtil à un personnage du jeu, passé inaperçu même pour le réalisateur | Miui-france.org",inaperçu même réalisateur,https://www.miui-france.org/resident-evil-cache-un-hommage-subtil-a-un-personnage-du-jeu-passe-inapercu-meme-pour-le-realisateur,2026-09-22
miui-france.org,désactiver bing Archives | Miui-france.org,désactiver bing archives,https://www.miui-france.org/tag/desactiver-bing,2026-09-22
miui-france.org,personnalisation recherche Archives | Miui-france.org,personnalisation recherche archives,https://www.miui-france.org/tag/personnalisation-recherche,2026-09-22
miui-france.org,recherche windows 11 Archives | Miui-france.org,windows 11 archives,https://www.miui-france.org/tag/recherche-windows-11,2026-09-22
monhabitoo.fr,Béton ciré ou résine : le match des revêtements,béton ciré résine,https://monhabitoo.fr/beton-cire-ou-resine-le-match-des-revetements,2026-09-22
monimmeuble.com,Gestion documentaire en copropriété : Pitney Bowes digitalise le courrier des syndics,gestion documentaire copropriété,https://monimmeuble.com/actualite/gestion-documentaire-en-copropriete-pitney-bowes-digitalise-le-courrier-des-syndics,2026-09-22
monimmeuble.com,"Prix du gaz : hausse de 6,3 % en octobre 2026, que faire ?",prix gaz,https://monimmeuble.com/actualite/prix-du-gaz-hausse-de-63-en-octobre-2026-que-faire,2026-09-22
renovation-astuces.fr,Montrer les ombres: aménager votre espace extérieur avec style - Renovation astuces,aménager votre espace,https://renovation-astuces.fr/amenager-espace-exterieur-ombre-lumiere,2026-09-22
renovation-astuces.fr,Éclairez votre jardin avec des guirlandes lumineuses - Renovation astuces,jardin guirlandes lumineuses,https://renovation-astuces.fr/guirlandes-lumineuses-jardin,2026-09-22
renovation-astuces.fr,Des idées de clôtures et bordures pour embellir votre jardin - Renovation astuces,embellir votre jardin,https://renovation-astuces.fr/idees-clotures-bordures-jardin,2026-09-22
renovation-astuces.fr,Comment illuminer votre jardin : idées et conseils pratiques - Renovation astuces,illuminer votre jardin,https://renovation-astuces.fr/illuminer-jardin-idees-conseils,2026-09-22
renovation-astuces.fr,Comment créer un potager surélevé avec des pneus recyclés - Renovation astuces,surélevé pneus recyclés,https://renovation-astuces.fr/potager-sureleve-pneus-recycles,2026-09-22
renovation-conseils.fr,Créez un arrangement floral moderne aux tons orange - Renovation-conseils.fr,arrangement floral moderne,https://renovation-conseils.fr/arrangement-floral-moderne-orange,2026-09-22
renovation-conseils.fr,Décorez votre mariage avec des centres de table floraux naturels - Renovation-conseils.fr,table floraux naturels,https://renovation-conseils.fr/centres-de-table-floraux-naturels-mariage,2026-09-22
renovation-conseils.fr,Comment choisir des meubles pour votre jardin avec style - Renovation-conseils.fr,votre jardin style,https://renovation-conseils.fr/choisir-meubles-jardin-style,2026-09-22
renovation-conseils.fr,Découvrez l'art de la composition florale coréenne - Renovation-conseils.fr,composition florale coréenne,https://renovation-conseils.fr/compositions-florales-coreennes-jardin,2026-09-22
renovation-conseils.fr,Décorez votre jardin avec originalité et chaleur - Renovation-conseils.fr,votre jardin originalité,https://renovation-conseils.fr/idees-deco-jardin-originales,2026-09-22
secur-home.fr,"Papier peint intissé : rouleaux, encollage et pose facile",papier peint intissé,https://secur-home.fr/bricolage/papier-peint-intisse-calculez-vos-rouleaux-avant-de-poser,2026-09-22
stid-france.fr,Association Blog Écolo : Comment Agir pour un Impact Durable ? 🌿,association blog écolo,https://stid-france.fr/association-blog-ecolo,2026-09-22
top-maison-confort.fr,Créez une couverture en tricot pour votre intérieur - top-maison-confort.fr,couverture tricot votre,https://top-maison-confort.fr/couverture-tricot-deco-interieur,2026-09-22
top-maison-confort.fr,Décorez votre intérieur avec des touches inspirées du quartier - top-maison-confort.fr,touches inspirées quartier,https://top-maison-confort.fr/deco-inspirations-quartier,2026-09-22
top-maison-confort.fr,Créez votre refuge hivernal rustique à la maison - top-maison-confort.fr,votre refuge hivernal,https://top-maison-confort.fr/decor-hivernal-rustique,2026-09-22
top-maison-confort.fr,Créez une ambiance chaleureuse avec un plaid en tricot - top-maison-confort.fr,chaleureuse plaid tricot,https://top-maison-confort.fr/plaid-chaleureux-decoration-maison,2026-09-22
top-maison-confort.fr,Comment intégrer une trappe secrète dans votre intérieur - top-maison-confort.fr,trappe secrète votre,https://top-maison-confort.fr/trappe-secrete-deco-interieure,2026-09-22
topelevation.fr,Assurance habitation économique : les leviers pour payer moins cher - Top Elevation,assurance habitation économique,https://topelevation.fr/immobilier/assurance-habitation-economique-les-leviers-pour-payer-moins-cher,2026-09-22
tousvosactes-avocat-ms.fr,Jugement dernier ressort : définition et différences avec premier ressort - Tous Vos Actes,jugement dernier ressort,https://www.tousvosactes-avocat-ms.fr/jugement-dernier-ressort-definitions-differences,2026-09-22
tousvosactes-avocat-ms.fr,Retraite progressive indépendant : fonctionnement et conditions pour auto-entrepreneurs - Tous Vos Actes,retraite progressive indépendant,https://www.tousvosactes-avocat-ms.fr/retraite-progressive-independant,2026-09-22
tousvosactes-avocat-ms.fr,Schéma procédure pénale et déroulement détaillé de la procédure pénale - Tous Vos Actes,schéma procédure pénale,https://www.tousvosactes-avocat-ms.fr/schema-procedure-penale,2026-09-22
tousvosactes-avocat-ms.fr,Tarif avocat prudhomme : guide complet sur le prix d’un avocat prudhomme - Tous Vos Actes,tarif avocat prudhomme,https://www.tousvosactes-avocat-ms.fr/tarif-avocat-prudhomme,2026-09-22
travaux-astuces.fr,21 astuces simples pour rendre votre maison plus écologique - Travaux-astuces.fr,maison plus écologique,https://travaux-astuces.fr/21-astuces-maison-ecologique,2026-09-22
travaux-astuces.fr,8 conseils pour réussir votre réduction d'espace de vie - Travaux-astuces.fr,réduction espace vie,https://travaux-astuces.fr/conseils-reduction-espace-vie,2026-09-22
travaux-astuces.fr,Évitez les dosserets en carrelage : découvrez l'alternative idéale - Travaux-astuces.fr,évitez dosserets carrelage,https://travaux-astuces.fr/dosserets-cuisine-alternatifs,2026-09-22
travaux-astuces.fr,10 astuces Ikea pour transformer votre maison facilement - Travaux-astuces.fr,ikea transformer votre,https://travaux-astuces.fr/hacks-ikea-transformation-maison,2026-09-22
travaux-astuces.fr,Transformez votre buanderie sans vous ruiner - Travaux-astuces.fr,transformez votre buanderie,https://travaux-astuces.fr/renovation-buanderie-budget,2026-09-22
travaux-magazine.fr,34 idées de chambre parentale pour un intérieur élégant - Travaux-magazine.fr,parentale intérieur élégant,https://travaux-magazine.fr/34-idees-chambre-parentale-elegante,2026-09-22
travaux-magazine.fr,Style Japandi : 19 idées pour une cuisine zen et fonctionnelle - Travaux-magazine.fr,style japandi,https://travaux-magazine.fr/cuisine-zen-japandi,2026-09-22
travaux-magazine.fr,24 designs de salles de bain beige à découvrir - Travaux-magazine.fr,24 designs salles,https://travaux-magazine.fr/designs-salles-de-bain-beige,2026-09-22
travaux-magazine.fr,Pura : la douceur du bois pour votre intérieur - Travaux-magazine.fr,pura,https://travaux-magazine.fr/douceur-bois-interieur,2026-09-22
travaux-specialistes.fr,Bienfaits de la forge à froid pour votre maison - Travaux-specialistes.fr,froid votre maison,https://travaux-specialistes.fr/forge-a-froid-avantages-deco,2026-09-22
travaux-specialistes.fr,Transformez votre intérieur avec du papier peint tropical - Travaux-specialistes.fr,papier peint tropical,https://travaux-specialistes.fr/papier-peint-tropical-transformation-interieur,2026-09-22
travaux-specialistes.fr,Comment intégrer la protection de forja dans votre rénovation ? - Travaux-specialistes.fr,forja votre rénovation,https://travaux-specialistes.fr/protection-forja-renovation,2026-09-22
travaux-specialistes.fr,Support de lavabo en fer forgé : inspirations déco - Travaux-specialistes.fr,lavabo fer forgé,https://travaux-specialistes.fr/support-lavabo-fer-forge-inspiration-deco,2026-09-22
www.agence-etoile.fr,City center / Studio apartment for rent in very good condition - Agence Etoile,center studio apartment,https://www.agence-etoile.fr/en/property/city-center-studio-apartment-for-rent-in-very-good-condition,2026-09-22
www.agence-etoile.fr,FURNISHED STUDIO - PROX VIEUX PORT - RUE SAINTE / RUE PARADI - Agence Etoile,furnished studio,https://www.agence-etoile.fr/en/property/furnished-studio-prox-vieux-port-rue-sainte-rue-paradi,2026-09-22
www.agence-etoile.fr,TYPE 2 WITH PARKING - LE ROUET - Agence Etoile,type with parking,https://www.agence-etoile.fr/en/property/type-2-with-parking-le-rouet,2026-09-22
www.agence-etoile.fr,HYPER CENTRE / STUDIO À LOUER EN TRES BON ÉTAT - Agence Etoile,studio louer tres,https://www.agence-etoile.fr/property/hyper-centre-studio-a-louer-en-tres-bon-etat,2026-09-22
www.agence-etoile.fr,STUDIO MEUBLE - PROX VIEUX PORT - RUE SAINTE / RUE PARADI - Agence Etoile,studio meuble,https://www.agence-etoile.fr/property/studio-meuble-prox-vieux-port-rue-sainte-rue-paradi,2026-09-22
www.agence-etoile.fr,TYPE 2 AVEC PARKING - LE ROUET - Agence Etoile,type parking,https://www.agence-etoile.fr/property/type-2-avec-parking-le-rouet,2026-09-22
www.agencedupaysdaigues.com,Quel meuble TV choisir pour un salon ouvert sur la cuisine ou la salle à manger ? Agencedupaysdaigues,ouvert cuisine salle,https://www.agencedupaysdaigues.com/meuble-tv-salon-ouvert-choisir,2026-09-22
www.aidologement.com,"Promoteur immobilier et ZAN, la fin du foncier facile",promoteur immobilier zan,https://www.aidologement.com/promoteur-immobilier,2026-09-22
www.ameliorer-mon-logement.fr,"Bornes de recharge en copropriété : qui paie quoi, et comment ça marche concrètement ? - Améliorer-mon-logement",bornes recharge copropriété,https://www.ameliorer-mon-logement.fr/bornes-de-recharge-en-copropriete-qui-paie-quoi-et-comment-ca-marche-concretement,2026-09-22
www.ameliorer-mon-logement.fr,IP44 IP65 éclairage : quel indice choisir selon la pièce ?,ip44 ip65 éclairage,https://www.ameliorer-mon-logement.fr/ip44-ip65-eclairage-choisir-indice-protection,2026-09-22
www.bambouhabitat.com,L’art de choisir les meilleurs accessoires pour promener son chien en toute sécurité et avec style,choisir meilleurs accessoires,https://www.bambouhabitat.com/lart-de-choisir-les-meilleurs-accessoires-pour-promener-son-chien-en-toute-securite-et-avec-style,2026-09-22
www.belnap.fr,Aménager des combles habitables : créez un espace de vie unique,aménager combles habitables,https://www.belnap.fr/amenager-des-combles-habitables,2026-09-22
www.belnap.fr,Plan du site - Belnap,plan site,https://www.belnap.fr/plan-du-site,2026-09-22
www.belnap.fr,Problème motorisation portail Diagral by Adyx : solutions rapides,problème motorisation portail,https://www.belnap.fr/probleme-motorisation-portail-diagral-by-adyx,2026-09-22
www.cercll.fr,Batievol.fr : les devis et prix pour vos travaux,batievol fr,https://www.cercll.fr/batievol-devis-prix-travaux-renovation-maison,2026-09-22
www.cercll.fr,Découvrez limmomalin.fr : le guide astuces pour vos projets immo - CERCLL,découvrez limmomalin fr,https://www.cercll.fr/guide-astuces-projets-immobiliers-limmomalin,2026-09-22
www.cercll.fr,"Résine pour gravier : utilité, choix du produit et mise en place - CERCLL",résine gravier,https://www.cercll.fr/resine-gravier-choix-pose-entretien,2026-09-22
www.cnsee.org,"Flambée des prix du pétrole: Macron propose des initiatives à Trump, aides ciblées",prix pétrole macron,https://www.cnsee.org/flambee-prix-petrole-macron-trump-aides,2026-09-22
www.cnsee.org,Promouvoir l'apprentissage : l'État aux côtés de l'Équipe de France,promouvoir apprentissage,https://www.cnsee.org/promouvoir-lapprentissage-etat-equipe-france,2026-09-22
www.commentaider.fr,Motorola Signature 27 : photo 200 MP et son B&O,motorola signature 27,https://www.commentaider.fr/motorola-signature-27-capteur-200-mp-et-son-bang-olufsen,2026-09-22
www.coupefile-immobilier.com,Comment équiper une dépendance ou une propriété rurale pour pratiquer l'apiculture à petite échelle et extraire le miel - Coupefile Immobilier,rurale pratiquer apiculture,https://www.coupefile-immobilier.com/comment-equiper-une-dependance-ou-une-propriete-rurale-pour-pratiquer-lapiculture-a-petite-echelle-et-extraire-le-miel,2026-09-22
www.defoly-immobilier.fr,"Billetterie CE : Tickets Disney, Cinéma & Europa Park",billetterie,https://www.defoly-immobilier.fr/billetterie-disneyland-europa,2026-09-22
www.defoly-immobilier.fr,Chapes : définitions et types essentiels pour la construction,chapes,https://www.defoly-immobilier.fr/chape-definition-types,2026-09-22
www.defoly-immobilier.fr,Chauffage performant : ce que ça change à la valeur d un bien - Defoly Immobilier,chauffage performant,https://www.defoly-immobilier.fr/chauffage-performant-ce-que-ca-change-a-la-valeur-d-un-bien,2026-09-22
www.exactimmo.fr,Quelle entreprise choisir pour faire construire une maison individuelle à Nantes ? - Exact Immo,maison individuelle nantes,https://www.exactimmo.fr/quelle-entreprise-choisir-pour-faire-construire-une-maison-individuelle-a-nantes,2026-09-22
www.findtutorials.com,Authentification rÃ©ussie mais paiement refusÃ© : que faire,authentification rã ussie,https://www.findtutorials.com/authentification-reussie-mais-paiement-refuse-les-9-causes-et-la-marche-a-suivre,2026-09-22
www.france-initiative.fr,Développer son identité de marque : guide complet,son identité marque,https://www.france-initiative.fr/article/developper-son-identite-de-marque-guide-complet,2026-09-22
www.gvu-immo.com,"Appartement à Aix-les-Bains (73100), 2 pièces, de 61m² à 383 000 €",aix bains 73100,https://www.gvu-immo.com/annonce/appartement-a-aix-les-bains-73100-2-pieces-13242,2026-09-22
www.gvu-immo.com,"Appartement à Aix-les-Bains (73100), 3 pièces, de 78m² à 449 000 €",aix bains 73100,https://www.gvu-immo.com/annonce/appartement-a-aix-les-bains-73100-3-pieces-13225,2026-09-22
www.gvu-immo.com,"Appartement à Aix-les-Bains (73100), 3 pièces, de 77m² à 480 000 €",aix bains 73100,https://www.gvu-immo.com/annonce/appartement-a-aix-les-bains-73100-3-pieces-13243,2026-09-22
www.gvu-immo.com,"Appartement à Aix-les-Bains (73100), 4 pièces, de 110m² à 422 000 €",aix bains 73100,https://www.gvu-immo.com/annonce/appartement-a-aix-les-bains-73100-4-pieces-13216,2026-09-22
www.gvu-immo.com,"Appartement à Aix-les-Bains (73100), 4 pièces, de 94m² à 570 000 €",aix bains 73100,https://www.gvu-immo.com/annonce/appartement-a-aix-les-bains-73100-4-pieces-13226,2026-09-22
www.gvu-immo.com,"Appartement à Annecy (74000), 3 pièces, de 66m² à 443 000 €",annecy 74000 pièces,https://www.gvu-immo.com/annonce/appartement-a-annecy-74000-3-pieces-13239,2026-09-22
www.gvu-immo.com,"Appartement à Annecy (74000), 4 pièces, de 81m² à 465 000 €",appartement annecy 74000,https://www.gvu-immo.com/annonce/appartement-a-annecy-74000-4-pieces-13224,2026-09-22
www.gvu-immo.com,"Appartement à Annecy (74000), 4 pièces, de 82m² à 485 000 €",appartement annecy 74000,https://www.gvu-immo.com/annonce/appartement-a-annecy-74000-4-pieces-13241,2026-09-22
www.gvu-immo.com,"Appartement à Annecy (74000), 5 pièces, de 107m² à 714 000 €",appartement annecy 74000,https://www.gvu-immo.com/annonce/appartement-a-annecy-74000-5-pieces-13222,2026-09-22
www.gvu-immo.com,"Appartement à Annecy (74000), 5 pièces, de 112m² à 734 000 €",appartement annecy 74000,https://www.gvu-immo.com/annonce/appartement-a-annecy-74000-5-pieces-13223,2026-09-22
www.gvu-immo.com,"Appartement à Challes-les-Eaux (73190), 1 pièces, de 33m² à 179 000 €",challes eaux 73190,https://www.gvu-immo.com/annonce/appartement-a-challes-les-eaux-73190-1-pieces-13253,2026-09-22
www.gvu-immo.com,"Appartement à Challes-les-Eaux (73190), 2 pièces, de 43m² à 219 000 €",challes eaux 73190,https://www.gvu-immo.com/annonce/appartement-a-challes-les-eaux-73190-2-pieces-13234,2026-09-22
www.gvu-immo.com,"Appartement à Challes-les-Eaux (73190), 3 pièces, de 66m² à 329 000 €",challes eaux 73190,https://www.gvu-immo.com/annonce/appartement-a-challes-les-eaux-73190-3-pieces-13235,2026-09-22
www.gvu-immo.com,"Appartement à Challes-les-Eaux (73190), 3 pièces, de 56m² à 279 000 €",challes eaux 73190,https://www.gvu-immo.com/annonce/appartement-a-challes-les-eaux-73190-3-pieces-13254,2026-09-22
www.gvu-immo.com,"Appartement à Challes-les-Eaux (73190), 4 pièces, de 89m² à 399 000 €",challes eaux 73190,https://www.gvu-immo.com/annonce/appartement-a-challes-les-eaux-73190-4-pieces-13236,2026-09-22
www.gvu-immo.com,"Appartement à Challes-les-Eaux (73190), 5 pièces, de 120m² à 578 000 €",challes eaux 73190,https://www.gvu-immo.com/annonce/appartement-a-challes-les-eaux-73190-5-pieces-13237,2026-09-22
www.gvu-immo.com,"Appartement à Chambéry (73000), 1 pièces, de 17m² à 59 500 €",appartement chambéry 73000,https://www.gvu-immo.com/annonce/appartement-a-chambery-73000-1-pieces-13217,2026-09-22
www.gvu-immo.com,"Appartement à Chambéry (73000), 1 pièces, de 25m² à 540 €",appartement chambéry 73000,https://www.gvu-immo.com/annonce/appartement-a-chambery-73000-1-pieces-13218,2026-09-22
www.gvu-immo.com,"Appartement à Chambéry (73000), 2 pièces, de 36m² à 183 127 €",appartement chambéry 73000,https://www.gvu-immo.com/annonce/appartement-a-chambery-73000-2-pieces-13244,2026-09-22
www.gvu-immo.com,"Appartement à Chambéry (73000), 2 pièces, de 51m² à 695 €",appartement chambéry 73000,https://www.gvu-immo.com/annonce/appartement-a-chambery-73000-2-pieces-13257,2026-09-22
www.gvu-immo.com,"Appartement à Chambéry (73000), 3 pièces, de 56m² à 257 630 €",appartement chambéry 73000,https://www.gvu-immo.com/annonce/appartement-a-chambery-73000-3-pieces-13245,2026-09-22
www.gvu-immo.com,"Appartement à Chambéry (73000), 3 pièces, de 66m² à 831 €",appartement chambéry 73000,https://www.gvu-immo.com/annonce/appartement-a-chambery-73000-3-pieces-13258,2026-09-22
www.gvu-immo.com,"Appartement à Chambéry (73000), 4 pièces, de 79m² à 321 327 €",appartement chambéry 73000,https://www.gvu-immo.com/annonce/appartement-a-chambery-73000-4-pieces-13227,2026-09-22
www.gvu-immo.com,"Appartement à Cognin (73160), 1 pièces, de 34m² à 174 000 €",cognin 73160 pièces,https://www.gvu-immo.com/annonce/appartement-a-cognin-73160-1-pieces-13228,2026-09-22
www.gvu-immo.com,"Appartement à Cognin (73160), 3 pièces, de 36m² à 181 000 €",cognin 73160 pièces,https://www.gvu-immo.com/annonce/appartement-a-cognin-73160-3-pieces-13246,2026-09-22
www.gvu-immo.com,"Appartement à Cognin (73160), 3 pièces, de 65m² à 305 000 €",cognin 73160 pièces,https://www.gvu-immo.com/annonce/appartement-a-cognin-73160-3-pieces-13247,2026-09-22
www.gvu-immo.com,"Appartement à Grésy-sur-Aix (73100), 2 pièces, de 41m² à 246 000 €",aix 73100 pièces,https://www.gvu-immo.com/annonce/appartement-a-gresy-sur-aix-73100-2-pieces-13249,2026-09-22
www.gvu-immo.com,"Appartement à Grésy-sur-Aix (73100), 2 pièces, de 41m² à 261 000 €",aix 73100 pièces,https://www.gvu-immo.com/annonce/appartement-a-gresy-sur-aix-73100-2-pieces-13250,2026-09-22
www.gvu-immo.com,"Appartement à Grésy-sur-Aix (73100), 3 pièces, de 68m² à 369 000 €",aix 73100 pièces,https://www.gvu-immo.com/annonce/appartement-a-gresy-sur-aix-73100-3-pieces-13251,2026-09-22
www.gvu-immo.com,"Appartement à Grésy-sur-Aix (73100), 4 pièces, de 91m² à 489 000 €",aix 73100 pièces,https://www.gvu-immo.com/annonce/appartement-a-gresy-sur-aix-73100-4-pieces-13232,2026-09-22
www.gvu-immo.com,"Appartement à Grésy-sur-Aix (73100), 4 pièces, de 134m² à 995 000 €",aix 73100 pièces,https://www.gvu-immo.com/annonce/appartement-a-gresy-sur-aix-73100-4-pieces-13233,2026-09-22
www.gvu-immo.com,"Appartement à Grésy-sur-Aix (73100), 4 pièces, de 119m² à 575 000 €",aix 73100 pièces,https://www.gvu-immo.com/annonce/appartement-a-gresy-sur-aix-73100-4-pieces-13252,2026-09-22
www.gvu-immo.com,"Appartement à La Ravoire (73490), 2 pièces, de 42m² à 209 000 €",ravoire 73490 pièces,https://www.gvu-immo.com/annonce/appartement-a-la-ravoire-73490-2-pieces-13229,2026-09-22
www.gvu-immo.com,"Appartement à La Ravoire (73490), 3 pièces, de 61m² à 276 000 €",ravoire 73490 pièces,https://www.gvu-immo.com/annonce/appartement-a-la-ravoire-73490-3-pieces-13230,2026-09-22
www.gvu-immo.com,"Appartement à La Ravoire (73490), 3 pièces, de 62m² à 292 000 €",ravoire 73490 pièces,https://www.gvu-immo.com/annonce/appartement-a-la-ravoire-73490-3-pieces-13248,2026-09-22
www.gvu-immo.com,"Appartement à La Ravoire (73490), 4 pièces, de 85m² à 329 000 €",ravoire 73490 pièces,https://www.gvu-immo.com/annonce/appartement-a-la-ravoire-73490-4-pieces-13231,2026-09-22
www.gvu-immo.com,"Appartement à Tresserve (73100), 3 pièces, de 96m² à 560 000 €",tresserve 73100 pièces,https://www.gvu-immo.com/annonce/appartement-a-tresserve-73100-3-pieces-13262,2026-09-22
www.gvu-immo.com,"Bureau à Chambéry (73000), 1 pièces, de 88m² à 1 430 €",bureau chambéry 73000,https://www.gvu-immo.com/annonce/bureau-a-chambery-73000-1-pieces-13260,2026-09-22
www.gvu-immo.com,"Bureau à Cognin (73160), pièces, de 10m² à 350 €",bureau cognin 73160,https://www.gvu-immo.com/annonce/bureau-a-cognin-73160-pieces-13256,2026-09-22
www.gvu-immo.com,"Local commercial à Chambéry (73000), pièces, de 90m² à 1 310 €",chambéry 73000 pièces,https://www.gvu-immo.com/annonce/local-commercial-a-chambery-73000-pieces-13261,2026-09-22
www.gvu-immo.com,"Maison à Belley (01300), 4 pièces, de 82m² à 879 €",belley 01300 pièces,https://www.gvu-immo.com/annonce/maison-a-belley-01300-4-pieces-13259,2026-09-22
www.gvu-immo.com,"Maison à La Ravoire (73490), 5 pièces, de 142m² à 1 800 €",maison ravoire 73490,https://www.gvu-immo.com/annonce/maison-a-la-ravoire-73490-5-pieces-13255,2026-09-22
www.gvu-immo.com,"Maison à Mâcot-la-Plagne (73210), 8 pièces, de 174m² à 530 000 €",maison mâcot plagne,https://www.gvu-immo.com/annonce/maison-a-macot-la-plagne-73210-8-pieces-13221,2026-09-22
www.gvu-immo.com,"Maison de village à Chamoux-sur-Gelon (73390), 3 pièces, de 70m² à 117 000 €",maison village chamoux,https://www.gvu-immo.com/annonce/maison-de-village-a-chamoux-sur-gelon-73390-3-pieces-13220,2026-09-22
www.gvu-immo.com,"Maison neuve à Fillinges (74250), 4 pièces, de 100m² à 558 000 €",maison neuve fillinges,https://www.gvu-immo.com/annonce/maison-neuve-a-fillinges-74250-4-pieces-13210,2026-09-22
www.gvu-immo.com,"Maison neuve à Les Clefs (74230), 4 pièces, de 121m² à 843 000 €",maison neuve clefs,https://www.gvu-immo.com/annonce/maison-neuve-a-les-clefs-74230-4-pieces-13211,2026-09-22
www.gvu-immo.com,"Maison neuve à Les Villards-sur-Thônes (74230), 4 pièces, de 121m² à 882 000 €",maison neuve villards,https://www.gvu-immo.com/annonce/maison-neuve-a-les-villards-sur-thones-74230-4-pieces-13214,2026-09-22
www.gvu-immo.com,"Maison neuve à Marcellaz (74250), 5 pièces, de 111m² à 517 000 €",maison neuve marcellaz,https://www.gvu-immo.com/annonce/maison-neuve-a-marcellaz-74250-5-pieces-13208,2026-09-22
www.gvu-immo.com,"Maison neuve à Marnaz (74460), 4 pièces, de 93m² à 395 000 €",maison neuve marnaz,https://www.gvu-immo.com/annonce/maison-neuve-a-marnaz-74460-4-pieces-13212,2026-09-22
www.gvu-immo.com,"Maison neuve à Pers-Jussy (74930), 5 pièces, de 112m² à 508 000 €",maison neuve pers,https://www.gvu-immo.com/annonce/maison-neuve-a-pers-jussy-74930-5-pieces-13215,2026-09-22
www.gvu-immo.com,"Maison neuve à Scientrier (74930), 4 pièces, de 100m² à 567 000 €",maison neuve scientrier,https://www.gvu-immo.com/annonce/maison-neuve-a-scientrier-74930-4-pieces-13213,2026-09-22
www.gvu-immo.com,"Maison neuve à Villard (74420), 5 pièces, de 110m² à 562 000 €",maison neuve villard,https://www.gvu-immo.com/annonce/maison-neuve-a-villard-74420-5-pieces-13209,2026-09-22
www.gvu-immo.com,"Villa à Châteauneuf (73390), 6 pièces, de 245m² à 1 400 000 €",villa châteauneuf 73390,https://www.gvu-immo.com/annonce/villa-a-chateauneuf-73390-6-pieces-13219,2026-09-22
www.gvu-immo.com,Maison de village : immobilier Chamoux-sur-Gelon,maison village,https://www.gvu-immo.com/immobilier/maison-de-village/chamoux-sur-gelon-73390,2026-09-22
www.gvu-immo.com,Maison neuve : immobilier Clefs,maison neuve,https://www.gvu-immo.com/immobilier/maison-neuve/les-clefs-74230,2026-09-22
www.gvu-immo.com,Maison neuve : immobilier Villards-sur-Thônes,maison neuve,https://www.gvu-immo.com/immobilier/maison-neuve/les-villards-sur-thones-74230,2026-09-22
www.gvu-immo.com,Maison : immobilier Mâcot-la-Plagne,maison,https://www.gvu-immo.com/immobilier/maison/macot-la-plagne-73210,2026-09-22
www.gvu-immo.com,Villa : immobilier Châteauneuf,villa,https://www.gvu-immo.com/immobilier/villa/chateauneuf-73390,2026-09-22
www.gvu-immo.com,Les Clefs (74230),clefs 74230,https://www.gvu-immo.com/immobilier/villes/les-clefs-74230/30780,2026-09-22
www.gvu-immo.com,Les Villards-sur-Thônes (74230),villards thônes 74230,https://www.gvu-immo.com/immobilier/villes/les-villards-sur-thones-74230/30785,2026-09-22
www.gvu-immo.com,"Immobilier Mâcot-la-Plagn, agence Immobiliere Mâcot-la-Plagn, annonce Immobiliere Mâcot-la-Plagn",immobiliere mâcot plagn,https://www.gvu-immo.com/immobilier/villes/macot-la-plagne-73210/30487,2026-09-22
www.habitat-groupe.be,SAVE THE DATE - SPEED-DATING de l'habitat groupé participatif NAMUR / L’art de se trouver… entre voisins – Rencontre ton futur habitat groupé ! - Habitat Groupé Solidaire,save date,https://www.habitat-groupe.be/agenda/namur/speed-dating-de-lhabitat-groupe-participatif-namur-lart-de-se-trouver-entre-voisins-rencontre-ton-futur-habitat-groupe,2026-09-22
www.hebertimmobilier.fr,Quartiers à éviter à Romainville : analyse locale pour acheteurs et futurs habitants,quartiers éviter romainville,https://www.hebertimmobilier.fr/immobilier/quartiers-a-eviter-romainville,2026-09-22
www.immobilier-web.fr,Comment trouver un constructeur de maison fiable à Nantes ? - Immobilier Web,maison fiable nantes,https://www.immobilier-web.fr/comment-trouver-un-constructeur-de-maison-fiable-a-nantes,2026-09-22
www.immomatin.com,Portails immobiliers : Orpi rejoint Idealista une semaine après son lancement en France - Immo Matin,portails immobiliers,https://www.immomatin.com/portails/sites-professionnels/orpi-rejoint-idealista-une-semaine-apres-son-lancement-en-france.html,2026-09-22
www.koliving.fr,Carnet d'information du logement : l'obligation ignorée depuis 2023,carnet information logement,https://www.koliving.fr/carnet-information-logement-cil-clea-obligation-2023,2026-09-22
www.koliving.fr,"Logement neuf : -23,6 % au T2 2026, mais les investisseurs achètent",logement neuf,https://www.koliving.fr/logement-neuf-t2-2026-investisseurs-particuliers-fpi,2026-09-22
www.koliving.fr,Passoires thermiques : ce que change la loi Logement depuis le 16 septembre,passoires thermiques,https://www.koliving.fr/loi-logement-commission-16-septembre-2026-derogations-f-g,2026-09-22
www.lamaisondechloe.fr,Décoration,décoration,https://www.lamaisondechloe.fr/decoration,2026-09-22
www.lamaisondechloe.fr,Idée déco étagère salon : méthode et inspirations,déco étagère salon,https://www.lamaisondechloe.fr/idee-deco-etagere-salon,2026-09-22
www.lamaisondechloe.fr,Peindre des pots de fleurs : méthode selon le matériau,peindre pots fleurs,https://www.lamaisondechloe.fr/peindre-des-pots-de-fleurs,2026-09-22
www.lamaisondechloe.fr,"Peindre sur du plâtre : préparation, sous-couche, étapes",peindre plâtre,https://www.lamaisondechloe.fr/peindre-sur-du-platre,2026-09-22
www.lamaisondechloe.fr,Peinture,peinture,https://www.lamaisondechloe.fr/peinture,2026-09-22
www.leemo.fr,Fortune actuelle de Frédéric Oudéa : état des lieux,fortune actuelle frédéric,https://www.leemo.fr/fortune-frederic-oudea,2026-09-22
www.ma-propriete.fr,VENTE FERME EN POLYCULTURE ET ELEVAGE EN AB | MA-PROPRIETE.FR,vente ferme polyculture,https://www.ma-propriete.fr/fr/agricole/polyculture-elevage/bouches-du-rhone/vente-ferme-en-polyculture-et-elevage-en-ab,2026-09-22
www.ma-propriete.fr,Corps de ferme avec 23 hectares et grange de 200 m² | MA-PROPRIETE.FR,ferme 23 hectares,https://www.ma-propriete.fr/fr/agricole/polyculture-elevage/lot/corps-de-ferme-avec-23-hectares-et-grange-de-200-m2,2026-09-22
www.ma-propriete.fr,Terrain à vendre CARNAS (30) | MA-PROPRIETE.FR,terrain vendre carnas,https://www.ma-propriete.fr/fr/agricole/terres-agricoles-libres/gard/terrain-a-vendre-carnas-30-2,2026-09-22
www.ma-propriete.fr,Opportunité rare en Ile de France | MA-PROPRIETE.FR,rare ile france,https://www.ma-propriete.fr/fr/equestre/ecuries-de-proprietaire/essonne/opportunite-rare-en-ile-de-france,2026-09-22
www.ma-propriete.fr,Corps de ferme | MA-PROPRIETE.FR,corps ferme,https://www.ma-propriete.fr/fr/equestre/proprietes-equestres/somme/corps-de-ferme-134,2026-09-22
www.ma-propriete.fr,Demeure | MA-PROPRIETE.FR,demeure,https://www.ma-propriete.fr/fr/prestige/maison-de-maitre-belle-demeure/aude/demeure-31,2026-09-22
www.ma-propriete.fr,"Maison de caractère au calme absolu sur 2,4 hectares | Bâtisse de 1810 rénovée avec soin | MA-PROPRIETE.FR",calme absolu hectares,https://www.ma-propriete.fr/fr/prestige/maison-de-maitre-belle-demeure/landes/maison-de-caractere-au-calme-absolu-sur-2-4-hectares-batisse-de-1810-renovee-avec-soin,2026-09-22
www.ma-propriete.fr,Maison à vendre 1 pièces NISTOS (65) | MA-PROPRIETE.FR,maison vendre pièces,https://www.ma-propriete.fr/fr/rurale/ferme-grange-mas/hautes-pyrenees/maison-a-vendre-1-pieces-nistos-65,2026-09-22
www.ma-propriete.fr,Tarbes – Propriété de caractère avec maison de 184 m² à rénover et près de 1 800 m² de bâtis | MA-PROPRIETE.FR,tarbes,https://www.ma-propriete.fr/fr/rurale/ferme-grange-mas/hautes-pyrenees/tarbes-propriete-de-caractere-avec-maison-de-184-m2-a-renover-et-pres-de-1-800-m2-de-batis,2026-09-22
www.ma-propriete.fr,3 chambre maison avec hangar et 360 vue | MA-PROPRIETE.FR,chambre maison hangar,https://www.ma-propriete.fr/fr/rurale/maison-de-campagne/charente-maritime/3-chambre-maison-avec-hangar-et-360-vue,2026-09-22
www.ma-propriete.fr,Maison Lunas Les Chateaux 8 pièce(s) 249 m2 | MA-PROPRIETE.FR,chateaux pièce 249,https://www.ma-propriete.fr/fr/rurale/maison-de-campagne/herault/maison-lunas-les-chateaux-8-piece-s-249-m2,2026-09-22
www.ma-propriete.fr,"ANCIEN CORPS DE FERME EN PIERRE - 200 M² - 1,2 HA DE TERRAIN | MA-PROPRIETE.FR",corps ferme pierre,https://www.ma-propriete.fr/fr/rurale/maison-de-campagne/tarn/ancien-corps-de-ferme-en-pierre-200-m2-1-2-ha-de-terrain,2026-09-22
www.ma-propriete.fr,MAISON EN PIERRE DE CARACTÈRE PRÈS DE CORDES-SUR-CIEL | MA-PROPRIETE.FR,maison pierre caractère,https://www.ma-propriete.fr/fr/rurale/maison-de-campagne/tarn/maison-en-pierre-de-caractere-pres-de-cordes-sur-ciel,2026-09-22
www.ma-propriete.fr,Maison à vendre 5 pièces ABLEIGES (95) | MA-PROPRIETE.FR,maison vendre pièces,https://www.ma-propriete.fr/fr/rurale/maison-de-campagne/val-doise/maison-a-vendre-5-pieces-ableiges-95,2026-09-22
www.ma-propriete.fr,Maison de Maître + Piscine + Grange de 100 m² | 7 000 m² de terrain | Sans voisinage | MA-PROPRIETE.FR,maison maître piscine,https://www.ma-propriete.fr/fr/rurale/maison-de-campagne/vienne/maison-de-maitre-piscine-grange-de-100-m2-7-000-m2-de-terrain-sans-voisinage-1,2026-09-22
www.ma-propriete.fr,Ensemble en pierre d'exception aux portes de l'Aubrac : piscine & patio - PROCHE ESTAING | MA-PROPRIETE.FR,ensemble pierre exception,https://www.ma-propriete.fr/fr/touristique/gites/aveyron/ensemble-en-pierre-dexception-aux-portes-de-laubrac-piscine-patio-proche-estaing,2026-09-22
www.ma-propriete.fr,"DEUX maisons à LOULAY, tout à l'égout, gros potentiel investisseur | MA-PROPRIETE.FR",deux maisons loulay,https://www.ma-propriete.fr/fr/touristique/gites/charente-maritime/deux-maisons-a-loulay-tout-a-legout-gros-potentiel-investisseur,2026-09-22
www.maison-poincare.fr,Ce qui fait vraiment une belle cuisine contemporaine sur mesure - Maison Poincaré,vraiment belle cuisine,https://www.maison-poincare.fr/travaux/ce-qui-fait-vraiment-une-belle-cuisine-contemporaine-sur-mesure,2026-09-22
www.maisonreflet.fr,Enlever une moquette collée sur béton : méthodes et astuces,enlever moquette collée,https://www.maisonreflet.fr/enlever-une-moquette-collee-sur-beton-methodes-et-astuces,2026-09-22
www.master-patrimoine.fr,"PIB Tchéquie 2026 : chiffres, croissance et analyse",pib tchéquie 2026,https://www.master-patrimoine.fr/pib-tchequie,2026-09-22
www.mes-bons-plans.fr,Code promo Coverd - Septembre 2026 : Protégez votre mobile | Mes Bons Plans,code promo coverd,https://mes-bons-plans.fr/coverd,2026-09-22
www.mes-bons-plans.fr,Code promo Cut By Fred : 15% de réduction valides en 2026 | Mes Bons Plans,code promo cut,https://mes-bons-plans.fr/cut-by-fred,2026-09-22
www.mes-bons-plans.fr,Code promo Dolce Gusto : Toutes les Offres et Réductions | Mes Bons Plans,promo dolce gusto,https://mes-bons-plans.fr/dolce-gusto,2026-09-22
www.mes-bons-plans.fr,Code promo Glowria : Vos box beauté sans abonnement | Mes Bons Plans,code promo glowria,https://mes-bons-plans.fr/glowria,2026-09-22
www.mes-bons-plans.fr,Code promo Herbspro : -15% en septembre 2026 | Mes Bons Plans,code promo herbspro,https://mes-bons-plans.fr/herbspro,2026-09-22
www.mes-bons-plans.fr,Code promo The Belly Lab (2026) : Offres et réductions | Mes Bons Plans,promo belly lab,https://mes-bons-plans.fr/the-belly-lab,2026-09-22
www.rouxel-immo.fr,Casiers connectés modulaires : une solution flexible pour gérer les livraisons - Rouxel Immobilier,casiers connectés modulaires,https://www.rouxel-immo.fr/casiers-connectes-modulaire,2026-09-22
www.usineadesign.com,"Séparer une chambre en deux sans percer, l'astuce acoustique",percer astuce acoustique,https://www.usineadesign.com/comment-separer-une-chambre-en-deux-sans-percer,2026-09-22
www.usineadesign.com,Prix d'un store banne manuel : le vrai budget 2026,store banne manuel,https://www.usineadesign.com/prix-dun-store-banne-manuel,2026-09-22
www.vudailleurs.com,Semi-conducteurs : l'IA relance la hausse en Bourse,semi conducteurs,https://www.vudailleurs.com/actions-semiconducteurs-ia-rebond-bourse,2026-09-22
www.vudailleurs.com,Souveraineté : l'Afrique lance son agence de notation AfCRA,souveraineté,https://www.vudailleurs.com/afcra-agence-notation-afrique-souverainete-financiere,2026-09-22
www.vudailleurs.com,Immobilier en Chine : la fin des préventes menace,immobilier chine,https://www.vudailleurs.com/chine-reforme-immobilier-impact-ciment-acier,2026-09-22
www.vudailleurs.com,Hausse des taux : les prix de l'immobilier vont-ils résister en 2026 ?,hausse taux,https://www.vudailleurs.com/immobilier-prix-resistance-hausse-taux-2026,2026-09-22
www.vudailleurs.com,Investir dans l'or en 2026 : pourquoi reste-t-il la valeur refuge ?,investir or 2026,https://www.vudailleurs.com/investir-dans-l-or-valeur-refuge-2026,2026-09-22
www.vudailleurs.com,Sommet Trump-Xi : analyse de la guerre économique Chine-USA,sommet trump xi,https://www.vudailleurs.com/sommet-trump-xi-jinping-guerre-economique,2026-09-22
zone-immo.fr,"Comment installer un aquarium dans un mur ? | Zone-Immo, le blog de l’immo.",installer aquarium mur,https://zone-immo.fr/aquarium-dans-mur,2026-09-22
