domain,title,keyword_keybert,url,detected_on
123-deco.fr,Embellissez votre balcon avec une ambiance plage - 132-deco.fr,embellissez votre balcon,https://123-deco.fr/ambiance-plage-balcon,2026-09-30
123-deco.fr,"Des étagères en bois flottantes, un décor naturel pour votre intérieur - 132-deco.fr",étagères bois flottantes,https://123-deco.fr/etagere-en-bois-flottantes-deco-interieure,2026-09-30
123-deco.fr,Idées pratiques pour sécher son linge dans un petit appartement - 132-deco.fr,linge petit appartement,https://123-deco.fr/sechage-linge-petit-appartement,2026-09-30
appart-garden.com,🐛 Mystère dans l'eau de pluie : découvrez le petit vers secret 🌧️,mystère eau pluie,https://appart-garden.com/petit-vers-eau-pluie,2026-09-30
art-pluriel.fr,Raccord cuivre sans soudure : une pose rapide et sûre,raccord cuivre sans,https://art-pluriel.fr/raccord-cuivre-sans-soudure,2026-09-30
batiment-actualites.fr,10 idées de bureaux confortables pour votre balcon - batiment-actualites.fr,confortables votre balcon,https://batiment-actualites.fr/idees-bureau-balcon-cosy,2026-09-30
ccae.fr,Ymanci : Votre Expert en Crédit et Assurance 🌟,ymanci,https://ccae.fr/ymanci,2026-09-30
cerclemediateursbancaires.fr,C'est la fin des visites à n'importe quelle heure pendant le préavis : ce que votre propriétaire ne peut plus vous imposer - CMB,importe quelle heure,https://cerclemediateursbancaires.fr/cest-la-fin-des-visites-a-nimporte-quelle-heure-pendant-le-preavis-ce-que-votre-proprietaire-ne-peut-plus-vous-imposer,2026-09-30
cerclemediateursbancaires.fr,J'ai comparé ma pension à celle de mon frère sans y penser : ce qui tombera en janvier ne nous donnera pas la même chose - CMB,pension celle mon,https://cerclemediateursbancaires.fr/jai-compare-ma-pension-a-celle-de-mon-frere-sans-y-penser-ce-qui-tombera-en-janvier-ne-nous-donnera-pas-la-meme-chose,2026-09-30
cerclemediateursbancaires.fr,"Je remplissais mes chèques sans y penser depuis vingt ans : le jour où ma banquière m'a montré la ligne du dessous, j'ai blêmi - CMB",chèques sans penser,https://cerclemediateursbancaires.fr/je-remplissais-mes-cheques-sans-y-penser-depuis-vingt-ans-le-jour-ou-ma-banquiere-ma-montre-la-ligne-du-dessous-jai-blemi,2026-09-30
cerclemediateursbancaires.fr,Plus personne ne regarde le pourcentage de revalorisation : voici le seul chiffre qui compte pour une pension de 1 500 € - CMB,regarde pourcentage revalorisation,https://cerclemediateursbancaires.fr/plus-personne-ne-regarde-le-pourcentage-de-revalorisation-voici-le-seul-chiffre-qui-compte-pour-une-pension-de-1-500-e,2026-09-30
cerclemediateursbancaires.fr,Plus personne ne se méfie des factures reçues par mail : voici pourquoi celle signée Cellcast peut vous coûter très cher - CMB,personne ne se,https://cerclemediateursbancaires.fr/plus-personne-ne-se-mefie-des-factures-recues-par-mail-voici-pourquoi-celle-signee-cellcast-peut-vous-couter-tres-cher,2026-09-30
chantier-expert.fr,Aménager un espace amoureux dans votre intérieur - Chantier-expert.fr,aménager espace amoureux,https://chantier-expert.fr/amenager-espace-amoureux,2026-09-30
chantier-expert.fr,Illuminez votre Noël avec la déco Ralph Lauren - Chantier-expert.fr,illuminez votre noël,https://chantier-expert.fr/deco-noel-ralph-lauren,2026-09-30
chantier-expert.fr,Créez vos propres pots de Noël pour embellir votre intérieur - Chantier-expert.fr,noël embellir votre,https://chantier-expert.fr/pots-noel-fabriquer-soi-meme,2026-09-30
chantier-expert.fr,Que faut-il penser de votre décoration intérieure ? - Chantier-expert.fr,votre décoration intérieure,https://chantier-expert.fr/style-deco-interieur,2026-09-30
deco-et-vous.fr,Créez une maison d'hiver bohème qui réchauffe le cœur - Deco-et-vous.fr,maison hiver bohème,https://deco-et-vous.fr/deco-maison-hiver-boheme,2026-09-30
deco-et-vous.fr,Visitez une maison de style bohème pleine de charme - Deco-et-vous.fr,bohème pleine charme,https://deco-et-vous.fr/maison-boheme-charme-inspiration,2026-09-30
deco-et-vous.fr,Créez un bureau chic et pratique avec l'inspiration Ikea - Deco-et-vous.fr,pratique inspiration ikea,https://deco-et-vous.fr/mini-bureau-chic-inspiration-ikea,2026-09-30
deco-et-vous.fr,30 idées de salon vert sauge pour une décoration chaleureuse - Deco-et-vous.fr,sauge décoration chaleureuse,https://deco-et-vous.fr/salon-vert-sauge-decoration,2026-09-30
deco-habitat-mag.fr,Comment choisir des parquets en bois pour votre intérieur - deco-habitat-mag.fr,parquets bois votre,https://deco-habitat-mag.fr/choisir-parquet-bois,2026-09-30
deco-habitat-mag.fr,Découvrez le charme du parquet chêne européen vieilli - deco-habitat-mag.fr,parquet chêne européen,https://deco-habitat-mag.fr/parquet-chene-europeen-vieilli,2026-09-30
deco-habitat-mag.fr,Découvrez des revêtements pour sols et murs qui transforment votre intérieur - deco-habitat-mag.fr,découvrez revêtements sols,https://deco-habitat-mag.fr/revetements-sols-murs-maison,2026-09-30
deco-habitat-mag.fr,Choisir un sol stratifié effet bois durable pour votre maison - deco-habitat-mag.fr,durable votre maison,https://deco-habitat-mag.fr/sol-stratifie-bois-durable,2026-09-30
deco-habitat-mag.fr,Découvrez comment le parquet transforme votre intérieur - deco-habitat-mag.fr,parquet transforme votre,https://deco-habitat-mag.fr/tranformation-parquet-maison,2026-09-30
deco-interieur-conseil.fr,12 lieux incontournables à découvrir dans le sud de la France - Deco-interieur-conseil.fr,découvrir sud france,https://deco-interieur-conseil.fr/beaux-spots-sud-france,2026-09-30
deco-interieur-conseil.fr,Un superbe bouquet de lavande pour illuminer votre intérieur - Deco-interieur-conseil.fr,bouquet lavande illuminer,https://deco-interieur-conseil.fr/bouquet-lavande-decoration-interieur,2026-09-30
deco-interieur-conseil.fr,L'esthétique douce de la lavande : votre nouveau fond d'écran - Deco-interieur-conseil.fr,esthétique douce lavande,https://deco-interieur-conseil.fr/fond-ecran-lavande-esthetique,2026-09-30
deco-interieur-conseil.fr,Se promener dans des champs de lavande : une expérience apaisante - Deco-interieur-conseil.fr,promener champs lavande,https://deco-interieur-conseil.fr/promenade-champs-de-lavande,2026-09-30
deco-interieur-conseil.fr,Comment intégrer une tenue en fourrure beige dans votre garde-robe ? - Deco-interieur-conseil.fr,tenue fourrure beige,https://deco-interieur-conseil.fr/tenue-fourrure-beige,2026-09-30
decolux-maison.fr,Aménagez une piscine privée avec style et confort - decolux-maison.fr,aménagez piscine privée,https://decolux-maison.fr/amenager-piscine-privee-design,2026-09-30
decolux-maison.fr,Choisir la couleur de l'eau de votre piscine avec style - decolux-maison.fr,votre piscine style,https://decolux-maison.fr/choisir-couleur-eau-piscine,2026-09-30
decolux-maison.fr,Découvrez les maisons de luxe qui inspirent la décoration intérieure - decolux-maison.fr,découvrez maisons luxe,https://decolux-maison.fr/maisons-luxe-deco-interieur,2026-09-30
decolux-maison.fr,Mini piscines : le plaisir à portée de main - decolux-maison.fr,mini piscines,https://decolux-maison.fr/mini-piscine-plaisir-design,2026-09-30
decolux-maison.fr,20 idées de piscines souterraines pour un intérieur de rêve - decolux-maison.fr,piscines souterraines intérieur,https://decolux-maison.fr/piscines-souterraines-design-luxe,2026-09-30
domeus-constructions.fr,Cornière Alu : Comment Choisir Le Bon Profilé ?,cornière alu,https://domeus-constructions.fr/choisir-corniere-alu-dimensions-finition-fixation,2026-09-30
espaceimmobiliersanary.fr,"Espace Immo, votre média immobilier de référence en France",votre média immobilier,https://espaceimmobiliersanary.fr/a0b2n6e2g0a6t0o6r905.phtml,2026-09-30
espaceimmobiliersanary.fr,"Espace Immo, votre média immobilier de référence en France",votre média immobilier,https://espaceimmobiliersanary.fr/a0c2c8e6s1s9o8r1y512.phtml,2026-09-30
espaceimmobiliersanary.fr,"Espace Immo, votre média immobilier de référence en France",votre média immobilier,https://espaceimmobiliersanary.fr/a0d2s0p3e8r7s8u9s673.phtml,2026-09-30
espaceimmobiliersanary.fr,"Espace Immo, votre média immobilier de référence en France",votre média immobilier,https://espaceimmobiliersanary.fr/a0f3f0i3x1t4u7r6e29.phtml,2026-09-30
espaceimmobiliersanary.fr,"Espace Immo, votre média immobilier de référence en France",votre média immobilier,https://espaceimmobiliersanary.fr/a0g1a8l1a3g1a8l444.phtml,2026-09-30
espaceimmobiliersanary.fr,"Espace Immo, votre média immobilier de référence en France",votre média immobilier,https://espaceimmobiliersanary.fr/a0i2g3u5i6l6l1e0t4t2e.phtml,2026-09-30
espaceimmobiliersanary.fr,"Espace Immo, votre média immobilier de référence en France",votre média immobilier,https://espaceimmobiliersanary.fr/a0i9r1d4r9a4w0n187.phtml,2026-09-30
espaceimmobiliersanary.fr,"Espace Immo, votre média immobilier de référence en France",votre média immobilier,https://espaceimmobiliersanary.fr/a0l2k3a9l6i7z9a5t2e25.phtml,2026-09-30
espaceimmobiliersanary.fr,"Espace Immo, votre média immobilier de référence en France",votre média immobilier,https://espaceimmobiliersanary.fr/a0l5l3o6w949708.phtml,2026-09-30
espaceimmobiliersanary.fr,"Espace Immo, votre média immobilier de référence en France",votre média immobilier,https://espaceimmobiliersanary.fr/a0n3c7i2s6t1r6o7d1o5n8.phtml,2026-09-30
espaceimmobiliersanary.fr,"Espace Immo, votre média immobilier de référence en France",votre média immobilier,https://espaceimmobiliersanary.fr/a0n3g1u5i0s314351.phtml,2026-09-30
espaceimmobiliersanary.fr,"Espace Immo, votre média immobilier de référence en France",votre média immobilier,https://espaceimmobiliersanary.fr/a0n3t1e5s1t5a2t6u4r5e0.phtml,2026-09-30
espaceimmobiliersanary.fr,"Espace Immo, votre média immobilier de référence en France",votre média immobilier,https://espaceimmobiliersanary.fr/a0r2e4n9i9l8i9t3i7c34.phtml,2026-09-30
espaceimmobiliersanary.fr,"Espace Immo, votre média immobilier de référence en France",votre média immobilier,https://espaceimmobiliersanary.fr/a0u4x0e5t4o5p9h3o4n2e0.phtml,2026-09-30
espaceimmobiliersanary.fr,"Espace Immo, votre média immobilier de référence en France",votre média immobilier,https://espaceimmobiliersanary.fr/a1b2s3e7n1t3m1i1n1d7e1dly.phtml,2026-09-30
espaceimmobiliersanary.fr,"Espace Immo, votre média immobilier de référence en France",votre média immobilier,https://espaceimmobiliersanary.fr/a1c1a1c7i6n371183.phtml,2026-09-30
espaceimmobiliersanary.fr,"Espace Immo, votre média immobilier de référence en France",votre média immobilier,https://espaceimmobiliersanary.fr/a1c1h4i3l0l6e0s1031.phtml,2026-09-30
espaceimmobiliersanary.fr,"Espace Immo, votre média immobilier de référence en France",votre média immobilier,https://espaceimmobiliersanary.fr/a1c2e5r7i4n3a93323.phtml,2026-09-30
espaceimmobiliersanary.fr,"Espace Immo, votre média immobilier de référence en France",votre média immobilier,https://espaceimmobiliersanary.fr/a1c4q1u0i3s1i3t5o1r31.phtml,2026-09-30
espaceimmobiliersanary.fr,"Espace Immo, votre média immobilier de référence en France",votre média immobilier,https://espaceimmobiliersanary.fr/a1c8t0u8o7s9i4t2y18.phtml,2026-09-30
espaceimmobiliersanary.fr,"Espace Immo, votre média immobilier de référence en France",votre média immobilier,https://espaceimmobiliersanary.fr/a1e3s6c7u6l5u7s6871.phtml,2026-09-30
espaceimmobiliersanary.fr,"Espace Immo, votre média immobilier de référence en France",votre média immobilier,https://espaceimmobiliersanary.fr/a1f4t0e3r0s8a3i2l5s29.phtml,2026-09-30
espaceimmobiliersanary.fr,"Espace Immo, votre média immobilier de référence en France",votre média immobilier,https://espaceimmobiliersanary.fr/a1g4a0l2a3g7a0l1412.phtml,2026-09-30
espaceimmobiliersanary.fr,"Espace Immo, votre média immobilier de référence en France",votre média immobilier,https://espaceimmobiliersanary.fr/a1g7o9n8i0s2t6i8c2a0lly.phtml,2026-09-30
espaceimmobiliersanary.fr,"Espace Immo, votre média immobilier de référence en France",votre média immobilier,https://espaceimmobiliersanary.fr/a1l1g1a6t8e357228.phtml,2026-09-30
espaceimmobiliersanary.fr,"Espace Immo, votre média immobilier de référence en France",votre média immobilier,https://espaceimmobiliersanary.fr/a1l2l2o3w2897604.phtml,2026-09-30
espaceimmobiliersanary.fr,"Espace Immo, votre média immobilier de référence en France",votre média immobilier,https://espaceimmobiliersanary.fr/a1n1i4o7n5i2c57188.phtml,2026-09-30
espaceimmobiliersanary.fr,"Espace Immo, votre média immobilier de référence en France",votre média immobilier,https://espaceimmobiliersanary.fr/a1n2t3h5o3l3o5g1i1s8t3.phtml,2026-09-30
espaceimmobiliersanary.fr,"Espace Immo, votre média immobilier de référence en France",votre média immobilier,https://espaceimmobiliersanary.fr/a1p2p5r6e3c6i7a6t5o8r6ily.phtml,2026-09-30
espaceimmobiliersanary.fr,"Espace Immo, votre média immobilier de référence en France",votre média immobilier,https://espaceimmobiliersanary.fr/a1r1e5t5a0i1c0s2103.phtml,2026-09-30
espaceimmobiliersanary.fr,"Espace Immo, votre média immobilier de référence en France",votre média immobilier,https://espaceimmobiliersanary.fr/a2b1a7n2d7u7m89943.phtml,2026-09-30
espaceimmobiliersanary.fr,"Espace Immo, votre média immobilier de référence en France",votre média immobilier,https://espaceimmobiliersanary.fr/a2b1r0a9d2e677937.phtml,2026-09-30
espaceimmobiliersanary.fr,"Espace Immo, votre média immobilier de référence en France",votre média immobilier,https://espaceimmobiliersanary.fr/a2b3a9n6d5o9n3m3e6n6t3.phtml,2026-09-30
espaceimmobiliersanary.fr,"Espace Immo, votre média immobilier de référence en France",votre média immobilier,https://espaceimmobiliersanary.fr/a2c2h9i1e4v6a0b0i9l4i7ty.phtml,2026-09-30
espaceimmobiliersanary.fr,"Espace Immo, votre média immobilier de référence en France",votre média immobilier,https://espaceimmobiliersanary.fr/a2c3o7u1s3t4i0c0908.phtml,2026-09-30
espaceimmobiliersanary.fr,"Espace Immo, votre média immobilier de référence en France",votre média immobilier,https://espaceimmobiliersanary.fr/a2d2e1q3u1a9c8y7541.phtml,2026-09-30
espaceimmobiliersanary.fr,"Espace Immo, votre média immobilier de référence en France",votre média immobilier,https://espaceimmobiliersanary.fr/a2i1g1u4i3l4l8e0t3t0e7.phtml,2026-09-30
espaceimmobiliersanary.fr,"Espace Immo, votre média immobilier de référence en France",votre média immobilier,https://espaceimmobiliersanary.fr/a2l3k7a3l2o1t3i1c584.phtml,2026-09-30
espaceimmobiliersanary.fr,"Espace Immo, votre média immobilier de référence en France",votre média immobilier,https://espaceimmobiliersanary.fr/a2m1i8n2o7l348256.phtml,2026-09-30
espaceimmobiliersanary.fr,"Espace Immo, votre média immobilier de référence en France",votre média immobilier,https://espaceimmobiliersanary.fr/a2m2b3r5o2s3i9a8l676.phtml,2026-09-30
espaceimmobiliersanary.fr,"Espace Immo, votre média immobilier de référence en France",votre média immobilier,https://espaceimmobiliersanary.fr/a2m7e7r4i3c6a2n0i3s0m.phtml,2026-09-30
espaceimmobiliersanary.fr,"Espace Immo, votre média immobilier de référence en France",votre média immobilier,https://espaceimmobiliersanary.fr/a2n1a7m0o6r8p9h4o6s7i7s.phtml,2026-09-30
espaceimmobiliersanary.fr,"Espace Immo, votre média immobilier de référence en France",votre média immobilier,https://espaceimmobiliersanary.fr/a2n1t8h9o3c4h5a9e2r0a5.phtml,2026-09-30
espaceimmobiliersanary.fr,"Espace Immo, votre média immobilier de référence en France",votre média immobilier,https://espaceimmobiliersanary.fr/a2n4a0l1o8g949117.phtml,2026-09-30
espaceimmobiliersanary.fr,"Espace Immo, votre média immobilier de référence en France",votre média immobilier,https://espaceimmobiliersanary.fr/a2n6i8o7n1i2c8572.phtml,2026-09-30
espaceimmobiliersanary.fr,"Espace Immo, votre média immobilier de référence en France",votre média immobilier,https://espaceimmobiliersanary.fr/a2n8t6i5t3u4s9s9i0v0e.phtml,2026-09-30
espaceimmobiliersanary.fr,"Espace Immo, votre média immobilier de référence en France",votre média immobilier,https://espaceimmobiliersanary.fr/a2p1o6h0y1a6l75161.phtml,2026-09-30
espaceimmobiliersanary.fr,"Espace Immo, votre média immobilier de référence en France",votre média immobilier,https://espaceimmobiliersanary.fr/a2p1p1e6n4d1i9x5e6s2.phtml,2026-09-30
espaceimmobiliersanary.fr,"Espace Immo, votre média immobilier de référence en France",votre média immobilier,https://espaceimmobiliersanary.fr/a2p7e5n4n6i7n8e863.phtml,2026-09-30
espaceimmobiliersanary.fr,"Espace Immo, votre média immobilier de référence en France",votre média immobilier,https://espaceimmobiliersanary.fr/a2r3t2i0f3a7c0t4u4a4l2.phtml,2026-09-30
espaceimmobiliersanary.fr,"Espace Immo, votre média immobilier de référence en France",votre média immobilier,https://espaceimmobiliersanary.fr/a2t8h8e5r1i1n3a26.phtml,2026-09-30
espaceimmobiliersanary.fr,"Espace Immo, votre média immobilier de référence en France",votre média immobilier,https://espaceimmobiliersanary.fr/a2u2g9u3s0t7i4n3i9s1m8.phtml,2026-09-30
espaceimmobiliersanary.fr,"Espace Immo, votre média immobilier de référence en France",votre média immobilier,https://espaceimmobiliersanary.fr/a2u7x9e3t2o7p4h5o2n5e.phtml,2026-09-30
espaceimmobiliersanary.fr,"Espace Immo, votre média immobilier de référence en France",votre média immobilier,https://espaceimmobiliersanary.fr/a2u8t8o2m0a4t9h327.phtml,2026-09-30
espaceimmobiliersanary.fr,"Espace Immo, votre média immobilier de référence en France",votre média immobilier,https://espaceimmobiliersanary.fr/a3c1c1e6s2s3o9r2y818.phtml,2026-09-30
espaceimmobiliersanary.fr,"Espace Immo, votre média immobilier de référence en France",votre média immobilier,https://espaceimmobiliersanary.fr/a3d1s4p6e2r6s2u9s94.phtml,2026-09-30
espaceimmobiliersanary.fr,"Espace Immo, votre média immobilier de référence en France",votre média immobilier,https://espaceimmobiliersanary.fr/a3f7t7e8r9s5a0i8l1s8.phtml,2026-09-30
espaceimmobiliersanary.fr,"Espace Immo, votre média immobilier de référence en France",votre média immobilier,https://espaceimmobiliersanary.fr/a3l1k5a0l2i5z1a2t8e83.phtml,2026-09-30
espaceimmobiliersanary.fr,"Espace Immo, votre média immobilier de référence en France",votre média immobilier,https://espaceimmobiliersanary.fr/a3l3c2o2h5o3l9a5t0e19.phtml,2026-09-30
espaceimmobiliersanary.fr,"Espace Immo, votre média immobilier de référence en France",votre média immobilier,https://espaceimmobiliersanary.fr/a3m3y0l9o0c3a8i1n9e96.phtml,2026-09-30
espaceimmobiliersanary.fr,"Espace Immo, votre média immobilier de référence en France",votre média immobilier,https://espaceimmobiliersanary.fr/a3n1c2h4o7r2i3t4e4s5s9.phtml,2026-09-30
espaceimmobiliersanary.fr,"Espace Immo, votre média immobilier de référence en France",votre média immobilier,https://espaceimmobiliersanary.fr/a3n3c9i0s5t6r2o6d6o5n5.phtml,2026-09-30
espaceimmobiliersanary.fr,"Espace Immo, votre média immobilier de référence en France",votre média immobilier,https://espaceimmobiliersanary.fr/a3n3n0u6n1c7i5a0t6o6r3.phtml,2026-09-30
espaceimmobiliersanary.fr,"Espace Immo, votre média immobilier de référence en France",votre média immobilier,https://espaceimmobiliersanary.fr/a3n6a8l1o1g6i4c162.phtml,2026-09-30
espaceimmobiliersanary.fr,"Espace Immo, votre média immobilier de référence en France",votre média immobilier,https://espaceimmobiliersanary.fr/a3t1h8l3e2t1i0c0a5l5l1y.phtml,2026-09-30
espaceimmobiliersanary.fr,"Espace Immo, votre média immobilier de référence en France",votre média immobilier,https://espaceimmobiliersanary.fr/a3t2h6e5r6i8n7a4454.phtml,2026-09-30
espaceimmobiliersanary.fr,"Espace Immo, votre média immobilier de référence en France",votre média immobilier,https://espaceimmobiliersanary.fr/a4b2r8u4z3z5i10460.phtml,2026-09-30
espaceimmobiliersanary.fr,"Espace Immo, votre média immobilier de référence en France",votre média immobilier,https://espaceimmobiliersanary.fr/a4e4s1c2u4l4u7s1824.phtml,2026-09-30
espaceimmobiliersanary.fr,"Espace Immo, votre média immobilier de référence en France",votre média immobilier,https://espaceimmobiliersanary.fr/a4f2t2e0r5s4a1i4l6s82.phtml,2026-09-30
espaceimmobiliersanary.fr,"Espace Immo, votre média immobilier de référence en France",votre média immobilier,https://espaceimmobiliersanary.fr/a4f9f5i3x9i6a1l179.phtml,2026-09-30
espaceimmobiliersanary.fr,"Espace Immo, votre média immobilier de référence en France",votre média immobilier,https://espaceimmobiliersanary.fr/a4g3a1l9a6g5a2l7949.phtml,2026-09-30
espaceimmobiliersanary.fr,"Espace Immo, votre média immobilier de référence en France",votre média immobilier,https://espaceimmobiliersanary.fr/a4g4o2n6i5s8t2i0c6a5l3ly.phtml,2026-09-30
espaceimmobiliersanary.fr,"Espace Immo, votre média immobilier de référence en France",votre média immobilier,https://espaceimmobiliersanary.fr/a4l1k9a5l3i7n6e6213.phtml,2026-09-30
espaceimmobiliersanary.fr,"Espace Immo, votre média immobilier de référence en France",votre média immobilier,https://espaceimmobiliersanary.fr/a4l3k0a8l5e4s1c5e4n8c5e.phtml,2026-09-30
espaceimmobiliersanary.fr,"Espace Immo, votre média immobilier de référence en France",votre média immobilier,https://espaceimmobiliersanary.fr/a4n1i7o2n0i7c76973.phtml,2026-09-30
espaceimmobiliersanary.fr,"Espace Immo, votre média immobilier de référence en France",votre média immobilier,https://espaceimmobiliersanary.fr/a4n1t4i0a2s9t8h5m6a8tic.phtml,2026-09-30
espaceimmobiliersanary.fr,"Espace Immo, votre média immobilier de référence en France",votre média immobilier,https://espaceimmobiliersanary.fr/a4r4c0h0a1i2z4i8n7g21.phtml,2026-09-30
espaceimmobiliersanary.fr,"Espace Immo, votre média immobilier de référence en France",votre média immobilier,https://espaceimmobiliersanary.fr/a4s2s6o9c3i3a3b1l5e9n6ess.phtml,2026-09-30
espaceimmobiliersanary.fr,"Espace Immo, votre média immobilier de référence en France",votre média immobilier,https://espaceimmobiliersanary.fr/a4s4s2i1d1e4a7n8039.phtml,2026-09-30
espaceimmobiliersanary.fr,"Espace Immo, votre média immobilier de référence en France",votre média immobilier,https://espaceimmobiliersanary.fr/a4t1t3i4t4u9d7e697.phtml,2026-09-30
espaceimmobiliersanary.fr,"Espace Immo, votre média immobilier de référence en France",votre média immobilier,https://espaceimmobiliersanary.fr/a4u3t6o3m8o9b3i3l7i0s0t.phtml,2026-09-30
espaceimmobiliersanary.fr,"Espace Immo, votre média immobilier de référence en France",votre média immobilier,https://espaceimmobiliersanary.fr/a4w3o3r4k2i2n5g7693.phtml,2026-09-30
espaceimmobiliersanary.fr,"Espace Immo, votre média immobilier de référence en France",votre média immobilier,https://espaceimmobiliersanary.fr/a5b1s7c5i0s4s5i6o8n66.phtml,2026-09-30
espaceimmobiliersanary.fr,"Espace Immo, votre média immobilier de référence en France",votre média immobilier,https://espaceimmobiliersanary.fr/a5c1h1o3r1m3a6n9668.phtml,2026-09-30
espaceimmobiliersanary.fr,"Espace Immo, votre média immobilier de référence en France",votre média immobilier,https://espaceimmobiliersanary.fr/a5c3c0e0s9s7o3r6y194.phtml,2026-09-30
espaceimmobiliersanary.fr,"Espace Immo, votre média immobilier de référence en France",votre média immobilier,https://espaceimmobiliersanary.fr/a5c4h1i7l8l4e2s3656.phtml,2026-09-30
espaceimmobiliersanary.fr,"Espace Immo, votre média immobilier de référence en France",votre média immobilier,https://espaceimmobiliersanary.fr/a5g2a8l9a2x0y52171.phtml,2026-09-30
espaceimmobiliersanary.fr,"Espace Immo, votre média immobilier de référence en France",votre média immobilier,https://espaceimmobiliersanary.fr/a5m1i0n6o7l283625.phtml,2026-09-30
espaceimmobiliersanary.fr,"Espace Immo, votre média immobilier de référence en France",votre média immobilier,https://espaceimmobiliersanary.fr/a5n5t9h6o5c2h7a8e2ra.phtml,2026-09-30
espaceimmobiliersanary.fr,"Espace Immo, votre média immobilier de référence en France",votre média immobilier,https://espaceimmobiliersanary.fr/a5p4e2n8n9i5n8e1528.phtml,2026-09-30
espaceimmobiliersanary.fr,"Espace Immo, votre média immobilier de référence en France",votre média immobilier,https://espaceimmobiliersanary.fr/a5r2t0h1r6o5p0a0t4h8y9.phtml,2026-09-30
espaceimmobiliersanary.fr,"Espace Immo, votre média immobilier de référence en France",votre média immobilier,https://espaceimmobiliersanary.fr/a5s4t0r3a2g0a4l4o6i1d2.phtml,2026-09-30
espaceimmobiliersanary.fr,"Espace Immo, votre média immobilier de référence en France",votre média immobilier,https://espaceimmobiliersanary.fr/a5u1g9h3t8019293.phtml,2026-09-30
espaceimmobiliersanary.fr,"Espace Immo, votre média immobilier de référence en France",votre média immobilier,https://espaceimmobiliersanary.fr/a6d3j5u6d5g6e46242.phtml,2026-09-30
espaceimmobiliersanary.fr,"Espace Immo, votre média immobilier de référence en France",votre média immobilier,https://espaceimmobiliersanary.fr/a6g2a4l5a9x7y316.phtml,2026-09-30
espaceimmobiliersanary.fr,"Espace Immo, votre média immobilier de référence en France",votre média immobilier,https://espaceimmobiliersanary.fr/a6l2c4o6h4o2l8a1t8e12.phtml,2026-09-30
espaceimmobiliersanary.fr,"Espace Immo, votre média immobilier de référence en France",votre média immobilier,https://espaceimmobiliersanary.fr/a6l8b0e2r6t15608.phtml,2026-09-30
espaceimmobiliersanary.fr,"Espace Immo, votre média immobilier de référence en France",votre média immobilier,https://espaceimmobiliersanary.fr/a6m8b7r2o3s6i2a8l70.phtml,2026-09-30
espaceimmobiliersanary.fr,"Espace Immo, votre média immobilier de référence en France",votre média immobilier,https://espaceimmobiliersanary.fr/a6n2t5h0o1l1o0g5i8s3t3.phtml,2026-09-30
espaceimmobiliersanary.fr,"Espace Immo, votre média immobilier de référence en France",votre média immobilier,https://espaceimmobiliersanary.fr/a6n3t2i4p6a6t3h5e6s27.phtml,2026-09-30
espaceimmobiliersanary.fr,"Espace Immo, votre média immobilier de référence en France",votre média immobilier,https://espaceimmobiliersanary.fr/a6p1o5p0h9y6g8e9408.phtml,2026-09-30
espaceimmobiliersanary.fr,"Espace Immo, votre média immobilier de référence en France",votre média immobilier,https://espaceimmobiliersanary.fr/a6r1m5o7u1r4e3d8812.phtml,2026-09-30
espaceimmobiliersanary.fr,"Espace Immo, votre média immobilier de référence en France",votre média immobilier,https://espaceimmobiliersanary.fr/a6r4c1h5n5e9s2s0288.phtml,2026-09-30
espaceimmobiliersanary.fr,"Espace Immo, votre média immobilier de référence en France",votre média immobilier,https://espaceimmobiliersanary.fr/a6t2h8e3r6i3n3a3951.phtml,2026-09-30
espaceimmobiliersanary.fr,"Espace Immo, votre média immobilier de référence en France",votre média immobilier,https://espaceimmobiliersanary.fr/a7c2e0r6i0n8a97054.phtml,2026-09-30
espaceimmobiliersanary.fr,"Espace Immo, votre média immobilier de référence en France",votre média immobilier,https://espaceimmobiliersanary.fr/a7c6a0c3i1n06081.phtml,2026-09-30
espaceimmobiliersanary.fr,"Espace Immo, votre média immobilier de référence en France",votre média immobilier,https://espaceimmobiliersanary.fr/a7l1k1a9l9i5n9e790.phtml,2026-09-30
espaceimmobiliersanary.fr,"Espace Immo, votre média immobilier de référence en France",votre média immobilier,https://espaceimmobiliersanary.fr/a7l2i6k2e5m1i9n5d7e0d9.phtml,2026-09-30
espaceimmobiliersanary.fr,"Espace Immo, votre média immobilier de référence en France",votre média immobilier,https://espaceimmobiliersanary.fr/a7n6t1e5n0a5t3a1l97.phtml,2026-09-30
espaceimmobiliersanary.fr,"Espace Immo, votre média immobilier de référence en France",votre média immobilier,https://espaceimmobiliersanary.fr/a7p1r7o4c0t9a01567.phtml,2026-09-30
espaceimmobiliersanary.fr,"Espace Immo, votre média immobilier de référence en France",votre média immobilier,https://espaceimmobiliersanary.fr/a7p2o8h1y4a7l83058.phtml,2026-09-30
espaceimmobiliersanary.fr,"Espace Immo, votre média immobilier de référence en France",votre média immobilier,https://espaceimmobiliersanary.fr/a7r1t6h9r5o1p2o9d3a80.phtml,2026-09-30
espaceimmobiliersanary.fr,"Espace Immo, votre média immobilier de référence en France",votre média immobilier,https://espaceimmobiliersanary.fr/a7s3t4o4u6n4d0e4d762.phtml,2026-09-30
espaceimmobiliersanary.fr,"Espace Immo, votre média immobilier de référence en France",votre média immobilier,https://espaceimmobiliersanary.fr/a7t3t6i7t7u7d8e8970.phtml,2026-09-30
espaceimmobiliersanary.fr,"Espace Immo, votre média immobilier de référence en France",votre média immobilier,https://espaceimmobiliersanary.fr/a7u1t0o2m9a8t0h3977.phtml,2026-09-30
espaceimmobiliersanary.fr,"Espace Immo, votre média immobilier de référence en France",votre média immobilier,https://espaceimmobiliersanary.fr/a8b1a2n3d7o8n4m4e8n8t2.phtml,2026-09-30
espaceimmobiliersanary.fr,"Espace Immo, votre média immobilier de référence en France",votre média immobilier,https://espaceimmobiliersanary.fr/a8b3r7u1z1z2i36318.phtml,2026-09-30
espaceimmobiliersanary.fr,"Espace Immo, votre média immobilier de référence en France",votre média immobilier,https://espaceimmobiliersanary.fr/a8b9s9c0i3s9s2i2o5n1.phtml,2026-09-30
espaceimmobiliersanary.fr,"Espace Immo, votre média immobilier de référence en France",votre média immobilier,https://espaceimmobiliersanary.fr/a8c1c1e0s8s8o2r0y892.phtml,2026-09-30
espaceimmobiliersanary.fr,"Espace Immo, votre média immobilier de référence en France",votre média immobilier,https://espaceimmobiliersanary.fr/a8c1t9u9o1s2i4t5y861.phtml,2026-09-30
espaceimmobiliersanary.fr,"Espace Immo, votre média immobilier de référence en France",votre média immobilier,https://espaceimmobiliersanary.fr/a8d4j4u2d8g0e483.phtml,2026-09-30
espaceimmobiliersanary.fr,"Espace Immo, votre média immobilier de référence en France",votre média immobilier,https://espaceimmobiliersanary.fr/a8f9t2e6r7s0a5i4l8s4.phtml,2026-09-30
espaceimmobiliersanary.fr,"Espace Immo, votre média immobilier de référence en France",votre média immobilier,https://espaceimmobiliersanary.fr/a8l1n1i3f9o9l5i3a64.phtml,2026-09-30
espaceimmobiliersanary.fr,"Espace Immo, votre média immobilier de référence en France",votre média immobilier,https://espaceimmobiliersanary.fr/a8m3i4n6o1l335634.phtml,2026-09-30
espaceimmobiliersanary.fr,"Espace Immo, votre média immobilier de référence en France",votre média immobilier,https://espaceimmobiliersanary.fr/a8n1t0i6p8a4t9h5e7s40.phtml,2026-09-30
espaceimmobiliersanary.fr,"Espace Immo, votre média immobilier de référence en France",votre média immobilier,https://espaceimmobiliersanary.fr/a8n8a2l8o9g1i8c828.phtml,2026-09-30
espaceimmobiliersanary.fr,"Espace Immo, votre média immobilier de référence en France",votre média immobilier,https://espaceimmobiliersanary.fr/a8p2e3n8n8i6n6e6241.phtml,2026-09-30
espaceimmobiliersanary.fr,"Espace Immo, votre média immobilier de référence en France",votre média immobilier,https://espaceimmobiliersanary.fr/a8p2o5p4h3y3g3e7808.phtml,2026-09-30
espaceimmobiliersanary.fr,"Espace Immo, votre média immobilier de référence en France",votre média immobilier,https://espaceimmobiliersanary.fr/a8r1c6h2o4n038893.phtml,2026-09-30
espaceimmobiliersanary.fr,"Espace Immo, votre média immobilier de référence en France",votre média immobilier,https://espaceimmobiliersanary.fr/a8r7c6h0n3e8s3s665.phtml,2026-09-30
espaceimmobiliersanary.fr,"Espace Immo, votre média immobilier de référence en France",votre média immobilier,https://espaceimmobiliersanary.fr/a8s1h7e7n4217757.phtml,2026-09-30
espaceimmobiliersanary.fr,"Espace Immo, votre média immobilier de référence en France",votre média immobilier,https://espaceimmobiliersanary.fr/a8s2t1r9a8g2a3l8o1i8d9.phtml,2026-09-30
espaceimmobiliersanary.fr,"Espace Immo, votre média immobilier de référence en France",votre média immobilier,https://espaceimmobiliersanary.fr/a8s4p0e2r7g2e9s2317.phtml,2026-09-30
espaceimmobiliersanary.fr,"Espace Immo, votre média immobilier de référence en France",votre média immobilier,https://espaceimmobiliersanary.fr/a8s8s3i0m1i3l0a9t2e7d.phtml,2026-09-30
espaceimmobiliersanary.fr,"Espace Immo, votre média immobilier de référence en France",votre média immobilier,https://espaceimmobiliersanary.fr/a8t2t2i6g9u3o2u8s676.phtml,2026-09-30
espaceimmobiliersanary.fr,"Espace Immo, votre média immobilier de référence en France",votre média immobilier,https://espaceimmobiliersanary.fr/a8t3h8e7r8i3n7a0960.phtml,2026-09-30
espaceimmobiliersanary.fr,"Espace Immo, votre média immobilier de référence en France",votre média immobilier,https://espaceimmobiliersanary.fr/a8u2x3e0t1o4p3h2o7n8e3.phtml,2026-09-30
espaceimmobiliersanary.fr,"Espace Immo, votre média immobilier de référence en France",votre média immobilier,https://espaceimmobiliersanary.fr/a8u5r9o5c9a2p9i5l5l6us.phtml,2026-09-30
espaceimmobiliersanary.fr,"Espace Immo, votre média immobilier de référence en France",votre média immobilier,https://espaceimmobiliersanary.fr/a9c2e9r6i8n7a16334.phtml,2026-09-30
espaceimmobiliersanary.fr,"Espace Immo, votre média immobilier de référence en France",votre média immobilier,https://espaceimmobiliersanary.fr/a9c3o3u1s4t0i1c207.phtml,2026-09-30
espaceimmobiliersanary.fr,"Espace Immo, votre média immobilier de référence en France",votre média immobilier,https://espaceimmobiliersanary.fr/a9c4a2c9i8n43506.phtml,2026-09-30
espaceimmobiliersanary.fr,"Espace Immo, votre média immobilier de référence en France",votre média immobilier,https://espaceimmobiliersanary.fr/a9d3d0i8b7i7l9i4t2y59.phtml,2026-09-30
espaceimmobiliersanary.fr,"Espace Immo, votre média immobilier de référence en France",votre média immobilier,https://espaceimmobiliersanary.fr/a9g1o5o8d6369652.phtml,2026-09-30
espaceimmobiliersanary.fr,"Espace Immo, votre média immobilier de référence en France",votre média immobilier,https://espaceimmobiliersanary.fr/a9i3g1u3i0l1l8e9t7t5e7.phtml,2026-09-30
espaceimmobiliersanary.fr,"Espace Immo, votre média immobilier de référence en France",votre média immobilier,https://espaceimmobiliersanary.fr/a9l4b2e7r0t409441.phtml,2026-09-30
espaceimmobiliersanary.fr,"Espace Immo, votre média immobilier de référence en France",votre média immobilier,https://espaceimmobiliersanary.fr/a9m1y7l0o4c4a7i0n4e95.phtml,2026-09-30
espaceimmobiliersanary.fr,"Espace Immo, votre média immobilier de référence en France",votre média immobilier,https://espaceimmobiliersanary.fr/a9n1n6o3y9o6u3s390.phtml,2026-09-30
espaceimmobiliersanary.fr,"Espace Immo, votre média immobilier de référence en France",votre média immobilier,https://espaceimmobiliersanary.fr/a9n1t9i8t0u6s9s2i6v6e3.phtml,2026-09-30
espaceimmobiliersanary.fr,"Espace Immo, votre média immobilier de référence en France",votre média immobilier,https://espaceimmobiliersanary.fr/a9n2a3l2o3g5i4c0132.phtml,2026-09-30
espaceimmobiliersanary.fr,"Espace Immo, votre média immobilier de référence en France",votre média immobilier,https://espaceimmobiliersanary.fr/a9n2t4i2p7a8t5h0e7s40.phtml,2026-09-30
espaceimmobiliersanary.fr,"Espace Immo, votre média immobilier de référence en France",votre média immobilier,https://espaceimmobiliersanary.fr/a9p2p9r5e7c9i9a9t6o1r3ily.phtml,2026-09-30
espaceimmobiliersanary.fr,"Espace Immo, votre média immobilier de référence en France",votre média immobilier,https://espaceimmobiliersanary.fr/a9p3p8e3a3s7e1m4e7n8t7.phtml,2026-09-30
espaceimmobiliersanary.fr,"Espace Immo, votre média immobilier de référence en France",votre média immobilier,https://espaceimmobiliersanary.fr/a9r1m8o1u8r0e0d7141.phtml,2026-09-30
espaceimmobiliersanary.fr,"Espace Immo, votre média immobilier de référence en France",votre média immobilier,https://espaceimmobiliersanary.fr/a9s1t6r7a9g5a9l3o5i7d4.phtml,2026-09-30
espaceimmobiliersanary.fr,"Espace Immo, votre média immobilier de référence en France",votre média immobilier,https://espaceimmobiliersanary.fr/a9s2s5u1e9t6u7d2e986.phtml,2026-09-30
espaceimmobiliersanary.fr,"Espace Immo, votre média immobilier de référence en France",votre média immobilier,https://espaceimmobiliersanary.fr/a9t2t8i2t2u5d2e363.phtml,2026-09-30
espaceimmobiliersanary.fr,"Espace Immo, votre média immobilier de référence en France",votre média immobilier,https://espaceimmobiliersanary.fr/a9t3t1r8a6c1t8i5v8e65.phtml,2026-09-30
espaceimmobiliersanary.fr,"Espace Immo, votre média immobilier de référence en France",votre média immobilier,https://espaceimmobiliersanary.fr/a9u2r2o2c4a7p6i8l6l2u0s.phtml,2026-09-30
espaceimmobiliersanary.fr,"Espace Immo, votre média immobilier de référence en France",votre média immobilier,https://espaceimmobiliersanary.fr/b0a1g9p3i7p0e6r6802.phtml,2026-09-30
espaceimmobiliersanary.fr,"Espace Immo, votre média immobilier de référence en France",votre média immobilier,https://espaceimmobiliersanary.fr/b0e1a1t5r7i8x04030.phtml,2026-09-30
espaceimmobiliersanary.fr,"Espace Immo, votre média immobilier de référence en France",votre média immobilier,https://espaceimmobiliersanary.fr/b0e3n8t2h2a0m3i5c93.phtml,2026-09-30
espaceimmobiliersanary.fr,"Espace Immo, votre média immobilier de référence en France",votre média immobilier,https://espaceimmobiliersanary.fr/b0l2i0g4h5t8i0n2g6l5y9.phtml,2026-09-30
espaceimmobiliersanary.fr,"Espace Immo, votre média immobilier de référence en France",votre média immobilier,https://espaceimmobiliersanary.fr/b0o1r9o1u5g5h6m6o5n7g0ery.phtml,2026-09-30
espaceimmobiliersanary.fr,"Espace Immo, votre média immobilier de référence en France",votre média immobilier,https://espaceimmobiliersanary.fr/b0o3t2t9o0n7e3094.phtml,2026-09-30
espaceimmobiliersanary.fr,"Espace Immo, votre média immobilier de référence en France",votre média immobilier,https://espaceimmobiliersanary.fr/b1a1p1h3i0a42873.phtml,2026-09-30
espaceimmobiliersanary.fr,"Espace Immo, votre média immobilier de référence en France",votre média immobilier,https://espaceimmobiliersanary.fr/b1a1r8y2s6p1h3e6r1e57.phtml,2026-09-30
espaceimmobiliersanary.fr,"Espace Immo, votre média immobilier de référence en France",votre média immobilier,https://espaceimmobiliersanary.fr/b1e2n9z3y4l284130.phtml,2026-09-30
espaceimmobiliersanary.fr,"Espace Immo, votre média immobilier de référence en France",votre média immobilier,https://espaceimmobiliersanary.fr/b1e3s5t8r6i9d82919.phtml,2026-09-30
espaceimmobiliersanary.fr,"Espace Immo, votre média immobilier de référence en France",votre média immobilier,https://espaceimmobiliersanary.fr/b1i1t2c3h6y892375.phtml,2026-09-30
espaceimmobiliersanary.fr,"Espace Immo, votre média immobilier de référence en France",votre média immobilier,https://espaceimmobiliersanary.fr/b1i2z8c1a2c6h1a8452.phtml,2026-09-30
espaceimmobiliersanary.fr,"Espace Immo, votre média immobilier de référence en France",votre média immobilier,https://espaceimmobiliersanary.fr/b1l3e3a2t6e1r3306.phtml,2026-09-30
espaceimmobiliersanary.fr,"Espace Immo, votre média immobilier de référence en France",votre média immobilier,https://espaceimmobiliersanary.fr/b1l6a9k1e7a17360.phtml,2026-09-30
espaceimmobiliersanary.fr,"Espace Immo, votre média immobilier de référence en France",votre média immobilier,https://espaceimmobiliersanary.fr/b1r2e3l5o1q1u8e6593.phtml,2026-09-30
espaceimmobiliersanary.fr,"Espace Immo, votre média immobilier de référence en France",votre média immobilier,https://espaceimmobiliersanary.fr/b1u2r5s4a5e761990.phtml,2026-09-30
espaceimmobiliersanary.fr,"Espace Immo, votre média immobilier de référence en France",votre média immobilier,https://espaceimmobiliersanary.fr/b1u4r2n1e6d0o6u6t843.phtml,2026-09-30
espaceimmobiliersanary.fr,"Espace Immo, votre média immobilier de référence en France",votre média immobilier,https://espaceimmobiliersanary.fr/b1u9l4l5f9i9g5h6t8i6ng.phtml,2026-09-30
espaceimmobiliersanary.fr,"Espace Immo, votre média immobilier de référence en France",votre média immobilier,https://espaceimmobiliersanary.fr/b2a2n0g8i5n0g03271.phtml,2026-09-30
espaceimmobiliersanary.fr,"Espace Immo, votre média immobilier de référence en France",votre média immobilier,https://espaceimmobiliersanary.fr/b2e1s7o9t6t0e6d5498.phtml,2026-09-30
espaceimmobiliersanary.fr,"Espace Immo, votre média immobilier de référence en France",votre média immobilier,https://espaceimmobiliersanary.fr/b2e2g7u9i2n4e93874.phtml,2026-09-30
espaceimmobiliersanary.fr,"Espace Immo, votre média immobilier de référence en France",votre média immobilier,https://espaceimmobiliersanary.fr/b2e3a0t0r6i1x95982.phtml,2026-09-30
espaceimmobiliersanary.fr,"Espace Immo, votre média immobilier de référence en France",votre média immobilier,https://espaceimmobiliersanary.fr/b2e4g0g5e7s9t7e0r1e09.phtml,2026-09-30
espaceimmobiliersanary.fr,"Espace Immo, votre média immobilier de référence en France",votre média immobilier,https://espaceimmobiliersanary.fr/b2i1g0h1a9250795.phtml,2026-09-30
espaceimmobiliersanary.fr,"Espace Immo, votre média immobilier de référence en France",votre média immobilier,https://espaceimmobiliersanary.fr/b2i9z5c1a7c9h6a589.phtml,2026-09-30
espaceimmobiliersanary.fr,"Espace Immo, votre média immobilier de référence en France",votre média immobilier,https://espaceimmobiliersanary.fr/b2r3o2a9d7s4p3r8e0a1d3.phtml,2026-09-30
espaceimmobiliersanary.fr,"Espace Immo, votre média immobilier de référence en France",votre média immobilier,https://espaceimmobiliersanary.fr/b2u2s4h9e1l7i6n4g750.phtml,2026-09-30
espaceimmobiliersanary.fr,"Espace Immo, votre média immobilier de référence en France",votre média immobilier,https://espaceimmobiliersanary.fr/b3a3c7h8e9l9o2r5s403.phtml,2026-09-30
espaceimmobiliersanary.fr,"Espace Immo, votre média immobilier de référence en France",votre média immobilier,https://espaceimmobiliersanary.fr/b3e4g0o2d2489329.phtml,2026-09-30
espaceimmobiliersanary.fr,"Espace Immo, votre média immobilier de référence en France",votre média immobilier,https://espaceimmobiliersanary.fr/b3e5n7t0h0a5m1i6c98.phtml,2026-09-30
espaceimmobiliersanary.fr,"Espace Immo, votre média immobilier de référence en France",votre média immobilier,https://espaceimmobiliersanary.fr/b3i2t2c7h0y540775.phtml,2026-09-30
espaceimmobiliersanary.fr,"Espace Immo, votre média immobilier de référence en France",votre média immobilier,https://espaceimmobiliersanary.fr/b3l4a0d9e7s1m8i9t1h2.phtml,2026-09-30
espaceimmobiliersanary.fr,"Espace Immo, votre média immobilier de référence en France",votre média immobilier,https://espaceimmobiliersanary.fr/b3o2r1o5u9g7h7m8o5n9gery.phtml,2026-09-30
espaceimmobiliersanary.fr,"Espace Immo, votre média immobilier de référence en France",votre média immobilier,https://espaceimmobiliersanary.fr/b3o3o2k3l3e5a2r4n0e0d3.phtml,2026-09-30
espaceimmobiliersanary.fr,"Espace Immo, votre média immobilier de référence en France",votre média immobilier,https://espaceimmobiliersanary.fr/b3r3e3l1o8q7u7e4706.phtml,2026-09-30
espaceimmobiliersanary.fr,"Espace Immo, votre média immobilier de référence en France",votre média immobilier,https://espaceimmobiliersanary.fr/b4a1c7t1e9r6i6o0s9c5o9py.phtml,2026-09-30
espaceimmobiliersanary.fr,"Espace Immo, votre média immobilier de référence en France",votre média immobilier,https://espaceimmobiliersanary.fr/b4a7c5i3l9l9a7r0i2ae.phtml,2026-09-30
espaceimmobiliersanary.fr,"Espace Immo, votre média immobilier de référence en France",votre média immobilier,https://espaceimmobiliersanary.fr/b4e8g0g5e0s3t9e8r2e2.phtml,2026-09-30
espaceimmobiliersanary.fr,"Espace Immo, votre média immobilier de référence en France",votre média immobilier,https://espaceimmobiliersanary.fr/b4i1b2b8s5270563.phtml,2026-09-30
espaceimmobiliersanary.fr,"Espace Immo, votre média immobilier de référence en France",votre média immobilier,https://espaceimmobiliersanary.fr/b5a4s8k0i8n0g9399.phtml,2026-09-30
espaceimmobiliersanary.fr,"Espace Immo, votre média immobilier de référence en France",votre média immobilier,https://espaceimmobiliersanary.fr/b5o3a8t3b7i3l5l1100.phtml,2026-09-30
espaceimmobiliersanary.fr,"Espace Immo, votre média immobilier de référence en France",votre média immobilier,https://espaceimmobiliersanary.fr/b5r2e3a9d2t2h06437.phtml,2026-09-30
espaceimmobiliersanary.fr,"Espace Immo, votre média immobilier de référence en France",votre média immobilier,https://espaceimmobiliersanary.fr/b5r3i9g1h2t8l0y3164.phtml,2026-09-30
espaceimmobiliersanary.fr,"Espace Immo, votre média immobilier de référence en France",votre média immobilier,https://espaceimmobiliersanary.fr/b5u2s8h1e3l8i3n0g551.phtml,2026-09-30
espaceimmobiliersanary.fr,"Espace Immo, votre média immobilier de référence en France",votre média immobilier,https://espaceimmobiliersanary.fr/b6a1r6b2e5t4t1e4499.phtml,2026-09-30
espaceimmobiliersanary.fr,"Espace Immo, votre média immobilier de référence en France",votre média immobilier,https://espaceimmobiliersanary.fr/b6e2e2t9l4e4s1t9o7c8k1.phtml,2026-09-30
espaceimmobiliersanary.fr,"Espace Immo, votre média immobilier de référence en France",votre média immobilier,https://espaceimmobiliersanary.fr/b6e2n3z6o8a7t3e125.phtml,2026-09-30
espaceimmobiliersanary.fr,"Espace Immo, votre média immobilier de référence en France",votre média immobilier,https://espaceimmobiliersanary.fr/b6e2r3i0m3e597373.phtml,2026-09-30
espaceimmobiliersanary.fr,"Espace Immo, votre média immobilier de référence en France",votre média immobilier,https://espaceimmobiliersanary.fr/b6e4n0t3h7a8m4i5c515.phtml,2026-09-30
espaceimmobiliersanary.fr,"Espace Immo, votre média immobilier de référence en France",votre média immobilier,https://espaceimmobiliersanary.fr/b6i5p6i4n0n8a7t2e72.phtml,2026-09-30
espaceimmobiliersanary.fr,"Espace Immo, votre média immobilier de référence en France",votre média immobilier,https://espaceimmobiliersanary.fr/b7a3c6i0l9l2a5r3i8a2e3.phtml,2026-09-30
espaceimmobiliersanary.fr,"Espace Immo, votre média immobilier de référence en France",votre média immobilier,https://espaceimmobiliersanary.fr/b7e1n3z9y0l86469.phtml,2026-09-30
espaceimmobiliersanary.fr,"Espace Immo, votre média immobilier de référence en France",votre média immobilier,https://espaceimmobiliersanary.fr/b7e3s7p5e6w844950.phtml,2026-09-30
espaceimmobiliersanary.fr,"Espace Immo, votre média immobilier de référence en France",votre média immobilier,https://espaceimmobiliersanary.fr/b7e4g2g7e2s8t3e3r6e23.phtml,2026-09-30
espaceimmobiliersanary.fr,"Espace Immo, votre média immobilier de référence en France",votre média immobilier,https://espaceimmobiliersanary.fr/b7e8r7n5a1r3d2410.phtml,2026-09-30
espaceimmobiliersanary.fr,"Espace Immo, votre média immobilier de référence en France",votre média immobilier,https://espaceimmobiliersanary.fr/b7i2g9w3i7g660803.phtml,2026-09-30
espaceimmobiliersanary.fr,"Espace Immo, votre média immobilier de référence en France",votre média immobilier,https://espaceimmobiliersanary.fr/b7l2o6o1m4a0r3y7545.phtml,2026-09-30
espaceimmobiliersanary.fr,"Espace Immo, votre média immobilier de référence en France",votre média immobilier,https://espaceimmobiliersanary.fr/b7l4e2a5t6e6r90684.phtml,2026-09-30
espaceimmobiliersanary.fr,"Espace Immo, votre média immobilier de référence en France",votre média immobilier,https://espaceimmobiliersanary.fr/b7r6i5g1h4t8l4y269.phtml,2026-09-30
espaceimmobiliersanary.fr,"Espace Immo, votre média immobilier de référence en France",votre média immobilier,https://espaceimmobiliersanary.fr/b7u1r8s9a6e999417.phtml,2026-09-30
espaceimmobiliersanary.fr,"Espace Immo, votre média immobilier de référence en France",votre média immobilier,https://espaceimmobiliersanary.fr/b7u2r7n7e0d3o8u6t509.phtml,2026-09-30
espaceimmobiliersanary.fr,"Espace Immo, votre média immobilier de référence en France",votre média immobilier,https://espaceimmobiliersanary.fr/b8a2b2y7s5i1t2t9e5r79.phtml,2026-09-30
espaceimmobiliersanary.fr,"Espace Immo, votre média immobilier de référence en France",votre média immobilier,https://espaceimmobiliersanary.fr/b8a3c7t8e8r7i1o3s2t8a8tic.phtml,2026-09-30
espaceimmobiliersanary.fr,"Espace Immo, votre média immobilier de référence en France",votre média immobilier,https://espaceimmobiliersanary.fr/b8e1n1z4o4a6t9e2406.phtml,2026-09-30
espaceimmobiliersanary.fr,"Espace Immo, votre média immobilier de référence en France",votre média immobilier,https://espaceimmobiliersanary.fr/b8i1j7o2u0x613434.phtml,2026-09-30
espaceimmobiliersanary.fr,"Espace Immo, votre média immobilier de référence en France",votre média immobilier,https://espaceimmobiliersanary.fr/b8i2b6l1i0o6p6o0l8i5s6tic.phtml,2026-09-30
espaceimmobiliersanary.fr,"Espace Immo, votre média immobilier de référence en France",votre média immobilier,https://espaceimmobiliersanary.fr/b8o3a0t7b7i2l8l6469.phtml,2026-09-30
espaceimmobiliersanary.fr,"Espace Immo, votre média immobilier de référence en France",votre média immobilier,https://espaceimmobiliersanary.fr/b8o3r6o3u7g3h2m5o4n1gery.phtml,2026-09-30
espaceimmobiliersanary.fr,"Espace Immo, votre média immobilier de référence en France",votre média immobilier,https://espaceimmobiliersanary.fr/b8o9g1u8s576468.phtml,2026-09-30
espaceimmobiliersanary.fr,"Espace Immo, votre média immobilier de référence en France",votre média immobilier,https://espaceimmobiliersanary.fr/b8r2o7a9d2s3p3r0e3a5d1.phtml,2026-09-30
espaceimmobiliersanary.fr,"Espace Immo, votre média immobilier de référence en France",votre média immobilier,https://espaceimmobiliersanary.fr/b8r3a1l8e2s8s09176.phtml,2026-09-30
espaceimmobiliersanary.fr,"Espace Immo, votre média immobilier de référence en France",votre média immobilier,https://espaceimmobiliersanary.fr/b9a3p7h2i8a591372.phtml,2026-09-30
espaceimmobiliersanary.fr,"Espace Immo, votre média immobilier de référence en France",votre média immobilier,https://espaceimmobiliersanary.fr/b9a4r3a0e0s0t7h0e1s3iometer.phtml,2026-09-30
espaceimmobiliersanary.fr,"Espace Immo, votre média immobilier de référence en France",votre média immobilier,https://espaceimmobiliersanary.fr/b9e1s3e7e5817022.phtml,2026-09-30
espaceimmobiliersanary.fr,"Espace Immo, votre média immobilier de référence en France",votre média immobilier,https://espaceimmobiliersanary.fr/b9e8g7g7e2s9t7e0r0e0.phtml,2026-09-30
espaceimmobiliersanary.fr,"Espace Immo, votre média immobilier de référence en France",votre média immobilier,https://espaceimmobiliersanary.fr/b9i1b4b3s3025245.phtml,2026-09-30
espaceimmobiliersanary.fr,"Espace Immo, votre média immobilier de référence en France",votre média immobilier,https://espaceimmobiliersanary.fr/b9i1g9h4a1655574.phtml,2026-09-30
espaceimmobiliersanary.fr,"Espace Immo, votre média immobilier de référence en France",votre média immobilier,https://espaceimmobiliersanary.fr/b9l4a6n1c2h9i1m9e7t0er.phtml,2026-09-30
espaceimmobiliersanary.fr,"Espace Immo, votre média immobilier de référence en France",votre média immobilier,https://espaceimmobiliersanary.fr/b9o2g8w1o9o5d86046.phtml,2026-09-30
espaceimmobiliersanary.fr,"Espace Immo, votre média immobilier de référence en France",votre média immobilier,https://espaceimmobiliersanary.fr/b9o2t4h1r6i0o8c5e4p4h3alus.phtml,2026-09-30
espaceimmobiliersanary.fr,"Espace Immo, votre média immobilier de référence en France",votre média immobilier,https://espaceimmobiliersanary.fr/b9o4r0o0u4g7h8m8o9n1g7ery.phtml,2026-09-30
espaceimmobiliersanary.fr,"Espace Immo, votre média immobilier de référence en France",votre média immobilier,https://espaceimmobiliersanary.fr/b9u3s4h1e4l1i6n9g529.phtml,2026-09-30
espaceimmobiliersanary.fr,"Espace Immo, votre média immobilier de référence en France",votre média immobilier,https://espaceimmobiliersanary.fr/b9u4l2l8e7t1p5r7o3o4f6.phtml,2026-09-30
espaceimmobiliersanary.fr,"Espace Immo, votre média immobilier de référence en France",votre média immobilier,https://espaceimmobiliersanary.fr/c0a1l3a6b1a9r3i4n7e26.phtml,2026-09-30
espaceimmobiliersanary.fr,"Espace Immo, votre média immobilier de référence en France",votre média immobilier,https://espaceimmobiliersanary.fr/c0a1p3s9h8e3a6f5798.phtml,2026-09-30
espaceimmobiliersanary.fr,"Espace Immo, votre média immobilier de référence en France",votre média immobilier,https://espaceimmobiliersanary.fr/c0a3l4o9p3e6z0u3s248.phtml,2026-09-30
espaceimmobiliersanary.fr,"Espace Immo, votre média immobilier de référence en France",votre média immobilier,https://espaceimmobiliersanary.fr/c0a4n0n2o8n6r6y7923.phtml,2026-09-30
espaceimmobiliersanary.fr,"Espace Immo, votre média immobilier de référence en France",votre média immobilier,https://espaceimmobiliersanary.fr/c0a4n2d4i9o5t14175.phtml,2026-09-30
espaceimmobiliersanary.fr,"Espace Immo, votre média immobilier de référence en France",votre média immobilier,https://espaceimmobiliersanary.fr/c0e2s1t5i3d8a41624.phtml,2026-09-30
espaceimmobiliersanary.fr,"Espace Immo, votre média immobilier de référence en France",votre média immobilier,https://espaceimmobiliersanary.fr/c0h1a6s6i5n2g22260.phtml,2026-09-30
espaceimmobiliersanary.fr,"Espace Immo, votre média immobilier de référence en France",votre média immobilier,https://espaceimmobiliersanary.fr/c0h4u8c5k5l6e1h7e2a6ded.phtml,2026-09-30
espaceimmobiliersanary.fr,"Espace Immo, votre média immobilier de référence en France",votre média immobilier,https://espaceimmobiliersanary.fr/c0i2r2c3u0m7l3o3c0u1t4ional.phtml,2026-09-30
espaceimmobiliersanary.fr,"Espace Immo, votre média immobilier de référence en France",votre média immobilier,https://espaceimmobiliersanary.fr/c0i4r0c2u4m9f1l3e5c1t1ion.phtml,2026-09-30
espaceimmobiliersanary.fr,"Espace Immo, votre média immobilier de référence en France",votre média immobilier,https://espaceimmobiliersanary.fr/c0i6r7c6u5m7s5p3e7c4tively.phtml,2026-09-30
espaceimmobiliersanary.fr,"Espace Immo, votre média immobilier de référence en France",votre média immobilier,https://espaceimmobiliersanary.fr/c0o2e9x6t2e7n5d1e9d08.phtml,2026-09-30
espaceimmobiliersanary.fr,"Espace Immo, votre média immobilier de référence en France",votre média immobilier,https://espaceimmobiliersanary.fr/c0o2n0j9e0c8t0u4r1e7d4.phtml,2026-09-30
espaceimmobiliersanary.fr,"Espace Immo, votre média immobilier de référence en France",votre média immobilier,https://espaceimmobiliersanary.fr/c0o3b4a1l2t9i5c7430.phtml,2026-09-30
espaceimmobiliersanary.fr,"Espace Immo, votre média immobilier de référence en France",votre média immobilier,https://espaceimmobiliersanary.fr/c0o3n4t6r8e5d1a2n1s4e3.phtml,2026-09-30
espaceimmobiliersanary.fr,"Espace Immo, votre média immobilier de référence en France",votre média immobilier,https://espaceimmobiliersanary.fr/c0o3u5n1t2e5r1c5h7a4r3med.phtml,2026-09-30
espaceimmobiliersanary.fr,"Espace Immo, votre média immobilier de référence en France",votre média immobilier,https://espaceimmobiliersanary.fr/c0o5m7p9r1e8h1e6n5s1ive.phtml,2026-09-30
espaceimmobiliersanary.fr,"Espace Immo, votre média immobilier de référence en France",votre média immobilier,https://espaceimmobiliersanary.fr/c1a1n1v1a4s6b2a1c7k63.phtml,2026-09-30
espaceimmobiliersanary.fr,"Espace Immo, votre média immobilier de référence en France",votre média immobilier,https://espaceimmobiliersanary.fr/c1a2l2l7i1t7r5i2c8h7e4.phtml,2026-09-30
espaceimmobiliersanary.fr,"Espace Immo, votre média immobilier de référence en France",votre média immobilier,https://espaceimmobiliersanary.fr/c1h3a2s9i4n0g61324.phtml,2026-09-30
espaceimmobiliersanary.fr,"Espace Immo, votre média immobilier de référence en France",votre média immobilier,https://espaceimmobiliersanary.fr/c1h7y2l4i7f7y1743.phtml,2026-09-30
espaceimmobiliersanary.fr,"Espace Immo, votre média immobilier de référence en France",votre média immobilier,https://espaceimmobiliersanary.fr/c1h8r6y9s9o3m8e6l8a8.phtml,2026-09-30
espaceimmobiliersanary.fr,"Espace Immo, votre média immobilier de référence en France",votre média immobilier,https://espaceimmobiliersanary.fr/c1n3i9d8a1r3i0a5930.phtml,2026-09-30
espaceimmobiliersanary.fr,"Espace Immo, votre média immobilier de référence en France",votre média immobilier,https://espaceimmobiliersanary.fr/c1o1l5o5n5i9s0t3006.phtml,2026-09-30
espaceimmobiliersanary.fr,"Espace Immo, votre média immobilier de référence en France",votre média immobilier,https://espaceimmobiliersanary.fr/c1o1m1p8l3a2c8e8n0c6e8.phtml,2026-09-30
espaceimmobiliersanary.fr,"Espace Immo, votre média immobilier de référence en France",votre média immobilier,https://espaceimmobiliersanary.fr/c1o1p9s4e7w8o0o1d819.phtml,2026-09-30
espaceimmobiliersanary.fr,"Espace Immo, votre média immobilier de référence en France",votre média immobilier,https://espaceimmobiliersanary.fr/c1o2m3m0u0n2i2c0a6b8l4y.phtml,2026-09-30
espaceimmobiliersanary.fr,"Espace Immo, votre média immobilier de référence en France",votre média immobilier,https://espaceimmobiliersanary.fr/c1o3n0t6r5a2d4i3s1t8inguish.phtml,2026-09-30
espaceimmobiliersanary.fr,"Espace Immo, votre média immobilier de référence en France",votre média immobilier,https://espaceimmobiliersanary.fr/c1o3n3j7o6i4n3t537.phtml,2026-09-30
espaceimmobiliersanary.fr,"Espace Immo, votre média immobilier de référence en France",votre média immobilier,https://espaceimmobiliersanary.fr/c1o3n4f1e6s4s9i7o6n4i2st.phtml,2026-09-30
espaceimmobiliersanary.fr,"Espace Immo, votre média immobilier de référence en France",votre média immobilier,https://espaceimmobiliersanary.fr/c1o4m1p5o1s1i6n7g961.phtml,2026-09-30
espaceimmobiliersanary.fr,"Espace Immo, votre média immobilier de référence en France",votre média immobilier,https://espaceimmobiliersanary.fr/c1r2e1p3i5t3a6t4e2d30.phtml,2026-09-30
espaceimmobiliersanary.fr,"Espace Immo, votre média immobilier de référence en France",votre média immobilier,https://espaceimmobiliersanary.fr/c2a1l2l8o1u8s9n3e8s9s0.phtml,2026-09-30
espaceimmobiliersanary.fr,"Espace Immo, votre média immobilier de référence en France",votre média immobilier,https://espaceimmobiliersanary.fr/c2a2l6c6e0i2f5o1r1m43.phtml,2026-09-30
espaceimmobiliersanary.fr,"Espace Immo, votre média immobilier de référence en France",votre média immobilier,https://espaceimmobiliersanary.fr/c2a4t1e9g8o3r6i6z4e4d7.phtml,2026-09-30
espaceimmobiliersanary.fr,"Espace Immo, votre média immobilier de référence en France",votre média immobilier,https://espaceimmobiliersanary.fr/c2h1a0l6y1b4e8a2t7e54.phtml,2026-09-30
espaceimmobiliersanary.fr,"Espace Immo, votre média immobilier de référence en France",votre média immobilier,https://espaceimmobiliersanary.fr/c2n1i1d7a9r9i1a1379.phtml,2026-09-30
espaceimmobiliersanary.fr,"Espace Immo, votre média immobilier de référence en France",votre média immobilier,https://espaceimmobiliersanary.fr/c2o1o1r3d4i9n0a9t8i8o0n.phtml,2026-09-30
espaceimmobiliersanary.fr,"Espace Immo, votre média immobilier de référence en France",votre média immobilier,https://espaceimmobiliersanary.fr/c2o2n8f9e7s8s5i3o0n5i8st.phtml,2026-09-30
espaceimmobiliersanary.fr,"Espace Immo, votre média immobilier de référence en France",votre média immobilier,https://espaceimmobiliersanary.fr/c2o2r8r9e1c8t8i8t6u3d2e.phtml,2026-09-30
espaceimmobiliersanary.fr,"Espace Immo, votre média immobilier de référence en France",votre média immobilier,https://espaceimmobiliersanary.fr/c2o3b2a5l2t436514.phtml,2026-09-30
espaceimmobiliersanary.fr,"Espace Immo, votre média immobilier de référence en France",votre média immobilier,https://espaceimmobiliersanary.fr/c2o3m8e8o6u4t9e9r944.phtml,2026-09-30
espaceimmobiliersanary.fr,"Espace Immo, votre média immobilier de référence en France",votre média immobilier,https://espaceimmobiliersanary.fr/c2o3n0v8i9c4t8i5v0e0.phtml,2026-09-30
espaceimmobiliersanary.fr,"Espace Immo, votre média immobilier de référence en France",votre média immobilier,https://espaceimmobiliersanary.fr/c2o4l3o0s6s8u4s00.phtml,2026-09-30
espaceimmobiliersanary.fr,"Espace Immo, votre média immobilier de référence en France",votre média immobilier,https://espaceimmobiliersanary.fr/c2r1e4m4o5s7i9n1495.phtml,2026-09-30
espaceimmobiliersanary.fr,"Espace Immo, votre média immobilier de référence en France",votre média immobilier,https://espaceimmobiliersanary.fr/c2r3e0a3t8i4c31215.phtml,2026-09-30
espaceimmobiliersanary.fr,"Espace Immo, votre média immobilier de référence en France",votre média immobilier,https://espaceimmobiliersanary.fr/c3a1l3i0g5i5n5o8u6s8n0ess.phtml,2026-09-30
espaceimmobiliersanary.fr,"Espace Immo, votre média immobilier de référence en France",votre média immobilier,https://espaceimmobiliersanary.fr/c3a2n1n9o4n8r6y1500.phtml,2026-09-30
espaceimmobiliersanary.fr,"Espace Immo, votre média immobilier de référence en France",votre média immobilier,https://espaceimmobiliersanary.fr/c3a2r8m6i0n7e69413.phtml,2026-09-30
espaceimmobiliersanary.fr,"Espace Immo, votre média immobilier de référence en France",votre média immobilier,https://espaceimmobiliersanary.fr/c3a2r9c1a5s9s3446.phtml,2026-09-30
espaceimmobiliersanary.fr,"Espace Immo, votre média immobilier de référence en France",votre média immobilier,https://espaceimmobiliersanary.fr/c3a2t0a5c7h5r2e0s3i6s5.phtml,2026-09-30
espaceimmobiliersanary.fr,"Espace Immo, votre média immobilier de référence en France",votre média immobilier,https://espaceimmobiliersanary.fr/c3a4m9b9r7i2c1894.phtml,2026-09-30
espaceimmobiliersanary.fr,"Espace Immo, votre média immobilier de référence en France",votre média immobilier,https://espaceimmobiliersanary.fr/c3a5l6l1o9u2s2n6e8s2s.phtml,2026-09-30
espaceimmobiliersanary.fr,"Espace Immo, votre média immobilier de référence en France",votre média immobilier,https://espaceimmobiliersanary.fr/c3h2e9r9i9u1m82980.phtml,2026-09-30
espaceimmobiliersanary.fr,"Espace Immo, votre média immobilier de référence en France",votre média immobilier,https://espaceimmobiliersanary.fr/c3h8a4s6i4n3g7405.phtml,2026-09-30
espaceimmobiliersanary.fr,"Espace Immo, votre média immobilier de référence en France",votre média immobilier,https://espaceimmobiliersanary.fr/c3i3r2c5u3m6s4t8a5n9t7.phtml,2026-09-30
espaceimmobiliersanary.fr,"Espace Immo, votre média immobilier de référence en France",votre média immobilier,https://espaceimmobiliersanary.fr/c3l1a8i6r9o7b4s3c7u2r2.phtml,2026-09-30
espaceimmobiliersanary.fr,"Espace Immo, votre média immobilier de référence en France",votre média immobilier,https://espaceimmobiliersanary.fr/c3o2b5a8l5t7i8c3967.phtml,2026-09-30
espaceimmobiliersanary.fr,"Espace Immo, votre média immobilier de référence en France",votre média immobilier,https://espaceimmobiliersanary.fr/c3o2n5j5e9c4t9u1r4e3d.phtml,2026-09-30
espaceimmobiliersanary.fr,"Espace Immo, votre média immobilier de référence en France",votre média immobilier,https://espaceimmobiliersanary.fr/c3o3a8c0h6h0o6r8s3e42.phtml,2026-09-30
espaceimmobiliersanary.fr,"Espace Immo, votre média immobilier de référence en France",votre média immobilier,https://espaceimmobiliersanary.fr/c3o3u7n5t9e0r8c4h0a7r2med.phtml,2026-09-30
espaceimmobiliersanary.fr,"Espace Immo, votre média immobilier de référence en France",votre média immobilier,https://espaceimmobiliersanary.fr/c3o4n4v4e9n3a7n8c8e5.phtml,2026-09-30
espaceimmobiliersanary.fr,"Espace Immo, votre média immobilier de référence en France",votre média immobilier,https://espaceimmobiliersanary.fr/c3o6a6l2p0i3t7467.phtml,2026-09-30
espaceimmobiliersanary.fr,"Espace Immo, votre média immobilier de référence en France",votre média immobilier,https://espaceimmobiliersanary.fr/c3r2i5s3s3c9r9o6s6s9r3ow.phtml,2026-09-30
espaceimmobiliersanary.fr,"Espace Immo, votre média immobilier de référence en France",votre média immobilier,https://espaceimmobiliersanary.fr/c4a1l4c7i0n6a6t8i4o1n6.phtml,2026-09-30
espaceimmobiliersanary.fr,"Espace Immo, votre média immobilier de référence en France",votre média immobilier,https://espaceimmobiliersanary.fr/c4a2s1q9u6e073599.phtml,2026-09-30
espaceimmobiliersanary.fr,"Espace Immo, votre média immobilier de référence en France",votre média immobilier,https://espaceimmobiliersanary.fr/c4a3b5a6l3l4a81636.phtml,2026-09-30
espaceimmobiliersanary.fr,"Espace Immo, votre média immobilier de référence en France",votre média immobilier,https://espaceimmobiliersanary.fr/c4a3p4r8o4i0d4a7e949.phtml,2026-09-30
espaceimmobiliersanary.fr,"Espace Immo, votre média immobilier de référence en France",votre média immobilier,https://espaceimmobiliersanary.fr/c4a4m1b4r1i8c26878.phtml,2026-09-30
espaceimmobiliersanary.fr,"Espace Immo, votre média immobilier de référence en France",votre média immobilier,https://espaceimmobiliersanary.fr/c4a4n8v7a7s2b6a3c1k6.phtml,2026-09-30
espaceimmobiliersanary.fr,"Espace Immo, votre média immobilier de référence en France",votre média immobilier,https://espaceimmobiliersanary.fr/c4a6r5u6n0c7u3l0a5r7.phtml,2026-09-30
espaceimmobiliersanary.fr,"Espace Immo, votre média immobilier de référence en France",votre média immobilier,https://espaceimmobiliersanary.fr/c4h1i4r7r7u7p99517.phtml,2026-09-30
espaceimmobiliersanary.fr,"Espace Immo, votre média immobilier de référence en France",votre média immobilier,https://espaceimmobiliersanary.fr/c4h2r0i6s2t1o0c9e1n5t3ric.phtml,2026-09-30
espaceimmobiliersanary.fr,"Espace Immo, votre média immobilier de référence en France",votre média immobilier,https://espaceimmobiliersanary.fr/c4o1m5m4u0n1i5c6a0b5l4y.phtml,2026-09-30
espaceimmobiliersanary.fr,"Espace Immo, votre média immobilier de référence en France",votre média immobilier,https://espaceimmobiliersanary.fr/c4o1n9t2r0e3d1a8n8s9e7.phtml,2026-09-30
espaceimmobiliersanary.fr,"Espace Immo, votre média immobilier de référence en France",votre média immobilier,https://espaceimmobiliersanary.fr/c4o2c6h6l1e6a2r6y781.phtml,2026-09-30
espaceimmobiliersanary.fr,"Espace Immo, votre média immobilier de référence en France",votre média immobilier,https://espaceimmobiliersanary.fr/c4o2l0l9i0q9u6a7m6e9n7t.phtml,2026-09-30
espaceimmobiliersanary.fr,"Espace Immo, votre média immobilier de référence en France",votre média immobilier,https://espaceimmobiliersanary.fr/c4o2n5f8e9s3s2i4o1n6i3st.phtml,2026-09-30
espaceimmobiliersanary.fr,"Espace Immo, votre média immobilier de référence en France",votre média immobilier,https://espaceimmobiliersanary.fr/c4o2r5r9e1c7t4i8t3u6d1e.phtml,2026-09-30
espaceimmobiliersanary.fr,"Espace Immo, votre média immobilier de référence en France",votre média immobilier,https://espaceimmobiliersanary.fr/c4o3o1r0d8i0n8a2t3i7o6n.phtml,2026-09-30
espaceimmobiliersanary.fr,"Espace Immo, votre média immobilier de référence en France",votre média immobilier,https://espaceimmobiliersanary.fr/c5a2f6f8e4i1n75557.phtml,2026-09-30
espaceimmobiliersanary.fr,"Espace Immo, votre média immobilier de référence en France",votre média immobilier,https://espaceimmobiliersanary.fr/c5a2m6p5y0l0o7r2h5y9n8chus.phtml,2026-09-30
espaceimmobiliersanary.fr,"Espace Immo, votre média immobilier de référence en France",votre média immobilier,https://espaceimmobiliersanary.fr/c5a6l8c3i5n8a8t3i4o4n.phtml,2026-09-30
espaceimmobiliersanary.fr,"Espace Immo, votre média immobilier de référence en France",votre média immobilier,https://espaceimmobiliersanary.fr/c5e1r6b8e4r3e4a5n901.phtml,2026-09-30
espaceimmobiliersanary.fr,"Espace Immo, votre média immobilier de référence en France",votre média immobilier,https://espaceimmobiliersanary.fr/c5h3a5r8t8o1m9e5t0e1r8.phtml,2026-09-30
espaceimmobiliersanary.fr,"Espace Immo, votre média immobilier de référence en France",votre média immobilier,https://espaceimmobiliersanary.fr/c5i2r3c7u0m0l9o9c0u8t8ional.phtml,2026-09-30
espaceimmobiliersanary.fr,"Espace Immo, votre média immobilier de référence en France",votre média immobilier,https://espaceimmobiliersanary.fr/c5o1u7n7t5e3r3s3c7a7l1e.phtml,2026-09-30
espaceimmobiliersanary.fr,"Espace Immo, votre média immobilier de référence en France",votre média immobilier,https://espaceimmobiliersanary.fr/c5o2r3a5c6o9i8d7464.phtml,2026-09-30
espaceimmobiliersanary.fr,"Espace Immo, votre média immobilier de référence en France",votre média immobilier,https://espaceimmobiliersanary.fr/c5o3e1x1t0e5n0d6e5d90.phtml,2026-09-30
espaceimmobiliersanary.fr,"Espace Immo, votre média immobilier de référence en France",votre média immobilier,https://espaceimmobiliersanary.fr/c5o3l4l5o6p746846.phtml,2026-09-30
espaceimmobiliersanary.fr,"Espace Immo, votre média immobilier de référence en France",votre média immobilier,https://espaceimmobiliersanary.fr/c5o3l7o1s2s1u8s8793.phtml,2026-09-30
espaceimmobiliersanary.fr,"Espace Immo, votre média immobilier de référence en France",votre média immobilier,https://espaceimmobiliersanary.fr/c5o3m0e5o9u3t2e6r481.phtml,2026-09-30
espaceimmobiliersanary.fr,"Espace Immo, votre média immobilier de référence en France",votre média immobilier,https://espaceimmobiliersanary.fr/c5o4c0c3i9d0a5e7614.phtml,2026-09-30
espaceimmobiliersanary.fr,"Espace Immo, votre média immobilier de référence en France",votre média immobilier,https://espaceimmobiliersanary.fr/c5o7n5v6i8c4t3i4v5e3.phtml,2026-09-30
espaceimmobiliersanary.fr,"Espace Immo, votre média immobilier de référence en France",votre média immobilier,https://espaceimmobiliersanary.fr/c6a1n5d9i6o9t22866.phtml,2026-09-30
espaceimmobiliersanary.fr,"Espace Immo, votre média immobilier de référence en France",votre média immobilier,https://espaceimmobiliersanary.fr/c6a2r3d9i4t6i3s0651.phtml,2026-09-30
espaceimmobiliersanary.fr,"Espace Immo, votre média immobilier de référence en France",votre média immobilier,https://espaceimmobiliersanary.fr/c6a4l7i8g3i8n5o2u1s7ness.phtml,2026-09-30
espaceimmobiliersanary.fr,"Espace Immo, votre média immobilier de référence en France",votre média immobilier,https://espaceimmobiliersanary.fr/c6h2o4i4r2m1a7s4t4e6r3.phtml,2026-09-30
espaceimmobiliersanary.fr,"Espace Immo, votre média immobilier de référence en France",votre média immobilier,https://espaceimmobiliersanary.fr/c6l1a0i4r2o5b7s0c2u4r3.phtml,2026-09-30
espaceimmobiliersanary.fr,"Espace Immo, votre média immobilier de référence en France",votre média immobilier,https://espaceimmobiliersanary.fr/c6l2y1p1e3a5t1a6473.phtml,2026-09-30
espaceimmobiliersanary.fr,"Espace Immo, votre média immobilier de référence en France",votre média immobilier,https://espaceimmobiliersanary.fr/c6o1b9a7l2t678708.phtml,2026-09-30
espaceimmobiliersanary.fr,"Espace Immo, votre média immobilier de référence en France",votre média immobilier,https://espaceimmobiliersanary.fr/c6o1c0t2i6o2n63765.phtml,2026-09-30
espaceimmobiliersanary.fr,"Espace Immo, votre média immobilier de référence en France",votre média immobilier,https://espaceimmobiliersanary.fr/c6o2l5d7s0h8o5r3t0n9e5ss.phtml,2026-09-30
espaceimmobiliersanary.fr,"Espace Immo, votre média immobilier de référence en France",votre média immobilier,https://espaceimmobiliersanary.fr/c6o2m3p5r5e7h7e5n3s6i5ve.phtml,2026-09-30
espaceimmobiliersanary.fr,"Espace Immo, votre média immobilier de référence en France",votre média immobilier,https://espaceimmobiliersanary.fr/c6o2n8t1r9e7d4a9n5s6e9.phtml,2026-09-30
espaceimmobiliersanary.fr,"Espace Immo, votre média immobilier de référence en France",votre média immobilier,https://espaceimmobiliersanary.fr/c6o3n0t7i4g8u6i2t2y87.phtml,2026-09-30
espaceimmobiliersanary.fr,"Espace Immo, votre média immobilier de référence en France",votre média immobilier,https://espaceimmobiliersanary.fr/c6o3n3g9r9u7i1t6i5e0s.phtml,2026-09-30
espaceimmobiliersanary.fr,"Espace Immo, votre média immobilier de référence en France",votre média immobilier,https://espaceimmobiliersanary.fr/c6u4r2i8u6m31407.phtml,2026-09-30
espaceimmobiliersanary.fr,"Espace Immo, votre média immobilier de référence en France",votre média immobilier,https://espaceimmobiliersanary.fr/c7a1m9o3u9s231392.phtml,2026-09-30
espaceimmobiliersanary.fr,"Espace Immo, votre média immobilier de référence en France",votre média immobilier,https://espaceimmobiliersanary.fr/c7a3b8a7l7l1a58861.phtml,2026-09-30
espaceimmobiliersanary.fr,"Espace Immo, votre média immobilier de référence en France",votre média immobilier,https://espaceimmobiliersanary.fr/c7a4r0u5n6c7u5l7a9r94.phtml,2026-09-30
espaceimmobiliersanary.fr,"Espace Immo, votre média immobilier de référence en France",votre média immobilier,https://espaceimmobiliersanary.fr/c7e8p7h9a8l8o4t7u3s7.phtml,2026-09-30
espaceimmobiliersanary.fr,"Espace Immo, votre média immobilier de référence en France",votre média immobilier,https://espaceimmobiliersanary.fr/c7o1c3k2y2o9l1l3y734.phtml,2026-09-30
espaceimmobiliersanary.fr,"Espace Immo, votre média immobilier de référence en France",votre média immobilier,https://espaceimmobiliersanary.fr/c7o1l6o2n5n2a5d0e9d92.phtml,2026-09-30
espaceimmobiliersanary.fr,"Espace Immo, votre média immobilier de référence en France",votre média immobilier,https://espaceimmobiliersanary.fr/c7o1m3p5o4s9i2n1g756.phtml,2026-09-30
espaceimmobiliersanary.fr,"Espace Immo, votre média immobilier de référence en France",votre média immobilier,https://espaceimmobiliersanary.fr/c7o5m4p3l9a6c2e6n7c8e.phtml,2026-09-30
espaceimmobiliersanary.fr,"Espace Immo, votre média immobilier de référence en France",votre média immobilier,https://espaceimmobiliersanary.fr/c7r1e9a6t9u3r0a2l019.phtml,2026-09-30
espaceimmobiliersanary.fr,"Espace Immo, votre média immobilier de référence en France",votre média immobilier,https://espaceimmobiliersanary.fr/c7r3a1p5o2l7a38533.phtml,2026-09-30
espaceimmobiliersanary.fr,"Espace Immo, votre média immobilier de référence en France",votre média immobilier,https://espaceimmobiliersanary.fr/c7r3e1a8m3c7u6p1s667.phtml,2026-09-30
espaceimmobiliersanary.fr,"Espace Immo, votre média immobilier de référence en France",votre média immobilier,https://espaceimmobiliersanary.fr/c7r7u2c2i1a8t4i0o0n6.phtml,2026-09-30
espaceimmobiliersanary.fr,"Espace Immo, votre média immobilier de référence en France",votre média immobilier,https://espaceimmobiliersanary.fr/c8a1b1u2t4356682.phtml,2026-09-30
espaceimmobiliersanary.fr,"Espace Immo, votre média immobilier de référence en France",votre média immobilier,https://espaceimmobiliersanary.fr/c8a1l7a5b6a2r5i7n7e37.phtml,2026-09-30
espaceimmobiliersanary.fr,"Espace Immo, votre média immobilier de référence en France",votre média immobilier,https://espaceimmobiliersanary.fr/c8a2l4c6u2l9a0t6i2n0g6.phtml,2026-09-30
espaceimmobiliersanary.fr,"Espace Immo, votre média immobilier de référence en France",votre média immobilier,https://espaceimmobiliersanary.fr/c8a2m8p9y6l6o4r0h9y5n9chus.phtml,2026-09-30
espaceimmobiliersanary.fr,"Espace Immo, votre média immobilier de référence en France",votre média immobilier,https://espaceimmobiliersanary.fr/c8a2n3n4o2n6r1y6150.phtml,2026-09-30
espaceimmobiliersanary.fr,"Espace Immo, votre média immobilier de référence en France",votre média immobilier,https://espaceimmobiliersanary.fr/c8h2a5l6y9b6e4a0t9e96.phtml,2026-09-30
espaceimmobiliersanary.fr,"Espace Immo, votre média immobilier de référence en France",votre média immobilier,https://espaceimmobiliersanary.fr/c8h3a0n0i4c9a8l3883.phtml,2026-09-30
espaceimmobiliersanary.fr,"Espace Immo, votre média immobilier de référence en France",votre média immobilier,https://espaceimmobiliersanary.fr/c8h4i1l4d9l9e5s5s862.phtml,2026-09-30
espaceimmobiliersanary.fr,"Espace Immo, votre média immobilier de référence en France",votre média immobilier,https://espaceimmobiliersanary.fr/c8l2y8p7e8a7t2a9417.phtml,2026-09-30
espaceimmobiliersanary.fr,"Espace Immo, votre média immobilier de référence en France",votre média immobilier,https://espaceimmobiliersanary.fr/c8o1n3t6r3a1d4i6s8t2i5nguish.phtml,2026-09-30
espaceimmobiliersanary.fr,"Espace Immo, votre média immobilier de référence en France",votre média immobilier,https://espaceimmobiliersanary.fr/c8o1n6t7e5m7p7t5i4b7l4eness.phtml,2026-09-30
espaceimmobiliersanary.fr,"Espace Immo, votre média immobilier de référence en France",votre média immobilier,https://espaceimmobiliersanary.fr/c8o2c7k3w6e9e3d9161.phtml,2026-09-30
espaceimmobiliersanary.fr,"Espace Immo, votre média immobilier de référence en France",votre média immobilier,https://espaceimmobiliersanary.fr/c8o2n2c8r4e6t8i4o8n7a8ry.phtml,2026-09-30
espaceimmobiliersanary.fr,"Espace Immo, votre média immobilier de référence en France",votre média immobilier,https://espaceimmobiliersanary.fr/c8o3l6d0s4h5o0r1t4n9e6ss.phtml,2026-09-30
espaceimmobiliersanary.fr,"Espace Immo, votre média immobilier de référence en France",votre média immobilier,https://espaceimmobiliersanary.fr/c8o7o5r5d6i3n1a3t3i8on.phtml,2026-09-30
espaceimmobiliersanary.fr,"Espace Immo, votre média immobilier de référence en France",votre média immobilier,https://espaceimmobiliersanary.fr/c8o9m0m1e2n2s1u4r1a4ting.phtml,2026-09-30
espaceimmobiliersanary.fr,"Espace Immo, votre média immobilier de référence en France",votre média immobilier,https://espaceimmobiliersanary.fr/c8o9u4n8t1e6r0s2c7a6le.phtml,2026-09-30
espaceimmobiliersanary.fr,"Espace Immo, votre média immobilier de référence en France",votre média immobilier,https://espaceimmobiliersanary.fr/c8y8t0o6s2i0n6e513.phtml,2026-09-30
espaceimmobiliersanary.fr,"Espace Immo, votre média immobilier de référence en France",votre média immobilier,https://espaceimmobiliersanary.fr/c9a3l7c1e5i8f2o5r1m06.phtml,2026-09-30
espaceimmobiliersanary.fr,"Espace Immo, votre média immobilier de référence en France",votre média immobilier,https://espaceimmobiliersanary.fr/c9a6t0a4c4h9r9e9s9i9s.phtml,2026-09-30
espaceimmobiliersanary.fr,"Espace Immo, votre média immobilier de référence en France",votre média immobilier,https://espaceimmobiliersanary.fr/c9a8l0i0g4i5n1o0u1s8ness.phtml,2026-09-30
espaceimmobiliersanary.fr,"Espace Immo, votre média immobilier de référence en France",votre média immobilier,https://espaceimmobiliersanary.fr/c9e1s0t2i2d8a87076.phtml,2026-09-30
espaceimmobiliersanary.fr,"Espace Immo, votre média immobilier de référence en France",votre média immobilier,https://espaceimmobiliersanary.fr/c9e3n1t3r0o0l2o6p2h1u8s.phtml,2026-09-30
espaceimmobiliersanary.fr,"Espace Immo, votre média immobilier de référence en France",votre média immobilier,https://espaceimmobiliersanary.fr/c9h2u2c9k9l0e0h8e5a6d9ed.phtml,2026-09-30
espaceimmobiliersanary.fr,"Espace Immo, votre média immobilier de référence en France",votre média immobilier,https://espaceimmobiliersanary.fr/c9h3o1r0o1i6d0a5l99.phtml,2026-09-30
espaceimmobiliersanary.fr,"Espace Immo, votre média immobilier de référence en France",votre média immobilier,https://espaceimmobiliersanary.fr/c9h4u2t9e1909641.phtml,2026-09-30
espaceimmobiliersanary.fr,"Espace Immo, votre média immobilier de référence en France",votre média immobilier,https://espaceimmobiliersanary.fr/c9o1l0o9s1s3u0s2315.phtml,2026-09-30
espaceimmobiliersanary.fr,"Espace Immo, votre média immobilier de référence en France",votre média immobilier,https://espaceimmobiliersanary.fr/c9o1l9o5n0i2s2t6017.phtml,2026-09-30
espaceimmobiliersanary.fr,"Espace Immo, votre média immobilier de référence en France",votre média immobilier,https://espaceimmobiliersanary.fr/c9o1n1t8i2g3u3i5t5y77.phtml,2026-09-30
espaceimmobiliersanary.fr,"Espace Immo, votre média immobilier de référence en France",votre média immobilier,https://espaceimmobiliersanary.fr/c9o1n3v5i6c1t3i3v8e55.phtml,2026-09-30
espaceimmobiliersanary.fr,"Espace Immo, votre média immobilier de référence en France",votre média immobilier,https://espaceimmobiliersanary.fr/c9o2m6m9u4n5i4c3a6b9l5y.phtml,2026-09-30
espaceimmobiliersanary.fr,"Espace Immo, votre média immobilier de référence en France",votre média immobilier,https://espaceimmobiliersanary.fr/c9o2n6f6e7d4e2r7652.phtml,2026-09-30
espaceimmobiliersanary.fr,"Espace Immo, votre média immobilier de référence en France",votre média immobilier,https://espaceimmobiliersanary.fr/c9o2n7d5i4t8i5o0n7a0l3.phtml,2026-09-30
espaceimmobiliersanary.fr,"Espace Immo, votre média immobilier de référence en France",votre média immobilier,https://espaceimmobiliersanary.fr/c9o2p6e8s0e5t3i9c276.phtml,2026-09-30
espaceimmobiliersanary.fr,"Espace Immo, votre média immobilier de référence en France",votre média immobilier,https://espaceimmobiliersanary.fr/c9o3m7p8i3l9a6t0o9r93.phtml,2026-09-30
espaceimmobiliersanary.fr,"Espace Immo, votre média immobilier de référence en France",votre média immobilier,https://espaceimmobiliersanary.fr/c9o3n0j3u7g2a1l9l1y16.phtml,2026-09-30
espaceimmobiliersanary.fr,"Espace Immo, votre média immobilier de référence en France",votre média immobilier,https://espaceimmobiliersanary.fr/c9o6e5r2c6i9v6e3l6y8.phtml,2026-09-30
espaceimmobiliersanary.fr,"Espace Immo, votre média immobilier de référence en France",votre média immobilier,https://espaceimmobiliersanary.fr/c9r6o9w5n9b8e8a3r1d.phtml,2026-09-30
espaceimmobiliersanary.fr,"Espace Immo, votre média immobilier de référence en France",votre média immobilier,https://espaceimmobiliersanary.fr/c9r8a3n3i6o7t1a123.phtml,2026-09-30
espaceimmobiliersanary.fr,"Espace Immo, votre média immobilier de référence en France",votre média immobilier,https://espaceimmobiliersanary.fr/c9u1c1k6o0l2d28212.phtml,2026-09-30
espaceimmobiliersanary.fr,"Espace Immo, votre média immobilier de référence en France",votre média immobilier,https://espaceimmobiliersanary.fr/d0a1i8n3t9i0e6s1t49.phtml,2026-09-30
espaceimmobiliersanary.fr,"Espace Immo, votre média immobilier de référence en France",votre média immobilier,https://espaceimmobiliersanary.fr/d0e4s0t0r2u2c0t1i2v1e2ly.phtml,2026-09-30
espaceimmobiliersanary.fr,"Espace Immo, votre média immobilier de référence en France",votre média immobilier,https://espaceimmobiliersanary.fr/d0i1v8e9r8g2e1n1t532.phtml,2026-09-30
espaceimmobiliersanary.fr,"Espace Immo, votre média immobilier de référence en France",votre média immobilier,https://espaceimmobiliersanary.fr/d0i2s6c4l4a1i0m8e2d04.phtml,2026-09-30
espaceimmobiliersanary.fr,"Espace Immo, votre média immobilier de référence en France",votre média immobilier,https://espaceimmobiliersanary.fr/d0i2u5r1n8a4l6l0y887.phtml,2026-09-30
espaceimmobiliersanary.fr,"Espace Immo, votre média immobilier de référence en France",votre média immobilier,https://espaceimmobiliersanary.fr/d0i3m0p1l5i5n3g7065.phtml,2026-09-30
espaceimmobiliersanary.fr,"Espace Immo, votre média immobilier de référence en France",votre média immobilier,https://espaceimmobiliersanary.fr/d0i3s4c9r5e7d6i7t838.phtml,2026-09-30
espaceimmobiliersanary.fr,"Espace Immo, votre média immobilier de référence en France",votre média immobilier,https://espaceimmobiliersanary.fr/d0i6s3c3r9e6t5i6o9n2arily.phtml,2026-09-30
espaceimmobiliersanary.fr,"Espace Immo, votre média immobilier de référence en France",votre média immobilier,https://espaceimmobiliersanary.fr/d0i7s1a7s6s3o4c2i1ate.phtml,2026-09-30
espaceimmobiliersanary.fr,"Espace Immo, votre média immobilier de référence en France",votre média immobilier,https://espaceimmobiliersanary.fr/d0i8s7s9e7c2t1i2n1g4.phtml,2026-09-30
espaceimmobiliersanary.fr,"Espace Immo, votre média immobilier de référence en France",votre média immobilier,https://espaceimmobiliersanary.fr/d0o1l8e4r7u0s31423.phtml,2026-09-30
espaceimmobiliersanary.fr,"Espace Immo, votre média immobilier de référence en France",votre média immobilier,https://espaceimmobiliersanary.fr/d0o1m3i9c4i9l8i9a1t0e9.phtml,2026-09-30
espaceimmobiliersanary.fr,"Espace Immo, votre média immobilier de référence en France",votre média immobilier,https://espaceimmobiliersanary.fr/d0u2a8l5i1s6t39444.phtml,2026-09-30
espaceimmobiliersanary.fr,"Espace Immo, votre média immobilier de référence en France",votre média immobilier,https://espaceimmobiliersanary.fr/d1a1t9e8r8821679.phtml,2026-09-30
espaceimmobiliersanary.fr,"Espace Immo, votre média immobilier de référence en France",votre média immobilier,https://espaceimmobiliersanary.fr/d1e1f2i5l0i6n1g1148.phtml,2026-09-30
espaceimmobiliersanary.fr,"Espace Immo, votre média immobilier de référence en France",votre média immobilier,https://espaceimmobiliersanary.fr/d1e2c0e7r6n432860.phtml,2026-09-30
espaceimmobiliersanary.fr,"Espace Immo, votre média immobilier de référence en France",votre média immobilier,https://espaceimmobiliersanary.fr/d1e2t4h2r6o6n3e8r657.phtml,2026-09-30
espaceimmobiliersanary.fr,"Espace Immo, votre média immobilier de référence en France",votre média immobilier,https://espaceimmobiliersanary.fr/d1e3f5a2m3i0n6g8l9y41.phtml,2026-09-30
espaceimmobiliersanary.fr,"Espace Immo, votre média immobilier de référence en France",votre média immobilier,https://espaceimmobiliersanary.fr/d1e3s1o0l5a7t5o4r2y63.phtml,2026-09-30
espaceimmobiliersanary.fr,"Espace Immo, votre média immobilier de référence en France",votre média immobilier,https://espaceimmobiliersanary.fr/d1e3s5p6e1r0a5t7e454.phtml,2026-09-30
espaceimmobiliersanary.fr,"Espace Immo, votre média immobilier de référence en France",votre média immobilier,https://espaceimmobiliersanary.fr/d1e3v9i3s3e6e98430.phtml,2026-09-30
espaceimmobiliersanary.fr,"Espace Immo, votre média immobilier de référence en France",votre média immobilier,https://espaceimmobiliersanary.fr/d1e4f0a7c0e8m9e9n8t82.phtml,2026-09-30
espaceimmobiliersanary.fr,"Espace Immo, votre média immobilier de référence en France",votre média immobilier,https://espaceimmobiliersanary.fr/d1i1s2p0u6t0e0d0399.phtml,2026-09-30
espaceimmobiliersanary.fr,"Espace Immo, votre média immobilier de référence en France",votre média immobilier,https://espaceimmobiliersanary.fr/d1i1s2u3t3i2l5i6z0e94.phtml,2026-09-30
espaceimmobiliersanary.fr,"Espace Immo, votre média immobilier de référence en France",votre média immobilier,https://espaceimmobiliersanary.fr/d1i1s4e2n2t4i7t2l0e47.phtml,2026-09-30
espaceimmobiliersanary.fr,"Espace Immo, votre média immobilier de référence en France",votre média immobilier,https://espaceimmobiliersanary.fr/d1i1s8t6r2i5b6u7t2i2n9g.phtml,2026-09-30
espaceimmobiliersanary.fr,"Espace Immo, votre média immobilier de référence en France",votre média immobilier,https://espaceimmobiliersanary.fr/d1i3s2t6i6n5g7u8i4s0h2er.phtml,2026-09-30
espaceimmobiliersanary.fr,"Espace Immo, votre média immobilier de référence en France",votre média immobilier,https://espaceimmobiliersanary.fr/d1i3s9t5i3c8h2o3d0u2s4.phtml,2026-09-30
espaceimmobiliersanary.fr,"Espace Immo, votre média immobilier de référence en France",votre média immobilier,https://espaceimmobiliersanary.fr/d1i4v1a7r5i0c4a6t9o6r7.phtml,2026-09-30
espaceimmobiliersanary.fr,"Espace Immo, votre média immobilier de référence en France",votre média immobilier,https://espaceimmobiliersanary.fr/d1o1u7b2l3e2b0a1r1r5e5led.phtml,2026-09-30
espaceimmobiliersanary.fr,"Espace Immo, votre média immobilier de référence en France",votre média immobilier,https://espaceimmobiliersanary.fr/d1r3a7c3h6m7a2s0356.phtml,2026-09-30
espaceimmobiliersanary.fr,"Espace Immo, votre média immobilier de référence en France",votre média immobilier,https://espaceimmobiliersanary.fr/d2e1b2u8s3c1o0p5e973.phtml,2026-09-30
espaceimmobiliersanary.fr,"Espace Immo, votre média immobilier de référence en France",votre média immobilier,https://espaceimmobiliersanary.fr/d2e1n3i3e3d466932.phtml,2026-09-30
espaceimmobiliersanary.fr,"Espace Immo, votre média immobilier de référence en France",votre média immobilier,https://espaceimmobiliersanary.fr/d2e2b3o6u0c5h2e7d692.phtml,2026-09-30
espaceimmobiliersanary.fr,"Espace Immo, votre média immobilier de référence en France",votre média immobilier,https://espaceimmobiliersanary.fr/d2e3c7e0r5n271892.phtml,2026-09-30
espaceimmobiliersanary.fr,"Espace Immo, votre média immobilier de référence en France",votre média immobilier,https://espaceimmobiliersanary.fr/d2e3l3e4t1e0r4i5o5u7s8ness.phtml,2026-09-30
espaceimmobiliersanary.fr,"Espace Immo, votre média immobilier de référence en France",votre média immobilier,https://espaceimmobiliersanary.fr/d2e3p6e5r8d6i1t6i8o6n7.phtml,2026-09-30
espaceimmobiliersanary.fr,"Espace Immo, votre média immobilier de référence en France",votre média immobilier,https://espaceimmobiliersanary.fr/d2i1s1c3a3l5c3e4a2t7i4on.phtml,2026-09-30
espaceimmobiliersanary.fr,"Espace Immo, votre média immobilier de référence en France",votre média immobilier,https://espaceimmobiliersanary.fr/d2i1s2h7i9n4g69692.phtml,2026-09-30
espaceimmobiliersanary.fr,"Espace Immo, votre média immobilier de référence en France",votre média immobilier,https://espaceimmobiliersanary.fr/d2i2v3e3d6651756.phtml,2026-09-30
espaceimmobiliersanary.fr,"Espace Immo, votre média immobilier de référence en France",votre média immobilier,https://espaceimmobiliersanary.fr/d2i5s8u0t3i9l3i7z5e0.phtml,2026-09-30
espaceimmobiliersanary.fr,"Espace Immo, votre média immobilier de référence en France",votre média immobilier,https://espaceimmobiliersanary.fr/d2o3n8a8u3g1h2t3255.phtml,2026-09-30
espaceimmobiliersanary.fr,"Espace Immo, votre média immobilier de référence en France",votre média immobilier,https://espaceimmobiliersanary.fr/d3e2f1i5l8i4n3g0428.phtml,2026-09-30
espaceimmobiliersanary.fr,"Espace Immo, votre média immobilier de référence en France",votre média immobilier,https://espaceimmobiliersanary.fr/d3e2r0a6n6g8e61448.phtml,2026-09-30
espaceimmobiliersanary.fr,"Espace Immo, votre média immobilier de référence en France",votre média immobilier,https://espaceimmobiliersanary.fr/d3e4c1e7m7v4i7r1a1t8e1.phtml,2026-09-30
espaceimmobiliersanary.fr,"Espace Immo, votre média immobilier de référence en France",votre média immobilier,https://espaceimmobiliersanary.fr/d3e8v8i3c2e6f1u4l26.phtml,2026-09-30
espaceimmobiliersanary.fr,"Espace Immo, votre média immobilier de référence en France",votre média immobilier,https://espaceimmobiliersanary.fr/d3i3s0c7o7n3s6o4l1a7ted.phtml,2026-09-30
espaceimmobiliersanary.fr,"Espace Immo, votre média immobilier de référence en France",votre média immobilier,https://espaceimmobiliersanary.fr/d3o1l2m8a6n6s46185.phtml,2026-09-30
espaceimmobiliersanary.fr,"Espace Immo, votre média immobilier de référence en France",votre média immobilier,https://espaceimmobiliersanary.fr/d3r1i5v4e4r137709.phtml,2026-09-30
espaceimmobiliersanary.fr,"Espace Immo, votre média immobilier de référence en France",votre média immobilier,https://espaceimmobiliersanary.fr/d3u2a0l2i4s4t65982.phtml,2026-09-30
espaceimmobiliersanary.fr,"Espace Immo, votre média immobilier de référence en France",votre média immobilier,https://espaceimmobiliersanary.fr/d4e1b5a1r6b654771.phtml,2026-09-30
espaceimmobiliersanary.fr,"Espace Immo, votre média immobilier de référence en France",votre média immobilier,https://espaceimmobiliersanary.fr/d4i1c0h8o6t7o1m3o5u1s1ly.phtml,2026-09-30
espaceimmobiliersanary.fr,,,https://espaceimmobiliersanary.fr/d4i1l5o5g1y314202.phtml,2026-09-30
espaceimmobiliersanary.fr,,,https://espaceimmobiliersanary.fr/d4i1s0t4r3i7b8u2t3i4n2g.phtml,2026-09-30
espaceimmobiliersanary.fr,,,https://espaceimmobiliersanary.fr/d4i1s3p2o4r1o2u5s833.phtml,2026-09-30
espaceimmobiliersanary.fr,,,https://espaceimmobiliersanary.fr/d4i1s4s7e9c0t1i1n6g16.phtml,2026-09-30
espaceimmobiliersanary.fr,,,https://espaceimmobiliersanary.fr/d4i4s1u4t4i7l1i2z0e7.phtml,2026-09-30
espaceimmobiliersanary.fr,,,https://espaceimmobiliersanary.fr/d4o2d8e6c7a7g8y2n4i1a5.phtml,2026-09-30
espaceimmobiliersanary.fr,,,https://espaceimmobiliersanary.fr/d4o2w6n9r8i0g8h3t8n9e1ss.phtml,2026-09-30
espaceimmobiliersanary.fr,,,https://espaceimmobiliersanary.fr/d4o3v4e3r6s07947.phtml,2026-09-30
espaceimmobiliersanary.fr,,,https://espaceimmobiliersanary.fr/d4u3a7l1i9s3t65302.phtml,2026-09-30
espaceimmobiliersanary.fr,,,https://espaceimmobiliersanary.fr/d5a1c9t6y7l9i2o6g4l1y3phy.phtml,2026-09-30
espaceimmobiliersanary.fr,,,https://espaceimmobiliersanary.fr/d5a2t5e8r8112080.phtml,2026-09-30
espaceimmobiliersanary.fr,,,https://espaceimmobiliersanary.fr/d5e1c4o5l0o5r4i3z8a2t2ion.phtml,2026-09-30
espaceimmobiliersanary.fr,,,https://espaceimmobiliersanary.fr/d5e2r9a6n7g3e40696.phtml,2026-09-30
espaceimmobiliersanary.fr,,,https://espaceimmobiliersanary.fr/d5e3r3i9d2e8d32836.phtml,2026-09-30
espaceimmobiliersanary.fr,,,https://espaceimmobiliersanary.fr/d5i2s5c9l0a5i3m6e2d62.phtml,2026-09-30
espaceimmobiliersanary.fr,,,https://espaceimmobiliersanary.fr/d5i3s4c2r3i9m5i8n3a2nt.phtml,2026-09-30
espaceimmobiliersanary.fr,,,https://espaceimmobiliersanary.fr/d5r1e6d5g6e6d99456.phtml,2026-09-30
espaceimmobiliersanary.fr,,,https://espaceimmobiliersanary.fr/d6e2s6e4c8r8a6t0e4d99.phtml,2026-09-30
espaceimmobiliersanary.fr,,,https://espaceimmobiliersanary.fr/d6i1s2o0r5i8e3n6t8i7n6g.phtml,2026-09-30
espaceimmobiliersanary.fr,,,https://espaceimmobiliersanary.fr/d6i2d0y1n5a1m2i4a867.phtml,2026-09-30
espaceimmobiliersanary.fr,,,https://espaceimmobiliersanary.fr/d6i2s2c7r6e3t4i1o6n7a8rily.phtml,2026-09-30
espaceimmobiliersanary.fr,,,https://espaceimmobiliersanary.fr/d6i2s2o5r5d0e0r4969.phtml,2026-09-30
espaceimmobiliersanary.fr,,,https://espaceimmobiliersanary.fr/d6i2s5a3f6f2o1r0e3s0t.phtml,2026-09-30
espaceimmobiliersanary.fr,,,https://espaceimmobiliersanary.fr/d6i2s9c8r9e6d1i1t600.phtml,2026-09-30
espaceimmobiliersanary.fr,,,https://espaceimmobiliersanary.fr/d6i3a2n2o6e5t1i1c017.phtml,2026-09-30
espaceimmobiliersanary.fr,,,https://espaceimmobiliersanary.fr/d6i3s9c1r7i3m9i1n9a5n2t.phtml,2026-09-30
espaceimmobiliersanary.fr,,,https://espaceimmobiliersanary.fr/d6i4d2e1l9p6h0i7s055.phtml,2026-09-30
espaceimmobiliersanary.fr,,,https://espaceimmobiliersanary.fr/d6i4s0t3i4c4h6o8d8u1s0.phtml,2026-09-30
espaceimmobiliersanary.fr,,,https://espaceimmobiliersanary.fr/d6o2t6a3t8i3o0n7301.phtml,2026-09-30
espaceimmobiliersanary.fr,,,https://espaceimmobiliersanary.fr/d6o5l6c2e875173.phtml,2026-09-30
espaceimmobiliersanary.fr,,,https://espaceimmobiliersanary.fr/d7a2g6u8e8r7r4e2o7t9y2ping.phtml,2026-09-30
espaceimmobiliersanary.fr,,,https://espaceimmobiliersanary.fr/d7a3t4e9r6979937.phtml,2026-09-30
espaceimmobiliersanary.fr,,,https://espaceimmobiliersanary.fr/d7a7i9r5y6w9o8m7a0n7.phtml,2026-09-30
espaceimmobiliersanary.fr,,,https://espaceimmobiliersanary.fr/d7e1s2c5r7i7b8e7d641.phtml,2026-09-30
espaceimmobiliersanary.fr,,,https://espaceimmobiliersanary.fr/d7e2c3o4l9o9r7i4z4a9t4ion.phtml,2026-09-30
espaceimmobiliersanary.fr,,,https://espaceimmobiliersanary.fr/d7e2s0i8g9n5a9t2i0v7e5.phtml,2026-09-30
espaceimmobiliersanary.fr,,,https://espaceimmobiliersanary.fr/d7e3s0p5e5r9a4t9e792.phtml,2026-09-30
espaceimmobiliersanary.fr,,,https://espaceimmobiliersanary.fr/d7e4b8t2l9e7s3s989.phtml,2026-09-30
espaceimmobiliersanary.fr,,,https://espaceimmobiliersanary.fr/d7e4f0e2r6m1e2n5t610.phtml,2026-09-30
espaceimmobiliersanary.fr,,,https://espaceimmobiliersanary.fr/d7e6r4i4d0e5d077.phtml,2026-09-30
espaceimmobiliersanary.fr,,,https://espaceimmobiliersanary.fr/d7i9s5t5a3n3c6e801.phtml,2026-09-30
espaceimmobiliersanary.fr,,,https://espaceimmobiliersanary.fr/d7o1d1e6c7a1g4y5n1i1a3.phtml,2026-09-30
espaceimmobiliersanary.fr,,,https://espaceimmobiliersanary.fr/d7o2i6t1y6o6u2r5s2e8l2f.phtml,2026-09-30
espaceimmobiliersanary.fr,,,https://espaceimmobiliersanary.fr/d7r1e4d8g2e3d88305.phtml,2026-09-30
espaceimmobiliersanary.fr,,,https://espaceimmobiliersanary.fr/d7r6i7v1e7l4l6e1r7.phtml,2026-09-30
espaceimmobiliersanary.fr,,,https://espaceimmobiliersanary.fr/d8a3t0e4r4395609.phtml,2026-09-30
espaceimmobiliersanary.fr,,,https://espaceimmobiliersanary.fr/d8e1v3o2c5a3l3i7z9a4t8ion.phtml,2026-09-30
espaceimmobiliersanary.fr,,,https://espaceimmobiliersanary.fr/d8e2c4o2c5t4i2b6l5e58.phtml,2026-09-30
espaceimmobiliersanary.fr,,,https://espaceimmobiliersanary.fr/d8e2s2t4r9u0c4t0i5v7e5ly.phtml,2026-09-30
espaceimmobiliersanary.fr,,,https://espaceimmobiliersanary.fr/d8e3c1o4m8p1r4e9s7s61.phtml,2026-09-30
espaceimmobiliersanary.fr,,,https://espaceimmobiliersanary.fr/d8h4o1o2r3r2a59725.phtml,2026-09-30
espaceimmobiliersanary.fr,,,https://espaceimmobiliersanary.fr/d8i3p9y7r7e929241.phtml,2026-09-30
espaceimmobiliersanary.fr,,,https://espaceimmobiliersanary.fr/d8i3s9c5r7e1d9i9t713.phtml,2026-09-30
espaceimmobiliersanary.fr,,,https://espaceimmobiliersanary.fr/d8i4s1f0r7a7n2c3h9i1s9ement.phtml,2026-09-30
espaceimmobiliersanary.fr,,,https://espaceimmobiliersanary.fr/d8o1l4m2a7n0s60819.phtml,2026-09-30
espaceimmobiliersanary.fr,,,https://espaceimmobiliersanary.fr/d8o1n0a8u7g9h2t5610.phtml,2026-09-30
espaceimmobiliersanary.fr,,,https://espaceimmobiliersanary.fr/d8r2i5v6e8l4l2e8r913.phtml,2026-09-30
espaceimmobiliersanary.fr,,,https://espaceimmobiliersanary.fr/d9a2i2n6t5i7e8s8t480.phtml,2026-09-30
espaceimmobiliersanary.fr,,,https://espaceimmobiliersanary.fr/d9a2m7b9o1s1e18252.phtml,2026-09-30
espaceimmobiliersanary.fr,"Espace Immo, votre média immobilier de référence en France",votre média immobilier,https://espaceimmobiliersanary.fr/d9a9z9z4l0e2d8532.phtml,2026-09-30
espaceimmobiliersanary.fr,"Espace Immo, votre média immobilier de référence en France",votre média immobilier,https://espaceimmobiliersanary.fr/d9e1f6i4l4i9n3g4159.phtml,2026-09-30
espaceimmobiliersanary.fr,"Espace Immo, votre média immobilier de référence en France",votre média immobilier,https://espaceimmobiliersanary.fr/d9e2g1e5n5e0r5a3t7e3n9ess.phtml,2026-09-30
espaceimmobiliersanary.fr,"Espace Immo, votre média immobilier de référence en France",votre média immobilier,https://espaceimmobiliersanary.fr/d9e2s8i6g3n1a9t3i6v2e7.phtml,2026-09-30
espaceimmobiliersanary.fr,"Espace Immo, votre média immobilier de référence en France",votre média immobilier,https://espaceimmobiliersanary.fr/d9e3c6o5n9s8t2r8u9c6t6.phtml,2026-09-30
espaceimmobiliersanary.fr,"Espace Immo, votre média immobilier de référence en France",votre média immobilier,https://espaceimmobiliersanary.fr/d9e3n8t7a5t9i4o6n746.phtml,2026-09-30
espaceimmobiliersanary.fr,"Espace Immo, votre média immobilier de référence en France",votre média immobilier,https://espaceimmobiliersanary.fr/d9e4c8o2m0p2r1e4s9s8.phtml,2026-09-30
espaceimmobiliersanary.fr,"Espace Immo, votre média immobilier de référence en France",votre média immobilier,https://espaceimmobiliersanary.fr/d9e4p1e1r8d8i3t5i0o2n.phtml,2026-09-30
espaceimmobiliersanary.fr,"Espace Immo, votre média immobilier de référence en France",votre média immobilier,https://espaceimmobiliersanary.fr/d9i1s4c4r8e1t1i9o6n0a8rily.phtml,2026-09-30
espaceimmobiliersanary.fr,"Espace Immo, votre média immobilier de référence en France",votre média immobilier,https://espaceimmobiliersanary.fr/d9i1s6u2t7i5l7i9z1e05.phtml,2026-09-30
espaceimmobiliersanary.fr,"Espace Immo, votre média immobilier de référence en France",votre média immobilier,https://espaceimmobiliersanary.fr/d9i2a4n6o6e4t4i6c418.phtml,2026-09-30
espaceimmobiliersanary.fr,"Espace Immo, votre média immobilier de référence en France",votre média immobilier,https://espaceimmobiliersanary.fr/d9i2l7o6g4y422083.phtml,2026-09-30
espaceimmobiliersanary.fr,"Espace Immo, votre média immobilier de référence en France",votre média immobilier,https://espaceimmobiliersanary.fr/d9i2s0a4v4o5w9a0b5l7e6.phtml,2026-09-30
espaceimmobiliersanary.fr,"Espace Immo, votre média immobilier de référence en France",votre média immobilier,https://espaceimmobiliersanary.fr/d9i3s1p0r4o5p4o2r1t6i4onableness.phtml,2026-09-30
espaceimmobiliersanary.fr,"Espace Immo, votre média immobilier de référence en France",votre média immobilier,https://espaceimmobiliersanary.fr/d9i3s7o7r6i1e4n8t0i5ng.phtml,2026-09-30
espaceimmobiliersanary.fr,"Espace Immo, votre média immobilier de référence en France",votre média immobilier,https://espaceimmobiliersanary.fr/d9i3v0a3r3i8c4a2t4e2l7y.phtml,2026-09-30
espaceimmobiliersanary.fr,"Espace Immo, votre média immobilier de référence en France",votre média immobilier,https://espaceimmobiliersanary.fr/d9o2l0o9m6i7t6e8568.phtml,2026-09-30
espaceimmobiliersanary.fr,"Espace Immo, votre média immobilier de référence en France",votre média immobilier,https://espaceimmobiliersanary.fr/d9o2t8a9t3i2o6n4270.phtml,2026-09-30
espaceimmobiliersanary.fr,"Espace Immo, votre média immobilier de référence en France",votre média immobilier,https://espaceimmobiliersanary.fr/d9o3i5t1y6o0u5r5s9e3l9f.phtml,2026-09-30
espaceimmobiliersanary.fr,"Espace Immo, votre média immobilier de référence en France",votre média immobilier,https://espaceimmobiliersanary.fr/d9u3s6t1y5054694.phtml,2026-09-30
espaceimmobiliersanary.fr,"Espace Immo, votre média immobilier de référence en France",votre média immobilier,https://espaceimmobiliersanary.fr/e0n3t7i5t2y256178.phtml,2026-09-30
espaceimmobiliersanary.fr,"Espace Immo, votre média immobilier de référence en France",votre média immobilier,https://espaceimmobiliersanary.fr/e0t3h1y2l5i4d3e7n4e30.phtml,2026-09-30
espaceimmobiliersanary.fr,"Espace Immo, votre média immobilier de référence en France",votre média immobilier,https://espaceimmobiliersanary.fr/e0x2t2r0o0v9e6r1s1ive.phtml,2026-09-30
espaceimmobiliersanary.fr,"Espace Immo, votre média immobilier de référence en France",votre média immobilier,https://espaceimmobiliersanary.fr/e0x3c3a6v4e761061.phtml,2026-09-30
espaceimmobiliersanary.fr,"Espace Immo, votre média immobilier de référence en France",votre média immobilier,https://espaceimmobiliersanary.fr/e0x6p8e2d3i7e6n2t45.phtml,2026-09-30
espaceimmobiliersanary.fr,"Espace Immo, votre média immobilier de référence en France",votre média immobilier,https://espaceimmobiliersanary.fr/e1c2a4r9t7e565621.phtml,2026-09-30
espaceimmobiliersanary.fr,"Espace Immo, votre média immobilier de référence en France",votre média immobilier,https://espaceimmobiliersanary.fr/e1l2e1g3i3a1c99640.phtml,2026-09-30
espaceimmobiliersanary.fr,"Espace Immo, votre média immobilier de référence en France",votre média immobilier,https://espaceimmobiliersanary.fr/e1n1o0r8m3i1t7y3299.phtml,2026-09-30
espaceimmobiliersanary.fr,"Espace Immo, votre média immobilier de référence en France",votre média immobilier,https://espaceimmobiliersanary.fr/e1p3a2n0o8r2t9h3o2s4i6s.phtml,2026-09-30
espaceimmobiliersanary.fr,"Espace Immo, votre média immobilier de référence en France",votre média immobilier,https://espaceimmobiliersanary.fr/e1q1u5i6t9a0t1i4o5n98.phtml,2026-09-30
espaceimmobiliersanary.fr,,,https://espaceimmobiliersanary.fr/e1r1i1g3n1a5t3h3u1s91.phtml,2026-09-30
espaceimmobiliersanary.fr,,,https://espaceimmobiliersanary.fr/e1x1c5u4r5r3e4n9t808.phtml,2026-09-30
espaceimmobiliersanary.fr,,,https://espaceimmobiliersanary.fr/e1x1t7r7a7o7c5u7l9a6r9.phtml,2026-09-30
espaceimmobiliersanary.fr,,,https://espaceimmobiliersanary.fr/e1x3i1m0i7o1u2s9901.phtml,2026-09-30
espaceimmobiliersanary.fr,,,https://espaceimmobiliersanary.fr/e1x3p4e2r3i8m5e5n9t8a6tion.phtml,2026-09-30
espaceimmobiliersanary.fr,,,https://espaceimmobiliersanary.fr/e2l2e3c1t8r9o5p1h3o6r0i.phtml,2026-09-30
espaceimmobiliersanary.fr,,,https://espaceimmobiliersanary.fr/e2m1b2r1y2o9n6a7r9y61.phtml,2026-09-30
espaceimmobiliersanary.fr,,,https://espaceimmobiliersanary.fr/e2m2e3r1g5e3n1c5e0s47.phtml,2026-09-30
espaceimmobiliersanary.fr,,,https://espaceimmobiliersanary.fr/e2m2u1n9c9t4o5r0y288.phtml,2026-09-30
espaceimmobiliersanary.fr,,,https://espaceimmobiliersanary.fr/e2n1g6l9u9e718168.phtml,2026-09-30
espaceimmobiliersanary.fr,,,https://espaceimmobiliersanary.fr/e2n1i1g8m6a9t2i4c3a8l1.phtml,2026-09-30
espaceimmobiliersanary.fr,,,https://espaceimmobiliersanary.fr/e2q9u1i6t1a5t2i2o8n6.phtml,2026-09-30
espaceimmobiliersanary.fr,,,https://espaceimmobiliersanary.fr/e2s2c8o1c1h4e0o6n369.phtml,2026-09-30
espaceimmobiliersanary.fr,,,https://espaceimmobiliersanary.fr/e2v3i7l0m8i6n4d8e5d8n1ess.phtml,2026-09-30
espaceimmobiliersanary.fr,,,https://espaceimmobiliersanary.fr/e2v6a5n4g8e6l0i9c5i8ty.phtml,2026-09-30
espaceimmobiliersanary.fr,,,https://espaceimmobiliersanary.fr/e2x3h9o4r9t2e3d4236.phtml,2026-09-30
espaceimmobiliersanary.fr,,,https://espaceimmobiliersanary.fr/e2x3p3e7c0t7a2t5i4v8e7.phtml,2026-09-30
espaceimmobiliersanary.fr,,,https://espaceimmobiliersanary.fr/e2x4t1i9m4u7l3a0t1i3o4n.phtml,2026-09-30
espaceimmobiliersanary.fr,,,https://espaceimmobiliersanary.fr/e3a2r1w7i3t5n3e4s8s1.phtml,2026-09-30
espaceimmobiliersanary.fr,,,https://espaceimmobiliersanary.fr/e3d4e0n6i9t5e24260.phtml,2026-09-30
espaceimmobiliersanary.fr,,,https://espaceimmobiliersanary.fr/e3n1t5e5r2o2b6i6u6s93.phtml,2026-09-30
espaceimmobiliersanary.fr,,,https://espaceimmobiliersanary.fr/e3n2d2o7g9e8n8e1t8i9c0.phtml,2026-09-30
espaceimmobiliersanary.fr,,,https://espaceimmobiliersanary.fr/e3p1i3c3y1c0l4o2i7d50.phtml,2026-09-30
espaceimmobiliersanary.fr,,,https://espaceimmobiliersanary.fr/e3p1i5t1h7e8l6i6o8i7d0.phtml,2026-09-30
espaceimmobiliersanary.fr,,,https://espaceimmobiliersanary.fr/e3x2p1e7c7t3a4n2c9y23.phtml,2026-09-30
espaceimmobiliersanary.fr,,,https://espaceimmobiliersanary.fr/e3x3t4r9o7v1e4r3s4i4v4e.phtml,2026-09-30
espaceimmobiliersanary.fr,,,https://espaceimmobiliersanary.fr/e3x9p7e7r2i8m0e6n2t7ation.phtml,2026-09-30
espaceimmobiliersanary.fr,,,https://espaceimmobiliersanary.fr/e4c1s5t7a6t1i9c1a1l07.phtml,2026-09-30
espaceimmobiliersanary.fr,,,https://espaceimmobiliersanary.fr/e4c2a8r1t1e242846.phtml,2026-09-30
espaceimmobiliersanary.fr,,,https://espaceimmobiliersanary.fr/e4d1e4n6i9t4e56317.phtml,2026-09-30
espaceimmobiliersanary.fr,,,https://espaceimmobiliersanary.fr/e4m4u1n8c1t0o1r1y393.phtml,2026-09-30
espaceimmobiliersanary.fr,,,https://espaceimmobiliersanary.fr/e4n3o3r0m4i4t8y732.phtml,2026-09-30
espaceimmobiliersanary.fr,,,https://espaceimmobiliersanary.fr/e4x1c8u5r9r0e2n7t001.phtml,2026-09-30
espaceimmobiliersanary.fr,,,https://espaceimmobiliersanary.fr/e5d3o6l4i4u7s34603.phtml,2026-09-30
espaceimmobiliersanary.fr,,,https://espaceimmobiliersanary.fr/e5l2e9c2t9r5o3n1i8c19.phtml,2026-09-30
espaceimmobiliersanary.fr,,,https://espaceimmobiliersanary.fr/e5m1o6l7l5e9s9c6e7n1ce.phtml,2026-09-30
espaceimmobiliersanary.fr,,,https://espaceimmobiliersanary.fr/e5m2p5h7a4s2i2z9e784.phtml,2026-09-30
espaceimmobiliersanary.fr,,,https://espaceimmobiliersanary.fr/e5n2o5p6t3o8m4a0n1c2y5.phtml,2026-09-30
espaceimmobiliersanary.fr,,,https://espaceimmobiliersanary.fr/e5n4d2o5g4e1n0e2t9i4c7.phtml,2026-09-30
espaceimmobiliersanary.fr,,,https://espaceimmobiliersanary.fr/e5n6t1i1t6y76508.phtml,2026-09-30
espaceimmobiliersanary.fr,,,https://espaceimmobiliersanary.fr/e5x2c3a2r2n3a2t8e049.phtml,2026-09-30
espaceimmobiliersanary.fr,,,https://espaceimmobiliersanary.fr/e5x3h1o2r2t0e6d0741.phtml,2026-09-30
espaceimmobiliersanary.fr,,,https://espaceimmobiliersanary.fr/e6b2i8o2n0i8t8i8s2m4.phtml,2026-09-30
espaceimmobiliersanary.fr,,,https://espaceimmobiliersanary.fr/e6n1d4o5g2e7n0e8t4i1c2.phtml,2026-09-30
espaceimmobiliersanary.fr,,,https://espaceimmobiliersanary.fr/e6n3t6a3s6i5a09518.phtml,2026-09-30
espaceimmobiliersanary.fr,,,https://espaceimmobiliersanary.fr/e6p8i7c6y3c4l4e525.phtml,2026-09-30
espaceimmobiliersanary.fr,,,https://espaceimmobiliersanary.fr/e6v2i8c8t4i5o3n0320.phtml,2026-09-30
espaceimmobiliersanary.fr,,,https://espaceimmobiliersanary.fr/e6x1t9r8a4o2c3u2l8a9r1.phtml,2026-09-30
espaceimmobiliersanary.fr,,,https://espaceimmobiliersanary.fr/e7c1a9r9t1e409384.phtml,2026-09-30
espaceimmobiliersanary.fr,,,https://espaceimmobiliersanary.fr/e7d1e7n1i6t0e24646.phtml,2026-09-30
espaceimmobiliersanary.fr,,,https://espaceimmobiliersanary.fr/e7l9i9n6g3u5a6t6e45.phtml,2026-09-30
espaceimmobiliersanary.fr,,,https://espaceimmobiliersanary.fr/e7m1o2l0l1e2s4c8e0n7c2e.phtml,2026-09-30
espaceimmobiliersanary.fr,,,https://espaceimmobiliersanary.fr/e7m2e4r6g4e1n1c8e3s05.phtml,2026-09-30
espaceimmobiliersanary.fr,,,https://espaceimmobiliersanary.fr/e7n3d8u4r5i4n8g0l0y84.phtml,2026-09-30
espaceimmobiliersanary.fr,,,https://espaceimmobiliersanary.fr/e7v6i3l5m1i7n7d7e9d1ness.phtml,2026-09-30
espaceimmobiliersanary.fr,,,https://espaceimmobiliersanary.fr/e7x3c8u0s7a2b8l0e441.phtml,2026-09-30
espaceimmobiliersanary.fr,,,https://espaceimmobiliersanary.fr/e7x3t4r1a1o7c4u5l3a3r1.phtml,2026-09-30
espaceimmobiliersanary.fr,,,https://espaceimmobiliersanary.fr/e7x4h0o2r9t8e8d0022.phtml,2026-09-30
espaceimmobiliersanary.fr,,,https://espaceimmobiliersanary.fr/e7x8p9e8c6t3a3n7c0y9.phtml,2026-09-30
espaceimmobiliersanary.fr,,,https://espaceimmobiliersanary.fr/e8n1r9a4c5e195786.phtml,2026-09-30
espaceimmobiliersanary.fr,,,https://espaceimmobiliersanary.fr/e8n4t1i4t6y579173.phtml,2026-09-30
espaceimmobiliersanary.fr,,,https://espaceimmobiliersanary.fr/e8p1i2p5o1l8i2s3m247.phtml,2026-09-30
espaceimmobiliersanary.fr,,,https://espaceimmobiliersanary.fr/e8p4i2p7h7y5s8e5a9l50.phtml,2026-09-30
espaceimmobiliersanary.fr,,,https://espaceimmobiliersanary.fr/e8q2u4i2t4a3t1i0o5n44.phtml,2026-09-30
espaceimmobiliersanary.fr,,,https://espaceimmobiliersanary.fr/e8s1t8a2t4e924042.phtml,2026-09-30
espaceimmobiliersanary.fr,,,https://espaceimmobiliersanary.fr/e8s4c1h7e9r6i3c5i7a71.phtml,2026-09-30
espaceimmobiliersanary.fr,,,https://espaceimmobiliersanary.fr/e8x2c7a7r0n2a2t2e970.phtml,2026-09-30
espaceimmobiliersanary.fr,,,https://espaceimmobiliersanary.fr/e9c1s5t1a4t2i3c0a5l89.phtml,2026-09-30
espaceimmobiliersanary.fr,,,https://espaceimmobiliersanary.fr/e9l1i8n9g6u8a3t5e894.phtml,2026-09-30
espaceimmobiliersanary.fr,,,https://espaceimmobiliersanary.fr/e9n1d8e2c1a3g8y3n8o3u0s.phtml,2026-09-30
espaceimmobiliersanary.fr,,,https://espaceimmobiliersanary.fr/e9n1t0e4r7o1b5i9u0s31.phtml,2026-09-30
espaceimmobiliersanary.fr,,,https://espaceimmobiliersanary.fr/e9n1t2i1t2y015486.phtml,2026-09-30
espaceimmobiliersanary.fr,"Espace Immo, votre média immobilier de référence en France",votre média immobilier,https://espaceimmobiliersanary.fr/e9p4e2r7u2a997146.phtml,2026-09-30
espaceimmobiliersanary.fr,"Espace Immo, votre média immobilier de référence en France",votre média immobilier,https://espaceimmobiliersanary.fr/e9t9h1y9l6i9d2e4n9e8.phtml,2026-09-30
espaceimmobiliersanary.fr,"Espace Immo, votre média immobilier de référence en France",votre média immobilier,https://espaceimmobiliersanary.fr/e9x1c1a5v9e016129.phtml,2026-09-30
espaceimmobiliersanary.fr,"Espace Immo, votre média immobilier de référence en France",votre média immobilier,https://espaceimmobiliersanary.fr/e9x2p5e7c1t6a1t2i4v2e.phtml,2026-09-30
espaceimmobiliersanary.fr,"Espace Immo, votre média immobilier de référence en France",votre média immobilier,https://espaceimmobiliersanary.fr/e9x3a4m6e2t7r1o1n240.phtml,2026-09-30
espaceimmobiliersanary.fr,"Espace Immo, votre média immobilier de référence en France",votre média immobilier,https://espaceimmobiliersanary.fr/e9x3c6u3s2a9b6l9e290.phtml,2026-09-30
espaceimmobiliersanary.fr,"Espace Immo, votre média immobilier de référence en France",votre média immobilier,https://espaceimmobiliersanary.fr/f0a3c0t5o7r1a6g1e875.phtml,2026-09-30
espaceimmobiliersanary.fr,"Espace Immo, votre média immobilier de référence en France",votre média immobilier,https://espaceimmobiliersanary.fr/f0a5c8i2e817964.phtml,2026-09-30
espaceimmobiliersanary.fr,"Espace Immo, votre média immobilier de référence en France",votre média immobilier,https://espaceimmobiliersanary.fr/f0e1l9l6o3w3s3h7i6p0i9ng.phtml,2026-09-30
espaceimmobiliersanary.fr,"Espace Immo, votre média immobilier de référence en France",votre média immobilier,https://espaceimmobiliersanary.fr/f0e3t1t9e8r9s52131.phtml,2026-09-30
espaceimmobiliersanary.fr,"Espace Immo, votre média immobilier de référence en France",votre média immobilier,https://espaceimmobiliersanary.fr/f0e3u3d3a9t8o3r3y479.phtml,2026-09-30
espaceimmobiliersanary.fr,"Espace Immo, votre média immobilier de référence en France",votre média immobilier,https://espaceimmobiliersanary.fr/f0l3o1w0e5r9s1o7f7a8n6hour.phtml,2026-09-30
espaceimmobiliersanary.fr,"Espace Immo, votre média immobilier de référence en France",votre média immobilier,https://espaceimmobiliersanary.fr/f0l5o2u0r6i1s7h1i6n0gly.phtml,2026-09-30
espaceimmobiliersanary.fr,"Espace Immo, votre média immobilier de référence en France",votre média immobilier,https://espaceimmobiliersanary.fr/f0o1s2t0e9r5i9n1g272.phtml,2026-09-30
espaceimmobiliersanary.fr,"Espace Immo, votre média immobilier de référence en France",votre média immobilier,https://espaceimmobiliersanary.fr/f0o3r5h2a0l6l44727.phtml,2026-09-30
espaceimmobiliersanary.fr,"Espace Immo, votre média immobilier de référence en France",votre média immobilier,https://espaceimmobiliersanary.fr/f0r1e2s1h5l5y55698.phtml,2026-09-30
espaceimmobiliersanary.fr,"Espace Immo, votre média immobilier de référence en France",votre média immobilier,https://espaceimmobiliersanary.fr/f0r2a3g1m7e7n3t9261.phtml,2026-09-30
espaceimmobiliersanary.fr,"Espace Immo, votre média immobilier de référence en France",votre média immobilier,https://espaceimmobiliersanary.fr/f0u2r6i1o9u3s94806.phtml,2026-09-30
espaceimmobiliersanary.fr,"Espace Immo, votre média immobilier de référence en France",votre média immobilier,https://espaceimmobiliersanary.fr/f1i3e6r3c5e3n9e3s5s04.phtml,2026-09-30
espaceimmobiliersanary.fr,"Espace Immo, votre média immobilier de référence en France",votre média immobilier,https://espaceimmobiliersanary.fr/f1l2u2o7b3o9r1a7t4e64.phtml,2026-09-30
espaceimmobiliersanary.fr,"Espace Immo, votre média immobilier de référence en France",votre média immobilier,https://espaceimmobiliersanary.fr/f1l3o6o1d3l0i8t327.phtml,2026-09-30
espaceimmobiliersanary.fr,"Espace Immo, votre média immobilier de référence en France",votre média immobilier,https://espaceimmobiliersanary.fr/f1o3o6z0l9i0n9g0300.phtml,2026-09-30
espaceimmobiliersanary.fr,"Espace Immo, votre média immobilier de référence en France",votre média immobilier,https://espaceimmobiliersanary.fr/f1o3r2e3t2o7p2m2a2s3t.phtml,2026-09-30
espaceimmobiliersanary.fr,"Espace Immo, votre média immobilier de référence en France",votre média immobilier,https://espaceimmobiliersanary.fr/f1o3r7m6l5e0s4s8l4y98.phtml,2026-09-30
espaceimmobiliersanary.fr,"Espace Immo, votre média immobilier de référence en France",votre média immobilier,https://espaceimmobiliersanary.fr/f1r1u4t0i2c9o5s4a586.phtml,2026-09-30
espaceimmobiliersanary.fr,"Espace Immo, votre média immobilier de référence en France",votre média immobilier,https://espaceimmobiliersanary.fr/f1r2a3u4l7e2i0n4938.phtml,2026-09-30
espaceimmobiliersanary.fr,"Espace Immo, votre média immobilier de référence en France",votre média immobilier,https://espaceimmobiliersanary.fr/f1u3s2s2i1e7r58722.phtml,2026-09-30
espaceimmobiliersanary.fr,"Espace Immo, votre média immobilier de référence en France",votre média immobilier,https://espaceimmobiliersanary.fr/f2e2l9l7i3e9s4349.phtml,2026-09-30
espaceimmobiliersanary.fr,"Espace Immo, votre média immobilier de référence en France",votre média immobilier,https://espaceimmobiliersanary.fr/f2e3r9r5i7c3y6a3n2a2t0e.phtml,2026-09-30
espaceimmobiliersanary.fr,"Espace Immo, votre média immobilier de référence en France",votre média immobilier,https://espaceimmobiliersanary.fr/f2i3n9i8s8h4i8n2g439.phtml,2026-09-30
espaceimmobiliersanary.fr,,,https://espaceimmobiliersanary.fr/f2l1o4u2r8i4s3h6i4n4g1ly.phtml,2026-09-30
espaceimmobiliersanary.fr,,,https://espaceimmobiliersanary.fr/f2o3r4t4i7t6i1o6n877.phtml,2026-09-30
espaceimmobiliersanary.fr,,,https://espaceimmobiliersanary.fr/f2o3s4s0a7n1e56559.phtml,2026-09-30
espaceimmobiliersanary.fr,,,https://espaceimmobiliersanary.fr/f2o4r2m9i1c7i4v6o1r1u8s.phtml,2026-09-30
espaceimmobiliersanary.fr,,,https://espaceimmobiliersanary.fr/f3a3c7t8u8a2l6904.phtml,2026-09-30
espaceimmobiliersanary.fr,,,https://espaceimmobiliersanary.fr/f3e1t2t3e0r9s27981.phtml,2026-09-30
espaceimmobiliersanary.fr,,,https://espaceimmobiliersanary.fr/f3e7l0l8o1w0s9h3i0ping.phtml,2026-09-30
espaceimmobiliersanary.fr,,,https://espaceimmobiliersanary.fr/f3i2f0e4r5966182.phtml,2026-09-30
espaceimmobiliersanary.fr,,,https://espaceimmobiliersanary.fr/f3l7o7u5r5i7s4h1i2n9gly.phtml,2026-09-30
espaceimmobiliersanary.fr,,,https://espaceimmobiliersanary.fr/f3u2r7r7y6187380.phtml,2026-09-30
espaceimmobiliersanary.fr,,,https://espaceimmobiliersanary.fr/f4i1x9e7d1l4y66625.phtml,2026-09-30
espaceimmobiliersanary.fr,,,https://espaceimmobiliersanary.fr/f4i3e9r4c8e0n2e2s1s21.phtml,2026-09-30
espaceimmobiliersanary.fr,,,https://espaceimmobiliersanary.fr/f4l4y2b9l3o1w2n1756.phtml,2026-09-30
espaceimmobiliersanary.fr,,,https://espaceimmobiliersanary.fr/f4l6o1o6d2l6i5t296.phtml,2026-09-30
espaceimmobiliersanary.fr,,,https://espaceimmobiliersanary.fr/f4o3r4t5u9n3e3l4l5a51.phtml,2026-09-30
espaceimmobiliersanary.fr,,,https://espaceimmobiliersanary.fr/f4o3u9r7l6i7n1g7142.phtml,2026-09-30
espaceimmobiliersanary.fr,,,https://espaceimmobiliersanary.fr/f5e2i6g3n9519400.phtml,2026-09-30
espaceimmobiliersanary.fr,,,https://espaceimmobiliersanary.fr/f5e3u4d8a8t6o3r6y737.phtml,2026-09-30
espaceimmobiliersanary.fr,,,https://espaceimmobiliersanary.fr/f5i3n1i6s1h3i0n8g976.phtml,2026-09-30
espaceimmobiliersanary.fr,,,https://espaceimmobiliersanary.fr/f5l1y3b5l8o5w5n8037.phtml,2026-09-30
espaceimmobiliersanary.fr,,,https://espaceimmobiliersanary.fr/f5l2a1t6t4e2n3i1n2g99.phtml,2026-09-30
espaceimmobiliersanary.fr,,,https://espaceimmobiliersanary.fr/f5o1s3t5e7r3i4n5g954.phtml,2026-09-30
espaceimmobiliersanary.fr,,,https://espaceimmobiliersanary.fr/f5o3e8t4o0r727789.phtml,2026-09-30
espaceimmobiliersanary.fr,,,https://espaceimmobiliersanary.fr/f5o3r7h3a5l5l08273.phtml,2026-09-30
espaceimmobiliersanary.fr,,,https://espaceimmobiliersanary.fr/f5r3u3t4i4c4o2s2a283.phtml,2026-09-30
espaceimmobiliersanary.fr,,,https://espaceimmobiliersanary.fr/f5r4i5e2n1d1l4e3s7s8ness.phtml,2026-09-30
espaceimmobiliersanary.fr,,,https://espaceimmobiliersanary.fr/f6i2x7e4d6l1y16753.phtml,2026-09-30
espaceimmobiliersanary.fr,,,https://espaceimmobiliersanary.fr/f6l7o9o9d2a3g8e919.phtml,2026-09-30
espaceimmobiliersanary.fr,,,https://espaceimmobiliersanary.fr/f6o2r3t8n7i4g5h4t142.phtml,2026-09-30
espaceimmobiliersanary.fr,,,https://espaceimmobiliersanary.fr/f6o4o2t6p8a2t4h4835.phtml,2026-09-30
espaceimmobiliersanary.fr,,,https://espaceimmobiliersanary.fr/f7a1c6i3e0003287.phtml,2026-09-30
espaceimmobiliersanary.fr,,,https://espaceimmobiliersanary.fr/f7i1l9t1h4i3e5s4t471.phtml,2026-09-30
espaceimmobiliersanary.fr,,,https://espaceimmobiliersanary.fr/f7i7x8e9d3l9y914.phtml,2026-09-30
espaceimmobiliersanary.fr,,,https://espaceimmobiliersanary.fr/f7l2o9s5s9i3f7i5c2a1t9ion.phtml,2026-09-30
espaceimmobiliersanary.fr,,,https://espaceimmobiliersanary.fr/f7l4o2w0e1r9p0o6t643.phtml,2026-09-30
espaceimmobiliersanary.fr,,,https://espaceimmobiliersanary.fr/f7o1r3m0l5e3s9s5l1y57.phtml,2026-09-30
espaceimmobiliersanary.fr,,,https://espaceimmobiliersanary.fr/f7r2e3s9h8l0y07340.phtml,2026-09-30
espaceimmobiliersanary.fr,,,https://espaceimmobiliersanary.fr/f7r3i8j4o6l2e7s807.phtml,2026-09-30
espaceimmobiliersanary.fr,,,https://espaceimmobiliersanary.fr/f7r3y6i3n5g557011.phtml,2026-09-30
espaceimmobiliersanary.fr,,,https://espaceimmobiliersanary.fr/f7u3r5i3o3u4s11009.phtml,2026-09-30
espaceimmobiliersanary.fr,,,https://espaceimmobiliersanary.fr/f8e2l1l0o1w7s6h9i8p8ing.phtml,2026-09-30
espaceimmobiliersanary.fr,,,https://espaceimmobiliersanary.fr/f8i1f1e7r8699296.phtml,2026-09-30
espaceimmobiliersanary.fr,,,https://espaceimmobiliersanary.fr/f8o1r4e4t7o0p0m3a5s9t4.phtml,2026-09-30
espaceimmobiliersanary.fr,,,https://espaceimmobiliersanary.fr/f8o3s0s3a6n2e66625.phtml,2026-09-30
espaceimmobiliersanary.fr,,,https://espaceimmobiliersanary.fr/f8r1e6s7h6l9y87557.phtml,2026-09-30
espaceimmobiliersanary.fr,,,https://espaceimmobiliersanary.fr/f8r9i0e0n0d0l9e3s1s5ness.phtml,2026-09-30
espaceimmobiliersanary.fr,,,https://espaceimmobiliersanary.fr/f9o3r7f2e4i9t5i5n0g59.phtml,2026-09-30
espaceimmobiliersanary.fr,,,https://espaceimmobiliersanary.fr/f9r1i2j8o4l0e5s8480.phtml,2026-09-30
espaceimmobiliersanary.fr,,,https://espaceimmobiliersanary.fr/f9r2a7u4l1e5i2n7965.phtml,2026-09-30
espaceimmobiliersanary.fr,,,https://espaceimmobiliersanary.fr/f9u1r1r5y207463.phtml,2026-09-30
espaceimmobiliersanary.fr,,,https://espaceimmobiliersanary.fr/f9u2s9t1i4e2s9t923.phtml,2026-09-30
espaceimmobiliersanary.fr,,,https://espaceimmobiliersanary.fr/g0a2l9l6i3n9a6c4e0a07.phtml,2026-09-30
espaceimmobiliersanary.fr,,,https://espaceimmobiliersanary.fr/g0l1a9s4s6s5n8a9i7l04.phtml,2026-09-30
espaceimmobiliersanary.fr,,,https://espaceimmobiliersanary.fr/g0r4a2n5e1938357.phtml,2026-09-30
espaceimmobiliersanary.fr,,,https://espaceimmobiliersanary.fr/g1a1l0e4i8371130.phtml,2026-09-30
espaceimmobiliersanary.fr,,,https://espaceimmobiliersanary.fr/g1a1n8g4l8i5a8t6e56.phtml,2026-09-30
espaceimmobiliersanary.fr,,,https://espaceimmobiliersanary.fr/g1a2r2u0d1a874470.phtml,2026-09-30
espaceimmobiliersanary.fr,,,https://espaceimmobiliersanary.fr/g1e3s6t6i1c041065.phtml,2026-09-30
espaceimmobiliersanary.fr,,,https://espaceimmobiliersanary.fr/g1e5o0r6g2i9a3469.phtml,2026-09-30
espaceimmobiliersanary.fr,,,https://espaceimmobiliersanary.fr/g1i5d5d9y4h9e8a4d84.phtml,2026-09-30
espaceimmobiliersanary.fr,,,https://espaceimmobiliersanary.fr/g1l1o2o8m0e6d81791.phtml,2026-09-30
espaceimmobiliersanary.fr,,,https://espaceimmobiliersanary.fr/g1l1o7m9e1r4a7t6a710.phtml,2026-09-30
espaceimmobiliersanary.fr,,,https://espaceimmobiliersanary.fr/g1r4a1v9e0s60011.phtml,2026-09-30
espaceimmobiliersanary.fr,,,https://espaceimmobiliersanary.fr/g1y2m2n2o3s5p5e6r5m05.phtml,2026-09-30
espaceimmobiliersanary.fr,,,https://espaceimmobiliersanary.fr/g1y2p7s1i3f0e5r3o4u5s.phtml,2026-09-30
espaceimmobiliersanary.fr,,,https://espaceimmobiliersanary.fr/g2a3l7v1a0n0o2s4c2o1p9ic.phtml,2026-09-30
espaceimmobiliersanary.fr,,,https://espaceimmobiliersanary.fr/g2e4r2e5n2u1k01880.phtml,2026-09-30
espaceimmobiliersanary.fr,,,https://espaceimmobiliersanary.fr/g2e5o3m8e1t6r1i8z0e7d.phtml,2026-09-30
espaceimmobiliersanary.fr,,,https://espaceimmobiliersanary.fr/g2l3o4m8e7r4a2t4a638.phtml,2026-09-30
espaceimmobiliersanary.fr,,,https://espaceimmobiliersanary.fr/g2o3o9s0e8g2r1a4s3s60.phtml,2026-09-30
espaceimmobiliersanary.fr,,,https://espaceimmobiliersanary.fr/g2o4s5s5i4p91083.phtml,2026-09-30
espaceimmobiliersanary.fr,,,https://espaceimmobiliersanary.fr/g3a1s0e6i6t0y71526.phtml,2026-09-30
espaceimmobiliersanary.fr,"Espace Immo, votre média immobilier de référence en France",votre média immobilier,https://espaceimmobiliersanary.fr/g3e2n7e0r0a508089.phtml,2026-09-30
espaceimmobiliersanary.fr,"Espace Immo, votre média immobilier de référence en France",votre média immobilier,https://espaceimmobiliersanary.fr/g3e3n3e0r3o4s0i2t4y07.phtml,2026-09-30
espaceimmobiliersanary.fr,"Espace Immo, votre média immobilier de référence en France",votre média immobilier,https://espaceimmobiliersanary.fr/g3r2a0c9i4o3u4s4n3e8s6s.phtml,2026-09-30
espaceimmobiliersanary.fr,"Espace Immo, votre média immobilier de référence en France",votre média immobilier,https://espaceimmobiliersanary.fr/g3u2i9n2e8a05545.phtml,2026-09-30
espaceimmobiliersanary.fr,"Espace Immo, votre média immobilier de référence en France",votre média immobilier,https://espaceimmobiliersanary.fr/g4e1n4i4a3l3n6e7s3s13.phtml,2026-09-30
espaceimmobiliersanary.fr,"Espace Immo, votre média immobilier de référence en France",votre média immobilier,https://espaceimmobiliersanary.fr/g4e3n9i3e1110693.phtml,2026-09-30
espaceimmobiliersanary.fr,"Espace Immo, votre média immobilier de référence en France",votre média immobilier,https://espaceimmobiliersanary.fr/g4o6o4s7e9g4r4a0s4s1.phtml,2026-09-30
espaceimmobiliersanary.fr,"Espace Immo, votre média immobilier de référence en France",votre média immobilier,https://espaceimmobiliersanary.fr/g4u1t2t3u4r4i6n8e193.phtml,2026-09-30
espaceimmobiliersanary.fr,"Espace Immo, votre média immobilier de référence en France",votre média immobilier,https://espaceimmobiliersanary.fr/g4y1m4n7o1s8p8e0r4m99.phtml,2026-09-30
espaceimmobiliersanary.fr,"Espace Immo, votre média immobilier de référence en France",votre média immobilier,https://espaceimmobiliersanary.fr/g5i4g0a2n7t0i5c9a1l0ly.phtml,2026-09-30
espaceimmobiliersanary.fr,"Espace Immo, votre média immobilier de référence en France",votre média immobilier,https://espaceimmobiliersanary.fr/g5l2a3d4i1a2t4o0r544.phtml,2026-09-30
espaceimmobiliersanary.fr,"Espace Immo, votre média immobilier de référence en France",votre média immobilier,https://espaceimmobiliersanary.fr/g5l3i9n5t8e5d75319.phtml,2026-09-30
espaceimmobiliersanary.fr,"Espace Immo, votre média immobilier de référence en France",votre média immobilier,https://espaceimmobiliersanary.fr/g5r1a9v1i6d778685.phtml,2026-09-30
espaceimmobiliersanary.fr,"Espace Immo, votre média immobilier de référence en France",votre média immobilier,https://espaceimmobiliersanary.fr/g5r6i0s2t942558.phtml,2026-09-30
espaceimmobiliersanary.fr,"Espace Immo, votre média immobilier de référence en France",votre média immobilier,https://espaceimmobiliersanary.fr/g6a1z4e0t3t1e18125.phtml,2026-09-30
espaceimmobiliersanary.fr,"Espace Immo, votre média immobilier de référence en France",votre média immobilier,https://espaceimmobiliersanary.fr/g6a3b5i6o7n1e9d539.phtml,2026-09-30
espaceimmobiliersanary.fr,"Espace Immo, votre média immobilier de référence en France",votre média immobilier,https://espaceimmobiliersanary.fr/g6l3o2r0i7f0y8i1n1g47.phtml,2026-09-30
espaceimmobiliersanary.fr,"Espace Immo, votre média immobilier de référence en France",votre média immobilier,https://espaceimmobiliersanary.fr/g6r1a5n8e9909864.phtml,2026-09-30
espaceimmobiliersanary.fr,"Espace Immo, votre média immobilier de référence en France",votre média immobilier,https://espaceimmobiliersanary.fr/g6r1u8n1g4y81967.phtml,2026-09-30
espaceimmobiliersanary.fr,"Espace Immo, votre média immobilier de référence en France",votre média immobilier,https://espaceimmobiliersanary.fr/g6u2t2t7u6r5i0n5e201.phtml,2026-09-30
espaceimmobiliersanary.fr,"Espace Immo, votre média immobilier de référence en France",votre média immobilier,https://espaceimmobiliersanary.fr/g7a4l1l4i5n3a6c7e0a90.phtml,2026-09-30
espaceimmobiliersanary.fr,"Espace Immo, votre média immobilier de référence en France",votre média immobilier,https://espaceimmobiliersanary.fr/g7a4n1g0l8i9a3t6e018.phtml,2026-09-30
espaceimmobiliersanary.fr,"Espace Immo, votre média immobilier de référence en France",votre média immobilier,https://espaceimmobiliersanary.fr/g7e2o9g5r8a1p6h3i1c36.phtml,2026-09-30
espaceimmobiliersanary.fr,"Espace Immo, votre média immobilier de référence en France",votre média immobilier,https://espaceimmobiliersanary.fr/g7r3a3v0e2l8l5i1n9e3ss.phtml,2026-09-30
espaceimmobiliersanary.fr,"Espace Immo, votre média immobilier de référence en France",votre média immobilier,https://espaceimmobiliersanary.fr/g8e5n0i3e869255.phtml,2026-09-30
espaceimmobiliersanary.fr,"Espace Immo, votre média immobilier de référence en France",votre média immobilier,https://espaceimmobiliersanary.fr/g8r4a1b4b0l6e14779.phtml,2026-09-30
espaceimmobiliersanary.fr,"Espace Immo, votre média immobilier de référence en France",votre média immobilier,https://espaceimmobiliersanary.fr/g8r4o0u5t2h1e6a9d206.phtml,2026-09-30
espaceimmobiliersanary.fr,"Espace Immo, votre média immobilier de référence en France",votre média immobilier,https://espaceimmobiliersanary.fr/g9a1z6e4t9t6e86454.phtml,2026-09-30
espaceimmobiliersanary.fr,"Espace Immo, votre média immobilier de référence en France",votre média immobilier,https://espaceimmobiliersanary.fr/g9e1n7i4t4o5r37848.phtml,2026-09-30
espaceimmobiliersanary.fr,"Espace Immo, votre média immobilier de référence en France",votre média immobilier,https://espaceimmobiliersanary.fr/g9l5i3n2t3e8d2457.phtml,2026-09-30
espaceimmobiliersanary.fr,"Espace Immo, votre média immobilier de référence en France",votre média immobilier,https://espaceimmobiliersanary.fr/g9o1s5s0i2p676406.phtml,2026-09-30
espaceimmobiliersanary.fr,,,https://espaceimmobiliersanary.fr/g9u3i0n8n9e0s0s6358.phtml,2026-09-30
espaceimmobiliersanary.fr,,,https://espaceimmobiliersanary.fr/g9u7s2h8i1n4g8l4y32.phtml,2026-09-30
espaceimmobiliersanary.fr,,,https://espaceimmobiliersanary.fr/h0e1n7o4g2e1n1e3s6i6s6.phtml,2026-09-30
espaceimmobiliersanary.fr,,,https://espaceimmobiliersanary.fr/h0e2r3n2a5n8d6i8a245.phtml,2026-09-30
espaceimmobiliersanary.fr,,,https://espaceimmobiliersanary.fr/h0i1s2t5o6r5i7e5r542.phtml,2026-09-30
espaceimmobiliersanary.fr,,,https://espaceimmobiliersanary.fr/h0u3t7c6h2624300.phtml,2026-09-30
espaceimmobiliersanary.fr,,,https://espaceimmobiliersanary.fr/h0y1d6r2a8s7t9i1n1e88.phtml,2026-09-30
espaceimmobiliersanary.fr,,,https://espaceimmobiliersanary.fr/h1a3r7l6o9t8r0y0793.phtml,2026-09-30
espaceimmobiliersanary.fr,,,https://espaceimmobiliersanary.fr/h1e1l0i6c5i1n1e9051.phtml,2026-09-30
espaceimmobiliersanary.fr,,,https://espaceimmobiliersanary.fr/h1e2m2a1t7o3t1h3e4rmal.phtml,2026-09-30
espaceimmobiliersanary.fr,,,https://espaceimmobiliersanary.fr/h1e2r1e6a1f4t1e3r8w2ard.phtml,2026-09-30
espaceimmobiliersanary.fr,,,https://espaceimmobiliersanary.fr/h1e2r8r8i3n3g1b8o2n2e1.phtml,2026-09-30
espaceimmobiliersanary.fr,,,https://espaceimmobiliersanary.fr/h1e6n5n0e2s72154.phtml,2026-09-30
espaceimmobiliersanary.fr,,,https://espaceimmobiliersanary.fr/h1e9x4a4h6e2m0e0r8o0n.phtml,2026-09-30
espaceimmobiliersanary.fr,,,https://espaceimmobiliersanary.fr/h1o3l7o5s4t4r2a0c7a68.phtml,2026-09-30
espaceimmobiliersanary.fr,,,https://espaceimmobiliersanary.fr/h2a2l2t2e8r3e0d8832.phtml,2026-09-30
espaceimmobiliersanary.fr,,,https://espaceimmobiliersanary.fr/h2a3s1t8a0t3a84994.phtml,2026-09-30
espaceimmobiliersanary.fr,,,https://espaceimmobiliersanary.fr/h2a4l1s7i6n2g59066.phtml,2026-09-30
espaceimmobiliersanary.fr,,,https://espaceimmobiliersanary.fr/h2e3r2n2a6n3d4i7a494.phtml,2026-09-30
espaceimmobiliersanary.fr,,,https://espaceimmobiliersanary.fr/h2u3m5a9t9i7o4n9201.phtml,2026-09-30
espaceimmobiliersanary.fr,,,https://espaceimmobiliersanary.fr/h2y2m6e1n750046.phtml,2026-09-30
espaceimmobiliersanary.fr,,,https://espaceimmobiliersanary.fr/h2y3d3r3o9m6e6c9h9a5n6ics.phtml,2026-09-30
espaceimmobiliersanary.fr,,,https://espaceimmobiliersanary.fr/h3e2r7n7a3n7d6i3a198.phtml,2026-09-30
espaceimmobiliersanary.fr,,,https://espaceimmobiliersanary.fr/h3o1o1c1h830774.phtml,2026-09-30
espaceimmobiliersanary.fr,,,https://espaceimmobiliersanary.fr/h3o3r7s4e6c2a9r1t752.phtml,2026-09-30
espaceimmobiliersanary.fr,,,https://espaceimmobiliersanary.fr/h3u3n8g8e1r9b1i1t156.phtml,2026-09-30
espaceimmobiliersanary.fr,,,https://espaceimmobiliersanary.fr/h3y1p6o6c3i8s7t5i7s2.phtml,2026-09-30
espaceimmobiliersanary.fr,,,https://espaceimmobiliersanary.fr/h3y8d6r8a7s2t6i5n8e9.phtml,2026-09-30
espaceimmobiliersanary.fr,,,https://espaceimmobiliersanary.fr/h4a3e4m4a9p9o4d4990.phtml,2026-09-30
espaceimmobiliersanary.fr,,,https://espaceimmobiliersanary.fr/h4e3l4i5c9i1n7e1028.phtml,2026-09-30
espaceimmobiliersanary.fr,,,https://espaceimmobiliersanary.fr/h4o1a7r5s5e0r45638.phtml,2026-09-30
espaceimmobiliersanary.fr,,,https://espaceimmobiliersanary.fr/h4o4l0o0s9t3r7a7c7a05.phtml,2026-09-30
espaceimmobiliersanary.fr,,,https://espaceimmobiliersanary.fr/h4y1m1e6n9569327.phtml,2026-09-30
espaceimmobiliersanary.fr,,,https://espaceimmobiliersanary.fr/h5a2e7m9a7p0o8d2646.phtml,2026-09-30
espaceimmobiliersanary.fr,,,https://espaceimmobiliersanary.fr/h5a2l3s4i2n4g52627.phtml,2026-09-30
espaceimmobiliersanary.fr,,,https://espaceimmobiliersanary.fr/h5e2b0r1i8d5e0a1n556.phtml,2026-09-30
espaceimmobiliersanary.fr,,,https://espaceimmobiliersanary.fr/h5e2l2i8o1t0r9o3p9i7s3m.phtml,2026-09-30
espaceimmobiliersanary.fr,,,https://espaceimmobiliersanary.fr/h5i1s4t0o4r3i3e0r224.phtml,2026-09-30
espaceimmobiliersanary.fr,,,https://espaceimmobiliersanary.fr/h5o5t8s4p9u8r2538.phtml,2026-09-30
espaceimmobiliersanary.fr,,,https://espaceimmobiliersanary.fr/h5u3m7a8t6i5o4n8698.phtml,2026-09-30
espaceimmobiliersanary.fr,,,https://espaceimmobiliersanary.fr/h6o1n5k0e3r888505.phtml,2026-09-30
espaceimmobiliersanary.fr,,,https://espaceimmobiliersanary.fr/h6o3m4u5n7c9u5l8i945.phtml,2026-09-30
espaceimmobiliersanary.fr,,,https://espaceimmobiliersanary.fr/h6y1g0e0i2s7t6623.phtml,2026-09-30
espaceimmobiliersanary.fr,,,https://espaceimmobiliersanary.fr/h7a2l1f7h8o5l5i5d0a2y2.phtml,2026-09-30
espaceimmobiliersanary.fr,,,https://espaceimmobiliersanary.fr/h7a2l3t7e7r1e1d2058.phtml,2026-09-30
espaceimmobiliersanary.fr,,,https://espaceimmobiliersanary.fr/h7e1r6i3e3379976.phtml,2026-09-30
espaceimmobiliersanary.fr,,,https://espaceimmobiliersanary.fr/h7e3l3l6o9513388.phtml,2026-09-30
espaceimmobiliersanary.fr,,,https://espaceimmobiliersanary.fr/h7e3r6r3i8n9g6b0o6n4e.phtml,2026-09-30
espaceimmobiliersanary.fr,,,https://espaceimmobiliersanary.fr/h8e1b9r2i0d3e5a1n65.phtml,2026-09-30
espaceimmobiliersanary.fr,,,https://espaceimmobiliersanary.fr/h8e1l4i5o3t9r2o0p5i1s1m.phtml,2026-09-30
espaceimmobiliersanary.fr,,,https://espaceimmobiliersanary.fr/h8e1m2a0t4o6t2h4e7r6m1al.phtml,2026-09-30
espaceimmobiliersanary.fr,,,https://espaceimmobiliersanary.fr/h8e1n0o6g2e6n9e4s8i3s7.phtml,2026-09-30
espaceimmobiliersanary.fr,,,https://espaceimmobiliersanary.fr/h8e2m3i7a0l3b6u6m4o8se.phtml,2026-09-30
espaceimmobiliersanary.fr,,,https://espaceimmobiliersanary.fr/h8i1s6t5o0r8i9e8r553.phtml,2026-09-30
espaceimmobiliersanary.fr,,,https://espaceimmobiliersanary.fr/h8o6r0s5e7c1a2r0t98.phtml,2026-09-30
espaceimmobiliersanary.fr,,,https://espaceimmobiliersanary.fr/h8u3n9g6e3r6b0i5t550.phtml,2026-09-30
espaceimmobiliersanary.fr,,,https://espaceimmobiliersanary.fr/h9i3s3t4o6r8i4e6r481.phtml,2026-09-30
espaceimmobiliersanary.fr,,,https://espaceimmobiliersanary.fr/h9o3n5e1y5b8a9g2432.phtml,2026-09-30
espaceimmobiliersanary.fr,,,https://espaceimmobiliersanary.fr/h9u4t8c4h186088.phtml,2026-09-30
espaceimmobiliersanary.fr,,,https://espaceimmobiliersanary.fr/h9y1o7s7c5y1a7m0i2a32.phtml,2026-09-30
espaceimmobiliersanary.fr,,,https://espaceimmobiliersanary.fr/i0d2i5o2s4y4n2c5r3a1s3ies.phtml,2026-09-30
espaceimmobiliersanary.fr,,,https://espaceimmobiliersanary.fr/i0m1p3e5r2d7i5b7i1l6i6ty.phtml,2026-09-30
espaceimmobiliersanary.fr,,,https://espaceimmobiliersanary.fr/i0m2p1u7t9a7t6i7v1e21.phtml,2026-09-30
espaceimmobiliersanary.fr,,,https://espaceimmobiliersanary.fr/i0n1c0o4m5p9l4e6t9e3l2y.phtml,2026-09-30
espaceimmobiliersanary.fr,,,https://espaceimmobiliersanary.fr/i0n2o4c9u2l9a7t6e8d49.phtml,2026-09-30
espaceimmobiliersanary.fr,,,https://espaceimmobiliersanary.fr/i0n3d2e6n5t3i6n6g303.phtml,2026-09-30
espaceimmobiliersanary.fr,,,https://espaceimmobiliersanary.fr/i1m1p3a9i3r7e7d7026.phtml,2026-09-30
espaceimmobiliersanary.fr,,,https://espaceimmobiliersanary.fr/i1n2v8e5r6t2e9b0r5a2te.phtml,2026-09-30
espaceimmobiliersanary.fr,,,https://espaceimmobiliersanary.fr/i1n3j1e6c2t5i2n1g059.phtml,2026-09-30
espaceimmobiliersanary.fr,,,https://espaceimmobiliersanary.fr/i1n5f8u5m1e4d6077.phtml,2026-09-30
espaceimmobiliersanary.fr,,,https://espaceimmobiliersanary.fr/i1p1o2m5a3e0a35346.phtml,2026-09-30
espaceimmobiliersanary.fr,,,https://espaceimmobiliersanary.fr/i1s6o1n2i6t2r8o9s8o3.phtml,2026-09-30
espaceimmobiliersanary.fr,"Espace Immo, votre média immobilier de référence en France",votre média immobilier,https://espaceimmobiliersanary.fr/i2b3u5p3r6o9f5e1n205.phtml,2026-09-30
espaceimmobiliersanary.fr,"Espace Immo, votre média immobilier de référence en France",votre média immobilier,https://espaceimmobiliersanary.fr/i2c1h9o0r4o0u1s2403.phtml,2026-09-30
espaceimmobiliersanary.fr,"Espace Immo, votre média immobilier de référence en France",votre média immobilier,https://espaceimmobiliersanary.fr/i2m1i8d4o9455605.phtml,2026-09-30
espaceimmobiliersanary.fr,"Espace Immo, votre média immobilier de référence en France",votre média immobilier,https://espaceimmobiliersanary.fr/i2n3c5o7m2p8a2s2s7i5o1nate.phtml,2026-09-30
espaceimmobiliersanary.fr,"Espace Immo, votre média immobilier de référence en France",votre média immobilier,https://espaceimmobiliersanary.fr/i2n3i8t3i4a1l5708.phtml,2026-09-30
espaceimmobiliersanary.fr,"Espace Immo, votre média immobilier de référence en France",votre média immobilier,https://espaceimmobiliersanary.fr/i2n3t8e1r0m8i2t0t6i6n9g.phtml,2026-09-30
espaceimmobiliersanary.fr,"Espace Immo, votre média immobilier de référence en France",votre média immobilier,https://espaceimmobiliersanary.fr/i2n9c5o0n5c8o4c4t7e4d.phtml,2026-09-30
espaceimmobiliersanary.fr,"Espace Immo, votre média immobilier de référence en France",votre média immobilier,https://espaceimmobiliersanary.fr/i2r3e0n5a4737693.phtml,2026-09-30
espaceimmobiliersanary.fr,"Espace Immo, votre média immobilier de référence en France",votre média immobilier,https://espaceimmobiliersanary.fr/i3m1p4e3r1t8u1r3b1a3t0ion.phtml,2026-09-30
espaceimmobiliersanary.fr,"Espace Immo, votre média immobilier de référence en France",votre média immobilier,https://espaceimmobiliersanary.fr/i3m1p6e6r6d4i3b4i3l5i9ty.phtml,2026-09-30
espaceimmobiliersanary.fr,"Espace Immo, votre média immobilier de référence en France",votre média immobilier,https://espaceimmobiliersanary.fr/i3m5p7a5r8t0i4a9l78.phtml,2026-09-30
espaceimmobiliersanary.fr,"Espace Immo, votre média immobilier de référence en France",votre média immobilier,https://espaceimmobiliersanary.fr/i3n1v3e2r7t6e6b6r0a6t1e.phtml,2026-09-30
espaceimmobiliersanary.fr,"Espace Immo, votre média immobilier de référence en France",votre média immobilier,https://espaceimmobiliersanary.fr/i3n2a9d1v2e1r7t6e7n6t5.phtml,2026-09-30
espaceimmobiliersanary.fr,"Espace Immo, votre média immobilier de référence en France",votre média immobilier,https://espaceimmobiliersanary.fr/i3n2o8c0u6l6a5t4e0d42.phtml,2026-09-30
espaceimmobiliersanary.fr,"Espace Immo, votre média immobilier de référence en France",votre média immobilier,https://espaceimmobiliersanary.fr/i3n2t4e9r8s7e7t7720.phtml,2026-09-30
espaceimmobiliersanary.fr,"Espace Immo, votre média immobilier de référence en France",votre média immobilier,https://espaceimmobiliersanary.fr/i3n2w4a4r2d0b1o0u9n4d0.phtml,2026-09-30
espaceimmobiliersanary.fr,"Espace Immo, votre média immobilier de référence en France",votre média immobilier,https://espaceimmobiliersanary.fr/i3n3a4c9c1e1s7s9i0b3l4eness.phtml,2026-09-30
espaceimmobiliersanary.fr,"Espace Immo, votre média immobilier de référence en France",votre média immobilier,https://espaceimmobiliersanary.fr/i3n9c0o4r5p9o8r1a0t3ive.phtml,2026-09-30
espaceimmobiliersanary.fr,"Espace Immo, votre média immobilier de référence en France",votre média immobilier,https://espaceimmobiliersanary.fr/i3p2o1m5a2e4a66018.phtml,2026-09-30
espaceimmobiliersanary.fr,"Espace Immo, votre média immobilier de référence en France",votre média immobilier,https://espaceimmobiliersanary.fr/i3r1r6a7d2i2a3t5i2n6g2.phtml,2026-09-30
espaceimmobiliersanary.fr,"Espace Immo, votre média immobilier de référence en France",votre média immobilier,https://espaceimmobiliersanary.fr/i4b1u5p0r8o5f1e7n66.phtml,2026-09-30
espaceimmobiliersanary.fr,"Espace Immo, votre média immobilier de référence en France",votre média immobilier,https://espaceimmobiliersanary.fr/i4n1i2t9i1a2l34989.phtml,2026-09-30
espaceimmobiliersanary.fr,"Espace Immo, votre média immobilier de référence en France",votre média immobilier,https://espaceimmobiliersanary.fr/i4n1w7a8r8d1b0o0u0n2d1.phtml,2026-09-30
espaceimmobiliersanary.fr,"Espace Immo, votre média immobilier de référence en France",votre média immobilier,https://espaceimmobiliersanary.fr/i4n2a4d9e8q9u4a1t2i5o9n.phtml,2026-09-30
espaceimmobiliersanary.fr,"Espace Immo, votre média immobilier de référence en France",votre média immobilier,https://espaceimmobiliersanary.fr/i4n2v4o2c3a0t9i8o4n45.phtml,2026-09-30
espaceimmobiliersanary.fr,"Espace Immo, votre média immobilier de référence en France",votre média immobilier,https://espaceimmobiliersanary.fr/i4n3c6e0r5a7t1i3o6n11.phtml,2026-09-30
espaceimmobiliersanary.fr,"Espace Immo, votre média immobilier de référence en France",votre média immobilier,https://espaceimmobiliersanary.fr/i4n3d5i3s4s7o8l6v6a1b5leness.phtml,2026-09-30
espaceimmobiliersanary.fr,"Espace Immo, votre média immobilier de référence en France",votre média immobilier,https://espaceimmobiliersanary.fr/i4r3i6s0h3i5s5m852.phtml,2026-09-30
espaceimmobiliersanary.fr,"Espace Immo, votre média immobilier de référence en France",votre média immobilier,https://espaceimmobiliersanary.fr/i4r3r3a0d0i0a2t5i7n1g8.phtml,2026-09-30
espaceimmobiliersanary.fr,"Espace Immo, votre média immobilier de référence en France",votre média immobilier,https://espaceimmobiliersanary.fr/i5d2i6o6s3y7n9c1r3a7s1ies.phtml,2026-09-30
espaceimmobiliersanary.fr,"Espace Immo, votre média immobilier de référence en France",votre média immobilier,https://espaceimmobiliersanary.fr/i5m1p5o5r3t4u7n8a7b9l2e.phtml,2026-09-30
espaceimmobiliersanary.fr,"Espace Immo, votre média immobilier de référence en France",votre média immobilier,https://espaceimmobiliersanary.fr/i5m2p9r3o1v8i5n9g932.phtml,2026-09-30
espaceimmobiliersanary.fr,,,https://espaceimmobiliersanary.fr/i5m4p1a0r9t3i0a9l95.phtml,2026-09-30
espaceimmobiliersanary.fr,,,https://espaceimmobiliersanary.fr/i5n2c7o0n3s8i8s4t7i7n8g.phtml,2026-09-30
espaceimmobiliersanary.fr,,,https://espaceimmobiliersanary.fr/i5n3t1e8r4m9i7t3t7i6n6g.phtml,2026-09-30
espaceimmobiliersanary.fr,,,https://espaceimmobiliersanary.fr/i5n4s1c1r0i1p4t8i1b0l1e.phtml,2026-09-30
espaceimmobiliersanary.fr,,,https://espaceimmobiliersanary.fr/i5n4t0e7r4b0r2e8e7d.phtml,2026-09-30
espaceimmobiliersanary.fr,,,https://espaceimmobiliersanary.fr/i5n7j2u9d7i5c5i2o0usness.phtml,2026-09-30
espaceimmobiliersanary.fr,,,https://espaceimmobiliersanary.fr/i6l2l4a9m4p1u88932.phtml,2026-09-30
espaceimmobiliersanary.fr,,,https://espaceimmobiliersanary.fr/i6m8p3e9r2d6i0b8i9l6ity.phtml,2026-09-30
espaceimmobiliersanary.fr,,,https://espaceimmobiliersanary.fr/i6n1d4o3m6e7t5h2a5c7in.phtml,2026-09-30
espaceimmobiliersanary.fr,,,https://espaceimmobiliersanary.fr/i6n2j2e2c8t1i4n5g309.phtml,2026-09-30
espaceimmobiliersanary.fr,,,https://espaceimmobiliersanary.fr/i6n3a8c0c4e8s5s6i2b4l3eness.phtml,2026-09-30
espaceimmobiliersanary.fr,,,https://espaceimmobiliersanary.fr/i6n6c5o7n2c8e5a1l4a0ble.phtml,2026-09-30
espaceimmobiliersanary.fr,,,https://espaceimmobiliersanary.fr/i6n6t8e3r8f6u7l3g2ent.phtml,2026-09-30
espaceimmobiliersanary.fr,,,https://espaceimmobiliersanary.fr/i6p1o4m0a0e7a90012.phtml,2026-09-30
espaceimmobiliersanary.fr,,,https://espaceimmobiliersanary.fr/i7c2h0o4r3o3u7s8477.phtml,2026-09-30
espaceimmobiliersanary.fr,,,https://espaceimmobiliersanary.fr/i7d2e0a3t5i4o1n2a9l84.phtml,2026-09-30
espaceimmobiliersanary.fr,,,https://espaceimmobiliersanary.fr/i7l1l7f9a3m9e0d0924.phtml,2026-09-30
espaceimmobiliersanary.fr,,,https://espaceimmobiliersanary.fr/i7n1t1u6i6t0i2v9e1l1y5.phtml,2026-09-30
espaceimmobiliersanary.fr,,,https://espaceimmobiliersanary.fr/i7n4c0o3g9n1i8t0o09.phtml,2026-09-30
espaceimmobiliersanary.fr,,,https://espaceimmobiliersanary.fr/i7n4c2a1u8t6i5o4u5s4n8ess.phtml,2026-09-30
espaceimmobiliersanary.fr,,,https://espaceimmobiliersanary.fr/i7n4s2e2a8m177466.phtml,2026-09-30
espaceimmobiliersanary.fr,,,https://espaceimmobiliersanary.fr/i7n5t2e3r0v4e1n3u7e4.phtml,2026-09-30
espaceimmobiliersanary.fr,,,https://espaceimmobiliersanary.fr/i7r6i0s6h9i2s4m181.phtml,2026-09-30
espaceimmobiliersanary.fr,,,https://espaceimmobiliersanary.fr/i8b3u1p6r6o0f6e1n271.phtml,2026-09-30
espaceimmobiliersanary.fr,,,https://espaceimmobiliersanary.fr/i8m1p3o9o2n564927.phtml,2026-09-30
espaceimmobiliersanary.fr,,,https://espaceimmobiliersanary.fr/i8m7p2a3r5t5i9a6l44.phtml,2026-09-30
espaceimmobiliersanary.fr,,,https://espaceimmobiliersanary.fr/i8n1c2r9y0s0t2a2l8l7i4zable.phtml,2026-09-30
espaceimmobiliersanary.fr,,,https://espaceimmobiliersanary.fr/i8n1c9o4n3s8i2s0t1i6n4g.phtml,2026-09-30
espaceimmobiliersanary.fr,,,https://espaceimmobiliersanary.fr/i8n1d1o8m5e7t1h2a2c6i6n.phtml,2026-09-30
espaceimmobiliersanary.fr,,,https://espaceimmobiliersanary.fr/i8n2a8d5v8e6r0t4e8n2t3.phtml,2026-09-30
espaceimmobiliersanary.fr,,,https://espaceimmobiliersanary.fr/i8n2e9x2p8e3c1t9a7t0i4on.phtml,2026-09-30
espaceimmobiliersanary.fr,,,https://espaceimmobiliersanary.fr/i8n2t6e4r6s5e3t2402.phtml,2026-09-30
espaceimmobiliersanary.fr,,,https://espaceimmobiliersanary.fr/i8n4j0e7c5t4i8n8g686.phtml,2026-09-30
espaceimmobiliersanary.fr,,,https://espaceimmobiliersanary.fr/i9m1p7a7r6t5i4b5i8l7i0ty.phtml,2026-09-30
espaceimmobiliersanary.fr,,,https://espaceimmobiliersanary.fr/i9m3p5r3o2v1i9n8g910.phtml,2026-09-30
espaceimmobiliersanary.fr,,,https://espaceimmobiliersanary.fr/i9n1c9o1m8p7a1s6s2i6onate.phtml,2026-09-30
espaceimmobiliersanary.fr,,,https://espaceimmobiliersanary.fr/i9n1c9u1l3p1a4b2l3e7n2ess.phtml,2026-09-30
espaceimmobiliersanary.fr,,,https://espaceimmobiliersanary.fr/i9n1w9a3r5d8b5o4u7n0d3.phtml,2026-09-30
espaceimmobiliersanary.fr,,,https://espaceimmobiliersanary.fr/i9n2a5d9v5e8r5t4e5n6t.phtml,2026-09-30
espaceimmobiliersanary.fr,,,https://espaceimmobiliersanary.fr/i9n3n7o6v7a2t1o3r088.phtml,2026-09-30
espaceimmobiliersanary.fr,,,https://espaceimmobiliersanary.fr/i9r1r0a8t3i3o3n6a8l2l2y.phtml,2026-09-30
espaceimmobiliersanary.fr,,,https://espaceimmobiliersanary.fr/i9r4e1n0a2971592.phtml,2026-09-30
espaceimmobiliersanary.fr,,,https://espaceimmobiliersanary.fr/j0e6w3e1l9e2r9s94.phtml,2026-09-30
espaceimmobiliersanary.fr,,,https://espaceimmobiliersanary.fr/j0o3h2n6s7o5n3e0s8e93.phtml,2026-09-30
espaceimmobiliersanary.fr,,,https://espaceimmobiliersanary.fr/j1o1i5n7t6w0o2r7m600.phtml,2026-09-30
espaceimmobiliersanary.fr,,,https://espaceimmobiliersanary.fr/j1o2h8n1s5o9n9e5s1e41.phtml,2026-09-30
espaceimmobiliersanary.fr,,,https://espaceimmobiliersanary.fr/j1o4l5l1y9h5e0a8d55.phtml,2026-09-30
espaceimmobiliersanary.fr,,,https://espaceimmobiliersanary.fr/j2a9s9o1n6i0a4d3e5s0.phtml,2026-09-30
espaceimmobiliersanary.fr,,,https://espaceimmobiliersanary.fr/j2o4l2l9y4h3e3a3d855.phtml,2026-09-30
espaceimmobiliersanary.fr,,,https://espaceimmobiliersanary.fr/j3e3w5e3l9e3r7s5419.phtml,2026-09-30
espaceimmobiliersanary.fr,,,https://espaceimmobiliersanary.fr/j3e5w8e6l3e5d8176.phtml,2026-09-30
espaceimmobiliersanary.fr,,,https://espaceimmobiliersanary.fr/j4e3w1s1s1t7o1n8e689.phtml,2026-09-30
espaceimmobiliersanary.fr,,,https://espaceimmobiliersanary.fr/j4o8l9l8y7h9e7a2d32.phtml,2026-09-30
espaceimmobiliersanary.fr,,,https://espaceimmobiliersanary.fr/j5e4w1e3l0e9d5601.phtml,2026-09-30
espaceimmobiliersanary.fr,,,https://espaceimmobiliersanary.fr/j5o5b4b5e1r7y4777.phtml,2026-09-30
espaceimmobiliersanary.fr,,,https://espaceimmobiliersanary.fr/j6u6d3a6i3z8i9n8g90.phtml,2026-09-30
espaceimmobiliersanary.fr,,,https://espaceimmobiliersanary.fr/j7a3i3l9b0i1r9d143.phtml,2026-09-30
espaceimmobiliersanary.fr,,,https://espaceimmobiliersanary.fr/j7o3l2l9y2h8e4a9d209.phtml,2026-09-30
espaceimmobiliersanary.fr,,,https://espaceimmobiliersanary.fr/j7u3d5g3e8m1a6d3e304.phtml,2026-09-30
espaceimmobiliersanary.fr,,,https://espaceimmobiliersanary.fr/j8e3w6e7l8e7r4s1461.phtml,2026-09-30
espaceimmobiliersanary.fr,,,https://espaceimmobiliersanary.fr/j8o1l4l9y9h1e3a6d210.phtml,2026-09-30
espaceimmobiliersanary.fr,,,https://espaceimmobiliersanary.fr/j8u3d2a7i8z6i0n9g95.phtml,2026-09-30
espaceimmobiliersanary.fr,,,https://espaceimmobiliersanary.fr/k0a2i2r0i4n2e02583.phtml,2026-09-30
espaceimmobiliersanary.fr,,,https://espaceimmobiliersanary.fr/k0a8a4b5e0h61767.phtml,2026-09-30
espaceimmobiliersanary.fr,,,https://espaceimmobiliersanary.fr/k0e2r9a3t3o0d7e2031.phtml,2026-09-30
espaceimmobiliersanary.fr,,,https://espaceimmobiliersanary.fr/k0i3r9k2e8d946103.phtml,2026-09-30
espaceimmobiliersanary.fr,,,https://espaceimmobiliersanary.fr/k0n3a3g7g8y07044.phtml,2026-09-30
espaceimmobiliersanary.fr,,,https://espaceimmobiliersanary.fr/k2r4u5m4m9h2o5r8n2.phtml,2026-09-30
espaceimmobiliersanary.fr,,,https://espaceimmobiliersanary.fr/k2u2m0i2s1089293.phtml,2026-09-30
espaceimmobiliersanary.fr,,,https://espaceimmobiliersanary.fr/k3i4t9b0a1g50514.phtml,2026-09-30
espaceimmobiliersanary.fr,,,https://espaceimmobiliersanary.fr/k3i9o3s1k00114.phtml,2026-09-30
espaceimmobiliersanary.fr,,,https://espaceimmobiliersanary.fr/k4a4y1l0e4s347230.phtml,2026-09-30
espaceimmobiliersanary.fr,"Espace Immo, votre média immobilier de référence en France",votre média immobilier,https://espaceimmobiliersanary.fr/k4i4r3k4e5d95801.phtml,2026-09-30
espaceimmobiliersanary.fr,"Espace Immo, votre média immobilier de référence en France",votre média immobilier,https://espaceimmobiliersanary.fr/k4n1o4p1p6e7r4n206.phtml,2026-09-30
espaceimmobiliersanary.fr,"Espace Immo, votre média immobilier de référence en France",votre média immobilier,https://espaceimmobiliersanary.fr/k5i1t2b5a5g363443.phtml,2026-09-30
espaceimmobiliersanary.fr,"Espace Immo, votre média immobilier de référence en France",votre média immobilier,https://espaceimmobiliersanary.fr/k5i5n2g5s2t0o5n964.phtml,2026-09-30
espaceimmobiliersanary.fr,"Espace Immo, votre média immobilier de référence en France",votre média immobilier,https://espaceimmobiliersanary.fr/k5r3u7m1m4h6o1r3n007.phtml,2026-09-30
espaceimmobiliersanary.fr,"Espace Immo, votre média immobilier de référence en France",votre média immobilier,https://espaceimmobiliersanary.fr/k7i2o8s3k9874147.phtml,2026-09-30
espaceimmobiliersanary.fr,"Espace Immo, votre média immobilier de référence en France",votre média immobilier,https://espaceimmobiliersanary.fr/k8a1i5r2i4n7e83787.phtml,2026-09-30
espaceimmobiliersanary.fr,"Espace Immo, votre média immobilier de référence en France",votre média immobilier,https://espaceimmobiliersanary.fr/k8e2v5e3d9961119.phtml,2026-09-30
espaceimmobiliersanary.fr,"Espace Immo, votre média immobilier de référence en France",votre média immobilier,https://espaceimmobiliersanary.fr/l0a1k0e2f7r4o7n5t864.phtml,2026-09-30
espaceimmobiliersanary.fr,"Espace Immo, votre média immobilier de référence en France",votre média immobilier,https://espaceimmobiliersanary.fr/l0a1n2d7l3o3r2d3447.phtml,2026-09-30
espaceimmobiliersanary.fr,"Espace Immo, votre média immobilier de référence en France",votre média immobilier,https://espaceimmobiliersanary.fr/l0a1q1u6e3a6r04901.phtml,2026-09-30
espaceimmobiliersanary.fr,"Espace Immo, votre média immobilier de référence en France",votre média immobilier,https://espaceimmobiliersanary.fr/l0a1w5e9r1121979.phtml,2026-09-30
espaceimmobiliersanary.fr,"Espace Immo, votre média immobilier de référence en France",votre média immobilier,https://espaceimmobiliersanary.fr/l0a3m2m6e8r7g4e2i9r92.phtml,2026-09-30
espaceimmobiliersanary.fr,"Espace Immo, votre média immobilier de référence en France",votre média immobilier,https://espaceimmobiliersanary.fr/l0e2g3g8e1d864385.phtml,2026-09-30
espaceimmobiliersanary.fr,"Espace Immo, votre média immobilier de référence en France",votre média immobilier,https://espaceimmobiliersanary.fr/l0e2t9h1e6a7n65553.phtml,2026-09-30
espaceimmobiliersanary.fr,"Espace Immo, votre média immobilier de référence en France",votre média immobilier,https://espaceimmobiliersanary.fr/l0i1g3n5i1f3i8c1a5t2i8on.phtml,2026-09-30
espaceimmobiliersanary.fr,"Espace Immo, votre média immobilier de référence en France",votre média immobilier,https://espaceimmobiliersanary.fr/l0i2e3v0e3760896.phtml,2026-09-30
espaceimmobiliersanary.fr,"Espace Immo, votre média immobilier de référence en France",votre média immobilier,https://espaceimmobiliersanary.fr/l0i2q6u1e8f0y19200.phtml,2026-09-30
espaceimmobiliersanary.fr,"Espace Immo, votre média immobilier de référence en France",votre média immobilier,https://espaceimmobiliersanary.fr/l0u1s0c6u8s659263.phtml,2026-09-30
espaceimmobiliersanary.fr,"Espace Immo, votre média immobilier de référence en France",votre média immobilier,https://espaceimmobiliersanary.fr/l0u2n8e8t8511943.phtml,2026-09-30
espaceimmobiliersanary.fr,"Espace Immo, votre média immobilier de référence en France",votre média immobilier,https://espaceimmobiliersanary.fr/l1i3b5a1t3i7o2n7842.phtml,2026-09-30
espaceimmobiliersanary.fr,"Espace Immo, votre média immobilier de référence en France",votre média immobilier,https://espaceimmobiliersanary.fr/l1i3e1f4s6o7m7e4139.phtml,2026-09-30
espaceimmobiliersanary.fr,"Espace Immo, votre média immobilier de référence en France",votre média immobilier,https://espaceimmobiliersanary.fr/l1i3g8h5t5f0u5l1480.phtml,2026-09-30
espaceimmobiliersanary.fr,"Espace Immo, votre média immobilier de référence en France",votre média immobilier,https://espaceimmobiliersanary.fr/l1i3m2i2t7o7u2r3132.phtml,2026-09-30
espaceimmobiliersanary.fr,"Espace Immo, votre média immobilier de référence en France",votre média immobilier,https://espaceimmobiliersanary.fr/l1i6v3e1r8i0n1g102.phtml,2026-09-30
espaceimmobiliersanary.fr,"Espace Immo, votre média immobilier de référence en France",votre média immobilier,https://espaceimmobiliersanary.fr/l1o3g0o8g4r2a0p3h3i7c0.phtml,2026-09-30
espaceimmobiliersanary.fr,"Espace Immo, votre média immobilier de référence en France",votre média immobilier,https://espaceimmobiliersanary.fr/l1u2n0e0t08544.phtml,2026-09-30
espaceimmobiliersanary.fr,"Espace Immo, votre média immobilier de référence en France",votre média immobilier,https://espaceimmobiliersanary.fr/l2a2n1d7l2o7r5d4119.phtml,2026-09-30
espaceimmobiliersanary.fr,"Espace Immo, votre média immobilier de référence en France",votre média immobilier,https://espaceimmobiliersanary.fr/l2e1e4w4a4r5d79396.phtml,2026-09-30
espaceimmobiliersanary.fr,,,https://espaceimmobiliersanary.fr/l2i2b8a5t9i8o1n6922.phtml,2026-09-30
espaceimmobiliersanary.fr,"Espace Immo, votre média immobilier de référence en France",votre média immobilier,https://espaceimmobiliersanary.fr/l2i2g3n9i3f4i1c8a5t3i6on.phtml,2026-09-30
espaceimmobiliersanary.fr,,,https://espaceimmobiliersanary.fr/l2i2n8o5x7i2n29217.phtml,2026-09-30
espaceimmobiliersanary.fr,,,https://espaceimmobiliersanary.fr/l2i3n4n9a3e9a384.phtml,2026-09-30
espaceimmobiliersanary.fr,,,https://espaceimmobiliersanary.fr/l2o9o4k5d8o3w2n163.phtml,2026-09-30
espaceimmobiliersanary.fr,,,https://espaceimmobiliersanary.fr/l2u1m2i3n1o0s9i1t5y04.phtml,2026-09-30
espaceimmobiliersanary.fr,,,https://espaceimmobiliersanary.fr/l2u8s2u4s166501.phtml,2026-09-30
espaceimmobiliersanary.fr,,,https://espaceimmobiliersanary.fr/l3a1n4d8g4r8a1v2e487.phtml,2026-09-30
espaceimmobiliersanary.fr,,,https://espaceimmobiliersanary.fr/l3a2m6m4e2r8g9e6i0r89.phtml,2026-09-30
espaceimmobiliersanary.fr,,,https://espaceimmobiliersanary.fr/l3a3q3u6e4a3r1438.phtml,2026-09-30
espaceimmobiliersanary.fr,,,https://espaceimmobiliersanary.fr/l3a4n4d6l1o4r9d984.phtml,2026-09-30
espaceimmobiliersanary.fr,,,https://espaceimmobiliersanary.fr/l3e3v9i0r6a8t3i8c7a5l4.phtml,2026-09-30
espaceimmobiliersanary.fr,,,https://espaceimmobiliersanary.fr/l3e6m0u1r7n3i0g4e5r9.phtml,2026-09-30
espaceimmobiliersanary.fr,,,https://espaceimmobiliersanary.fr/l3i1e4v7e6587402.phtml,2026-09-30
espaceimmobiliersanary.fr,,,https://espaceimmobiliersanary.fr/l3o3g9o9g2r0a2p2h6i6c7.phtml,2026-09-30
espaceimmobiliersanary.fr,,,https://espaceimmobiliersanary.fr/l3u5m7i8n2o2s9i1t6y0.phtml,2026-09-30
espaceimmobiliersanary.fr,,,https://espaceimmobiliersanary.fr/l4a1n9d6g5a7k61823.phtml,2026-09-30
espaceimmobiliersanary.fr,,,https://espaceimmobiliersanary.fr/l4a2n3d7w4a6r8d7860.phtml,2026-09-30
espaceimmobiliersanary.fr,,,https://espaceimmobiliersanary.fr/l4a2t1i1t1a0t92275.phtml,2026-09-30
espaceimmobiliersanary.fr,,,https://espaceimmobiliersanary.fr/l4a3q9u1e0a3r78950.phtml,2026-09-30
espaceimmobiliersanary.fr,,,https://espaceimmobiliersanary.fr/l4a7c0k8e0r23838.phtml,2026-09-30
espaceimmobiliersanary.fr,,,https://espaceimmobiliersanary.fr/l4e2g8i9s0l6a7t6i5n3g3.phtml,2026-09-30
espaceimmobiliersanary.fr,,,https://espaceimmobiliersanary.fr/l4i1e2f5s3o1m9e8853.phtml,2026-09-30
espaceimmobiliersanary.fr,,,https://espaceimmobiliersanary.fr/l4i2b4e0t2h7e5n9i6t3e5.phtml,2026-09-30
espaceimmobiliersanary.fr,,,https://espaceimmobiliersanary.fr/l4i3t8h8o1g7r4a7p6h4y9.phtml,2026-09-30
espaceimmobiliersanary.fr,,,https://espaceimmobiliersanary.fr/l4i4v0e9r9i5n9g4903.phtml,2026-09-30
espaceimmobiliersanary.fr,,,https://espaceimmobiliersanary.fr/l4o1w6z7o8n3e81475.phtml,2026-09-30
espaceimmobiliersanary.fr,,,https://espaceimmobiliersanary.fr/l4o3t4u3s5e8a5t1e5r80.phtml,2026-09-30
espaceimmobiliersanary.fr,,,https://espaceimmobiliersanary.fr/l4u2f1f3a4411755.phtml,2026-09-30
espaceimmobiliersanary.fr,,,https://espaceimmobiliersanary.fr/l5a2v0e2r5a6n7i8a081.phtml,2026-09-30
espaceimmobiliersanary.fr,,,https://espaceimmobiliersanary.fr/l5e2g3g1e9d903851.phtml,2026-09-30
espaceimmobiliersanary.fr,,,https://espaceimmobiliersanary.fr/l5e3p9t6o7s1o4m5u7s62.phtml,2026-09-30
espaceimmobiliersanary.fr,,,https://espaceimmobiliersanary.fr/l5e4m3u5r8n0i7g9e1r6.phtml,2026-09-30
espaceimmobiliersanary.fr,,,https://espaceimmobiliersanary.fr/l5e4u0c7o4l2i7n6e587.phtml,2026-09-30
espaceimmobiliersanary.fr,,,https://espaceimmobiliersanary.fr/l5i3p9o5p2h6o1b0i9c25.phtml,2026-09-30
espaceimmobiliersanary.fr,,,https://espaceimmobiliersanary.fr/l5i9g9n4u9m81039.phtml,2026-09-30
espaceimmobiliersanary.fr,,,https://espaceimmobiliersanary.fr/l5o2n3g2s5h7o0r4e738.phtml,2026-09-30
espaceimmobiliersanary.fr,,,https://espaceimmobiliersanary.fr/l5o2t7u1s4e8a3t1e7r96.phtml,2026-09-30
espaceimmobiliersanary.fr,,,https://espaceimmobiliersanary.fr/l5o3o7k6e8d425171.phtml,2026-09-30
espaceimmobiliersanary.fr,,,https://espaceimmobiliersanary.fr/l6a2n7d3g0a9k74767.phtml,2026-09-30
espaceimmobiliersanary.fr,,,https://espaceimmobiliersanary.fr/l6a2t8i8t4a6t93827.phtml,2026-09-30
espaceimmobiliersanary.fr,,,https://espaceimmobiliersanary.fr/l6a8n9d4l0o4r4d905.phtml,2026-09-30
espaceimmobiliersanary.fr,,,https://espaceimmobiliersanary.fr/l6e2o3p0o2l6d4i4n8i8a2.phtml,2026-09-30
espaceimmobiliersanary.fr,,,https://espaceimmobiliersanary.fr/l6e2t6h4e1a7n4228.phtml,2026-09-30
espaceimmobiliersanary.fr,,,https://espaceimmobiliersanary.fr/l6i3v6i1n3g8l4y2595.phtml,2026-09-30
espaceimmobiliersanary.fr,,,https://espaceimmobiliersanary.fr/l6o1w3z7o8n2e41204.phtml,2026-09-30
espaceimmobiliersanary.fr,,,https://espaceimmobiliersanary.fr/l6u1n6e0t423162.phtml,2026-09-30
espaceimmobiliersanary.fr,,,https://espaceimmobiliersanary.fr/l7a1b7y4r3i3n2t5h7i4b9ranch.phtml,2026-09-30
espaceimmobiliersanary.fr,,,https://espaceimmobiliersanary.fr/l7a3n4d2g6r2a8v0e168.phtml,2026-09-30
espaceimmobiliersanary.fr,,,https://espaceimmobiliersanary.fr/l7a8c4k0e4r7y2979.phtml,2026-09-30
espaceimmobiliersanary.fr,,,https://espaceimmobiliersanary.fr/l7e2g1i3s9l0a0t0i5n4g3.phtml,2026-09-30
espaceimmobiliersanary.fr,,,https://espaceimmobiliersanary.fr/l7i1b5e0t8h4e7n7i3t0e9.phtml,2026-09-30
espaceimmobiliersanary.fr,,,https://espaceimmobiliersanary.fr/l7i2l4i4e6d763235.phtml,2026-09-30
espaceimmobiliersanary.fr,,,https://espaceimmobiliersanary.fr/l7u9s7u1s921183.phtml,2026-09-30
espaceimmobiliersanary.fr,,,https://espaceimmobiliersanary.fr/l8a3b4i1l7i7t0y9757.phtml,2026-09-30
espaceimmobiliersanary.fr,,,https://espaceimmobiliersanary.fr/l8e1v6i7r4399852.phtml,2026-09-30
espaceimmobiliersanary.fr,,,https://espaceimmobiliersanary.fr/l8i1g7n4i5f7i0c4a5t5i5on.phtml,2026-09-30
espaceimmobiliersanary.fr,,,https://espaceimmobiliersanary.fr/l8i4b0a0t1i6o3n613.phtml,2026-09-30
espaceimmobiliersanary.fr,,,https://espaceimmobiliersanary.fr/l8o2w3z4o4n7e80740.phtml,2026-09-30
espaceimmobiliersanary.fr,,,https://espaceimmobiliersanary.fr/l8u1n2e0t2460187.phtml,2026-09-30
espaceimmobiliersanary.fr,,,https://espaceimmobiliersanary.fr/l8u3s6c1u0s465922.phtml,2026-09-30
espaceimmobiliersanary.fr,,,https://espaceimmobiliersanary.fr/l8u7m1i7n5o9s5i2t3y4.phtml,2026-09-30
espaceimmobiliersanary.fr,,,https://espaceimmobiliersanary.fr/l9e1g0g4e1d194637.phtml,2026-09-30
espaceimmobiliersanary.fr,,,https://espaceimmobiliersanary.fr/l9e2m3u7r7n2i7g5e5r97.phtml,2026-09-30
espaceimmobiliersanary.fr,,,https://espaceimmobiliersanary.fr/l9e2v5o1r9o8t3a6t5o2r5y.phtml,2026-09-30
espaceimmobiliersanary.fr,,,https://espaceimmobiliersanary.fr/l9i1q4u3e8f3y8796.phtml,2026-09-30
espaceimmobiliersanary.fr,,,https://espaceimmobiliersanary.fr/l9i2b5e4t2h1e2n5i7t0e9.phtml,2026-09-30
espaceimmobiliersanary.fr,,,https://espaceimmobiliersanary.fr/l9i2n0i5m1e5n5t5939.phtml,2026-09-30
espaceimmobiliersanary.fr,,,https://espaceimmobiliersanary.fr/l9i2t0h0o9p1h0o9s7p8h0or.phtml,2026-09-30
espaceimmobiliersanary.fr,,,https://espaceimmobiliersanary.fr/l9i3g4n4i0f6i0c3a8t7i5on.phtml,2026-09-30
espaceimmobiliersanary.fr,,,https://espaceimmobiliersanary.fr/l9i3t9h6o2g3r9a3p4h5y1.phtml,2026-09-30
espaceimmobiliersanary.fr,,,https://espaceimmobiliersanary.fr/l9i4v2e4r7i3n4g9585.phtml,2026-09-30
espaceimmobiliersanary.fr,,,https://espaceimmobiliersanary.fr/l9i5p2o6p4h1o8b0i6c3.phtml,2026-09-30
espaceimmobiliersanary.fr,"Espace Immo, votre média immobilier de référence en France",votre média immobilier,https://espaceimmobiliersanary.fr/l9o2o1k2d7o2w3n5246.phtml,2026-09-30
espaceimmobiliersanary.fr,"Espace Immo, votre média immobilier de référence en France",votre média immobilier,https://espaceimmobiliersanary.fr/m0a1l7a4c6i9s1s6a6n5t4.phtml,2026-09-30
espaceimmobiliersanary.fr,"Espace Immo, votre média immobilier de référence en France",votre média immobilier,https://espaceimmobiliersanary.fr/m0a2l5a3d8r5o8i5t4l8y1.phtml,2026-09-30
espaceimmobiliersanary.fr,"Espace Immo, votre média immobilier de référence en France",votre média immobilier,https://espaceimmobiliersanary.fr/m0a3j4o1r1s83733.phtml,2026-09-30
espaceimmobiliersanary.fr,"Espace Immo, votre média immobilier de référence en France",votre média immobilier,https://espaceimmobiliersanary.fr/m0a5t2u7r7e9s3t669.phtml,2026-09-30
espaceimmobiliersanary.fr,"Espace Immo, votre média immobilier de référence en France",votre média immobilier,https://espaceimmobiliersanary.fr/m0i1l8l4i8d2a4e3522.phtml,2026-09-30
espaceimmobiliersanary.fr,"Espace Immo, votre média immobilier de référence en France",votre média immobilier,https://espaceimmobiliersanary.fr/m0i3n8g4l1e939888.phtml,2026-09-30
espaceimmobiliersanary.fr,"Espace Immo, votre média immobilier de référence en France",votre média immobilier,https://espaceimmobiliersanary.fr/m0i7s0a6d8v1e1n7t3u9red.phtml,2026-09-30
espaceimmobiliersanary.fr,"Espace Immo, votre média immobilier de référence en France",votre média immobilier,https://espaceimmobiliersanary.fr/m1a1i6n7s5h6e1e1t951.phtml,2026-09-30
espaceimmobiliersanary.fr,"Espace Immo, votre média immobilier de référence en France",votre média immobilier,https://espaceimmobiliersanary.fr/m1a1n3d7e9l4i5c3303.phtml,2026-09-30
espaceimmobiliersanary.fr,"Espace Immo, votre média immobilier de référence en France",votre média immobilier,https://espaceimmobiliersanary.fr/m1e2g1a1f2a3r0a4d374.phtml,2026-09-30
espaceimmobiliersanary.fr,"Espace Immo, votre média immobilier de référence en France",votre média immobilier,https://espaceimmobiliersanary.fr/m1e2m5o1r7a2b4l8e7n8e8ss.phtml,2026-09-30
espaceimmobiliersanary.fr,"Espace Immo, votre média immobilier de référence en France",votre média immobilier,https://espaceimmobiliersanary.fr/m1i3l2l7i5d7a5e5962.phtml,2026-09-30
espaceimmobiliersanary.fr,"Espace Immo, votre média immobilier de référence en France",votre média immobilier,https://espaceimmobiliersanary.fr/m1o1o1d8i4r500167.phtml,2026-09-30
espaceimmobiliersanary.fr,"Espace Immo, votre média immobilier de référence en France",votre média immobilier,https://espaceimmobiliersanary.fr/m1u2r7i8n8e953662.phtml,2026-09-30
espaceimmobiliersanary.fr,"Espace Immo, votre média immobilier de référence en France",votre média immobilier,https://espaceimmobiliersanary.fr/m1u3l0e5j3e5n2n5y578.phtml,2026-09-30
espaceimmobiliersanary.fr,"Espace Immo, votre média immobilier de référence en France",votre média immobilier,https://espaceimmobiliersanary.fr/m1y3a8l8g5i2a87845.phtml,2026-09-30
espaceimmobiliersanary.fr,"Espace Immo, votre média immobilier de référence en France",votre média immobilier,https://espaceimmobiliersanary.fr/m2a1s7c2a1r9o8n9072.phtml,2026-09-30
espaceimmobiliersanary.fr,"Espace Immo, votre média immobilier de référence en France",votre média immobilier,https://espaceimmobiliersanary.fr/m2a2r3s4h9a8l10971.phtml,2026-09-30
espaceimmobiliersanary.fr,"Espace Immo, votre média immobilier de référence en France",votre média immobilier,https://espaceimmobiliersanary.fr/m2a3j8e3s0t1y74591.phtml,2026-09-30
espaceimmobiliersanary.fr,"Espace Immo, votre média immobilier de référence en France",votre média immobilier,https://espaceimmobiliersanary.fr/m2a6c4r6o7p3i1n9a4c2oid.phtml,2026-09-30
espaceimmobiliersanary.fr,"Espace Immo, votre média immobilier de référence en France",votre média immobilier,https://espaceimmobiliersanary.fr/m2a8l7e1f1o5r0m7a7t1ion.phtml,2026-09-30
espaceimmobiliersanary.fr,"Espace Immo, votre média immobilier de référence en France",votre média immobilier,https://espaceimmobiliersanary.fr/m2e2s9e8n5c3e0p0h7a1l6ic.phtml,2026-09-30
espaceimmobiliersanary.fr,"Espace Immo, votre média immobilier de référence en France",votre média immobilier,https://espaceimmobiliersanary.fr/m2e3r6c8i2f3u7l7774.phtml,2026-09-30
espaceimmobiliersanary.fr,"Espace Immo, votre média immobilier de référence en France",votre média immobilier,https://espaceimmobiliersanary.fr/m2i4a2u6l9i4n5g6934.phtml,2026-09-30
espaceimmobiliersanary.fr,"Espace Immo, votre média immobilier de référence en France",votre média immobilier,https://espaceimmobiliersanary.fr/m2o1m8o6r6d2i0c3a510.phtml,2026-09-30
espaceimmobiliersanary.fr,"Espace Immo, votre média immobilier de référence en France",votre média immobilier,https://espaceimmobiliersanary.fr/m2o2r2e3n8d8o62030.phtml,2026-09-30
espaceimmobiliersanary.fr,"Espace Immo, votre média immobilier de référence en France",votre média immobilier,https://espaceimmobiliersanary.fr/m3a2l2a5x6i2s17084.phtml,2026-09-30
espaceimmobiliersanary.fr,"Espace Immo, votre média immobilier de référence en France",votre média immobilier,https://espaceimmobiliersanary.fr/m3a9u5l6i8n7g835.phtml,2026-09-30
espaceimmobiliersanary.fr,"Espace Immo, votre média immobilier de référence en France",votre média immobilier,https://espaceimmobiliersanary.fr/m3e1m9o7r0i5z1e4r118.phtml,2026-09-30
espaceimmobiliersanary.fr,,,https://espaceimmobiliersanary.fr/m3e2g8a7f7a5r1a7d318.phtml,2026-09-30
espaceimmobiliersanary.fr,,,https://espaceimmobiliersanary.fr/m3i2l1l4i7n6e5r776.phtml,2026-09-30
espaceimmobiliersanary.fr,,,https://espaceimmobiliersanary.fr/m3i3n7o4t7a5u0r3867.phtml,2026-09-30
espaceimmobiliersanary.fr,,,https://espaceimmobiliersanary.fr/m3o3t8i0o0n2a6l7471.phtml,2026-09-30
espaceimmobiliersanary.fr,,,https://espaceimmobiliersanary.fr/m3u2r6i8n1e751375.phtml,2026-09-30
espaceimmobiliersanary.fr,,,https://espaceimmobiliersanary.fr/m4a1n2o4f1w4a8r1179.phtml,2026-09-30
espaceimmobiliersanary.fr,,,https://espaceimmobiliersanary.fr/m4a1s9t4e0r4s4i3n4g7e5r.phtml,2026-09-30
espaceimmobiliersanary.fr,,,https://espaceimmobiliersanary.fr/m4e2g9a8l2o876502.phtml,2026-09-30
espaceimmobiliersanary.fr,,,https://espaceimmobiliersanary.fr/m4e2m7o0r5a0b9l6e8n9e3ss.phtml,2026-09-30
espaceimmobiliersanary.fr,,,https://espaceimmobiliersanary.fr/m4e3n0h3i2r630312.phtml,2026-09-30
espaceimmobiliersanary.fr,,,https://espaceimmobiliersanary.fr/m4i3s7s2a9y543847.phtml,2026-09-30
espaceimmobiliersanary.fr,,,https://espaceimmobiliersanary.fr/m4i4s0f6e9a6s8a7n7c8e3.phtml,2026-09-30
espaceimmobiliersanary.fr,,,https://espaceimmobiliersanary.fr/m4i6s8s4i5p4p0i8a3n5.phtml,2026-09-30
espaceimmobiliersanary.fr,,,https://espaceimmobiliersanary.fr/m4i8a7u3l9i2n0g311.phtml,2026-09-30
espaceimmobiliersanary.fr,,,https://espaceimmobiliersanary.fr/m4o1u6z7l1e023163.phtml,2026-09-30
espaceimmobiliersanary.fr,,,https://espaceimmobiliersanary.fr/m4o2o9d0i2r17840.phtml,2026-09-30
espaceimmobiliersanary.fr,,,https://espaceimmobiliersanary.fr/m4o3n3o9m6i3a7l3048.phtml,2026-09-30
espaceimmobiliersanary.fr,,,https://espaceimmobiliersanary.fr/m4o4r0e7n8d8o65375.phtml,2026-09-30
espaceimmobiliersanary.fr,,,https://espaceimmobiliersanary.fr/m4o5r2a6l5i8t1y586.phtml,2026-09-30
espaceimmobiliersanary.fr,,,https://espaceimmobiliersanary.fr/m4u2l0l9i3o1n32287.phtml,2026-09-30
espaceimmobiliersanary.fr,,,https://espaceimmobiliersanary.fr/m4u3d8h6o1l6e23055.phtml,2026-09-30
espaceimmobiliersanary.fr,,,https://espaceimmobiliersanary.fr/m4y1r6t8a0c8e0a5e673.phtml,2026-09-30
espaceimmobiliersanary.fr,,,https://espaceimmobiliersanary.fr/m5a2c4r6o8m8o7l0e6c0u0le.phtml,2026-09-30
espaceimmobiliersanary.fr,,,https://espaceimmobiliersanary.fr/m5a2s9q1u0e9r6a4d6e5r0.phtml,2026-09-30
espaceimmobiliersanary.fr,,,https://espaceimmobiliersanary.fr/m5a3g9n1o4l9i6a7738.phtml,2026-09-30
espaceimmobiliersanary.fr,,,https://espaceimmobiliersanary.fr/m5a4s2t3i0c6a0b1l6e80.phtml,2026-09-30
espaceimmobiliersanary.fr,,,https://espaceimmobiliersanary.fr/m5i1c4h7i2g8a3n3d0e0r6.phtml,2026-09-30
espaceimmobiliersanary.fr,,,https://espaceimmobiliersanary.fr/m5i1s6a8r5r5a5n8g0i0n0g.phtml,2026-09-30
espaceimmobiliersanary.fr,,,https://espaceimmobiliersanary.fr/m5i2s7i6n5s6t3r4u1c8t2.phtml,2026-09-30
espaceimmobiliersanary.fr,,,https://espaceimmobiliersanary.fr/m5i2t8t9e5n4s28860.phtml,2026-09-30
espaceimmobiliersanary.fr,,,https://espaceimmobiliersanary.fr/m5i8s5a5d6v1e4n9t6u5red.phtml,2026-09-30
espaceimmobiliersanary.fr,,,https://espaceimmobiliersanary.fr/m5o3l6a7r272753.phtml,2026-09-30
espaceimmobiliersanary.fr,,,https://espaceimmobiliersanary.fr/m6a1n5d1e8l8i1c9377.phtml,2026-09-30
espaceimmobiliersanary.fr,,,https://espaceimmobiliersanary.fr/m6a1s1q0u6e1r8a6d7e5r.phtml,2026-09-30
espaceimmobiliersanary.fr,,,https://espaceimmobiliersanary.fr/m6a4l5l6e7m0o3c1k8e2.phtml,2026-09-30
espaceimmobiliersanary.fr,,,https://espaceimmobiliersanary.fr/m6e1l8l2o8w5n6e0s3s39.phtml,2026-09-30
espaceimmobiliersanary.fr,,,https://espaceimmobiliersanary.fr/m6i2s3u0s9e5r61767.phtml,2026-09-30
espaceimmobiliersanary.fr,,,https://espaceimmobiliersanary.fr/m6i2s4g1u7i2d9a7n5c4e2.phtml,2026-09-30
espaceimmobiliersanary.fr,,,https://espaceimmobiliersanary.fr/m6i6c8h5i7g5a2n9d3e4r.phtml,2026-09-30
espaceimmobiliersanary.fr,,,https://espaceimmobiliersanary.fr/m6o1n9o8l5o4g4y4990.phtml,2026-09-30
espaceimmobiliersanary.fr,,,https://espaceimmobiliersanary.fr/m6o2n7o2c0l1i9n1o2u5s6.phtml,2026-09-30
espaceimmobiliersanary.fr,,,https://espaceimmobiliersanary.fr/m6o2n8i9l265333.phtml,2026-09-30
espaceimmobiliersanary.fr,,,https://espaceimmobiliersanary.fr/m6o3n1e2y8m0a2n5167.phtml,2026-09-30
espaceimmobiliersanary.fr,,,https://espaceimmobiliersanary.fr/m6u3l2e0j2e3n2n8y820.phtml,2026-09-30
espaceimmobiliersanary.fr,,,https://espaceimmobiliersanary.fr/m6y1r5t7a3c6e0a3e386.phtml,2026-09-30
espaceimmobiliersanary.fr,,,https://espaceimmobiliersanary.fr/m7a1r2t7i2n1g1a1l3e48.phtml,2026-09-30
espaceimmobiliersanary.fr,,,https://espaceimmobiliersanary.fr/m7a3c3r6o8m3o0l1e2c7u3le.phtml,2026-09-30
espaceimmobiliersanary.fr,,,https://espaceimmobiliersanary.fr/m7a3s4s8i2v8e3l5y834.phtml,2026-09-30
espaceimmobiliersanary.fr,,,https://espaceimmobiliersanary.fr/m7a3s9t5e2r8s1i8n8ger.phtml,2026-09-30
espaceimmobiliersanary.fr,,,https://espaceimmobiliersanary.fr/m7e1n2h0i7r212498.phtml,2026-09-30
espaceimmobiliersanary.fr,,,https://espaceimmobiliersanary.fr/m7e2l1i2o8r4a4t7e345.phtml,2026-09-30
espaceimmobiliersanary.fr,,,https://espaceimmobiliersanary.fr/m7e3i5s2t1e8r56826.phtml,2026-09-30
espaceimmobiliersanary.fr,,,https://espaceimmobiliersanary.fr/m7e3s2e0n0c1e6p4h2a3l0ic.phtml,2026-09-30
espaceimmobiliersanary.fr,,,https://espaceimmobiliersanary.fr/m7e3s2o0s1i1d1e6r7i3t7e.phtml,2026-09-30
espaceimmobiliersanary.fr,,,https://espaceimmobiliersanary.fr/m7i1n1o2t5a5u6r8797.phtml,2026-09-30
espaceimmobiliersanary.fr,,,https://espaceimmobiliersanary.fr/m7i2c8r4o7b0i5o0l6o7g2ist.phtml,2026-09-30
espaceimmobiliersanary.fr,,,https://espaceimmobiliersanary.fr/m7i4s2s2i7p8p3i2a1n40.phtml,2026-09-30
espaceimmobiliersanary.fr,,,https://espaceimmobiliersanary.fr/m7o1n2o1c1l7i1n8o8u9s.phtml,2026-09-30
espaceimmobiliersanary.fr,,,https://espaceimmobiliersanary.fr/m7o1t2o3r5e6d80276.phtml,2026-09-30
espaceimmobiliersanary.fr,,,https://espaceimmobiliersanary.fr/m7o3n2o4g4y4m7n1u0m37.phtml,2026-09-30
espaceimmobiliersanary.fr,,,https://espaceimmobiliersanary.fr/m7u1s8e8u7m658334.phtml,2026-09-30
espaceimmobiliersanary.fr,,,https://espaceimmobiliersanary.fr/m7y1a0l9g8i4a78808.phtml,2026-09-30
espaceimmobiliersanary.fr,,,https://espaceimmobiliersanary.fr/m7y1e4l3e4n2c3e7p3h4a4lous.phtml,2026-09-30
espaceimmobiliersanary.fr,,,https://espaceimmobiliersanary.fr/m8a1j1e7s7t5y83282.phtml,2026-09-30
espaceimmobiliersanary.fr,,,https://espaceimmobiliersanary.fr/m8a2l3a9x5i5s83126.phtml,2026-09-30
espaceimmobiliersanary.fr,,,https://espaceimmobiliersanary.fr/m8a2s0q9u2e1r7a9d7e8r0.phtml,2026-09-30
espaceimmobiliersanary.fr,,,https://espaceimmobiliersanary.fr/m8a3u3l7i2n7g285.phtml,2026-09-30
espaceimmobiliersanary.fr,,,https://espaceimmobiliersanary.fr/m8a4s8t5i3c9o8t203.phtml,2026-09-30
espaceimmobiliersanary.fr,,,https://espaceimmobiliersanary.fr/m8e1l5l2o0w0n3e1s4s60.phtml,2026-09-30
espaceimmobiliersanary.fr,,,https://espaceimmobiliersanary.fr/m8e2m1o0r9i8z8e0r192.phtml,2026-09-30
espaceimmobiliersanary.fr,,,https://espaceimmobiliersanary.fr/m8e3n7i6v9e6r37270.phtml,2026-09-30
espaceimmobiliersanary.fr,,,https://espaceimmobiliersanary.fr/m8i3s0i4n3t1e8r3p5r1e0tation.phtml,2026-09-30
espaceimmobiliersanary.fr,"Espace Immo, votre média immobilier de référence en France",votre média immobilier,https://espaceimmobiliersanary.fr/m8i3s5a5p7p5l1y7226.phtml,2026-09-30
espaceimmobiliersanary.fr,"Espace Immo, votre média immobilier de référence en France",votre média immobilier,https://espaceimmobiliersanary.fr/m8o3n1o5p6o7l2i0e1s88.phtml,2026-09-30
espaceimmobiliersanary.fr,"Espace Immo, votre média immobilier de référence en France",votre média immobilier,https://espaceimmobiliersanary.fr/m8o3r5t8g9a5g7e0d656.phtml,2026-09-30
espaceimmobiliersanary.fr,"Espace Immo, votre média immobilier de référence en France",votre média immobilier,https://espaceimmobiliersanary.fr/m8u3r8i3n6e138985.phtml,2026-09-30
espaceimmobiliersanary.fr,"Espace Immo, votre média immobilier de référence en France",votre média immobilier,https://espaceimmobiliersanary.fr/m9a1t5u2r4e6l2y0248.phtml,2026-09-30
espaceimmobiliersanary.fr,"Espace Immo, votre média immobilier de référence en France",votre média immobilier,https://espaceimmobiliersanary.fr/m9a2r1t8i0n9g7a9l2e04.phtml,2026-09-30
espaceimmobiliersanary.fr,"Espace Immo, votre média immobilier de référence en France",votre média immobilier,https://espaceimmobiliersanary.fr/m9a3r8o3c4a9i2n6886.phtml,2026-09-30
espaceimmobiliersanary.fr,"Espace Immo, votre média immobilier de référence en France",votre média immobilier,https://espaceimmobiliersanary.fr/m9a3t5z6o9h2s82539.phtml,2026-09-30
espaceimmobiliersanary.fr,"Espace Immo, votre média immobilier de référence en France",votre média immobilier,https://espaceimmobiliersanary.fr/m9e3g1a9l7o740048.phtml,2026-09-30
espaceimmobiliersanary.fr,"Espace Immo, votre média immobilier de référence en France",votre média immobilier,https://espaceimmobiliersanary.fr/m9e3g5a9f1a4r3a7d37.phtml,2026-09-30
espaceimmobiliersanary.fr,"Espace Immo, votre média immobilier de référence en France",votre média immobilier,https://espaceimmobiliersanary.fr/m9e9d8i7e0v1a5l5i4s6m.phtml,2026-09-30
espaceimmobiliersanary.fr,"Espace Immo, votre média immobilier de référence en France",votre média immobilier,https://espaceimmobiliersanary.fr/m9i2l5l9i5d2a8e8589.phtml,2026-09-30
espaceimmobiliersanary.fr,"Espace Immo, votre média immobilier de référence en France",votre média immobilier,https://espaceimmobiliersanary.fr/m9i4s2b0e0c5o3m1e037.phtml,2026-09-30
espaceimmobiliersanary.fr,"Espace Immo, votre média immobilier de référence en France",votre média immobilier,https://espaceimmobiliersanary.fr/m9i4s2f1e7a4s4a2n4c6e5.phtml,2026-09-30
espaceimmobiliersanary.fr,"Espace Immo, votre média immobilier de référence en France",votre média immobilier,https://espaceimmobiliersanary.fr/m9o1n0o5g7y9m4n2u5m42.phtml,2026-09-30
espaceimmobiliersanary.fr,"Espace Immo, votre média immobilier de référence en France",votre média immobilier,https://espaceimmobiliersanary.fr/m9o2q2u7e2t9t6e4989.phtml,2026-09-30
espaceimmobiliersanary.fr,"Espace Immo, votre média immobilier de référence en France",votre média immobilier,https://espaceimmobiliersanary.fr/m9o4r2e2n6d6o20025.phtml,2026-09-30
espaceimmobiliersanary.fr,"Espace Immo, votre média immobilier de référence en France",votre média immobilier,https://espaceimmobiliersanary.fr/n0e3u8r0a1l479570.phtml,2026-09-30
espaceimmobiliersanary.fr,"Espace Immo, votre média immobilier de référence en France",votre média immobilier,https://espaceimmobiliersanary.fr/n0i1g9e4o9t013918.phtml,2026-09-30
espaceimmobiliersanary.fr,"Espace Immo, votre média immobilier de référence en France",votre média immobilier,https://espaceimmobiliersanary.fr/n0u2b1e1c7u6l6a3834.phtml,2026-09-30
espaceimmobiliersanary.fr,"Espace Immo, votre média immobilier de référence en France",votre média immobilier,https://espaceimmobiliersanary.fr/n1a5p5e8r2i8a6n401.phtml,2026-09-30
espaceimmobiliersanary.fr,"Espace Immo, votre média immobilier de référence en France",votre média immobilier,https://espaceimmobiliersanary.fr/n1e4g2a3t1i8v1e3d763.phtml,2026-09-30
espaceimmobiliersanary.fr,"Espace Immo, votre média immobilier de référence en France",votre média immobilier,https://espaceimmobiliersanary.fr/n1o1t3o0t6h7e7r0i7u9m5.phtml,2026-09-30
espaceimmobiliersanary.fr,"Espace Immo, votre média immobilier de référence en France",votre média immobilier,https://espaceimmobiliersanary.fr/n2a3p1e2r6i6a4n9529.phtml,2026-09-30
espaceimmobiliersanary.fr,"Espace Immo, votre média immobilier de référence en France",votre média immobilier,https://espaceimmobiliersanary.fr/n2o2n4e4m7p9h7a5t3i3c4al.phtml,2026-09-30
espaceimmobiliersanary.fr,"Espace Immo, votre média immobilier de référence en France",votre média immobilier,https://espaceimmobiliersanary.fr/n2o3n7a5p8p0e5a7r0a4n9ce.phtml,2026-09-30
espaceimmobiliersanary.fr,"Espace Immo, votre média immobilier de référence en France",votre média immobilier,https://espaceimmobiliersanary.fr/n3a3s5c6e8n0t70424.phtml,2026-09-30
espaceimmobiliersanary.fr,"Espace Immo, votre média immobilier de référence en France",votre média immobilier,https://espaceimmobiliersanary.fr/n3e9g0a3t3i8v6e0d04.phtml,2026-09-30
espaceimmobiliersanary.fr,"Espace Immo, votre média immobilier de référence en France",votre média immobilier,https://espaceimmobiliersanary.fr/n3i2g5h3t6l4e2s0s907.phtml,2026-09-30
espaceimmobiliersanary.fr,"Espace Immo, votre média immobilier de référence en France",votre média immobilier,https://espaceimmobiliersanary.fr/n3o1n7e9m5p1h1a3t0i2c3al.phtml,2026-09-30
espaceimmobiliersanary.fr,,,https://espaceimmobiliersanary.fr/n4e2m9a3t8o8c7i2d9a0l2.phtml,2026-09-30
espaceimmobiliersanary.fr,,,https://espaceimmobiliersanary.fr/n4e3c2r7o4p5h4a3g8a6n3.phtml,2026-09-30
espaceimmobiliersanary.fr,,,https://espaceimmobiliersanary.fr/n4e3u7r5a2l86692.phtml,2026-09-30
espaceimmobiliersanary.fr,,,https://espaceimmobiliersanary.fr/n5a3s8c3e1n6t073.phtml,2026-09-30
espaceimmobiliersanary.fr,,,https://espaceimmobiliersanary.fr/n5o4n1m5e2c3h8a0n0i7c6al.phtml,2026-09-30
espaceimmobiliersanary.fr,,,https://espaceimmobiliersanary.fr/n6o3t4t1h5e2a8d5e5d43.phtml,2026-09-30
espaceimmobiliersanary.fr,,,https://espaceimmobiliersanary.fr/n6u3b6e8c4u5l4a2364.phtml,2026-09-30
espaceimmobiliersanary.fr,,,https://espaceimmobiliersanary.fr/n6y2c1t6i3b0i1u9s216.phtml,2026-09-30
espaceimmobiliersanary.fr,,,https://espaceimmobiliersanary.fr/n7a2p2e0r0i6a6n2371.phtml,2026-09-30
espaceimmobiliersanary.fr,,,https://espaceimmobiliersanary.fr/n7o2n8a2g0o9n61652.phtml,2026-09-30
espaceimmobiliersanary.fr,,,https://espaceimmobiliersanary.fr/n7y1c7t1i0b4i3u4s889.phtml,2026-09-30
espaceimmobiliersanary.fr,,,https://espaceimmobiliersanary.fr/n8o1n9e3m4p4h7a9t0i6c5al.phtml,2026-09-30
espaceimmobiliersanary.fr,,,https://espaceimmobiliersanary.fr/n9e1r1f4e0710783.phtml,2026-09-30
espaceimmobiliersanary.fr,,,https://espaceimmobiliersanary.fr/n9e3p0e4n0t8h5e5397.phtml,2026-09-30
espaceimmobiliersanary.fr,,,https://espaceimmobiliersanary.fr/n9i2n6i9b7920384.phtml,2026-09-30
espaceimmobiliersanary.fr,,,https://espaceimmobiliersanary.fr/n9o1t7o0t1h0e9r3i8u0m6.phtml,2026-09-30
espaceimmobiliersanary.fr,,,https://espaceimmobiliersanary.fr/n9o3n5e6m2p2h6a9t5i5c3al.phtml,2026-09-30
espaceimmobiliersanary.fr,,,https://espaceimmobiliersanary.fr/o0b2l1i8q3u0a5972.phtml,2026-09-30
espaceimmobiliersanary.fr,,,https://espaceimmobiliersanary.fr/o0b3t0e6n0d538564.phtml,2026-09-30
espaceimmobiliersanary.fr,,,https://espaceimmobiliersanary.fr/o0b4l0i7t6e700785.phtml,2026-09-30
espaceimmobiliersanary.fr,,,https://espaceimmobiliersanary.fr/o0f3f9i8c9e5h1o4l9d8er.phtml,2026-09-30
espaceimmobiliersanary.fr,,,https://espaceimmobiliersanary.fr/o0n1g4u2e7n2t24342.phtml,2026-09-30
espaceimmobiliersanary.fr,,,https://espaceimmobiliersanary.fr/o0s5t0e7o5l0o5g5y68.phtml,2026-09-30
espaceimmobiliersanary.fr,,,https://espaceimmobiliersanary.fr/o0t3a4l8g6i2a12539.phtml,2026-09-30
espaceimmobiliersanary.fr,,,https://espaceimmobiliersanary.fr/o1b3l8i6q0u4a10956.phtml,2026-09-30
espaceimmobiliersanary.fr,,,https://espaceimmobiliersanary.fr/o1r2d9a1l8i6a1n04.phtml,2026-09-30
espaceimmobiliersanary.fr,,,https://espaceimmobiliersanary.fr/o1u1t1g2e8n9e4r5a4l86.phtml,2026-09-30
espaceimmobiliersanary.fr,,,https://espaceimmobiliersanary.fr/o1v2e6r1h5a4u1l3i1n8g3.phtml,2026-09-30
espaceimmobiliersanary.fr,,,https://espaceimmobiliersanary.fr/o1v2i5f4o4r5m49891.phtml,2026-09-30
espaceimmobiliersanary.fr,,,https://espaceimmobiliersanary.fr/o1v9e2r5p4r9o3o3f69.phtml,2026-09-30
espaceimmobiliersanary.fr,,,https://espaceimmobiliersanary.fr/o2b3t9e5n9d969237.phtml,2026-09-30
espaceimmobiliersanary.fr,,,https://espaceimmobiliersanary.fr/o2f4f1i0c5i5a5n9t329.phtml,2026-09-30
espaceimmobiliersanary.fr,,,https://espaceimmobiliersanary.fr/o2p1e1n6t4i8d1e7000.phtml,2026-09-30
espaceimmobiliersanary.fr,,,https://espaceimmobiliersanary.fr/o2p1h9i0o6x5y9l5o2n7.phtml,2026-09-30
espaceimmobiliersanary.fr,,,https://espaceimmobiliersanary.fr/o2p3e0r8a0t6e6d3158.phtml,2026-09-30
espaceimmobiliersanary.fr,,,https://espaceimmobiliersanary.fr/o2r1d1i0n7a6t0i8o7n77.phtml,2026-09-30
espaceimmobiliersanary.fr,,,https://espaceimmobiliersanary.fr/o2s2c8i6n7i9d4a5e938.phtml,2026-09-30
espaceimmobiliersanary.fr,,,https://espaceimmobiliersanary.fr/o2u1t2r6u2n3n7i6n4g45.phtml,2026-09-30
espaceimmobiliersanary.fr,,,https://espaceimmobiliersanary.fr/o2u3t8h1e2r0o3d2768.phtml,2026-09-30
espaceimmobiliersanary.fr,,,https://espaceimmobiliersanary.fr/o2v1e9r9a5g9i9t8a1t8e8.phtml,2026-09-30
espaceimmobiliersanary.fr,,,https://espaceimmobiliersanary.fr/o2v1i7f5o6r4m21276.phtml,2026-09-30
espaceimmobiliersanary.fr,,,https://espaceimmobiliersanary.fr/o2v7e4r1s8e7x6e0d3.phtml,2026-09-30
espaceimmobiliersanary.fr,,,https://espaceimmobiliersanary.fr/o3b3l6i9q4u4a88413.phtml,2026-09-30
espaceimmobiliersanary.fr,,,https://espaceimmobiliersanary.fr/o3p2h5i7o3m0a1n7c6y85.phtml,2026-09-30
espaceimmobiliersanary.fr,,,https://espaceimmobiliersanary.fr/o3r1t0h7o2g0r3a5p9h5y2.phtml,2026-09-30
espaceimmobiliersanary.fr,,,https://espaceimmobiliersanary.fr/o3r2d1a3l6i5a7n6329.phtml,2026-09-30
espaceimmobiliersanary.fr,,,https://espaceimmobiliersanary.fr/o3r2i0e5n9t6a8l4955.phtml,2026-09-30
espaceimmobiliersanary.fr,,,https://espaceimmobiliersanary.fr/o3s6t8e5o9l1o6g4y57.phtml,2026-09-30
espaceimmobiliersanary.fr,,,https://espaceimmobiliersanary.fr/o4c1c0u2r0r4e6n2t894.phtml,2026-09-30
espaceimmobiliersanary.fr,,,https://espaceimmobiliersanary.fr/o4c1c8i8d5e0n0t1alis.phtml,2026-09-30
espaceimmobiliersanary.fr,,,https://espaceimmobiliersanary.fr/o4e3d2e5m9i4a01877.phtml,2026-09-30
espaceimmobiliersanary.fr,,,https://espaceimmobiliersanary.fr/o4p3p6o4r0t1u4n5i7t9y9.phtml,2026-09-30
espaceimmobiliersanary.fr,,,https://espaceimmobiliersanary.fr/o4p4u2s2c3l2e43336.phtml,2026-09-30
espaceimmobiliersanary.fr,,,https://espaceimmobiliersanary.fr/o4r1t7h9o7s2i7l7i6c1i3c.phtml,2026-09-30
espaceimmobiliersanary.fr,,,https://espaceimmobiliersanary.fr/o5a1f5i9s5h710767.phtml,2026-09-30
espaceimmobiliersanary.fr,,,https://espaceimmobiliersanary.fr/o5p2i6a2n2i7n7e1495.phtml,2026-09-30
espaceimmobiliersanary.fr,,,https://espaceimmobiliersanary.fr/o5p3e2n0f2a4c9e2d343.phtml,2026-09-30
espaceimmobiliersanary.fr,,,https://espaceimmobiliersanary.fr/o5r1p0h8a9l1i3n7e725.phtml,2026-09-30
espaceimmobiliersanary.fr,,,https://espaceimmobiliersanary.fr/o5u1t7r0u9n2n2i2n7g90.phtml,2026-09-30
espaceimmobiliersanary.fr,,,https://espaceimmobiliersanary.fr/o5v4e0r5s8t1r3i3c6t32.phtml,2026-09-30
espaceimmobiliersanary.fr,,,https://espaceimmobiliersanary.fr/o6b1l5i4t8e890004.phtml,2026-09-30
espaceimmobiliersanary.fr,,,https://espaceimmobiliersanary.fr/o6b3l9o6n1g1n8e1s3s36.phtml,2026-09-30
espaceimmobiliersanary.fr,,,https://espaceimmobiliersanary.fr/o6b4l0i0q8u1a65606.phtml,2026-09-30
espaceimmobiliersanary.fr,,,https://espaceimmobiliersanary.fr/o6f4f2e6n3d4r9e2s5s40.phtml,2026-09-30
espaceimmobiliersanary.fr,,,https://espaceimmobiliersanary.fr/o6r2g2a0n7o3g0e1n70.phtml,2026-09-30
espaceimmobiliersanary.fr,,,https://espaceimmobiliersanary.fr/o6s4t2e2o0l8o1g9y154.phtml,2026-09-30
espaceimmobiliersanary.fr,,,https://espaceimmobiliersanary.fr/o6u3t8h5e8r3o9d906.phtml,2026-09-30
espaceimmobiliersanary.fr,,,https://espaceimmobiliersanary.fr/o7a2f5i0s3h530047.phtml,2026-09-30
espaceimmobiliersanary.fr,,,https://espaceimmobiliersanary.fr/o7f4f2i4c4i9a2n5t387.phtml,2026-09-30
espaceimmobiliersanary.fr,,,https://espaceimmobiliersanary.fr/o7m1i4n7o5u4s2n0e7s1s1.phtml,2026-09-30
espaceimmobiliersanary.fr,,,https://espaceimmobiliersanary.fr/o7p3i3n3i7a5t0o5r366.phtml,2026-09-30
espaceimmobiliersanary.fr,,,https://espaceimmobiliersanary.fr/o8n1g8u2e1n5t47353.phtml,2026-09-30
espaceimmobiliersanary.fr,"Espace Immo, votre média immobilier de référence en France",votre média immobilier,https://espaceimmobiliersanary.fr/o8p4h1i1o3x6y8l8o3n13.phtml,2026-09-30
espaceimmobiliersanary.fr,"Espace Immo, votre média immobilier de référence en France",votre média immobilier,https://espaceimmobiliersanary.fr/o8r1t3h0o7g9r8a2p8h9i4cally.phtml,2026-09-30
espaceimmobiliersanary.fr,"Espace Immo, votre média immobilier de référence en France",votre média immobilier,https://espaceimmobiliersanary.fr/o9b3l1i1q3u8a83279.phtml,2026-09-30
espaceimmobiliersanary.fr,"Espace Immo, votre média immobilier de référence en France",votre média immobilier,https://espaceimmobiliersanary.fr/o9c1c4i9d6e3n9t6a6l7is.phtml,2026-09-30
espaceimmobiliersanary.fr,"Espace Immo, votre média immobilier de référence en France",votre média immobilier,https://espaceimmobiliersanary.fr/o9l1e0i9c2514414.phtml,2026-09-30
espaceimmobiliersanary.fr,"Espace Immo, votre média immobilier de référence en France",votre média immobilier,https://espaceimmobiliersanary.fr/o9r1t9h4o5s0i3l2i2c6i3c.phtml,2026-09-30
espaceimmobiliersanary.fr,"Espace Immo, votre média immobilier de référence en France",votre média immobilier,https://espaceimmobiliersanary.fr/o9u1t7p1a7r2a3m6o7u4r5.phtml,2026-09-30
espaceimmobiliersanary.fr,"Espace Immo, votre média immobilier de référence en France",votre média immobilier,https://espaceimmobiliersanary.fr/o9v2e8r8h6a0n8g7i7n6g1.phtml,2026-09-30
espaceimmobiliersanary.fr,"Espace Immo, votre média immobilier de référence en France",votre média immobilier,https://espaceimmobiliersanary.fr/o9v3e1r2s0h8a4d8o6w5y8.phtml,2026-09-30
espaceimmobiliersanary.fr,"Espace Immo, votre média immobilier de référence en France",votre média immobilier,https://espaceimmobiliersanary.fr/p0a2r7s2n5i1p7428.phtml,2026-09-30
espaceimmobiliersanary.fr,"Espace Immo, votre média immobilier de référence en France",votre média immobilier,https://espaceimmobiliersanary.fr/p0a4r0a8l5l0e6l8o1p3iped.phtml,2026-09-30
espaceimmobiliersanary.fr,"Espace Immo, votre média immobilier de référence en France",votre média immobilier,https://espaceimmobiliersanary.fr/p0a5u8c1i6s0p5i8n4u9s.phtml,2026-09-30
espaceimmobiliersanary.fr,"Espace Immo, votre média immobilier de référence en France",votre média immobilier,https://espaceimmobiliersanary.fr/p0e1k2a5n4151360.phtml,2026-09-30
espaceimmobiliersanary.fr,"Espace Immo, votre média immobilier de référence en France",votre média immobilier,https://espaceimmobiliersanary.fr/p0h3o0t8o6t6y2p7y584.phtml,2026-09-30
espaceimmobiliersanary.fr,"Espace Immo, votre média immobilier de référence en France",votre média immobilier,https://espaceimmobiliersanary.fr/p0l4e0c7t3o0g6n4a4t7h2.phtml,2026-09-30
espaceimmobiliersanary.fr,"Espace Immo, votre média immobilier de référence en France",votre média immobilier,https://espaceimmobiliersanary.fr/p0o1l5y9p3i5p4a6r1o7u7s.phtml,2026-09-30
espaceimmobiliersanary.fr,"Espace Immo, votre média immobilier de référence en France",votre média immobilier,https://espaceimmobiliersanary.fr/p0o3s5t2e8r8n22221.phtml,2026-09-30
espaceimmobiliersanary.fr,"Espace Immo, votre média immobilier de référence en France",votre média immobilier,https://espaceimmobiliersanary.fr/p0r1o7d4u7c0e8n0t177.phtml,2026-09-30
espaceimmobiliersanary.fr,"Espace Immo, votre média immobilier de référence en France",votre média immobilier,https://espaceimmobiliersanary.fr/p0r2o0n4g0h0o0r1n788.phtml,2026-09-30
espaceimmobiliersanary.fr,"Espace Immo, votre média immobilier de référence en France",votre média immobilier,https://espaceimmobiliersanary.fr/p0r3i5c5k3y535587.phtml,2026-09-30
espaceimmobiliersanary.fr,"Espace Immo, votre média immobilier de référence en France",votre média immobilier,https://espaceimmobiliersanary.fr/p0s2e9u3d6o4s4t8o7m2a0ta.phtml,2026-09-30
espaceimmobiliersanary.fr,"Espace Immo, votre média immobilier de référence en France",votre média immobilier,https://espaceimmobiliersanary.fr/p0s2y5c8h4i5c7a1l868.phtml,2026-09-30
espaceimmobiliersanary.fr,"Espace Immo, votre média immobilier de référence en France",votre média immobilier,https://espaceimmobiliersanary.fr/p0y2r5a8m5i9d4o7i4d90.phtml,2026-09-30
espaceimmobiliersanary.fr,"Espace Immo, votre média immobilier de référence en France",votre média immobilier,https://espaceimmobiliersanary.fr/p1a1l3a9s9a577897.phtml,2026-09-30
espaceimmobiliersanary.fr,"Espace Immo, votre média immobilier de référence en France",votre média immobilier,https://espaceimmobiliersanary.fr/p1a2t3t9y8170863.phtml,2026-09-30
espaceimmobiliersanary.fr,"Espace Immo, votre média immobilier de référence en France",votre média immobilier,https://espaceimmobiliersanary.fr/p1a4n1a8b5a6s0e0165.phtml,2026-09-30
espaceimmobiliersanary.fr,"Espace Immo, votre média immobilier de référence en France",votre média immobilier,https://espaceimmobiliersanary.fr/p1e2t2r5e0a4n16181.phtml,2026-09-30
espaceimmobiliersanary.fr,"Espace Immo, votre média immobilier de référence en France",votre média immobilier,https://espaceimmobiliersanary.fr/p1h1e8n6o0l7o0g7i3c9al.phtml,2026-09-30
espaceimmobiliersanary.fr,"Espace Immo, votre média immobilier de référence en France",votre média immobilier,https://espaceimmobiliersanary.fr/p1i3n3a0s4t6e1r4506.phtml,2026-09-30
espaceimmobiliersanary.fr,"Espace Immo, votre média immobilier de référence en France",votre média immobilier,https://espaceimmobiliersanary.fr/p1i9t8a5p8a0t3447.phtml,2026-09-30
espaceimmobiliersanary.fr,"Espace Immo, votre média immobilier de référence en France",votre média immobilier,https://espaceimmobiliersanary.fr/p1l1e4c7t4o0g4n5a1t0h5.phtml,2026-09-30
espaceimmobiliersanary.fr,,,https://espaceimmobiliersanary.fr/p1o1n9d9e0r0o3s3i7t7i8es.phtml,2026-09-30
espaceimmobiliersanary.fr,,,https://espaceimmobiliersanary.fr/p1o2d1o5p3h6t7h8a1l0m1ite.phtml,2026-09-30
espaceimmobiliersanary.fr,,,https://espaceimmobiliersanary.fr/p1o2r0c0e6l7l8u1s667.phtml,2026-09-30
espaceimmobiliersanary.fr,,,https://espaceimmobiliersanary.fr/p1o2s6t1c4o2m0m1u0n8i4on.phtml,2026-09-30
espaceimmobiliersanary.fr,,,https://espaceimmobiliersanary.fr/p1r1o1b4a2t2e68224.phtml,2026-09-30
espaceimmobiliersanary.fr,,,https://espaceimmobiliersanary.fr/p1r3o4d4u3c0e2n8t073.phtml,2026-09-30
espaceimmobiliersanary.fr,,,https://espaceimmobiliersanary.fr/p1r9e7c8o5n2s4t0i9tute.phtml,2026-09-30
espaceimmobiliersanary.fr,,,https://espaceimmobiliersanary.fr/p2a2n7h3a8n1d5l1e2r76.phtml,2026-09-30
espaceimmobiliersanary.fr,,,https://espaceimmobiliersanary.fr/p2e1n6t3o5n8e04190.phtml,2026-09-30
espaceimmobiliersanary.fr,,,https://espaceimmobiliersanary.fr/p2e2n0d0u5l5a69584.phtml,2026-09-30
espaceimmobiliersanary.fr,,,https://espaceimmobiliersanary.fr/p2e2n3e5t4r5a6n3s282.phtml,2026-09-30
espaceimmobiliersanary.fr,,,https://espaceimmobiliersanary.fr/p2e2n3u4l5t992839.phtml,2026-09-30
espaceimmobiliersanary.fr,,,https://espaceimmobiliersanary.fr/p2e2r0c5e6p1t4i4v7e27.phtml,2026-09-30
espaceimmobiliersanary.fr,,,https://espaceimmobiliersanary.fr/p2e3r6s7e5c3u6t4e7d72.phtml,2026-09-30
espaceimmobiliersanary.fr,,,https://espaceimmobiliersanary.fr/p2o2m8a2d6e762555.phtml,2026-09-30
espaceimmobiliersanary.fr,,,https://espaceimmobiliersanary.fr/p2r1e3r0e7s4o3l2v6e9.phtml,2026-09-30
espaceimmobiliersanary.fr,,,https://espaceimmobiliersanary.fr/p2r2o8p4e6n8s8e7l1y49.phtml,2026-09-30
espaceimmobiliersanary.fr,,,https://espaceimmobiliersanary.fr/p2s3e8u4d4o2s6t8o0m0a1ta.phtml,2026-09-30
espaceimmobiliersanary.fr,,,https://espaceimmobiliersanary.fr/p2s3y4c9h2i3c9a1l149.phtml,2026-09-30
espaceimmobiliersanary.fr,,,https://espaceimmobiliersanary.fr/p3a2r6a8g2r9a6p3h4i7n4g.phtml,2026-09-30
espaceimmobiliersanary.fr,,,https://espaceimmobiliersanary.fr/p3a7r6a1d5i9g5m7a4t8ical.phtml,2026-09-30
espaceimmobiliersanary.fr,,,https://espaceimmobiliersanary.fr/p3e2n3u1r6i5o2u7s1l4y6.phtml,2026-09-30
espaceimmobiliersanary.fr,,,https://espaceimmobiliersanary.fr/p3e2r2i2n9e5p2h0r9i1t5is.phtml,2026-09-30
espaceimmobiliersanary.fr,,,https://espaceimmobiliersanary.fr/p3e2r4s2e5a263035.phtml,2026-09-30
espaceimmobiliersanary.fr,,,https://espaceimmobiliersanary.fr/p3i1c7k2e6r577844.phtml,2026-09-30
espaceimmobiliersanary.fr,,,https://espaceimmobiliersanary.fr/p3i1l5d0i0a348293.phtml,2026-09-30
espaceimmobiliersanary.fr,,,https://espaceimmobiliersanary.fr/p3o1s2t1i4c1o8u0s076.phtml,2026-09-30
espaceimmobiliersanary.fr,,,https://espaceimmobiliersanary.fr/p3o8l4y9m8e1r4o0u9s4.phtml,2026-09-30
espaceimmobiliersanary.fr,,,https://espaceimmobiliersanary.fr/p3r2i3e4s8t4l1i7n0e5s3s.phtml,2026-09-30
espaceimmobiliersanary.fr,,,https://espaceimmobiliersanary.fr/p3r3i8c0k7y443980.phtml,2026-09-30
espaceimmobiliersanary.fr,,,https://espaceimmobiliersanary.fr/p4a1l5l0a1d5i6a0n392.phtml,2026-09-30
espaceimmobiliersanary.fr,,,https://espaceimmobiliersanary.fr/p4a1r8a9g4r8a3p4h8i4n3g.phtml,2026-09-30
espaceimmobiliersanary.fr,,,https://espaceimmobiliersanary.fr/p4a3y1m3a7n00827.phtml,2026-09-30
espaceimmobiliersanary.fr,,,https://espaceimmobiliersanary.fr/p4e1n9a6n4c5e4d9724.phtml,2026-09-30
espaceimmobiliersanary.fr,,,https://espaceimmobiliersanary.fr/p4e3n2u5l3t812120.phtml,2026-09-30
espaceimmobiliersanary.fr,,,https://espaceimmobiliersanary.fr/p4h2y3t2o1t1o1m5a950.phtml,2026-09-30
espaceimmobiliersanary.fr,,,https://espaceimmobiliersanary.fr/p4i3s4t8i8l8l0a0t2e44.phtml,2026-09-30
espaceimmobiliersanary.fr,,,https://espaceimmobiliersanary.fr/p4i3t5h2y7610106.phtml,2026-09-30
espaceimmobiliersanary.fr,,,https://espaceimmobiliersanary.fr/p4r1i7n8c6i8p8i7a9l38.phtml,2026-09-30
espaceimmobiliersanary.fr,,,https://espaceimmobiliersanary.fr/p4r8e6l4a1t3i7z7e85.phtml,2026-09-30
espaceimmobiliersanary.fr,,,https://espaceimmobiliersanary.fr/p4s3e5u3d6o7s8t7o6m9a8ta.phtml,2026-09-30
espaceimmobiliersanary.fr,,,https://espaceimmobiliersanary.fr/p4u2m7i7c1a5t9e8d608.phtml,2026-09-30
espaceimmobiliersanary.fr,,,https://espaceimmobiliersanary.fr/p5e1n5e9t4r4a9n8s668.phtml,2026-09-30
espaceimmobiliersanary.fr,,,https://espaceimmobiliersanary.fr/p5e3s4t8o1623735.phtml,2026-09-30
espaceimmobiliersanary.fr,,,https://espaceimmobiliersanary.fr/p5e8n0t7o5n8e2119.phtml,2026-09-30
espaceimmobiliersanary.fr,,,https://espaceimmobiliersanary.fr/p5h1i9l1o9p1o0l6e7m9i8c.phtml,2026-09-30
espaceimmobiliersanary.fr,,,https://espaceimmobiliersanary.fr/p5i1c9k0e2e8r00320.phtml,2026-09-30
espaceimmobiliersanary.fr,,,https://espaceimmobiliersanary.fr/p5i3t0h7y6074386.phtml,2026-09-30
espaceimmobiliersanary.fr,,,https://espaceimmobiliersanary.fr/p5l1o4t8u3s600388.phtml,2026-09-30
espaceimmobiliersanary.fr,,,https://espaceimmobiliersanary.fr/p5o1l7y4m9e2r4o4u7s67.phtml,2026-09-30
espaceimmobiliersanary.fr,,,https://espaceimmobiliersanary.fr/p5o4n1d9e5r2a3b8i6lity.phtml,2026-09-30
espaceimmobiliersanary.fr,,,https://espaceimmobiliersanary.fr/p5o5l0y5g0y8n1i3a54.phtml,2026-09-30
espaceimmobiliersanary.fr,,,https://espaceimmobiliersanary.fr/p5r1o2c3r9a0s5t6i9n6a5ted.phtml,2026-09-30
espaceimmobiliersanary.fr,,,https://espaceimmobiliersanary.fr/p5r2e7d8e9t9e0r6m1i3n7ed.phtml,2026-09-30
espaceimmobiliersanary.fr,,,https://espaceimmobiliersanary.fr/p5r2o0v4e1r213887.phtml,2026-09-30
espaceimmobiliersanary.fr,,,https://espaceimmobiliersanary.fr/p5r2o6o5f8l0e8s6s5l5y3.phtml,2026-09-30
espaceimmobiliersanary.fr,,,https://espaceimmobiliersanary.fr/p5r3e6r0e6s9o2l5v7e10.phtml,2026-09-30
espaceimmobiliersanary.fr,,,https://espaceimmobiliersanary.fr/p6a1l4a8s0a223699.phtml,2026-09-30
espaceimmobiliersanary.fr,,,https://espaceimmobiliersanary.fr/p6a4r2a2d9i3g8m9a5t8i1cal.phtml,2026-09-30
espaceimmobiliersanary.fr,,,https://espaceimmobiliersanary.fr/p6e2r7s4e6a280260.phtml,2026-09-30
espaceimmobiliersanary.fr,,,https://espaceimmobiliersanary.fr/p6e3p2a6s0t6i3c9.phtml,2026-09-30
espaceimmobiliersanary.fr,,,https://espaceimmobiliersanary.fr/p6e7y2e6r9s36333.phtml,2026-09-30
espaceimmobiliersanary.fr,,,https://espaceimmobiliersanary.fr/p6e8n0e7t4r1a8n5s96.phtml,2026-09-30
espaceimmobiliersanary.fr,,,https://espaceimmobiliersanary.fr/p6h3e3n3o8l2o5g4i2c1al.phtml,2026-09-30
espaceimmobiliersanary.fr,,,https://espaceimmobiliersanary.fr/p6i1a8c1l6e795058.phtml,2026-09-30
espaceimmobiliersanary.fr,,,https://espaceimmobiliersanary.fr/p6i3n4a4s3t9e8r0564.phtml,2026-09-30
espaceimmobiliersanary.fr,,,https://espaceimmobiliersanary.fr/p6i9s4t3i1l2l1a9t7e.phtml,2026-09-30
espaceimmobiliersanary.fr,,,https://espaceimmobiliersanary.fr/p6o1l8y6h7i1s5t6o0r17.phtml,2026-09-30
espaceimmobiliersanary.fr,,,https://espaceimmobiliersanary.fr/p6r1e4f3i7d7e7n7c5e40.phtml,2026-09-30
espaceimmobiliersanary.fr,,,https://espaceimmobiliersanary.fr/p6r2o0g5r6a3m0m8i2n5g0.phtml,2026-09-30
espaceimmobiliersanary.fr,,,https://espaceimmobiliersanary.fr/p6r2o4b2a0t6i7o4n2e3r1.phtml,2026-09-30
espaceimmobiliersanary.fr,,,https://espaceimmobiliersanary.fr/p6r3o5d8u2c3e9n4t131.phtml,2026-09-30
espaceimmobiliersanary.fr,"Espace Immo, votre média immobilier de référence en France",votre média immobilier,https://espaceimmobiliersanary.fr/p6y3r2g8o4m278798.phtml,2026-09-30
espaceimmobiliersanary.fr,"Espace Immo, votre média immobilier de référence en France",votre média immobilier,https://espaceimmobiliersanary.fr/p7a1r7k0i2n3s0o5n9i0s5m.phtml,2026-09-30
espaceimmobiliersanary.fr,"Espace Immo, votre média immobilier de référence en France",votre média immobilier,https://espaceimmobiliersanary.fr/p7a1v7a5g2e881048.phtml,2026-09-30
espaceimmobiliersanary.fr,"Espace Immo, votre média immobilier de référence en France",votre média immobilier,https://espaceimmobiliersanary.fr/p7a2t5r8o3n7a3t3e57.phtml,2026-09-30
espaceimmobiliersanary.fr,"Espace Immo, votre média immobilier de référence en France",votre média immobilier,https://espaceimmobiliersanary.fr/p7a3l8i7n9g5e8n3e0s4i3s.phtml,2026-09-30
espaceimmobiliersanary.fr,"Espace Immo, votre média immobilier de référence en France",votre média immobilier,https://espaceimmobiliersanary.fr/p7a4r2o6n7y0c3h2i7a52.phtml,2026-09-30
espaceimmobiliersanary.fr,"Espace Immo, votre média immobilier de référence en France",votre média immobilier,https://espaceimmobiliersanary.fr/p7e1t6r6e9a8n11048.phtml,2026-09-30
espaceimmobiliersanary.fr,"Espace Immo, votre média immobilier de référence en France",votre média immobilier,https://espaceimmobiliersanary.fr/p7e9n5t5a1m7e3r2a78.phtml,2026-09-30
espaceimmobiliersanary.fr,"Espace Immo, votre média immobilier de référence en France",votre média immobilier,https://espaceimmobiliersanary.fr/p7i3t9h8y3893651.phtml,2026-09-30
espaceimmobiliersanary.fr,"Espace Immo, votre média immobilier de référence en France",votre média immobilier,https://espaceimmobiliersanary.fr/p7o1d6o4p7h5t2h1a8l6m4ite.phtml,2026-09-30
espaceimmobiliersanary.fr,"Espace Immo, votre média immobilier de référence en France",votre média immobilier,https://espaceimmobiliersanary.fr/p7o3r5c1e3l8l9u1s349.phtml,2026-09-30
espaceimmobiliersanary.fr,"Espace Immo, votre média immobilier de référence en France",votre média immobilier,https://espaceimmobiliersanary.fr/p7r1e8s6c8r3i6b8e1r00.phtml,2026-09-30
espaceimmobiliersanary.fr,"Espace Immo, votre média immobilier de référence en France",votre média immobilier,https://espaceimmobiliersanary.fr/p7r2e6d2e3t9e8r3m5i9n4ed.phtml,2026-09-30
espaceimmobiliersanary.fr,"Espace Immo, votre média immobilier de référence en France",votre média immobilier,https://espaceimmobiliersanary.fr/p7r3e8c8o7n7s1t2i0t5u9te.phtml,2026-09-30
espaceimmobiliersanary.fr,"Espace Immo, votre média immobilier de référence en France",votre média immobilier,https://espaceimmobiliersanary.fr/p7r3i1e7s5t6e3r2y683.phtml,2026-09-30
espaceimmobiliersanary.fr,"Espace Immo, votre média immobilier de référence en France",votre média immobilier,https://espaceimmobiliersanary.fr/p7r8e2a7n7n0o6u7n1c3e.phtml,2026-09-30
espaceimmobiliersanary.fr,"Espace Immo, votre média immobilier de référence en France",votre média immobilier,https://espaceimmobiliersanary.fr/p7y3r2o6g5e2n0o2u7s80.phtml,2026-09-30
espaceimmobiliersanary.fr,"Espace Immo, votre média immobilier de référence en France",votre média immobilier,https://espaceimmobiliersanary.fr/p8a2n1h1a3n8d9l0e8r7.phtml,2026-09-30
espaceimmobiliersanary.fr,"Espace Immo, votre média immobilier de référence en France",votre média immobilier,https://espaceimmobiliersanary.fr/p8a3t7r6o6n2a6t0e581.phtml,2026-09-30
espaceimmobiliersanary.fr,"Espace Immo, votre média immobilier de référence en France",votre média immobilier,https://espaceimmobiliersanary.fr/p8e2s6t6o2838880.phtml,2026-09-30
espaceimmobiliersanary.fr,"Espace Immo, votre média immobilier de référence en France",votre média immobilier,https://espaceimmobiliersanary.fr/p8i1c8k7e4r332526.phtml,2026-09-30
espaceimmobiliersanary.fr,"Espace Immo, votre média immobilier de référence en France",votre média immobilier,https://espaceimmobiliersanary.fr/p8i2t0a4p2a4t25986.phtml,2026-09-30
espaceimmobiliersanary.fr,"Espace Immo, votre média immobilier de référence en France",votre média immobilier,https://espaceimmobiliersanary.fr/p8l1e8a4s1u6r7e1f9u6l3.phtml,2026-09-30
espaceimmobiliersanary.fr,"Espace Immo, votre média immobilier de référence en France",votre média immobilier,https://espaceimmobiliersanary.fr/p8o1l9y8p7i8p6a9r1o7u2s.phtml,2026-09-30
espaceimmobiliersanary.fr,"Espace Immo, votre média immobilier de référence en France",votre média immobilier,https://espaceimmobiliersanary.fr/p8o2l7y7h4i9s7t5o2r97.phtml,2026-09-30
espaceimmobiliersanary.fr,"Espace Immo, votre média immobilier de référence en France",votre média immobilier,https://espaceimmobiliersanary.fr/p8o3l6y3p4h1o8n1e405.phtml,2026-09-30
espaceimmobiliersanary.fr,"Espace Immo, votre média immobilier de référence en France",votre média immobilier,https://espaceimmobiliersanary.fr/p8r2o9g6r5a1m7m6i1n0g6.phtml,2026-09-30
espaceimmobiliersanary.fr,"Espace Immo, votre média immobilier de référence en France",votre média immobilier,https://espaceimmobiliersanary.fr/p8s3y1c8h0i2c2a1l471.phtml,2026-09-30
espaceimmobiliersanary.fr,"Espace Immo, votre média immobilier de référence en France",votre média immobilier,https://espaceimmobiliersanary.fr/p9a1u5c9i7s0p8i6n3u7s3.phtml,2026-09-30
espaceimmobiliersanary.fr,"Espace Immo, votre média immobilier de référence en France",votre média immobilier,https://espaceimmobiliersanary.fr/p9e1n3i7c7i0l2l9a1t2e1.phtml,2026-09-30
espaceimmobiliersanary.fr,,,https://espaceimmobiliersanary.fr/p9l3e3a3s6u2r9e3f2u6l7.phtml,2026-09-30
espaceimmobiliersanary.fr,,,https://espaceimmobiliersanary.fr/p9l4a2t5i5t4u7d8i5n6a9rian.phtml,2026-09-30
espaceimmobiliersanary.fr,,,https://espaceimmobiliersanary.fr/p9l8e4s8a6n0c1e995.phtml,2026-09-30
espaceimmobiliersanary.fr,,,https://espaceimmobiliersanary.fr/p9o1d5o4p1h3t6h8a1l5m3ite.phtml,2026-09-30
espaceimmobiliersanary.fr,,,https://espaceimmobiliersanary.fr/p9o1t8a2t2i7o5n9468.phtml,2026-09-30
espaceimmobiliersanary.fr,,,https://espaceimmobiliersanary.fr/p9r1i6e5s1t7h5o4o8d9.phtml,2026-09-30
espaceimmobiliersanary.fr,,,https://espaceimmobiliersanary.fr/p9r2e9e6x8i5s5t2811.phtml,2026-09-30
espaceimmobiliersanary.fr,,,https://espaceimmobiliersanary.fr/p9r3e2n2t2i9c7e0s8h0i5p.phtml,2026-09-30
espaceimmobiliersanary.fr,,,https://espaceimmobiliersanary.fr/q0u4a1t2e9r8n3a1t2e68.phtml,2026-09-30
espaceimmobiliersanary.fr,,,https://espaceimmobiliersanary.fr/q1u6o1t0e28388.phtml,2026-09-30
espaceimmobiliersanary.fr,,,https://espaceimmobiliersanary.fr/q3u1a6r0t0a4n63062.phtml,2026-09-30
espaceimmobiliersanary.fr,,,https://espaceimmobiliersanary.fr/q3u1i0n2s3y839583.phtml,2026-09-30
espaceimmobiliersanary.fr,,,https://espaceimmobiliersanary.fr/q3u2o0t3e5249461.phtml,2026-09-30
espaceimmobiliersanary.fr,,,https://espaceimmobiliersanary.fr/q6u1a4t0e1r7n4a2t4e87.phtml,2026-09-30
espaceimmobiliersanary.fr,,,https://espaceimmobiliersanary.fr/q8u3a8n0t0i3f9y019.phtml,2026-09-30
espaceimmobiliersanary.fr,,,https://espaceimmobiliersanary.fr/r0a2d3i2o7t0e8l0e3g4r4aphy.phtml,2026-09-30
espaceimmobiliersanary.fr,,,https://espaceimmobiliersanary.fr/r0a3b8a0n9e6t08554.phtml,2026-09-30
espaceimmobiliersanary.fr,,,https://espaceimmobiliersanary.fr/r0e2g9l6e1m5e3n9t8a2r5y.phtml,2026-09-30
espaceimmobiliersanary.fr,,,https://espaceimmobiliersanary.fr/r0e2m1e5d9i6l4e2s5s2l7y.phtml,2026-09-30
espaceimmobiliersanary.fr,,,https://espaceimmobiliersanary.fr/r0e6a1d3i8n4e1s0s82.phtml,2026-09-30
espaceimmobiliersanary.fr,,,https://espaceimmobiliersanary.fr/r0e9v7o0c7a0b9l0y84.phtml,2026-09-30
espaceimmobiliersanary.fr,,,https://espaceimmobiliersanary.fr/r0o2n6n6e0n414666.phtml,2026-09-30
espaceimmobiliersanary.fr,,,https://espaceimmobiliersanary.fr/r0o4b1a3l2o59108.phtml,2026-09-30
espaceimmobiliersanary.fr,,,https://espaceimmobiliersanary.fr/r0o8u4g5h2c2a5s2t90.phtml,2026-09-30
espaceimmobiliersanary.fr,,,https://espaceimmobiliersanary.fr/r0u3c6t8i4o8n4836.phtml,2026-09-30
espaceimmobiliersanary.fr,,,https://espaceimmobiliersanary.fr/r1a1s0c2a1l6l7y4993.phtml,2026-09-30
espaceimmobiliersanary.fr,,,https://espaceimmobiliersanary.fr/r1a6c6k8e2t9t291.phtml,2026-09-30
espaceimmobiliersanary.fr,,,https://espaceimmobiliersanary.fr/r1e2f6i4t8696992.phtml,2026-09-30
espaceimmobiliersanary.fr,,,https://espaceimmobiliersanary.fr/r1e3t9r8o2v5e1r8s0i4o5n.phtml,2026-09-30
espaceimmobiliersanary.fr,,,https://espaceimmobiliersanary.fr/r1e3t9r9o8g8r2e4s5s23.phtml,2026-09-30
espaceimmobiliersanary.fr,,,https://espaceimmobiliersanary.fr/r1o2m3k7i9n440187.phtml,2026-09-30
espaceimmobiliersanary.fr,,,https://espaceimmobiliersanary.fr/r1o2u4g1h2l3y31031.phtml,2026-09-30
espaceimmobiliersanary.fr,,,https://espaceimmobiliersanary.fr/r1o3u3n1d8l9e3t8213.phtml,2026-09-30
espaceimmobiliersanary.fr,,,https://espaceimmobiliersanary.fr/r1u3t3t2y0150312.phtml,2026-09-30
espaceimmobiliersanary.fr,,,https://espaceimmobiliersanary.fr/r2a2s4c4a9l1l8y7433.phtml,2026-09-30
espaceimmobiliersanary.fr,,,https://espaceimmobiliersanary.fr/r2a3n5u8n8c3u5l8u5s57.phtml,2026-09-30
espaceimmobiliersanary.fr,,,https://espaceimmobiliersanary.fr/r2e1o7r0g5a6n8i2z5e94.phtml,2026-09-30
espaceimmobiliersanary.fr,,,https://espaceimmobiliersanary.fr/r2e2v0o1c2a7b4l6y093.phtml,2026-09-30
espaceimmobiliersanary.fr,,,https://espaceimmobiliersanary.fr/r2e3t9r8e2n6c8h1m5e6n8t.phtml,2026-09-30
espaceimmobiliersanary.fr,,,https://espaceimmobiliersanary.fr/r2e6c1u0p4e6r4a3t9o3r.phtml,2026-09-30
espaceimmobiliersanary.fr,,,https://espaceimmobiliersanary.fr/r2o3s2m7a1r1i6n7e174.phtml,2026-09-30
espaceimmobiliersanary.fr,,,https://espaceimmobiliersanary.fr/r3a2n9u3n5c4u9l6u2s13.phtml,2026-09-30
espaceimmobiliersanary.fr,,,https://espaceimmobiliersanary.fr/r3e2c9o1u7p9m7e7n6t36.phtml,2026-09-30
espaceimmobiliersanary.fr,,,https://espaceimmobiliersanary.fr/r3e2w9e6l6128597.phtml,2026-09-30
espaceimmobiliersanary.fr,,,https://espaceimmobiliersanary.fr/r3e3c7o0u4n0t59809.phtml,2026-09-30
espaceimmobiliersanary.fr,,,https://espaceimmobiliersanary.fr/r3e9a0d5y810202.phtml,2026-09-30
espaceimmobiliersanary.fr,,,https://espaceimmobiliersanary.fr/r3u1b2i1n0e8u0s3387.phtml,2026-09-30
espaceimmobiliersanary.fr,,,https://espaceimmobiliersanary.fr/r3u1f1i3v3i6r9g7a7t8a1.phtml,2026-09-30
espaceimmobiliersanary.fr,,,https://espaceimmobiliersanary.fr/r4a3c5k3e4t6t23092.phtml,2026-09-30
espaceimmobiliersanary.fr,,,https://espaceimmobiliersanary.fr/r4a3n9d3i1n2g74216.phtml,2026-09-30
espaceimmobiliersanary.fr,,,https://espaceimmobiliersanary.fr/r4e1p9r1e7s8s9e4d699.phtml,2026-09-30
espaceimmobiliersanary.fr,,,https://espaceimmobiliersanary.fr/r4e2f2r5i1g6e2r8a2t8i0on.phtml,2026-09-30
espaceimmobiliersanary.fr,,,https://espaceimmobiliersanary.fr/r4e3a1s5s3e9m5b0l6e32.phtml,2026-09-30
espaceimmobiliersanary.fr,,,https://espaceimmobiliersanary.fr/r4e3b5e7l1l6i1o0n652.phtml,2026-09-30
espaceimmobiliersanary.fr,,,https://espaceimmobiliersanary.fr/r4e3t0r7i8e4v9a8b5l6e8ness.phtml,2026-09-30
espaceimmobiliersanary.fr,,,https://espaceimmobiliersanary.fr/r4e3t1r5o4v2e9r5s9i7o4n.phtml,2026-09-30
espaceimmobiliersanary.fr,,,https://espaceimmobiliersanary.fr/r4e3w6e6l060654.phtml,2026-09-30
espaceimmobiliersanary.fr,,,https://espaceimmobiliersanary.fr/r4e6g0l9e0m8e8n7t7a1ry.phtml,2026-09-30
espaceimmobiliersanary.fr,,,https://espaceimmobiliersanary.fr/r4h4u2s7m1a621524.phtml,2026-09-30
espaceimmobiliersanary.fr,,,https://espaceimmobiliersanary.fr/r5a1k5e7s0t2a2l6e697.phtml,2026-09-30
espaceimmobiliersanary.fr,,,https://espaceimmobiliersanary.fr/r5a2y6l5e5s6s62355.phtml,2026-09-30
espaceimmobiliersanary.fr,,,https://espaceimmobiliersanary.fr/r5a4g0l5a3n381305.phtml,2026-09-30
espaceimmobiliersanary.fr,,,https://espaceimmobiliersanary.fr/r5e1c8o2u6n9t4066.phtml,2026-09-30
espaceimmobiliersanary.fr,,,https://espaceimmobiliersanary.fr/r5e1d4o9u3b3t3a5b3l2e3.phtml,2026-09-30
espaceimmobiliersanary.fr,,,https://espaceimmobiliersanary.fr/r5e1f3e1r9m5e5n3t68.phtml,2026-09-30
espaceimmobiliersanary.fr,,,https://espaceimmobiliersanary.fr/r5e1v6o4k6i3n0g9l7y65.phtml,2026-09-30
espaceimmobiliersanary.fr,,,https://espaceimmobiliersanary.fr/r5e3c0o0i8n360572.phtml,2026-09-30
espaceimmobiliersanary.fr,,,https://espaceimmobiliersanary.fr/r5e8o7r8g5a0n9i1z1e5.phtml,2026-09-30
espaceimmobiliersanary.fr,,,https://espaceimmobiliersanary.fr/r5i1c7i4n2e0l8a0i7dic.phtml,2026-09-30
espaceimmobiliersanary.fr,,,https://espaceimmobiliersanary.fr/r5i1t9r8a6t6t5o7089.phtml,2026-09-30
espaceimmobiliersanary.fr,,,https://espaceimmobiliersanary.fr/r5o2s6m4a5r3i2n0e303.phtml,2026-09-30
espaceimmobiliersanary.fr,,,https://espaceimmobiliersanary.fr/r5o3u0n0d0e3r95079.phtml,2026-09-30
espaceimmobiliersanary.fr,"Espace Immo, votre média immobilier de référence en France",votre média immobilier,https://espaceimmobiliersanary.fr/r5u3f1i1v6i3r0g7a4t6a1.phtml,2026-09-30
espaceimmobiliersanary.fr,"Espace Immo, votre média immobilier de référence en France",votre média immobilier,https://espaceimmobiliersanary.fr/r6e1m6e4d6i1l4e6s2s5l8y.phtml,2026-09-30
espaceimmobiliersanary.fr,"Espace Immo, votre média immobilier de référence en France",votre média immobilier,https://espaceimmobiliersanary.fr/r6e2i6c1h1s8s7t2a9n7d1.phtml,2026-09-30
espaceimmobiliersanary.fr,"Espace Immo, votre média immobilier de référence en France",votre média immobilier,https://espaceimmobiliersanary.fr/r6e2t8r8e0n5c3h2m5e0nt.phtml,2026-09-30
espaceimmobiliersanary.fr,"Espace Immo, votre média immobilier de référence en France",votre média immobilier,https://espaceimmobiliersanary.fr/r6e4b2e9l0l4i8o7n7.phtml,2026-09-30
espaceimmobiliersanary.fr,"Espace Immo, votre média immobilier de référence en France",votre média immobilier,https://espaceimmobiliersanary.fr/r6h8u8s4m4a73509.phtml,2026-09-30
espaceimmobiliersanary.fr,"Espace Immo, votre média immobilier de référence en France",votre média immobilier,https://espaceimmobiliersanary.fr/r6o2d3o7m2o5n2t3a2d7e0.phtml,2026-09-30
espaceimmobiliersanary.fr,"Espace Immo, votre média immobilier de référence en France",votre média immobilier,https://espaceimmobiliersanary.fr/r6u2r6a1l9i2s3t1283.phtml,2026-09-30
espaceimmobiliersanary.fr,"Espace Immo, votre média immobilier de référence en France",votre média immobilier,https://espaceimmobiliersanary.fr/r7a3d3i7o5t3e1l4e2g5r9aphy.phtml,2026-09-30
espaceimmobiliersanary.fr,"Espace Immo, votre média immobilier de référence en France",votre média immobilier,https://espaceimmobiliersanary.fr/r7e1t3r2o8v8e7r8s1i6o0n.phtml,2026-09-30
espaceimmobiliersanary.fr,"Espace Immo, votre média immobilier de référence en France",votre média immobilier,https://espaceimmobiliersanary.fr/r7e4a5d3i0n6e6s8s69.phtml,2026-09-30
espaceimmobiliersanary.fr,"Espace Immo, votre média immobilier de référence en France",votre média immobilier,https://espaceimmobiliersanary.fr/r7h1a4b1d5i1t0e683.phtml,2026-09-30
espaceimmobiliersanary.fr,"Espace Immo, votre média immobilier de référence en France",votre média immobilier,https://espaceimmobiliersanary.fr/r7h4e2i0n0b6e9r4r5y60.phtml,2026-09-30
espaceimmobiliersanary.fr,"Espace Immo, votre média immobilier de référence en France",votre média immobilier,https://espaceimmobiliersanary.fr/r7i3f2l4i7n8g47726.phtml,2026-09-30
espaceimmobiliersanary.fr,"Espace Immo, votre média immobilier de référence en France",votre média immobilier,https://espaceimmobiliersanary.fr/r7o8c9k7r2o3s4e25.phtml,2026-09-30
espaceimmobiliersanary.fr,"Espace Immo, votre média immobilier de référence en France",votre média immobilier,https://espaceimmobiliersanary.fr/r8a2d7i2o1t4e0l3e3g7r1aphy.phtml,2026-09-30
espaceimmobiliersanary.fr,"Espace Immo, votre média immobilier de référence en France",votre média immobilier,https://espaceimmobiliersanary.fr/r8a2i3n7b5o8w9e9d959.phtml,2026-09-30
espaceimmobiliersanary.fr,"Espace Immo, votre média immobilier de référence en France",votre média immobilier,https://espaceimmobiliersanary.fr/r8a4t2e5d4266470.phtml,2026-09-30
espaceimmobiliersanary.fr,"Espace Immo, votre média immobilier de référence en France",votre média immobilier,https://espaceimmobiliersanary.fr/r8e1d7o4u8b2t9a2b2l6e0.phtml,2026-09-30
espaceimmobiliersanary.fr,"Espace Immo, votre média immobilier de référence en France",votre média immobilier,https://espaceimmobiliersanary.fr/r8e1t3r2e1n7c0h1m6e3n5t.phtml,2026-09-30
espaceimmobiliersanary.fr,"Espace Immo, votre média immobilier de référence en France",votre média immobilier,https://espaceimmobiliersanary.fr/r8e3i5c1h1s3s0t3a6n4d4.phtml,2026-09-30
espaceimmobiliersanary.fr,"Espace Immo, votre média immobilier de référence en France",votre média immobilier,https://espaceimmobiliersanary.fr/r8e7c5a8n0t5a5t5i5o2n.phtml,2026-09-30
espaceimmobiliersanary.fr,"Espace Immo, votre média immobilier de référence en France",votre média immobilier,https://espaceimmobiliersanary.fr/r8i1t8r6a3t2t9o06.phtml,2026-09-30
espaceimmobiliersanary.fr,"Espace Immo, votre média immobilier de référence en France",votre média immobilier,https://espaceimmobiliersanary.fr/r8o1u3n0d0e8r06385.phtml,2026-09-30
espaceimmobiliersanary.fr,"Espace Immo, votre média immobilier de référence en France",votre média immobilier,https://espaceimmobiliersanary.fr/r8u1h2m2k9o7r1f5f8s66.phtml,2026-09-30
espaceimmobiliersanary.fr,"Espace Immo, votre média immobilier de référence en France",votre média immobilier,https://espaceimmobiliersanary.fr/r8u7c6t2i8o0n7847.phtml,2026-09-30
espaceimmobiliersanary.fr,"Espace Immo, votre média immobilier de référence en France",votre média immobilier,https://espaceimmobiliersanary.fr/r9a2t4i5o8c3i1n7a4t0e2.phtml,2026-09-30
espaceimmobiliersanary.fr,"Espace Immo, votre média immobilier de référence en France",votre média immobilier,https://espaceimmobiliersanary.fr/r9e2f3r9i0g9e9r4a3t5i4on.phtml,2026-09-30
espaceimmobiliersanary.fr,"Espace Immo, votre média immobilier de référence en France",votre média immobilier,https://espaceimmobiliersanary.fr/r9e2i8c5h8s4s4t1a3n0d0.phtml,2026-09-30
espaceimmobiliersanary.fr,,,https://espaceimmobiliersanary.fr/r9e2p0r6e6s6s9e7d925.phtml,2026-09-30
espaceimmobiliersanary.fr,,,https://espaceimmobiliersanary.fr/r9e3t2r1i7e8v6a4b6l4e2ness.phtml,2026-09-30
espaceimmobiliersanary.fr,,,https://espaceimmobiliersanary.fr/r9e6e5n3t9r0a8n4c5e1.phtml,2026-09-30
espaceimmobiliersanary.fr,,,https://espaceimmobiliersanary.fr/r9h1a1b7d5i1t5e9084.phtml,2026-09-30
espaceimmobiliersanary.fr,,,https://espaceimmobiliersanary.fr/s0a2t0i1a9t8i7n7g178.phtml,2026-09-30
espaceimmobiliersanary.fr,,,https://espaceimmobiliersanary.fr/s0e4n1s4i7t7i9v1e2l7y2.phtml,2026-09-30
espaceimmobiliersanary.fr,,,https://espaceimmobiliersanary.fr/s0e9c2t4a2r8i1s2t70.phtml,2026-09-30
espaceimmobiliersanary.fr,,,https://espaceimmobiliersanary.fr/s0h2e9a4v0e0s85001.phtml,2026-09-30
espaceimmobiliersanary.fr,,,https://espaceimmobiliersanary.fr/s0h3a7p3e0l9e1s9s4n8e5ss.phtml,2026-09-30
espaceimmobiliersanary.fr,,,https://espaceimmobiliersanary.fr/s0i1l2i7c1i9s4p7o8n4g1iae.phtml,2026-09-30
espaceimmobiliersanary.fr,,,https://espaceimmobiliersanary.fr/s0i1m2p4l0i2c6i9a0n64.phtml,2026-09-30
espaceimmobiliersanary.fr,,,https://espaceimmobiliersanary.fr/s0i2x6t9h6967877.phtml,2026-09-30
espaceimmobiliersanary.fr,,,https://espaceimmobiliersanary.fr/s0i3l2i9c8l6e50112.phtml,2026-09-30
espaceimmobiliersanary.fr,,,https://espaceimmobiliersanary.fr/s0n9u9f0f6c4o5l2o4ured.phtml,2026-09-30
espaceimmobiliersanary.fr,,,https://espaceimmobiliersanary.fr/s0p2o6n1d3a0i8c5070.phtml,2026-09-30
espaceimmobiliersanary.fr,,,https://espaceimmobiliersanary.fr/s0p3o4n0g5i9o4s4e460.phtml,2026-09-30
espaceimmobiliersanary.fr,,,https://espaceimmobiliersanary.fr/s0p3r4i1n5g1b2u2c0k20.phtml,2026-09-30
espaceimmobiliersanary.fr,,,https://espaceimmobiliersanary.fr/s0p4e1c9h7t154348.phtml,2026-09-30
espaceimmobiliersanary.fr,,,https://espaceimmobiliersanary.fr/s0p6u5t8a4t9i7v2e39.phtml,2026-09-30
espaceimmobiliersanary.fr,,,https://espaceimmobiliersanary.fr/s0q8u3a2s2h9y5517.phtml,2026-09-30
espaceimmobiliersanary.fr,,,https://espaceimmobiliersanary.fr/s0t1r5e5n4u6o9u0s9n0e7ss.phtml,2026-09-30
espaceimmobiliersanary.fr,,,https://espaceimmobiliersanary.fr/s0u1l7t8a9n3a1t2e120.phtml,2026-09-30
espaceimmobiliersanary.fr,,,https://espaceimmobiliersanary.fr/s0u2b4l1u3n5a4r3130.phtml,2026-09-30
espaceimmobiliersanary.fr,,,https://espaceimmobiliersanary.fr/s0u4l1k9i5e9r42233.phtml,2026-09-30
espaceimmobiliersanary.fr,,,https://espaceimmobiliersanary.fr/s0w2a5r5t4z1i0i5190.phtml,2026-09-30
espaceimmobiliersanary.fr,,,https://espaceimmobiliersanary.fr/s0w3i6n0n7e8y78185.phtml,2026-09-30
espaceimmobiliersanary.fr,,,https://espaceimmobiliersanary.fr/s1a3g0e0b8r5u2s4h095.phtml,2026-09-30
espaceimmobiliersanary.fr,,,https://espaceimmobiliersanary.fr/s1e2r4r2a1t8a86330.phtml,2026-09-30
espaceimmobiliersanary.fr,,,https://espaceimmobiliersanary.fr/s1h2r2a3p1n6e8l5521.phtml,2026-09-30
espaceimmobiliersanary.fr,,,https://espaceimmobiliersanary.fr/s1h3r1i5e8k8e8d4762.phtml,2026-09-30
espaceimmobiliersanary.fr,,,https://espaceimmobiliersanary.fr/s1h7i7p3m1a4s9t9e3r1.phtml,2026-09-30
espaceimmobiliersanary.fr,,,https://espaceimmobiliersanary.fr/s1h9i2n2g1l1i6n6g80.phtml,2026-09-30
espaceimmobiliersanary.fr,,,https://espaceimmobiliersanary.fr/s1i3r1e8n7o3i9d7e9a80.phtml,2026-09-30
espaceimmobiliersanary.fr,,,https://espaceimmobiliersanary.fr/s1k1e0t6c3h9e0d6936.phtml,2026-09-30
espaceimmobiliersanary.fr,,,https://espaceimmobiliersanary.fr/s1o2u8t0h7r8e6n6157.phtml,2026-09-30
espaceimmobiliersanary.fr,,,https://espaceimmobiliersanary.fr/s1o3l3i9d1a6r2y0753.phtml,2026-09-30
espaceimmobiliersanary.fr,,,https://espaceimmobiliersanary.fr/s1o3p6h3i7c721617.phtml,2026-09-30
espaceimmobiliersanary.fr,,,https://espaceimmobiliersanary.fr/s1p2i4l7i0k0i8n2715.phtml,2026-09-30
espaceimmobiliersanary.fr,,,https://espaceimmobiliersanary.fr/s1p2o8n8g7i2o9s9e844.phtml,2026-09-30
espaceimmobiliersanary.fr,,,https://espaceimmobiliersanary.fr/s1p3e3a3r5e0r81184.phtml,2026-09-30
espaceimmobiliersanary.fr,,,https://espaceimmobiliersanary.fr/s1t1e5n2o5g9r9a5p8h8e6r.phtml,2026-09-30
espaceimmobiliersanary.fr,,,https://espaceimmobiliersanary.fr/s1t1r2e0p0e0r3u5s973.phtml,2026-09-30
espaceimmobiliersanary.fr,,,https://espaceimmobiliersanary.fr/s1t2e7e9r7l4i0n0g5.phtml,2026-09-30
espaceimmobiliersanary.fr,,,https://espaceimmobiliersanary.fr/s1t4i0l7l2e1d11997.phtml,2026-09-30
espaceimmobiliersanary.fr,,,https://espaceimmobiliersanary.fr/s1t4o8l8i9d3i8t4y15.phtml,2026-09-30
espaceimmobiliersanary.fr,,,https://espaceimmobiliersanary.fr/s1t9e5e2d7l4e9s0s64.phtml,2026-09-30
espaceimmobiliersanary.fr,,,https://espaceimmobiliersanary.fr/s1u2c9k8e4r088601.phtml,2026-09-30
espaceimmobiliersanary.fr,,,https://espaceimmobiliersanary.fr/s1u3l4t8a5n2a6t0e048.phtml,2026-09-30
espaceimmobiliersanary.fr,,,https://espaceimmobiliersanary.fr/s1u3l9t1r1i5e9r1049.phtml,2026-09-30
espaceimmobiliersanary.fr,,,https://espaceimmobiliersanary.fr/s2a1n1c6t5i8f3i1c0a1te.phtml,2026-09-30
espaceimmobiliersanary.fr,,,https://espaceimmobiliersanary.fr/s2a1n3h2e7d5r0i2m522.phtml,2026-09-30
espaceimmobiliersanary.fr,,,https://espaceimmobiliersanary.fr/s2a8b4l7i3n8g9880.phtml,2026-09-30
espaceimmobiliersanary.fr,,,https://espaceimmobiliersanary.fr/s2c1h5o4o8l7m2a6s4t9e7r.phtml,2026-09-30
espaceimmobiliersanary.fr,,,https://espaceimmobiliersanary.fr/s2e3a5m8a3n606230.phtml,2026-09-30
espaceimmobiliersanary.fr,,,https://espaceimmobiliersanary.fr/s2e3n7i8o7r501189.phtml,2026-09-30
espaceimmobiliersanary.fr,,,https://espaceimmobiliersanary.fr/s2e3q4u4e5s1t9e2r6i6n3g.phtml,2026-09-30
espaceimmobiliersanary.fr,,,https://espaceimmobiliersanary.fr/s2e6a7c5o3a6l3275.phtml,2026-09-30
espaceimmobiliersanary.fr,,,https://espaceimmobiliersanary.fr/s2e7n5s2i2t5i4v6e4l9y.phtml,2026-09-30
espaceimmobiliersanary.fr,,,https://espaceimmobiliersanary.fr/s2h4o0r5e5r805519.phtml,2026-09-30
espaceimmobiliersanary.fr,,,https://espaceimmobiliersanary.fr/s2h7i8n0g1l6e2901.phtml,2026-09-30
espaceimmobiliersanary.fr,,,https://espaceimmobiliersanary.fr/s2i2n4t7o3459404.phtml,2026-09-30
espaceimmobiliersanary.fr,,,https://espaceimmobiliersanary.fr/s2i7p3h2o7n3a7l204.phtml,2026-09-30
espaceimmobiliersanary.fr,,,https://espaceimmobiliersanary.fr/s2i8l5i1c0l2e6193.phtml,2026-09-30
espaceimmobiliersanary.fr,,,https://espaceimmobiliersanary.fr/s2m2o4u3l2d4r3y9528.phtml,2026-09-30
espaceimmobiliersanary.fr,,,https://espaceimmobiliersanary.fr/s2m3o2c8k5l4e9s0s897.phtml,2026-09-30
espaceimmobiliersanary.fr,,,https://espaceimmobiliersanary.fr/s2m4i2l4a6x137486.phtml,2026-09-30
espaceimmobiliersanary.fr,,,https://espaceimmobiliersanary.fr/s2n1u4g1g2l9e0d0651.phtml,2026-09-30
espaceimmobiliersanary.fr,,,https://espaceimmobiliersanary.fr/s2n2u4g6g5e4s9t3911.phtml,2026-09-30
espaceimmobiliersanary.fr,,,https://espaceimmobiliersanary.fr/s2o3v0e5r8e1i1g4n3t8i2es.phtml,2026-09-30
espaceimmobiliersanary.fr,,,https://espaceimmobiliersanary.fr/s2p3a5w6l6858325.phtml,2026-09-30
espaceimmobiliersanary.fr,,,https://espaceimmobiliersanary.fr/s2p7h2e5r7i2c4a2l18.phtml,2026-09-30
espaceimmobiliersanary.fr,,,https://espaceimmobiliersanary.fr/s2t1e7e9p7u4p41136.phtml,2026-09-30
espaceimmobiliersanary.fr,"Espace Immo, votre média immobilier de référence en France",votre média immobilier,https://espaceimmobiliersanary.fr/s2t3o9r5y5t0e3l5l1e0r7.phtml,2026-09-30
espaceimmobiliersanary.fr,"Espace Immo, votre média immobilier de référence en France",votre média immobilier,https://espaceimmobiliersanary.fr/s2u2b6c2a9r6b2u1r4e5ted.phtml,2026-09-30
espaceimmobiliersanary.fr,"Espace Immo, votre média immobilier de référence en France",votre média immobilier,https://espaceimmobiliersanary.fr/s2u2l1p9h5o1c8y0a7n1ogen.phtml,2026-09-30
espaceimmobiliersanary.fr,"Espace Immo, votre média immobilier de référence en France",votre média immobilier,https://espaceimmobiliersanary.fr/s2u2r0i6c3a3t2a1236.phtml,2026-09-30
espaceimmobiliersanary.fr,"Espace Immo, votre média immobilier de référence en France",votre média immobilier,https://espaceimmobiliersanary.fr/s2u3r6v8e1y1i6n5g675.phtml,2026-09-30
espaceimmobiliersanary.fr,"Espace Immo, votre média immobilier de référence en France",votre média immobilier,https://espaceimmobiliersanary.fr/s2u4b2t2r2a0c3t1i2o3n7.phtml,2026-09-30
espaceimmobiliersanary.fr,"Espace Immo, votre média immobilier de référence en France",votre média immobilier,https://espaceimmobiliersanary.fr/s3a1f5e9p2l3e3d4g0e78.phtml,2026-09-30
espaceimmobiliersanary.fr,"Espace Immo, votre média immobilier de référence en France",votre média immobilier,https://espaceimmobiliersanary.fr/s3a3b8i1n2e51118.phtml,2026-09-30
espaceimmobiliersanary.fr,"Espace Immo, votre média immobilier de référence en France",votre média immobilier,https://espaceimmobiliersanary.fr/s3c1r4u6z4e703990.phtml,2026-09-30
espaceimmobiliersanary.fr,"Espace Immo, votre média immobilier de référence en France",votre média immobilier,https://espaceimmobiliersanary.fr/s3e1m5i2n1u2d4e3559.phtml,2026-09-30
espaceimmobiliersanary.fr,"Espace Immo, votre média immobilier de référence en France",votre média immobilier,https://espaceimmobiliersanary.fr/s3e3l3f5s0a3t7i5s2f0ied.phtml,2026-09-30
espaceimmobiliersanary.fr,"Espace Immo, votre média immobilier de référence en France",votre média immobilier,https://espaceimmobiliersanary.fr/s3h4r0a7p9n0e2l8898.phtml,2026-09-30
espaceimmobiliersanary.fr,"Espace Immo, votre média immobilier de référence en France",votre média immobilier,https://espaceimmobiliersanary.fr/s3l1u4b4b7e9r5i6n0g8l5y.phtml,2026-09-30
espaceimmobiliersanary.fr,"Espace Immo, votre média immobilier de référence en France",votre média immobilier,https://espaceimmobiliersanary.fr/s3n2i7c1k4e6r68289.phtml,2026-09-30
espaceimmobiliersanary.fr,"Espace Immo, votre média immobilier de référence en France",votre média immobilier,https://espaceimmobiliersanary.fr/s3p2o5n8g7i1o5s9e573.phtml,2026-09-30
espaceimmobiliersanary.fr,"Espace Immo, votre média immobilier de référence en France",votre média immobilier,https://espaceimmobiliersanary.fr/s3t1e9e9d4l7e8s6s073.phtml,2026-09-30
espaceimmobiliersanary.fr,"Espace Immo, votre média immobilier de référence en France",votre média immobilier,https://espaceimmobiliersanary.fr/s3t1i5l4l1e5r31692.phtml,2026-09-30
espaceimmobiliersanary.fr,"Espace Immo, votre média immobilier de référence en France",votre média immobilier,https://espaceimmobiliersanary.fr/s3t1o0r3m1l0e1s6s092.phtml,2026-09-30
espaceimmobiliersanary.fr,"Espace Immo, votre média immobilier de référence en France",votre média immobilier,https://espaceimmobiliersanary.fr/s3t2o7i3c6775638.phtml,2026-09-30
espaceimmobiliersanary.fr,"Espace Immo, votre média immobilier de référence en France",votre média immobilier,https://espaceimmobiliersanary.fr/s3t3e6n8t5e754463.phtml,2026-09-30
espaceimmobiliersanary.fr,"Espace Immo, votre média immobilier de référence en France",votre média immobilier,https://espaceimmobiliersanary.fr/s3u2l4k9i6e3r53538.phtml,2026-09-30
espaceimmobiliersanary.fr,"Espace Immo, votre média immobilier de référence en France",votre média immobilier,https://espaceimmobiliersanary.fr/s3u2p8e2r2c1i7l3i7o5u1s.phtml,2026-09-30
espaceimmobiliersanary.fr,"Espace Immo, votre média immobilier de référence en France",votre média immobilier,https://espaceimmobiliersanary.fr/s3u2s7p8i7c7i4o1n563.phtml,2026-09-30
espaceimmobiliersanary.fr,"Espace Immo, votre média immobilier de référence en France",votre média immobilier,https://espaceimmobiliersanary.fr/s3u9i8t8o2r27661.phtml,2026-09-30
espaceimmobiliersanary.fr,"Espace Immo, votre média immobilier de référence en France",votre média immobilier,https://espaceimmobiliersanary.fr/s3w8e4e3t8i4s9h6n6e8ss.phtml,2026-09-30
espaceimmobiliersanary.fr,"Espace Immo, votre média immobilier de référence en France",votre média immobilier,https://espaceimmobiliersanary.fr/s4c2i1o3m0a7c7h5y458.phtml,2026-09-30
espaceimmobiliersanary.fr,"Espace Immo, votre média immobilier de référence en France",votre média immobilier,https://espaceimmobiliersanary.fr/s4c3h1e5m7i9s3t2287.phtml,2026-09-30
espaceimmobiliersanary.fr,"Espace Immo, votre média immobilier de référence en France",votre média immobilier,https://espaceimmobiliersanary.fr/s4c3r5i7m9p3e1d638.phtml,2026-09-30
espaceimmobiliersanary.fr,"Espace Immo, votre média immobilier de référence en France",votre média immobilier,https://espaceimmobiliersanary.fr/s4c8u0l1p4t0u3r5e0s9que.phtml,2026-09-30
espaceimmobiliersanary.fr,"Espace Immo, votre média immobilier de référence en France",votre média immobilier,https://espaceimmobiliersanary.fr/s4e9q9u7e5s6t8e7r4i4ng.phtml,2026-09-30
espaceimmobiliersanary.fr,"Espace Immo, votre média immobilier de référence en France",votre média immobilier,https://espaceimmobiliersanary.fr/s4h1a1p1e0l0e3s2s9n9e1ss.phtml,2026-09-30
espaceimmobiliersanary.fr,"Espace Immo, votre média immobilier de référence en France",votre média immobilier,https://espaceimmobiliersanary.fr/s4h3i2n4g9l0i5n9g825.phtml,2026-09-30
espaceimmobiliersanary.fr,,,https://espaceimmobiliersanary.fr/s4h4i0r2t8w5a0i4s4t16.phtml,2026-09-30
espaceimmobiliersanary.fr,,,https://espaceimmobiliersanary.fr/s4h4i1p7m3a8s3t4e8r68.phtml,2026-09-30
espaceimmobiliersanary.fr,,,https://espaceimmobiliersanary.fr/s4h7o9r4e4r86624.phtml,2026-09-30
espaceimmobiliersanary.fr,,,https://espaceimmobiliersanary.fr/s4i1p6h3o2n1a6l7877.phtml,2026-09-30
espaceimmobiliersanary.fr,,,https://espaceimmobiliersanary.fr/s4i2l8i4c4a4t6e2d935.phtml,2026-09-30
espaceimmobiliersanary.fr,,,https://espaceimmobiliersanary.fr/s4i3n3t7o2890077.phtml,2026-09-30
espaceimmobiliersanary.fr,,,https://espaceimmobiliersanary.fr/s4i3x5t6h4693735.phtml,2026-09-30
espaceimmobiliersanary.fr,,,https://espaceimmobiliersanary.fr/s4l3a1m8b1a5n9g7077.phtml,2026-09-30
espaceimmobiliersanary.fr,,,https://espaceimmobiliersanary.fr/s4m3o4u6l6d0r8y7929.phtml,2026-09-30
espaceimmobiliersanary.fr,,,https://espaceimmobiliersanary.fr/s4n3u3g6g4e9s2t4584.phtml,2026-09-30
espaceimmobiliersanary.fr,,,https://espaceimmobiliersanary.fr/s4o3l8i3d9a5r1y5674.phtml,2026-09-30
espaceimmobiliersanary.fr,,,https://espaceimmobiliersanary.fr/s4o3p9h5i1c398810.phtml,2026-09-30
espaceimmobiliersanary.fr,,,https://espaceimmobiliersanary.fr/s4p1e7c9i8a6l5i3z2a1t9ion.phtml,2026-09-30
espaceimmobiliersanary.fr,,,https://espaceimmobiliersanary.fr/s4t1e9n7o3g8r9a0p8h0e7r.phtml,2026-09-30
espaceimmobiliersanary.fr,,,https://espaceimmobiliersanary.fr/s4t1u3l5t3i9f6i9e2r65.phtml,2026-09-30
espaceimmobiliersanary.fr,,,https://espaceimmobiliersanary.fr/s4t6r3a0i5t8l9y003.phtml,2026-09-30
espaceimmobiliersanary.fr,,,https://espaceimmobiliersanary.fr/s4u2b8v8e2r1t06106.phtml,2026-09-30
espaceimmobiliersanary.fr,,,https://espaceimmobiliersanary.fr/s4u2s6p0i9r4e4d8757.phtml,2026-09-30
espaceimmobiliersanary.fr,,,https://espaceimmobiliersanary.fr/s4u3b7s6t0i4t5u9t7i1o0nal.phtml,2026-09-30
espaceimmobiliersanary.fr,,,https://espaceimmobiliersanary.fr/s4u8c7c2a7d0e8212.phtml,2026-09-30
espaceimmobiliersanary.fr,,,https://espaceimmobiliersanary.fr/s5a1w0b7e3l2l4y8035.phtml,2026-09-30
espaceimmobiliersanary.fr,,,https://espaceimmobiliersanary.fr/s5a3b4l5i1n1g57089.phtml,2026-09-30
espaceimmobiliersanary.fr,,,https://espaceimmobiliersanary.fr/s5c2u1l6p1t8u0r7e1s1q7ue.phtml,2026-09-30
espaceimmobiliersanary.fr,,,https://espaceimmobiliersanary.fr/s5h4i1n7g9l7e99294.phtml,2026-09-30
espaceimmobiliersanary.fr,,,https://espaceimmobiliersanary.fr/s5h6o0r0t5s1i8g3h4t4ed.phtml,2026-09-30
espaceimmobiliersanary.fr,,,https://espaceimmobiliersanary.fr/s5i2n7t2o0027733.phtml,2026-09-30
espaceimmobiliersanary.fr,,,https://espaceimmobiliersanary.fr/s5p7e5e3c4h6i6f7i6e4d.phtml,2026-09-30
espaceimmobiliersanary.fr,,,https://espaceimmobiliersanary.fr/s5p7u9t7a8t6i3v3e13.phtml,2026-09-30
espaceimmobiliersanary.fr,,,https://espaceimmobiliersanary.fr/s5t3e3r4h5y6d3r4a3u8l2ic.phtml,2026-09-30
espaceimmobiliersanary.fr,,,https://espaceimmobiliersanary.fr/s5t3r9e4p7e8r5u8s598.phtml,2026-09-30
espaceimmobiliersanary.fr,,,https://espaceimmobiliersanary.fr/s5u3l0p4h3u5r9a7t2e8d.phtml,2026-09-30
espaceimmobiliersanary.fr,,,https://espaceimmobiliersanary.fr/s5u3l2k6i9e9r55075.phtml,2026-09-30
espaceimmobiliersanary.fr,,,https://espaceimmobiliersanary.fr/s5u3r9v2e7y7i3n4g004.phtml,2026-09-30
espaceimmobiliersanary.fr,,,https://espaceimmobiliersanary.fr/s5u4p2e1r7n2a7t8u9r4a2lly.phtml,2026-09-30
espaceimmobiliersanary.fr,,,https://espaceimmobiliersanary.fr/s5w1e7e5t1i6s6h8n9e4s9s.phtml,2026-09-30
espaceimmobiliersanary.fr,,,https://espaceimmobiliersanary.fr/s6a1f7e7p1l7e9d3g5e43.phtml,2026-09-30
espaceimmobiliersanary.fr,,,https://espaceimmobiliersanary.fr/s6a1r6c4e8l4e7d4355.phtml,2026-09-30
espaceimmobiliersanary.fr,,,https://espaceimmobiliersanary.fr/s6a3t3i9a0t4e08654.phtml,2026-09-30
espaceimmobiliersanary.fr,,,https://espaceimmobiliersanary.fr/s6c3y0m0e3t7a7r1768.phtml,2026-09-30
espaceimmobiliersanary.fr,,,https://espaceimmobiliersanary.fr/s6e1n3s5i2t5i9v3e6l4y3.phtml,2026-09-30
espaceimmobiliersanary.fr,,,https://espaceimmobiliersanary.fr/s6e1n4s1e1l6e8s8s5l3y6.phtml,2026-09-30
espaceimmobiliersanary.fr,,,https://espaceimmobiliersanary.fr/s6e1p6t6e7m6b4r6i4s5t8.phtml,2026-09-30
espaceimmobiliersanary.fr,,,https://espaceimmobiliersanary.fr/s6h9i2p0m9a0s4t5e8r1.phtml,2026-09-30
espaceimmobiliersanary.fr,,,https://espaceimmobiliersanary.fr/s6i2s2a8l5a8n9a6977.phtml,2026-09-30
espaceimmobiliersanary.fr,,,https://espaceimmobiliersanary.fr/s6i3g1h1t5s0m9e5n378.phtml,2026-09-30
espaceimmobiliersanary.fr,,,https://espaceimmobiliersanary.fr/s6n3u8f8f0c5o3l5o5u5r0ed.phtml,2026-09-30
espaceimmobiliersanary.fr,,,https://espaceimmobiliersanary.fr/s6p2i8c4c5a6t7o5034.phtml,2026-09-30
espaceimmobiliersanary.fr,,,https://espaceimmobiliersanary.fr/s6p2u1t5a7t2i1v8e313.phtml,2026-09-30
espaceimmobiliersanary.fr,,,https://espaceimmobiliersanary.fr/s6q2u4a7s4h6y71503.phtml,2026-09-30
espaceimmobiliersanary.fr,,,https://espaceimmobiliersanary.fr/s6t2a6r9s9t2o9n5e990.phtml,2026-09-30
espaceimmobiliersanary.fr,,,https://espaceimmobiliersanary.fr/s6t2e7n3o9g1r0a3p7h5e1r.phtml,2026-09-30
espaceimmobiliersanary.fr,,,https://espaceimmobiliersanary.fr/s6t2i1g5m6a0t0i6c2a1l4ly.phtml,2026-09-30
espaceimmobiliersanary.fr,,,https://espaceimmobiliersanary.fr/s6t2u8d6e8n4t1s1h5i1p.phtml,2026-09-30
espaceimmobiliersanary.fr,,,https://espaceimmobiliersanary.fr/s6t7o0r1m2b8e8a7t4e0n.phtml,2026-09-30
espaceimmobiliersanary.fr,,,https://espaceimmobiliersanary.fr/s6u1b3c6u0t7a2n2e6o2u7s.phtml,2026-09-30
espaceimmobiliersanary.fr,,,https://espaceimmobiliersanary.fr/s6u1b8t6r9a5c8t0i1o9n9.phtml,2026-09-30
espaceimmobiliersanary.fr,,,https://espaceimmobiliersanary.fr/s6u3b6s5t4i3t0u5t9i9o9nal.phtml,2026-09-30
espaceimmobiliersanary.fr,,,https://espaceimmobiliersanary.fr/s6u3s5p1i7r2e6d8038.phtml,2026-09-30
espaceimmobiliersanary.fr,,,https://espaceimmobiliersanary.fr/s7a4v2e5r0726274.phtml,2026-09-30
espaceimmobiliersanary.fr,,,https://espaceimmobiliersanary.fr/s7a9b9l5i1n4g4562.phtml,2026-09-30
espaceimmobiliersanary.fr,,,https://espaceimmobiliersanary.fr/s7e3a5m3a0n034320.phtml,2026-09-30
espaceimmobiliersanary.fr,,,https://espaceimmobiliersanary.fr/s7e3p2t9e6m4b8r5i5s2t2.phtml,2026-09-30
espaceimmobiliersanary.fr,,,https://espaceimmobiliersanary.fr/s7h2i1r9t4w6a9i7s9t61.phtml,2026-09-30
espaceimmobiliersanary.fr,,,https://espaceimmobiliersanary.fr/s7h2i9v1a9r1e8e9735.phtml,2026-09-30
espaceimmobiliersanary.fr,,,https://espaceimmobiliersanary.fr/s7h3e4l3d9u3c9k1792.phtml,2026-09-30
espaceimmobiliersanary.fr,,,https://espaceimmobiliersanary.fr/s7h4o2r6e2r280425.phtml,2026-09-30
espaceimmobiliersanary.fr,,,https://espaceimmobiliersanary.fr/s7i2x2p0e4n0c3e9060.phtml,2026-09-30
espaceimmobiliersanary.fr,,,https://espaceimmobiliersanary.fr/s7m2o5u7l1d8r0y5602.phtml,2026-09-30
espaceimmobiliersanary.fr,,,https://espaceimmobiliersanary.fr/s7m3o3c6k6l1e3s6s699.phtml,2026-09-30
espaceimmobiliersanary.fr,,,https://espaceimmobiliersanary.fr/s7n2u0f1f8c6o6l5o0u7r9ed.phtml,2026-09-30
espaceimmobiliersanary.fr,,,https://espaceimmobiliersanary.fr/s7n2u6g0g4e8s5t9985.phtml,2026-09-30
espaceimmobiliersanary.fr,,,https://espaceimmobiliersanary.fr/s7n8o0w3s8h2o7e723.phtml,2026-09-30
espaceimmobiliersanary.fr,"Espace Immo, votre média immobilier de référence en France",votre média immobilier,https://espaceimmobiliersanary.fr/s7o3l0i7d9a4r5y1059.phtml,2026-09-30
espaceimmobiliersanary.fr,"Espace Immo, votre média immobilier de référence en France",votre média immobilier,https://espaceimmobiliersanary.fr/s7o3v2e0r5e8i6g9n0t3i2es.phtml,2026-09-30
espaceimmobiliersanary.fr,"Espace Immo, votre média immobilier de référence en France",votre média immobilier,https://espaceimmobiliersanary.fr/s7p2e6a9r5e7r55794.phtml,2026-09-30
espaceimmobiliersanary.fr,"Espace Immo, votre média immobilier de référence en France",votre média immobilier,https://espaceimmobiliersanary.fr/s7p2r4i2n8g3b7u5c5k1.phtml,2026-09-30
espaceimmobiliersanary.fr,"Espace Immo, votre média immobilier de référence en France",votre média immobilier,https://espaceimmobiliersanary.fr/s7p9e4c9h3t72375.phtml,2026-09-30
espaceimmobiliersanary.fr,"Espace Immo, votre média immobilier de référence en France",votre média immobilier,https://espaceimmobiliersanary.fr/s7t5r6e0p7e1r0u5s83.phtml,2026-09-30
espaceimmobiliersanary.fr,"Espace Immo, votre média immobilier de référence en France",votre média immobilier,https://espaceimmobiliersanary.fr/s7u1b3o9r7n1e5d3699.phtml,2026-09-30
espaceimmobiliersanary.fr,"Espace Immo, votre média immobilier de référence en France",votre média immobilier,https://espaceimmobiliersanary.fr/s7u1p0p1r5e7s1s0i5o6n7.phtml,2026-09-30
espaceimmobiliersanary.fr,"Espace Immo, votre média immobilier de référence en France",votre média immobilier,https://espaceimmobiliersanary.fr/s8a3n7c6t3i8f3i6c3a9t9e.phtml,2026-09-30
espaceimmobiliersanary.fr,"Espace Immo, votre média immobilier de référence en France",votre média immobilier,https://espaceimmobiliersanary.fr/s8a3w4b6e7l3l0y0044.phtml,2026-09-30
espaceimmobiliersanary.fr,"Espace Immo, votre média immobilier de référence en France",votre média immobilier,https://espaceimmobiliersanary.fr/s8c3e1n6t4i8n4g9l1y72.phtml,2026-09-30
espaceimmobiliersanary.fr,"Espace Immo, votre média immobilier de référence en France",votre média immobilier,https://espaceimmobiliersanary.fr/s8c9o0l2y1t7i3d9a2e1.phtml,2026-09-30
espaceimmobiliersanary.fr,"Espace Immo, votre média immobilier de référence en France",votre média immobilier,https://espaceimmobiliersanary.fr/s8e1i6s9e9881707.phtml,2026-09-30
espaceimmobiliersanary.fr,"Espace Immo, votre média immobilier de référence en France",votre média immobilier,https://espaceimmobiliersanary.fr/s8e1r4v6a8l244202.phtml,2026-09-30
espaceimmobiliersanary.fr,"Espace Immo, votre média immobilier de référence en France",votre média immobilier,https://espaceimmobiliersanary.fr/s8e3l9f9a3p0p2r3o6v2i0ng.phtml,2026-09-30
espaceimmobiliersanary.fr,"Espace Immo, votre média immobilier de référence en France",votre média immobilier,https://espaceimmobiliersanary.fr/s8i3l0i8c9o1m6e9t8h8a1ne.phtml,2026-09-30
espaceimmobiliersanary.fr,"Espace Immo, votre média immobilier de référence en France",votre média immobilier,https://espaceimmobiliersanary.fr/s8i4g1h4t8s7m4e3n763.phtml,2026-09-30
espaceimmobiliersanary.fr,"Espace Immo, votre média immobilier de référence en France",votre média immobilier,https://espaceimmobiliersanary.fr/s8p3o0n0d6a3i5c9505.phtml,2026-09-30
espaceimmobiliersanary.fr,"Espace Immo, votre média immobilier de référence en France",votre média immobilier,https://espaceimmobiliersanary.fr/s8q3u3a7s4h1y02176.phtml,2026-09-30
espaceimmobiliersanary.fr,"Espace Immo, votre média immobilier de référence en France",votre média immobilier,https://espaceimmobiliersanary.fr/s8t2e4l4l5i5o51152.phtml,2026-09-30
espaceimmobiliersanary.fr,"Espace Immo, votre média immobilier de référence en France",votre média immobilier,https://espaceimmobiliersanary.fr/s8t9o6r6m4l0e3s1s0.phtml,2026-09-30
espaceimmobiliersanary.fr,"Espace Immo, votre média immobilier de référence en France",votre média immobilier,https://espaceimmobiliersanary.fr/s8u1b6a5l2p1i1n0e668.phtml,2026-09-30
espaceimmobiliersanary.fr,"Espace Immo, votre média immobilier de référence en France",votre média immobilier,https://espaceimmobiliersanary.fr/s8u2b7t6r9a0c1t0i8o7n1.phtml,2026-09-30
espaceimmobiliersanary.fr,"Espace Immo, votre média immobilier de référence en France",votre média immobilier,https://espaceimmobiliersanary.fr/s8u3b7v4e9r8t31980.phtml,2026-09-30
espaceimmobiliersanary.fr,"Espace Immo, votre média immobilier de référence en France",votre média immobilier,https://espaceimmobiliersanary.fr/s8u3b9c0a9r1b6u6r8e5t1ed.phtml,2026-09-30
espaceimmobiliersanary.fr,"Espace Immo, votre média immobilier de référence en France",votre média immobilier,https://espaceimmobiliersanary.fr/s8u3l6t1a5n1a4t9e9.phtml,2026-09-30
espaceimmobiliersanary.fr,"Espace Immo, votre média immobilier de référence en France",votre média immobilier,https://espaceimmobiliersanary.fr/s8u4c0k9e8r382804.phtml,2026-09-30
espaceimmobiliersanary.fr,"Espace Immo, votre média immobilier de référence en France",votre média immobilier,https://espaceimmobiliersanary.fr/s8u6i2t2o4r0487.phtml,2026-09-30
espaceimmobiliersanary.fr,"Espace Immo, votre média immobilier de référence en France",votre média immobilier,https://espaceimmobiliersanary.fr/s8y3m9b8o4l8o4g6i1c5a8l.phtml,2026-09-30
espaceimmobiliersanary.fr,"Espace Immo, votre média immobilier de référence en France",votre média immobilier,https://espaceimmobiliersanary.fr/s9a9f1e7g3u6a4r3d85.phtml,2026-09-30
espaceimmobiliersanary.fr,,,https://espaceimmobiliersanary.fr/s9c1y1m1e1t2a4r5090.phtml,2026-09-30
espaceimmobiliersanary.fr,,,https://espaceimmobiliersanary.fr/s9c8r2u4z3e30024.phtml,2026-09-30
espaceimmobiliersanary.fr,,,https://espaceimmobiliersanary.fr/s9e3p2t6e3n9n9i0a6l6l5y.phtml,2026-09-30
espaceimmobiliersanary.fr,,,https://espaceimmobiliersanary.fr/s9h2a7c7k2l5o5c1k099.phtml,2026-09-30
espaceimmobiliersanary.fr,,,https://espaceimmobiliersanary.fr/s9h3i4n6g3l9i2n3g355.phtml,2026-09-30
espaceimmobiliersanary.fr,,,https://espaceimmobiliersanary.fr/s9h3o1r2t7l8i6v1e6d44.phtml,2026-09-30
espaceimmobiliersanary.fr,,,https://espaceimmobiliersanary.fr/s9l3u4e1d0533248.phtml,2026-09-30
espaceimmobiliersanary.fr,,,https://espaceimmobiliersanary.fr/s9n1a8k6e4h9e9a1d411.phtml,2026-09-30
espaceimmobiliersanary.fr,,,https://espaceimmobiliersanary.fr/s9n1o7w0s3h2o5e8396.phtml,2026-09-30
espaceimmobiliersanary.fr,,,https://espaceimmobiliersanary.fr/s9o3l9i8d7a2r7y0340.phtml,2026-09-30
espaceimmobiliersanary.fr,,,https://espaceimmobiliersanary.fr/s9p1o6o7n3447361.phtml,2026-09-30
espaceimmobiliersanary.fr,,,https://espaceimmobiliersanary.fr/s9p2i8l6i4k4i0n5726.phtml,2026-09-30
espaceimmobiliersanary.fr,,,https://espaceimmobiliersanary.fr/s9p3u8t0u9m445031.phtml,2026-09-30
espaceimmobiliersanary.fr,,,https://espaceimmobiliersanary.fr/s9t1e7l9l2i6o88809.phtml,2026-09-30
espaceimmobiliersanary.fr,,,https://espaceimmobiliersanary.fr/s9t3e6e4r3l5i2n2g488.phtml,2026-09-30
espaceimmobiliersanary.fr,,,https://espaceimmobiliersanary.fr/s9u1b0t4r1a3c5t8i1o6n0.phtml,2026-09-30
espaceimmobiliersanary.fr,,,https://espaceimmobiliersanary.fr/s9u2b3o0r4n9e7d2979.phtml,2026-09-30
espaceimmobiliersanary.fr,,,https://espaceimmobiliersanary.fr/s9u3p6e2r5c2i0l4i2o6us.phtml,2026-09-30
espaceimmobiliersanary.fr,,,https://espaceimmobiliersanary.fr/s9u6b1u0l3a0r0i8a70.phtml,2026-09-30
espaceimmobiliersanary.fr,,,https://espaceimmobiliersanary.fr/t0a1d8o9r2n2o4i7d1e2s2.phtml,2026-09-30
espaceimmobiliersanary.fr,,,https://espaceimmobiliersanary.fr/t0e3x2t2m8a9n35231.phtml,2026-09-30
espaceimmobiliersanary.fr,,,https://espaceimmobiliersanary.fr/t0h4u1n0n6u5s11820.phtml,2026-09-30
espaceimmobiliersanary.fr,,,https://espaceimmobiliersanary.fr/t0o2x4i6c7o6g5e8n5i0c1.phtml,2026-09-30
espaceimmobiliersanary.fr,,,https://espaceimmobiliersanary.fr/t0r1a1n3s0a1c5t7i5o8n5s.phtml,2026-09-30
espaceimmobiliersanary.fr,,,https://espaceimmobiliersanary.fr/t0r1i8c6k3e7d79328.phtml,2026-09-30
espaceimmobiliersanary.fr,,,https://espaceimmobiliersanary.fr/t0u2r7c6i6s8m46281.phtml,2026-09-30
espaceimmobiliersanary.fr,,,https://espaceimmobiliersanary.fr/t1a1r8p4e2i8a8n4062.phtml,2026-09-30
espaceimmobiliersanary.fr,,,https://espaceimmobiliersanary.fr/t1a2g7l4o2c7k40064.phtml,2026-09-30
espaceimmobiliersanary.fr,,,https://espaceimmobiliersanary.fr/t1a7b2u3l3a96105.phtml,2026-09-30
espaceimmobiliersanary.fr,,,https://espaceimmobiliersanary.fr/t1e3s7t8i5m1o7n3y076.phtml,2026-09-30
espaceimmobiliersanary.fr,,,https://espaceimmobiliersanary.fr/t1h8i3g3m5o0t7a6x1i6s.phtml,2026-09-30
espaceimmobiliersanary.fr,,,https://espaceimmobiliersanary.fr/t1i2m0i8d7i4t2y7485.phtml,2026-09-30
espaceimmobiliersanary.fr,,,https://espaceimmobiliersanary.fr/t1r3i0c8h0o8s2u6r6u8s1.phtml,2026-09-30
espaceimmobiliersanary.fr,,,https://espaceimmobiliersanary.fr/t1r3i6t0o3v2a89397.phtml,2026-09-30
espaceimmobiliersanary.fr,,,https://espaceimmobiliersanary.fr/t1u9r7c2i0s8m4706.phtml,2026-09-30
espaceimmobiliersanary.fr,,,https://espaceimmobiliersanary.fr/t2e3g1u3e1x4i0n1856.phtml,2026-09-30
espaceimmobiliersanary.fr,,,https://espaceimmobiliersanary.fr/t2h3e2r2m4o1p8h2o9n0e4.phtml,2026-09-30
espaceimmobiliersanary.fr,,,https://espaceimmobiliersanary.fr/t2o3x3i7c5o4g7e7n7i8c2.phtml,2026-09-30
espaceimmobiliersanary.fr,,,https://espaceimmobiliersanary.fr/t2r2a0n1s0i3t2i1o8n7a9l.phtml,2026-09-30
espaceimmobiliersanary.fr,,,https://espaceimmobiliersanary.fr/t2r2e5a4s1u1r7y3218.phtml,2026-09-30
espaceimmobiliersanary.fr,,,https://espaceimmobiliersanary.fr/t2u2m6b0l5e3d7o9w4n7.phtml,2026-09-30
espaceimmobiliersanary.fr,,,https://espaceimmobiliersanary.fr/t2w2o6h4a0n7d31515.phtml,2026-09-30
espaceimmobiliersanary.fr,,,https://espaceimmobiliersanary.fr/t3a1b6u3l1a215386.phtml,2026-09-30
espaceimmobiliersanary.fr,,,https://espaceimmobiliersanary.fr/t3a1r5p4e2i7a4n3791.phtml,2026-09-30
espaceimmobiliersanary.fr,,,https://espaceimmobiliersanary.fr/t3a1w2e8d6482662.phtml,2026-09-30
espaceimmobiliersanary.fr,,,https://espaceimmobiliersanary.fr/t3a2n6g7r7a1m4440.phtml,2026-09-30
espaceimmobiliersanary.fr,,,https://espaceimmobiliersanary.fr/t3e3l9e2g6r5a2p1h9i2c1al.phtml,2026-09-30
espaceimmobiliersanary.fr,,,https://espaceimmobiliersanary.fr/t3e3s7t5i3m4o6n8y261.phtml,2026-09-30
espaceimmobiliersanary.fr,,,https://espaceimmobiliersanary.fr/t3h2r8e4e1s0t8o6r2e4y6ed.phtml,2026-09-30
espaceimmobiliersanary.fr,,,https://espaceimmobiliersanary.fr/t3i2m8i5d2i6t4y0429.phtml,2026-09-30
espaceimmobiliersanary.fr,,,https://espaceimmobiliersanary.fr/t3r3o3c4h3i2l1o0s168.phtml,2026-09-30
espaceimmobiliersanary.fr,,,https://espaceimmobiliersanary.fr/t3r4i0l0o3b5i7t6i8c34.phtml,2026-09-30
espaceimmobiliersanary.fr,,,https://espaceimmobiliersanary.fr/t4a1i7l7b3a0y05642.phtml,2026-09-30
espaceimmobiliersanary.fr,,,https://espaceimmobiliersanary.fr/t4a5w6e5d462910.phtml,2026-09-30
espaceimmobiliersanary.fr,,,https://espaceimmobiliersanary.fr/t4e5t3r9o3d7o3n9t06.phtml,2026-09-30
espaceimmobiliersanary.fr,,,https://espaceimmobiliersanary.fr/t4h9e6r9m4o9p6h9o6n9e.phtml,2026-09-30
espaceimmobiliersanary.fr,,,https://espaceimmobiliersanary.fr/t4r1a2n1s4v3e4r3s5e9l9y.phtml,2026-09-30
espaceimmobiliersanary.fr,,,https://espaceimmobiliersanary.fr/t4r1e9s3a5y6l9e1180.phtml,2026-09-30
espaceimmobiliersanary.fr,,,https://espaceimmobiliersanary.fr/t4r3i7t9o1v1a37502.phtml,2026-09-30
espaceimmobiliersanary.fr,,,https://espaceimmobiliersanary.fr/t4r3o9g8o6s0t5o8l2o5n7.phtml,2026-09-30
espaceimmobiliersanary.fr,,,https://espaceimmobiliersanary.fr/t4r8a2p2h9o5l4e4s18.phtml,2026-09-30
espaceimmobiliersanary.fr,,,https://espaceimmobiliersanary.fr/t4y5r2a1n8n2i9c2i7d5al.phtml,2026-09-30
espaceimmobiliersanary.fr,,,https://espaceimmobiliersanary.fr/t5a1m8a9r9i4c23631.phtml,2026-09-30
espaceimmobiliersanary.fr,,,https://espaceimmobiliersanary.fr/t5a3r6t8a5r9i1z7e9d86.phtml,2026-09-30
espaceimmobiliersanary.fr,,,https://espaceimmobiliersanary.fr/t5a4c0i5t9u3r4n5l7y15.phtml,2026-09-30
espaceimmobiliersanary.fr,,,https://espaceimmobiliersanary.fr/t5h1i0c9k0w3i4n9d8e2d4.phtml,2026-09-30
espaceimmobiliersanary.fr,,,https://espaceimmobiliersanary.fr/t5h2a6m4n1o9p4h3i6l1e4.phtml,2026-09-30
espaceimmobiliersanary.fr,,,https://espaceimmobiliersanary.fr/t5h3y5m5a4t9e11209.phtml,2026-09-30
espaceimmobiliersanary.fr,,,https://espaceimmobiliersanary.fr/t5o1i8l2f3u9l71567.phtml,2026-09-30
espaceimmobiliersanary.fr,,,https://espaceimmobiliersanary.fr/t5o3r3p0e2d1o9e0s308.phtml,2026-09-30
espaceimmobiliersanary.fr,,,https://espaceimmobiliersanary.fr/t5r1a0n9s4i0t6i5o9n2al.phtml,2026-09-30
espaceimmobiliersanary.fr,,,https://espaceimmobiliersanary.fr/t5r1a9v6e9r1s3e8512.phtml,2026-09-30
espaceimmobiliersanary.fr,"Espace Immo, votre média immobilier de référence en France",votre média immobilier,https://espaceimmobiliersanary.fr/t5r2i0c1k1e5d33978.phtml,2026-09-30
espaceimmobiliersanary.fr,"Espace Immo, votre média immobilier de référence en France",votre média immobilier,https://espaceimmobiliersanary.fr/t5r3u7m0p9i8e60680.phtml,2026-09-30
espaceimmobiliersanary.fr,"Espace Immo, votre média immobilier de référence en France",votre média immobilier,https://espaceimmobiliersanary.fr/t6e2l3f3o8r5d233.phtml,2026-09-30
espaceimmobiliersanary.fr,"Espace Immo, votre média immobilier de référence en France",votre média immobilier,https://espaceimmobiliersanary.fr/t6e2l7p8h6e5r29448.phtml,2026-09-30
espaceimmobiliersanary.fr,"Espace Immo, votre média immobilier de référence en France",votre média immobilier,https://espaceimmobiliersanary.fr/t6e4s0t0i0m0o3n6y622.phtml,2026-09-30
espaceimmobiliersanary.fr,"Espace Immo, votre média immobilier de référence en France",votre média immobilier,https://espaceimmobiliersanary.fr/t6h2r0e1e3s9t1o2r7e8y4ed.phtml,2026-09-30
espaceimmobiliersanary.fr,"Espace Immo, votre média immobilier de référence en France",votre média immobilier,https://espaceimmobiliersanary.fr/t6o4l7u9r5i9c7300.phtml,2026-09-30
espaceimmobiliersanary.fr,"Espace Immo, votre média immobilier de référence en France",votre média immobilier,https://espaceimmobiliersanary.fr/t6r3i0g5y5n7i1a8n11.phtml,2026-09-30
espaceimmobiliersanary.fr,"Espace Immo, votre média immobilier de référence en France",votre média immobilier,https://espaceimmobiliersanary.fr/t6r3i1l0o9b2i9t4i4c91.phtml,2026-09-30
espaceimmobiliersanary.fr,"Espace Immo, votre média immobilier de référence en France",votre média immobilier,https://espaceimmobiliersanary.fr/t6r3i7b8u6t3a8r5y175.phtml,2026-09-30
espaceimmobiliersanary.fr,"Espace Immo, votre média immobilier de référence en France",votre média immobilier,https://espaceimmobiliersanary.fr/t6r3i7t5o1v0a44079.phtml,2026-09-30
espaceimmobiliersanary.fr,"Espace Immo, votre média immobilier de référence en France",votre média immobilier,https://espaceimmobiliersanary.fr/t6r5a5n3s6p9i7r6a1t3ion.phtml,2026-09-30
espaceimmobiliersanary.fr,"Espace Immo, votre média immobilier de référence en France",votre média immobilier,https://espaceimmobiliersanary.fr/t6u1r0c5i8s6m6380.phtml,2026-09-30
espaceimmobiliersanary.fr,"Espace Immo, votre média immobilier de référence en France",votre média immobilier,https://espaceimmobiliersanary.fr/t6y1r4a2n9n6i4c8i5d5a6l.phtml,2026-09-30
espaceimmobiliersanary.fr,"Espace Immo, votre média immobilier de référence en France",votre média immobilier,https://espaceimmobiliersanary.fr/t7a4w0e3d3256711.phtml,2026-09-30
espaceimmobiliersanary.fr,"Espace Immo, votre média immobilier de référence en France",votre média immobilier,https://espaceimmobiliersanary.fr/t7e3c4h6n1o4g9r9a1p4h1ical.phtml,2026-09-30
espaceimmobiliersanary.fr,"Espace Immo, votre média immobilier de référence en France",votre média immobilier,https://espaceimmobiliersanary.fr/t7h3e3r7m1o9p3h7o5n8e6.phtml,2026-09-30
espaceimmobiliersanary.fr,"Espace Immo, votre média immobilier de référence en France",votre média immobilier,https://espaceimmobiliersanary.fr/t7h7u3n3n9u4s9303.phtml,2026-09-30
espaceimmobiliersanary.fr,"Espace Immo, votre média immobilier de référence en France",votre média immobilier,https://espaceimmobiliersanary.fr/t7i1t1h8e1s123478.phtml,2026-09-30
espaceimmobiliersanary.fr,"Espace Immo, votre média immobilier de référence en France",votre média immobilier,https://espaceimmobiliersanary.fr/t7i3n0c9t7o1r1i6um.phtml,2026-09-30
espaceimmobiliersanary.fr,"Espace Immo, votre média immobilier de référence en France",votre média immobilier,https://espaceimmobiliersanary.fr/t7o1i5l1f5u4l42688.phtml,2026-09-30
espaceimmobiliersanary.fr,"Espace Immo, votre média immobilier de référence en France",votre média immobilier,https://espaceimmobiliersanary.fr/t7r2i0b5u8t7a3r2y464.phtml,2026-09-30
espaceimmobiliersanary.fr,"Espace Immo, votre média immobilier de référence en France",votre média immobilier,https://espaceimmobiliersanary.fr/t7r4a5n4s2v7e8r9s6e8ly.phtml,2026-09-30
espaceimmobiliersanary.fr,"Espace Immo, votre média immobilier de référence en France",votre média immobilier,https://espaceimmobiliersanary.fr/t7u2r6c0i6s0m72068.phtml,2026-09-30
espaceimmobiliersanary.fr,"Espace Immo, votre média immobilier de référence en France",votre média immobilier,https://espaceimmobiliersanary.fr/t8a1b7u7l0a581444.phtml,2026-09-30
espaceimmobiliersanary.fr,"Espace Immo, votre média immobilier de référence en France",votre média immobilier,https://espaceimmobiliersanary.fr/t8a6m5a6r1i7c176.phtml,2026-09-30
espaceimmobiliersanary.fr,"Espace Immo, votre média immobilier de référence en France",votre média immobilier,https://espaceimmobiliersanary.fr/t8e2m5p6e7r2a1t6e814.phtml,2026-09-30
espaceimmobiliersanary.fr,"Espace Immo, votre média immobilier de référence en France",votre média immobilier,https://espaceimmobiliersanary.fr/t8o2a1d2e6a0t1e1r86.phtml,2026-09-30
espaceimmobiliersanary.fr,"Espace Immo, votre média immobilier de référence en France",votre média immobilier,https://espaceimmobiliersanary.fr/t8r3a5n1s8i4t8i0o1n3a7l.phtml,2026-09-30
espaceimmobiliersanary.fr,"Espace Immo, votre média immobilier de référence en France",votre média immobilier,https://espaceimmobiliersanary.fr/t8r3e9c2k9s1c0h9u6y2t6.phtml,2026-09-30
espaceimmobiliersanary.fr,,,https://espaceimmobiliersanary.fr/t8r4a5n0s7a3c8t7i5o6ns.phtml,2026-09-30
espaceimmobiliersanary.fr,"Espace Immo, votre média immobilier de référence en France",votre média immobilier,https://espaceimmobiliersanary.fr/t8u3m9b1l6e1d7o9w8n53.phtml,2026-09-30
espaceimmobiliersanary.fr,,,https://espaceimmobiliersanary.fr/t9a7w7e1d937816.phtml,2026-09-30
espaceimmobiliersanary.fr,,,https://espaceimmobiliersanary.fr/t9e3s2s4e3r0a9e5399.phtml,2026-09-30
espaceimmobiliersanary.fr,,,https://espaceimmobiliersanary.fr/t9h1r8e8e4s9t4o9r3e7yed.phtml,2026-09-30
espaceimmobiliersanary.fr,,,https://espaceimmobiliersanary.fr/t9h2e5r6i5o0d5o2n2t2i4a.phtml,2026-09-30
espaceimmobiliersanary.fr,,,https://espaceimmobiliersanary.fr/t9r2e0s1a6y3l3e6966.phtml,2026-09-30
espaceimmobiliersanary.fr,,,https://espaceimmobiliersanary.fr/t9r3i9t9o7v6a12408.phtml,2026-09-30
espaceimmobiliersanary.fr,,,https://espaceimmobiliersanary.fr/t9r3o9g3o2s4t8o6l3o3n1.phtml,2026-09-30
espaceimmobiliersanary.fr,,,https://espaceimmobiliersanary.fr/u0n1d6e8r0s9t6r9a2p1p2ing.phtml,2026-09-30
espaceimmobiliersanary.fr,,,https://espaceimmobiliersanary.fr/u0n2c8o1u8t4h1n9e3s5s5.phtml,2026-09-30
espaceimmobiliersanary.fr,,,https://espaceimmobiliersanary.fr/u0n4c2i8a8t3i6m9429.phtml,2026-09-30
espaceimmobiliersanary.fr,,,https://espaceimmobiliersanary.fr/u1n1s8o9p4h6i7s1t3i0c4atedness.phtml,2026-09-30
espaceimmobiliersanary.fr,,,https://espaceimmobiliersanary.fr/u1n5s3t1r1i7a0t3e5d8.phtml,2026-09-30
espaceimmobiliersanary.fr,,,https://espaceimmobiliersanary.fr/u2l3o0n3a5t0a54526.phtml,2026-09-30
espaceimmobiliersanary.fr,,,https://espaceimmobiliersanary.fr/u2n1d5e7r4s8t1r5a5p0p1ing.phtml,2026-09-30
espaceimmobiliersanary.fr,,,https://espaceimmobiliersanary.fr/u2n1i4f5y5132610.phtml,2026-09-30
espaceimmobiliersanary.fr,,,https://espaceimmobiliersanary.fr/u2n3i3v8e9r1s9a6l555.phtml,2026-09-30
espaceimmobiliersanary.fr,,,https://espaceimmobiliersanary.fr/u3n1e9v8e4n5021.phtml,2026-09-30
espaceimmobiliersanary.fr,,,https://espaceimmobiliersanary.fr/u3n2o5r3d8e7r49020.phtml,2026-09-30
espaceimmobiliersanary.fr,,,https://espaceimmobiliersanary.fr/u3n6d2e9r3a7c6t8i8o8n.phtml,2026-09-30
espaceimmobiliersanary.fr,,,https://espaceimmobiliersanary.fr/u3n9i1l9o5c2u8l9a7r5.phtml,2026-09-30
espaceimmobiliersanary.fr,,,https://espaceimmobiliersanary.fr/u3r3o6g7a5s2t0r1i2c65.phtml,2026-09-30
espaceimmobiliersanary.fr,,,https://espaceimmobiliersanary.fr/u4m7b7e6l5l2a6t6u2s0.phtml,2026-09-30
espaceimmobiliersanary.fr,,,https://espaceimmobiliersanary.fr/u4n2s5o2c4i0a8b9l3e1.phtml,2026-09-30
espaceimmobiliersanary.fr,,,https://espaceimmobiliersanary.fr/u4n3p4o2l5l0e6d8069.phtml,2026-09-30
espaceimmobiliersanary.fr,,,https://espaceimmobiliersanary.fr/u4n5s9o8p1h6i3s0t5icatedness.phtml,2026-09-30
espaceimmobiliersanary.fr,,,https://espaceimmobiliersanary.fr/u4n7s7t7r7i3a8t7e1d9.phtml,2026-09-30
espaceimmobiliersanary.fr,,,https://espaceimmobiliersanary.fr/u4r3o1g5a5s5t0r8i0c73.phtml,2026-09-30
espaceimmobiliersanary.fr,,,https://espaceimmobiliersanary.fr/u5n1n2e0c8e3s7s9a1r7i3ly.phtml,2026-09-30
espaceimmobiliersanary.fr,,,https://espaceimmobiliersanary.fr/u5n3c2i9a5t2i7m3423.phtml,2026-09-30
espaceimmobiliersanary.fr,,,https://espaceimmobiliersanary.fr/u5n3w6r7i9n9k5l3e560.phtml,2026-09-30
espaceimmobiliersanary.fr,,,https://espaceimmobiliersanary.fr/u5n4a0v8o0i2d4a0b9l8e1ness.phtml,2026-09-30
espaceimmobiliersanary.fr,,,https://espaceimmobiliersanary.fr/u5n5k7e7p0t17061.phtml,2026-09-30
espaceimmobiliersanary.fr,,,https://espaceimmobiliersanary.fr/u5s3b8e6g2s835154.phtml,2026-09-30
espaceimmobiliersanary.fr,,,https://espaceimmobiliersanary.fr/u6n1c9a7l5l1e0d2f9o0r6.phtml,2026-09-30
espaceimmobiliersanary.fr,,,https://espaceimmobiliersanary.fr/u6n2o7r8d5e3r17349.phtml,2026-09-30
espaceimmobiliersanary.fr,,,https://espaceimmobiliersanary.fr/u6n3e5v5e3n699110.phtml,2026-09-30
espaceimmobiliersanary.fr,,,https://espaceimmobiliersanary.fr/u6p1t0h9u3n8d9e0r020.phtml,2026-09-30
espaceimmobiliersanary.fr,,,https://espaceimmobiliersanary.fr/u7n1b0e2n5d0i5n1g682.phtml,2026-09-30
espaceimmobiliersanary.fr,,,https://espaceimmobiliersanary.fr/u7n2p6o6l5l0e0d3470.phtml,2026-09-30
espaceimmobiliersanary.fr,,,https://espaceimmobiliersanary.fr/u7s3b7e5g5s632851.phtml,2026-09-30
espaceimmobiliersanary.fr,,,https://espaceimmobiliersanary.fr/u8l3o7n4a0t7a4609.phtml,2026-09-30
espaceimmobiliersanary.fr,,,https://espaceimmobiliersanary.fr/u8n2a3v8o0i6d5a2b2l8e6ness.phtml,2026-09-30
espaceimmobiliersanary.fr,,,https://espaceimmobiliersanary.fr/u8n2c5i3a5t2i0m8792.phtml,2026-09-30
espaceimmobiliersanary.fr,,,https://espaceimmobiliersanary.fr/u8n2c7a4l0l3e1d5f8o5r0.phtml,2026-09-30
espaceimmobiliersanary.fr,,,https://espaceimmobiliersanary.fr/u8n2i3l1a0t7e7r3a8l66.phtml,2026-09-30
espaceimmobiliersanary.fr,,,https://espaceimmobiliersanary.fr/u9n2r0e9a5l5i5t6y469.phtml,2026-09-30
espaceimmobiliersanary.fr,,,https://espaceimmobiliersanary.fr/u9n2r3u7i8n2a2t8e072.phtml,2026-09-30
espaceimmobiliersanary.fr,,,https://espaceimmobiliersanary.fr/u9n3c4o8u9t9h6n6e9s3s5.phtml,2026-09-30
espaceimmobiliersanary.fr,,,https://espaceimmobiliersanary.fr/u9n3h2u5m0a2n7i1z9e08.phtml,2026-09-30
espaceimmobiliersanary.fr,,,https://espaceimmobiliersanary.fr/v0a1m8p7i2n8g2838.phtml,2026-09-30
espaceimmobiliersanary.fr,,,https://espaceimmobiliersanary.fr/v0e1r1t6e1b4r4a0311.phtml,2026-09-30
espaceimmobiliersanary.fr,,,https://espaceimmobiliersanary.fr/v0e1r4s9u7t9e24111.phtml,2026-09-30
espaceimmobiliersanary.fr,,,https://espaceimmobiliersanary.fr/v0e2r8s1i7n2g07240.phtml,2026-09-30
espaceimmobiliersanary.fr,,,https://espaceimmobiliersanary.fr/v0i2n9d1i5c5a5t3e454.phtml,2026-09-30
espaceimmobiliersanary.fr,,,https://espaceimmobiliersanary.fr/v1o3l7p2l7a3n7e9257.phtml,2026-09-30
espaceimmobiliersanary.fr,,,https://espaceimmobiliersanary.fr/v2a4r4i9c5o2l6o6u7r3ed.phtml,2026-09-30
espaceimmobiliersanary.fr,,,https://espaceimmobiliersanary.fr/v3a1r7i1s8s4e48860.phtml,2026-09-30
espaceimmobiliersanary.fr,,,https://espaceimmobiliersanary.fr/v3a4c1u4n4a154991.phtml,2026-09-30
espaceimmobiliersanary.fr,,,https://espaceimmobiliersanary.fr/v3e4r0t1e3b7r5a712.phtml,2026-09-30
espaceimmobiliersanary.fr,,,https://espaceimmobiliersanary.fr/v3o3l1u6b0l0y96877.phtml,2026-09-30
espaceimmobiliersanary.fr,,,https://espaceimmobiliersanary.fr/v4a1r1v1e4l7l8e5d286.phtml,2026-09-30
espaceimmobiliersanary.fr,,,https://espaceimmobiliersanary.fr/v4i3s8i3t8o3r03575.phtml,2026-09-30
espaceimmobiliersanary.fr,,,https://espaceimmobiliersanary.fr/v6e9r9s2u8t1e6449.phtml,2026-09-30
espaceimmobiliersanary.fr,,,https://espaceimmobiliersanary.fr/v6o5y2a9g9e5u8r259.phtml,2026-09-30
espaceimmobiliersanary.fr,,,https://espaceimmobiliersanary.fr/v7a5l7e5n6c4i1a455.phtml,2026-09-30
espaceimmobiliersanary.fr,,,https://espaceimmobiliersanary.fr/v7o3w0e1d0948277.phtml,2026-09-30
espaceimmobiliersanary.fr,,,https://espaceimmobiliersanary.fr/v8a4r1v3e1l0l4e3d367.phtml,2026-09-30
espaceimmobiliersanary.fr,,,https://espaceimmobiliersanary.fr/v8e2r1s3i7n7g88444.phtml,2026-09-30
espaceimmobiliersanary.fr,,,https://espaceimmobiliersanary.fr/v8i8s1c3u3m83022.phtml,2026-09-30
espaceimmobiliersanary.fr,,,https://espaceimmobiliersanary.fr/v8o2l2u3b4l1y09703.phtml,2026-09-30
espaceimmobiliersanary.fr,,,https://espaceimmobiliersanary.fr/v9a7n5n1i0n4g2550.phtml,2026-09-30
espaceimmobiliersanary.fr,"Espace Immo, votre média immobilier de référence en France",votre média immobilier,https://espaceimmobiliersanary.fr/v9e3n2t5r1a2l24415.phtml,2026-09-30
espaceimmobiliersanary.fr,"Espace Immo, votre média immobilier de référence en France",votre média immobilier,https://espaceimmobiliersanary.fr/v9e4r0t4e7b5r8a0434.phtml,2026-09-30
espaceimmobiliersanary.fr,"Espace Immo, votre média immobilier de référence en France",votre média immobilier,https://espaceimmobiliersanary.fr/v9i3n7d3i0c7a5t5e946.phtml,2026-09-30
espaceimmobiliersanary.fr,"Espace Immo, votre média immobilier de référence en France",votre média immobilier,https://espaceimmobiliersanary.fr/w0h1i3r3l2p2o5o4l849.phtml,2026-09-30
espaceimmobiliersanary.fr,"Espace Immo, votre média immobilier de référence en France",votre média immobilier,https://espaceimmobiliersanary.fr/w0h1i4t5e0l5i0v8e9r5ed.phtml,2026-09-30
espaceimmobiliersanary.fr,"Espace Immo, votre média immobilier de référence en France",votre média immobilier,https://espaceimmobiliersanary.fr/w0h1i6f3f4e5d92091.phtml,2026-09-30
espaceimmobiliersanary.fr,"Espace Immo, votre média immobilier de référence en France",votre média immobilier,https://espaceimmobiliersanary.fr/w0h2e2r1e9a4b2o2u8t5.phtml,2026-09-30
espaceimmobiliersanary.fr,"Espace Immo, votre média immobilier de référence en France",votre média immobilier,https://espaceimmobiliersanary.fr/w0h5i4t0e5f8r5o9n8t9ed.phtml,2026-09-30
espaceimmobiliersanary.fr,"Espace Immo, votre média immobilier de référence en France",votre média immobilier,https://espaceimmobiliersanary.fr/w0i4t0h7e2r9i4t6e98.phtml,2026-09-30
espaceimmobiliersanary.fr,"Espace Immo, votre média immobilier de référence en France",votre média immobilier,https://espaceimmobiliersanary.fr/w0i7s0e2l5y00839.phtml,2026-09-30
espaceimmobiliersanary.fr,"Espace Immo, votre média immobilier de référence en France",votre média immobilier,https://espaceimmobiliersanary.fr/w1a3s0d8e2n038796.phtml,2026-09-30
espaceimmobiliersanary.fr,"Espace Immo, votre média immobilier de référence en France",votre média immobilier,https://espaceimmobiliersanary.fr/w1a9y4b4r7e5a7d20.phtml,2026-09-30
espaceimmobiliersanary.fr,"Espace Immo, votre média immobilier de référence en France",votre média immobilier,https://espaceimmobiliersanary.fr/w1i3t3e2n1a3g6e2m4o2t7e.phtml,2026-09-30
espaceimmobiliersanary.fr,"Espace Immo, votre média immobilier de référence en France",votre média immobilier,https://espaceimmobiliersanary.fr/w1i4c3k2e171603.phtml,2026-09-30
espaceimmobiliersanary.fr,"Espace Immo, votre média immobilier de référence en France",votre média immobilier,https://espaceimmobiliersanary.fr/w1i4t1t2i5e6s8t3907.phtml,2026-09-30
espaceimmobiliersanary.fr,"Espace Immo, votre média immobilier de référence en France",votre média immobilier,https://espaceimmobiliersanary.fr/w1r2a6t6h6y215569.phtml,2026-09-30
espaceimmobiliersanary.fr,"Espace Immo, votre média immobilier de référence en France",votre média immobilier,https://espaceimmobiliersanary.fr/w2e2r9e1g3e3l8d8864.phtml,2026-09-30
espaceimmobiliersanary.fr,"Espace Immo, votre média immobilier de référence en France",votre média immobilier,https://espaceimmobiliersanary.fr/w2h4i3t3e3f8r3o7n0t2ed.phtml,2026-09-30
espaceimmobiliersanary.fr,"Espace Immo, votre média immobilier de référence en France",votre média immobilier,https://espaceimmobiliersanary.fr/w2o1a5d2e2d455658.phtml,2026-09-30
espaceimmobiliersanary.fr,"Espace Immo, votre média immobilier de référence en France",votre média immobilier,https://espaceimmobiliersanary.fr/w2o3r9k0f8o0l5k0837.phtml,2026-09-30
espaceimmobiliersanary.fr,"Espace Immo, votre média immobilier de référence en France",votre média immobilier,https://espaceimmobiliersanary.fr/w2r3i0t2h9e8n4090.phtml,2026-09-30
espaceimmobiliersanary.fr,"Espace Immo, votre média immobilier de référence en France",votre média immobilier,https://espaceimmobiliersanary.fr/w3i4s1e6l9y246096.phtml,2026-09-30
espaceimmobiliersanary.fr,"Espace Immo, votre média immobilier de référence en France",votre média immobilier,https://espaceimmobiliersanary.fr/w4a3t2c9h9m8a6n2195.phtml,2026-09-30
espaceimmobiliersanary.fr,"Espace Immo, votre média immobilier de référence en France",votre média immobilier,https://espaceimmobiliersanary.fr/w4e3l4t4i1n8g15974.phtml,2026-09-30
espaceimmobiliersanary.fr,"Espace Immo, votre média immobilier de référence en France",votre média immobilier,https://espaceimmobiliersanary.fr/w4h2i5f0f2e3d17948.phtml,2026-09-30
espaceimmobiliersanary.fr,"Espace Immo, votre média immobilier de référence en France",votre média immobilier,https://espaceimmobiliersanary.fr/w4h5i6p4g2r5a0f8t11.phtml,2026-09-30
espaceimmobiliersanary.fr,"Espace Immo, votre média immobilier de référence en France",votre média immobilier,https://espaceimmobiliersanary.fr/w5a1l8l7o3w1i2s0h427.phtml,2026-09-30
espaceimmobiliersanary.fr,"Espace Immo, votre média immobilier de référence en France",votre média immobilier,https://espaceimmobiliersanary.fr/w5a1s4h4p9o3t31723.phtml,2026-09-30
espaceimmobiliersanary.fr,,,https://espaceimmobiliersanary.fr/w5a1t5c0h5m1a0n0620.phtml,2026-09-30
espaceimmobiliersanary.fr,"Espace Immo, votre média immobilier de référence en France",votre média immobilier,https://espaceimmobiliersanary.fr/w5a2y8b4r2e2a9d8345.phtml,2026-09-30
espaceimmobiliersanary.fr,"Espace Immo, votre média immobilier de référence en France",votre média immobilier,https://espaceimmobiliersanary.fr/w5e2a3p0o6n185078.phtml,2026-09-30
espaceimmobiliersanary.fr,,,https://espaceimmobiliersanary.fr/w5e2r0e8g6e2l1d5370.phtml,2026-09-30
espaceimmobiliersanary.fr,,,https://espaceimmobiliersanary.fr/w5h3i1p3g2r6a1f3t939.phtml,2026-09-30
espaceimmobiliersanary.fr,,,https://espaceimmobiliersanary.fr/w5h6i7t9e9f5r2o0n6t3ed.phtml,2026-09-30
espaceimmobiliersanary.fr,,,https://espaceimmobiliersanary.fr/w5i1l7l2s5o3m6e5n7e6s1s.phtml,2026-09-30
espaceimmobiliersanary.fr,,,https://espaceimmobiliersanary.fr/w5o3r0d3i9s6h43314.phtml,2026-09-30
espaceimmobiliersanary.fr,,,https://espaceimmobiliersanary.fr/w5o3r1k4f6o9l3k7662.phtml,2026-09-30
espaceimmobiliersanary.fr,,,https://espaceimmobiliersanary.fr/w5r7i5t8h2e1n9059.phtml,2026-09-30
espaceimmobiliersanary.fr,,,https://espaceimmobiliersanary.fr/w6a7s2h9p3o6t0515.phtml,2026-09-30
espaceimmobiliersanary.fr,,,https://espaceimmobiliersanary.fr/w6h4e0r0e3a4b1o3u3t11.phtml,2026-09-30
espaceimmobiliersanary.fr,,,https://espaceimmobiliersanary.fr/w6i2s3e4l3y828249.phtml,2026-09-30
espaceimmobiliersanary.fr,,,https://espaceimmobiliersanary.fr/w6o2r3d8i2s4h8763.phtml,2026-09-30
espaceimmobiliersanary.fr,,,https://espaceimmobiliersanary.fr/w6r2o8n3g6l4e9s7s474.phtml,2026-09-30
espaceimmobiliersanary.fr,,,https://espaceimmobiliersanary.fr/w7r3u6n5g8453360.phtml,2026-09-30
espaceimmobiliersanary.fr,,,https://espaceimmobiliersanary.fr/w8i3s2e4l4y307498.phtml,2026-09-30
espaceimmobiliersanary.fr,,,https://espaceimmobiliersanary.fr/w8i8l3l1s0o8m3e4n0e2ss.phtml,2026-09-30
espaceimmobiliersanary.fr,,,https://espaceimmobiliersanary.fr/w8o1r2k4f6o0l2k2344.phtml,2026-09-30
espaceimmobiliersanary.fr,,,https://espaceimmobiliersanary.fr/w8r6i3t6e5r5s3h3i9p7.phtml,2026-09-30
espaceimmobiliersanary.fr,,,https://espaceimmobiliersanary.fr/w9e3r7e5g9e2l4d7611.phtml,2026-09-30
espaceimmobiliersanary.fr,,,https://espaceimmobiliersanary.fr/w9h2i2t3e5l3i2v1e8r0e2d.phtml,2026-09-30
espaceimmobiliersanary.fr,,,https://espaceimmobiliersanary.fr/w9i8c2k6e494614.phtml,2026-09-30
espaceimmobiliersanary.fr,,,https://espaceimmobiliersanary.fr/y1o2r7k3s5h5i6r3e539.phtml,2026-09-30
espaceimmobiliersanary.fr,,,https://espaceimmobiliersanary.fr/y3o1u3t2h6y290423.phtml,2026-09-30
espaceimmobiliersanary.fr,,,https://espaceimmobiliersanary.fr/y7r3o1n3n5e37288.phtml,2026-09-30
espaceimmobiliersanary.fr,,,https://espaceimmobiliersanary.fr/y8e2s2t5e0r2m5o2r6n74.phtml,2026-09-30
espaceimmobiliersanary.fr,,,https://espaceimmobiliersanary.fr/z2o1r1i3l6l1a21995.phtml,2026-09-30
espaceimmobiliersanary.fr,,,https://espaceimmobiliersanary.fr/z6e1n5i5t9h4a4l3218.phtml,2026-09-30
favrat-ossature-bois.fr,Coffret électrique étanche : Comment Choisir Le Bon Modèle ?,coffret électrique étanche,https://favrat-ossature-bois.fr/coffret-electrique-etanche-choisir-ip65-ip66-taille,2026-09-30
fenrifoyer.fr,Alocasia Black Velvet : culture et entretien,alocasia black velvet,https://fenrifoyer.fr/alocasia-black-velvet-culture-et-entretien,2026-09-30
foyerlumina.fr,Produit interdit pour pompe de relevage : la liste complète,produit interdit pompe,https://foyerlumina.fr/produit-interdit-pour-pompe-de-relevage-la-liste-complete,2026-09-30
foyerluxuria.fr,Éclaircir un escalier en bois : méthodes et étapes clés,éclaircir escalier bois,https://foyerluxuria.fr/eclaircir-un-escalier-en-bois-methodes-et-etapes-cles,2026-09-30
habitat-infos.fr,12 astuces pour aménager votre balcon en toute intimité - Habitat-infos.fr,aménager votre balcon,https://habitat-infos.fr/astuces-balcon-privacy-intimite,2026-09-30
habitat-infos.fr,50 idées de balustrades DIY pour sublimer votre terrasse - Habitat-infos.fr,sublimer votre terrasse,https://habitat-infos.fr/balustrades-diy-terrasse,2026-09-30
habitat-infos.fr,Construire une terrasse couverte : guide complet du début à la fin - Habitat-infos.fr,construire terrasse couverte,https://habitat-infos.fr/construire-terrasse-couverte-guide-complet,2026-09-30
habitat-infos.fr,Comment créer un jardin inspiré du style mid-century modern - Habitat-infos.fr,jardin inspiré style,https://habitat-infos.fr/creer-jardin-mid-century-modern,2026-09-30
harmonie-maison.fr,Bouture mimosa : 5 étapes pour réussir vos nouvelles pousses sans stress - Harmonie Maison,bouture mimosa,https://harmonie-maison.fr/bouture-mimosa,2026-09-30
harmonie-maison.fr,Larve et œuf de cafard : comment les identifier et agir efficacement - Harmonie Maison,larve œuf cafard,https://harmonie-maison.fr/larve-uf-de-cafard,2026-09-30
horizons-patrimoine.fr,Mon propriétaire vend et je ne trouve pas de logement : solutions,trouve pas logement,https://horizons-patrimoine.fr/immobilier/mon-proprietaire-vend-et-je-ne-trouve-pas-de-logement-solutions,2026-09-30
horizons-patrimoine.fr,Organiser déménagement : guide complet et checklist,organiser déménagement,https://horizons-patrimoine.fr/immobilier/organiser-demenagement,2026-09-30
immo-libre.fr,"Prix d’une maison container : coût, modèles et budget",prix maison container,https://immo-libre.fr/prix-maison-container-2,2026-09-30
immo-patrimoine-conseil.fr,Pourquoi choisir une société de gestion immobilière plutôt qu'un propriétaire ? - Immo-patrimoine-conseil.fr,société gestion immobilière,https://immo-patrimoine-conseil.fr/gestion-immobiliere-avantages,2026-09-30
immo-patrimoine-conseil.fr,Pourquoi ma maison ne se vend-elle pas ? - Immo-patrimoine-conseil.fr,pourquoi ma maison,https://immo-patrimoine-conseil.fr/maison-ne-se-vend-pas,2026-09-30
immo-patrimoine-conseil.fr,Mise à jour contemporaine d'une maison victorienne à Londres - Immo-patrimoine-conseil.fr,maison victorienne londres,https://immo-patrimoine-conseil.fr/maison-victorienne-renovation-contemporaine,2026-09-30
immo-patrimoine-conseil.fr,Rendez votre annonce de location de vacances irrésistible - Immo-patrimoine-conseil.fr,location vacances irrésistible,https://immo-patrimoine-conseil.fr/optimiser-annonce-location-vacances,2026-09-30
immo-patrimoine-conseil.fr,Transformez votre maison de ville en un espace moderne - Immo-patrimoine-conseil.fr,transformez votre maison,https://immo-patrimoine-conseil.fr/transformez-maison-ville-ambiance-moderne,2026-09-30
interiora-style.fr,30 idées colorées pour un salon transformé - Interiora-style.fr,colorées salon transformé,https://interiora-style.fr/30-idees-colores-salon-transforme,2026-09-30
interiora-style.fr,10 conseils pour créer un espace gourmet parfait sur votre balcon - Interiora-style.fr,parfait votre balcon,https://interiora-style.fr/espace-gourmet-balcon,2026-09-30
interiora-style.fr,10 idées d'aménagement de cuisine pour sublimer votre intérieur - Interiora-style.fr,cuisine sublimer votre,https://interiora-style.fr/idees-amenagement-cuisine,2026-09-30
interiora-style.fr,10 maisons modernes à façade de verre qui inspirent - Interiora-style.fr,10 maisons modernes,https://interiora-style.fr/maisons-modernes-facades-verre,2026-09-30
interiora-style.fr,Découvrez l'intérieur du nouvel espace de Mosaic East à Londres - Interiora-style.fr,espace mosaic east,https://interiora-style.fr/mosaic-east-bureau-londres,2026-09-30
jardinerlaville.fr,Quel engrais utiliser pour les tomates ? | Jardiner la Ville,engrais utiliser tomates,https://jardinerlaville.fr/engrais-pour-les-tomates,2026-09-30
loco-immo.fr,Les quartiers à éviter à Pointe-à-Pitre,quartiers éviter pointe,https://loco-immo.fr/les-quartiers-a-eviter-a-pointe-a-pitre,2026-09-30
ma-maison-pratique.fr,Transformez l'intérieur de votre poulailler en un espace accueillant - ma-maison-pratique.fr,poulailler espace accueillant,https://ma-maison-pratique.fr/amenagement-interieur-poulailler,2026-09-30
ma-maison-pratique.fr,Inspirez-vous avec ces 24 arches en bois pour jardin - ma-maison-pratique.fr,inspirez vous 24,https://ma-maison-pratique.fr/arches-en-bois-jardin-inspiration,2026-09-30
ma-maison-pratique.fr,Construire un mur en blocs : guide pratique et idées - ma-maison-pratique.fr,construire mur blocs,https://ma-maison-pratique.fr/construire-mur-blocs-jardin,2026-09-30
ma-maison-pratique.fr,Corinto Blanco : l'élégance du gres émaillé pour votre extérieur - ma-maison-pratique.fr,corinto blanco,https://ma-maison-pratique.fr/gres-corinto-blanco-amenagement-jardin,2026-09-30
ma-maison-pratique.fr,25 plantes robustes pour un jardin ensoleillé - ma-maison-pratique.fr,plantes robustes jardin,https://ma-maison-pratique.fr/plantes-resistantes-soleil-jardin,2026-09-30
mag-investir.com,Que prévoit la réforme de la facturation électronique ?,réforme facturation électronique,https://mag-investir.com/que-prevoit-la-reforme-de-la-facturation-electronique,2026-09-30
maison-deco-design.fr,4 Agencements de Canapés pour Optimiser Votre Salon - Maison-deco-design.fr,optimiser votre salon,https://maison-deco-design.fr/agencements-canapes-salon,2026-09-30
maison-deco-design.fr,Transformez votre salon : idées pour un aménagement réussi - Maison-deco-design.fr,transformez votre salon,https://maison-deco-design.fr/amenagement-salon-chaleureux,2026-09-30
maison-deco-design.fr,10 idées créatives pour aménager vos étagères avec vos livres et vos chats - Maison-deco-design.fr,créatives aménager vos,https://maison-deco-design.fr/etageres-creatives-livres-chats,2026-09-30
maison-deco-design.fr,Créer un salon boho chaleureux et accueillant - Maison-deco-design.fr,boho chaleureux accueillant,https://maison-deco-design.fr/salon-bohemian-cosy,2026-09-30
maison-deco-design.fr,Table console en bois avec prises pour un coin cosy - Maison-deco-design.fr,table console bois,https://maison-deco-design.fr/table-console-bois-prises-usb,2026-09-30
maison-entretien.com,Monte-charge voiture : l'ascenseur véhicule révolutionnaire,monte charge voiture,https://maison-entretien.com/monte-charge-voiture,2026-09-30
maisondulcia.fr,Clapet ventilation Velux : pourquoi il reste toujours ouvert,clapet ventilation velux,https://maisondulcia.fr/clapet-ventilation-velux-pourquoi-il-reste-toujours-ouvert,2026-09-30
maisondulcia.fr,Demi Stil Placo : une solution d'isolation intelligente,demi stil placo,https://maisondulcia.fr/demi-stil-placo-une-solution-disolation-intelligente,2026-09-30
maisonfjord.fr,Durée de vie d'un fruitier colonnaire : mythes et réalités,vie fruitier colonnaire,https://maisonfjord.fr/duree-de-vie-dun-fruitier-colonnaire-mythes-et-realites,2026-09-30
maisonfjord.fr,Oreiller synthétique : le choix pratique pour le confort au quotidien,oreiller synthétique,https://maisonfjord.fr/oreiller-synthetique-le-choix-pratique-pour-le-confort-au-quotidien,2026-09-30
maisonfloralis.fr,Peinture sur résine : le guide complet pour peindre efficacement,peinture résine,https://maisonfloralis.fr/peinture-sur-resine-le-guide-complet-pour-peindre-efficacement,2026-09-30
maisonluminea.fr,Bloc WC tombé dans les toilettes : comment réagir ?,wc tombé toilettes,https://maisonluminea.fr/bloc-wc-tombe-dans-les-toilettes-comment-reagir,2026-09-30
maisonluminea.fr,Plan de fabrication de fenêtre en bois : le guide PDF,fabrication fenêtre bois,https://maisonluminea.fr/plan-de-fabrication-de-fenetre-en-bois-le-guide-pdf,2026-09-30
maizhome.fr,Acheter une bâche sur mesure : conseils pour bien choisir,acheter bâche mesure,https://maizhome.fr/acheter-une-bache-sur-mesure-conseils-pour-bien-choisir,2026-09-30
maizhome.fr,Réparer le PVC blanc : techniques pour un résultat durable,réparer pvc blanc,https://maizhome.fr/reparer-le-pvc-blanc-techniques-pour-un-resultat-durable,2026-09-30
micado-france.fr,"Soufre En Poudre : Utilisations, Dosage, Précautions Et Achat",soufre poudre,https://micado-france.fr/soufre-poudre-usages-dosage-precautions,2026-09-30
miui-france.org,"HappyMod : APKs et jeux modifiés sur Android, mode d'emploi",happymod,https://www.miui-france.org/happymod,2026-09-30
miui-france.org,"Kazaplan : logiciel d'aménagement 3D, avis et usage",kazaplan,https://www.miui-france.org/kazaplan,2026-09-30
monhabitoo.fr,Siphon disconnecteur : comprendre le schéma pour l'installer,siphon disconnecteur,https://monhabitoo.fr/siphon-disconnecteur-comprendre-le-schema-pour-linstaller,2026-09-30
monimmeuble.com,Enchères judiciaires immobilières : les vrais prix des logements saisis,enchères judiciaires immobilières,https://monimmeuble.com/actualite/encheres-judiciaires-immobilieres-les-vrais-prix-des-logements-saisis,2026-09-30
monimmeuble.com,Stockage en parking résidentiel : la révolution silencieuse de 2026,stockage parking résidentiel,https://monimmeuble.com/actualite/stockage-en-parking-residentiel-la-revolution-silencieuse-de-2026,2026-09-30
pluscestsimple.com,"Choisir un fauteuil : dimensions, confort et revêtement",choisir fauteuil,https://pluscestsimple.com/comment-choisir-fauteuil-salon,2026-09-30
renovation-astuces.fr,5 idées pour aménager votre extérieur avec style - Renovation astuces,votre extérieur style,https://renovation-astuces.fr/amenagement-exterieur-idees-chaleureuses,2026-09-30
renovation-astuces.fr,Déco de jardin : illuminez votre espace avec des cailloux simples - Renovation astuces,déco jardin,https://renovation-astuces.fr/deco-jardin-cailloux-idees-simples,2026-09-30
renovation-astuces.fr,35 idées d'aménagement jardin pour tous les budgets - Renovation astuces,jardin tous budgets,https://renovation-astuces.fr/idees-amenagement-jardin-budgets,2026-09-30
renovation-astuces.fr,34 idées de jardin zen avec fontaines et points d'eau - Renovation astuces,fontaines points eau,https://renovation-astuces.fr/idees-jardin-zen-fontaines-eau,2026-09-30
renovation-astuces.fr,36 idées de terrasses de jardin pour chaque espace extérieur - Renovation astuces,jardin chaque espace,https://renovation-astuces.fr/idees-terrasses-jardin-espace-exterieur,2026-09-30
renovation-conseils.fr,28 coiffures demi-attachées pour le printemps - Renovation-conseils.fr,coiffures demi attachées,https://renovation-conseils.fr/coiffures-demi-attachees-printemps,2026-09-30
renovation-conseils.fr,28 coiffures de mariage pour un été parfait : tresses couronnées - Renovation-conseils.fr,28 coiffures mariage,https://renovation-conseils.fr/coiffures-mariage-ete-tresses,2026-09-30
renovation-conseils.fr,30 couronnes de printemps DIY pour embellir votre porte d'entrée - Renovation-conseils.fr,diy embellir votre,https://renovation-conseils.fr/couronnes-printemps-diy-pour-porter,2026-09-30
renovation-conseils.fr,24 idées de couronnes de Pâques pour tous les styles - Renovation-conseils.fr,idées couronnes pâques,https://renovation-conseils.fr/idees-couronnes-paques-styles,2026-09-30
thai-passion.fr,"Thai-Passion.fr | Voyage, Culture, Cuisine et Vie en Thaïlande",thai passion fr,https://thai-passion.fr/author/maeva,2026-09-30
thai-passion.fr,Carnet de voyage Archives,carnet voyage archives,https://thai-passion.fr/category/news,2026-09-30
thai-passion.fr,14 plats raffinés à préparer chez soi,14 plats raffinés,https://thai-passion.fr/plats-gourmets-a-preparer-maison,2026-09-30
thai-passion.fr,Des wraps au poulet grec simples et savoureux,grec simples savoureux,https://thai-passion.fr/wraps-grec-poulet-faciles,2026-09-30
top-maison-confort.fr,20 idées lumineuses pour sublimer votre hall d'entrée - top-maison-confort.fr,sublimer votre hall,https://top-maison-confort.fr/idees-eclairage-hall-entrance,2026-09-30
top-maison-confort.fr,22 idées d'éclairage pour sublimer votre salon - top-maison-confort.fr,sublimer votre salon,https://top-maison-confort.fr/idees-eclairage-salon,2026-09-30
top-maison-confort.fr,L’éclat du plafond : pourquoi choisir la lumière zénithale ? - top-maison-confort.fr,éclat plafond,https://top-maison-confort.fr/lumiere-zenithale-decoration-interieure,2026-09-30
travaux-astuces.fr,Avant et après : transformations déco surprenantes - Travaux-astuces.fr,avant après,https://travaux-astuces.fr/avant-apres-transformation-deco,2026-09-30
travaux-astuces.fr,5 conseils pour éclairer correctement votre cuisine - Travaux-astuces.fr,correctement votre cuisine,https://travaux-astuces.fr/conseils-eclairage-cuisine,2026-09-30
travaux-astuces.fr,Comment créer un mood board pour votre décoration intérieure ? - Travaux-astuces.fr,votre décoration intérieure,https://travaux-astuces.fr/creer-mood-board-deco-interieure,2026-09-30
travaux-astuces.fr,Idées de rénovation faciles pour votre cuisine - Travaux-astuces.fr,rénovation faciles votre,https://travaux-astuces.fr/idees-renovation-cuisine-faciles,2026-09-30
travaux-magazine.fr,25 idées de chambres vertes sauge pour une sérénité assurée - Travaux-magazine.fr,sauge sérénité assurée,https://travaux-magazine.fr/chambre-verte-sauge-ambiance-apaisante,2026-09-30
travaux-magazine.fr,Cuisine verte et bois : l'alliance naturelle parfaite pour votre intérieur - Travaux-magazine.fr,cuisine verte bois,https://travaux-magazine.fr/cuisine-verte-bois-alliance-naturelle,2026-09-30
travaux-magazine.fr,36 idées colorées pour la chambre des enfants - Travaux-magazine.fr,colorées chambre enfants,https://travaux-magazine.fr/idees-chambre-enfant-coloree,2026-09-30
travaux-magazine.fr,Des idées créatives pour sublimer votre plan de travail de cuisine - Travaux-magazine.fr,créatives sublimer votre,https://travaux-magazine.fr/idees-creatives-plan-travail-cuisine,2026-09-30
travaux-magazine.fr,Quelle nuance de vert pour votre cuisine ? - Travaux-magazine.fr,vert votre cuisine,https://travaux-magazine.fr/nuance-vert-cuisine,2026-09-30
travaux-specialistes.fr,Transformez vos objets en décoration chic et unique - Travaux-specialistes.fr,transformez vos objets,https://travaux-specialistes.fr/decoration-recuperation-objets-ordinaire,2026-09-30
travaux-specialistes.fr,L'importance de la fabrication métallique sur mesure pour votre maison - Travaux-specialistes.fr,fabrication métallique mesure,https://travaux-specialistes.fr/fabrication-metallique-sur-mesure,2026-09-30
travaux-specialistes.fr,Choisissez des grilles en fer forgé pour vos fenêtres - Travaux-specialistes.fr,choisissez grilles fer,https://travaux-specialistes.fr/grilles-fer-forge-fenetre,2026-09-30
travaux-specialistes.fr,Mini cadres : aménagement et décoration avec style - Travaux-specialistes.fr,mini cadres,https://travaux-specialistes.fr/mini-cadres-decoration-maison,2026-09-30
www.3ehabitat.fr,Chaudière neuve mais consommation de gaz élevée : que vérifier ?,chaudière neuve consommation,https://www.3ehabitat.fr/chaudiere-neuve-mais-consommation-de-gaz-toujours-elevee-quels-reglages-verifier-avant-de-conclure-quelle-neconomise-rien,2026-09-30
www.agence-etoile.fr,20th PHILIPPE AUGUSTE / ALEXANDRE DUMAS: STUDIO FOR SALE E - Agence Etoile,alexandre dumas studio,https://www.agence-etoile.fr/en/property/20th-philippe-auguste-alexandre-dumas-studio-for-sale-e,2026-09-30
www.agence-etoile.fr,"INVESTMENT - Rented ground floor premises, 19.34 m - 13 - Agence Etoile",investment,https://www.agence-etoile.fr/en/property/investment-rented-ground-floor-premises-19-34-m-13,2026-09-30
www.agence-etoile.fr,20ÈME PHILIPPE AUGUSTE / ALEXANDRE DUMAS : STUDIO A VENDRE E - Agence Etoile,auguste alexandre dumas,https://www.agence-etoile.fr/property/20eme-philippe-auguste-alexandre-dumas-studio-a-vendre-e,2026-09-30
www.agence-etoile.fr,"INVESTISSEMENT - Local en rez-de-chaussée loué, 19,34 m - 13 - Agence Etoile",investissement,https://www.agence-etoile.fr/property/investissement-local-en-rez-de-chaussee-loue-1934-m-13,2026-09-30
www.agencedupaysdaigues.com,Libourne en 2026 : quartiers à éviter et secteurs à découvrir,libourne 2026,https://www.agencedupaysdaigues.com/libourne-en-2026-guide-essentiel-des-quartiers-a-eviter,2026-09-30
www.agglo-gpso.fr,"Laetitia Da Silva, auteur sur GPSO",silva auteur gpso,https://www.agglo-gpso.fr/author/laetitia-da-silva,2026-09-30
www.ameliorer-mon-logement.fr,"maison-a-ma-facon.fr : abonnements, tarifs et contenu 2026",maison ma facon,https://www.ameliorer-mon-logement.fr/maison-a-ma-facon-fr-magazine-abonnement-guide,2026-09-30
www.ameliorer-mon-logement.fr,Robinetterie : les dernières innovations pour votre cuisine - Améliorer-mon-logement,robinetterie,https://www.ameliorer-mon-logement.fr/robinetterie-les-dernieres-innovations-pour-votre-cuisine,2026-09-30
www.belnap.fr,Entretenir ses appareils électroménagers : des astuces pratiques,ses appareils électroménagers,https://www.belnap.fr/entretenir-ses-appareils-electromenagers,2026-09-30
www.blueprintforsafety.org,"Audrey Le Goff, auteur sur Blueprint For Safety",audrey goff auteur,https://www.blueprintforsafety.org/author/audrey-le-goff,2026-09-30
www.blueprintforsafety.org,"Caroline Chevalier, auteur sur Blueprint For Safety",chevalier auteur blueprint,https://www.blueprintforsafety.org/author/caroline-chevalier,2026-09-30
www.blueprintforsafety.org,"David Rolland, auteur sur Blueprint For Safety",rolland auteur blueprint,https://www.blueprintforsafety.org/author/david-rolland,2026-09-30
www.blueprintforsafety.org,"Émilie Barré, auteur sur Blueprint For Safety",émilie barré auteur,https://www.blueprintforsafety.org/author/emilie-barre,2026-09-30
www.blueprintforsafety.org,"Emma Laporte, auteur sur Blueprint For Safety",emma laporte auteur,https://www.blueprintforsafety.org/author/emma-laporte,2026-09-30
www.blueprintforsafety.org,"Franck Germain, auteur sur Blueprint For Safety",franck germain auteur,https://www.blueprintforsafety.org/author/franck-germain,2026-09-30
www.blueprintforsafety.org,"Inès Breton, auteur sur Blueprint For Safety",breton auteur blueprint,https://www.blueprintforsafety.org/author/ines-breton,2026-09-30
www.blueprintforsafety.org,"Isabelle Faure, auteur sur Blueprint For Safety",isabelle faure auteur,https://www.blueprintforsafety.org/author/isabelle-faure,2026-09-30
www.blueprintforsafety.org,"Jérémy Marty, auteur sur Blueprint For Safety",marty auteur blueprint,https://www.blueprintforsafety.org/author/jeremy-marty,2026-09-30
www.blueprintforsafety.org,"Jérôme Renaud, auteur sur Blueprint For Safety",jérôme renaud auteur,https://www.blueprintforsafety.org/author/jerome-renaud,2026-09-30
www.blueprintforsafety.org,"Jessica Petit, auteur sur Blueprint For Safety",jessica petit auteur,https://www.blueprintforsafety.org/author/jessica-petit,2026-09-30
www.blueprintforsafety.org,"Justine Maréchal, auteur sur Blueprint For Safety",justine maréchal auteur,https://www.blueprintforsafety.org/author/justine-marechal,2026-09-30
www.blueprintforsafety.org,"Léa Vidal, auteur sur Blueprint For Safety",léa vidal auteur,https://www.blueprintforsafety.org/author/lea-vidal,2026-09-30
www.blueprintforsafety.org,"Ludovic François, auteur sur Blueprint For Safety",françois auteur blueprint,https://www.blueprintforsafety.org/author/ludovic-francois,2026-09-30
www.blueprintforsafety.org,"Maëlys Gaillard, auteur sur Blueprint For Safety",maëlys gaillard auteur,https://www.blueprintforsafety.org/author/maelys-gaillard,2026-09-30
www.blueprintforsafety.org,"Margaux Perrin, auteur sur Blueprint For Safety",margaux perrin auteur,https://www.blueprintforsafety.org/author/margaux-perrin,2026-09-30
www.blueprintforsafety.org,"Marie Bertrand, auteur sur Blueprint For Safety",marie bertrand auteur,https://www.blueprintforsafety.org/author/marie-bertrand,2026-09-30
www.blueprintforsafety.org,"Mélissa Joly, auteur sur Blueprint For Safety",mélissa joly auteur,https://www.blueprintforsafety.org/author/melissa-joly,2026-09-30
www.blueprintforsafety.org,"Mickaël Carré, auteur sur Blueprint For Safety",carré auteur blueprint,https://www.blueprintforsafety.org/author/mickael-carre,2026-09-30
www.blueprintforsafety.org,"Morgane Meunier, auteur sur Blueprint For Safety",morgane meunier auteur,https://www.blueprintforsafety.org/author/morgane-meunier,2026-09-30
www.blueprintforsafety.org,"Océane Michaud, auteur sur Blueprint For Safety",océane michaud auteur,https://www.blueprintforsafety.org/author/oceane-michaud,2026-09-30
www.blueprintforsafety.org,"Ophélie Leroux, auteur sur Blueprint For Safety",ophélie leroux auteur,https://www.blueprintforsafety.org/author/ophelie-leroux,2026-09-30
www.blueprintforsafety.org,"Ophélie Renault, auteur sur Blueprint For Safety",ophélie renault auteur,https://www.blueprintforsafety.org/author/ophelie-renault,2026-09-30
www.blueprintforsafety.org,"Pierre Philippe, auteur sur Blueprint For Safety",philippe auteur blueprint,https://www.blueprintforsafety.org/author/pierre-philippe,2026-09-30
www.blueprintforsafety.org,"Romane Jacquet, auteur sur Blueprint For Safety",romane jacquet auteur,https://www.blueprintforsafety.org/author/romane-jacquet,2026-09-30
www.blueprintforsafety.org,"Théo Perez, auteur sur Blueprint For Safety",perez auteur blueprint,https://www.blueprintforsafety.org/author/theo-perez,2026-09-30
www.cabane-deco.fr,"Aménagement sous escalier : idées, étapes et budget",aménagement sous escalier,https://www.cabane-deco.fr/amenagement-sous-escalier,2026-09-30
www.cercll.fr,Petit-déjeuner Riviera & Bar : le rituel du matin parfait pour votre cuisine,petit déjeuner riviera,https://www.cercll.fr/petit-dejeuner-riviera-bar-le-rituel-du-matin-parfait-pour-votre-cuisine,2026-09-30
www.cle-immobilier.net,"Amandine Roux, auteur sur CLE Immobilier",amandine roux auteur,https://www.cle-immobilier.net/author/amandine-roux,2026-09-30
www.cle-immobilier.net,"Antoine Bénard, auteur sur CLE Immobilier",bénard auteur cle,https://www.cle-immobilier.net/author/antoine-benard,2026-09-30
www.cle-immobilier.net,"Chloé Schmitt, auteur sur CLE Immobilier",chloé schmitt auteur,https://www.cle-immobilier.net/author/chloe-schmitt,2026-09-30
www.cle-immobilier.net,"Damien Perrot, auteur sur CLE Immobilier",auteur cle immobilier,https://www.cle-immobilier.net/author/damien-perrot,2026-09-30
www.cle-immobilier.net,"David Humbert, auteur sur CLE Immobilier",humbert auteur cle,https://www.cle-immobilier.net/author/david-humbert,2026-09-30
www.cle-immobilier.net,"Elsa Prévost, auteur sur CLE Immobilier",elsa prévost auteur,https://www.cle-immobilier.net/author/elsa-prevost,2026-09-30
www.cle-immobilier.net,"Eva Picard, auteur sur CLE Immobilier",picard auteur cle,https://www.cle-immobilier.net/author/eva-picard,2026-09-30
www.cle-immobilier.net,"Laura Pelletier, auteur sur CLE Immobilier",laura pelletier auteur,https://www.cle-immobilier.net/author/laura-pelletier,2026-09-30
www.cle-immobilier.net,"Léa Renard, auteur sur CLE Immobilier",auteur cle immobilier,https://www.cle-immobilier.net/author/lea-renard,2026-09-30
www.cle-immobilier.net,"Margaux Pierre, auteur sur CLE Immobilier",margaux pierre auteur,https://www.cle-immobilier.net/author/margaux-pierre,2026-09-30
www.cle-immobilier.net,"Margaux Richard, auteur sur CLE Immobilier",auteur cle immobilier,https://www.cle-immobilier.net/author/margaux-richard,2026-09-30
www.cle-immobilier.net,"Marion Cordier, auteur sur CLE Immobilier",cordier auteur cle,https://www.cle-immobilier.net/author/marion-cordier,2026-09-30
www.cle-immobilier.net,"Maxime Lemaître, auteur sur CLE Immobilier",maxime lemaître auteur,https://www.cle-immobilier.net/author/maxime-lemaitre,2026-09-30
www.cle-immobilier.net,"Nadège Brun, auteur sur CLE Immobilier",nadège brun auteur,https://www.cle-immobilier.net/author/nadege-brun,2026-09-30
www.cle-immobilier.net,"Olivier Gaillard, auteur sur CLE Immobilier",gaillard auteur cle,https://www.cle-immobilier.net/author/olivier-gaillard,2026-09-30
www.cle-immobilier.net,"Pierre Bouchet, auteur sur CLE Immobilier",pierre bouchet auteur,https://www.cle-immobilier.net/author/pierre-bouchet,2026-09-30
www.cle-immobilier.net,"Rémi Barré, auteur sur CLE Immobilier",auteur cle immobilier,https://www.cle-immobilier.net/author/remi-barre,2026-09-30
www.cle-immobilier.net,"Sandrine Reynaud, auteur sur CLE Immobilier",reynaud auteur cle,https://www.cle-immobilier.net/author/sandrine-reynaud,2026-09-30
www.cle-immobilier.net,"Vincent Fleury, auteur sur CLE Immobilier",fleury auteur cle,https://www.cle-immobilier.net/author/vincent-fleury,2026-09-30
www.cnsee.org,Publication de l'Index Égalité 2025 des ministères sociaux,ministères sociaux,https://www.cnsee.org/index-egalite-2025-ministeres-sociaux,2026-09-30
www.cogim-parisel.fr,Comment Humidifier Une Chambre : 5 Astuces Naturelles Faciles 💧,humidifier chambre,https://www.cogim-parisel.fr/comment-humidifier-une-chambre,2026-09-30
www.commentaider.fr,Architecture des processeurs : le matériel d'abord,architecture processeurs,https://www.commentaider.fr/architecture-des-processeurs-en-2026-lisa-apres-le-materiel,2026-09-30
www.cyfernet.org,"Formation cybersécurité Nexa : contenu, durée, prix",formation cybersécurité nexa,https://www.cyfernet.org/formation-cybersecurite-nexa,2026-09-30
www.cyfernet.org,Master data management : définition et enjeux MDM,master data management,https://www.cyfernet.org/master-data-management,2026-09-30
www.defoly-immobilier.fr,Location dans le 76 : maisons et appartements autour de Rouen,location 76,https://www.defoly-immobilier.fr/location-rouen-76,2026-09-30
www.defoly-immobilier.fr,"Portail juridique : avis, contacts et liens clés de l’INPI à la FIFA",portail juridique,https://www.defoly-immobilier.fr/portail-juridique-inpi-fifa,2026-09-30
www.evmag.fr,"Alexandre Gérard, auteur sur EV Mag",alexandre gérard auteur,https://www.evmag.fr/author/alexandre-gerard,2026-09-30
www.evmag.fr,"Alexis Joly, auteur sur EV Mag",alexis joly auteur,https://www.evmag.fr/author/alexis-joly,2026-09-30
www.evmag.fr,"Alice Bourgeois, auteur sur EV Mag",bourgeois auteur ev,https://www.evmag.fr/author/alice-bourgeois,2026-09-30
www.evmag.fr,"Amandine Mallet, auteur sur EV Mag",amandine mallet auteur,https://www.evmag.fr/author/amandine-mallet,2026-09-30
www.evmag.fr,"Audrey Boucher, auteur sur EV Mag",audrey boucher auteur,https://www.evmag.fr/author/audrey-boucher,2026-09-30
www.evmag.fr,"Aurore Fleury, auteur sur EV Mag",aurore fleury auteur,https://www.evmag.fr/author/aurore-fleury,2026-09-30
www.evmag.fr,"Céline Dufour, auteur sur EV Mag",céline dufour auteur,https://www.evmag.fr/author/celine-dufour,2026-09-30
www.evmag.fr,"Charlotte Brun, auteur sur EV Mag",charlotte brun auteur,https://www.evmag.fr/author/charlotte-brun,2026-09-30
www.evmag.fr,"Chloé Leroux, auteur sur EV Mag",chloé leroux auteur,https://www.evmag.fr/author/chloe-leroux,2026-09-30
www.evmag.fr,"Claire Thomas, auteur sur EV Mag",claire thomas auteur,https://www.evmag.fr/author/claire-thomas,2026-09-30
www.evmag.fr,"Corentin Blanc, auteur sur EV Mag",corentin blanc auteur,https://www.evmag.fr/author/corentin-blanc,2026-09-30
www.evmag.fr,"Damien Girard, auteur sur EV Mag",damien girard auteur,https://www.evmag.fr/author/damien-girard,2026-09-30
www.evmag.fr,"Estelle Delaunay, auteur sur EV Mag",estelle delaunay auteur,https://www.evmag.fr/author/estelle-delaunay,2026-09-30
www.evmag.fr,"Jonathan Schmitt, auteur sur EV Mag",schmitt auteur ev,https://www.evmag.fr/author/jonathan-schmitt,2026-09-30
www.evmag.fr,"Lisa Brunet, auteur sur EV Mag",lisa brunet auteur,https://www.evmag.fr/author/lisa-brunet,2026-09-30
www.evmag.fr,"Lucas Maillard, auteur sur EV Mag",lucas maillard auteur,https://www.evmag.fr/author/lucas-maillard,2026-09-30
www.evmag.fr,"Manon Barthélemy, auteur sur EV Mag",manon barthélemy auteur,https://www.evmag.fr/author/manon-barthelemy,2026-09-30
www.evmag.fr,"Mathilde Bailly, auteur sur EV Mag",mathilde bailly auteur,https://www.evmag.fr/author/mathilde-bailly,2026-09-30
www.evmag.fr,"Sébastien Antoine, auteur sur EV Mag",sébastien antoine auteur,https://www.evmag.fr/author/sebastien-antoine,2026-09-30
www.evmag.fr,"Thomas Vidal, auteur sur EV Mag",vidal auteur ev,https://www.evmag.fr/author/thomas-vidal,2026-09-30
www.evmag.fr,"Tristan Marchand, auteur sur EV Mag",tristan marchand auteur,https://www.evmag.fr/author/tristan-marchand,2026-09-30
www.evmag.fr,"Valentin Lebrun, auteur sur EV Mag",valentin lebrun auteur,https://www.evmag.fr/author/valentin-lebrun,2026-09-30
www.evmag.fr,"Valentin Lemoine, auteur sur EV Mag",valentin lemoine auteur,https://www.evmag.fr/author/valentin-lemoine,2026-09-30
www.greenwatt.fr,Compteur Gazpar : lire ses données et réduire sa facture,compteur gazpar,https://www.greenwatt.fr/compteur-gazpar-lire-donnees-reduire-consommation-gaz,2026-09-30
www.gvu-immo.com,"Appartement à Aix-les-Bains (73100), 1 pièces, de 21m² à 109 000 €",aix bains 73100,https://www.gvu-immo.com/annonce/appartement-a-aix-les-bains-73100-1-pieces-13435,2026-09-30
www.gvu-immo.com,"Appartement à Aix-les-Bains (73100), 3 pièces, de 86m² à 385 000 €",aix bains 73100,https://www.gvu-immo.com/annonce/appartement-a-aix-les-bains-73100-3-pieces-13434,2026-09-30
www.gvu-immo.com,"Appartement à Bassens (73000), 2 pièces, de 54m² à 190 000 €",bassens 73000 pièces,https://www.gvu-immo.com/annonce/appartement-a-bassens-73000-2-pieces-13436,2026-09-30
www.gvu-immo.com,"Appartement à Chambéry (73000), 1 pièces, de 13m² à 440 €",appartement chambéry 73000,https://www.gvu-immo.com/annonce/appartement-a-chambery-73000-1-pieces-13418,2026-09-30
www.gvu-immo.com,"Appartement à Chambéry (73000), 3 pièces, de 69m² à 185 000 €",appartement chambéry 73000,https://www.gvu-immo.com/annonce/appartement-a-chambery-73000-3-pieces-13437,2026-09-30
www.gvu-immo.com,"Appartement à Jacob-Bellecombette (73000), 1 pièces, de 17m² à 405 €",bellecombette 73000 pièces,https://www.gvu-immo.com/annonce/appartement-a-jacob-bellecombette-73000-1-pieces-13432,2026-09-30
www.gvu-immo.com,"Appartement à La Buissière (38530), 3 pièces, de 70m² à 810 €",buissière 38530 pièces,https://www.gvu-immo.com/annonce/appartement-a-la-buissiere-38530-3-pieces-13417,2026-09-30
www.gvu-immo.com,"Maison neuve à Bonneville (74130), 5 pièces, de 112m² à 470 000 €",maison neuve bonneville,https://www.gvu-immo.com/annonce/maison-neuve-a-bonneville-74130-5-pieces-13427,2026-09-30
www.gvu-immo.com,"Maison neuve à Challex (01630), 4 pièces, de 117m² à 700 000 €",maison neuve challex,https://www.gvu-immo.com/annonce/maison-neuve-a-challex-01630-4-pieces-13424,2026-09-30
www.gvu-immo.com,"Maison neuve à Contamine-sur-Arve (74130), 6 pièces, de 130m² à 629 000 €",maison neuve contamine,https://www.gvu-immo.com/annonce/maison-neuve-a-contamine-sur-arve-74130-6-pieces-13428,2026-09-30
www.gvu-immo.com,"Maison neuve à Évian-les-Bains (74500), 5 pièces, de 131m² à 673 000 €",maison neuve évian,https://www.gvu-immo.com/annonce/maison-neuve-a-evian-les-bains-74500-5-pieces-13429,2026-09-30
www.gvu-immo.com,"Maison neuve à Fillinges (74250), 5 pièces, de 110m² à 598 000 €",maison neuve fillinges,https://www.gvu-immo.com/annonce/maison-neuve-a-fillinges-74250-5-pieces-13419,2026-09-30
www.gvu-immo.com,"Maison neuve à Poisy (74330), 5 pièces, de 130m² à 721 005 €",maison neuve poisy,https://www.gvu-immo.com/annonce/maison-neuve-a-poisy-74330-5-pieces-13423,2026-09-30
www.gvu-immo.com,"Maison neuve à Scientrier (74930), 4 pièces, de 93m² à 467 000 €",maison neuve scientrier,https://www.gvu-immo.com/annonce/maison-neuve-a-scientrier-74930-4-pieces-13425,2026-09-30
www.gvu-immo.com,"Maison neuve à Ugine (73400), 5 pièces, de 97m² à 433 255 €",maison neuve ugine,https://www.gvu-immo.com/annonce/maison-neuve-a-ugine-73400-5-pieces-13414,2026-09-30
www.gvu-immo.com,"Maison neuve à Ugine (73400), 5 pièces, de 100m² à 382 371 €",maison neuve ugine,https://www.gvu-immo.com/annonce/maison-neuve-a-ugine-73400-5-pieces-13415,2026-09-30
www.gvu-immo.com,"Maison neuve à Ugine (73400), 5 pièces, de 93m² à 349 315 €",maison neuve ugine,https://www.gvu-immo.com/annonce/maison-neuve-a-ugine-73400-5-pieces-13431,2026-09-30
www.gvu-immo.com,"Maison neuve à Veigy-Foncenex (74140), 5 pièces, de 111m² à 494 000 €",maison neuve veigy,https://www.gvu-immo.com/annonce/maison-neuve-a-veigy-foncenex-74140-5-pieces-13430,2026-09-30
www.gvu-immo.com,"Maison neuve à Verrens-Arvey (73460), 5 pièces, de 100m² à 408 405 €",maison neuve verrens,https://www.gvu-immo.com/annonce/maison-neuve-a-verrens-arvey-73460-5-pieces-13420,2026-09-30
www.gvu-immo.com,"Maison neuve à Verrens-Arvey (73460), 5 pièces, de 111m² à 432 185 €",maison neuve verrens,https://www.gvu-immo.com/annonce/maison-neuve-a-verrens-arvey-73460-5-pieces-13421,2026-09-30
www.gvu-immo.com,"Maison neuve à Verrens-Arvey (73460), 7 pièces, de 145m² à 482 845 €",maison neuve verrens,https://www.gvu-immo.com/annonce/maison-neuve-a-verrens-arvey-73460-7-pieces-13422,2026-09-30
www.gvu-immo.com,"Maison neuve à Vétraz-Monthoux (74100), 6 pièces, de 140m² à 835 000 €",maison neuve vétraz,https://www.gvu-immo.com/annonce/maison-neuve-a-vetraz-monthoux-74100-6-pieces-13426,2026-09-30
www.gvu-immo.com,"T2 à Le Bourget-du-Lac (73370), 2 pièces, de 28m² à 634 €",t2 bourget lac,https://www.gvu-immo.com/annonce/t2-a-le-bourget-du-lac-73370-2-pieces-13433,2026-09-30
www.gvu-immo.com,"Villa à La Ravoire (73490), 6 pièces, de 191m² à 440 000 €",villa ravoire 73490,https://www.gvu-immo.com/annonce/villa-a-la-ravoire-73490-6-pieces-13416,2026-09-30
www.gvu-immo.com,Appartement : immobilier Buissière,appartement,https://www.gvu-immo.com/immobilier/appartement/la-buissiere-38530,2026-09-30
www.gvu-immo.com,Maison neuve : immobilier Challex,maison neuve,https://www.gvu-immo.com/immobilier/maison-neuve/challex-01630,2026-09-30
www.gvu-immo.com,Maison neuve : immobilier Contamine-sur-Arve,maison neuve,https://www.gvu-immo.com/immobilier/maison-neuve/contamine-sur-arve-74130,2026-09-30
www.gvu-immo.com,"Immobilier Challex, agence Immobiliere Challex, annonce Immobiliere Challex",challex agence immobiliere,https://www.gvu-immo.com/immobilier/villes/challex-01630/70,2026-09-30
www.gvu-immo.com,"Immobilier Contamine-sur-Arve, agence Immobiliere Contamine-sur-Arve, annonce Immobiliere Contamine-sur-Arve",immobiliere contamine arve,https://www.gvu-immo.com/immobilier/villes/contamine-sur-arve-74130/30710,2026-09-30
www.gvu-immo.com,"Immobilier La Buissière, agence Immobiliere La Buissière, annonce Immobiliere La Buissière",buissière agence immobiliere,https://www.gvu-immo.com/immobilier/villes/la-buissiere-38530/14947,2026-09-30
www.hebertimmobilier.fr,Quartiers à éviter à Sartrouville : guide franc et conseils locaux,quartiers éviter sartrouville,https://www.hebertimmobilier.fr/immobilier/quartiers-a-eviter-sartrouville,2026-09-30
www.immomatin.com,"Dispositif Jeanbrun : ""Nous sommes plutôt satisfaits du démarrage 2026"" (Nexity) - Immo Matin",dispositif jeanbrun,https://www.immomatin.com/franchise/agence-immobiliere-independante/dispositif-jeanbrun-nous-sommes-plutot-satisfaits-du-demarrage-2026-nexity.html,2026-09-30
www.immomatin.com,"Olivier Le Gallo, DigitRE Groupe : « À horizon 2027, 50 % de nos conseillers utiliseront Immofit » - Immo Matin",olivier gallo digitre,https://www.immomatin.com/franchise/reseau-mandataires/vente-interactive-en-2027-50-de-nos-conseillers-utiliseront-immofit-o-le-gallo-digitre-group.html,2026-09-30
www.immorush.fr,Radiateurs bruyants après remplacement chaudière : circulateur ou équilibrage ?,radiateurs bruyants après,https://www.immorush.fr/radiateurs-devenus-bruyants-apres-le-remplacement-de-la-chaudiere-circulateur-trop-puissant-ou-reseau-mal-equilibre,2026-09-30
www.ma-propriete.fr,MAGNIFIQUE PROPRIÉTÉ - SUD BORDEAUX - 14 HECTARES - PISCINE | MA-PROPRIETE.FR,magnifique propriété,https://www.ma-propriete.fr/fr/equestre/proprietes-equestres/gironde/magnifique-propriete-sud-bordeaux-14-hectares-piscine-3,2026-09-30
www.ma-propriete.fr,"PROPRIÉTÉ ÉQUESTRE DE CARACTÈRE, TROIS LOGEMENTS ET CADRE VERDOYANT AUX PORTES DU BASSIN GENEVOIS | MA-PROPRIETE.FR",portes bassin genevois,https://www.ma-propriete.fr/fr/equestre/proprietes-equestres/haute-savoie/propriete-equestre-de-caractere-trois-logements-et-cadre-verdoyant-aux-portes-du-bassin-genevois,2026-09-30
www.ma-propriete.fr,maison avec granges et 24 hectares dans le Lot | MA-PROPRIETE.FR,granges 24 hectares,https://www.ma-propriete.fr/fr/equestre/proprietes-equestres/lot/maison-avec-granges-et-24-hectares-dans-le-lot,2026-09-30
www.ma-propriete.fr,Propriété équestre avec maison d'habitation sur 7 ha | MA-PROPRIETE.FR,propriété équestre maison,https://www.ma-propriete.fr/fr/equestre/proprietes-equestres/maine-et-loire/propriete-equestre-avec-maison-dhabitation-sur-7-ha-1,2026-09-30
www.ma-propriete.fr,Maison avec boxes pour chevaux | MA-PROPRIETE.FR,maison boxes chevaux,https://www.ma-propriete.fr/fr/equestre/proprietes-equestres/saone-et-loire/maison-avec-boxes-pour-chevaux,2026-09-30
www.ma-propriete.fr,BORDEAUX 1H - SOMPTUEUSE PROPRIÉTÉ DE CAMPAGNE - 41HA - LAC PRIVÉ - DOMAINE UNIQUE | MA-PROPRIETE.FR,bordeaux 1h,https://www.ma-propriete.fr/fr/prestige/chateaux/gironde/bordeaux-1h-somptueuse-propriete-de-campagne-41ha-lac-prive-domaine-unique-3,2026-09-30
www.ma-propriete.fr,"BORDEAUX 20MN - ENTRE-DEUX-MERS - SOMPTUEUSE PROPRIÉTÉ XVIII° - 1,6 HA - PISCINE - DÉPENDANCES | MA-PROPRIETE.FR",bordeaux 20mn,https://www.ma-propriete.fr/fr/prestige/chateaux/gironde/bordeaux-20mn-entre-deux-mers-somptueuse-propriete-xviiideg-1-6-ha-piscine-dependances-4,2026-09-30
www.ma-propriete.fr,BORDEAUX 25KM – SUPERBE PROPRIÉTÉ DE CAMPAGNE – 10 HA – NOMBREUSES DÉPENDANCES | MA-PROPRIETE.FR,bordeaux 25km,https://www.ma-propriete.fr/fr/prestige/chateaux/gironde/bordeaux-25km-superbe-propriete-de-campagne-10-ha-nombreuses-dependances-1,2026-09-30
www.ma-propriete.fr,Propriété d’exception – Château XIXe à CHANTONNAY (85) | MA-PROPRIETE.FR,propriété exception,https://www.ma-propriete.fr/fr/prestige/chateaux/vendee/propriete-dexception-chateau-xixe-a-chantonnay-85-1,2026-09-30
www.ma-propriete.fr,"Eygalières , domaine privé avec deux villas, deux piscines, padel et vue sur les Alpilles | MA-PROPRIETE.FR",villas deux piscines,https://www.ma-propriete.fr/fr/prestige/maison-de-maitre-belle-demeure/bouches-du-rhone/eygalieres-domaine-prive-avec-deux-villas-deux-piscines-padel-et-vue-sur-les-alpilles,2026-09-30
www.ma-propriete.fr,AUX PORTES DE BORDEAUX – PROPRIÉTÉ D'ARCHITECTE CONTEMPORAINE AU CŒUR D'UN CADRE NATUREL | MA-PROPRIETE.FR,portes bordeaux,https://www.ma-propriete.fr/fr/prestige/maison-de-maitre-belle-demeure/gironde/aux-portes-de-bordeaux-propriete-darchitecte-contemporaine-au-coeur-dun-cadre-naturel-1,2026-09-30
www.ma-propriete.fr,BORDEAUX 20MN - EXCEPTIONNELLE VILLA D'ARCHITECTE 335M² - PARC - PISCINE - 6 CHAMBRES - GARAGES | MA-PROPRIETE.FR,bordeaux 20mn,https://www.ma-propriete.fr/fr/prestige/maison-de-maitre-belle-demeure/gironde/bordeaux-20mn-exceptionnelle-villa-darchitecte-335m2-parc-piscine-6-chambres-garages-1,2026-09-30
www.ma-propriete.fr,"BORDEAUX 20MN - SOMPTUEUSE PROPRIÉTÉ XIX° - 3,6 HA – PISCINE – DÉPENDANCES | MA-PROPRIETE.FR",bordeaux 20mn,https://www.ma-propriete.fr/fr/prestige/maison-de-maitre-belle-demeure/gironde/bordeaux-20mn-somptueuse-propriete-xixdeg-3-6-ha-piscine-dependances-9,2026-09-30
www.ma-propriete.fr,"BORDEAUX 30MN BORDEAUX - SOMPTUEUSE PROPRIÉTÉ XVIII° - 4,5 HA - PISCINE - DÉPENDANCES | MA-PROPRIETE.FR",bordeaux 30mn bordeaux,https://www.ma-propriete.fr/fr/prestige/maison-de-maitre-belle-demeure/gironde/bordeaux-30mn-bordeaux-somptueuse-propriete-xviiideg-4-5-ha-piscine-dependances-6,2026-09-30
www.ma-propriete.fr,"BORDEAUX 30MN - SOMPTUEUSE PROPRIÉTÉ DE MAÎTRE - 4,5 HECTARES - DÉPENDANCES - PISCINE | MA-PROPRIETE.FR",bordeaux 30mn,https://www.ma-propriete.fr/fr/prestige/maison-de-maitre-belle-demeure/gironde/bordeaux-30mn-somptueuse-propriete-de-maitre-4-5-hectares-dependances-piscine-6,2026-09-30
www.ma-propriete.fr,BORDEAUX 35 MINUTES - SOMPTUEUSE PROPRIÉTÉ DE MAÎTRE XVIII° - 6 HECTARES - DÉPENDANCES - PISCINE | MA-PROPRIETE.FR,bordeaux 35 minutes,https://www.ma-propriete.fr/fr/prestige/maison-de-maitre-belle-demeure/gironde/bordeaux-35-minutes-somptueuse-propriete-de-maitre-xviiideg-6-hectares-dependances-piscine-10,2026-09-30
www.ma-propriete.fr,"BORDEAUX 40MN - MAGNIFIQUE DEMEURE DE MAÎTRE XVIII° ET SES DÉPENDANCES - PARC 1,3 HA - PISCINE | MA-PROPRIETE.FR",bordeaux 40mn,https://www.ma-propriete.fr/fr/prestige/maison-de-maitre-belle-demeure/gironde/bordeaux-40mn-magnifique-demeure-de-maitre-xviiideg-et-ses-dependances-parc-1-3-ha-piscine-8,2026-09-30
www.ma-propriete.fr,"ENTRE-DEUX-MERS - SOMPTUEUSE PROPRIÉTÉ XVIII° - 1,2 HA - PISCINE - DÉPENDANCES | MA-PROPRIETE.FR",entre deux mers,https://www.ma-propriete.fr/fr/prestige/maison-de-maitre-belle-demeure/gironde/entre-deux-mers-somptueuse-propriete-xviiideg-1-2-ha-piscine-dependances-4,2026-09-30
www.ma-propriete.fr,"Magnifique maison de maître en pierre rénovée avec 3 chambres d’hôtes, 2 gîtes et une piscine sur un parc paysager | MA-PROPRIETE.FR",rénovée chambres hôtes,https://www.ma-propriete.fr/fr/prestige/maison-de-maitre-belle-demeure/landes/magnifique-maison-de-maitre-en-pierre-renovee-avec-3-chambres-dhotes-2-gites-et-une-piscine-sur-un-parc-paysager,2026-09-30
www.ma-propriete.fr,L'espace et la campagne Corrézienne à perte de vue | MA-PROPRIETE.FR,espace campagne corrézienne,https://www.ma-propriete.fr/fr/rurale/maison-de-campagne/correze/lespace-et-la-campagne-correzienne-a-perte-de-vue,2026-09-30
www.ma-propriete.fr,Icare : un nouveau départ en Dordogne | MA-PROPRIETE.FR,icare,https://www.ma-propriete.fr/fr/rurale/maison-de-campagne/dordogne/icare-un-nouveau-depart-en-dordogne,2026-09-30
www.ma-propriete.fr,EXCLUSIVITÉ - Propriété avec terrain et hangar à vendre 7 pièces SPEZET (29) | MA-PROPRIETE.FR,exclusivité,https://www.ma-propriete.fr/fr/rurale/maison-de-campagne/finistere/exclusivite-propriete-avec-terrain-et-hangar-a-vendre-7-pieces-spezet-29,2026-09-30
www.ma-propriete.fr,Maison d’hôtes & Gite de charme aux portes des Gorges du Tarn | MA-PROPRIETE.FR,maison hôtes gite,https://www.ma-propriete.fr/fr/touristique/gites/aveyron/maison-dhotes-gite-de-charme-aux-portes-des-gorges-du-tarn,2026-09-30
www.ma-propriete.fr,A vendre propriété 2 maisons - Terrain 2 ha | MA-PROPRIETE.FR,vendre propriété maisons,https://www.ma-propriete.fr/fr/touristique/gites/gers/a-vendre-propriete-2-maisons-terrain-2-ha,2026-09-30
www.maison-poincare.fr,Luminaire extérieur : le guide pour éclairer chaque recoin du jardin - Maison Poincaré,luminaire extérieur,https://www.maison-poincare.fr/maison/luminaire-exterieur-guide-eclairer-jardin,2026-09-30
www.maisonreflet.fr,Reborner un terrain : pourquoi et comment faire ?,reborner terrain,https://www.maisonreflet.fr/reborner-un-terrain-pourquoi-et-comment-faire,2026-09-30
www.master-patrimoine.fr,Management participatif en entreprise : principes et limites,management participatif entreprise,https://www.master-patrimoine.fr/management-participatif-entreprise,2026-09-30
www.modulhome.fr,Insectes rampants humidité : identifier et traiter - Modul Home,insectes rampants humidité,https://www.modulhome.fr/insectes-rampants-humidite-identifier-traiter,2026-09-30
www.pole-immo.fr,"Adrien Lévêque, auteur sur Pôle Immo",adrien lévêque auteur,https://www.pole-immo.fr/author/adrien-leveque,2026-09-30
www.pole-immo.fr,"Alexis Perrin, auteur sur Pôle Immo",perrin auteur pôle,https://www.pole-immo.fr/author/alexis-perrin,2026-09-30
www.pole-immo.fr,"Benjamin Boucher, auteur sur Pôle Immo",boucher auteur pôle,https://www.pole-immo.fr/author/benjamin-boucher,2026-09-30
www.pole-immo.fr,"Clara Moreau, auteur sur Pôle Immo",clara moreau auteur,https://www.pole-immo.fr/author/clara-moreau,2026-09-30
www.pole-immo.fr,"Gabriel Roy, auteur sur Pôle Immo",roy auteur pôle,https://www.pole-immo.fr/author/gabriel-roy,2026-09-30
www.pole-immo.fr,"Grégory Gautier, auteur sur Pôle Immo",gautier auteur pôle,https://www.pole-immo.fr/author/gregory-gautier,2026-09-30
www.pole-immo.fr,"Guillaume Lucas, auteur sur Pôle Immo",lucas auteur pôle,https://www.pole-immo.fr/author/guillaume-lucas,2026-09-30
www.pole-immo.fr,"Isabelle Bourgeois, auteur sur Pôle Immo",bourgeois auteur pôle,https://www.pole-immo.fr/author/isabelle-bourgeois,2026-09-30
www.pole-immo.fr,"Jérémy Léger, auteur sur Pôle Immo",léger auteur pôle,https://www.pole-immo.fr/author/jeremy-leger,2026-09-30
www.pole-immo.fr,"Julie Dupuis, auteur sur Pôle Immo",dupuis auteur pôle,https://www.pole-immo.fr/author/julie-dupuis,2026-09-30
www.pole-immo.fr,"Justine Fleury, auteur sur Pôle Immo",justine fleury auteur,https://www.pole-immo.fr/author/justine-fleury,2026-09-30
www.pole-immo.fr,"Léa Michel, auteur sur Pôle Immo",michel auteur pôle,https://www.pole-immo.fr/author/lea-michel,2026-09-30
www.pole-immo.fr,"Louis Bonnet, auteur sur Pôle Immo",bonnet auteur pôle,https://www.pole-immo.fr/author/louis-bonnet,2026-09-30
www.pole-immo.fr,"Lucas Aubry, auteur sur Pôle Immo",lucas aubry auteur,https://www.pole-immo.fr/author/lucas-aubry,2026-09-30
www.pole-immo.fr,"Lucie Marchal, auteur sur Pôle Immo",lucie marchal auteur,https://www.pole-immo.fr/author/lucie-marchal,2026-09-30
www.pole-immo.fr,"Mathis Guyot, auteur sur Pôle Immo",mathis guyot auteur,https://www.pole-immo.fr/author/mathis-guyot,2026-09-30
www.pole-immo.fr,"Mélanie Rémy, auteur sur Pôle Immo",mélanie rémy auteur,https://www.pole-immo.fr/author/melanie-remy,2026-09-30
www.pole-immo.fr,"Olivier Noël, auteur sur Pôle Immo",noël auteur pôle,https://www.pole-immo.fr/author/olivier-noel,2026-09-30
www.pole-immo.fr,"Paul Mallet, auteur sur Pôle Immo",mallet auteur pôle,https://www.pole-immo.fr/author/paul-mallet,2026-09-30
www.pole-immo.fr,"Pauline Martinez, auteur sur Pôle Immo",pauline martinez auteur,https://www.pole-immo.fr/author/pauline-martinez,2026-09-30
www.pole-immo.fr,"Thomas Boulanger, auteur sur Pôle Immo",boulanger auteur pôle,https://www.pole-immo.fr/author/thomas-boulanger,2026-09-30
www.pole-immo.fr,"Zoé Blanc, auteur sur Pôle Immo",zoé blanc auteur,https://www.pole-immo.fr/author/zoe-blanc,2026-09-30
www.ventes-immobilieres.org,"Amandine Schmitt, auteur sur Ventes Immo",amandine schmitt auteur,https://www.ventes-immobilieres.org/author/amandine-schmitt,2026-09-30
www.ventes-immobilieres.org,"Arnaud Fernandez, auteur sur Ventes Immo",fernandez auteur ventes,https://www.ventes-immobilieres.org/author/arnaud-fernandez,2026-09-30
www.ventes-immobilieres.org,"Bastien Lacroix, auteur sur Ventes Immo",bastien lacroix auteur,https://www.ventes-immobilieres.org/author/bastien-lacroix,2026-09-30
www.ventes-immobilieres.org,"Damien Aubry, auteur sur Ventes Immo",auteur ventes immo,https://www.ventes-immobilieres.org/author/damien-aubry,2026-09-30
www.ventes-immobilieres.org,"Elsa Lebrun, auteur sur Ventes Immo",elsa lebrun auteur,https://www.ventes-immobilieres.org/author/elsa-lebrun,2026-09-30
www.ventes-immobilieres.org,"Emma Dubois, auteur sur Ventes Immo",emma dubois auteur,https://www.ventes-immobilieres.org/author/emma-dubois,2026-09-30
www.ventes-immobilieres.org,"Fabien Poulain, auteur sur Ventes Immo",poulain auteur ventes,https://www.ventes-immobilieres.org/author/fabien-poulain,2026-09-30
www.ventes-immobilieres.org,"Jessica Carlier, auteur sur Ventes Immo",carlier auteur ventes,https://www.ventes-immobilieres.org/author/jessica-carlier,2026-09-30
www.ventes-immobilieres.org,"Julie Maillard, auteur sur Ventes Immo",julie maillard auteur,https://www.ventes-immobilieres.org/author/julie-maillard,2026-09-30
www.ventes-immobilieres.org,"Kevin Étienne, auteur sur Ventes Immo",étienne auteur ventes,https://www.ventes-immobilieres.org/author/kevin-etienne,2026-09-30
www.ventes-immobilieres.org,"Margaux Fabre, auteur sur Ventes Immo",fabre auteur ventes,https://www.ventes-immobilieres.org/author/margaux-fabre,2026-09-30
www.ventes-immobilieres.org,"Paul Germain, auteur sur Ventes Immo",germain auteur ventes,https://www.ventes-immobilieres.org/author/paul-germain,2026-09-30
www.ventes-immobilieres.org,"Stéphane Baron, auteur sur Ventes Immo",baron auteur ventes,https://www.ventes-immobilieres.org/author/stephane-baron,2026-09-30
www.ventes-immobilieres.org,"Yann Pierre, auteur sur Ventes Immo",auteur ventes immo,https://www.ventes-immobilieres.org/author/yann-pierre,2026-09-30
