domain,title,keyword_keybert,url,detected_on
123-deco.fr,Des idées de déco afro chic pour un intérieur élégant - 132-deco.fr,déco afro chic,https://123-deco.fr/deco-afro-chic-idees-elegantes,2026-07-04
123-deco.fr,Déco moderne pour un salon africain chaleureux - 132-deco.fr,salon africain chaleureux,https://123-deco.fr/deco-moderne-salon-africain,2026-07-04
agencehenry.com,Dessous de Toit PVC : Quel Lambris Choisir ?,dessous toit pvc,https://www.agencehenry.com/dessous-toit-pvc.html,2026-07-04
appart-garden.com,🛠️ Astuce : Démonter facilement la crépine d'un filtre à sable 🏖️,astuce,https://appart-garden.com/demonter-crepine-filtre-sable,2026-07-04
appart-garden.com,🪨 Astuces pour poncer un mur en pierre comme un pro ✨,poncer mur pierre,https://appart-garden.com/poncer-mur-pierre,2026-07-04
archilibre.org,Comment réussir l'aménagement de son garage auto de A à Z ?,aménagement son garage,https://archilibre.org/amenagement-garage-auto,2026-07-04
archilibre.org,Amenagement petite maison : les 10 astuces incontournables pour gagner de l'espace,amenagement petite maison,https://archilibre.org/amenagement-petite-maison,2026-07-04
archilibre.org,Architecture : Bien anticiper la manutention dès la conception des bâtiments,architecture,https://archilibre.org/architecture-bien-anticiper-la-manutention-des-la-conception-des-batiments,2026-07-04
archilibre.org,Box de stockage : comment choisir la solution adaptée à vos besoins,box stockage,https://archilibre.org/box-de-stockage,2026-07-04
archilibre.org,Bureau Maxime Chattam : les secrets d'un cabinet de curiosités fascinant,bureau maxime chattam,https://archilibre.org/bureau-maxime-chattam,2026-07-04
archilibre.org,Comment construire une maison pas chère sans sacrifier le design intérieur ?,maison pas chère,https://archilibre.org/comment-construire-une-maison-pas-chere-sans-sacrifier-le-design-interieur,2026-07-04
archilibre.org,Comment éviter de se faire arnaquer par un électricien ?,faire arnaquer électricien,https://archilibre.org/comment-eviter-de-se-faire-arnaquer-par-un-electricien,2026-07-04
archilibre.org,Comment exploiter le potentiel solaire en nouvelle-aquitaine ?,solaire nouvelle aquitaine,https://archilibre.org/comment-exploiter-le-potentiel-solaire-en-nouvelle-aquitaine,2026-07-04
archilibre.org,Construction et menuiserie : le rôle clé des profilés PVC dans les bâtiments,construction menuiserie,https://archilibre.org/construction-et-menuiserie-le-role-cle-des-profiles-pvc-dans-les-batiments,2026-07-04
archilibre.org,Débarras ferraille : le meilleur moyen d'obtenir un enlèvement gratuit et rapide ?,débarras ferraille,https://archilibre.org/debarras-ferraille,2026-07-04
archilibre.org,Débarras ferraille : la collecte gratuite ou le rachat de métaux ?,débarras ferraille,https://archilibre.org/debarras-ferraille-2,2026-07-04
archilibre.org,Déco de table pour Noël à faire soi-même : les astuces créatives,table noël faire,https://archilibre.org/deco-de-table-pour-noel-a-faire-soi-meme,2026-07-04
archilibre.org,Hugues Aufray en Ardèche : le mas transformé en maison d'hôtes,hugues aufray ardèche,https://archilibre.org/hugues-aufray-ardeche,2026-07-04
archilibre.org,Ikea hack meuble chaussure : les 10 astuces pour un rangement stylé,ikea hack meuble,https://archilibre.org/ikea-hack-meuble-chaussure,2026-07-04
archilibre.org,Optimiser chaque mètre carré : l’art d’un intérieur sur mesure avec le mobilier adapté,optimiser chaque mètre,https://archilibre.org/optimiser-chaque-metre-carre-lart-dun-interieur-sur-mesure-avec-le-mobilier-adapte,2026-07-04
archilibre.org,Piège à tique : les meilleures astuces pour sécuriser votre jardin,piège tique,https://archilibre.org/piege-a-tique,2026-07-04
archilibre.org,"Planter aloe vera extérieur : la pleine terre ou le pot, comment choisir ?",aloe vera extérieur,https://archilibre.org/planter-aloe-vera-exterieur,2026-07-04
archilibre.org,Quels critères analyser avant d'acheter un bien destiné à la location ?,critères analyser avant,https://archilibre.org/quels-criteres-analyser-avant-dacheter-un-bien-destine-a-la-location,2026-07-04
archilibre.org,Ramassage de bois gratuit : les solutions légales pour votre chauffage hivernal,ramassage bois gratuit,https://archilibre.org/ramassage-de-bois-gratuit,2026-07-04
archilibre.org,"Rénovation canalisation sans démolition : chemisage, résine et réhabilitation",canalisation sans démolition,https://archilibre.org/renovation-canalisation-sans-demolition-chemisage-resine-et-rehabilitation,2026-07-04
archilibre.org,Réparation de sanibroyeur à Paris : préserver l'existant plutôt que tout casser,réparation sanibroyeur paris,https://archilibre.org/reparation-de-sanibroyeur-a-paris-preserver-lexistant-plutot-que-tout-casser,2026-07-04
archilibre.org,"Salle de bain, cuisine et buanderie : les règles pour un réseau sanitaire performant",salle bain cuisine,https://archilibre.org/reseau-sanitaire-maison,2026-07-04
archilibre.org,LED SMD vs COB : Quelle technologie choisir pour votre éclairage ?,led smd cob,https://archilibre.org/technologie-led-smd-ou-cob,2026-07-04
archilibre.org,Tendance chambre à coucher : les styles phares pour une ambiance moderne,tendance chambre coucher,https://archilibre.org/tendance-chambre-a-coucher,2026-07-04
ardentes-berry-immobilier.fr,Quartiers à éviter à Séville | Guide 2026 et Avis Pro,quartiers éviter séville,https://ardentes-berry-immobilier.fr/immobilier/seville-quartier-a-eviter,2026-07-04
ardentes-berry-immobilier.fr,Quartiers à éviter à Troyes | Guide sécurité Pro 2026,quartiers éviter troyes,https://ardentes-berry-immobilier.fr/immobilier/troyes-quartiers-a-eviter,2026-07-04
art-pluriel.fr,Salle de bain élégante : mariage travertin et bois,salle bain élégante,https://art-pluriel.fr/salle-bain-travertin-bois,2026-07-04
artisan-conseils.fr,,,https://artisan-conseils.fr/amenager-toit-terrasse-moderne,2026-07-04
artisan-conseils.fr,,,https://artisan-conseils.fr/avantages-inconvenients-maisons-passives,2026-07-04
artisan-conseils.fr,,,https://artisan-conseils.fr/maison-couleur-fraise-des-bois,2026-07-04
artisan-conseils.fr,,,https://artisan-conseils.fr/projet-maison-moderne-sketchup,2026-07-04
batiment-actualites.fr,Une famille norvégienne dans une maison écologique inspirante - batiment-actualites.fr,norvégienne maison écologique,https://batiment-actualites.fr/famille-norvegienne-maison-ecologique,2026-07-04
batiment-actualites.fr,Créez un intérieur moderne et scandinave chez vous - batiment-actualites.fr,intérieur moderne scandinave,https://batiment-actualites.fr/interieur-moderne-scandinave,2026-07-04
batiment-actualites.fr,Découvrez une maison moderne ouverte avec vue sur les montagnes - batiment-actualites.fr,découvrez maison moderne,https://batiment-actualites.fr/maison-moderne-ouverte-vue-montagne,2026-07-04
batiment-actualites.fr,Maison en bois scandinave : un design chaleureux et naturel - batiment-actualites.fr,maison bois scandinave,https://batiment-actualites.fr/maison-scandinave-bois-vue-foret,2026-07-04
batiment-actualites.fr,Maison TH : l'architecture naturelle d'Isabelle Berthet Bondet - batiment-actualites.fr,maison th,https://batiment-actualites.fr/maison-th-architecture-naturelle,2026-07-04
ccae.fr,"Ficoïde Glaciale : Guide Culture, Bienfaits et Graines clés 🌱",ficoïde glaciale,https://ccae.fr/ficoide-glaciale,2026-07-04
cerclemediateursbancaires.fr,Décès du conjoint : le pourcentage exact de réversion appliqué sur sa retraite de base cache un gouffre financier terrifiant pour les survivants - CMB,décès conjoint,https://cerclemediateursbancaires.fr/deces-du-conjoint-le-pourcentage-exact-de-reversion-applique-sur-sa-retraite-de-base-cache-un-gouffre-financier-terrifiant-pour-les-survivants,2026-07-04
cerclemediateursbancaires.fr,"J'ai repris une activité après ma retraite en pensant cotiser pour rien : le jour où un conseiller m'a parlé de cette condition, j'ai compris ce que j'allais récupérer - CMB",retraite pensant cotiser,https://cerclemediateursbancaires.fr/jai-repris-une-activite-apres-ma-retraite-en-pensant-cotiser-pour-rien-le-jour-ou-un-conseiller-ma-parle-de-cette-condition-jai-compris-ce-que-jallais-recuperer,2026-07-04
cerclemediateursbancaires.fr,"Je touchais la prime d'activité depuis des années sans jamais vérifier : le jour où j'ai vu la moyenne réelle, j'ai compris ce que je laissais filer - CMB",activité depuis années,https://cerclemediateursbancaires.fr/je-touchais-la-prime-dactivite-depuis-des-annees-sans-jamais-verifier-le-jour-ou-jai-vu-la-moyenne-reelle-jai-compris-ce-que-je-laissais-filer,2026-07-04
cerclemediateursbancaires.fr,"Mon grand-père gardait un livret oublié depuis 12 ans : le jour où ma mère a contacté la banque, j'ai compris ce qui s'était accumulé dessus - CMB",gardait livret oublié,https://cerclemediateursbancaires.fr/mon-grand-pere-gardait-un-livret-oublie-depuis-12-ans-le-jour-ou-ma-mere-a-contacte-la-banque-jai-compris-ce-qui-setait-accumule-dessus,2026-07-04
cerclemediateursbancaires.fr,Vente entre particuliers : le bouclier de papier radical pour désarmer instantanément la méfiance de vos acquéreurs - CMB,vente entre particuliers,https://cerclemediateursbancaires.fr/vente-entre-particuliers-le-bouclier-de-papier-radical-pour-desarmer-instantanement-la-mefiance-de-vos-acquereurs,2026-07-04
cgt-76.fr,Déchetterie BANDOL (83150) — Horaires et adresses,déchetterie bandol 83150,https://cgt-76.fr/dechetteries-ville/bandol-83150,2026-07-04
cgt-76.fr,Déchetterie Barjac (30430) — Horaires et adresses,barjac 30430 horaires,https://cgt-76.fr/dechetteries-ville/barjac-30430,2026-07-04
cgt-76.fr,Déchetterie BOUSSAN (31420) — Horaires et adresses,déchetterie boussan 31420,https://cgt-76.fr/dechetteries-ville/boussan-31420,2026-07-04
cgt-76.fr,Déchetterie Boutigny-Prouais (28410) — Horaires et adresses,déchetterie boutigny prouais,https://cgt-76.fr/dechetteries-ville/boutigny-prouais-28410,2026-07-04
cgt-76.fr,Déchetterie BRIONNE (27800) — Horaires et adresses,déchetterie brionne 27800,https://cgt-76.fr/dechetteries-ville/brionne-27800,2026-07-04
cgt-76.fr,Déchetterie Castifao (20218) — Horaires et adresses,castifao 20218 horaires,https://cgt-76.fr/dechetteries-ville/castifao-20218,2026-07-04
cgt-76.fr,Déchetterie Clisson (44190) — Horaires et adresses,déchetterie clisson,https://cgt-76.fr/dechetteries-ville/clisson-44190,2026-07-04
cgt-76.fr,Déchetterie Cosnac (19360) — Horaires et adresses,déchetterie cosnac 19360,https://cgt-76.fr/dechetteries-ville/cosnac-19360,2026-07-04
cgt-76.fr,Déchetterie Cugnaux (31270) — Horaires et adresses,déchetterie cugnaux 31270,https://cgt-76.fr/dechetteries-ville/cugnaux-31270,2026-07-04
cgt-76.fr,Déchetterie Dieulefit (26220) — Horaires et adresses,déchetterie dieulefit 26220,https://cgt-76.fr/dechetteries-ville/dieulefit-26220,2026-07-04
cgt-76.fr,Déchetterie Domqueur (80620) — Horaires et adresses,déchetterie domqueur 80620,https://cgt-76.fr/dechetteries-ville/domqueur-80620,2026-07-04
cgt-76.fr,Déchetterie Douvaine (74140) — Horaires et adresses,déchetterie douvaine 74140,https://cgt-76.fr/dechetteries-ville/douvaine-74140,2026-07-04
cgt-76.fr,Déchetterie Eugénie-les-Bains (40320) — Horaires et adresses,déchetterie eugénie bains,https://cgt-76.fr/dechetteries-ville/eugenie-les-bains-40320,2026-07-04
cgt-76.fr,Déchetterie Garlin (64330) — Horaires et adresses,déchetterie garlin 64330,https://cgt-76.fr/dechetteries-ville/garlin-64330,2026-07-04
cgt-76.fr,Déchetterie HERIC (44810) — Horaires et adresses,déchetterie heric 44810,https://cgt-76.fr/dechetteries-ville/heric-44810,2026-07-04
cgt-76.fr,Déchetterie L'Hôpital (57490) — Horaires et adresses,hôpital 57490 horaires,https://cgt-76.fr/dechetteries-ville/l-hopital-57490,2026-07-04
cgt-76.fr,Déchetterie La Léchère (73260) — Horaires et adresses,déchetterie léchère 73260,https://cgt-76.fr/dechetteries-ville/la-lechere-73260,2026-07-04
cgt-76.fr,Déchetterie La Salvetat-sur-Agout (34330) — Horaires et adresses,salvetat agout 34330,https://cgt-76.fr/dechetteries-ville/la-salvetat-sur-agout-34330,2026-07-04
cgt-76.fr,Déchetterie LE LOUROUX-BECONNAIS (49370) — Horaires et adresses,déchetterie louroux beconnais,https://cgt-76.fr/dechetteries-ville/le-louroux-beconnais-49370,2026-07-04
cgt-76.fr,Déchetterie Maubourguet (65700) — Horaires et adresses,déchetterie maubourguet 65700,https://cgt-76.fr/dechetteries-ville/maubourguet-65700,2026-07-04
cgt-76.fr,Déchetterie Mauguio (34130) — Horaires et adresses,déchetterie mauguio 34130,https://cgt-76.fr/dechetteries-ville/mauguio-34130,2026-07-04
cgt-76.fr,Déchetterie Mende (48000) — Horaires et adresses,déchetterie mende 48000,https://cgt-76.fr/dechetteries-ville/mende-48000,2026-07-04
cgt-76.fr,Déchetterie Merdrignac (22230) — Horaires et adresses,merdrignac 22230 horaires,https://cgt-76.fr/dechetteries-ville/merdrignac-22230,2026-07-04
cgt-76.fr,Déchetterie Meursault (21190) — Horaires et adresses,déchetterie meursault 21190,https://cgt-76.fr/dechetteries-ville/meursault-21190,2026-07-04
cgt-76.fr,Déchetterie Notre-Dame-de-Gravenchon* (76330) — Horaires et adresses,déchetterie notre,https://cgt-76.fr/dechetteries-ville/notre-dame-de-gravenchon-76330,2026-07-04
cgt-76.fr,Déchetterie Préchac (33730) — Horaires et adresses,déchetterie préchac 33730,https://cgt-76.fr/dechetteries-ville/prechac-33730,2026-07-04
cgt-76.fr,Déchetterie Puyloubier (13114) — Horaires et adresses,déchetterie puyloubier 13114,https://cgt-76.fr/dechetteries-ville/puyloubier-13114,2026-07-04
cgt-76.fr,Déchetterie Revin (08500) — Horaires et adresses,déchetterie revin 08500,https://cgt-76.fr/dechetteries-ville/revin-08500,2026-07-04
cgt-76.fr,Déchetterie Risoul (05600) — Horaires et adresses,déchetterie risoul 05600,https://cgt-76.fr/dechetteries-ville/risoul-05600,2026-07-04
cgt-76.fr,Déchetterie Roncenay (10320) — Horaires et adresses,déchetterie roncenay 10320,https://cgt-76.fr/dechetteries-ville/roncenay-10320,2026-07-04
cgt-76.fr,Déchetterie Saint-Affrique (12400) — Horaires et adresses,déchetterie saint affrique,https://cgt-76.fr/dechetteries-ville/saint-affrique-12400,2026-07-04
cgt-76.fr,Déchetterie SAINT-GEORGES-D'ORQUES (34680) — Horaires et adresses,saint georges orques,https://cgt-76.fr/dechetteries-ville/saint-georges-d-orques-34680,2026-07-04
cgt-76.fr,Déchetterie Saint-Julien-l'Ars (86800) — Horaires et adresses,déchetterie saint julien,https://cgt-76.fr/dechetteries-ville/saint-julien-l-ars-86800,2026-07-04
cgt-76.fr,Déchetterie Saint-Nicolas-de-la-Grave (82210) — Horaires et adresses,saint nicolas grave,https://cgt-76.fr/dechetteries-ville/saint-nicolas-de-la-grave-82210,2026-07-04
cgt-76.fr,Déchetterie Saint-Pantaléon-de-Larche (19600) — Horaires et adresses,saint pantaléon larche,https://cgt-76.fr/dechetteries-ville/saint-pantaleon-de-larche-19600,2026-07-04
cgt-76.fr,Déchetterie Sainte-Maxime (83120) — Horaires et adresses,déchetterie sainte maxime,https://cgt-76.fr/dechetteries-ville/sainte-maxime-83120,2026-07-04
cgt-76.fr,Déchetterie SCHERWILLER (67750) — Horaires et adresses,déchetterie scherwiller 67750,https://cgt-76.fr/dechetteries-ville/scherwiller-67750,2026-07-04
cgt-76.fr,Déchetterie Senonches (28250) — Horaires et adresses,déchetterie senonches 28250,https://cgt-76.fr/dechetteries-ville/senonches-28250,2026-07-04
cgt-76.fr,Déchetterie Soustons (40140) — Horaires et adresses,déchetterie soustons 40140,https://cgt-76.fr/dechetteries-ville/soustons-40140,2026-07-04
cgt-76.fr,Déchetterie Taninges (74440) — Horaires et adresses,déchetterie taninges 74440,https://cgt-76.fr/dechetteries-ville/taninges-74440,2026-07-04
cgt-76.fr,Déchetterie Thizy (69240) — Horaires et adresses,déchetterie thizy 69240,https://cgt-76.fr/dechetteries-ville/thizy-69240,2026-07-04
cgt-76.fr,Déchetterie Tigné (49540) — Horaires et adresses,déchetterie tigné 49540,https://cgt-76.fr/dechetteries-ville/tigne-49540,2026-07-04
cgt-76.fr,Déchetterie TRELISSAC (24750) — Horaires et adresses,déchetterie trelissac 24750,https://cgt-76.fr/dechetteries-ville/trelissac-24750,2026-07-04
cgt-76.fr,Déchetterie Vendeuvre (14170) — Horaires et adresses,vendeuvre 14170 horaires,https://cgt-76.fr/dechetteries-ville/vendeuvre-14170,2026-07-04
chantier-expert.fr,Comment décorer son balcon pour se relaxer - Chantier-expert.fr,balcon se relaxer,https://chantier-expert.fr/deco-balcon-pour-detente,2026-07-04
chantier-expert.fr,24 idées de balcons méditerranéens pour un été parfumé - Chantier-expert.fr,balcons méditerranéens été,https://chantier-expert.fr/idees-balcons-mediterraneens,2026-07-04
chantier-expert.fr,20 idées de balustrades en verre pour sublimer votre balcon - Chantier-expert.fr,sublimer votre balcon,https://chantier-expert.fr/idees-balustrades-verre-balcon,2026-07-04
crea-tp-amenagement.fr,Prix dalle béton au m² : tarifs 2024 et guides,prix dalle béton,https://crea-tp-amenagement.fr/renovation/prix-dalle-beton-au-m2,2026-07-04
deco-et-vous.fr,L'architecture innovante pour une vie intérieure-extérieure harmonieuse - Deco-et-vous.fr,architecture innovante vie,https://deco-et-vous.fr/architecture-harmonieuse-interieur-exterieur,2026-07-04
deco-et-vous.fr,Créez votre oasis méditerranéenne avec des bougainvilliers - Deco-et-vous.fr,oasis méditerranéenne bougainvilliers,https://deco-et-vous.fr/bougainvilliers-jardin-mediterraneen,2026-07-04
deco-et-vous.fr,Créez une ambiance magique pour Noël - Deco-et-vous.fr,ambiance magique noël,https://deco-et-vous.fr/creations-magiques-noel,2026-07-04
deco-et-vous.fr,33 idées déco de pergola à découvrir absolument - Deco-et-vous.fr,pergola découvrir absolument,https://deco-et-vous.fr/idees-deco-pergola-terrasse,2026-07-04
deco-interieur-conseil.fr,Dévoilez l'élégance d'un ensemble 2 pièces chic - Deco-interieur-conseil.fr,dévoilez élégance ensemble,https://deco-interieur-conseil.fr/ensemble-2-pieces-chic-elegant,2026-07-04
deco-interieur-conseil.fr,Adoptez l'élégance du kaftan multicolore - Deco-interieur-conseil.fr,élégance kaftan multicolore,https://deco-interieur-conseil.fr/kaftan-multicolore-elegance,2026-07-04
deco-interieur-conseil.fr,Tendances de mode africaine : Adire et styles pour femmes - Deco-interieur-conseil.fr,tendances mode africaine,https://deco-interieur-conseil.fr/mode-africaine-adire-styles-femmes,2026-07-04
deco-interieur-conseil.fr,Découvrez nos pièces artisanales teintes à la main - Deco-interieur-conseil.fr,nos pièces artisanales,https://deco-interieur-conseil.fr/pieces-artisanales-teintes-main,2026-07-04
decolux-maison.fr,Une chambre moderne de luxe avec mur en lattes de bois - decolux-maison.fr,chambre moderne luxe,https://decolux-maison.fr/chambre-moderne-luxe-mur-lattes-bois,2026-07-04
decolux-maison.fr,Transformez votre salon en un espace chaleureux et accueillant - decolux-maison.fr,salon espace chaleureux,https://decolux-maison.fr/renovation-salon-chaleureux,2026-07-04
domeus-constructions.fr,"Location Robot Piscine : Prix, Types De Robots Et Conseils Pour Bien Louer",location robot piscine,https://domeus-constructions.fr/location-robot-piscine-prix-caution-choisir-bon,2026-07-04
domeus-constructions.fr,Pourquoi Choisir Un Logiciel De Métré Graphique 3D Universel Pour Vos Projets De Construction,métré graphique 3d,https://domeus-constructions.fr/logiciel-metre-graphique-3d-universel-projets-construction,2026-07-04
famin-immobilier.fr,Les quartiers à éviter à Castelnau-le-Lez,quartiers éviter castelnau,https://famin-immobilier.fr/quartiers-a-eviter-castelnau-le-lez,2026-07-04
favrat-ossature-bois.fr,Aérateur Fenêtre Sans Percer : Bien Choisir La Bonne Solution Pour Ventiler Sans Travaux,fenêtre sans percer,https://favrat-ossature-bois.fr/aerateur-fenetre-percer-choisir-bonne-aeration-pvc,2026-07-04
fenrifoyer.fr,Peinture sur résine : le guide complet pour peindre avec succès,peinture résine,https://fenrifoyer.fr/peinture-sur-resine-le-guide-complet-pour-peindre-avec-succes,2026-07-04
foyerluxuria.fr,Nettoyer argenterie avec du papier aluminium : le guide,argenterie papier aluminium,https://foyerluxuria.fr/nettoyer-argenterie-avec-du-papier-aluminium-le-guide,2026-07-04
gestaloc.fr,Comment faire du violet en peinture,faire violet peinture,https://gestaloc.fr/comment-faire-du-violet-en-peinture,2026-07-04
habitat-infos.fr,Cottages enchanteurs pour un séjour relaxant - Habitat-infos.fr,cottages enchanteurs séjour,https://habitat-infos.fr/cottages-beaux-voyages-nature,2026-07-04
habitat-infos.fr,Découvrez l'art numérique du coucher de soleil sur un champ de marguerites - Habitat-infos.fr,numérique coucher soleil,https://habitat-infos.fr/impression-art-coucher-soleil-marguerites,2026-07-04
habitat-infos.fr,Imprimez et décorez avec des vignes de fraises vintage - Habitat-infos.fr,décorez vignes fraises,https://habitat-infos.fr/imprimes-vignes-fraises-vintage,2026-07-04
harmonie-maison.fr,Meubles TV en palette : 5 astuces pour un salon unique et économique - Harmonie Maison,meubles tv palette,https://harmonie-maison.fr/meubles-tv-en-palette,2026-07-04
harmonie-maison.fr,Moquette de pierre : le vrai match entre atouts et limites - Harmonie Maison,moquette pierre,https://harmonie-maison.fr/moquette-de-pierre-avantage-et-inconvenient,2026-07-04
immo-libre.fr,Les quartiers à éviter à Chelles,quartiers éviter chelles,https://immo-libre.fr/quartiers-a-eviter-chelles,2026-07-04
immodeco.net,Aménager dressing dans chambre : les 10 astuces pour optimiser l'espace - Immobilier et décoration,aménager dressing chambre,https://www.immodeco.net/amenager-dressing-dans-chambre,2026-07-04
immodeco.net,Climatisation réversible en Suisse : le guide pour habitations et petits ...,climatisation réversible suisse,https://www.immodeco.net/climatisation-reversible-en-suisse-le-guide-pour-habitations-et-petits-locaux-pro,2026-07-04
immodeco.net,Collectionneur de vaisselle ancienne : les 5 astuces pour estimer la valeur - Immobilier et décoration,collectionneur vaisselle ancienne,https://www.immodeco.net/collectionneur-de-vaisselle-ancienne,2026-07-04
immodeco.net,"Colocation : assurance habitation commune ou individuelle, que choisir ? - Immobilier et décoration",colocation,https://www.immodeco.net/colocation-assurance-habitation-commune-ou-individuelle-que-choisir,2026-07-04
immodeco.net,Comment acheter du mobilier design en ligne efficacement ? - Immobilier et décoration,mobilier design ligne,https://www.immodeco.net/comment-acheter-du-mobilier-design-en-ligne-efficacement,2026-07-04
immodeco.net,Comment faire germer des pépins de pomme : les étapes pour réussir ? - Immobilier et décoration,faire germer pépins,https://www.immodeco.net/comment-faire-germer-des-pepin-de-pomme,2026-07-04
immodeco.net,Cout piscine 10m2 : le prix total selon les matériaux et la pose - Immobilier et décoration,cout piscine 10m2,https://www.immodeco.net/cout-piscine-10m2,2026-07-04
immodeco.net,Maison intelligente et électricité verte : le duo gagnant pour réduire son impact environnemental - Immobilier et décoration,maison intelligente électricité,https://www.immodeco.net/electricite-verte,2026-07-04
immodeco.net,Film solaire pour Velux : comment éviter la fournaise sous les combles - Immobilier et décoration,film solaire velux,https://www.immodeco.net/film-solaire-pour-velux,2026-07-04
immodeco.net,Fournisseur d’électricité : comment choisir l’offre la plus adaptée ? - Immobilier et décoration,fournisseur électricité,https://www.immodeco.net/fournisseur-delectricite,2026-07-04
immodeco.net,Leboncoin France : les 7 astuces pour bien équiper la maison durablement - Immobilier et décoration,leboncoin france,https://www.immodeco.net/leboncoin-france,2026-07-04
immodeco.net,Leboncoin service client : les méthodes pour obtenir une assistance efficace - Immobilier et décoration,leboncoin service client,https://www.immodeco.net/leboncoin-service-client,2026-07-04
immodeco.net,Meilleur abonnement ott en france 2026 - Immobilier et décoration,ott france 2026,https://www.immodeco.net/meilleur-abonnement-ott-en-france-2026,2026-07-04
immodeco.net,Plombier à Saint-Maur-des-Fossés : comment réagir en cas de fuite d'eau urgente ? - Immobilier et décoration,plombier saint maur,https://www.immodeco.net/plombier-a-saint-maur-des-fosses-comment-reagir-en-cas-de-fuite-deau-urgente,2026-07-04
immodeco.net,Peinture pour les portes : l'acrylique ou la glycéro pour vos travaux ? - Immobilier et décoration,peinture portes,https://www.immodeco.net/quel-peinture-pour-les-portes,2026-07-04
immodeco.net,Rénovation énergétique : comment choisir le bon système de chauffage pour sa maison ? - Immobilier et décoration,rénovation énergétique,https://www.immodeco.net/renovation-energetique-comment-choisir-le-bon-systeme-de-chauffage-pour-sa-maison,2026-07-04
immodeco.net,"Réparation fuite sanibroyeur : causes, risques et solutions pour les propriétaires - Immobilier et décoration",réparation fuite sanibroyeur,https://www.immodeco.net/reparation-fuite-sanibroyeur-causes-risques-et-solutions-pour-les-proprietaires,2026-07-04
immodeco.net,Réparer micro fissure joint carrelage : la résine ou le mortier ? - Immobilier et décoration,micro fissure joint,https://www.immodeco.net/reparer-micro-fissure-joint-carrelage,2026-07-04
immodeco.net,Terrasse style Bali : les 5 éléments indispensables pour un aménagement zen - Immobilier et décoration,terrasse style bali,https://www.immodeco.net/terrasse-style-bali,2026-07-04
interiora-style.fr,Comment maintenir une maison propre et accueillante - Interiora-style.fr,maison propre accueillante,https://interiora-style.fr/comment-garder-maison-propre,2026-07-04
interiora-style.fr,Comment nettoyer votre maison avec du peroxyde d'hydrogène - Interiora-style.fr,votre maison peroxyde,https://interiora-style.fr/nettoyage-maison-peroxyde-hydrogene,2026-07-04
interiora-style.fr,Quand laver son linge pour une propreté optimale ? - Interiora-style.fr,linge propreté optimale,https://interiora-style.fr/quand-laver-son-linge,2026-07-04
itsufrance.fr,Accompagnement choux farcis : nos meilleures idées,accompagnement choux farcis,https://itsufrance.fr/accompagnement-choux-farcis,2026-07-04
itsufrance.fr,Patate douce accompagnement poisson : les meilleures associations,douce accompagnement poisson,https://itsufrance.fr/patate-douce-accompagnement-poisson,2026-07-04
itsufrance.fr,Prix menu Burger King 2026 : tarifs et offres,prix menu burger,https://itsufrance.fr/prix-menu-burger-king-2026,2026-07-04
jardinerlaville.fr,Quand et comment bouturer le bougainvillier ? | Jardiner la Ville,quand bouturer bougainvillier,https://jardinerlaville.fr/quand-et-comment-bouturer-le-bougainvillier,2026-07-04
lacquolina.fr,🌱 Aubergines au Sud : Le Meilleur Moment pour Planter 🍆,aubergines sud,https://lacquolina.fr/planter-aubergines-sud,2026-07-04
leconomieetmoi.fr,Pourquoi les indépendants doivent préparer leur retraite beaucoup plus tôt ? - L'économie et moi,préparer leur retraite,https://leconomieetmoi.fr/retraite/pourquoi-les-travailleurs-independants-doivent-preparer-leur-retraite-plus-tot-quavant-12923,2026-07-04
lemandalamoris.com,Anniversaire à l'île Maurice : fêter un cap sous les tropiques,anniversaire île maurice,https://lemandalamoris.com/anniversaire-ile-maurice,2026-07-04
lemandalamoris.com,Événements & célébrations – Le Mandala Moris,événements célébrations,https://lemandalamoris.com/category/evenements,2026-07-04
lemandalamoris.com,Combien coûte un mariage à l'île Maurice ? Le vrai détail des postes,combien coûte mariage,https://lemandalamoris.com/combien-coute-mariage-ile-maurice,2026-07-04
lemandalamoris.com,"Comment faire sa demande en mariage : le guide complet, étape par étape",sa demande mariage,https://lemandalamoris.com/comment-faire-sa-demande-en-mariage,2026-07-04
lemandalamoris.com,Private kulinarische Erlebnisse auf Mauritius: Ein Fest für die Geschmacksknospen - Le Mandala Moris,mauritius ein fest,https://lemandalamoris.com/de/experiences-culinaires-privees-a-lile-maurice-une-celebration-pour-les-papilles,2026-07-04
lemandalamoris.com,Die Bucht von Tamarin: Ihr nächstes Abenteuer auf Mauritius - Le Mandala Moris,abenteuer auf mauritius,https://lemandalamoris.com/de/la-baie-de-tamarin-votre-prochaine-aventure-a-lile-maurice,2026-07-04
lemandalamoris.com,"Gewürze von Mauritius: die Route der Aromen, Märkte und Plantagen - Le Mandala Moris",gewürze von mauritius,https://lemandalamoris.com/de/la-route-des-epices-a-lile-maurice-un-voyage-culinaire,2026-07-04
lemandalamoris.com,Das Nachtleben auf Mauritius: ein unvergessliches Abenteuer - Le Mandala Moris,nachtleben auf mauritius,https://lemandalamoris.com/de/la-vie-nocturne-a-lile-maurice-une-aventure-inoubliable,2026-07-04
lemandalamoris.com,Quand partir à l'île Maurice ? Climat et météo mois par mois,partir île maurice,https://lemandalamoris.com/de/le-climat-de-lile-maurice-quand-partir-et-quoi-emporter,2026-07-04
lemandalamoris.com,"Mariage traditionnel mauricien : rites hindous, créoles et tenues",mariage traditionnel mauricien,https://lemandalamoris.com/de/les-mariages-traditionnels-mauriciens-un-voyage-culturel-unique,2026-07-04
lemandalamoris.com,Die Pracht der Sonnenuntergänge auf Mauritius - Le Mandala Moris,sonnenuntergänge auf mauritius,https://lemandalamoris.com/de/les-splendeurs-des-couchers-de-soleil-a-lile-maurice,2026-07-04
lemandalamoris.com,Die besten Caterer für ein Bankett auf Mauritius - Le Mandala Moris,bankett auf mauritius,https://lemandalamoris.com/de/les-traiteurs-incontournables-pour-un-banquet-a-lile-maurice,2026-07-04
lemandalamoris.com,Die verborgenen Schätze von Mauritius: Entdecken Sie seine geheimen Strände - Le Mandala Moris,von mauritius entdecken,https://lemandalamoris.com/de/les-tresors-caches-de-lile-maurice-decouvrez-ses-plages-secretes,2026-07-04
lemandalamoris.com,Yacht- oder Segelbootvermietung auf Mauritius: Ihr Weg zu einem unvergesslichen Aufenthalt - Le Mandala Moris,segelbootvermietung auf mauritius,https://lemandalamoris.com/de/location-de-yacht-ou-voilier-a-lile-maurice-votre-parcours-vers-un-sejour-inoubliable,2026-07-04
lemandalamoris.com,Eine Hochzeitszeremonie auf einem Katamaran auf Mauritius organisieren - Le Mandala Moris,katamaran auf mauritius,https://lemandalamoris.com/de/organiser-une-ceremonie-de-mariage-sur-un-catamaran-a-lile-maurice,2026-07-04
lemandalamoris.com,Snorkeling à l'île Maurice : les plus beaux spots (et les plus faciles),snorkeling île maurice,https://lemandalamoris.com/de/snorkeling-en-famille-a-lile-maurice-denichez-les-plages-parfaites,2026-07-04
lemandalamoris.com,Vanille aus Mauritius: Plantagen zum Besichtigen und wo man sie kaufen kann - Le Mandala Moris,mauritius plantagen zum,https://lemandalamoris.com/de/visite-des-plantations-de-vanille-a-lile-maurice-une-experience-immersive,2026-07-04
lemandalamoris.com,Demande en mariage à l'île Maurice : organisation sur mesure | Le Mandala Moris,mariage île maurice,https://lemandalamoris.com/demande-en-mariage-ile-maurice,2026-07-04
lemandalamoris.com,Demande en mariage en catamaran à l'île Maurice,demande mariage catamaran,https://lemandalamoris.com/demande-en-mariage-ile-maurice/catamaran,2026-07-04
lemandalamoris.com,Demande en mariage au coucher du soleil à l'île Maurice,coucher soleil île,https://lemandalamoris.com/demande-en-mariage-ile-maurice/coucher-de-soleil,2026-07-04
lemandalamoris.com,Demande en mariage avec dîner privé à l'île Maurice,demande mariage dîner,https://lemandalamoris.com/demande-en-mariage-ile-maurice/diner-prive,2026-07-04
lemandalamoris.com,"Demande en mariage de luxe à l'île Maurice : yacht, hélicoptère",luxe île maurice,https://lemandalamoris.com/demande-en-mariage-ile-maurice/luxe,2026-07-04
lemandalamoris.com,Demande en mariage à petit budget à l'île Maurice : nos idées,petit budget île,https://lemandalamoris.com/demande-en-mariage-ile-maurice/petit-budget,2026-07-04
lemandalamoris.com,Demande en mariage avec photographe à l'île Maurice,photographe île maurice,https://lemandalamoris.com/demande-en-mariage-ile-maurice/photographe,2026-07-04
lemandalamoris.com,Demande en mariage sur la plage à l'île Maurice | Le Mandala Moris,plage île maurice,https://lemandalamoris.com/demande-en-mariage-ile-maurice/plage,2026-07-04
lemandalamoris.com,Demande en mariage originale : 25 idées inoubliables (testées et approuvées),demande mariage originale,https://lemandalamoris.com/demande-en-mariage-originale,2026-07-04
lemandalamoris.com,"Elopement à l'île Maurice : se marier à deux, loin de tout",elopement île maurice,https://lemandalamoris.com/elopement-ile-maurice,2026-07-04
lemandalamoris.com,Private Culinary Experiences in Mauritius: A Celebration for the Taste Buds - Le Mandala Moris,mauritius celebration taste,https://lemandalamoris.com/en/experiences-culinaires-privees-a-lile-maurice-une-celebration-pour-les-papilles,2026-07-04
lemandalamoris.com,Tamarin Bay: Your Next Adventure in Mauritius - Le Mandala Moris,adventure in mauritius,https://lemandalamoris.com/en/la-baie-de-tamarin-votre-prochaine-aventure-a-lile-maurice,2026-07-04
lemandalamoris.com,"Mauritian Spices: A Journey of Flavors, Markets, and Plantations - Le Mandala Moris",mauritian spices journey,https://lemandalamoris.com/en/la-route-des-epices-a-lile-maurice-un-voyage-culinaire,2026-07-04
lemandalamoris.com,Quand partir à l'île Maurice ? Climat et météo mois par mois,partir île maurice,https://lemandalamoris.com/en/le-climat-de-lile-maurice-quand-partir-et-quoi-emporter,2026-07-04
lemandalamoris.com,The Splendor of Sunsets in Mauritius - Le Mandala Moris,sunsets in mauritius,https://lemandalamoris.com/en/les-splendeurs-des-couchers-de-soleil-a-lile-maurice,2026-07-04
lemandalamoris.com,The Must-Have Caterers for a Banquet in Mauritius - Le Mandala Moris,banquet in mauritius,https://lemandalamoris.com/en/les-traiteurs-incontournables-pour-un-banquet-a-lile-maurice,2026-07-04
lemandalamoris.com,The Hidden Treasures of Mauritius: Discover Its Secret Beaches - Le Mandala Moris,treasures of mauritius,https://lemandalamoris.com/en/les-tresors-caches-de-lile-maurice-decouvrez-ses-plages-secretes,2026-07-04
lemandalamoris.com,Yacht or Sailboat Charter in Mauritius: Your Route to an Unforgettable Stay - Le Mandala Moris,charter in mauritius,https://lemandalamoris.com/en/location-de-yacht-ou-voilier-a-lile-maurice-votre-parcours-vers-un-sejour-inoubliable,2026-07-04
lemandalamoris.com,Snorkeling à l'île Maurice : les plus beaux spots (et les plus faciles),snorkeling île maurice,https://lemandalamoris.com/en/snorkeling-en-famille-a-lile-maurice-denichez-les-plages-parfaites,2026-07-04
lemandalamoris.com,Mauritian Vanilla: Plantations to Visit and Where to Buy It - Le Mandala Moris,mauritian vanilla plantations,https://lemandalamoris.com/en/visite-des-plantations-de-vanille-a-lile-maurice-une-experience-immersive,2026-07-04
lemandalamoris.com,"Île Maurice : formalités d'entrée, documents et conditions de voyage",île maurice,https://lemandalamoris.com/es/conditions-de-voyage-a-lile-maurice-ce-quil-faut-savoir-pour-sy-rendre,2026-07-04
lemandalamoris.com,Curepipe : que faire dans la ville haute de l'île Maurice,curepipe,https://lemandalamoris.com/es/curepipe-ile-maurice,2026-07-04
lemandalamoris.com,Experiencias culinarias privadas en la isla Mauricio: una celebración para el paladar - Le Mandala Moris,culinarias privadas isla,https://lemandalamoris.com/es/experiences-culinaires-privees-a-lile-maurice-une-celebration-pour-les-papilles,2026-07-04
lemandalamoris.com,La Bahía de Tamarin: tu próxima aventura en Mauricio - Le Mandala Moris,bahía tamarin tu,https://lemandalamoris.com/es/la-baie-de-tamarin-votre-prochaine-aventure-a-lile-maurice,2026-07-04
lemandalamoris.com,"Pointe aux Canonniers: playa, calas y calidad de vida en el norte - Le Mandala Moris",calas calidad vida,https://lemandalamoris.com/es/la-plage-de-pointe-aux-canonniers-un-havre-de-paix-a-explorer,2026-07-04
lemandalamoris.com,"Especias de Mauricio: la ruta de los sabores, mercados y plantaciones - Le Mandala Moris",sabores mercados plantaciones,https://lemandalamoris.com/es/la-route-des-epices-a-lile-maurice-un-voyage-culinaire,2026-07-04
lemandalamoris.com,"La Vallée des Couleurs : terres de 23 couleurs, tyroliennes et cascades",vallée couleurs,https://lemandalamoris.com/es/la-vallee-des-couleurs-nature-park-ile-maurice,2026-07-04
lemandalamoris.com,La vida nocturna en Mauricio: una aventura inolvidable - Le Mandala Moris,vida nocturna mauricio,https://lemandalamoris.com/es/la-vie-nocturne-a-lile-maurice-une-aventure-inoubliable,2026-07-04
lemandalamoris.com,Quand partir à l'île Maurice ? Climat et météo mois par mois,partir île maurice,https://lemandalamoris.com/es/le-climat-de-lile-maurice-quand-partir-et-quoi-emporter,2026-07-04
lemandalamoris.com,"Domaine de Saint Aubin: ron, vainilla y cocina criolla en el sur - Le Mandala Moris",vainilla cocina criolla,https://lemandalamoris.com/es/le-domaine-de-saint-aubin,2026-07-04
lemandalamoris.com,"Mariage traditionnel mauricien : rites hindous, créoles et tenues",mariage traditionnel mauricien,https://lemandalamoris.com/es/les-mariages-traditionnels-mauriciens-un-voyage-culturel-unique,2026-07-04
lemandalamoris.com,"Les meilleurs marchés de l'île Maurice : Port-Louis, Flacq, Mahébourg",marchés île maurice,https://lemandalamoris.com/es/les-meilleurs-marches-de-lile-maurice,2026-07-04
lemandalamoris.com,Los esplendores de los atardeceres en Isla Mauricio - Le Mandala Moris,atardeceres isla mauricio,https://lemandalamoris.com/es/les-splendeurs-des-couchers-de-soleil-a-lile-maurice,2026-07-04
lemandalamoris.com,Los caterings imprescindibles para un banquete en Mauricio - Le Mandala Moris,para banquete mauricio,https://lemandalamoris.com/es/les-traiteurs-incontournables-pour-un-banquet-a-lile-maurice,2026-07-04
lemandalamoris.com,Los tesoros ocultos de Mauricio: descubra sus playas secretas - Le Mandala Moris,ocultos mauricio descubra,https://lemandalamoris.com/es/les-tresors-caches-de-lile-maurice-decouvrez-ses-plages-secretes,2026-07-04
lemandalamoris.com,Alquiler de yate o velero en Mauricio: su ruta hacia una estancia inolvidable - Le Mandala Moris,yate velero mauricio,https://lemandalamoris.com/es/location-de-yacht-ou-voilier-a-lile-maurice-votre-parcours-vers-un-sejour-inoubliable,2026-07-04
lemandalamoris.com,Organizar una ceremonia de boda en un catamarán en Mauricio - Le Mandala Moris,boda catamarán mauricio,https://lemandalamoris.com/es/organiser-une-ceremonie-de-mariage-sur-un-catamaran-a-lile-maurice,2026-07-04
lemandalamoris.com,Plage de Mont Choisy : la plus longue plage du nord de Maurice,plage mont choisy,https://lemandalamoris.com/es/plage-de-mont-choisy-un-tresor-mauricien-a-explorer,2026-07-04
lemandalamoris.com,"Quatre Bornes : marché aux tissus, shopping et vie locale",quatre bornes,https://lemandalamoris.com/es/quatre-bornes-ile-maurice,2026-07-04
lemandalamoris.com,Snorkeling à l'île Maurice : les plus beaux spots (et les plus faciles),snorkeling île maurice,https://lemandalamoris.com/es/snorkeling-en-famille-a-lile-maurice-denichez-les-plages-parfaites,2026-07-04
lemandalamoris.com,Vainilla de la isla Mauricio: plantaciones para visitar y dónde comprarla - Le Mandala Moris,isla mauricio plantaciones,https://lemandalamoris.com/es/visite-des-plantations-de-vanille-a-lile-maurice-une-experience-immersive,2026-07-04
lemandalamoris.com,Visiter l'île Maurice en une semaine : l'itinéraire jour par jour,visiter île maurice,https://lemandalamoris.com/es/visiter-lile-maurice-en-une-semaine,2026-07-04
lemandalamoris.com,EVJF & EVG à l'île Maurice : un enterrement de vie sous les tropiques,evg île maurice,https://lemandalamoris.com/evjf-evg-ile-maurice,2026-07-04
lemandalamoris.com,"Expériences privées à l'île Maurice : catamaran, dauphins, chef à domicile",privées île maurice,https://lemandalamoris.com/experiences-privees-ile-maurice,2026-07-04
lemandalamoris.com,"Croisière catamaran privée à l'île Maurice : sunset, journée, îlots",croisière catamaran privée,https://lemandalamoris.com/experiences-privees-ile-maurice/catamaran,2026-07-04
lemandalamoris.com,Nager avec les dauphins à l'île Maurice : sortie éthique à Tamarin,dauphins île maurice,https://lemandalamoris.com/experiences-privees-ile-maurice/dauphins,2026-07-04
lemandalamoris.com,Fêter son anniversaire à l'île Maurice : 12 idées qui marquent,anniversaire île maurice,https://lemandalamoris.com/feter-anniversaire-ile-maurice,2026-07-04
lemandalamoris.com,"Île Maurice : formalités d'entrée, documents et conditions de voyage",île maurice,https://lemandalamoris.com/hi/conditions-de-voyage-a-lile-maurice-ce-quil-faut-savoir-pour-sy-rendre,2026-07-04
lemandalamoris.com,Curepipe : que faire dans la ville haute de l'île Maurice,curepipe,https://lemandalamoris.com/hi/curepipe-ile-maurice,2026-07-04
lemandalamoris.com,मॉरीशस में निजी पाक अनुभव: स्वाद कलियों के लिए एक उत्सव - Le Mandala Moris,एक उत सव,https://lemandalamoris.com/hi/experiences-culinaires-privees-a-lile-maurice-une-celebration-pour-les-papilles,2026-07-04
lemandalamoris.com,तामारिन की खाड़ी: मॉरीशस में आपका अगला रोमांच - Le Mandala Moris,आपक अगल,https://lemandalamoris.com/hi/la-baie-de-tamarin-votre-prochaine-aventure-a-lile-maurice,2026-07-04
lemandalamoris.com,"पॉइंट ऑ कैनोनियर्स: उत्तर में समुद्र तट, छोटी खाड़ियाँ और सुकून भरी जीवनशैली - Le Mandala Moris",उत तर सम,https://lemandalamoris.com/hi/la-plage-de-pointe-aux-canonniers-un-havre-de-paix-a-explorer,2026-07-04
lemandalamoris.com,"मॉरीशस के मसाले: स्वादों की राह, बाज़ार और बागान - Le Mandala Moris",मस और,https://lemandalamoris.com/hi/la-route-des-epices-a-lile-maurice-un-voyage-culinaire,2026-07-04
lemandalamoris.com,"La Vallée des Couleurs : terres de 23 couleurs, tyroliennes et cascades",vallée couleurs,https://lemandalamoris.com/hi/la-vallee-des-couleurs-nature-park-ile-maurice,2026-07-04
lemandalamoris.com,मॉरीशस में नाइटलाइफ़: एक अविस्मरणीय रोमांच - Le Mandala Moris,एक अव मरण,https://lemandalamoris.com/hi/la-vie-nocturne-a-lile-maurice-une-aventure-inoubliable,2026-07-04
lemandalamoris.com,Quand partir à l'île Maurice ? Climat et météo mois par mois,partir île maurice,https://lemandalamoris.com/hi/le-climat-de-lile-maurice-quand-partir-et-quoi-emporter,2026-07-04
lemandalamoris.com,"डोमेन दे सेंट ऑबिन: दक्षिण में रम, वनीला और क्रियोल व्यंजन - Le Mandala Moris",दक रम वन,https://lemandalamoris.com/hi/le-domaine-de-saint-aubin,2026-07-04
lemandalamoris.com,"Mariage traditionnel mauricien : rites hindous, créoles et tenues",mariage traditionnel mauricien,https://lemandalamoris.com/hi/les-mariages-traditionnels-mauriciens-un-voyage-culturel-unique,2026-07-04
lemandalamoris.com,"Les meilleurs marchés de l'île Maurice : Port-Louis, Flacq, Mahébourg",marchés île maurice,https://lemandalamoris.com/hi/les-meilleurs-marches-de-lile-maurice,2026-07-04
lemandalamoris.com,मॉरीशस में सूर्यास्त की भव्यता - Le Mandala Moris,शस भव यत,https://lemandalamoris.com/hi/les-splendeurs-des-couchers-de-soleil-a-lile-maurice,2026-07-04
lemandalamoris.com,मॉरीशस में भोज के लिए अनिवार्य कैटरर्स - Le Mandala Moris,शस अन,https://lemandalamoris.com/hi/les-traiteurs-incontournables-pour-un-banquet-a-lile-maurice,2026-07-04
lemandalamoris.com,मॉरीशस के छिपे खज़ाने: इसके गुप्त समुद्र तटों की खोज करें - Le Mandala Moris,खज इसक सम,https://lemandalamoris.com/hi/les-tresors-caches-de-lile-maurice-decouvrez-ses-plages-secretes,2026-07-04
lemandalamoris.com,मॉरीशस में यॉट या सेलबोट किराये पर लेना: एक अविस्मरणीय प्रवास की ओर आपकी यात्रा - Le Mandala Moris,शस लब पर,https://lemandalamoris.com/hi/location-de-yacht-ou-voilier-a-lile-maurice-votre-parcours-vers-un-sejour-inoubliable,2026-07-04
lemandalamoris.com,मॉरीशस में कैटामरैन पर विवाह समारोह आयोजित करना - Le Mandala Moris,सम आय करन,https://lemandalamoris.com/hi/organiser-une-ceremonie-de-mariage-sur-un-catamaran-a-lile-maurice,2026-07-04
lemandalamoris.com,Plage de Mont Choisy : la plus longue plage du nord de Maurice,plage mont choisy,https://lemandalamoris.com/hi/plage-de-mont-choisy-un-tresor-mauricien-a-explorer,2026-07-04
lemandalamoris.com,"Quatre Bornes : marché aux tissus, shopping et vie locale",quatre bornes,https://lemandalamoris.com/hi/quatre-bornes-ile-maurice,2026-07-04
lemandalamoris.com,Snorkeling à l'île Maurice : les plus beaux spots (et les plus faciles),snorkeling île maurice,https://lemandalamoris.com/hi/snorkeling-en-famille-a-lile-maurice-denichez-les-plages-parfaites,2026-07-04
lemandalamoris.com,मॉरीशस की वनीला: घूमने लायक प्लांटेशन और इसे कहाँ खरीदें - Le Mandala Moris,इस कह खर,https://lemandalamoris.com/hi/visite-des-plantations-de-vanille-a-lile-maurice-une-experience-immersive,2026-07-04
lemandalamoris.com,Visiter l'île Maurice en une semaine : l'itinéraire jour par jour,visiter île maurice,https://lemandalamoris.com/hi/visiter-lile-maurice-en-une-semaine,2026-07-04
lemandalamoris.com,"Île Maurice : formalités d'entrée, documents et conditions de voyage",île maurice,https://lemandalamoris.com/it/conditions-de-voyage-a-lile-maurice-ce-quil-faut-savoir-pour-sy-rendre,2026-07-04
lemandalamoris.com,Curepipe : que faire dans la ville haute de l'île Maurice,curepipe,https://lemandalamoris.com/it/curepipe-ile-maurice,2026-07-04
lemandalamoris.com,Esperienze culinarie private a Mauritius: una celebrazione per il palato - Le Mandala Moris,culinarie private mauritius,https://lemandalamoris.com/it/experiences-culinaires-privees-a-lile-maurice-une-celebration-pour-les-papilles,2026-07-04
lemandalamoris.com,La Baia di Tamarin: la vostra prossima avventura a Mauritius - Le Mandala Moris,prossima avventura mauritius,https://lemandalamoris.com/it/la-baie-de-tamarin-votre-prochaine-aventure-a-lile-maurice,2026-07-04
lemandalamoris.com,"Pointe aux Canonniers: spiaggia, calette e dolcezza di vivere al nord - Le Mandala Moris",canonniers spiaggia calette,https://lemandalamoris.com/it/la-plage-de-pointe-aux-canonniers-un-havre-de-paix-a-explorer,2026-07-04
lemandalamoris.com,"Spezie di Mauritius: la via dei sapori, mercati e piantagioni - Le Mandala Moris",spezie di mauritius,https://lemandalamoris.com/it/la-route-des-epices-a-lile-maurice-un-voyage-culinaire,2026-07-04
lemandalamoris.com,"La Vallée des Couleurs : terres de 23 couleurs, tyroliennes et cascades",vallée couleurs,https://lemandalamoris.com/it/la-vallee-des-couleurs-nature-park-ile-maurice,2026-07-04
lemandalamoris.com,La vita notturna a Mauritius: un’avventura indimenticabile - Le Mandala Moris,vita notturna mauritius,https://lemandalamoris.com/it/la-vie-nocturne-a-lile-maurice-une-aventure-inoubliable,2026-07-04
lemandalamoris.com,Quand partir à l'île Maurice ? Climat et météo mois par mois,partir île maurice,https://lemandalamoris.com/it/le-climat-de-lile-maurice-quand-partir-et-quoi-emporter,2026-07-04
lemandalamoris.com,"Domaine de Saint Aubin: rum, vaniglia e tavola creola nel sud - Le Mandala Moris",rum vaniglia tavola,https://lemandalamoris.com/it/le-domaine-de-saint-aubin,2026-07-04
lemandalamoris.com,"Mariage traditionnel mauricien : rites hindous, créoles et tenues",mariage traditionnel mauricien,https://lemandalamoris.com/it/les-mariages-traditionnels-mauriciens-un-voyage-culturel-unique,2026-07-04
lemandalamoris.com,"Les meilleurs marchés de l'île Maurice : Port-Louis, Flacq, Mahébourg",marchés île maurice,https://lemandalamoris.com/it/les-meilleurs-marches-de-lile-maurice,2026-07-04
lemandalamoris.com,Gli splendori dei tramonti a Mauritius - Le Mandala Moris,dei tramonti mauritius,https://lemandalamoris.com/it/les-splendeurs-des-couchers-de-soleil-a-lile-maurice,2026-07-04
lemandalamoris.com,I catering imperdibili per un banchetto a Mauritius - Le Mandala Moris,per banchetto mauritius,https://lemandalamoris.com/it/les-traiteurs-incontournables-pour-un-banquet-a-lile-maurice,2026-07-04
lemandalamoris.com,I tesori nascosti di Mauritius: scoprite le sue spiagge segrete - Le Mandala Moris,di mauritius scoprite,https://lemandalamoris.com/it/les-tresors-caches-de-lile-maurice-decouvrez-ses-plages-secretes,2026-07-04
lemandalamoris.com,Noleggio di yacht o barca a vela a Mauritius: il vostro itinerario verso un soggiorno indimenticabile - Le Mandala Moris,barca vela mauritius,https://lemandalamoris.com/it/location-de-yacht-ou-voilier-a-lile-maurice-votre-parcours-vers-un-sejour-inoubliable,2026-07-04
lemandalamoris.com,Organizzare una cerimonia di matrimonio su un catamarano a Mauritius - Le Mandala Moris,cerimonia di matrimonio,https://lemandalamoris.com/it/organiser-une-ceremonie-de-mariage-sur-un-catamaran-a-lile-maurice,2026-07-04
lemandalamoris.com,Plage de Mont Choisy : la plus longue plage du nord de Maurice,plage mont choisy,https://lemandalamoris.com/it/plage-de-mont-choisy-un-tresor-mauricien-a-explorer,2026-07-04
lemandalamoris.com,"Quatre Bornes : marché aux tissus, shopping et vie locale",quatre bornes,https://lemandalamoris.com/it/quatre-bornes-ile-maurice,2026-07-04
lemandalamoris.com,Snorkeling à l'île Maurice : les plus beaux spots (et les plus faciles),snorkeling île maurice,https://lemandalamoris.com/it/snorkeling-en-famille-a-lile-maurice-denichez-les-plages-parfaites,2026-07-04
lemandalamoris.com,Vaniglia dell'isola Mauritius: piantagioni da visitare e dove acquistarla - Le Mandala Moris,isola mauritius piantagioni,https://lemandalamoris.com/it/visite-des-plantations-de-vanille-a-lile-maurice-une-experience-immersive,2026-07-04
lemandalamoris.com,Visiter l'île Maurice en une semaine : l'itinéraire jour par jour,visiter île maurice,https://lemandalamoris.com/it/visiter-lile-maurice-en-une-semaine,2026-07-04
lemandalamoris.com,Parcs aquatiques à l'île Maurice : lesquels valent vraiment le coup ?,parcs aquatiques île,https://lemandalamoris.com/les-parcs-aquatiques-incontournables-de-lile-maurice,2026-07-04
lemandalamoris.com,Lune de miel & voyage de noces à l'île Maurice | Le Mandala Moris,miel voyage noces,https://lemandalamoris.com/lune-de-miel-ile-maurice,2026-07-04
lemandalamoris.com,"Mariage à l'île Maurice : intimiste, sur la plage, clé en main",mariage île maurice,https://lemandalamoris.com/mariage-ile-maurice,2026-07-04
lemandalamoris.com,"Se marier à l'île Maurice : formalités, documents, validité en France",marier île maurice,https://lemandalamoris.com/mariage-ile-maurice/formalites,2026-07-04
lemandalamoris.com,"Où dormir à l'île Maurice : régions, resorts 5 étoiles ou boutique-hôtel ?",où dormir île,https://lemandalamoris.com/ou-dormir-ile-maurice,2026-07-04
lemandalamoris.com,Les plus belles plages de l'île Maurice pour un mariage ou une demande,belles plages île,https://lemandalamoris.com/plus-belles-plages-mariage-ile-maurice,2026-07-04
lemandalamoris.com,Quand faire sa demande en mariage ? Les meilleurs moments (et les pièges),demande mariage meilleurs,https://lemandalamoris.com/quand-faire-sa-demande-en-mariage,2026-07-04
lemandalamoris.com,Que faire en couple à l'île Maurice : 20 expériences romantiques,que faire couple,https://lemandalamoris.com/que-faire-en-couple-ile-maurice,2026-07-04
lemandalamoris.com,Que faire à Grand Baie : le guide complet de la station star du nord,faire grand baie,https://lemandalamoris.com/que-faire-grand-baie,2026-07-04
lemandalamoris.com,"Se marier à l'étranger : destinations, formalités, budget — le guide",se marier étranger,https://lemandalamoris.com/se-marier-a-letranger,2026-07-04
lemandalamoris.com,Séjour romantique à l'île Maurice : escapade en amoureux à Grand Baie,romantique île maurice,https://lemandalamoris.com/sejour-romantique-ile-maurice,2026-07-04
lemandalamoris.com,Séminaire & team building à l'île Maurice : format boutique,building île maurice,https://lemandalamoris.com/seminaire-team-building-ile-maurice,2026-07-04
lemandalamoris.com,"Trou aux Biches : plage, snorkeling et conseils pour en profiter",trou biches,https://lemandalamoris.com/trou-aux-biches-ile-maurice,2026-07-04
lemandalamoris.com,Voyage de noces : où partir ? Le comparatif honnête des destinations,voyage noces,https://lemandalamoris.com/voyage-de-noces-ou-partir,2026-07-04
loco-immo.fr,Combien de temps un oisillon peut-il rester sans manger ?,peut il rester,https://loco-immo.fr/combien-de-temps-un-oisillon-peut-rester-sans-manger,2026-07-04
longbeachcannes.fr,Voyage au Mexique : les endroits incontournables en 2026,voyage mexique,https://longbeachcannes.fr/voyage-mexique,2026-07-04
ma-maison-pratique.fr,Créez des désodorisants maison pour une ambiance agréable - ma-maison-pratique.fr,désodorisants maison ambiance,https://ma-maison-pratique.fr/desodorisants-maison-naturels,2026-07-04
ma-maison-pratique.fr,Fabriquez votre déshumidificateur naturel avec du sel - ma-maison-pratique.fr,votre déshumidificateur naturel,https://ma-maison-pratique.fr/fabrication-deshumidificateur-sel,2026-07-04
ma-maison-pratique.fr,Comment faire en sorte que votre animal n'urine plus à l'intérieur ? - ma-maison-pratique.fr,votre animal urine,https://ma-maison-pratique.fr/gestes-pour-eviter-urine-animal-maison,2026-07-04
ma-maison-pratique.fr,Éliminez les moustiques facilement avec ce serpentin au vinaigre - ma-maison-pratique.fr,moustiques facilement serpentin,https://ma-maison-pratique.fr/serpentin-anti-moustique-vinaigre,2026-07-04
ma-maison-pratique.fr,Les soins de santé qui vous font du bien - ma-maison-pratique.fr,soins santé qui,https://ma-maison-pratique.fr/soins-sante-bien-etre-femme,2026-07-04
mag-investir.com,Action Sanofi : le rendement actuel est-il une opportunité pour investir ?,action sanofi,https://mag-investir.com/action-sanofi,2026-07-04
mag-investir.com,Banque en ligne : le levier sous-estimé pour faire fructifier son épargne en 2026,banque ligne,https://mag-investir.com/banque-en-ligne-le-levier-sous-estime-pour-faire-fructifier-son-epargne-en-2026,2026-07-04
mag-investir.com,Bdh def : la signification exacte pour comprendre le langage des adolescents ?,bdh def,https://mag-investir.com/bdh-def,2026-07-04
mag-investir.com,Blackrock : le partenaire financier ou le risque pour votre épargne ?,blackrock,https://mag-investir.com/blackrock,2026-07-04
mag-investir.com,"Carte Visa Premier, des services premium à portée de main",carte visa premier,https://mag-investir.com/carte-visa-premier-comprendre-les-services-associes-a-cette-carte-bancaire-haut-de-gamme,2026-07-04
mag-investir.com,Les erreurs fréquentes des indépendants sans accompagnement administratif en Suisse,accompagnement administratif suisse,https://mag-investir.com/comptabilite-independant-suisse,2026-07-04
mag-investir.com,Courtier en bourse : choisir un broker adapté à votre profil d’investisseur,courtier bourse,https://mag-investir.com/courtier-en-bourse,2026-07-04
mag-investir.com,Fraude Apple Pay : que faire quand votre banque refuse de rembourser ?,fraude apple pay,https://mag-investir.com/fraude-apple-pay-que-faire-quand-votre-banque-refuse-de-rembourser,2026-07-04
mag-investir.com,Robot-as-a-Service : l'émergence d'une nouvelle classe d'actifs technologiques,robot as service,https://mag-investir.com/robot-as-a-service-lemergence-dune-nouvelle-classe-dactifs-technologiques,2026-07-04
mag-investir.com,"SCPI en 2026 : les 6 critères pour bien choisir, au-delà du rendement affiché",scpi 2026,https://mag-investir.com/scpi-en-2026-les-6-criteres-pour-bien-choisir-au-dela-du-rendement-affiche,2026-07-04
mag-investir.com,Smic net 2025 : les nouveaux montants officiels pour votre salaire mensuel,smic net 2025,https://mag-investir.com/smic-net-2025,2026-07-04
mag-investir.com,Swisstransfer : la solution gratuite pour envoyer les fichiers de 50 Go,swisstransfer,https://mag-investir.com/swisstransfer,2026-07-04
mag-investir.com,Top 3 des critères pour une bonne mise en relation bailleur locataire sans agence,top critères bonne,https://mag-investir.com/top-3-des-criteres-pour-une-bonne-mise-en-relation-bailleur-locataire-sans-agence,2026-07-04
maison-deco-design.fr,35 idées uniques pour aménager votre jardin - Maison-deco-design.fr,aménager votre jardin,https://maison-deco-design.fr/amenagement-jardin-unique,2026-07-04
maison-deco-design.fr,37 idées de bordures de jardin économiques et faciles à réaliser - Maison-deco-design.fr,jardin économiques faciles,https://maison-deco-design.fr/bordures-jardin-economiques-faciles,2026-07-04
maisonfjord.fr,"Barillet cassé : porte fermée, comment l'ouvrir ?",barillet cassé,https://maisonfjord.fr/barillet-casse-porte-fermee-comment-louvrir,2026-07-04
maisonfloralis.fr,Réglage de groom de porte : guide complet,réglage groom porte,https://maisonfloralis.fr/reglage-de-groom-de-porte-guide-complet,2026-07-04
maizhome.fr,Schéma de branchement : bouton poussoir sans télérupteur,schéma branchement,https://maizhome.fr/schema-de-branchement-bouton-poussoir-sans-telerupteur,2026-07-04
menuisiersdunord.fr,Apprendre le Bricolage avec academiedubricolage : Cours Pratiques ! 🔨,apprendre bricolage academiedubricolage,https://menuisiersdunord.fr/apprendre-le-bricolage-avec-academiedubricolage,2026-07-04
micado-france.fr,"Maison En Ossature Métallique : Prix Au M², Avantages Et étapes Du Projet",maison ossature métallique,https://micado-france.fr/maison-ossature-metallique-prix-devis-energie-delais,2026-07-04
miui-france.org,"Logan, le nouveau Robin des Bois : un héros moderne à la légende renouvelée | Miui-france.org",nouveau robin bois,https://www.miui-france.org/logan-le-nouveau-robin-des-bois-un-heros-moderne-a-la-legende-renouvelee,2026-07-04
miui-france.org,dgccrf Archives | Miui-france.org,dgccrf archives,https://www.miui-france.org/tag/dgccrf,2026-07-04
miui-france.org,pièges des sites Archives | Miui-france.org,pièges sites archives,https://www.miui-france.org/tag/pieges-des-sites,2026-07-04
miui-france.org,réservation en ligne Archives | Miui-france.org,réservation ligne archives,https://www.miui-france.org/tag/reservation-en-ligne,2026-07-04
miui-france.org,sites de réservation Archives | Miui-france.org,sites réservation archives,https://www.miui-france.org/tag/sites-de-reservation,2026-07-04
miui-france.org,vacances Archives | Miui-france.org,vacances archives,https://www.miui-france.org/tag/vacances,2026-07-04
miui-france.org,Vacances : déjouez les pièges des sites de réservation traqués par la DGCCRF et apprenez à les repérer avant de payer | Miui-france.org,vacances,https://www.miui-france.org/vacances-pieges-reservation,2026-07-04
miui-france.org,"Zone of the Enders : Le joyau méconnu de Hideo Kojima, l'autre chef-d’œuvre de Metal Gear Solid | Miui-france.org",zone of enders,https://www.miui-france.org/zone-of-the-enders-le-joyau-meconnu-de-hideo-kojima-lautre-chef-doeuvre-de-metal-gear-solid,2026-07-04
needl.fr,Comment choisir une assurance vie pour préparer ses projets à long terme - Needl,assurance vie préparer,https://needl.fr/comment-choisir-une-assurance-vie-pour-preparer-ses-projets-a-long-terme,2026-07-04
renovation-astuces.fr,Idées de cuisines modernes aesthetic et minimalistes - Renovation astuces,cuisines modernes aesthetic,https://renovation-astuces.fr/cuisine-moderne-esthetic-minimaliste,2026-07-04
renovation-astuces.fr,Une maison moderne avec piscine et espace ouvert - Renovation astuces,maison moderne piscine,https://renovation-astuces.fr/maison-moderne-piscine-espace-ouvert,2026-07-04
renovation-conseils.fr,Un bouquet de 100 roses rouges : l’élégance en fleurs - Renovation-conseils.fr,bouquet 100 roses,https://renovation-conseils.fr/bouquet-roges-rouges-100,2026-07-04
renovation-conseils.fr,15 idées de bouquets de mariage roses pour séduire les mariées - Renovation-conseils.fr,bouquets mariage roses,https://renovation-conseils.fr/bouquets-mariage-roses-idees,2026-07-04
renovation-conseils.fr,Comment choisir et poser une bordure de jardin facilement - Renovation-conseils.fr,bordure jardin facilement,https://renovation-conseils.fr/choisir-poser-bordure-jardin,2026-07-04
renovation-conseils.fr,Inspirez-vous de ces centres de table d'été - Renovation-conseils.fr,inspirez vous centres,https://renovation-conseils.fr/idees-centres-de-table-ete,2026-07-04
renovbox.com,2HR Habitat Rénovation : rénovation intérieure RGE à Bischheim et Strasbourg | Avis - Renovbox,2hr habitat rénovation,https://renovbox.com/entreprise/2hr-habitat-renovation,2026-07-04
renovbox.com,"AB Profils, menuisier RGE à Void-Vacon (55) | Avis - Renovbox",ab profils menuisier,https://renovbox.com/entreprise/ab-profils-void-vacon,2026-07-04
renovbox.com,BS Toitures : couvreur-zingueur RGE à Berrwiller (68) | Avis - Renovbox,bs toitures,https://renovbox.com/entreprise/bs-toitures,2026-07-04
renovbox.com,"DB Energie, pompe à chaleur et climatisation RGE à Monnaie (37) | Avis - Renovbox",climatisation rge monnaie,https://renovbox.com/entreprise/db-energie,2026-07-04
renovbox.com,"JF Architecte, architecte à Marseille (13) | Avis - Renovbox",architecte architecte marseille,https://renovbox.com/entreprise/fritsch-jonathan,2026-07-04
renovbox.com,Icare PV : installateur photovoltaïque RGE en Ardèche | Avis - Renovbox,icare pv,https://renovbox.com/entreprise/icare-pv,2026-07-04
renovbox.com,"JL Artisan, plombier chauffagiste RGE à La Bigottière (53) | Avis - Renovbox",chauffagiste rge bigottière,https://renovbox.com/entreprise/jl-artisan,2026-07-04
renovbox.com,"Kiosk of Architecture, architecte dans l'Oise (60) | Avis - Renovbox",kiosk of architecture,https://renovbox.com/entreprise/kiosk-of-architecture-sarl,2026-07-04
renovbox.com,Lucas Zermann EI (ECC) : audit énergétique à Surbourg | Avis - Renovbox,lucas zermann ei,https://renovbox.com/entreprise/lucas-zermann-ei,2026-07-04
renovbox.com,"OK Toitures, couvreur-zingueur RGE à Richwiller (68) | Avis - Renovbox",zingueur rge richwiller,https://renovbox.com/entreprise/ok-toitures,2026-07-04
renovbox.com,PM-AU : agence d'architecture et d'urbanisme à Puteaux (92) | Avis - Renovbox,pm,https://renovbox.com/entreprise/pm-au,2026-07-04
renovbox.com,"SOLIHA Pays de la Loire, accompagnement rénovation à Angers (49) | Avis - Renovbox",soliha pays loire,https://renovbox.com/entreprise/soliha-pays-de-la-loire,2026-07-04
revue-immo.com,Eaux pluviales du voisin : servitude et recours légaux,eaux pluviales voisin,https://revue-immo.com/eaux-pluviales-voisin-droits,2026-07-04
stid-france.fr,"CSE Santé Nord : Rôle, Avantages et Services Clés pour Soignants 💼",cse santé nord,https://stid-france.fr/cse-sante-nord,2026-07-04
top-maison-confort.fr,Aménager une chambre moderne aux murs blancs - top-maison-confort.fr,moderne murs blancs,https://top-maison-confort.fr/chambre-moderne-murs-blancs,2026-07-04
top-maison-confort.fr,15 chambres modernes minimalistes à découvrir - top-maison-confort.fr,15 chambres modernes,https://top-maison-confort.fr/chambres-modernes-minimalistes,2026-07-04
top-maison-confort.fr,10 idées déco de chambre cottage pour un sommeil douillet - top-maison-confort.fr,chambre cottage sommeil,https://top-maison-confort.fr/idees-deco-chambre-cottage,2026-07-04
top-maison-confort.fr,Idées de design intérieur minimaliste pour votre salon - top-maison-confort.fr,minimaliste votre salon,https://top-maison-confort.fr/idees-design-interieur-minimaliste-salon,2026-07-04
top-maison-confort.fr,Une grande tapis noir comme fil conducteur de déco - top-maison-confort.fr,tapis noir comme,https://top-maison-confort.fr/tapis-noir-fil-conducteur,2026-07-04
travaux-astuces.fr,,,https://travaux-astuces.fr/concevoir-amenager-cuisine-ideale,2026-07-04
travaux-astuces.fr,,,https://travaux-astuces.fr/cuisine-blanche-bois-idees-deco,2026-07-04
travaux-astuces.fr,,,https://travaux-astuces.fr/cuisine-blanche-noire-idees,2026-07-04
travaux-astuces.fr,,,https://travaux-astuces.fr/cuisine-minimaliste-chaleureuse,2026-07-04
travaux-astuces.fr,,,https://travaux-astuces.fr/cuisines-sur-mesure-modeles,2026-07-04
travaux-magazine.fr,Aménagez une buanderie fonctionnelle avec des étagères d'angle - Travaux-magazine.fr,fonctionnelle étagères angle,https://travaux-magazine.fr/buanderie-etageres-angle,2026-07-04
travaux-magazine.fr,Optimisez votre buanderie avec un séchoir pliable pratique - Travaux-magazine.fr,optimisez votre buanderie,https://travaux-magazine.fr/buanderie-sechoir-pliable-optimisation,2026-07-04
travaux-magazine.fr,Idées déco pour une buanderie chaleureuse avec bois et organisation - Travaux-magazine.fr,chaleureuse bois organisation,https://travaux-magazine.fr/idees-deco-buanderie-bois-chaleureux,2026-07-04
travaux-magazine.fr,Découvrez des plans de petites maisons modernes à petit prix - Travaux-magazine.fr,modernes petit prix,https://travaux-magazine.fr/plans-petite-maison-moderne,2026-07-04
travaux-specialistes.fr,Idées de design pour un loft moderne et chaleureux - Travaux-specialistes.fr,loft moderne chaleureux,https://travaux-specialistes.fr/design-loft-moderne,2026-07-04
travaux-specialistes.fr,Transformez une grange en maison moderne - Travaux-specialistes.fr,transformez grange maison,https://travaux-specialistes.fr/maison-grange-moderne,2026-07-04
travaux-specialistes.fr,Découvrez cette maison de plain-pied avec 4 chambres à Saint-Hilaire-de-Riez - Travaux-specialistes.fr,découvrez cette maison,https://travaux-specialistes.fr/maison-plain-pied-saint-hilaire,2026-07-04
travaux-specialistes.fr,Découvrez le confort d'une tiny house en bois sur roues - Travaux-specialistes.fr,découvrez confort tiny,https://travaux-specialistes.fr/tiny-house-bois-sur-roues,2026-07-04
www.3ehabitat.fr,Guide expert : choisir le robinet salle de bain idéal,expert,https://www.3ehabitat.fr/nos-conseils-pour-bien-choisir-un-robinet-pour-votre-salle-de-bain,2026-07-04
www.3ehabitat.fr,Patine pour zinc : techniques douces pour un effet vieilli immédiat - 3e habitat,patine zinc,https://www.3ehabitat.fr/patine-pour-zinc-techniques-douces-pour-un-effet-vieilli-immediat,2026-07-04
www.adprip.fr,Le top 5 des agences mobile lyonnaises spécialisées en conception d’application mobile pour restaurant - Adprip,mobile lyonnaises spécialisées,https://www.adprip.fr/top-5-agences-mobile-lyon-conception-application-mobile-restaurant,2026-07-04
www.aebfrance.com,Accessoire pour store banne : les pièces indispensables pour la réparation - AEB FRANCE,accessoire store banne,https://www.aebfrance.com/accessoire-pour-store-banne,2026-07-04
www.aebfrance.com,Comment optimiser l'agencement d'un petit appartement ? - AEB FRANCE,agencement petit appartement,https://www.aebfrance.com/comment-optimiser-lagencement-dun-petit-appartement,2026-07-04
www.aebfrance.com,Comment trouver un électricien fiable et sérieux ? - AEB FRANCE,électricien fiable sérieux,https://www.aebfrance.com/comment-trouver-un-electricien-fiable-et-serieux,2026-07-04
www.aebfrance.com,Déboucher une canalisation au karcher : la méthode pour libérer les tuyaux - AEB FRANCE,déboucher canalisation karcher,https://www.aebfrance.com/deboucher-une-canalisation-au-karcher,2026-07-04
www.aebfrance.com,Estimation bien immobilier pour succession : le notaire ou l'agent immobilier ? - AEB FRANCE,estimation immobilier succession,https://www.aebfrance.com/estimation-bien-immobilier-pour-succession,2026-07-04
www.aidologement.com,Assurance habitation à Grenoble : trouver la meilleure protection pour son logement - AidoLogement,assurance habitation grenoble,https://www.aidologement.com/assurance-habitation-grenoble,2026-07-04
www.aidologement.com,Carrelage sol déstocké : la solution économique pour vos travaux - AidoLogement,carrelage sol déstocké,https://www.aidologement.com/carrelage-sol-destocke-la-solution-economique-pour-vos-travaux,2026-07-04
www.aidologement.com,Comment adapter les prestations de nettoyage en période hivernale ?,nettoyage période hivernale,https://www.aidologement.com/comment-adapter-les-prestations-de-nettoyage-en-periode-hivernale,2026-07-04
www.aidologement.com,Prêt étudiant : couvrir dès la rentrée des dépenses souvent oubliées,prêt étudiant,https://www.aidologement.com/comment-relever-le-defi-financier-dune-premiere-installation-etudiante,2026-07-04
www.aidologement.com,Comment trouver une location qui met tout le monde d’accord quand on a un petit budget ? - AidoLogement,tout monde accord,https://www.aidologement.com/comment-trouver-une-location-qui-met-tout-le-monde-daccord-quand-on-a-un-petit-budget,2026-07-04
www.aidologement.com,Comparatif des meilleurs sites de meubles en ligne en France - AidoLogement,meilleurs sites meubles,https://www.aidologement.com/comparatif-des-meilleurs-sites-de-meubles-en-ligne-en-france,2026-07-04
www.aidologement.com,Diagonale du vide immobilier : le meilleur choix pour votre investissement ? - AidoLogement,diagonale vide immobilier,https://www.aidologement.com/diagonale-du-vide-immobilier-2,2026-07-04
www.aidologement.com,LMNP plus-value immobilière : le calcul de l'impact de la réforme 2025 ? - AidoLogement,lmnp plus value,https://www.aidologement.com/lmnp-plus-value-immobiliere,2026-07-04
www.aidologement.com,Premier achat immobilier : les erreurs à éviter avant de se lancer - AidoLogement,premier achat immobilier,https://www.aidologement.com/premier-achat-immobilier-les-erreurs-a-eviter-avant-de-se-lancer,2026-07-04
www.amv-immo.fr,Constituer un dossier efficace pour une demande de logement Adoma,demande logement adoma,https://www.amv-immo.fr/demande-de-logement-adoma-comment-constituer-un-dossier-efficace,2026-07-04
www.amv-immo.fr,Guide complet du Plan Épargne Logement à la Caisse d'Épargne,plan épargne logement,https://www.amv-immo.fr/tout-savoir-sur-le-plan-epargne-logement-a-la-caisse-epargne,2026-07-04
www.atlasimmobilier.com,"Contemporary vacation home with a terrace, swimming pools, and a view of the ramparts of Marrakech Charming riad in Marrakech with a terrace, 3 bedrooms, swimming pools, and a view of the city walls",marrakech with terrace,https://atlasimmobilier.com/en/p/contemporary-vacation-home-with-a-terrace-swimming-pools-and-a-view-of-the-ramparts-of-marrakech,2026-07-04
www.atlasimmobilier.com,"Pied-à-terre contemporain avec terrasse, piscines et vue sur les remparts de Marrakech Riad de charme à Marrakech avec terrasse, 3 chambres, piscines et vue sur les remparts",pied terre contemporain,https://atlasimmobilier.com/p/charmant-riad-de-style-neo-mauresque-avec-terrasse-piscines-et-vue-sur-les-remparts-de-marrakech,2026-07-04
www.bambinsdeco.com,Box de stockage : désencombrer son intérieur pour une maison plus agréable,box stockage,https://www.bambinsdeco.com/box-de-stockage,2026-07-04
www.bambinsdeco.com,Certaines prises murales ne fonctionnent plus : Les 5 solutions pour dépanner,murales ne fonctionnent,https://www.bambinsdeco.com/certaines-prises-murales-ne-fonctionnent-plus,2026-07-04
www.bambinsdeco.com,Combien coute nettoyage toiture : les prix moyens par mètre carré ?,combien coute nettoyage,https://www.bambinsdeco.com/combien-coute-nettoyage-toiture,2026-07-04
www.bambinsdeco.com,De la pollution des sols à un projet sécurisé : le diagnostic SSP,pollution sols projet,https://www.bambinsdeco.com/de-la-pollution-des-sols-a-un-projet-securise-le-diagnostic-ssp,2026-07-04
www.bambinsdeco.com,Désherbant naturel : les 5 meilleures recettes pour entretenir votre jardin,désherbant naturel,https://www.bambinsdeco.com/desherbant-naturel,2026-07-04
www.bambinsdeco.com,Devis travaux Habitatpresto : la méthode pour obtenir un chiffrage précis,devis travaux habitatpresto,https://www.bambinsdeco.com/devis-travaux-habitatpresto,2026-07-04
www.bambinsdeco.com,Mylène Farmer en Corse : les secrets de son havre de paix,mylène farmer corse,https://www.bambinsdeco.com/mylene-farmer-en-corse,2026-07-04
www.bambinsdeco.com,Où vit Patrick Fiori : la demeure en Corse du célèbre chanteur ?,vit patrick fiori,https://www.bambinsdeco.com/ou-vit-patrick-fiori,2026-07-04
www.bambinsdeco.com,Peinture sur béton intérieur : les étapes clés pour une adhérence durable,peinture béton intérieur,https://www.bambinsdeco.com/peinture-sur-beton-interieur,2026-07-04
www.bambinsdeco.com,Pierre de sel humidité maison : la solution est-elle vraiment efficace ?,pierre sel humidité,https://www.bambinsdeco.com/pierre-de-sel-humidite-maison,2026-07-04
www.bambinsdeco.com,Terrasse esprit guinguette : les astuces pour une décoration chaleureuse et festive,terrasse esprit guinguette,https://www.bambinsdeco.com/terrasse-esprit-guinguette,2026-07-04
www.blueprintforsafety.org,Quel contrôle effectuer avant chaque date d'acompte IS pour rester conforme ? - Blueprint For Safety,contrôle effectuer avant,https://www.blueprintforsafety.org/quel-controle-effectuer-avant-chaque-date-dacompte-is-pour-rester-conforme,2026-07-04
www.burov.com,Chambre deco design : les styles incontournables pour un intérieur moderne et apaisant,chambre deco design,https://www.burov.com/chambre-deco-design,2026-07-04
www.burov.com,Cintre mariage personnalisé : les tendances incontournables pour des photos de cérémonie uniques,cintre mariage personnalisé,https://www.burov.com/cintre-mariage-personnalise,2026-07-04
www.burov.com,Décrasser sol carrelage : les 10 astuces pour retrouver un éclat impeccable,décrasser sol carrelage,https://www.burov.com/decrasser-sol-carrelage-2,2026-07-04
www.burov.com,Ganivelle en bois : la clôture naturelle qui s'intègre parfaitement dans votre jardin,ganivelle bois,https://www.burov.com/ganivelle-bois,2026-07-04
www.burov.com,Housse kitesurf : les meilleures solutions pour transporter votre matériel en avion,housse kitesurf,https://www.burov.com/housse-kitesurf,2026-07-04
www.burov.com,Lave-vaisselle à tiroir à couverts : les avis pour choisir le meilleur,vaisselle tiroir couverts,https://www.burov.com/lave-vaisselle-tiroir-couvert-avis,2026-07-04
www.burov.com,Pourquoi ma clim ne fait pas de froid : les causes à vérifier ?,fait pas froid,https://www.burov.com/pourquoi-ma-clim-ne-fait-pas-de-froid,2026-07-04
www.burov.com,Moucherons dans les plantes : les 10 astuces naturelles pour les éliminer,moucherons plantes,https://www.burov.com/que-faire-contre-les-moucherons-dans-les-plantes,2026-07-04
www.burov.com,Quelles sont les normes de plomberie pour une maison ?,normes plomberie maison,https://www.burov.com/quelles-sont-les-normes-de-plomberie-pour-une-maison,2026-07-04
www.burov.com,Réparer une canalisation sans casse : questions fréquentes sur les méthodes et les prix,canalisation sans casse,https://www.burov.com/reparer-une-canalisation-sans-casse-questions-frequentes-sur-les-methodes-et-les-prix,2026-07-04
www.cap-btp.com,Alarme maison : pourquoi les cambriolages augmentent l'été,alarme maison,https://www.cap-btp.com/alarme-maison,2026-07-04
www.cap-btp.com,Classement des meilleures armoires désinfectantes pour les EPI en industrie,désinfectantes epi industrie,https://www.cap-btp.com/armoire-desinfectante,2026-07-04
www.cap-btp.com,Comment confier votre bien à une agence immobilière engagée ?,votre agence immobilière,https://www.cap-btp.com/comment-confier-votre-bien-a-une-agence-immobiliere-engagee,2026-07-04
www.cap-btp.com,Différence panneau photovoltaïque et panneau solaire : les critères pour mieux comprendre,différence panneau photovoltaïque,https://www.cap-btp.com/difference-panneau-photovoltaique-et-panneau-solaire,2026-07-04
www.cap-btp.com,Le devis plomberie à Carrières-sur-Seine : la solution pour une intervention sans surprise,plomberie carrières seine,https://www.cap-btp.com/le-devis-plomberie-a-carrieres-sur-seine-la-solution-pour-une-intervention-sans-surprise,2026-07-04
www.cap-btp.com,Maison Nagui Saint-Tropez : les secrets de la villa provençale du Capon,maison nagui saint,https://www.cap-btp.com/maison-nagui-saint-tropez-2,2026-07-04
www.cap-btp.com,Maison Sheila Feucherolles : les secrets de la demeure culte des Yvelines,maison sheila feucherolles,https://www.cap-btp.com/maison-sheila-feucherolles,2026-07-04
www.cap-btp.com,Marc de café désherbant : le remède est-il réellement efficace au jardin ?,marc café désherbant,https://www.cap-btp.com/marc-de-cafe-desherbant,2026-07-04
www.cap-btp.com,Pourquoi choisir un tubage flexible inox double peau pour rénover un conduit de cheminée ?,tubage flexible inox,https://www.cap-btp.com/pourquoi-choisir-un-tubage-flexible-inox-double-peau-pour-renover-un-conduit-de-cheminee,2026-07-04
www.cap-btp.com,Renforcer un mur : les techniques pour stabiliser durablement une structure fissurée,renforcer mur,https://www.cap-btp.com/renforcer-un-mur,2026-07-04
www.cap-btp.com,Store extérieur baie vitrée : les meilleures solutions contre la chaleur,store extérieur baie,https://www.cap-btp.com/store-exterieur-baie-vitree,2026-07-04
www.cap-btp.com,Toiture bac acier : le prix m2 pose selon les différents matériaux,toiture bac acier,https://www.cap-btp.com/toiture-bac-acier-prix-m2-pose,2026-07-04
www.cap-btp.com,Verveine en pot entretien : les gestes simples pour une plante vigoureuse,verveine pot entretien,https://www.cap-btp.com/verveine-en-pot-entretien,2026-07-04
www.cap-btp.com,Vols et intrusions sur les chantiers BTP : comment protéger efficacement votre site,vols intrusions chantiers,https://www.cap-btp.com/vols-et-intrusions-sur-les-chantiers-btp-comment-proteger-efficacement-votre-site,2026-07-04
www.crisimmo.fr,"Calculateur de charge guidelec.com : calcul, coût et usage",calculateur charge guidelec,https://www.crisimmo.fr/calculateur-de-charge-guidelec-com,2026-07-04
www.crisimmo.fr,"Devis Lesavoirfairedeco décoration : prix, prestations et tout ce qu'il faut vérifier avant de signer",devis lesavoirfairedeco décoration,https://www.crisimmo.fr/devis-lesavoirfairedeco-decoration,2026-07-04
www.crisimmo.fr,Outil paris surebet lesétoilesduturf.com : calcul et cotes,paris surebet lesétoilesduturf,https://www.crisimmo.fr/outil-paris-surebet-lesetoilesduturf-com,2026-07-04
www.crisimmo.fr,Plus d'eau chaude du jour au lendemain : causes et solutions,chaude jour lendemain,https://www.crisimmo.fr/plus-d-eau-chaude-du-jour-au-lendemain,2026-07-04
www.crisimmo.fr,Que faire pour éviter les vols et intrusions pendant des chantiers immobiliers ?,chantiers immobiliers,https://www.crisimmo.fr/que-faire-pour-eviter-les-vols-et-intrusions-pendant-des-chantiers-immobiliers,2026-07-04
www.crisimmo.fr,Voile d'ombrage professionnelle : investir dans la durabilité et la qualité,voile ombrage professionnelle,https://www.crisimmo.fr/voile-dombrage-professionnelle-investir-dans-la-durabilite-et-la-qualite,2026-07-04
www.espacecastillon.fr,Engrais Palmier Extérieur : choix et Calendrier,engrais palmier extérieur,https://www.espacecastillon.fr/engrais-palmier-exterieur,2026-07-04
www.frci-idf.com,Acompte et avance sur salaire : les différences juridiques à connaître,acompte avance salaire,https://www.frci-idf.com/acompte-et-avance-sur-salaire,2026-07-04
www.frci-idf.com,Alternative à Airbnb : les 7 plateformes pour optimiser votre budget,alternative airbnb,https://www.frci-idf.com/alternative-to-airbnb,2026-07-04
www.frci-idf.com,Cadeaux d'usage montant : le seuil autorisé pour donner sans déclarer ?,cadeaux usage montant,https://www.frci-idf.com/cadeaux-dusage-montant,2026-07-04
www.frci-idf.com,Csp+ : le contrat spécifique est-il préférable à l'indemnisation classique ?,csp,https://www.frci-idf.com/csp,2026-07-04
www.frci-idf.com,Gratuité transport nouvel an : les horaires et les lignes de nuit,gratuité transport nouvel,https://www.frci-idf.com/gratuite-transport-nouvel-an,2026-07-04
www.frci-idf.com,Montant maxi pea : les plafonds de versement autorisés pour vos placements,montant maxi pea,https://www.frci-idf.com/montant-maxi-pea,2026-07-04
www.frci-idf.com,"Pennylane avis, faut-il choisir ce logiciel en 2026 ?",pennylane avis faut,https://www.frci-idf.com/pennylane-avis-faut-il-choisir-ce-logiciel-de-comptabilite-en-2026,2026-07-04
www.frci-idf.com,Produit financier définition : les types majeurs pour optimiser votre trésorerie,produit financier définition,https://www.frci-idf.com/produit-financier-definition,2026-07-04
www.frci-idf.com,Relevé de compte : la définition simple pour enfin comprendre ses finances ?,relevé compte,https://www.frci-idf.com/qu-est-ce-qu-un-releve-de-compte,2026-07-04
www.frci-idf.com,Récupérer une assurance vie : la méthode pour réduire les prélèvements fiscaux,récupérer assurance vie,https://www.frci-idf.com/recuperer-une-assurance-vie,2026-07-04
www.frci-idf.com,Salaire brut en net centenaire.org : La méthode pour estimer votre paie,brut net centenaire,https://www.frci-idf.com/salaire-brut-en-net-centenaire-org,2026-07-04
www.frci-idf.com,Smic net 2025 : les nouveaux chiffres pour votre budget mensuel,smic net 2025,https://www.frci-idf.com/smic-net-2025,2026-07-04
www.frci-idf.com,Winoui casino : le site est-il fiable pour les bonus et retraits ?,winoui casino,https://www.frci-idf.com/winoui-casino,2026-07-04
www.frci-idf.com,Xtb : les 5 avantages pour investir en bourse sans frais cachés,xtb,https://www.frci-idf.com/xtb,2026-07-04
www.gvu-immo.com,"Appartement à Aix-les-Bains (73100), 2 pièces, de 46m² à 263 000 €",aix bains 73100,https://www.gvu-immo.com/annonce/appartement-a-aix-les-bains-73100-2-pieces-12070,2026-07-04
www.gvu-immo.com,"Appartement à Aix-les-Bains (73100), 3 pièces, de 64m² à 530 000 €",aix bains 73100,https://www.gvu-immo.com/annonce/appartement-a-aix-les-bains-73100-3-pieces-12074,2026-07-04
www.gvu-immo.com,"Appartement à Aix-les-Bains (73100), 4 pièces, de 178m² à 1 195 000 €",aix bains 73100,https://www.gvu-immo.com/annonce/appartement-a-aix-les-bains-73100-4-pieces-12058,2026-07-04
www.gvu-immo.com,"Appartement à Annecy (74000), 4 pièces, de 88m² à 480 200 €",annecy 74000 pièces,https://www.gvu-immo.com/annonce/appartement-a-annecy-74000-4-pieces-12068,2026-07-04
www.gvu-immo.com,"Appartement à Annecy (74000), 4 pièces, de 88m² à 503 720 €",annecy 74000 pièces,https://www.gvu-immo.com/annonce/appartement-a-annecy-74000-4-pieces-12069,2026-07-04
www.gvu-immo.com,"Appartement à Annecy (74000), 5 pièces, de 111m² à 787 528 €",annecy 74000 pièces,https://www.gvu-immo.com/annonce/appartement-a-annecy-74000-5-pieces-12075,2026-07-04
www.gvu-immo.com,"Appartement à Chambéry (73000), 2 pièces, de 42m² à 117 500 €",appartement chambéry 73000,https://www.gvu-immo.com/annonce/appartement-a-chambery-73000-2-pieces-12063,2026-07-04
www.gvu-immo.com,"Appartement à Chambéry (73000), 4 pièces, de 76m² à 275 000 €",appartement chambéry 73000,https://www.gvu-immo.com/annonce/appartement-a-chambery-73000-4-pieces-12059,2026-07-04
www.gvu-immo.com,"Appartement à Chambéry (73000), 4 pièces, de 85m² à 264 500 €",appartement chambéry 73000,https://www.gvu-immo.com/annonce/appartement-a-chambery-73000-4-pieces-12062,2026-07-04
www.gvu-immo.com,"Appartement à La Ravoire (73490), 2 pièces, de 43m² à 209 000 €",ravoire 73490 pièces,https://www.gvu-immo.com/annonce/appartement-a-la-ravoire-73490-2-pieces-12061,2026-07-04
www.gvu-immo.com,"Ferme à Aix-les-Bains (73100), 8 pièces, de 177m² à 430 000 €",ferme aix bains,https://www.gvu-immo.com/annonce/ferme-a-aix-les-bains-73100-8-pieces-12060,2026-07-04
www.gvu-immo.com,"Maison à Cognin (73160), 7 pièces, de 124m² à 453 000 €",maison cognin 73160,https://www.gvu-immo.com/annonce/maison-a-cognin-73160-7-pieces-12076,2026-07-04
www.gvu-immo.com,"Maison à Montcel (73100), 8 pièces, de 171m² à 649 000 €",maison montcel 73100,https://www.gvu-immo.com/annonce/maison-a-montcel-73100-8-pieces-12073,2026-07-04
www.gvu-immo.com,"Maison à Voglans (73420), 6 pièces, de 136m² à 590 000 €",maison voglans 73420,https://www.gvu-immo.com/annonce/maison-a-voglans-73420-6-pieces-12065,2026-07-04
www.gvu-immo.com,"Maison de campagne à Jacob-Bellecombette (73000), 9 pièces, de 160m² à 525 000 €",bellecombette 73000 pièces,https://www.gvu-immo.com/annonce/maison-de-campagne-a-jacob-bellecombette-73000-9-pieces-12064,2026-07-04
www.gvu-immo.com,"Maison neuve à Évian-les-Bains (74500), 5 pièces, de 131m² à 668 600 €",maison neuve évian,https://www.gvu-immo.com/annonce/maison-neuve-a-evian-les-bains-74500-5-pieces-12066,2026-07-04
www.gvu-immo.com,"Maison neuve à Samoëns (74340), 5 pièces, de 125m² à 1 220 000 €",maison neuve samoëns,https://www.gvu-immo.com/annonce/maison-neuve-a-samoens-74340-5-pieces-12067,2026-07-04
www.gvu-immo.com,"Terrain à bâtir à Vimines (73160), pièces, de 904m² à 405 000 €",terrain bâtir vimines,https://www.gvu-immo.com/annonce/terrain-a-batir-a-vimines-73160-pieces-12071,2026-07-04
www.gvu-immo.com,"Terrain à Vimines (73160), pièces, de 904m² à 195 000 €",vimines 73160 pièces,https://www.gvu-immo.com/annonce/terrain-a-vimines-73160-pieces-12072,2026-07-04
www.gvu-immo.com,Ferme : immobilier Aix-les-Bains,ferme,https://www.gvu-immo.com/immobilier/ferme/aix-les-bains-73100,2026-07-04
www.gvu-immo.com,Terrain à bâtir : immobilier Vimines,terrain bâtir,https://www.gvu-immo.com/immobilier/terrain-a-batir/vimines-73160,2026-07-04
www.habitat-groupe.be,Joindre colocation/habitat groupé (BW) - Habitat Groupé Solidaire,joindre colocation habitat,https://www.habitat-groupe.be/petites-annonces/demandes-location/brabant-wallon/joindre-colocation-habitat-groupe-bw,2026-07-04
www.habitat-groupe.be,"Jolie Tiny house meublée, 6m de long - Habitat Groupé Solidaire",jolie tiny house,https://www.habitat-groupe.be/petites-annonces/demandes-vente/namur/jolie-tiny-house-meublee-6m-de-long,2026-07-04
www.habitat-groupe.be,CHAMBRES DISPONIBLES POUR MAMANS SOLOS AVEC UN ENFANT - Habitat Groupé Solidaire,mamans solos enfant,https://www.habitat-groupe.be/petites-annonces/offres-location/brabant-wallon/chambres-disponibles-pour-mamans-solos-avec-un-enfant,2026-07-04
www.habitat-groupe.be,Colocation pour2/4 ds maison unifamiliale Laeken - Habitat Groupé Solidaire,maison unifamiliale laeken,https://www.habitat-groupe.be/petites-annonces/offres-location/bruxelles/colocation-pour2-4-ds-maison-unifamiliale-laeken,2026-07-04
www.habitatparticipatif.net,Avenant bail location : la procédure pour l'ajout officiel du conjoint,avenant bail location,https://www.habitatparticipatif.net/avenant-bail-location-ajout-conjoint,2026-07-04
www.habitatparticipatif.net,Bébé pigeon : les 5 gestes pour sauver un pigeonneau en détresse,bébé pigeon,https://www.habitatparticipatif.net/bebe-pigeon,2026-07-04
www.habitatparticipatif.net,Centrakor : les 7 astuces pour décorer votre jardin à petit prix,centrakor,https://www.habitatparticipatif.net/centrakor,2026-07-04
www.habitatparticipatif.net,Choisir un notaire : les 5 réflexes pour sécuriser votre transaction immobilière,choisir notaire,https://www.habitatparticipatif.net/choisir-un-notaire,2026-07-04
www.habitatparticipatif.net,Combien peut on emprunter en couple : le calcul de son budget ?,peut on emprunter,https://www.habitatparticipatif.net/combien-peut-on-emprunter-en-couple,2026-07-04
www.habitatparticipatif.net,Emprunt en CDD : les solutions efficaces pour obtenir votre crédit immobilier,emprunt cdd,https://www.habitatparticipatif.net/emprunt-en-cdd,2026-07-04
www.habitatparticipatif.net,Estimation bien immobilier location : le simulateur gratuit pour fixer le loyer,estimation immobilier location,https://www.habitatparticipatif.net/estimation-bien-immobilier-location,2026-07-04
www.habitatparticipatif.net,Igname : les 5 astuces pour réussir la préparation de ce tubercule,igname,https://www.habitatparticipatif.net/igname,2026-07-04
www.habitatparticipatif.net,Prêt sur gage maison : la procédure pour obtenir des liquidités,prêt gage maison,https://www.habitatparticipatif.net/pret-sur-gage-maison,2026-07-04
www.habitatparticipatif.net,Remboursement par anticipation prêt immobilier : les clés pour une décision rentable,remboursement anticipation prêt,https://www.habitatparticipatif.net/remboursement-par-anticipation-pret-immobilier,2026-07-04
www.habitatparticipatif.net,Renégocier prêt immobilier simulation : la démarche est-elle rentable pour vous ?,prêt immobilier simulation,https://www.habitatparticipatif.net/renegocier-pret-immobilier-simulation,2026-07-04
www.hebertimmobilier.fr,Quartiers à éviter à Évry : liste des secteurs sensibles 2026,quartiers éviter évry,https://www.hebertimmobilier.fr/immobilier/quartiers-a-eviter-a-evry,2026-07-04
www.homedome.fr,Ce que Chip et Joanna Gaines 2026 ont changé dans la déco moderne en 2026 - Home Dome,que chip joanna,https://www.homedome.fr/ce-que-chip-et-joanna-gaines-2026-ont-change-dans-la-deco-moderne-en-2026,2026-07-04
www.homedome.fr,Et si la cuisine devenait enfin la pièce la plus pratique de la maison ? - Home Dome,cuisine devenait enfin,https://www.homedome.fr/et-si-la-cuisine-devenait-enfin-la-piece-la-plus-pratique-de-la-maison,2026-07-04
www.jardinot.org,Debarras ferraille : la solution efficace pour vider votre garage rapidement - jardinot,debarras ferraille,https://www.jardinot.org/debarras-ferraille,2026-07-04
www.jardinot.org,les utilisations méconnues de la ganivelle pour aménager ses espaces verts - jardinot,aménager ses espaces,https://www.jardinot.org/ganivelle-bois,2026-07-04
www.jardinot.org,Nettoyage débarras : les solutions professionnelles pour vider un logement rapidement - jardinot,nettoyage débarras,https://www.jardinot.org/nettoyage-debarras,2026-07-04
www.jardinot.org,Les chaussures imperméables qui facilitent vraiment les activités en extérieur - jardinot,chaussures imperméables qui,https://www.jardinot.org/sabot-de-jardin,2026-07-04
www.jardinot.org,Vider et ranger sa maison à Orléans : quand le garde-meuble devient la solution pratique - jardinot,sa maison orléans,https://www.jardinot.org/vider-et-ranger-sa-maison-a-orleans-quand-le-garde-meuble-devient-la-solution-pratique,2026-07-04
www.jardipedia.com,Albizia perd ses feuilles en été : les solutions pour le sauver,albizia perd ses,https://www.jardipedia.com/albizia-perd-ses-feuilles-en-ete,2026-07-04
www.jardipedia.com,Arbre caoutchouc extérieur : la plante peut-elle vraiment survivre au gel hivernal ?,arbre caoutchouc extérieur,https://www.jardipedia.com/arbre-caoutchouc-exterieur,2026-07-04
www.jardipedia.com,Comment reconnaître un nid de frelons asiatiques : les réflexes de sécurité ?,nid frelons asiatiques,https://www.jardipedia.com/comment-reconnaitre-un-nid-de-frelons-asiatiques,2026-07-04
www.jardipedia.com,Entretien anthurium rose : les gestes essentiels pour une floraison durable,entretien anthurium rose,https://www.jardipedia.com/entretien-anthurium-rose,2026-07-04
www.jardipedia.com,Kalanchoé extérieur ou intérieur : le choix idéal selon la saison,kalanchoé extérieur intérieur,https://www.jardipedia.com/kalanchoe-exterieur-ou-interieur,2026-07-04
www.jardipedia.com,La gravure sur ardoise pour décorer son jardin,gravure ardoise décorer,https://www.jardipedia.com/la-gravure-sur-ardoise-pour-decorer-son-jardin,2026-07-04
www.jardipedia.com,Nettoyer une paroi de douche : les méthodes les plus efficaces pour éliminer le calcaire rapidement,nettoyer paroi douche,https://www.jardipedia.com/nettoyer-paroi-de-douche,2026-07-04
www.jardipedia.com,Nos conseils pour aménager un bassin de jardin authentique et apaisant,bassin jardin authentique,https://www.jardipedia.com/nos-conseils-pour-amenager-un-bassin-de-jardin-authentique-et-apaisant,2026-07-04
www.jardipedia.com,Oïdium rosiers traitement : les 5 astuces naturelles pour éliminer le blanc,oïdium rosiers traitement,https://www.jardipedia.com/oidium-rosiers-traitement,2026-07-04
www.jardipedia.com,Plante aérienne tillandsia : les secrets pour réussir l'entretien sans terre,plante aérienne tillandsia,https://www.jardipedia.com/plante-aerienne-tillandsia-2,2026-07-04
www.koliving.fr,Assurance habitation : pourquoi votre prime flambe encore en 2026 (et comment la limiter),assurance habitation,https://www.koliving.fr/assurance-habitation-hausse-prix-2026,2026-07-04
www.koliving.fr,Copropriété : ces nouvelles obligations 2026 que tout copropriétaire doit connaître,copropriété,https://www.koliving.fr/copropriete-nouvelles-obligations-2026,2026-07-04
www.koliving.fr,Achat immobilier : la fraude au faux RIB qui vide votre compte au moment de signer,achat immobilier,https://www.koliving.fr/fraude-faux-rib-virement-notaire-achat-immobilier,2026-07-04
www.la-loipinel.fr,,,https://www.la-loipinel.fr/quartier-chaud-morlaix,2026-07-04
www.lamaisondechloe.fr,"Optimiser une buanderie de 1,4 m sans sacrifier le style",optimiser buanderie sans,https://www.lamaisondechloe.fr/optimiser-une-buanderie-de-14-m-sans-sacrifier-le-style,2026-07-04
www.lebarbuedanvers.fr,Progrès dans la transformation numérique - Lebarbuedanvers,progrès transformation numérique,https://www.lebarbuedanvers.fr/progres-dans-la-transformation-numerique,2026-07-04
www.leemo.fr,Filet de camouflage pour terrasse : conseils et critères de choix,filet camouflage terrasse,https://www.leemo.fr/choisir-un-filet-de-camouflage-pour-sa-terrasse,2026-07-04
www.leemo.fr,Karim Zéribi : décryptage de sa fortune et revenus,karim zéribi,https://www.leemo.fr/karim-zeribi-fortune,2026-07-04
www.ma-propriete.fr,Propriété de 3 hectares d'un seul tenant | MA-PROPRIETE.FR,hectares seul tenant,https://www.ma-propriete.fr/fr/equestre/proprietes-equestres/gironde/propriete-de-3-hectares-dun-seul-tenant,2026-07-04
www.ma-propriete.fr,Simulateur chambres d'hôtes 2026 : rentabilité et fiscalité,simulateur chambres hôtes,https://www.ma-propriete.fr/fr/pages/simulateur-chambres-dhotes,2026-07-04
www.ma-propriete.fr,Propriete à vendre 11 pièces LANGEAIS (37) | MA-PROPRIETE.FR,pièces langeais 37,https://www.ma-propriete.fr/fr/prestige/manoirs/indre-et-loire/propriete-a-vendre-11-pieces-langeais-37,2026-07-04
www.ma-propriete.fr,Grange à rénover - ALLINGES (74200) | MA-PROPRIETE.FR,grange rénover,https://www.ma-propriete.fr/fr/rurale/ferme-grange-mas/haute-savoie/grange-a-renover-allinges-74200-1,2026-07-04
www.ma-propriete.fr,"PLAISANCE du GERS proche(32): ANCIENNE PROPRIETE BOURGEOISE avec dépendances, bois, mare..sur 2 hectares,CALME, sans vis à vis, sans voisin, proche, famille ou projet d accueil ambitieux possible | MA-PROPRIETE.FR",plaisance gers proche,https://www.ma-propriete.fr/fr/rurale/maison-de-campagne/gers/plaisance-du-gers-proche-32-ancienne-propriete-bourgeoise-avec-dependances-bois-mare-sur-2-hectares-calme-sans-vis-a-vis-sans-voisin-proche-famille-ou-projet-d-accueil-ambitieux-possible,2026-07-04
www.ma-propriete.fr,"MAGNIFIQUE DOMAINE à vendre 39 pièces AUCH (32) sur 4,5 hectares | MA-PROPRIETE.FR",auch 32 hectares,https://www.ma-propriete.fr/fr/touristique/gites/gers/magnifique-domaine-a-vendre-39-pieces-auch-32-sur-4-5-hectares,2026-07-04
www.ma-propriete.fr,DOMAINE DE CARACTÈRE ET ACTIVITÉ TOURISTIQUE AU COEUR DU HAUT-QUERCY | MA-PROPRIETE.FR,activité touristique coeur,https://www.ma-propriete.fr/fr/touristique/gites/lot/domaine-de-caractere-et-activite-touristique-au-coeur-du-haut-quercy-1,2026-07-04
www.maison-poincare.fr,Immobilier - Maison Poincaré,immobilier,https://www.maison-poincare.fr/./immobilier,2026-07-04
www.maison-poincare.fr,Débitmètre plancher chauffant ne bouge pas : résous le problème,débitmètre plancher chauffant,https://www.maison-poincare.fr/travaux/debitmetre-plancher-chauffant-ne-bouge-pas,2026-07-04
www.maisonreflet.fr,"H2O at Home : avis négatif, comprendre les critiques",h2o at home,https://www.maisonreflet.fr/h2o-at-home-avis-negatif-comprendre-les-critiques,2026-07-04
www.master-patrimoine.fr,Alternatives à LegalPlace : le comparatif 2026,alternatives legalplace,https://www.master-patrimoine.fr/legalplace-alternatives,2026-07-04
www.mes-bons-plans.fr,Code promo Glampings : -40% - Juillet 2026 | Mes Bons Plans,code promo glampings,https://mes-bons-plans.fr/glampings,2026-07-04
www.mes-bons-plans.fr,Mes Bons Plans - Optimisez votre budget en ligne,mes bons plans,https://mes-bons-plans.fr/lemag/booking-vs-hotels-vs-trivago,2026-07-04
www.mes-bons-plans.fr,Code promo Sanferbike : -40% - Juillet 2026 | Mes Bons Plans,code promo sanferbike,https://mes-bons-plans.fr/sanferbike,2026-07-04
www.metiersdart-artisanat.com,Comment nettoyer semelle blanche : la méthode simple pour des baskets comme neuves,nettoyer semelle blanche,https://www.metiersdart-artisanat.com/comment-nettoyer-semelle-blanche,2026-07-04
www.metiersdart-artisanat.com,Cuisine moderne : comment intégrer des meubles en bois sans perdre en fonctionnalité,cuisine moderne,https://www.metiersdart-artisanat.com/cuisine-bois-moderne,2026-07-04
www.metiersdart-artisanat.com,Déco salon carrelage blanc : les 10 astuces pour réchauffer la pièce,salon carrelage blanc,https://www.metiersdart-artisanat.com/deco-salon-carrelage-blanc,2026-07-04
www.metiersdart-artisanat.com,Détection de fuite piscine : les méthodes simples pour trouver l’origine,détection fuite piscine,https://www.metiersdart-artisanat.com/detection-de-fuite-piscine,2026-07-04
www.metiersdart-artisanat.com,Enlever le vert sur terrasse bois : les solutions naturelles et efficaces,vert terrasse bois,https://www.metiersdart-artisanat.com/enlever-vert-sur-terrasse-bois,2026-07-04
www.metiersdart-artisanat.com,Gyrobroyeur ou tondobroyeur : lequel choisir pour son terrain ?,gyrobroyeur tondobroyeur,https://www.metiersdart-artisanat.com/gyrobroyeur-ou-tondobroyeur-lequel-choisir-pour-son-terrain,2026-07-04
www.metiersdart-artisanat.com,La chape : un savoir-faire artisanal au cœur de chaque construction,chape,https://www.metiersdart-artisanat.com/la-chape-un-savoir-faire-artisanal-au-coeur-de-chaque-construction,2026-07-04
www.metiersdart-artisanat.com,Matelas latex : pourquoi il offre un confort et un soutien unique,matelas latex,https://www.metiersdart-artisanat.com/matelas-latex,2026-07-04
www.metiersdart-artisanat.com,Prix demoussage toiture ardoise : le tarif au m2 pour éviter les pièges,prix demoussage toiture,https://www.metiersdart-artisanat.com/prix-demoussage-toiture-ardoise,2026-07-04
www.metiersdart-artisanat.com,Réparer les fondations d'un bâtiment sans arrêter votre activité,arrêter votre activité,https://www.metiersdart-artisanat.com/reparer-les-fondations-dun-batiment-sans-arreter-votre-activite,2026-07-04
www.metiersdart-artisanat.com,Se protéger face à une agression de rue : les bons comportements pour rester en sécurité,agression rue,https://www.metiersdart-artisanat.com/se-proteger-agression-rue,2026-07-04
www.metiersdart-artisanat.com,Types de charpente : la traditionnelle ou la fermette pour votre maison ?,types charpente,https://www.metiersdart-artisanat.com/types-de-charpente,2026-07-04
www.metiersdart-artisanat.com,Vidange de fosse septique à Mons : l’entretien essentiel pour une maison saine et durable,fosse septique mons,https://www.metiersdart-artisanat.com/vidange-de-fosse-septique-a-mons-lentretien-essentiel-pour-une-maison-saine-et-durable,2026-07-04
www.patricia4realestate.com,Acte de substitution : la solution légale pour acheter votre bien en SCI - Patricia,acte substitution,https://www.patricia4realestate.com/acte-de-substitution,2026-07-04
www.patricia4realestate.com,Asticot : les solutions efficaces pour éliminer les larves du logement - Patricia,asticot,https://www.patricia4realestate.com/asticot,2026-07-04
www.patricia4realestate.com,Augmentez la valeur de votre bien immobilier grâce aux travaux énergétiques - Patricia,votre immobilier grâce,https://www.patricia4realestate.com/augmentez-la-valeur-de-votre-bien-immobilier-grace-aux-travaux-energetiques,2026-07-04
www.patricia4realestate.com,Batiactu : l'actualité des normes environnementales pour réussir vos futurs projets - Patricia,batiactu,https://www.patricia4realestate.com/bati-actu-fr,2026-07-04
www.patricia4realestate.com,Restitution de caution : le propriétaire a combien de temps pour rembourser ? - Patricia,restitution caution,https://www.patricia4realestate.com/combien-de-temps-le-proprietaire-a-pour-rendre-la-caution,2026-07-04
www.patricia4realestate.com,Comment déclarer un parking aux impôts : le choix du régime optimal ? - Patricia,déclarer parking impôts,https://www.patricia4realestate.com/comment-declarer-un-parking-aux-impots,2026-07-04
www.patricia4realestate.com,Comment vendre un bien immobilier sans agence : le plan en six étapes ? - Patricia,immobilier sans agence,https://www.patricia4realestate.com/comment-vendre-un-bien-immobilier-sans-agence,2026-07-04
www.patricia4realestate.com,Délai entre 2 demande de fsl : les règles pour une nouvelle aide ? - Patricia,entre demande fsl,https://www.patricia4realestate.com/delai-entre-2-demande-de-fsl,2026-07-04
www.patricia4realestate.com,Difference 2044 et 2044 speciale : la solution pour votre déclaration foncière - Patricia,difference 2044,https://www.patricia4realestate.com/difference-2044-et-2044-speciale,2026-07-04
www.patricia4realestate.com,Epershand magazine : le média bordelais réussit-il sa transition vers le numérique ? - Patricia,epershand magazine,https://www.patricia4realestate.com/epershand-magazine,2026-07-04
www.patricia4realestate.com,Magasins Gifi fermeture : la liste des points de vente impactés - Patricia,magasins gifi fermeture,https://www.patricia4realestate.com/magasins-gifi-fermeture,2026-07-04
www.patricia4realestate.com,Modèle lettre clôture pel : la solution efficace pour récupérer votre capital - Patricia,modèle lettre clôture,https://www.patricia4realestate.com/modele-lettre-cloture-pel,2026-07-04
www.patricia4realestate.com,Immobilier : les 10 villes les moins chères de France en 2025 - Patricia,immobilier,https://www.patricia4realestate.com/ou-limmobilier-est-le-moins-cher-en-france-2,2026-07-04
www.patricia4realestate.com,Projet immobilier avec travaux : le rôle clé du diagnostic structurel avant l'achat - Patricia,projet immobilier travaux,https://www.patricia4realestate.com/projet-immobilier-avec-travaux-le-role-cle-du-diagnostic-structurel-avant-lachat,2026-07-04
www.patricia4realestate.com,Quel crédit immobilier avec 2000 euros par mois : la capacité d'emprunt ? - Patricia,quel crédit immobilier,https://www.patricia4realestate.com/quel-credit-immobilier-avec-2000-euros-par-mois,2026-07-04
www.revue-fonciere.com,Avantages de l'isolation extérieure pour votre maison - Revue Foncière,isolation extérieure votre,https://www.revue-fonciere.com/avantages-de-lisolation-exterieure-pour-votre-maison,2026-07-04
www.systemes-ceramiques.org,Carrelage imitation carreaux de ciment : l'alternative pratique et esthétique pour rénover son intérieur,imitation carreaux ciment,https://www.systemes-ceramiques.org/carrelage-imitation-carreaux-de-ciment,2026-07-04
www.systemes-ceramiques.org,Comment aménager un talus : la méthode simple pour stabiliser le terrain ?,aménager talus,https://www.systemes-ceramiques.org/comment-amenager-un-talus,2026-07-04
www.systemes-ceramiques.org,Comment choisir une installation de panneaux solaires adaptée à sa consommation ?,panneaux solaires adaptée,https://www.systemes-ceramiques.org/comment-choisir-une-installation-de-panneaux-solaires-adaptee-a-sa-consommation,2026-07-04
www.systemes-ceramiques.org,Comment refaire salle de bain : les étapes pour une rénovation réussie ?,refaire salle bain,https://www.systemes-ceramiques.org/comment-refaire-salle-de-bain,2026-07-04
www.systemes-ceramiques.org,Cuisine en palette extérieur : les 5 étapes pour réussir son aménagement,cuisine palette extérieur,https://www.systemes-ceramiques.org/cuisine-en-palette-exterieur,2026-07-04
www.systemes-ceramiques.org,Débarras gratuit maison : la règle de valorisation pour une prestation offerte,débarras gratuit maison,https://www.systemes-ceramiques.org/debarras-gratuit-maison,2026-07-04
www.systemes-ceramiques.org,Isolation phonique cloison chambre : les 5 meilleures solutions contre le bruit,isolation phonique cloison,https://www.systemes-ceramiques.org/isolation-phonique-cloison-chambre,2026-07-04
www.systemes-ceramiques.org,Ouverture d un mur porteur en pierre : la méthode de renforcement structurel,mur porteur pierre,https://www.systemes-ceramiques.org/ouverture-d-un-mur-porteur-en-pierre,2026-07-04
www.systemes-ceramiques.org,Salle de bains art deco : les clés pour une ambiance retro chic,salle bains art,https://www.systemes-ceramiques.org/salle-de-bains-art-deco,2026-07-04
www.systemes-ceramiques.org,Terrasse en grès cérame: le matériau qui change tout en extérieur,terrasse grès cérame,https://www.systemes-ceramiques.org/terrasse-en-gres-cerame-le-materiau-qui-change-tout-en-exterieur,2026-07-04
www.systemes-ceramiques.org,Toile de remplacement store banne : la technique pour une pose parfaite,remplacement store banne,https://www.systemes-ceramiques.org/toile-de-remplacement-store-banne,2026-07-04
www.systemes-ceramiques.org,Toiture bac acier isolé : les critères essentiels pour choisir l'épaisseur idéale,bac acier isolé,https://www.systemes-ceramiques.org/toiture-bac-acier-isole,2026-07-04
www.systemes-ceramiques.org,Travaux de copropriété : ce que vous pouvez faire ou non,travaux copropriété,https://www.systemes-ceramiques.org/travaux-de-copropriete,2026-07-04
www.tropheesdelamaison.com,Déco Salon noir et blanc : idées pour intégrer des touches de couleur - Les Trophées de la Maison,déco salon noir,https://www.tropheesdelamaison.com/deco-salon-noir-et-blanc-idees-pour-integrer-des-touches-de-couleur,2026-07-04
www.usineadesign.com,Alarme maison : les indispensables d'une protection fiable,alarme maison,https://www.usineadesign.com/alarme-maison,2026-07-04
www.usineadesign.com,Assurance emprunteur : ce que vos garanties couvrent vraiment,assurance emprunteur,https://www.usineadesign.com/assurance-emprunteur-ce-que-vos-garanties-couvrent-vraiment,2026-07-04
www.usineadesign.com,Astuce peindre plafond : la méthode efficace pour un résultat sans traces,astuce peindre plafond,https://www.usineadesign.com/astuce-peindre-plafond,2026-07-04
www.usineadesign.com,Climatisation réversible et sur mesure : la solution idéale pour les ...,climatisation réversible mesure,https://www.usineadesign.com/climatisation-reversible-et-sur-mesure-la-solution-ideale-pour-les-habitations-et-petites-entreprises-suisses,2026-07-04
www.usineadesign.com,Comment augmenter son isolation sonore : les solutions pour un intérieur calme,son isolation sonore,https://www.usineadesign.com/comment-augmenter-son-isolation-sonore,2026-07-04
www.usineadesign.com,Dalle béton qui part en poussière : les solutions pour stopper l'effritement,qui part poussière,https://www.usineadesign.com/dalle-beton-qui-part-en-poussiere,2026-07-04
www.usineadesign.com,Design intérieur et structure : ce que votre architecte d'intérieur ne peut pas vous dire sans un diagnostic structurel,design intérieur structure,https://www.usineadesign.com/design-interieur-et-structure-ce-que-votre-architecte-dinterieur-ne-peut-pas-vous-dire-sans-un-diagnostic-structurel,2026-07-04
www.usineadesign.com,Idées décoration pergola : 15 inspirations pour un extérieur élégant,idées décoration pergola,https://www.usineadesign.com/idees-decoration-pergola-15-inspirations-pour-un-exterieur-elegant,2026-07-04
www.usineadesign.com,Maison toit en zinc : les avantages et les inconvénients pour votre projet,maison toit zinc,https://www.usineadesign.com/maison-toit-en-zinc,2026-07-04
www.usineadesign.com,Mur salle de bain humide : les solutions pour traiter efficacement l'humidité,salle bain humide,https://www.usineadesign.com/mur-salle-de-bain-humide,2026-07-04
www.usineadesign.com,Nettoyage carrelage en profondeur : les 7 astuces pour un décrassage total,nettoyage carrelage profondeur,https://www.usineadesign.com/nettoyage-carrelage-en-profondeur,2026-07-04
www.usineadesign.com,Petit ver noir salle de bain : les solutions pour s'en débarrasser ?,ver noir salle,https://www.usineadesign.com/petit-ver-noir-salle-de-bain,2026-07-04
www.usineadesign.com,Serrure à crochet pour portail coulissant : les critères pour bien choisir,serrure crochet portail,https://www.usineadesign.com/serrure-a-crochet-pour-portail-coulissant,2026-07-04
www.usineadesign.com,Temps de séchage dalle béton 15 cm : les délais à respecter ?,temps séchage dalle,https://www.usineadesign.com/temps-de-sechage-dalle-beton-15-cm,2026-07-04
www.usineadesign.com,Tondeuse Automatique vs Tondeuse Classique : Quelles Différences ?,automatique tondeuse classique,https://www.usineadesign.com/tondeuse-automatique-vs-tondeuse-classique-quelles-differences,2026-07-04
www.valeurscorporate.fr,▷ Indice FFB : quel impact sur votre assurance habitation ?,indice ffb,https://www.valeurscorporate.fr/comprendre-indice-ffb,2026-07-04
www.valeurscorporate.fr,▷ Directive de modification en construction : gérer le chantier,directive modification construction,https://www.valeurscorporate.fr/directive-modification-ccd,2026-07-04
www.visiter-bordeaux.eu,Le Navire de La Fayette : Retour Symbolique à Bordeaux pour les 250 Ans d'Indépendance,navire fayette,https://www.visiter-bordeaux.eu/navire-la-fayette-bordeaux,2026-07-04
www.vudailleurs.com,Confrérie du Tastevin : traditions et prestige bourguignon,confrérie tastevin,https://www.vudailleurs.com/confrerie-chevaliers-tastevin-bourgogne-histoire,2026-07-04
www.vudailleurs.com,Irlande 2026 : une neutralité sous pression européenne,irlande 2026,https://www.vudailleurs.com/irlande-neutralite-choix-europe-2026,2026-07-04
www.vudailleurs.com,Lituanie : le numérique propulse la croissance en 2026,lituanie,https://www.vudailleurs.com/lituanie-numerique-moteur-croissance-2026,2026-07-04
www.vudailleurs.com,Mozambique : croissance faible malgré l’essor du GNL en 2026,mozambique,https://www.vudailleurs.com/mozambique-croissance-faible-gnl-2026,2026-07-04
www.vudailleurs.com,Rheinmetall livre sept hôpitaux de campagne au Maroc,hôpitaux campagne maroc,https://www.vudailleurs.com/rheinmetall-maroc-hopitaux-campagne-2026,2026-07-04
