domain,title,keyword_keybert,url,detected_on
100pour100equitable.com,"Un vrai kilt écossais ne se choisit pas à la taille, mais au yard : tout comprendre pour porter ce symbole avec élégance",choisit pas taille,https://100pour100equitable.com/un-vrai-kilt-ecossais-ne-se-choisit-pas-a-la-taille-mais-au-yard-tout-comprendre-pour-porter-ce-symbole-avec-elegance,2026-07-22
100pour100equitable.com,Vivre la maternité sans stress grâce au sac à langer parfaitement équipé,maternité sans stress,https://100pour100equitable.com/vivre-la-maternite-sans-stress-grace-au-sac-a-langer-parfaitement-equipe,2026-07-22
123-deco.fr,Aménager une salle de bain sécurisée pour les seniors - 132-deco.fr,salle bain sécurisée,https://123-deco.fr/amenagement-salle-bain-seniors,2026-07-22
123-deco.fr,Aménagez une terrasse couverte moderne et accueillante - 132-deco.fr,terrasse couverte moderne,https://123-deco.fr/amenagement-terrasse-couverte-moderne,2026-07-22
123-deco.fr,10 designs de salles de bains en microciment qui attirent l'œil - 132-deco.fr,designs salles bains,https://123-deco.fr/designs-salle-de-bain-microciment,2026-07-22
123-deco.fr,20 idées de douches extérieures pour embellir votre jardin - 132-deco.fr,embellir votre jardin,https://123-deco.fr/douches-exterieures-jardin,2026-07-22
123-deco.fr,20 modèles de douches solaires pour votre jardin - 132-deco.fr,douches solaires votre,https://123-deco.fr/douches-solaires-jardin-modeles-elegants,2026-07-22
123-deco.fr,Aménager son jardin : 10 idées pratiques et inspirantes - 132-deco.fr,aménager son jardin,https://123-deco.fr/idees-amenagement-jardin,2026-07-22
123-deco.fr,60 idées pour décorer votre salle de bain avec style - 132-deco.fr,décorer votre salle,https://123-deco.fr/idees-deco-salle-de-bain,2026-07-22
123-deco.fr,10 idées de décoration de table pour l'automne - 132-deco.fr,décoration table automne,https://123-deco.fr/idees-decoration-table-automne,2026-07-22
123-deco.fr,21 idées de salles de bains japonaises qui étonnent - 132-deco.fr,salles bains japonaises,https://123-deco.fr/idees-salles-bain-japonaises,2026-07-22
123-deco.fr,Découvrez Luxor : box de douche élégante et pratique - 132-deco.fr,découvrez luxor,https://123-deco.fr/luxor-box-douche-elegante-pratique,2026-07-22
abrirama.fr,"Laurier rose : racines profondes, sécurité et plantation - Abrirama",laurier rose,https://www.abrirama.fr/laurier-rose-racines-profondes-securite-plantation.html,2026-07-22
abrirama.fr,Mise en relation bailleur-locataire : pourquoi choisir la solution Miramo ? - Abrirama,relation bailleur locataire,https://www.abrirama.fr/mise-en-relation-bailleur-locataire-pourquoi-choisir-la-solution-miramo.html,2026-07-22
agencehenry.com,LOC'annonces Logement Social : Comment Candidater à Paris ?,annonces logement social,https://www.agencehenry.com/locannonces-logement-social-paris.html,2026-07-22
agencehenry.com,"Plage de Maora à Bonifacio : Accès, Avis et Services",plage maora bonifacio,https://www.agencehenry.com/plage-maora-bonifacio.html,2026-07-22
allianz-entrepros.fr,Goodies Octobre Rose : quels cadeaux pour votre entreprise ? - Allianz Entre Pros,goodies octobre rose,https://allianz-entrepros.fr/goodies-octobre-rose,2026-07-22
appart-garden.com,🖌️ Astuces Faciles pour Enlever la Peinture sur Émail ✨,enlever peinture émail,https://appart-garden.com/enlever-peinture-email,2026-07-22
appart-garden.com,🌊 Comment mesurer l'aquaterra de votre piscine facilement ? 📏,aquaterra votre piscine,https://appart-garden.com/mesurer-aquaterre-piscine,2026-07-22
ardentes-berry-immobilier.fr,Quartiers de Londres à éviter en 2026 | Guide et avis,quartiers londres éviter,https://ardentes-berry-immobilier.fr/immobilier/quartiers-de-londres-a-eviter,2026-07-22
art-pluriel.fr,Choisir la couleur parfaite pour un couloir lumineux et accueillant,couleur parfaite couloir,https://art-pluriel.fr/couleur-couloir-lumineux,2026-07-22
artisan-conseils.fr,Idées de décoration vintage pour un automne chaleureux - Artisan-conseils.fr,automne chaleureux,https://artisan-conseils.fr/idees-deco-automne-vintage,2026-07-22
artisan-conseils.fr,Idées douces pour une décoration de salle de bain automnale - Artisan-conseils.fr,décoration salle bain,https://artisan-conseils.fr/idees-decoration-salle-bain-automne,2026-07-22
artisan-conseils.fr,Maison moderne aux grandes fenêtres en verre et détails en bois - Artisan-conseils.fr,maison moderne grandes,https://artisan-conseils.fr/maison-moderne-fenetre-verre-bois,2026-07-22
artisan-conseils.fr,22 piscines naturelles à découvrir pour votre extérieur - Artisan-conseils.fr,naturelles découvrir votre,https://artisan-conseils.fr/piscines-naturelles-exterieur,2026-07-22
audricdecock.fr,Déco bord de mer : créer une ambiance maison de plage,déco bord mer,https://audricdecock.fr/deco-bord-de-mer-ambiance-maison-de-plage,2026-07-22
audricdecock.fr,Éliminer les moustiques dans la maison : guide complet,éliminer moustiques maison,https://audricdecock.fr/eliminer-moustiques-maison-solutions-naturelles,2026-07-22
audricdecock.fr,Installer un store banne soi-même : pose et fixation,installer store banne,https://audricdecock.fr/installer-store-banne-soi-meme-pose-fixation,2026-07-22
audricdecock.fr,Votre logement déborde ? Le box de stockage change tout,logement déborde box,https://audricdecock.fr/votre-logement-deborde-le-box-de-stockage-change-tout,2026-07-22
batiment-actualites.fr,14 abris de jardin pour tous les jardiniers - batiment-actualites.fr,14 abris jardin,https://batiment-actualites.fr/abris-jardin-jardiniers-enchantants,2026-07-22
batiment-actualites.fr,Découvrez ce chalet moderne à Bolton-Est - batiment-actualites.fr,chalet moderne bolton,https://batiment-actualites.fr/chalet-moderne-bolton-est,2026-07-22
batiment-actualites.fr,Découvrez les concepts de maisons containers qui inspirent - batiment-actualites.fr,concepts maisons containers,https://batiment-actualites.fr/maisons-containers-inspirantes,2026-07-22
batiment-actualites.fr,Inspirez-vous avec ces +80 idées de maisons en L pour 2026 - batiment-actualites.fr,idées maisons 2026,https://batiment-actualites.fr/maisons-en-l-inspirations-2026,2026-07-22
batiment-actualites.fr,10 maisons minuscules modernes qui vous inspireront - batiment-actualites.fr,maisons minuscules modernes,https://batiment-actualites.fr/maisons-minuscules-modernes-inspiration,2026-07-22
batiment-actualites.fr,23 tentes pour profiter de l'été en plein air - batiment-actualites.fr,23 tentes profiter,https://batiment-actualites.fr/tentes-ete-plein-air,2026-07-22
cabinet-i-immobilier.fr,"Vendre, acheter, rénover : comment libérer de l’espace au bon moment ? - I-Immobilier",vendre acheter rénover,https://cabinet-i-immobilier.fr/vendre-acheter-renover,2026-07-22
ccae.fr,Exploration et Innovations des Techniques de Placage Bois : Tendances et Futur 🌿,techniques placage bois,https://ccae.fr/exploration-et-innovations-des-techniques-de-placage-bois,2026-07-22
ccae.fr,Peut On Mettre 2 Abris De Jardin De 5m2 Sans Déclaration ? 🏡,jardin 5m2 sans,https://ccae.fr/peut-on-mettre-2-abris-de-jardin-de-5m2,2026-07-22
ccae.fr,Nez de marche : sécuriser les escaliers en entreprise,nez marche,https://ccae.fr/pourquoi-securiser-un-escalier-est-loin-detre-un-detail,2026-07-22
ccae.fr,"Vers blancs dans la maison : Causes, Dangers et Solutions Efficaces 🐛",vers blancs maison,https://ccae.fr/vers-blancs-dans-la-maison,2026-07-22
cerclemediateursbancaires.fr,Alerte rouge pour 14 millions de retraités Agirc-Arrco : l'annonce explosive qui va bouleverser votre pension en novembre - CMB,retraités agirc arrco,https://cerclemediateursbancaires.fr/alerte-rouge-pour-14-millions-de-retraites-agirc-arrco-lannonce-explosive-qui-va-bouleverser-votre-pension-en-novembre,2026-07-22
cerclemediateursbancaires.fr,"C'est terminé pour l'âge d'or du LEP : sévèrement bloqué à 2,5 %, il se fait littéralement foudroyer par cette hausse insolente de 0,2 point lâchée en douce sur le Livret A - CMB",est terminé âge,https://cerclemediateursbancaires.fr/cest-termine-pour-lage-dor-du-lep-severement-bloque-a-25-il-se-fait-litteralement-foudroyer-par-cette-hausse-insolente-de-02-point-lachee-en-douce-sur-le-livret-a,2026-07-22
cerclemediateursbancaires.fr,Cumul emploi-retraite : les règles vont évoluer à partir du 1er janvier 2027 - CMB,cumul emploi retraite,https://cerclemediateursbancaires.fr/cumul-emploi-retraite-les-regles-vont-evoluer-a-partir-du-1er-janvier-2027,2026-07-22
cerclemediateursbancaires.fr,Dégâts liés à l'humidité : l'élément insoupçonné qui fait brutalement basculer la facture des travaux (et l'arme absolue pour esquiver la note) - CMB,dégâts liés humidité,https://cerclemediateursbancaires.fr/degats-lies-a-lhumidite-lelement-insoupconne-qui-fait-brutalement-basculer-la-facture-des-travaux-et-larme-absolue-pour-esquiver-la-note,2026-07-22
cerclemediateursbancaires.fr,Fini les ciseaux dès qu'une carte bancaire expire : voici le geste que les banques attendent désormais de vous (et presque personne ne le fait) - CMB,qu carte bancaire,https://cerclemediateursbancaires.fr/fini-les-ciseaux-des-quune-carte-bancaire-expire-voici-le-geste-que-les-banques-attendent-desormais-de-vous-et-presque-personne-ne-le-fait,2026-07-22
cerclemediateursbancaires.fr,J'ai hérité de ma mère avec ma sœur : personne ne nous avait prévenues de ce qui allait diviser la famille au moment de payer les frais - CMB,mère ma sœur,https://cerclemediateursbancaires.fr/jai-herite-de-ma-mere-avec-ma-soeur-personne-ne-nous-avait-prevenues-de-ce-qui-allait-diviser-la-famille-au-moment-de-payer-les-frais,2026-07-22
cerclemediateursbancaires.fr,"Je faisais la queue au distributeur avec ma carte comme tout le monde : le jour où mon banquier m'a montré comment il retirait ses billets, j'ai changé mes habitudes - CMB",distributeur ma carte,https://cerclemediateursbancaires.fr/je-faisais-la-queue-au-distributeur-avec-ma-carte-comme-tout-le-monde-le-jour-ou-mon-banquier-ma-montre-comment-il-retirait-ses-billets-jai-change-mes-habitudes,2026-07-22
cerclemediateursbancaires.fr,"« Je pensais toucher ma pension comme d'habitude » : au téléphone, ma caisse m'a expliqué pourquoi le mois d'août ne suivait pas la règle - CMB",pension comme habitude,https://cerclemediateursbancaires.fr/je-pensais-toucher-ma-pension-comme-dhabitude-au-telephone-ma-caisse-ma-explique-pourquoi-le-mois-daout-ne-suivait-pas-la-regle,2026-07-22
cerclemediateursbancaires.fr,"« Je travaillais quelques heures en plus de ma retraite » : au guichet, on m'a expliqué la nouvelle règle qui allait tout bouleverser en 2027 - CMB",travaillais quelques heures,https://cerclemediateursbancaires.fr/je-travaillais-quelques-heures-en-plus-de-ma-retraite-au-guichet-on-ma-explique-la-nouvelle-regle-qui-allait-tout-bouleverser-en-2027,2026-07-22
cerclemediateursbancaires.fr,« Ma pension tombait chaque mois sans que je me pose de question » : personne ne m'avait dit ce que révélait le dernier chiffre de la Drees - CMB,pension tombait chaque,https://cerclemediateursbancaires.fr/ma-pension-tombait-chaque-mois-sans-que-je-me-pose-de-question-personne-ne-mavait-dit-ce-que-revelait-le-dernier-chiffre-de-la-drees,2026-07-22
cerclemediateursbancaires.fr,Mauvaises surprises en location : ces urgences hors de prix que votre propriétaire a l'obligation absolue de régler sur-le-champ - CMB,mauvaises surprises location,https://cerclemediateursbancaires.fr/mauvaises-surprises-en-location-ces-urgences-hors-de-prix-que-votre-proprietaire-a-lobligation-absolue-de-regler-sur-le-champ,2026-07-22
cerclemediateursbancaires.fr,« Mon conseiller ne m'avait jamais écrit un dimanche » : ce message sur mon téléphone cachait une arnaque que des milliers de clients découvrent trop tard - CMB,mon conseiller ne,https://cerclemediateursbancaires.fr/mon-conseiller-ne-mavait-jamais-ecrit-un-dimanche-ce-message-sur-mon-telephone-cachait-une-arnaque-que-des-milliers-de-clients-decouvrent-trop-tard,2026-07-22
cerclemediateursbancaires.fr,"Pension de réversion 2026 : le soulagement inespéré, la règle choc qui rend ces 4 prestigieuses sources d'argent strictement invisibles lors du calcul final - CMB",pension réversion 2026,https://cerclemediateursbancaires.fr/pension-de-reversion-2026-le-soulagement-inespere-la-regle-choc-qui-rend-ces-4-prestigieuses-sources-dargent-strictement-invisibles-lors-du-calcul-final,2026-07-22
cerclemediateursbancaires.fr,Pire qu'une baisse : ce scénario noir qui menace d'asphyxier votre pension pendant de longues années - CMB,pire qu baisse,https://cerclemediateursbancaires.fr/pire-quune-baisse-ce-scenario-noir-qui-menace-dasphyxier-votre-pension-pendant-de-longues-annees,2026-07-22
cerclemediateursbancaires.fr,Pourquoi de plus en plus d'épargnants risquent d'être déçus en découvrant les intérêts de leur Livret A en 2026 - CMB,intérêts leur livret,https://cerclemediateursbancaires.fr/pourquoi-de-plus-en-plus-depargnants-risquent-detre-decus-en-decouvrant-les-interets-de-leur-livret-a-en-2026,2026-07-22
cerclemediateursbancaires.fr,Vente immobilière : la douloureuse surprise qui vous attend chez le notaire si vous avez négligé ce détail pendant vos travaux - CMB,vente immobilière,https://cerclemediateursbancaires.fr/vente-immobiliere-la-douloureuse-surprise-qui-vous-attend-chez-le-notaire-si-vous-avez-neglige-ce-detail-pendant-vos-travaux,2026-07-22
cgt-76.fr,Comment Bien Amorcer Votre Pompe de Piscine ? 💧,votre pompe piscine,https://cgt-76.fr/amorcer-pompe-piscine,2026-07-22
cgt-76.fr,Blatte des Jardins : Comment Les Identifier et S'en Débarrasser ? 🐜,blatte jardins,https://cgt-76.fr/blatte-des-jardins,2026-07-22
cgt-76.fr,Déchetterie Albestroff (57670) — Horaires et adresses,déchetterie albestroff 57670,https://cgt-76.fr/dechetteries-ville/albestroff-57670,2026-07-22
cgt-76.fr,Déchetterie Aléria (20270) — Horaires et adresses,déchetterie aléria 20270,https://cgt-76.fr/dechetteries-ville/aleria-20270,2026-07-22
cgt-76.fr,Déchetterie Arnières-sur-Iton (27180) — Horaires et adresses,déchetterie arnières iton,https://cgt-76.fr/dechetteries-ville/arnieres-sur-iton-27180,2026-07-22
cgt-76.fr,Déchetterie Arrens-Marsous (65400) — Horaires et adresses,déchetterie arrens marsous,https://cgt-76.fr/dechetteries-ville/arrens-marsous-65400,2026-07-22
cgt-76.fr,Déchetterie Attichy (60350) — Horaires et adresses,déchetterie attichy 60350,https://cgt-76.fr/dechetteries-ville/attichy-60350,2026-07-22
cgt-76.fr,Déchetterie Aulnay (17470) — Horaires et adresses,aulnay 17470 horaires,https://cgt-76.fr/dechetteries-ville/aulnay-17470,2026-07-22
cgt-76.fr,Déchetterie AVAILLES-LIMOUZINE (86460) — Horaires et adresses,déchetterie availles limouzine,https://cgt-76.fr/dechetteries-ville/availles-limouzine-86460,2026-07-22
cgt-76.fr,Déchetterie Behren-lès-Forbach (57460) — Horaires et adresses,behren lès forbach,https://cgt-76.fr/dechetteries-ville/behren-les-forbach-57460,2026-07-22
cgt-76.fr,Déchetterie Bellegarde-sur-Valserine (01200) — Horaires et adresses,déchetterie bellegarde valserine,https://cgt-76.fr/dechetteries-ville/bellegarde-sur-valserine-01200,2026-07-22
cgt-76.fr,Déchetterie BETAILLE (46110) — Horaires et adresses,déchetterie betaille 46110,https://cgt-76.fr/dechetteries-ville/betaille-46110,2026-07-22
cgt-76.fr,Déchetterie Bordeaux (33000) — Horaires et adresses,déchetterie bordeaux 33000,https://cgt-76.fr/dechetteries-ville/bordeaux-33000,2026-07-22
cgt-76.fr,Déchetterie Bosdarros (64290) — Horaires et adresses,déchetterie bosdarros 64290,https://cgt-76.fr/dechetteries-ville/bosdarros-64290,2026-07-22
cgt-76.fr,Déchetterie Boulot (70190) — Horaires et adresses,déchetterie boulot 70190,https://cgt-76.fr/dechetteries-ville/boulot-70190,2026-07-22
cgt-76.fr,Déchetterie Bourg-Blanc (29860) — Horaires et adresses,déchetterie bourg blanc,https://cgt-76.fr/dechetteries-ville/bourg-blanc-29860,2026-07-22
cgt-76.fr,Déchetterie Bourgtheroulde-Infreville* (27520) — Horaires et adresses,déchetterie bourgtheroulde infreville,https://cgt-76.fr/dechetteries-ville/bourgtheroulde-infreville-27520,2026-07-22
cgt-76.fr,Déchetterie BRESSUIRE (79300) — Horaires et adresses,déchetterie bressuire 79300,https://cgt-76.fr/dechetteries-ville/bressuire-79300,2026-07-22
cgt-76.fr,Déchetterie Brienne-le-Château (10500) — Horaires et adresses,déchetterie brienne château,https://cgt-76.fr/dechetteries-ville/brienne-le-chateau-10500,2026-07-22
cgt-76.fr,Déchetterie Caestre (59190) — Horaires et adresses,déchetterie caestre 59190,https://cgt-76.fr/dechetteries-ville/caestre-59190,2026-07-22
cgt-76.fr,Déchetterie Challerange (08400) — Horaires et adresses,déchetterie challerange 08400,https://cgt-76.fr/dechetteries-ville/challerange-08400,2026-07-22
cgt-76.fr,Déchetterie Chalonnes-sur-Loire (49290) — Horaires et adresses,déchetterie chalonnes loire,https://cgt-76.fr/dechetteries-ville/chalonnes-sur-loire-49290,2026-07-22
cgt-76.fr,Déchetterie Champ-sur-Drac (38560) — Horaires et adresses,drac 38560 horaires,https://cgt-76.fr/dechetteries-ville/champ-sur-drac-38560,2026-07-22
cgt-76.fr,Déchetterie Cipières (06620) — Horaires et adresses,déchetterie cipières 06620,https://cgt-76.fr/dechetteries-ville/cipieres-06620,2026-07-22
cgt-76.fr,Déchetterie Combaillaux (34980) — Horaires et adresses,déchetterie combaillaux 34980,https://cgt-76.fr/dechetteries-ville/combaillaux-34980,2026-07-22
cgt-76.fr,Déchetterie CROIX-EN-CHAMPAGNE (51600) — Horaires et adresses,déchetterie croix champagne,https://cgt-76.fr/dechetteries-ville/croix-en-champagne-51600,2026-07-22
cgt-76.fr,Déchetterie Désandans (25750) — Horaires et adresses,déchetterie désandans 25750,https://cgt-76.fr/dechetteries-ville/desandans-25750,2026-07-22
cgt-76.fr,Déchetterie Esvres (37320) — Horaires et adresses,déchetterie esvres 37320,https://cgt-76.fr/dechetteries-ville/esvres-37320,2026-07-22
cgt-76.fr,Déchetterie Feillens (01570) — Horaires et adresses,déchetterie feillens 01570,https://cgt-76.fr/dechetteries-ville/feillens-01570,2026-07-22
cgt-76.fr,Déchetterie Flassans-sur-Issole (83340) — Horaires et adresses,déchetterie flassans issole,https://cgt-76.fr/dechetteries-ville/flassans-sur-issole-83340,2026-07-22
cgt-76.fr,Déchetterie Givet (08600) — Horaires et adresses,déchetterie givet 08600,https://cgt-76.fr/dechetteries-ville/givet-08600,2026-07-22
cgt-76.fr,Déchetterie Guillaumes (06470) — Horaires et adresses,déchetterie guillaumes 06470,https://cgt-76.fr/dechetteries-ville/guillaumes-06470,2026-07-22
cgt-76.fr,Déchetterie L'HERMITAGE LES BAINS (97434) — Horaires et adresses,déchetterie hermitage bains,https://cgt-76.fr/dechetteries-ville/l-hermitage-les-bains-97434,2026-07-22
cgt-76.fr,Déchetterie Labenne (40530) — Horaires et adresses,déchetterie labenne 40530,https://cgt-76.fr/dechetteries-ville/labenne-40530,2026-07-22
cgt-76.fr,Déchetterie Lannilis (29870) — Horaires et adresses,déchetterie lannilis 29870,https://cgt-76.fr/dechetteries-ville/lannilis-29870,2026-07-22
cgt-76.fr,Déchetterie Lavans-Quingey (25440) — Horaires et adresses,déchetterie lavans quingey,https://cgt-76.fr/dechetteries-ville/lavans-quingey-25440,2026-07-22
cgt-76.fr,Déchetterie Le Plessis-Dorin (41170) — Horaires et adresses,déchetterie plessis dorin,https://cgt-76.fr/dechetteries-ville/le-plessis-dorin-41170,2026-07-22
cgt-76.fr,Déchetterie Lerm-et-Musset (33840) — Horaires et adresses,déchetterie lerm musset,https://cgt-76.fr/dechetteries-ville/lerm-et-musset-33840,2026-07-22
cgt-76.fr,Déchetterie Lorette (42420) — Horaires et adresses,déchetterie lorette 42420,https://cgt-76.fr/dechetteries-ville/lorette-42420,2026-07-22
cgt-76.fr,Déchetterie Lure (70200) — Horaires et adresses,déchetterie lure 70200,https://cgt-76.fr/dechetteries-ville/lure-70200,2026-07-22
cgt-76.fr,Déchetterie Mailly-la-Ville (89270) — Horaires et adresses,déchetterie mailly ville,https://cgt-76.fr/dechetteries-ville/mailly-la-ville-89270,2026-07-22
cgt-76.fr,Déchetterie Marchaux (25640) — Horaires et adresses,déchetterie marchaux 25640,https://cgt-76.fr/dechetteries-ville/marchaux-25640,2026-07-22
cgt-76.fr,Déchetterie Marciac (32320) — Horaires et adresses,déchetterie marciac 32320,https://cgt-76.fr/dechetteries-ville/marciac-32320,2026-07-22
cgt-76.fr,Déchetterie Marle (02250) — Horaires et adresses,déchetterie marle 02250,https://cgt-76.fr/dechetteries-ville/marle-02250,2026-07-22
cgt-76.fr,Déchetterie Marmoutier (67440) — Horaires et adresses,déchetterie marmoutier 67440,https://cgt-76.fr/dechetteries-ville/marmoutier-67440,2026-07-22
cgt-76.fr,Déchetterie Montaigu-de-Quercy (82150) — Horaires et adresses,déchetterie montaigu quercy,https://cgt-76.fr/dechetteries-ville/montaigu-de-quercy-82150,2026-07-22
cgt-76.fr,Déchetterie Montaillé (72120) — Horaires et adresses,déchetterie montaillé 72120,https://cgt-76.fr/dechetteries-ville/montaille-72120,2026-07-22
cgt-76.fr,Déchetterie Moulins-la-Marche (61380) — Horaires et adresses,moulins marche 61380,https://cgt-76.fr/dechetteries-ville/moulins-la-marche-61380,2026-07-22
cgt-76.fr,Déchetterie Moutiers-sur-le-Lay (85320) — Horaires et adresses,déchetterie moutiers,https://cgt-76.fr/dechetteries-ville/moutiers-sur-le-lay-85320,2026-07-22
cgt-76.fr,Déchetterie Mouzeuil-Saint-Martin (85370) — Horaires et adresses,déchetterie mouzeuil saint,https://cgt-76.fr/dechetteries-ville/mouzeuil-saint-martin-85370,2026-07-22
cgt-76.fr,Déchetterie Nantoin (38260) — Horaires et adresses,déchetterie nantoin 38260,https://cgt-76.fr/dechetteries-ville/nantoin-38260,2026-07-22
cgt-76.fr,Déchetterie Parleboscq (40310) — Horaires et adresses,déchetterie parleboscq 40310,https://cgt-76.fr/dechetteries-ville/parleboscq-40310,2026-07-22
cgt-76.fr,Déchetterie Penne (81140) — Horaires et adresses,déchetterie penne 81140,https://cgt-76.fr/dechetteries-ville/penne-81140,2026-07-22
cgt-76.fr,Déchetterie Peyrolles-en-Provence (13860) — Horaires et adresses,déchetterie peyrolles provence,https://cgt-76.fr/dechetteries-ville/peyrolles-en-provence-13860,2026-07-22
cgt-76.fr,Déchetterie Pfulgriesheim (67370) — Horaires et adresses,déchetterie pfulgriesheim 67370,https://cgt-76.fr/dechetteries-ville/pfulgriesheim-67370,2026-07-22
cgt-76.fr,Déchetterie Rainville (88170) — Horaires et adresses,déchetterie rainville 88170,https://cgt-76.fr/dechetteries-ville/rainville-88170,2026-07-22
cgt-76.fr,Déchetterie Rimaucourt (52700) — Horaires et adresses,déchetterie rimaucourt 52700,https://cgt-76.fr/dechetteries-ville/rimaucourt-52700,2026-07-22
cgt-76.fr,Déchetterie Saint-Bonnet-de-Bellac (87300) — Horaires et adresses,déchetterie saint bonnet,https://cgt-76.fr/dechetteries-ville/saint-bonnet-de-bellac-87300,2026-07-22
cgt-76.fr,Déchetterie Saint-Crépin-et-Carlucet (24590) — Horaires et adresses,saint crépin carlucet,https://cgt-76.fr/dechetteries-ville/saint-crepin-et-carlucet-24590,2026-07-22
cgt-76.fr,Déchetterie Saint-Hilaire (11250) — Horaires et adresses,déchetterie saint hilaire,https://cgt-76.fr/dechetteries-ville/saint-hilaire-11250,2026-07-22
cgt-76.fr,Déchetterie SAINT-LOUBES (33450) — Horaires et adresses,déchetterie saint loubes,https://cgt-76.fr/dechetteries-ville/saint-loubes-33450,2026-07-22
cgt-76.fr,Déchetterie Saint-Mars-d'Outillé (72220) — Horaires et adresses,déchetterie saint mars,https://cgt-76.fr/dechetteries-ville/saint-mars-d-outille-72220,2026-07-22
cgt-76.fr,Déchetterie Saint-Thégonnec* (29410) — Horaires et adresses,déchetterie saint thégonnec,https://cgt-76.fr/dechetteries-ville/saint-thegonnec-29410,2026-07-22
cgt-76.fr,Déchetterie Salles-sur-Mer (17220) — Horaires et adresses,salles mer 17220,https://cgt-76.fr/dechetteries-ville/salles-sur-mer-17220,2026-07-22
cgt-76.fr,Déchetterie Saumur (49400) — Horaires et adresses,déchetterie saumur 49400,https://cgt-76.fr/dechetteries-ville/saumur-49400,2026-07-22
cgt-76.fr,Déchetterie Scrignac (29640) — Horaires et adresses,déchetterie scrignac 29640,https://cgt-76.fr/dechetteries-ville/scrignac-29640,2026-07-22
cgt-76.fr,Déchetterie Sotteville-lès-Rouen (76300) — Horaires et adresses,sotteville lès rouen,https://cgt-76.fr/dechetteries-ville/sotteville-les-rouen-76300,2026-07-22
cgt-76.fr,Déchetterie Theizé (69620) — Horaires et adresses,déchetterie theizé 69620,https://cgt-76.fr/dechetteries-ville/theize-69620,2026-07-22
cgt-76.fr,Déchetterie Thoraise (25320) — Horaires et adresses,déchetterie thoraise 25320,https://cgt-76.fr/dechetteries-ville/thoraise-25320,2026-07-22
cgt-76.fr,Déchetterie Trun (61160) — Horaires et adresses,déchetterie trun 61160,https://cgt-76.fr/dechetteries-ville/trun-61160,2026-07-22
cgt-76.fr,Déchetterie Valaurie (26230) — Horaires et adresses,valaurie 26230 horaires,https://cgt-76.fr/dechetteries-ville/valaurie-26230,2026-07-22
cgt-76.fr,Déchetterie Venasque (84210) — Horaires et adresses,déchetterie venasque 84210,https://cgt-76.fr/dechetteries-ville/venasque-84210,2026-07-22
cgt-76.fr,Déchetterie Vihiers (49310) — Horaires et adresses,déchetterie vihiers 49310,https://cgt-76.fr/dechetteries-ville/vihiers-49310,2026-07-22
cgt-76.fr,Déchetterie Vitry-aux-Loges (45530) — Horaires et adresses,déchetterie vitry loges,https://cgt-76.fr/dechetteries-ville/vitry-aux-loges-45530,2026-07-22
cgt-76.fr,Pavés Autobloquants : Quel Type Choisir pour Votre Terrasse ? 🏡,pavés autobloquants,https://cgt-76.fr/paves-autobloquants,2026-07-22
chantier-expert.fr,Apprenez à créer un design d'intérieur accueillant - Chantier-expert.fr,design intérieur accueillant,https://chantier-expert.fr/astuces-design-interieur-accueillant,2026-07-22
chantier-expert.fr,Découvrez la magie de la boîte à musique Amélie Poulain - Chantier-expert.fr,musique amélie poulain,https://chantier-expert.fr/boite-a-musique-amelie-poulain,2026-07-22
chantier-expert.fr,Créez votre propre boîte à musique avec le mécanisme Sankyo - Chantier-expert.fr,musique mécanisme sankyo,https://chantier-expert.fr/boite-a-musique-diy-mecanisme-sankyo,2026-07-22
chantier-expert.fr,Créez une boîte à musique animée inspirée de Totoro - Chantier-expert.fr,musique animée inspirée,https://chantier-expert.fr/boite-musique-animee-totoro,2026-07-22
chantier-expert.fr,Boîtes à musique personnalisées : un cadeau unique pour elle - Chantier-expert.fr,boîtes musique personnalisées,https://chantier-expert.fr/boite-musique-personnalisee-cadeau-unique,2026-07-22
chantier-expert.fr,La danse élégante : décoration musicale pour votre intérieur - Chantier-expert.fr,danse élégante,https://chantier-expert.fr/decoration-musicale-ballet,2026-07-22
chantier-expert.fr,Découvrez la modélisation 3D d'une boîte à musique ornée - Chantier-expert.fr,3d boîte musique,https://chantier-expert.fr/modele-boite-musique-3d,2026-07-22
chantier-expert.fr,Comment intégrer un tourne-disque vintage dans votre déco - Chantier-expert.fr,disque vintage votre,https://chantier-expert.fr/tourne-disque-vintage-deco,2026-07-22
deco-et-vous.fr,12 astuces chic à adopter pour 2025 - Deco-et-vous.fr,adopter 2025,https://deco-et-vous.fr/12-astuces-chic-2025,2026-07-22
deco-et-vous.fr,Annoncer sa grossesse dans l'esprit d'Halloween - Deco-et-vous.fr,grossesse esprit halloween,https://deco-et-vous.fr/annonce-grossesse-halloween,2026-07-22
deco-et-vous.fr,"Découvrez le barndominium, la maison économique et tendance - Deco-et-vous.fr",barndominium maison économique,https://deco-et-vous.fr/barndominium-maison-economique,2026-07-22
deco-et-vous.fr,Qu'est-ce que la décoration bohème ? Guide pratique - Deco-et-vous.fr,que décoration bohème,https://deco-et-vous.fr/guide-decoration-boheme,2026-07-22
deco-et-vous.fr,Transformez l'intérieur de votre voiture en havre de paix boho - Deco-et-vous.fr,votre voiture havre,https://deco-et-vous.fr/interieur-voiture-boho-chic,2026-07-22
deco-et-vous.fr,Des matins boho tout en douceur avec un grand café - Deco-et-vous.fr,douceur grand café,https://deco-et-vous.fr/matins-boho-cafe-esthetique,2026-07-22
deco-et-vous.fr,Associez un pantalon en lin crème à une chemise olive avec style - Deco-et-vous.fr,crème chemise olive,https://deco-et-vous.fr/pantalon-lin-creme-chemise-olive,2026-07-22
deco-et-vous.fr,Découvrez des plans de maison inspirés par le style grange - Deco-et-vous.fr,découvrez plans maison,https://deco-et-vous.fr/plans-maison-style-grange,2026-07-22
deco-et-vous.fr,Créez un salon boho chaleureux avec du rotin et des plantes - Deco-et-vous.fr,boho chaleureux rotin,https://deco-et-vous.fr/salon-boho-rotin-plantes,2026-07-22
deco-et-vous.fr,Un sapin de Noël aux couleurs d'Halloween - Deco-et-vous.fr,noël couleurs halloween,https://deco-et-vous.fr/sapin-noel-halloween,2026-07-22
deco-habitat-mag.fr,10 astuces pour désencombrer avec les enfants - deco-habitat-mag.fr,astuces désencombrer enfants,https://deco-habitat-mag.fr/astuces-desencombrer-enfants,2026-07-22
deco-habitat-mag.fr,Astuces pour organiser le quotidien des enfants - deco-habitat-mag.fr,organiser quotidien enfants,https://deco-habitat-mag.fr/astuces-organisation-enfants,2026-07-22
deco-habitat-mag.fr,Déco et DIY : des conseils pratiques pour la maison et l'extérieur - deco-habitat-mag.fr,déco diy,https://deco-habitat-mag.fr/deco-diy-maison-exterieur,2026-07-22
deco-habitat-mag.fr,7 astuces pour désencombrer votre maison ce printemps - deco-habitat-mag.fr,votre maison printemps,https://deco-habitat-mag.fr/desencombrer-maison-printemps,2026-07-22
deco-habitat-mag.fr,Comprendre la différence entre nettoyer et ranger selon Marie Kondo - deco-habitat-mag.fr,entre nettoyer ranger,https://deco-habitat-mag.fr/difference-nettoyage-rangement-marie-kondo,2026-07-22
deco-habitat-mag.fr,Découvrez la méthode KonMari pour un chez-soi apaisant - deco-habitat-mag.fr,méthode konmari chez,https://deco-habitat-mag.fr/methode-konmari-maison-apaisante,2026-07-22
deco-habitat-mag.fr,Découvrez le guide pratique du méthode Marie Kondo - deco-habitat-mag.fr,pratique méthode marie,https://deco-habitat-mag.fr/methode-marie-kondo-guide-rangement,2026-07-22
deco-interieur-conseil.fr,Le bambou est-il vraiment imputrescible ? - Deco-interieur-conseil.fr,bambou est il,https://deco-interieur-conseil.fr/bambou-imputrescible-proprietes,2026-07-22
deco-interieur-conseil.fr,Idées pratiques pour créer un jardin paysager - Deco-interieur-conseil.fr,pratiques créer jardin,https://deco-interieur-conseil.fr/idees-jardin-paysager,2026-07-22
deco-interieur-conseil.fr,Créez une ambiance moderne avec des panneaux muraux en bambou - Deco-interieur-conseil.fr,moderne panneaux muraux,https://deco-interieur-conseil.fr/panneaux-bambou-design-moderne,2026-07-22
deco-interieur-conseil.fr,Aménager un petit jardin avec style - Deco-interieur-conseil.fr,aménager petit jardin,https://deco-interieur-conseil.fr/petit-jardin-espace-limite,2026-07-22
decolux-maison.fr,Comment aménager votre intérieur avec succès - decolux-maison.fr,aménager votre intérieur,https://decolux-maison.fr/bien-amenager-votre-interieur,2026-07-22
decolux-maison.fr,Cloisons de séparation : un choix pratique pour votre maison - decolux-maison.fr,cloisons séparation,https://decolux-maison.fr/cloisons-separation-interieure-maison,2026-07-22
decolux-maison.fr,Découvrez notre collection de fonds d'écran scintillants gratuits - decolux-maison.fr,écran scintillants gratuits,https://decolux-maison.fr/fonds-ecran-scintillants-gratuits,2026-07-22
decolux-maison.fr,Découvrez nos fonds d'écran en soie dorée - decolux-maison.fr,découvrez nos fonds,https://decolux-maison.fr/fonds-ecran-soie-doree,2026-07-22
decolux-maison.fr,Idées créatives pour choisir vos rideaux - decolux-maison.fr,choisir vos rideaux,https://decolux-maison.fr/idees-rideaux-deco,2026-07-22
decolux-maison.fr,Découvrez comment aménager une maison à la montagne - decolux-maison.fr,aménager maison montagne,https://decolux-maison.fr/maison-a-la-montagne,2026-07-22
decolux-maison.fr,Découvrez la maison de rêve en bord de mer - decolux-maison.fr,découvrez maison rêve,https://decolux-maison.fr/maison-de-reve-bord-de-mer,2026-07-22
decolux-maison.fr,Aménager une petite cuisine ouverte sur le salon - decolux-maison.fr,cuisine ouverte salon,https://decolux-maison.fr/petite-cuisine-ouverte-salon,2026-07-22
decoparty.fr,Franchise assurance habitation : comment bien la choisir ?,franchise assurance habitation,https://decoparty.fr/franchise-assurance-habitation,2026-07-22
domeus-constructions.fr,"Étude De Sol Maison Déjà Construite : Obligation, Prix Et Cas Utiles",maison déjà construite,https://domeus-constructions.fr/etude-sol-maison-deja-construite-fissures-extension,2026-07-22
domeus-constructions.fr,"Kit Terrasse Pilotis : Prix, Réglementation, Structure Et Conseils Pour Bien Choisir",kit terrasse pilotis,https://domeus-constructions.fr/kit-terrasse-pilotis-achat-prix-reglementation-securite,2026-07-22
domeus-constructions.fr,"Panneau Anti Bruit Exterieur : Guide Complet Pour Choisir, Dimensionner Et Installer La Bonne Solution",panneau anti bruit,https://domeus-constructions.fr/panneau-anti-bruit-exterieur-choisir-modele-hauteur,2026-07-22
domindo.fr,Hauteur des prises et interrupteurs : norme NF C 15-100 - Domindo,hauteur prises interrupteurs,https://www.domindo.fr/hauteur-prise-interrupteur-nf-c,2026-07-22
domindo.fr,Location modulaire : une solution flexible et écoresponsable - Domindo,location modulaire,https://www.domindo.fr/location-modulaire-solution-flexible-ecoresponsable,2026-07-22
domindo.fr,"Top marques de portails : alu, PVC, acier comparées - Domindo",top marques portails,https://www.domindo.fr/marques-portails-alu-pvc-acier,2026-07-22
domindo.fr,"Guide 2026 : choisir le bois idéal pour terrasse, pergola et abri de jardin",2026,https://www.domindo.fr/quel-bois-choisir-pour-une-terrasse-une-pergola-ou-un-abri-de-jardin-guide-2026,2026-07-22
duflair.com,Le relevé du compteur d’eau : un élément clé à vérifier avant d’acheter ou de louer un bien immobilier - Duflair,relevé compteur eau,https://duflair.com/le-releve-du-compteur-deau-un-element-cle-a-verifier-avant-dacheter-ou-de-louer-un-bien-immobilier,2026-07-22
espaceimmobiliersanary.fr,Comment améliorer le confort de votre habitat à Cergy avec un projet de menuiserie ? - Espace Immo,confort votre habitat,https://espaceimmobiliersanary.fr/comment-ameliorer-le-confort-de-votre-habitat-a-cergy-avec-un-projet-de-menuiserie,2026-07-22
espaceimmobiliersanary.fr,"PTZ, Pinel, frais de notaire réduits... Pourquoi l'immobilier neuf a le vent en poupe près de Paris ? - Espace Immo",notaire réduits pourquoi,https://espaceimmobiliersanary.fr/ptz-pinel-frais-de-notaire-reduits-pourquoi-limmobilier-neuf-a-le-vent-en-poupe-pres-de-paris,2026-07-22
famin-immobilier.fr,Les quartiers à éviter à Alicante,quartiers éviter alicante,https://famin-immobilier.fr/quartiers-a-eviter-alicante,2026-07-22
favrat-ossature-bois.fr,Ébénisterie Et Menuiserie : Comprendre Les Métiers Du Bois Et Choisir Le Bon Artisan,ébénisterie menuiserie,https://favrat-ossature-bois.fr/ebenisterie-menuiserie-choisir-faire-projet,2026-07-22
favrat-ossature-bois.fr,Escalier Bois Grince : Pourquoi Et Comment Supprimer Le Bruit Durablement ?,escalier bois grince,https://favrat-ossature-bois.fr/escalier-bois-grince-localiser-reparer-bruit-marches,2026-07-22
favrat-ossature-bois.fr,"Peinture Poutre Bois : Choisir, Préparer Et Peindre Sans Perdre Le Charme De L’ancien",peinture poutre bois,https://favrat-ossature-bois.fr/peinture-poutre-bois-pas-pas-preparer-peindre,2026-07-22
fenrifoyer.fr,Alternative au placo : les meilleures options pour vos murs,alternative placo,https://fenrifoyer.fr/alternative-au-placo-les-meilleures-options-pour-vos-murs,2026-07-22
fenrifoyer.fr,Refaire un filetage sans taraud : techniques et astuces,filetage sans taraud,https://fenrifoyer.fr/refaire-un-filetage-sans-taraud-techniques-et-astuces,2026-07-22
foyerlumina.fr,Réparer un inverseur de robinet de baignoire : le guide,inverseur robinet baignoire,https://foyerlumina.fr/reparer-un-inverseur-de-robinet-de-baignoire-le-guide,2026-07-22
foyerlumina.fr,Schéma branchement bouton poussoir sans télérupteur,poussoir sans télérupteur,https://foyerlumina.fr/schema-branchement-bouton-poussoir-sans-telerupteur,2026-07-22
foyerluxuria.fr,Relooker un meuble en bois foncé : toutes nos astuces,relooker meuble bois,https://foyerluxuria.fr/relooker-un-meuble-en-bois-fonce-toutes-nos-astuces,2026-07-22
gestaloc.fr,Remboursement subvention ANAH en cas de vente,anah cas vente,https://gestaloc.fr/remboursement-subvention-anah-en-cas-de-vente,2026-07-22
habitat-infos.fr,Aménager un extérieur de maison à la campagne - Habitat-infos.fr,aménager extérieur maison,https://habitat-infos.fr/amenagement-exterieur-maison-campagne,2026-07-22
habitat-infos.fr,Découvrez les coulisses du bureau de The Everygirl à Chicago - Habitat-infos.fr,bureau everygirl chicago,https://habitat-infos.fr/bureau-the-everygirl-chicago,2026-07-22
habitat-infos.fr,Visitez des espaces de travail créatifs inspirants - Habitat-infos.fr,travail créatifs inspirants,https://habitat-infos.fr/espaces-de-travail-creatifs,2026-07-22
habitat-infos.fr,10 idées d'aménagement extérieur pratiques et chaleureuses - Habitat-infos.fr,aménagement extérieur pratiques,https://habitat-infos.fr/idees-amenagement-exterieur,2026-07-22
habitat-infos.fr,22 idées déco pour un petit bureau moderne et chic - Habitat-infos.fr,petit bureau moderne,https://habitat-infos.fr/idees-bureau-chic-moderne,2026-07-22
habitat-infos.fr,Inspirez-vous avec ces 25 idées de studios créatifs - Habitat-infos.fr,inspirez vous 25,https://habitat-infos.fr/idees-studios-creatifs-inspiration,2026-07-22
habitat-infos.fr,Données pour faire une maison moderne à l'extérieur - Habitat-infos.fr,maison moderne extérieur,https://habitat-infos.fr/maison-moderne-exterieur,2026-07-22
habitat-infos.fr,Carrières de rêve : travaillez depuis chez vous et gagnez bien ! - Habitat-infos.fr,carrières rêve,https://habitat-infos.fr/metiers-lucratifs-teletravail,2026-07-22
habitat-infos.fr,Revêtement extérieur de façades : nos conseils pratiques - Habitat-infos.fr,revêtement extérieur façades,https://habitat-infos.fr/revetement-exterieur-facades,2026-07-22
habitat.immo,Étanchéité de terrasse : matériaux anti-infiltrations durables,étanchéité terrasse,https://habitat.immo/etancheite-terrasse-materiaux-anti-infiltrations,2026-07-22
harmonie-maison.fr,Agapanthe et gel : 7 astuces concrètes pour éviter la casse - Harmonie Maison,agapanthe gel,https://harmonie-maison.fr/agapanthe-gelee,2026-07-22
harmonie-maison.fr,Construction maison Ancenis : réussir chaque étape avec un accompagnement global - Harmonie Maison,construction maison ancenis,https://harmonie-maison.fr/construction-maison-ancenis-reussir-chaque-etape-avec-un-accompagnement-global,2026-07-22
harmonie-maison.fr,Gauche poussant : comment éviter les erreurs lors du choix d’une porte - Harmonie Maison,gauche poussant,https://harmonie-maison.fr/gauche-poussant,2026-07-22
harmonie-maison.fr,Investissement locatif à Caen : guide chronologique pour sécuriser son projet - Harmonie Maison,investissement locatif caen,https://harmonie-maison.fr/investissement-locatif-a-caen-guide-chronologique-pour-securiser-son-projet,2026-07-22
harmonie-maison.fr,Moquette de pierre : combien coûte vraiment la pose au m2 ? - Harmonie Maison,moquette pierre,https://harmonie-maison.fr/moquette-de-pierre-prix-m2-pose,2026-07-22
harmonie-maison.fr,"Piscine trouble : risques, causes et solutions concrètes - Harmonie Maison",piscine trouble,https://harmonie-maison.fr/peut-on-se-baigner-dans-une-piscine-trouble,2026-07-22
harmonie-maison.fr,Prise électrique pour radiateur : les erreurs à éviter absolument - Harmonie Maison,prise électrique radiateur,https://harmonie-maison.fr/prise-electrique-pour-radiateur,2026-07-22
harmonie-maison.fr,Taille d'un garage : 4 clés pour un espace vraiment adapté - Harmonie Maison,taille garage,https://harmonie-maison.fr/taille-dun-garage,2026-07-22
horizons-patrimoine.fr,Comment fabriquer un support en bois pour panneau solaire ?,bois panneau solaire,https://horizons-patrimoine.fr/autres/comment-fabriquer-un-support-en-bois-pour-panneau-solaire,2026-07-22
horizons-patrimoine.fr,Mon frère vide la maison de ma mère : Recours possibles,frère vide maison,https://horizons-patrimoine.fr/autres/mon-frere-vide-la-maison-de-ma-mere-recours-possibles,2026-07-22
horizons-patrimoine.fr,Cabinet comptable : transformer vos chiffres en décisions,cabinet comptable,https://horizons-patrimoine.fr/entreprise/cabinet-comptable-transformer-vos-chiffres-en-decisions,2026-07-22
horizons-patrimoine.fr,Frais de notaire réduit pour les personnes handicapées : Tout savoir,réduit personnes handicapées,https://horizons-patrimoine.fr/immobilier/frais-de-notaire-reduit-pour-les-personnes-handicapees-tout-savoir,2026-07-22
horizons-patrimoine.fr,Les avantages et inconvénients d'une terrasse en résine,inconvénients terrasse résine,https://horizons-patrimoine.fr/immobilier/les-avantages-et-inconvenients-dune-terrasse-en-resine,2026-07-22
horizons-patrimoine.fr,Toiture commune sans copropriété : Qui paie quoi ?,toiture commune sans,https://horizons-patrimoine.fr/immobilier/toiture-commune-sans-copropriete-qui-paie-quoi,2026-07-22
immo-libre.fr,"ERP, commerces, bureaux : comment sécuriser les espaces recevant du public ?",erp commerces bureaux,https://immo-libre.fr/erp-commerces-bureaux-comment-securiser-les-espaces-recevant-du-public,2026-07-22
immo-libre.fr,Les quartiers à éviter à Agadir,quartiers éviter agadir,https://immo-libre.fr/quartiers-a-eviter-agadir,2026-07-22
immo-libre.fr,Les quartiers à éviter à Villenave-d’Ornon,quartiers éviter villenave,https://immo-libre.fr/quartiers-a-eviter-villenave-dornon,2026-07-22
immobilier-rabat.com,"Un noël aux couleurs du far west, entre feutre, cuir patiné et guirlandes dorées",west entre feutre,https://immobilier-rabat.com/un-noel-aux-couleurs-du-far-west-entre-feutre-cuir-patine-et-guirlandes-dorees,2026-07-22
immocompare.org,Emeline Siron : que vaut vraiment sa formation d'investissement ? - Immocompare,emeline siron,https://immocompare.org/home/formations-investissement-immobilier/avis-emeline-siron,2026-07-22
immocompare.org,Micro-logement Paris : Faut-il investir avec Atom ? - Immocompare</title,micro logement paris,https://immocompare.org/home/plateformes-dinvestissement-cle-en-main-compa/avis-atom,2026-07-22
immocompare.org,MILS avis : la référence pour investir à Perpignan ? - Immocompare,mils avis,https://immocompare.org/home/plateformes-dinvestissement-cle-en-main-compa/avis-mils-mon-investissement-locatif-sur-mesure,2026-07-22
immocompare.org,Investissement immobilier à haut rendement : le guide complet - Immocompare,investissement immobilier haut,https://immocompare.org/investissement-immobilier-a-haut-rendement-le-guide-complet-pour-maximiser-sa-rentabilite,2026-07-22
isolationcombles.fr,Quel est le meilleur isolant pour vos combles ? - IsolationCombles.fr,isolant vos combles,https://isolationcombles.fr/choisir-son-isolant/quel-est-le-meilleur-isolant-pour-vos-combles,2026-07-22
isolationcombles.fr,Quel est le prix pour l'isolation de 100m2 de combles ? - IsolationCombles.fr,isolation 100m2 combles,https://isolationcombles.fr/financer-isolation-combles/cout-isolation-combles/quel-est-le-prix-pour-lisolation-de-100m2-de-combles,2026-07-22
isolationcombles.fr,Spécialistes des combles : la méthode pour digitaliser son activité artisanale sans perdre de temps,spécialistes combles,https://isolationcombles.fr/specialiste-en-isolation/specialistes-des-combles-la-methode-pour-digitaliser-son-activite-artisanale,2026-07-22
itsufrance.fr,Accompagnement foie gras : 12 idées bien équilibrées,accompagnement foie gras,https://itsufrance.fr/accompagnement-foie-gras,2026-07-22
itsufrance.fr,Accompagnement fondue bourguignonne : idées complètes,accompagnement fondue bourguignonne,https://itsufrance.fr/accompagnement-fondue-bourguignonne,2026-07-22
itsufrance.fr,Accompagnement gigot d'agneau : 15 idées gourmandes,accompagnement gigot agneau,https://itsufrance.fr/accompagnement-gigot-dagneau,2026-07-22
itsufrance.fr,Accompagnement paupiette de veau : 12 idées faciles,accompagnement paupiette veau,https://itsufrance.fr/accompagnement-paupiette-de-veau,2026-07-22
itsufrance.fr,Accompagnement quenelle : 12 idées pour sublimer ce plat,accompagnement quenelle,https://itsufrance.fr/accompagnement-quenelle,2026-07-22
itsufrance.fr,Cocktail Blue Lagoon pour 20 personnes : recette et dosages,cocktail blue lagoon,https://itsufrance.fr/cocktail-blue-lagoon-pour-20-personnes,2026-07-22
itsufrance.fr,Escalope milanaise : quel accompagnement choisir ?,escalope milanaise,https://itsufrance.fr/escalope-milanaise-accompagnement,2026-07-22
itsufrance.fr,Quels légumes servir avec un chapon ? 9 idées,quels légumes servir,https://itsufrance.fr/legumes-daccompagnement-avec-chapon,2026-07-22
itsufrance.fr,Raclette pour 20 personnes : toutes les quantités,raclette 20 personnes,https://itsufrance.fr/raclette-pour-20-personnes,2026-07-22
itsufrance.fr,Saumon fumé : quels accompagnements choisir ?,saumon fumé,https://itsufrance.fr/saumon-fume-accompagnement,2026-07-22
jardinerlaville.fr,Comment choisir la chaise de salle à manger idéale pour votre intérieur | Jardiner la Ville,salle manger idéale,https://jardinerlaville.fr/comment-choisir-la-chaise-de-salle-a-manger-ideale-pour-votre-interieur,2026-07-22
jardinerlaville.fr,Pourquoi a-t-on des fourmis charpentières dans la maison ? | Jardiner la Ville,fourmis charpentières maison,https://jardinerlaville.fr/fourmis-charpentiere-dans-la-maison,2026-07-22
jardinerlaville.fr,Que signifie la présence d’une mouche verte dans la maison ? | Jardiner la Ville,mouche verte maison,https://jardinerlaville.fr/mouche-verte-dans-la-maison-signification,2026-07-22
jardinerlaville.fr,Que sont les poux rouges dans la maison et comment s’en débarrasser ? | Jardiner la Ville,rouges maison débarrasser,https://jardinerlaville.fr/poux-rouge-dans-la-maison,2026-07-22
lebureaudelimmo.fr,Expert immobilier indépendant : un acteur clé pour sécuriser vos décisions - Bureau de l'immo,expert immobilier indépendant,https://lebureaudelimmo.fr/expert-immobilier-independant-un-acteur-cle-pour-securiser-vos-decisions,2026-07-22
lebureaudelimmo.fr,Quartiers à éviter à Asnières-sur-Seine : où faut-il être plus vigilant ?,quartiers éviter asnières,https://lebureaudelimmo.fr/quartiers-a-eviter-a-asnieres-sur-seine,2026-07-22
lebureaudelimmo.fr,Quartiers à éviter à Issy-les-Moulineaux : les secteurs à connaître avant d'acheter ou d'investir,quartiers éviter issy,https://lebureaudelimmo.fr/quartiers-a-eviter-a-issy-les-moulineaux,2026-07-22
lebureaudelimmo.fr,"SCPI Remake Live : avis complet, rendement, stratégie et analyse avant d'investir",scpi remake live,https://lebureaudelimmo.fr/scpi-remake-live,2026-07-22
lebureaudelimmo.fr,"Syndic en ligne : fonctionnement, avantages, tarifs et comment bien choisir",syndic ligne,https://lebureaudelimmo.fr/syndic-en-ligne,2026-07-22
lebureaudelimmo.fr,"Trouble du voisinage : définition, recours et solutions pour faire cesser les nuisances",trouble voisinage,https://lebureaudelimmo.fr/trouble-du-voisinage,2026-07-22
leconomieetmoi.fr,Les métiers les plus exposés à l'IA : ce que prévoient les experts - L'économie et moi,métiers plus exposés,https://leconomieetmoi.fr/entreprise/les-metiers-qui-risquent-de-disparaitre-avec-lia-dici-2030-12915,2026-07-22
loco-immo.fr,Les quartiers à éviter à Istanbul,quartiers éviter istanbul,https://loco-immo.fr/quartiers-a-eviter-istanbul,2026-07-22
loco-immo.fr,Les quartiers à éviter à Saint-Nazaire,quartiers éviter saint,https://loco-immo.fr/quartiers-a-eviter-saint-nazaire,2026-07-22
loco-immo.fr,Les quartiers à éviter à Séville,quartiers éviter séville,https://loco-immo.fr/quartiers-a-eviter-seville,2026-07-22
loco-immo.fr,"Taxe d'aménagement 2026 : calcul, taux et exonérations",taxe aménagement 2026,https://loco-immo.fr/taxe-damenagement-2026-calcul-taux-et-exonerations,2026-07-22
lyondiagnosticimmobilier.fr,,,https://lyondiagnosticimmobilier.fr/2026/07/22/diagnostic-immobilier-villeurbanne-guide-2026,2026-07-22
ma-maison-pratique.fr,,,https://ma-maison-pratique.fr/abris-modernes-jardin,2026-07-22
ma-maison-pratique.fr,Améliorez votre abri de jardin avec ces idées simples - ma-maison-pratique.fr,jardin idées simples,https://ma-maison-pratique.fr/ameliorations-abri-jardin,2026-07-22
ma-maison-pratique.fr,Extension de maison en ossature bois pour un espace de vie optimisé - ma-maison-pratique.fr,espace vie optimisé,https://ma-maison-pratique.fr/extension-maison-ossature-bois,2026-07-22
ma-maison-pratique.fr,,,https://ma-maison-pratique.fr/murs-de-jardin,2026-07-22
ma-maison-pratique.fr,,,https://ma-maison-pratique.fr/toiture-en-bois-avantages-jardin,2026-07-22
maison-deco-design.fr,,,https://maison-deco-design.fr/amenagement-petite-terrasse,2026-07-22
maison-deco-design.fr,,,https://maison-deco-design.fr/deco-automne-maison,2026-07-22
maison-deco-design.fr,,,https://maison-deco-design.fr/deco-balcon-brise-vue-intimite-style,2026-07-22
maison-deco-design.fr,,,https://maison-deco-design.fr/idees-balcon-appartement,2026-07-22
maison-deco-design.fr,Balcons d'appartement : 26 idées pour un havre de paix extérieur - Maison-deco-design.fr,balcons appartement,https://maison-deco-design.fr/idees-balcons-appartement-chic,2026-07-22
maison-deco-design.fr,29 idées déco pour embellir votre balcon d'appartement - Maison-deco-design.fr,votre balcon appartement,https://maison-deco-design.fr/idees-deco-balcon-appartement,2026-07-22
maison-deco-design.fr,23 idées inspirantes pour sublimer votre petit balcon - Maison-deco-design.fr,votre petit balcon,https://maison-deco-design.fr/idees-inspirantes-petit-balcon,2026-07-22
maison-deco-design.fr,27 idées de transformation de balcon pour un cadre de vie agréable - Maison-deco-design.fr,transformation balcon cadre,https://maison-deco-design.fr/idees-transformation-balcon,2026-07-22
maison-entretien.com,Combiné Baignoire-Douche : Avantages & Coût,combiné baignoire douche,https://maison-entretien.com/combine-baignoire-douche,2026-07-22
maisondulcia.fr,Pourpier toxique : identification par la photo,pourpier toxique,https://maisondulcia.fr/pourpier-toxique-identification-par-la-photo,2026-07-22
maisonfjord.fr,Crotte de ragondin : comment la reconnaître et éviter les dangers,crotte ragondin,https://maisonfjord.fr/crotte-de-ragondin-comment-la-reconnaitre-et-eviter-les-dangers,2026-07-22
maisonfjord.fr,Schéma de branchement pour pompe à sable Intex,branchement pompe sable,https://maisonfjord.fr/schema-de-branchement-pour-pompe-a-sable-intex,2026-07-22
maisonfloralis.fr,Adieu les nuits blanches : optez pour la literie qui change tout !,adieu nuits blanches,https://maisonfloralis.fr/adieu-les-nuits-blanches-optez-pour-la-literie-qui-change-tout,2026-07-22
maisonfloralis.fr,Faire une avancée de toit pour terrasse : prolonger sa toiture,avancée toit terrasse,https://maisonfloralis.fr/faire-une-avancee-de-toit-pour-terrasse-prolonger-sa-toiture,2026-07-22
maisonluminea.fr,Gaz du frigo : comprendre son rôle et les risques de fuite,gaz frigo,https://maisonluminea.fr/gaz-du-frigo-comprendre-son-role-et-les-risques-de-fuite,2026-07-22
maisonluminea.fr,Inconvénients d'une terrasse composite : ce qu'il faut savoir,inconvénients terrasse composite,https://maisonluminea.fr/inconvenients-dune-terrasse-composite-ce-quil-faut-savoir,2026-07-22
maisons-deco-jardin.com,Salle de bains de luxe : l'art d'un espace sur mesure,salle bains luxe,https://maisons-deco-jardin.com/salle-de-bains-luxe-espace-sur-mesure,2026-07-22
maizhome.fr,Emplacement sonde température poêle à granulés : nos conseils,température poêle granulés,https://maizhome.fr/emplacement-sonde-temperature-poele-a-granules-nos-conseils,2026-07-22
maizhome.fr,Fleur en I : les espèces à cultiver au jardin,fleur,https://maizhome.fr/fleur-en-i-les-especes-a-cultiver-au-jardin,2026-07-22
menuisiersdunord.fr,Recette de Grand-Mère pour se débarrasser des Mites Alimentaires Rapidement 🐛,mites alimentaires rapidement,https://menuisiersdunord.fr/recette-de-grand-mere-pour-se-debarrasser-des-mites-alimentaires,2026-07-22
menuisiersdunord.fr,"Taille du Poirier : Quand, Comment et Astuces pour Récolte 🍐",taille poirier,https://menuisiersdunord.fr/taille-du-poirier,2026-07-22
micado-france.fr,Comment Bouturer Un Rosier : Méthode Complète Pour Réussir,bouturer rosier,https://micado-france.fr/bouturer-rosier-bouturage-reussi-printemps-ete-automne,2026-07-22
micado-france.fr,Jardiner Avec La Lune Graines Et Plantes : Guide Pratique Pour Semer Et Planter Au Bon Moment,lune graines plantes,https://micado-france.fr/jardiner-lune-graines-plantes-semer-planter-repiquer,2026-07-22
micado-france.fr,"Les Mauvaises Herbes : Les Reconnaître, Les éliminer Et Prévenir Leur Retour",mauvaises herbes,https://micado-france.fr/mauvaises-herbes-jardin-reconnaitre-eliminer-naturellement,2026-07-22
micado-france.fr,Piege A Guepe : Guide Pratique Pour Fabriquer Et Utiliser Un Piège Efficace,piege guepe,https://micado-france.fr/piege-guepe-maison-installer-placer-entretien-appats,2026-07-22
micado-france.fr,"Pivoine Arbustive : Plantation, Entretien, Floraison Et Erreurs à éviter",pivoine arbustive,https://micado-france.fr/pivoine-arbustive-plantation-entretien-floraison-arrosage-sol,2026-07-22
micado-france.fr,"Purin D'ortie : Recette, Dosages Et Utilisations Au Jardin",purin ortie,https://micado-france.fr/purin-ortie-bienfaits-recette-dilution-usage-jardin,2026-07-22
miui-france.org,Comédie-Française : un voyage critique au cœur d'une troupe en perte de vitesse | Miui-france.org,comédie française,https://www.miui-france.org/comedie-francaise-un-voyage-critique-au-coeur-dune-troupe-en-perte-de-vitesse,2026-07-22
miui-france.org,Guide pratique : Créez facilement votre adresse email Apple @icloud.com | Miui-france.org,pratique,https://www.miui-france.org/creer-email-apple-icloud,2026-07-22
miui-france.org,Guide pratique : Créez une adresse email masquée avec la fonction 'Masquer mon e-mail' d'Apple | Miui-france.org,pratique,https://www.miui-france.org/email-masque-apple,2026-07-22
miui-france.org,"L’Odyssée dévoilée : nos hypothèses sur le retournement de situation d’Athéna, le chef-d’œuvre du suspense signé Nolan ? | Miui-france.org",odyssée dévoilée,https://www.miui-france.org/lodyssee-devoilee-nos-hypotheses-sur-le-retournement-de-situation-dathena-le-chef-doeuvre-du-suspense-signe-nolan,2026-07-22
miui-france.org,Notre-Dame en flammes : une réflexion brûlante sur la guerre du feu | Miui-france.org,notre dame flammes,https://www.miui-france.org/notre-dame-en-flammes-une-reflexion-brulante-sur-la-guerre-du-feu,2026-07-22
miui-france.org,PayPal : Garantir la Sécurité et la Confidentialité de Vos Transactions en Ligne | Miui-france.org,paypal,https://www.miui-france.org/paypal-securite-transactions,2026-07-22
miui-france.org,adresse email apple Archives | Miui-france.org,email apple archives,https://www.miui-france.org/tag/adresse-email-apple,2026-07-22
miui-france.org,adresse email masquée Archives | Miui-france.org,email masquée archives,https://www.miui-france.org/tag/adresse-email-masquee,2026-07-22
miui-france.org,apple Archives | Miui-france.org,apple archives,https://www.miui-france.org/tag/apple,2026-07-22
miui-france.org,email icloud Archives | Miui-france.org,email icloud archives,https://www.miui-france.org/tag/email-icloud,2026-07-22
miui-france.org,email sécurisé Archives | Miui-france.org,email sécurisé archives,https://www.miui-france.org/tag/email-securise,2026-07-22
miui-france.org,guide pratique email Archives | Miui-france.org,pratique email archives,https://www.miui-france.org/tag/guide-pratique-email,2026-07-22
miui-france.org,masquer mon e-mail Archives | Miui-france.org,masquer mon mail,https://www.miui-france.org/tag/masquer-mon-e-mail,2026-07-22
miui-france.org,paiements en ligne Archives | Miui-france.org,paiements ligne archives,https://www.miui-france.org/tag/paiements-en-ligne,2026-07-22
miui-france.org,paypal Archives | Miui-france.org,paypal archives,https://www.miui-france.org/tag/paypal,2026-07-22
miui-france.org,sécurité des paiements Archives | Miui-france.org,sécurité paiements archives,https://www.miui-france.org/tag/securite-des-paiements,2026-07-22
miui-france.org,transactions sécurisées Archives | Miui-france.org,transactions sécurisées archives,https://www.miui-france.org/tag/transactions-securisees,2026-07-22
miui-france.org,tutoriel icloud Archives | Miui-france.org,tutoriel icloud archives,https://www.miui-france.org/tag/tutoriel-icloud,2026-07-22
miui-france.org,"Tenet : Christopher Nolan rassure les fans face à la complexité du film, pourquoi il est normal de ne pas tout saisir du premier coup | Miui-france.org",tenet,https://www.miui-france.org/tenet-christopher-nolan-rassure-les-fans-face-a-la-complexite-du-film-pourquoi-il-est-normal-de-ne-pas-tout-saisir-du-premier-coup,2026-07-22
miui-france.org,X-Men : les révélations des acteurs sur les rumeurs entourant le casting du prochain film Marvel post-Doomsday | Miui-france.org,men,https://www.miui-france.org/x-men-les-revelations-des-acteurs-sur-les-rumeurs-entourant-le-casting-du-prochain-film-marvel-post-doomsday,2026-07-22
miui-france.org,Yellowstone : Ed Harris exprime son mécontentement vis-à-vis de la série dérivée Dutton Ranch de Paramount+ | Miui-france.org,yellowstone,https://www.miui-france.org/yellowstone-ed-harris-exprime-son-mecontentement-vis-a-vis-de-la-serie-derivee-dutton-ranch-de-paramount,2026-07-22
monhabitoo.fr,Pellets de bois Leclerc : prix des sacs et palettes,pellets bois leclerc,https://monhabitoo.fr/pellets-de-bois-leclerc-prix-des-sacs-et-palettes,2026-07-22
monhabitoo.fr,Remplacer vanne de cuve 1000L : le guide complet,vanne cuve 1000l,https://monhabitoo.fr/remplacer-vanne-de-cuve-1000l-le-guide-complet,2026-07-22
monhabitoo.fr,Schéma fosse septique avec bac à graisse,schéma fosse septique,https://monhabitoo.fr/schema-fosse-septique-avec-bac-a-graisse,2026-07-22
monimmeuble.com,"​Baromètre du crédit APIC 2026 : crédit, courtiers et marché",baromètre crédit apic,https://monimmeuble.com/actualite/barometre-du-credit-apic-2026-credit-courtiers-et-marche,2026-07-22
monimmeuble.com,​Investissement immobilier participatif : les Français prêts à changer de modèle ?,investissement immobilier participatif,https://monimmeuble.com/actualite/investissement-immobilier-participatif-les-francais-prets-a-changer-de-modele,2026-07-22
monimmeuble.com,​Marché du bâtiment 2030 : redressement ou simple répit pour le BTP ?,marché bâtiment 2030,https://monimmeuble.com/actualite/marche-du-batiment-2030-redressement-ou-simple-repit-pour-le-btp,2026-07-22
monimmeuble.com,​Peut-on ouvrir un compte bancaire gratuit pour sa SCI ?,compte bancaire gratuit,https://monimmeuble.com/actualite/peut-on-ouvrir-un-compte-bancaire-gratuit-pour-sa-sci,2026-07-22
monimmeuble.com,Résolution à l'ordre du jour de l'AG : quand le syndic a raison de refuser,résolution ordre jour,https://monimmeuble.com/actualite/resolution-a-lordre-du-jour-de-lag-quand-le-syndic-a-raison-de-refuser,2026-07-22
monimmeuble.com,"​Taxe sur les logements vacants à Paris : 30 % puis 60 %, ce qui change en 2027",logements vacants paris,https://monimmeuble.com/actualite/taxe-sur-les-logements-vacants-a-paris-30-puis-60-ce-qui-change-en-2027,2026-07-22
needl.fr,Pourquoi des informations d’entreprise fiables facilitent les projets immobiliers - Needl,pourquoi informations entreprise,https://needl.fr/pourquoi-des-informations-dentreprise-fiables-facilitent-les-projets-immobiliers,2026-07-22
oocto.com,Estimer la valeur locative : calcul du loyer meublé - Oocto,estimer valeur locative,https://oocto.com/estimer-valeur-locative-calcul-loyer-meuble,2026-07-22
publicimmo.com,Visite lamaison360 virtuelle maison : comment transformer vos annonces ? - Public Immo,lamaison360 virtuelle maison,https://publicimmo.com/visite-lamaison360-virtuelle-maison-comment-transformer-vos-annonces,2026-07-22
rennes-blog.org,Profil L'inox : guide d'achat complet pour artisans et bricoleurs exigeants - Rennes Blog,profil inox,https://rennes-blog.org/profil-linox-guide-dachat-complet-pour-artisans-et-bricoleurs-exigeants,2026-07-22
renovation-astuces.fr,Un appartement moderne pour une vie sereine - Renovation astuces,moderne vie sereine,https://renovation-astuces.fr/appartement-moderne-serenite-espaces-ouverts,2026-07-22
renovation-astuces.fr,Découvrez un caserío réhabilité au charme unique - Renovation astuces,caserío réhabilité charme,https://renovation-astuces.fr/caserio-rehabilite-charme-unique,2026-07-22
renovation-astuces.fr,Découvrez la cuisine blanche et bois avec îlot qui inspire - Renovation astuces,découvrez cuisine blanche,https://renovation-astuces.fr/cuisine-blanche-bois-ilot-decoration,2026-07-22
renovation-astuces.fr,Les erreurs à éviter en cuisine pour une alimentation saine - Renovation astuces,erreurs éviter cuisine,https://renovation-astuces.fr/erreurs-a-eviter-cuisine-saine,2026-07-22
renovation-astuces.fr,29 idées déco inspirées du Zen pour un intérieur scandinave - Renovation astuces,zen intérieur scandinave,https://renovation-astuces.fr/idees-deco-zen-scandinave,2026-07-22
renovation-astuces.fr,Découvrez l'îlot central extensible pour votre cuisine - Renovation astuces,extensible votre cuisine,https://renovation-astuces.fr/ilot-central-extensible-cuisine,2026-07-22
renovation-astuces.fr,Découvrez cette maison de campagne camouflée dans les arbres - Renovation astuces,maison campagne camouflée,https://renovation-astuces.fr/maison-campagne-camoufle-nature,2026-07-22
renovation-astuces.fr,Astuces pour optimiser votre cuisine petite et fonctionnelle - Renovation astuces,optimiser votre cuisine,https://renovation-astuces.fr/optimiser-cuisine-petite-espace,2026-07-22
renovation-astuces.fr,Découvrez les plantes d'intérieur faciles à cultiver - Renovation astuces,découvrez plantes intérieur,https://renovation-astuces.fr/plantes-interieur-faciles-a-cultiver,2026-07-22
renovation-astuces.fr,Découvrez nos plantes d'intérieur favorites - Renovation astuces,découvrez nos plantes,https://renovation-astuces.fr/plantes-interieur-favoris,2026-07-22
renovation-conseils.fr,Aménagez l'entrée de votre jardin avec style - Renovation-conseils.fr,votre jardin style,https://renovation-conseils.fr/amenagement-entre-jardin,2026-07-22
renovation-conseils.fr,Brise-vues et clôtures en bois : le guide pratique - Renovation-conseils.fr,brise vues clôtures,https://renovation-conseils.fr/brise-vues-clotures-bois,2026-07-22
renovation-conseils.fr,Brise-vues et clôtures : créez votre espace de vie extérieur - Renovation-conseils.fr,brise vues clôtures,https://renovation-conseils.fr/brise-vues-clotures-exterieur,2026-07-22
renovation-conseils.fr,5 idées pratiques pour cacher votre piscine du vis-à-vis - Renovation-conseils.fr,cacher votre piscine,https://renovation-conseils.fr/cacher-piscine-vis-a-vis,2026-07-22
renovation-conseils.fr,Découvrez la claire-voie en bois composite à teinte teck - Renovation-conseils.fr,découvrez claire voie,https://renovation-conseils.fr/claire-voie-bois-composite-teinte-teck,2026-07-22
renovation-conseils.fr,Clôtures en bambou : élégance et praticité pour votre jardin - Renovation-conseils.fr,clôtures bambou,https://renovation-conseils.fr/cloture-bambou-jardin,2026-07-22
renovation-conseils.fr,Comment choisir la clôture idéale pour votre jardin - Renovation-conseils.fr,idéale votre jardin,https://renovation-conseils.fr/cloture-par-vue-jardin,2026-07-22
renovation-conseils.fr,Clôtures de jardin : des modèles pour s'isoler des regards - Renovation-conseils.fr,clôtures jardin,https://renovation-conseils.fr/clotures-jardin-modele-intimite,2026-07-22
renovation-conseils.fr,Magnifiques compositions florales pour l’automne - Renovation-conseils.fr,compositions florales automne,https://renovation-conseils.fr/compositions-florales-automnales,2026-07-22
renovation-conseils.fr,Comment créer un jardin de plantes grasses chez soi - Renovation-conseils.fr,grasses chez soi,https://renovation-conseils.fr/jardin-plantes-grasses,2026-07-22
renovbox.com,"ADM Rénovation 49 à Trélazé : rénovation intérieure et isolation près d'Angers, avis - Renovbox",rénovation 49 trélazé,https://renovbox.com/entreprise/adm-renovation-49,2026-07-22
renovbox.com,AM Alsace Energies : chauffage et VMC double flux à Merkwiller-Pechelbronn (67) | Avis - Renovbox,am alsace energies,https://renovbox.com/entreprise/am-alsace-energies,2026-07-22
renovbox.com,"Artis Studio, architecte à Rouen : réhabilitation et rénovation BBC en Normandie, avis - Renovbox",studio architecte rouen,https://renovbox.com/entreprise/artis-studio-pierric-flandrin,2026-07-22
renovbox.com,"Atelier d'Architecture Luc Pfister (LP-A) à Schiltigheim : réhabilitation et rénovation, avis - Renovbox",pfister lp schiltigheim,https://renovbox.com/entreprise/atelier-architecture-luc-pfister,2026-07-22
renovbox.com,"Atelier Nicholas Diddi, architecte à Paris 19e : rénovation, réhabilitation et avis - Renovbox",diddi architecte paris,https://renovbox.com/entreprise/atelier-nicholas-diddi,2026-07-22
renovbox.com,,,https://renovbox.com/entreprise/az-couvertures,2026-07-22
renovbox.com,"BBS Sécurité à Viry-Châtillon (91) : serrurier Point Fort Fichet et menuiseries RGE, avis - Renovbox",viry châtillon 91,https://renovbox.com/entreprise/bbs-securite,2026-07-22
renovbox.com,"Bureau d'études Matté à Villeurbanne : ingénierie structure, fluides et thermique, avis - Renovbox",études matté villeurbanne,https://renovbox.com/entreprise/bureau-etudes-matte,2026-07-22
renovbox.com,CB Bois : menuiserie et agencement à Loury (45) | Avis - Renovbox,cb bois,https://renovbox.com/entreprise/cb-bois,2026-07-22
renovbox.com,"DT Couverture à Chagey (70) : couvreur RGE près d'Héricourt, avis et prestations - Renovbox",dt couverture chagey,https://renovbox.com/entreprise/dt-couverture,2026-07-22
renovbox.com,"Entreprise Générale SNPR à Rennes : enveloppe du bâtiment et patrimoine ancien, avis - Renovbox",générale snpr rennes,https://renovbox.com/entreprise/entreprise-generale-snpr,2026-07-22
renovbox.com,"EPCO Energies, bureau d'études thermiques et audit énergétique à Lyon : avis et missions - Renovbox",epco energies,https://renovbox.com/entreprise/epco-energies,2026-07-22
renovbox.com,"FG Concept à Mettray (37) : menuiseries et fermetures près de Tours, avis - Renovbox",fg concept mettray,https://renovbox.com/entreprise/fg-concept,2026-07-22
renovbox.com,,,https://renovbox.com/entreprise/fl-entreprise,2026-07-22
renovbox.com,,,https://renovbox.com/entreprise/gc-agencements,2026-07-22
renovbox.com,,,https://renovbox.com/entreprise/ha-agencement,2026-07-22
renovbox.com,"Hélios Habitat, isolation et VELUX à Fougères et Vitré : avis et prestations - Renovbox",hélios habitat isolation,https://renovbox.com/entreprise/helios-habitat,2026-07-22
renovbox.com,,,https://renovbox.com/entreprise/latelier-pascal-maurel-architecte,2026-07-22
renovbox.com,,,https://renovbox.com/entreprise/lk-couverture,2026-07-22
renovbox.com,"LP Charpente, charpentier et constructeur bois près d'Annecy (74) : avis et savoir-faire - Renovbox",charpente charpentier constructeur,https://renovbox.com/entreprise/lp-charpente,2026-07-22
renovbox.com,"Lucio Di Martino, architecte à Marseille : audit énergétique et rénovation, avis - Renovbox",martino architecte marseille,https://renovbox.com/entreprise/lucio-di-martino-architecte,2026-07-22
renovbox.com,Menuiserie AE : menuisier RGE à Vay (44) | Avis - Renovbox,menuiserie ae,https://renovbox.com/entreprise/menuiserie-ae,2026-07-22
renovbox.com,"RC Bois 85 à Longeville-sur-Mer : menuisier charpentier RGE en Vendée, avis - Renovbox",bois 85 longeville,https://renovbox.com/entreprise/rc-bois-85,2026-07-22
renovbox.com,"RS Fermetures à Saint-Maur-des-Fossés (94) : métallerie, menuiseries RGE et avis - Renovbox",rs fermetures saint,https://renovbox.com/entreprise/rs-fermetures,2026-07-22
renovbox.com,"SARL Banovic à Estagel (66) : façadier RGE et isolation par l'extérieur, avis - Renovbox",sarl banovic estagel,https://renovbox.com/entreprise/sarl-banovic,2026-07-22
renovbox.com,"SF Étanchéité à Bourguignon (25) : toitures terrasses et étanchéité RGE, avis - Renovbox",sf étanchéité bourguignon,https://renovbox.com/entreprise/sf-etancheite,2026-07-22
renovbox.com,"SJ Plomberie à Anse (69) : plombier chauffagiste RGE, avis et prestations - Renovbox",sj plomberie anse,https://renovbox.com/entreprise/sj-plomberie,2026-07-22
renovbox.com,"SK Energie, pompe à chaleur et climatisation à Paris 20e : avis et prestations - Renovbox",chaleur climatisation paris,https://renovbox.com/entreprise/sk-energie,2026-07-22
renovbox.com,Prix isolation des combles : tarifs au m² et aides,prix isolation combles,https://renovbox.com/prix-isolation-combles,2026-07-22
renovbox.com,Vidange de fosse septique en urgence : votre expert disponible 24h/24 et 7j/7,fosse septique urgence,https://renovbox.com/vidange-fosse-septique-en-urgence-votre-expert-disponible-24h-24-7j-7,2026-07-22
revue-immo.com,Crédit immobilier remboursé : les démarches à effectuer,crédit immobilier remboursé,https://revue-immo.com/fin-remboursement-credit,2026-07-22
stid-france.fr,Conversion Minutes en Heures : Calcul Rapide et Simple ⏳,conversion minutes heures,https://stid-france.fr/conversion-minutes-en-heures,2026-07-22
stid-france.fr,IPN Air France : Accès Facile à Votre Intranet et Outils 🚀,ipn air france,https://stid-france.fr/ipn-air-france,2026-07-22
stid-france.fr,L’accompagnement d’une agence pour réussir son achat immobilier à Dubaï - Stid France,achat immobilier dubaï,https://stid-france.fr/laccompagnement-dune-agence-pour-reussir-son-achat-immobilier-a-dubai,2026-07-22
terhexagone-immo.fr,Assurance annulation de voyage : quand et comment se couvrir,assurance annulation voyage,https://terhexagone-immo.fr/assurance-annulation-de-voyage-couvrir-le-sejour-que-vous-ne-partirez-peut-etre-pas,2026-07-22
top-maison-confort.fr,Aménagez un bureau fonctionnel avec un lit d'appoint - top-maison-confort.fr,aménagez bureau fonctionnel,https://top-maison-confort.fr/bureau-fonctionnel-lit-appoint,2026-07-22
top-maison-confort.fr,20 idées de chambres sous les combles pour plafonds bas - top-maison-confort.fr,combles plafonds bas,https://top-maison-confort.fr/chambres-combles-plafonds-bas-idees,2026-07-22
top-maison-confort.fr,Des chambre d'enfants stylées sans licornes ni dinosaures - top-maison-confort.fr,licornes ni dinosaures,https://top-maison-confort.fr/chambres-enfants-style-sans-licornes,2026-07-22
top-maison-confort.fr,Inspirez-vous de la décoration de chambre boho japonaise - top-maison-confort.fr,décoration chambre boho,https://top-maison-confort.fr/decoration-chambre-boho-japonaise,2026-07-22
top-maison-confort.fr,12 idées astucieuses pour optimiser votre studio - top-maison-confort.fr,optimiser votre studio,https://top-maison-confort.fr/idees-optimiser-studio,2026-07-22
travaux-astuces.fr,"Découvrez le jardin de baignade, une oasis de paix - Travaux-astuces.fr",jardin baignade oasis,https://travaux-astuces.fr/jardin-de-baignade-oasis-de-paix,2026-07-22
travaux-astuces.fr,Découvrez le concept de piscine sans marche - Travaux-astuces.fr,piscine sans marche,https://travaux-astuces.fr/piscine-sans-marche,2026-07-22
travaux-astuces.fr,Profitez de la baignade éco-responsable à la maison - Travaux-astuces.fr,profitez baignade éco,https://travaux-astuces.fr/piscines-naturelles-eco-responsables,2026-07-22
travaux-astuces.fr,Retraite charmante dans les arbres : une évasion nature cosy - Travaux-astuces.fr,retraite charmante arbres,https://travaux-astuces.fr/retraite-charmante-arbres-nature,2026-07-22
travaux-astuces.fr,Agrandissez votre espace de vie avec des solutions extérieures - Travaux-astuces.fr,espace vie solutions,https://travaux-astuces.fr/solutions-exterieures-pour-maison,2026-07-22
travaux-magazine.fr,Des activités créatives Halloween à faire soi-même - Travaux-magazine.fr,halloween faire soi,https://travaux-magazine.fr/activites-creatives-halloween-diy,2026-07-22
travaux-magazine.fr,Activités ludiques autour de la lettre A pour les enfants - Travaux-magazine.fr,autour lettre enfants,https://travaux-magazine.fr/activites-lettre-a-enfants,2026-07-22
travaux-magazine.fr,Aménager un coin bureau convivial dans votre salon - Travaux-magazine.fr,aménager coin bureau,https://travaux-magazine.fr/amenager-coin-bureau-salon,2026-07-22
travaux-magazine.fr,Créez un coin bureau cosy dans la chambre d'amis - Travaux-magazine.fr,coin bureau cosy,https://travaux-magazine.fr/coin-bureau-chambre-amis,2026-07-22
travaux-magazine.fr,Améliorez votre bureau moderne avec ces conseils pratiques - Travaux-magazine.fr,votre bureau moderne,https://travaux-magazine.fr/conseils-bureau-moderne,2026-07-22
travaux-magazine.fr,Optimiser son bureau dans la chambre : nos conseils pratiques - Travaux-magazine.fr,optimiser son bureau,https://travaux-magazine.fr/organiser-bureau-dans-chambre,2026-07-22
travaux-magazine.fr,Comment organiser votre bureau pour une efficacité durable - Travaux-magazine.fr,votre bureau efficacité,https://travaux-magazine.fr/organiser-bureau-durablement,2026-07-22
travaux-magazine.fr,Comment créer des rangements efficaces sans perdre de place - Travaux-magazine.fr,rangements efficaces sans,https://travaux-magazine.fr/rangement-efficace-sans-perdre-place,2026-07-22
travaux-magazine.fr,Idées de tableaux pour la chambre : inspirez-vous ! - Travaux-magazine.fr,idées tableaux chambre,https://travaux-magazine.fr/tableaux-chambre-decoration,2026-07-22
travaux-specialistes.fr,L'appartement loft moderne : une touche contemporaine chez vous - Travaux-specialistes.fr,appartement loft moderne,https://travaux-specialistes.fr/appartement-loft-moderne,2026-07-22
travaux-specialistes.fr,Idées pour un bureau mezzanine avec claustras décoratifs - Travaux-specialistes.fr,bureau mezzanine claustras,https://travaux-specialistes.fr/bureau-mezzanine-claustras-decoratifs,2026-07-22
travaux-specialistes.fr,Construire un chalet en bois à Mimizan : guide pratique - Travaux-specialistes.fr,chalet bois mimizan,https://travaux-specialistes.fr/construction-chalet-bois-mimizan,2026-07-22
travaux-specialistes.fr,Découvrez la maison géonef autosuffisante en Dordogne - Travaux-specialistes.fr,maison géonef autosuffisante,https://travaux-specialistes.fr/maison-geo-nef-autosuffisante-dordogne,2026-07-22
travaux-specialistes.fr,Explorez la maison de vos rêves à Jávea - Travaux-specialistes.fr,maison vos rêves,https://travaux-specialistes.fr/maison-reve-javea,2026-07-22
travaux-specialistes.fr,Découvrez cette petite maison française de 10m2 - Travaux-specialistes.fr,maison française 10m2,https://travaux-specialistes.fr/petite-maison-10m2-france,2026-07-22
travaux-specialistes.fr,Découvrez des plans de maison en conteneur pour votre avenir - Travaux-specialistes.fr,maison conteneur votre,https://travaux-specialistes.fr/plans-maison-conteneur,2026-07-22
travaux-specialistes.fr,Découvrez la villa contemporaine pour un cadre de vie idéal - Travaux-specialistes.fr,découvrez villa contemporaine,https://travaux-specialistes.fr/villa-contemporaine-inspiration-architecture,2026-07-22
www.3ehabitat.fr,Ce que personne ne vous dit avant de chercher un logement étudiant dans une nouvelle ville - 3e habitat,logement étudiant nouvelle,https://www.3ehabitat.fr/ce-que-personne-ne-vous-dit-avant-de-chercher-un-logement-etudiant-dans-une-nouvelle-ville,2026-07-22
www.3ehabitat.fr,Mur de refends définition : guide pratique pour les particuliers qui construisent - 3e habitat,mur refends définition,https://www.3ehabitat.fr/mur-de-refends-definition-guide-pratique-pour-les-particuliers-qui-construisent,2026-07-22
www.agence-etoile.fr,GARAGE FERME ST GINIEZ - AV DE MAZARGUES 8º - Agence Etoile,ferme st giniez,https://www.agence-etoile.fr/en/property/garage-ferme-st-giniez-av-de-mazargues-8o-2,2026-07-22
www.agence-etoile.fr,TYPE 3 - NEAR VALMANTE - RESIDENCE MICHELET - DELATTRE - Agence Etoile,type,https://www.agence-etoile.fr/en/property/type-3-near-valmante-residence-michelet-delattre,2026-07-22
www.agence-etoile.fr,TYPE 3 WITH PARKING LE CABOT - Agence Etoile,parking cabot,https://www.agence-etoile.fr/en/property/type-3-with-parking-le-cabot,2026-07-22
www.agence-etoile.fr,GARAGE FERME ST GINIEZ - AV DE MAZARGUES 8o - Agence Etoile,ferme st giniez,https://www.agence-etoile.fr/property/garage-ferme-st-giniez-av-de-mazargues-8o,2026-07-22
www.agence-etoile.fr,TYPE 3 AVEC PARKING LE CABOT - Agence Etoile,type parking cabot,https://www.agence-etoile.fr/property/type-3-avec-parking-le-cabot,2026-07-22
www.agence-etoile.fr,TYPE 3 - PROXIMITE VALMANTE - RESIDENCE MICHELET - DELATTRE - Agence Etoile,type,https://www.agence-etoile.fr/property/type-3-proximite-valmante-residence-michelet-delattre,2026-07-22
www.agencedumoulin87.fr,Guide complet des convertisseurs DC vers AC - Agence du Moulin,convertisseurs dc vers,https://www.agencedumoulin87.fr/guide-complet-des-convertisseurs-dc-vers-ac,2026-07-22
www.agencedupaysdaigues.com,Logement social : trouvez-le vite en ligne !,logement social,https://www.agencedupaysdaigues.com/denichez-votre-logement-social-facilement-grace-aux-plateformes-en-ligne,2026-07-22
www.agencedupaysdaigues.com,Pourquoi découvrir les différentes gammes de couchage peut améliorer votre sommeil Agencedupaysdaigues,votre sommeil agencedupaysdaigues,https://www.agencedupaysdaigues.com/pourquoi-decouvrir-les-differentes-gammes-de-couchage-peut-ameliorer-votre-sommeil,2026-07-22
www.agencedupaysdaigues.com,Vigneux-sur-Seine 2026 : Guide des Quartiers Incontournables,vigneux seine 2026,https://www.agencedupaysdaigues.com/vigneux-sur-seine-2026-decouvrez-les-quartiers-incontournables-dans-notre-guide-complet,2026-07-22
www.agglo-gpso.fr,Sabrina Medjebeur origine arabe : comment les médias racontent son histoire - GPSO,sabrina medjebeur origine,https://www.agglo-gpso.fr/sabrina-medjebeur-origine-arabe-comment-les-medias-racontent-son-histoire,2026-07-22
www.airnews.net,Petite annonce Massage : comment mettre en avant vos spécialités bien-être - Airnews,petite annonce massage,https://www.airnews.net/petite-annonce-massage-comment-mettre-en-avant-vos-specialites-bien-etre,2026-07-22
www.ameliorer-mon-logement.fr,Attestation de loyer remplie par votre bailleur : guide,remplie votre bailleur,https://www.ameliorer-mon-logement.fr/attestation-de-loyer-remplie-par-votre-bailleur,2026-07-22
www.ameliorer-mon-logement.fr,C'est quoi un bailleur ? Explication simple et complète,est quoi bailleur,https://www.ameliorer-mon-logement.fr/c-est-quoi-un-bailleur,2026-07-22
www.ameliorer-mon-logement.fr,Prix d'une Chaudière à Gaz : Guide Complet pour Choisir,prix chaudière gaz,https://www.ameliorer-mon-logement.fr/combien-coute-une-chaudiere-a-gaz-comprendre-pour-mieux-choisir,2026-07-22
www.ameliorer-mon-logement.fr,Isolation phonique mur chambre sans travaux,isolation phonique mur,https://www.ameliorer-mon-logement.fr/isolation-phonique-mur-chambre-sans-travaux,2026-07-22
www.amv-immo.fr,Logement social 56 : Trouver un logement disponible en 2026,logement social 56,https://www.amv-immo.fr/logement-social-56-comment-trouver-une-habitation-disponible-en-2026,2026-07-22
www.amv-immo.fr,Logement social dans le 66 : guide pratique et démarches,logement social 66,https://www.amv-immo.fr/logement-social-disponible-dans-le-66-comment-en-beneficier-et-quelles-sont-les-demarches,2026-07-22
www.amv-immo.fr,Néolia 2026 : Trouvez Votre Futur Logement Disponible,néolia 2026,https://www.amv-immo.fr/neolia-logement-disponible-trouvez-votre-futur-chez-vous-en-2026,2026-07-22
www.amv-immo.fr,Plafond logement social : optimisez confort et économies,plafond logement social,https://www.amv-immo.fr/plafond-pour-logement-social-comment-optimiser-confort-et-economie,2026-07-22
www.amv-immo.fr,Plafonds de ressources 2023 : guide du logement social,plafonds ressources 2023,https://www.amv-immo.fr/plafonds-de-ressources-pour-le-logement-social-en-2023-ce-quil-faut-savoir,2026-07-22
www.amv-immo.fr,Simulez vite vos aides au logement : guide express,vos aides logement,https://www.amv-immo.fr/simulation-aides-logement-comment-estimer-vos-droits-rapidement,2026-07-22
www.b2btoday.com,Votre nom figure dans la liste d'une violation de données ? Découvrez comment réagir • Le blog B2B,votre nom figure,https://www.b2btoday.com/violation-de-donnees-comment-reagir-11274,2026-07-22
www.bambouhabitat.com,Comment optimiser l'espace de rangement dans votre cuisine avec des accessoires malins ?,rangement votre cuisine,https://www.bambouhabitat.com/comment-optimiser-lespace-de-rangement-dans-votre-cuisine-avec-des-accessoires-malins,2026-07-22
www.belnap.fr,Comment sublimer votre extérieur avec une pergola brise soleil ?,votre extérieur pergola,https://www.belnap.fr/comment-sublimer-votre-exterieur-avec-une-pergola-brise-soleil,2026-07-22
www.blog-actif.net,One Punch Man scanlations : astuces pour une lecture fluide sur mobile et tablette - Blog Actif,punch man scanlations,https://www.blog-actif.net/one-punch-man-scanlations-astuces-pour-une-lecture-fluide-sur-mobile-et-tablette,2026-07-22
www.blueprintforsafety.org,Amortissement non déductible véhicule tourisme : éviter les redressements en 2026 - Blueprint For Safety,déductible véhicule tourisme,https://www.blueprintforsafety.org/amortissement-non-deductible-vehicule-tourisme-eviter-les-redressements-en-2026,2026-07-22
www.blueprintforsafety.org,Ce que la forme de votre banque d'accueil dit de votre commerce - Blueprint For Safety,votre banque accueil,https://www.blueprintforsafety.org/ce-que-la-forme-de-votre-banque-daccueil-dit-de-votre-commerce,2026-07-22
www.cap-btp.com,Comparateur d'assurance décennale : trouvez les meilleurs devis pour votre ...,comparateur assurance décennale,https://www.cap-btp.com/comparateur-dassurance-decennale-trouvez-les-meilleurs-devis-pour-votre-activite,2026-07-22
www.cap-btp.com,Piscine carrelée ou liner : quel choix pour un bassin durable et esthétique ?,piscine carrelée liner,https://www.cap-btp.com/piscine-carrelee-ou-liner-quel-choix-pour-un-bassin-durable-et-esthetique,2026-07-22
www.cercll.fr,Éclairage LED pour piscine : tout ce qu'il faut savoir avant d'équiper votre bassin,éclairage led piscine,https://www.cercll.fr/eclairage-led-pour-piscine-tout-ce-quil-faut-savoir-avant-dequiper-votre-bassin,2026-07-22
www.cercll.fr,Immobilier neuf : nos 5 critères pour bien choisir son programme et son promoteur,immobilier neuf,https://www.cercll.fr/immobilier-neuf-nos-5-criteres-pour-bien-choisir-son-programme-et-son-promoteur,2026-07-22
www.cercll.fr,Les erreurs à éviter lors du choix d'une porte d'entrée,choix porte entrée,https://www.cercll.fr/les-erreurs-a-eviter-lors-du-choix-dune-porte-dentree,2026-07-22
www.cercll.fr,La maison basse consommation vaut-elle vraiment le surcoût à la construction ?,maison basse consommation,https://www.cercll.fr/surcout-maison-basse-consommation-rentabilite,2026-07-22
www.cercll.fr,Terrasse et extérieur : les aménagements qui changent tout dans une maison,terrasse extérieur,https://www.cercll.fr/terrasse-et-exterieur-les-amenagements-qui-changent-tout-dans-une-maison,2026-07-22
www.cle-immobilier.net,Annuaire copro et statistiques de votre immeuble : ce que vous pouvez vraiment savoir - CLE Immobilier,statistiques votre immeuble,https://www.cle-immobilier.net/annuaire-copro-et-statistiques-de-votre-immeuble-ce-que-vous-pouvez-vraiment-savoir,2026-07-22
www.commentaider.fr,Développer son chiffre d’affaires grâce à un site web,son chiffre affaires,https://www.commentaider.fr/developper-son-chiffre-daffaires-grace-a-un-site-web,2026-07-22
www.commentaider.fr,Le classement des meilleurs CMS e-commerce en 2026,meilleurs cms commerce,https://www.commentaider.fr/le-classement-des-meilleurs-cms-e-commerce-en-2026,2026-07-22
www.coupefile-immobilier.com,Faut-il accepter un loyer caution garantie par une banque ? - Coupefile Immobilier,caution garantie banque,https://www.coupefile-immobilier.com/faut-il-accepter-un-loyer-caution-garantie-par-une-banque,2026-07-22
www.cyfernet.org,Mise en relation bailleur locataire : la location qui met tout le monde d'accord - cyfernet.org,relation bailleur locataire,https://www.cyfernet.org/mise-en-relation-bailleur-locataire-la-location-qui-met-tout-le-monde-daccord,2026-07-22
www.devis-travaux-maison-pro.fr,Façades noires et volets anthracite : pourquoi cette tendance peut vous coûter très cher / Enveloppe du bâtiment | Sekure devis travaux,façades noires volets,https://www.devis-travaux-maison-pro.fr/enveloppe-du-batiment/3286348_facades-noires-et-volets-anthracite-pourquoi-cette-tendance-peut-vous-couter-tres-cher,2026-07-22
www.easycessions.fr,Conseils pratiques pour l’entretien du tissu coton madras rouge jaune bleu,tissu coton madras,https://www.easycessions.fr/conseils-pratiques-pour-lentretien-du-tissu-coton-madras-rouge-jaune-bleu,2026-07-22
www.eco-finance.info,Rachat de crédit fonctionnaire : qui peut vraiment en bénéficier ?,rachat crédit fonctionnaire,https://www.eco-finance.info/rachat-credit-fonctionnaire,2026-07-22
www.espacecastillon.fr,Peut-on se Baigner avec du Chlore Choc ? Réponse Claire,choc réponse claire,https://www.espacecastillon.fr/baignade-chlore-choc,2026-07-22
www.espacecastillon.fr,Boîtier anti-humidité Électromagnétique : Avis & Efficacité,anti humidité électromagnétique,https://www.espacecastillon.fr/boitier-electromagnetique-avis,2026-07-22
www.etienne-services.fr,,,https://www.etienne-services.fr/allier/plombier-saint-pierre-laval-42620/debouchage-canalisation,2026-07-22
www.etienne-services.fr,,,https://www.etienne-services.fr/allier/plombier-saint-pierre-laval-42620/recherche-de-fuites,2026-07-22
www.etienne-services.fr,,,https://www.etienne-services.fr/alpes-de-haute-provence/plombier-la-rochette-06260/debouchage-canalisation,2026-07-22
www.etienne-services.fr,,,https://www.etienne-services.fr/alpes-de-haute-provence/plombier-la-rochette-06260/recherche-de-fuites,2026-07-22
www.etienne-services.fr,,,https://www.etienne-services.fr/alpes-de-haute-provence/plombier-saint-pierre-06260/debouchage-canalisation,2026-07-22
www.etienne-services.fr,,,https://www.etienne-services.fr/alpes-de-haute-provence/plombier-saint-pierre-06260/recherche-de-fuites,2026-07-22
www.etienne-services.fr,,,https://www.etienne-services.fr/alpes-maritimes/plombier-aiglun-06910/debouchage-canalisation,2026-07-22
www.etienne-services.fr,,,https://www.etienne-services.fr/alpes-maritimes/plombier-aiglun-06910/recherche-de-fuites,2026-07-22
www.etienne-services.fr,,,https://www.etienne-services.fr/alpes-maritimes/plombier-amirat-06910/debouchage-canalisation,2026-07-22
www.etienne-services.fr,,,https://www.etienne-services.fr/alpes-maritimes/plombier-amirat-06910/recherche-de-fuites,2026-07-22
www.etienne-services.fr,,,https://www.etienne-services.fr/alpes-maritimes/plombier-andon-06750/debouchage-canalisation,2026-07-22
www.etienne-services.fr,,,https://www.etienne-services.fr/alpes-maritimes/plombier-andon-06750/recherche-de-fuites,2026-07-22
www.etienne-services.fr,,,https://www.etienne-services.fr/alpes-maritimes/plombier-ascros-06260/debouchage-canalisation,2026-07-22
www.etienne-services.fr,,,https://www.etienne-services.fr/alpes-maritimes/plombier-ascros-06260/recherche-de-fuites,2026-07-22
www.etienne-services.fr,,,https://www.etienne-services.fr/alpes-maritimes/plombier-aspremont-06790/debouchage-canalisation,2026-07-22
www.etienne-services.fr,,,https://www.etienne-services.fr/alpes-maritimes/plombier-aspremont-06790/recherche-de-fuites,2026-07-22
www.etienne-services.fr,,,https://www.etienne-services.fr/alpes-maritimes/plombier-auribeau-sur-siagne-06810/debouchage-canalisation,2026-07-22
www.etienne-services.fr,,,https://www.etienne-services.fr/alpes-maritimes/plombier-auribeau-sur-siagne-06810/recherche-de-fuites,2026-07-22
www.etienne-services.fr,,,https://www.etienne-services.fr/alpes-maritimes/plombier-auvare-06260/debouchage-canalisation,2026-07-22
www.etienne-services.fr,,,https://www.etienne-services.fr/alpes-maritimes/plombier-auvare-06260/recherche-de-fuites,2026-07-22
www.etienne-services.fr,,,https://www.etienne-services.fr/alpes-maritimes/plombier-bairols-06420/debouchage-canalisation,2026-07-22
www.etienne-services.fr,,,https://www.etienne-services.fr/alpes-maritimes/plombier-bairols-06420/recherche-de-fuites,2026-07-22
www.etienne-services.fr,,,https://www.etienne-services.fr/alpes-maritimes/plombier-beaulieu-sur-mer-06310/debouchage-canalisation,2026-07-22
www.etienne-services.fr,,,https://www.etienne-services.fr/alpes-maritimes/plombier-beaulieu-sur-mer-06310/recherche-de-fuites,2026-07-22
www.etienne-services.fr,,,https://www.etienne-services.fr/alpes-maritimes/plombier-belvedere-06450/debouchage-canalisation,2026-07-22
www.etienne-services.fr,,,https://www.etienne-services.fr/alpes-maritimes/plombier-belvedere-06450/recherche-de-fuites,2026-07-22
www.etienne-services.fr,,,https://www.etienne-services.fr/alpes-maritimes/plombier-bendejun-06390/debouchage-canalisation,2026-07-22
www.etienne-services.fr,,,https://www.etienne-services.fr/alpes-maritimes/plombier-bendejun-06390/recherche-de-fuites,2026-07-22
www.etienne-services.fr,,,https://www.etienne-services.fr/alpes-maritimes/plombier-berre-les-alpes-06390/debouchage-canalisation,2026-07-22
www.etienne-services.fr,,,https://www.etienne-services.fr/alpes-maritimes/plombier-berre-les-alpes-06390/recherche-de-fuites,2026-07-22
www.etienne-services.fr,,,https://www.etienne-services.fr/alpes-maritimes/plombier-beuil-06470/debouchage-canalisation,2026-07-22
www.etienne-services.fr,,,https://www.etienne-services.fr/alpes-maritimes/plombier-beuil-06470/recherche-de-fuites,2026-07-22
www.etienne-services.fr,,,https://www.etienne-services.fr/alpes-maritimes/plombier-bezaudun-les-alpes-06510/debouchage-canalisation,2026-07-22
www.etienne-services.fr,,,https://www.etienne-services.fr/alpes-maritimes/plombier-bezaudun-les-alpes-06510/recherche-de-fuites,2026-07-22
www.etienne-services.fr,,,https://www.etienne-services.fr/alpes-maritimes/plombier-blausasc-06440/debouchage-canalisation,2026-07-22
www.etienne-services.fr,,,https://www.etienne-services.fr/alpes-maritimes/plombier-blausasc-06440/recherche-de-fuites,2026-07-22
www.etienne-services.fr,,,https://www.etienne-services.fr/alpes-maritimes/plombier-bonson-06830/debouchage-canalisation,2026-07-22
www.etienne-services.fr,,,https://www.etienne-services.fr/alpes-maritimes/plombier-bonson-06830/recherche-de-fuites,2026-07-22
www.etienne-services.fr,,,https://www.etienne-services.fr/alpes-maritimes/plombier-bouyon-06510/debouchage-canalisation,2026-07-22
www.etienne-services.fr,,,https://www.etienne-services.fr/alpes-maritimes/plombier-bouyon-06510/recherche-de-fuites,2026-07-22
www.etienne-services.fr,,,https://www.etienne-services.fr/alpes-maritimes/plombier-breil-sur-roya-06540/debouchage-canalisation,2026-07-22
www.etienne-services.fr,,,https://www.etienne-services.fr/alpes-maritimes/plombier-breil-sur-roya-06540/recherche-de-fuites,2026-07-22
www.etienne-services.fr,,,https://www.etienne-services.fr/alpes-maritimes/plombier-brianconnet-06850/debouchage-canalisation,2026-07-22
www.etienne-services.fr,,,https://www.etienne-services.fr/alpes-maritimes/plombier-brianconnet-06850/recherche-de-fuites,2026-07-22
www.etienne-services.fr,,,https://www.etienne-services.fr/alpes-maritimes/plombier-cabris-06530/debouchage-canalisation,2026-07-22
www.etienne-services.fr,,,https://www.etienne-services.fr/alpes-maritimes/plombier-cabris-06530/recherche-de-fuites,2026-07-22
www.etienne-services.fr,,,https://www.etienne-services.fr/alpes-maritimes/plombier-caille-06750/debouchage-canalisation,2026-07-22
www.etienne-services.fr,,,https://www.etienne-services.fr/alpes-maritimes/plombier-caille-06750/recherche-de-fuites,2026-07-22
www.etienne-services.fr,,,https://www.etienne-services.fr/alpes-maritimes/plombier-cantaron-06340/debouchage-canalisation,2026-07-22
www.etienne-services.fr,,,https://www.etienne-services.fr/alpes-maritimes/plombier-cantaron-06340/recherche-de-fuites,2026-07-22
www.etienne-services.fr,,,https://www.etienne-services.fr/alpes-maritimes/plombier-cap-d-ail-06320/debouchage-canalisation,2026-07-22
www.etienne-services.fr,,,https://www.etienne-services.fr/alpes-maritimes/plombier-cap-d-ail-06320/recherche-de-fuites,2026-07-22
www.etienne-services.fr,,,https://www.etienne-services.fr/alpes-maritimes/plombier-castagniers-06670/debouchage-canalisation,2026-07-22
www.etienne-services.fr,,,https://www.etienne-services.fr/alpes-maritimes/plombier-castagniers-06670/recherche-de-fuites,2026-07-22
www.etienne-services.fr,,,https://www.etienne-services.fr/alpes-maritimes/plombier-castellar-06500/debouchage-canalisation,2026-07-22
www.etienne-services.fr,,,https://www.etienne-services.fr/alpes-maritimes/plombier-castellar-06500/recherche-de-fuites,2026-07-22
www.etienne-services.fr,,,https://www.etienne-services.fr/alpes-maritimes/plombier-castillon-06500/debouchage-canalisation,2026-07-22
www.etienne-services.fr,,,https://www.etienne-services.fr/alpes-maritimes/plombier-castillon-06500/recherche-de-fuites,2026-07-22
www.etienne-services.fr,,,https://www.etienne-services.fr/alpes-maritimes/plombier-caussols-06460/debouchage-canalisation,2026-07-22
www.etienne-services.fr,,,https://www.etienne-services.fr/alpes-maritimes/plombier-caussols-06460/recherche-de-fuites,2026-07-22
www.etienne-services.fr,,,https://www.etienne-services.fr/alpes-maritimes/plombier-chateauneuf-d-entraunes-06470/debouchage-canalisation,2026-07-22
www.etienne-services.fr,,,https://www.etienne-services.fr/alpes-maritimes/plombier-chateauneuf-d-entraunes-06470/recherche-de-fuites,2026-07-22
www.etienne-services.fr,,,https://www.etienne-services.fr/alpes-maritimes/plombier-chateauneuf-grasse-06740/debouchage-canalisation,2026-07-22
www.etienne-services.fr,,,https://www.etienne-services.fr/alpes-maritimes/plombier-chateauneuf-grasse-06740/recherche-de-fuites,2026-07-22
www.etienne-services.fr,,,https://www.etienne-services.fr/alpes-maritimes/plombier-chateauneuf-villevieille-06390/debouchage-canalisation,2026-07-22
www.etienne-services.fr,,,https://www.etienne-services.fr/alpes-maritimes/plombier-chateauneuf-villevieille-06390/recherche-de-fuites,2026-07-22
www.etienne-services.fr,,,https://www.etienne-services.fr/alpes-maritimes/plombier-cipieres-06620/debouchage-canalisation,2026-07-22
www.etienne-services.fr,,,https://www.etienne-services.fr/alpes-maritimes/plombier-cipieres-06620/recherche-de-fuites,2026-07-22
www.etienne-services.fr,,,https://www.etienne-services.fr/alpes-maritimes/plombier-clans-06420/debouchage-canalisation,2026-07-22
www.etienne-services.fr,,,https://www.etienne-services.fr/alpes-maritimes/plombier-clans-06420/recherche-de-fuites,2026-07-22
www.etienne-services.fr,,,https://www.etienne-services.fr/alpes-maritimes/plombier-coaraze-06390/debouchage-canalisation,2026-07-22
www.etienne-services.fr,,,https://www.etienne-services.fr/alpes-maritimes/plombier-coaraze-06390/recherche-de-fuites,2026-07-22
www.etienne-services.fr,,,https://www.etienne-services.fr/alpes-maritimes/plombier-collongues-06910/debouchage-canalisation,2026-07-22
www.etienne-services.fr,,,https://www.etienne-services.fr/alpes-maritimes/plombier-collongues-06910/recherche-de-fuites,2026-07-22
www.etienne-services.fr,,,https://www.etienne-services.fr/alpes-maritimes/plombier-colomars-06670/debouchage-canalisation,2026-07-22
www.etienne-services.fr,,,https://www.etienne-services.fr/alpes-maritimes/plombier-colomars-06670/recherche-de-fuites,2026-07-22
www.etienne-services.fr,,,https://www.etienne-services.fr/alpes-maritimes/plombier-consegudes-06510/debouchage-canalisation,2026-07-22
www.etienne-services.fr,,,https://www.etienne-services.fr/alpes-maritimes/plombier-consegudes-06510/recherche-de-fuites,2026-07-22
www.etienne-services.fr,,,https://www.etienne-services.fr/alpes-maritimes/plombier-courmes-06620/debouchage-canalisation,2026-07-22
www.etienne-services.fr,,,https://www.etienne-services.fr/alpes-maritimes/plombier-courmes-06620/recherche-de-fuites,2026-07-22
www.etienne-services.fr,,,https://www.etienne-services.fr/alpes-maritimes/plombier-coursegoules-06140/debouchage-canalisation,2026-07-22
www.etienne-services.fr,,,https://www.etienne-services.fr/alpes-maritimes/plombier-coursegoules-06140/recherche-de-fuites,2026-07-22
www.etienne-services.fr,,,https://www.etienne-services.fr/alpes-maritimes/plombier-cuebris-06910/debouchage-canalisation,2026-07-22
www.etienne-services.fr,,,https://www.etienne-services.fr/alpes-maritimes/plombier-cuebris-06910/recherche-de-fuites,2026-07-22
www.etienne-services.fr,,,https://www.etienne-services.fr/alpes-maritimes/plombier-daluis-06470/debouchage-canalisation,2026-07-22
www.etienne-services.fr,,,https://www.etienne-services.fr/alpes-maritimes/plombier-daluis-06470/recherche-de-fuites,2026-07-22
www.etienne-services.fr,,,https://www.etienne-services.fr/alpes-maritimes/plombier-drap-06340/debouchage-canalisation,2026-07-22
www.etienne-services.fr,,,https://www.etienne-services.fr/alpes-maritimes/plombier-drap-06340/recherche-de-fuites,2026-07-22
www.etienne-services.fr,,,https://www.etienne-services.fr/alpes-maritimes/plombier-duranus-06670/debouchage-canalisation,2026-07-22
www.etienne-services.fr,,,https://www.etienne-services.fr/alpes-maritimes/plombier-duranus-06670/recherche-de-fuites,2026-07-22
www.etienne-services.fr,,,https://www.etienne-services.fr/alpes-maritimes/plombier-entraunes-06470/debouchage-canalisation,2026-07-22
www.etienne-services.fr,,,https://www.etienne-services.fr/alpes-maritimes/plombier-entraunes-06470/recherche-de-fuites,2026-07-22
www.etienne-services.fr,,,https://www.etienne-services.fr/alpes-maritimes/plombier-escragnolles-06460/debouchage-canalisation,2026-07-22
www.etienne-services.fr,,,https://www.etienne-services.fr/alpes-maritimes/plombier-escragnolles-06460/recherche-de-fuites,2026-07-22
www.etienne-services.fr,,,https://www.etienne-services.fr/alpes-maritimes/plombier-eze-06360/debouchage-canalisation,2026-07-22
www.etienne-services.fr,,,https://www.etienne-services.fr/alpes-maritimes/plombier-eze-06360/recherche-de-fuites,2026-07-22
www.etienne-services.fr,,,https://www.etienne-services.fr/alpes-maritimes/plombier-falicon-06950/debouchage-canalisation,2026-07-22
www.etienne-services.fr,,,https://www.etienne-services.fr/alpes-maritimes/plombier-falicon-06950/recherche-de-fuites,2026-07-22
www.etienne-services.fr,,,https://www.etienne-services.fr/alpes-maritimes/plombier-fontan-06540/debouchage-canalisation,2026-07-22
www.etienne-services.fr,,,https://www.etienne-services.fr/alpes-maritimes/plombier-fontan-06540/recherche-de-fuites,2026-07-22
www.etienne-services.fr,,,https://www.etienne-services.fr/alpes-maritimes/plombier-gars-06850/debouchage-canalisation,2026-07-22
www.etienne-services.fr,,,https://www.etienne-services.fr/alpes-maritimes/plombier-gars-06850/recherche-de-fuites,2026-07-22
www.etienne-services.fr,,,https://www.etienne-services.fr/alpes-maritimes/plombier-gattieres-06510/debouchage-canalisation,2026-07-22
www.etienne-services.fr,,,https://www.etienne-services.fr/alpes-maritimes/plombier-gattieres-06510/recherche-de-fuites,2026-07-22
www.etienne-services.fr,,,https://www.etienne-services.fr/alpes-maritimes/plombier-gilette-06830/debouchage-canalisation,2026-07-22
www.etienne-services.fr,,,https://www.etienne-services.fr/alpes-maritimes/plombier-gilette-06830/recherche-de-fuites,2026-07-22
www.etienne-services.fr,,,https://www.etienne-services.fr/alpes-maritimes/plombier-gorbio-06500/debouchage-canalisation,2026-07-22
www.etienne-services.fr,,,https://www.etienne-services.fr/alpes-maritimes/plombier-gorbio-06500/recherche-de-fuites,2026-07-22
www.etienne-services.fr,,,https://www.etienne-services.fr/alpes-maritimes/plombier-gourdon-06620/debouchage-canalisation,2026-07-22
www.etienne-services.fr,,,https://www.etienne-services.fr/alpes-maritimes/plombier-gourdon-06620/recherche-de-fuites,2026-07-22
www.etienne-services.fr,,,https://www.etienne-services.fr/alpes-maritimes/plombier-greolieres-06620/debouchage-canalisation,2026-07-22
www.etienne-services.fr,,,https://www.etienne-services.fr/alpes-maritimes/plombier-greolieres-06620/recherche-de-fuites,2026-07-22
www.etienne-services.fr,,,https://www.etienne-services.fr/alpes-maritimes/plombier-guillaumes-06470/debouchage-canalisation,2026-07-22
www.etienne-services.fr,,,https://www.etienne-services.fr/alpes-maritimes/plombier-guillaumes-06470/recherche-de-fuites,2026-07-22
www.etienne-services.fr,,,https://www.etienne-services.fr/alpes-maritimes/plombier-ilonse-06420/debouchage-canalisation,2026-07-22
www.etienne-services.fr,,,https://www.etienne-services.fr/alpes-maritimes/plombier-ilonse-06420/recherche-de-fuites,2026-07-22
www.etienne-services.fr,,,https://www.etienne-services.fr/alpes-maritimes/plombier-isola-06420/debouchage-canalisation,2026-07-22
www.etienne-services.fr,,,https://www.etienne-services.fr/alpes-maritimes/plombier-isola-06420/recherche-de-fuites,2026-07-22
www.etienne-services.fr,,,https://www.etienne-services.fr/alpes-maritimes/plombier-l-escarene-06440/debouchage-canalisation,2026-07-22
www.etienne-services.fr,,,https://www.etienne-services.fr/alpes-maritimes/plombier-l-escarene-06440/recherche-de-fuites,2026-07-22
www.etienne-services.fr,,,https://www.etienne-services.fr/alpes-maritimes/plombier-la-bollene-vesubie-06450/debouchage-canalisation,2026-07-22
www.etienne-services.fr,,,https://www.etienne-services.fr/alpes-maritimes/plombier-la-bollene-vesubie-06450/recherche-de-fuites,2026-07-22
www.etienne-services.fr,,,https://www.etienne-services.fr/alpes-maritimes/plombier-la-brigue-06430/debouchage-canalisation,2026-07-22
www.etienne-services.fr,,,https://www.etienne-services.fr/alpes-maritimes/plombier-la-brigue-06430/recherche-de-fuites,2026-07-22
www.etienne-services.fr,,,https://www.etienne-services.fr/alpes-maritimes/plombier-la-croix-sur-roudoule-06260/debouchage-canalisation,2026-07-22
www.etienne-services.fr,,,https://www.etienne-services.fr/alpes-maritimes/plombier-la-croix-sur-roudoule-06260/recherche-de-fuites,2026-07-22
www.etienne-services.fr,,,https://www.etienne-services.fr/alpes-maritimes/plombier-la-penne-06260/debouchage-canalisation,2026-07-22
www.etienne-services.fr,,,https://www.etienne-services.fr/alpes-maritimes/plombier-la-penne-06260/recherche-de-fuites,2026-07-22
www.etienne-services.fr,,,https://www.etienne-services.fr/alpes-maritimes/plombier-la-roquette-sur-siagne-06550/debouchage-canalisation,2026-07-22
www.etienne-services.fr,,,https://www.etienne-services.fr/alpes-maritimes/plombier-la-roquette-sur-siagne-06550/recherche-de-fuites,2026-07-22
www.etienne-services.fr,,,https://www.etienne-services.fr/alpes-maritimes/plombier-la-roquette-sur-var-06670/debouchage-canalisation,2026-07-22
www.etienne-services.fr,,,https://www.etienne-services.fr/alpes-maritimes/plombier-la-roquette-sur-var-06670/recherche-de-fuites,2026-07-22
www.etienne-services.fr,,,https://www.etienne-services.fr/alpes-maritimes/plombier-la-tour-06710/debouchage-canalisation,2026-07-22
www.etienne-services.fr,,,https://www.etienne-services.fr/alpes-maritimes/plombier-la-tour-06710/recherche-de-fuites,2026-07-22
www.etienne-services.fr,,,https://www.etienne-services.fr/alpes-maritimes/plombier-la-turbie-06320/debouchage-canalisation,2026-07-22
www.etienne-services.fr,,,https://www.etienne-services.fr/alpes-maritimes/plombier-la-turbie-06320/recherche-de-fuites,2026-07-22
www.etienne-services.fr,,,https://www.etienne-services.fr/alpes-maritimes/plombier-lantosque-06450/debouchage-canalisation,2026-07-22
www.etienne-services.fr,,,https://www.etienne-services.fr/alpes-maritimes/plombier-lantosque-06450/recherche-de-fuites,2026-07-22
www.etienne-services.fr,,,https://www.etienne-services.fr/alpes-maritimes/plombier-le-bar-sur-loup-06620/debouchage-canalisation,2026-07-22
www.etienne-services.fr,,,https://www.etienne-services.fr/alpes-maritimes/plombier-le-bar-sur-loup-06620/recherche-de-fuites,2026-07-22
www.etienne-services.fr,,,https://www.etienne-services.fr/alpes-maritimes/plombier-le-broc-06510/debouchage-canalisation,2026-07-22
www.etienne-services.fr,,,https://www.etienne-services.fr/alpes-maritimes/plombier-le-broc-06510/recherche-de-fuites,2026-07-22
www.etienne-services.fr,,,https://www.etienne-services.fr/alpes-maritimes/plombier-le-cannet-06110/debouchage-canalisation,2026-07-22
www.etienne-services.fr,,,https://www.etienne-services.fr/alpes-maritimes/plombier-le-mas-06910/debouchage-canalisation,2026-07-22
www.etienne-services.fr,,,https://www.etienne-services.fr/alpes-maritimes/plombier-le-mas-06910/recherche-de-fuites,2026-07-22
www.etienne-services.fr,,,https://www.etienne-services.fr/alpes-maritimes/plombier-le-rouret-06650/debouchage-canalisation,2026-07-22
www.etienne-services.fr,,,https://www.etienne-services.fr/alpes-maritimes/plombier-le-rouret-06650/recherche-de-fuites,2026-07-22
www.etienne-services.fr,,,https://www.etienne-services.fr/alpes-maritimes/plombier-le-tignet-06530/debouchage-canalisation,2026-07-22
www.etienne-services.fr,,,https://www.etienne-services.fr/alpes-maritimes/plombier-le-tignet-06530/recherche-de-fuites,2026-07-22
www.etienne-services.fr,,,https://www.etienne-services.fr/alpes-maritimes/plombier-les-ferres-06510/debouchage-canalisation,2026-07-22
www.etienne-services.fr,,,https://www.etienne-services.fr/alpes-maritimes/plombier-les-ferres-06510/recherche-de-fuites,2026-07-22
www.etienne-services.fr,,,https://www.etienne-services.fr/alpes-maritimes/plombier-les-mujouls-06910/debouchage-canalisation,2026-07-22
www.etienne-services.fr,,,https://www.etienne-services.fr/alpes-maritimes/plombier-les-mujouls-06910/recherche-de-fuites,2026-07-22
www.etienne-services.fr,,,https://www.etienne-services.fr/alpes-maritimes/plombier-levens-06670/debouchage-canalisation,2026-07-22
www.etienne-services.fr,,,https://www.etienne-services.fr/alpes-maritimes/plombier-levens-06670/recherche-de-fuites,2026-07-22
www.etienne-services.fr,,,https://www.etienne-services.fr/alpes-maritimes/plombier-lieuche-06260/debouchage-canalisation,2026-07-22
www.etienne-services.fr,,,https://www.etienne-services.fr/alpes-maritimes/plombier-lieuche-06260/recherche-de-fuites,2026-07-22
www.etienne-services.fr,,,https://www.etienne-services.fr/alpes-maritimes/plombier-luceram-06440/debouchage-canalisation,2026-07-22
www.etienne-services.fr,,,https://www.etienne-services.fr/alpes-maritimes/plombier-luceram-06440/recherche-de-fuites,2026-07-22
www.etienne-services.fr,,,https://www.etienne-services.fr/alpes-maritimes/plombier-malaussene-06710/debouchage-canalisation,2026-07-22
www.etienne-services.fr,,,https://www.etienne-services.fr/alpes-maritimes/plombier-malaussene-06710/recherche-de-fuites,2026-07-22
www.etienne-services.fr,,,https://www.etienne-services.fr/alpes-maritimes/plombier-marie-06420/debouchage-canalisation,2026-07-22
www.etienne-services.fr,,,https://www.etienne-services.fr/alpes-maritimes/plombier-marie-06420/recherche-de-fuites,2026-07-22
www.etienne-services.fr,,,https://www.etienne-services.fr/alpes-maritimes/plombier-massoins-06710/debouchage-canalisation,2026-07-22
www.etienne-services.fr,,,https://www.etienne-services.fr/alpes-maritimes/plombier-massoins-06710/recherche-de-fuites,2026-07-22
www.etienne-services.fr,,,https://www.etienne-services.fr/alpes-maritimes/plombier-moulinet-06380/debouchage-canalisation,2026-07-22
www.etienne-services.fr,,,https://www.etienne-services.fr/alpes-maritimes/plombier-moulinet-06380/recherche-de-fuites,2026-07-22
www.etienne-services.fr,,,https://www.etienne-services.fr/alpes-maritimes/plombier-opio-06650/debouchage-canalisation,2026-07-22
www.etienne-services.fr,,,https://www.etienne-services.fr/alpes-maritimes/plombier-opio-06650/recherche-de-fuites,2026-07-22
www.etienne-services.fr,,,https://www.etienne-services.fr/alpes-maritimes/plombier-peille-06440/debouchage-canalisation,2026-07-22
www.etienne-services.fr,,,https://www.etienne-services.fr/alpes-maritimes/plombier-peille-06440/recherche-de-fuites,2026-07-22
www.etienne-services.fr,,,https://www.etienne-services.fr/alpes-maritimes/plombier-peillon-06440/debouchage-canalisation,2026-07-22
www.etienne-services.fr,,,https://www.etienne-services.fr/alpes-maritimes/plombier-peillon-06440/recherche-de-fuites,2026-07-22
www.etienne-services.fr,,,https://www.etienne-services.fr/alpes-maritimes/plombier-peone-06470/debouchage-canalisation,2026-07-22
www.etienne-services.fr,,,https://www.etienne-services.fr/alpes-maritimes/plombier-peone-06470/recherche-de-fuites,2026-07-22
www.etienne-services.fr,,,https://www.etienne-services.fr/alpes-maritimes/plombier-pierlas-06260/debouchage-canalisation,2026-07-22
www.etienne-services.fr,,,https://www.etienne-services.fr/alpes-maritimes/plombier-pierlas-06260/recherche-de-fuites,2026-07-22
www.etienne-services.fr,,,https://www.etienne-services.fr/alpes-maritimes/plombier-pierrefeu-06910/debouchage-canalisation,2026-07-22
www.etienne-services.fr,,,https://www.etienne-services.fr/alpes-maritimes/plombier-pierrefeu-06910/recherche-de-fuites,2026-07-22
www.etienne-services.fr,,,https://www.etienne-services.fr/alpes-maritimes/plombier-puget-rostang-06260/debouchage-canalisation,2026-07-22
www.etienne-services.fr,,,https://www.etienne-services.fr/alpes-maritimes/plombier-puget-rostang-06260/recherche-de-fuites,2026-07-22
www.etienne-services.fr,,,https://www.etienne-services.fr/alpes-maritimes/plombier-puget-theniers-06260/debouchage-canalisation,2026-07-22
www.etienne-services.fr,,,https://www.etienne-services.fr/alpes-maritimes/plombier-puget-theniers-06260/recherche-de-fuites,2026-07-22
www.etienne-services.fr,,,https://www.etienne-services.fr/alpes-maritimes/plombier-revest-les-roches-06830/debouchage-canalisation,2026-07-22
www.etienne-services.fr,,,https://www.etienne-services.fr/alpes-maritimes/plombier-revest-les-roches-06830/recherche-de-fuites,2026-07-22
www.etienne-services.fr,,,https://www.etienne-services.fr/alpes-maritimes/plombier-rigaud-06260/debouchage-canalisation,2026-07-22
www.etienne-services.fr,,,https://www.etienne-services.fr/alpes-maritimes/plombier-rigaud-06260/recherche-de-fuites,2026-07-22
www.etienne-services.fr,,,https://www.etienne-services.fr/alpes-maritimes/plombier-rimplas-06420/debouchage-canalisation,2026-07-22
www.etienne-services.fr,,,https://www.etienne-services.fr/alpes-maritimes/plombier-rimplas-06420/recherche-de-fuites,2026-07-22
www.etienne-services.fr,,,https://www.etienne-services.fr/alpes-maritimes/plombier-roquebilliere-06450/debouchage-canalisation,2026-07-22
www.etienne-services.fr,,,https://www.etienne-services.fr/alpes-maritimes/plombier-roquebilliere-06450/recherche-de-fuites,2026-07-22
www.etienne-services.fr,,,https://www.etienne-services.fr/alpes-maritimes/plombier-roquesteron-06910/debouchage-canalisation,2026-07-22
www.etienne-services.fr,,,https://www.etienne-services.fr/alpes-maritimes/plombier-roquesteron-06910/recherche-de-fuites,2026-07-22
www.etienne-services.fr,,,https://www.etienne-services.fr/alpes-maritimes/plombier-roquesteron-grasse-06910/debouchage-canalisation,2026-07-22
www.etienne-services.fr,,,https://www.etienne-services.fr/alpes-maritimes/plombier-roquesteron-grasse-06910/recherche-de-fuites,2026-07-22
www.etienne-services.fr,,,https://www.etienne-services.fr/alpes-maritimes/plombier-roubion-06420/debouchage-canalisation,2026-07-22
www.etienne-services.fr,,,https://www.etienne-services.fr/alpes-maritimes/plombier-roubion-06420/recherche-de-fuites,2026-07-22
www.etienne-services.fr,,,https://www.etienne-services.fr/alpes-maritimes/plombier-roure-06420/debouchage-canalisation,2026-07-22
www.etienne-services.fr,,,https://www.etienne-services.fr/alpes-maritimes/plombier-roure-06420/recherche-de-fuites,2026-07-22
www.etienne-services.fr,,,https://www.etienne-services.fr/alpes-maritimes/plombier-saint-andre-de-la-roche-06730/debouchage-canalisation,2026-07-22
www.etienne-services.fr,,,https://www.etienne-services.fr/alpes-maritimes/plombier-saint-andre-de-la-roche-06730/recherche-de-fuites,2026-07-22
www.etienne-services.fr,,,https://www.etienne-services.fr/alpes-maritimes/plombier-saint-antonin-06260/debouchage-canalisation,2026-07-22
www.etienne-services.fr,,,https://www.etienne-services.fr/alpes-maritimes/plombier-saint-antonin-06260/recherche-de-fuites,2026-07-22
www.etienne-services.fr,,,https://www.etienne-services.fr/alpes-maritimes/plombier-saint-auban-06850/debouchage-canalisation,2026-07-22
www.etienne-services.fr,,,https://www.etienne-services.fr/alpes-maritimes/plombier-saint-auban-06850/recherche-de-fuites,2026-07-22
www.etienne-services.fr,,,https://www.etienne-services.fr/alpes-maritimes/plombier-saint-blaise-06670/debouchage-canalisation,2026-07-22
www.etienne-services.fr,,,https://www.etienne-services.fr/alpes-maritimes/plombier-saint-blaise-06670/recherche-de-fuites,2026-07-22
www.etienne-services.fr,,,https://www.etienne-services.fr/alpes-maritimes/plombier-saint-cezaire-sur-siagne-06780/debouchage-canalisation,2026-07-22
www.etienne-services.fr,,,https://www.etienne-services.fr/alpes-maritimes/plombier-saint-cezaire-sur-siagne-06780/recherche-de-fuites,2026-07-22
www.etienne-services.fr,,,https://www.etienne-services.fr/alpes-maritimes/plombier-saint-dalmas-le-selvage-06660/debouchage-canalisation,2026-07-22
www.etienne-services.fr,,,https://www.etienne-services.fr/alpes-maritimes/plombier-saint-dalmas-le-selvage-06660/recherche-de-fuites,2026-07-22
www.etienne-services.fr,,,https://www.etienne-services.fr/alpes-maritimes/plombier-saint-etienne-de-tinee-06660/debouchage-canalisation,2026-07-22
www.etienne-services.fr,,,https://www.etienne-services.fr/alpes-maritimes/plombier-saint-etienne-de-tinee-06660/recherche-de-fuites,2026-07-22
www.etienne-services.fr,,,https://www.etienne-services.fr/alpes-maritimes/plombier-saint-jean-cap-ferrat-06230/debouchage-canalisation,2026-07-22
www.etienne-services.fr,,,https://www.etienne-services.fr/alpes-maritimes/plombier-saint-jean-cap-ferrat-06230/recherche-de-fuites,2026-07-22
www.etienne-services.fr,,,https://www.etienne-services.fr/alpes-maritimes/plombier-saint-jeannet-06640/debouchage-canalisation,2026-07-22
www.etienne-services.fr,,,https://www.etienne-services.fr/alpes-maritimes/plombier-saint-jeannet-06640/recherche-de-fuites,2026-07-22
www.etienne-services.fr,,,https://www.etienne-services.fr/alpes-maritimes/plombier-saint-leger-06260/debouchage-canalisation,2026-07-22
www.etienne-services.fr,,,https://www.etienne-services.fr/alpes-maritimes/plombier-saint-leger-06260/recherche-de-fuites,2026-07-22
www.etienne-services.fr,,,https://www.etienne-services.fr/alpes-maritimes/plombier-saint-martin-d-entraunes-06470/debouchage-canalisation,2026-07-22
www.etienne-services.fr,,,https://www.etienne-services.fr/alpes-maritimes/plombier-saint-martin-d-entraunes-06470/recherche-de-fuites,2026-07-22
www.etienne-services.fr,,,https://www.etienne-services.fr/alpes-maritimes/plombier-saint-martin-du-var-06670/debouchage-canalisation,2026-07-22
www.etienne-services.fr,,,https://www.etienne-services.fr/alpes-maritimes/plombier-saint-martin-du-var-06670/recherche-de-fuites,2026-07-22
www.etienne-services.fr,,,https://www.etienne-services.fr/alpes-maritimes/plombier-saint-martin-vesubie-06450/debouchage-canalisation,2026-07-22
www.etienne-services.fr,,,https://www.etienne-services.fr/alpes-maritimes/plombier-saint-martin-vesubie-06450/recherche-de-fuites,2026-07-22
www.etienne-services.fr,,,https://www.etienne-services.fr/alpes-maritimes/plombier-saint-paul-de-vence-06570/debouchage-canalisation,2026-07-22
www.etienne-services.fr,,,https://www.etienne-services.fr/alpes-maritimes/plombier-saint-paul-de-vence-06570/recherche-de-fuites,2026-07-22
www.etienne-services.fr,,,https://www.etienne-services.fr/alpes-maritimes/plombier-saint-sauveur-sur-tinee-06420/debouchage-canalisation,2026-07-22
www.etienne-services.fr,,,https://www.etienne-services.fr/alpes-maritimes/plombier-saint-sauveur-sur-tinee-06420/recherche-de-fuites,2026-07-22
www.etienne-services.fr,,,https://www.etienne-services.fr/alpes-maritimes/plombier-saint-vallier-de-thiey-06460/debouchage-canalisation,2026-07-22
www.etienne-services.fr,,,https://www.etienne-services.fr/alpes-maritimes/plombier-saint-vallier-de-thiey-06460/recherche-de-fuites,2026-07-22
www.etienne-services.fr,,,https://www.etienne-services.fr/alpes-maritimes/plombier-sainte-agnes-06500/debouchage-canalisation,2026-07-22
www.etienne-services.fr,,,https://www.etienne-services.fr/alpes-maritimes/plombier-sainte-agnes-06500/recherche-de-fuites,2026-07-22
www.etienne-services.fr,,,https://www.etienne-services.fr/alpes-maritimes/plombier-sallagriffon-06910/debouchage-canalisation,2026-07-22
www.etienne-services.fr,,,https://www.etienne-services.fr/alpes-maritimes/plombier-sallagriffon-06910/recherche-de-fuites,2026-07-22
www.etienne-services.fr,,,https://www.etienne-services.fr/alpes-maritimes/plombier-saorge-06540/debouchage-canalisation,2026-07-22
www.etienne-services.fr,,,https://www.etienne-services.fr/alpes-maritimes/plombier-saorge-06540/recherche-de-fuites,2026-07-22
www.etienne-services.fr,,,https://www.etienne-services.fr/alpes-maritimes/plombier-sauze-06470/debouchage-canalisation,2026-07-22
www.etienne-services.fr,,,https://www.etienne-services.fr/alpes-maritimes/plombier-sauze-06470/recherche-de-fuites,2026-07-22
www.etienne-services.fr,,,https://www.etienne-services.fr/alpes-maritimes/plombier-seranon-06750/debouchage-canalisation,2026-07-22
www.etienne-services.fr,,,https://www.etienne-services.fr/alpes-maritimes/plombier-seranon-06750/recherche-de-fuites,2026-07-22
www.etienne-services.fr,,,https://www.etienne-services.fr/alpes-maritimes/plombier-sigale-06910/debouchage-canalisation,2026-07-22
www.etienne-services.fr,,,https://www.etienne-services.fr/alpes-maritimes/plombier-sigale-06910/recherche-de-fuites,2026-07-22
www.etienne-services.fr,,,https://www.etienne-services.fr/alpes-maritimes/plombier-sospel-06380/debouchage-canalisation,2026-07-22
www.etienne-services.fr,,,https://www.etienne-services.fr/alpes-maritimes/plombier-sospel-06380/recherche-de-fuites,2026-07-22
www.etienne-services.fr,,,https://www.etienne-services.fr/alpes-maritimes/plombier-speracedes-06530/debouchage-canalisation,2026-07-22
www.etienne-services.fr,,,https://www.etienne-services.fr/alpes-maritimes/plombier-speracedes-06530/recherche-de-fuites,2026-07-22
www.etienne-services.fr,,,https://www.etienne-services.fr/alpes-maritimes/plombier-tende-06430/debouchage-canalisation,2026-07-22
www.etienne-services.fr,,,https://www.etienne-services.fr/alpes-maritimes/plombier-tende-06430/recherche-de-fuites,2026-07-22
www.etienne-services.fr,,,https://www.etienne-services.fr/alpes-maritimes/plombier-theoule-sur-mer-06590/debouchage-canalisation,2026-07-22
www.etienne-services.fr,,,https://www.etienne-services.fr/alpes-maritimes/plombier-theoule-sur-mer-06590/recherche-de-fuites,2026-07-22
www.etienne-services.fr,,,https://www.etienne-services.fr/alpes-maritimes/plombier-thiery-06710/debouchage-canalisation,2026-07-22
www.etienne-services.fr,,,https://www.etienne-services.fr/alpes-maritimes/plombier-thiery-06710/recherche-de-fuites,2026-07-22
www.etienne-services.fr,,,https://www.etienne-services.fr/alpes-maritimes/plombier-toudon-06830/debouchage-canalisation,2026-07-22
www.etienne-services.fr,,,https://www.etienne-services.fr/alpes-maritimes/plombier-toudon-06830/recherche-de-fuites,2026-07-22
www.etienne-services.fr,,,https://www.etienne-services.fr/alpes-maritimes/plombier-touet-de-l-escarene-06440/debouchage-canalisation,2026-07-22
www.etienne-services.fr,,,https://www.etienne-services.fr/alpes-maritimes/plombier-touet-de-l-escarene-06440/recherche-de-fuites,2026-07-22
www.etienne-services.fr,,,https://www.etienne-services.fr/alpes-maritimes/plombier-touet-sur-var-06710/debouchage-canalisation,2026-07-22
www.etienne-services.fr,,,https://www.etienne-services.fr/alpes-maritimes/plombier-touet-sur-var-06710/recherche-de-fuites,2026-07-22
www.etienne-services.fr,,,https://www.etienne-services.fr/alpes-maritimes/plombier-tourette-du-chateau-06830/debouchage-canalisation,2026-07-22
www.etienne-services.fr,,,https://www.etienne-services.fr/alpes-maritimes/plombier-tourette-du-chateau-06830/recherche-de-fuites,2026-07-22
www.etienne-services.fr,,,https://www.etienne-services.fr/alpes-maritimes/plombier-tournefort-06710/debouchage-canalisation,2026-07-22
www.etienne-services.fr,,,https://www.etienne-services.fr/alpes-maritimes/plombier-tournefort-06710/recherche-de-fuites,2026-07-22
www.etienne-services.fr,,,https://www.etienne-services.fr/alpes-maritimes/plombier-tourrette-levens-06690/debouchage-canalisation,2026-07-22
www.etienne-services.fr,,,https://www.etienne-services.fr/alpes-maritimes/plombier-tourrette-levens-06690/recherche-de-fuites,2026-07-22
www.etienne-services.fr,,,https://www.etienne-services.fr/alpes-maritimes/plombier-tourrettes-sur-loup-06140/debouchage-canalisation,2026-07-22
www.etienne-services.fr,,,https://www.etienne-services.fr/alpes-maritimes/plombier-tourrettes-sur-loup-06140/recherche-de-fuites,2026-07-22
www.etienne-services.fr,,,https://www.etienne-services.fr/alpes-maritimes/plombier-utelle-06450/debouchage-canalisation,2026-07-22
www.etienne-services.fr,,,https://www.etienne-services.fr/alpes-maritimes/plombier-utelle-06450/recherche-de-fuites,2026-07-22
www.etienne-services.fr,,,https://www.etienne-services.fr/alpes-maritimes/plombier-valdeblore-06420/debouchage-canalisation,2026-07-22
www.etienne-services.fr,,,https://www.etienne-services.fr/alpes-maritimes/plombier-valdeblore-06420/recherche-de-fuites,2026-07-22
www.etienne-services.fr,,,https://www.etienne-services.fr/alpes-maritimes/plombier-valderoure-06750/debouchage-canalisation,2026-07-22
www.etienne-services.fr,,,https://www.etienne-services.fr/alpes-maritimes/plombier-valderoure-06750/recherche-de-fuites,2026-07-22
www.etienne-services.fr,,,https://www.etienne-services.fr/alpes-maritimes/plombier-venanson-06450/debouchage-canalisation,2026-07-22
www.etienne-services.fr,,,https://www.etienne-services.fr/alpes-maritimes/plombier-venanson-06450/recherche-de-fuites,2026-07-22
www.etienne-services.fr,,,https://www.etienne-services.fr/alpes-maritimes/plombier-villars-sur-var-06710/debouchage-canalisation,2026-07-22
www.etienne-services.fr,,,https://www.etienne-services.fr/alpes-maritimes/plombier-villars-sur-var-06710/recherche-de-fuites,2026-07-22
www.etienne-services.fr,,,https://www.etienne-services.fr/alpes-maritimes/plombier-villeneuve-d-entraunes-06470/debouchage-canalisation,2026-07-22
www.etienne-services.fr,,,https://www.etienne-services.fr/alpes-maritimes/plombier-villeneuve-d-entraunes-06470/recherche-de-fuites,2026-07-22
www.etienne-services.fr,,,https://www.etienne-services.fr/bouches-du-rhone/plombier-alleins-13980/debouchage-canalisation,2026-07-22
www.etienne-services.fr,,,https://www.etienne-services.fr/bouches-du-rhone/plombier-aureille-13930/debouchage-canalisation,2026-07-22
www.etienne-services.fr,,,https://www.etienne-services.fr/bouches-du-rhone/plombier-aurons-13121/debouchage-canalisation,2026-07-22
www.etienne-services.fr,,,https://www.etienne-services.fr/bouches-du-rhone/plombier-barbentane-13570/debouchage-canalisation,2026-07-22
www.etienne-services.fr,,,https://www.etienne-services.fr/bouches-du-rhone/plombier-beaurecueil-13100/debouchage-canalisation,2026-07-22
www.etienne-services.fr,,,https://www.etienne-services.fr/bouches-du-rhone/plombier-belcodene-13720/debouchage-canalisation,2026-07-22
www.etienne-services.fr,,,https://www.etienne-services.fr/bouches-du-rhone/plombier-boulbon-13150/debouchage-canalisation,2026-07-22
www.etienne-services.fr,,,https://www.etienne-services.fr/bouches-du-rhone/plombier-cabannes-13440/debouchage-canalisation,2026-07-22
www.etienne-services.fr,,,https://www.etienne-services.fr/bouches-du-rhone/plombier-cadolive-13950/debouchage-canalisation,2026-07-22
www.etienne-services.fr,,,https://www.etienne-services.fr/bouches-du-rhone/plombier-ceyreste-13600/debouchage-canalisation,2026-07-22
www.etienne-services.fr,,,https://www.etienne-services.fr/bouches-du-rhone/plombier-charleval-13350/debouchage-canalisation,2026-07-22
www.etienne-services.fr,,,https://www.etienne-services.fr/bouches-du-rhone/plombier-chateauneuf-le-rouge-13790/debouchage-canalisation,2026-07-22
www.etienne-services.fr,,,https://www.etienne-services.fr/bouches-du-rhone/plombier-cornillon-confoux-13250/debouchage-canalisation,2026-07-22
www.etienne-services.fr,,,https://www.etienne-services.fr/bouches-du-rhone/plombier-coudoux-13111/debouchage-canalisation,2026-07-22
www.etienne-services.fr,,,https://www.etienne-services.fr/bouches-du-rhone/plombier-cuges-les-pins-13780/debouchage-canalisation,2026-07-22
www.etienne-services.fr,,,https://www.etienne-services.fr/bouches-du-rhone/plombier-eygalieres-13810/debouchage-canalisation,2026-07-22
www.etienne-services.fr,,,https://www.etienne-services.fr/bouches-du-rhone/plombier-eyragues-13630/debouchage-canalisation,2026-07-22
www.etienne-services.fr,,,https://www.etienne-services.fr/bouches-du-rhone/plombier-fontvieille-13990/debouchage-canalisation,2026-07-22
www.etienne-services.fr,,,https://www.etienne-services.fr/bouches-du-rhone/plombier-grans-13450/debouchage-canalisation,2026-07-22
www.etienne-services.fr,,,https://www.etienne-services.fr/bouches-du-rhone/plombier-graveson-13690/debouchage-canalisation,2026-07-22
www.etienne-services.fr,,,https://www.etienne-services.fr/bouches-du-rhone/plombier-greasque-13850/debouchage-canalisation,2026-07-22
www.etienne-services.fr,,,https://www.etienne-services.fr/bouches-du-rhone/plombier-jouques-13490/debouchage-canalisation,2026-07-22
www.etienne-services.fr,,,https://www.etienne-services.fr/bouches-du-rhone/plombier-la-barben-13330/debouchage-canalisation,2026-07-22
www.etienne-services.fr,,,https://www.etienne-services.fr/bouches-du-rhone/plombier-la-destrousse-13112/debouchage-canalisation,2026-07-22
www.etienne-services.fr,,,https://www.etienne-services.fr/bouches-du-rhone/plombier-lamanon-13113/debouchage-canalisation,2026-07-22
www.etienne-services.fr,,,https://www.etienne-services.fr/bouches-du-rhone/plombier-le-rove-13740/debouchage-canalisation,2026-07-22
www.etienne-services.fr,,,https://www.etienne-services.fr/bouches-du-rhone/plombier-le-tholonet-13100/debouchage-canalisation,2026-07-22
www.etienne-services.fr,,,https://www.etienne-services.fr/bouches-du-rhone/plombier-les-baux-de-provence-13520/debouchage-canalisation,2026-07-22
www.etienne-services.fr,,,https://www.etienne-services.fr/bouches-du-rhone/plombier-maillane-13910/debouchage-canalisation,2026-07-22
www.etienne-services.fr,,,https://www.etienne-services.fr/bouches-du-rhone/plombier-mas-blanc-des-alpilles-13103/debouchage-canalisation,2026-07-22
www.etienne-services.fr,,,https://www.etienne-services.fr/bouches-du-rhone/plombier-maussane-les-alpilles-13520/debouchage-canalisation,2026-07-22
www.etienne-services.fr,,,https://www.etienne-services.fr/bouches-du-rhone/plombier-meyrargues-13650/debouchage-canalisation,2026-07-22
www.etienne-services.fr,,,https://www.etienne-services.fr/bouches-du-rhone/plombier-mimet-13105/debouchage-canalisation,2026-07-22
www.etienne-services.fr,,,https://www.etienne-services.fr/bouches-du-rhone/plombier-molleges-13940/debouchage-canalisation,2026-07-22
www.etienne-services.fr,,,https://www.etienne-services.fr/bouches-du-rhone/plombier-mouries-13890/debouchage-canalisation,2026-07-22
www.etienne-services.fr,,,https://www.etienne-services.fr/bouches-du-rhone/plombier-orgon-13660/debouchage-canalisation,2026-07-22
www.etienne-services.fr,,,https://www.etienne-services.fr/bouches-du-rhone/plombier-paradou-13520/debouchage-canalisation,2026-07-22
www.etienne-services.fr,,,https://www.etienne-services.fr/bouches-du-rhone/plombier-peynier-13790/debouchage-canalisation,2026-07-22
www.etienne-services.fr,,,https://www.etienne-services.fr/bouches-du-rhone/plombier-peyrolles-en-provence-13860/debouchage-canalisation,2026-07-22
www.etienne-services.fr,,,https://www.etienne-services.fr/bouches-du-rhone/plombier-plan-d-orgon-13750/debouchage-canalisation,2026-07-22
www.etienne-services.fr,,,https://www.etienne-services.fr/bouches-du-rhone/plombier-puyloubier-13114/debouchage-canalisation,2026-07-22
www.etienne-services.fr,,,https://www.etienne-services.fr/bouches-du-rhone/plombier-rognes-13840/debouchage-canalisation,2026-07-22
www.etienne-services.fr,,,https://www.etienne-services.fr/bouches-du-rhone/plombier-rognonas-13870/debouchage-canalisation,2026-07-22
www.etienne-services.fr,,,https://www.etienne-services.fr/bouches-du-rhone/plombier-roquefort-la-bedoule-13830/debouchage-canalisation,2026-07-22
www.etienne-services.fr,,,https://www.etienne-services.fr/bouches-du-rhone/plombier-rousset-13790/debouchage-canalisation,2026-07-22
www.etienne-services.fr,,,https://www.etienne-services.fr/bouches-du-rhone/plombier-saint-andiol-13670/debouchage-canalisation,2026-07-22
www.etienne-services.fr,,,https://www.etienne-services.fr/bouches-du-rhone/plombier-saint-antonin-sur-bayon-13100/debouchage-canalisation,2026-07-22
www.etienne-services.fr,,,https://www.etienne-services.fr/bouches-du-rhone/plombier-saint-esteve-janson-13610/debouchage-canalisation,2026-07-22
www.etienne-services.fr,,,https://www.etienne-services.fr/bouches-du-rhone/plombier-saint-etienne-du-gres-13103/debouchage-canalisation,2026-07-22
www.etienne-services.fr,,,https://www.etienne-services.fr/bouches-du-rhone/plombier-saint-marc-jaumegarde-13100/debouchage-canalisation,2026-07-22
www.etienne-services.fr,,,https://www.etienne-services.fr/bouches-du-rhone/plombier-saint-paul-les-durance-13115/debouchage-canalisation,2026-07-22
www.etienne-services.fr,,,https://www.etienne-services.fr/bouches-du-rhone/plombier-saint-pierre-de-mezoargues-13150/debouchage-canalisation,2026-07-22
www.etienne-services.fr,,,https://www.etienne-services.fr/bouches-du-rhone/plombier-saint-savournin-13119/debouchage-canalisation,2026-07-22
www.etienne-services.fr,,,https://www.etienne-services.fr/bouches-du-rhone/plombier-saintes-maries-de-la-mer-13460/debouchage-canalisation,2026-07-22
www.etienne-services.fr,,,https://www.etienne-services.fr/bouches-du-rhone/plombier-vauvenargues-13126/debouchage-canalisation,2026-07-22
www.etienne-services.fr,,,https://www.etienne-services.fr/bouches-du-rhone/plombier-ventabren-13122/debouchage-canalisation,2026-07-22
www.etienne-services.fr,,,https://www.etienne-services.fr/bouches-du-rhone/plombier-vernegues-13116/debouchage-canalisation,2026-07-22
www.etienne-services.fr,,,https://www.etienne-services.fr/bouches-du-rhone/plombier-verquieres-13670/debouchage-canalisation,2026-07-22
www.etienne-services.fr,,,https://www.etienne-services.fr/essonne/plombier-abbeville-la-riviere-91150/debouchage-canalisation,2026-07-22
www.etienne-services.fr,,,https://www.etienne-services.fr/essonne/plombier-abbeville-la-riviere-91150/recherche-de-fuites,2026-07-22
www.etienne-services.fr,,,https://www.etienne-services.fr/essonne/plombier-angerville-91670/debouchage-canalisation,2026-07-22
www.etienne-services.fr,,,https://www.etienne-services.fr/essonne/plombier-angerville-91670/recherche-de-fuites,2026-07-22
www.etienne-services.fr,,,https://www.etienne-services.fr/essonne/plombier-angervilliers-91470/debouchage-canalisation,2026-07-22
www.etienne-services.fr,,,https://www.etienne-services.fr/essonne/plombier-angervilliers-91470/recherche-de-fuites,2026-07-22
www.etienne-services.fr,,,https://www.etienne-services.fr/essonne/plombier-arrancourt-91690/debouchage-canalisation,2026-07-22
www.etienne-services.fr,,,https://www.etienne-services.fr/essonne/plombier-arrancourt-91690/recherche-de-fuites,2026-07-22
www.etienne-services.fr,,,https://www.etienne-services.fr/essonne/plombier-authon-la-plaine-91410/debouchage-canalisation,2026-07-22
www.etienne-services.fr,,,https://www.etienne-services.fr/essonne/plombier-authon-la-plaine-91410/recherche-de-fuites,2026-07-22
www.etienne-services.fr,,,https://www.etienne-services.fr/essonne/plombier-auvernaux-91830/debouchage-canalisation,2026-07-22
www.etienne-services.fr,,,https://www.etienne-services.fr/essonne/plombier-auvernaux-91830/recherche-de-fuites,2026-07-22
www.etienne-services.fr,,,https://www.etienne-services.fr/essonne/plombier-auvers-saint-georges-91580/debouchage-canalisation,2026-07-22
www.etienne-services.fr,,,https://www.etienne-services.fr/essonne/plombier-auvers-saint-georges-91580/recherche-de-fuites,2026-07-22
www.etienne-services.fr,,,https://www.etienne-services.fr/essonne/plombier-avrainville-91630/debouchage-canalisation,2026-07-22
www.etienne-services.fr,,,https://www.etienne-services.fr/essonne/plombier-avrainville-91630/recherche-de-fuites,2026-07-22
www.etienne-services.fr,,,https://www.etienne-services.fr/essonne/plombier-ballainvilliers-91160/debouchage-canalisation,2026-07-22
www.etienne-services.fr,,,https://www.etienne-services.fr/essonne/plombier-ballainvilliers-91160/recherche-de-fuites,2026-07-22
www.etienne-services.fr,,,https://www.etienne-services.fr/essonne/plombier-baulne-91590/debouchage-canalisation,2026-07-22
www.etienne-services.fr,,,https://www.etienne-services.fr/essonne/plombier-baulne-91590/recherche-de-fuites,2026-07-22
www.etienne-services.fr,,,https://www.etienne-services.fr/essonne/plombier-bievres-91570/debouchage-canalisation,2026-07-22
www.etienne-services.fr,,,https://www.etienne-services.fr/essonne/plombier-bievres-91570/recherche-de-fuites,2026-07-22
www.etienne-services.fr,,,https://www.etienne-services.fr/essonne/plombier-blandy-91150/debouchage-canalisation,2026-07-22
www.etienne-services.fr,,,https://www.etienne-services.fr/essonne/plombier-blandy-91150/recherche-de-fuites,2026-07-22
www.etienne-services.fr,,,https://www.etienne-services.fr/essonne/plombier-boigneville-91720/debouchage-canalisation,2026-07-22
www.etienne-services.fr,,,https://www.etienne-services.fr/essonne/plombier-boigneville-91720/recherche-de-fuites,2026-07-22
www.etienne-services.fr,,,https://www.etienne-services.fr/essonne/plombier-bois-herpin-91150/debouchage-canalisation,2026-07-22
www.etienne-services.fr,,,https://www.etienne-services.fr/essonne/plombier-bois-herpin-91150/recherche-de-fuites,2026-07-22
www.etienne-services.fr,,,https://www.etienne-services.fr/essonne/plombier-boissy-la-riviere-91690/debouchage-canalisation,2026-07-22
www.etienne-services.fr,,,https://www.etienne-services.fr/essonne/plombier-boissy-la-riviere-91690/recherche-de-fuites,2026-07-22
www.etienne-services.fr,,,https://www.etienne-services.fr/essonne/plombier-boissy-le-cutte-91590/debouchage-canalisation,2026-07-22
www.etienne-services.fr,,,https://www.etienne-services.fr/essonne/plombier-boissy-le-cutte-91590/recherche-de-fuites,2026-07-22
www.etienne-services.fr,,,https://www.etienne-services.fr/essonne/plombier-boissy-le-sec-91870/debouchage-canalisation,2026-07-22
www.etienne-services.fr,,,https://www.etienne-services.fr/essonne/plombier-boissy-le-sec-91870/recherche-de-fuites,2026-07-22
www.etienne-services.fr,,,https://www.etienne-services.fr/essonne/plombier-boissy-sous-saint-yon-91790/debouchage-canalisation,2026-07-22
www.etienne-services.fr,,,https://www.etienne-services.fr/essonne/plombier-boissy-sous-saint-yon-91790/recherche-de-fuites,2026-07-22
www.etienne-services.fr,,,https://www.etienne-services.fr/essonne/plombier-boullay-les-troux-91470/debouchage-canalisation,2026-07-22
www.etienne-services.fr,,,https://www.etienne-services.fr/essonne/plombier-boullay-les-troux-91470/recherche-de-fuites,2026-07-22
www.etienne-services.fr,,,https://www.etienne-services.fr/essonne/plombier-bouray-sur-juine-91850/debouchage-canalisation,2026-07-22
www.etienne-services.fr,,,https://www.etienne-services.fr/essonne/plombier-bouray-sur-juine-91850/recherche-de-fuites,2026-07-22
www.etienne-services.fr,,,https://www.etienne-services.fr/essonne/plombier-boutervilliers-91150/debouchage-canalisation,2026-07-22
www.etienne-services.fr,,,https://www.etienne-services.fr/essonne/plombier-boutervilliers-91150/recherche-de-fuites,2026-07-22
www.etienne-services.fr,,,https://www.etienne-services.fr/essonne/plombier-boutigny-sur-essonne-91820/debouchage-canalisation,2026-07-22
www.etienne-services.fr,,,https://www.etienne-services.fr/essonne/plombier-boutigny-sur-essonne-91820/recherche-de-fuites,2026-07-22
www.etienne-services.fr,,,https://www.etienne-services.fr/essonne/plombier-bouville-91880/debouchage-canalisation,2026-07-22
www.etienne-services.fr,,,https://www.etienne-services.fr/essonne/plombier-bouville-91880/recherche-de-fuites,2026-07-22
www.etienne-services.fr,,,https://www.etienne-services.fr/essonne/plombier-breux-jouy-91650/debouchage-canalisation,2026-07-22
www.etienne-services.fr,,,https://www.etienne-services.fr/essonne/plombier-breux-jouy-91650/recherche-de-fuites,2026-07-22
www.etienne-services.fr,,,https://www.etienne-services.fr/essonne/plombier-brieres-les-scelles-91150/debouchage-canalisation,2026-07-22
www.etienne-services.fr,,,https://www.etienne-services.fr/essonne/plombier-brieres-les-scelles-91150/recherche-de-fuites,2026-07-22
www.etienne-services.fr,,,https://www.etienne-services.fr/essonne/plombier-briis-sous-forges-91640/debouchage-canalisation,2026-07-22
www.etienne-services.fr,,,https://www.etienne-services.fr/essonne/plombier-briis-sous-forges-91640/recherche-de-fuites,2026-07-22
www.etienne-services.fr,,,https://www.etienne-services.fr/essonne/plombier-brouy-91150/debouchage-canalisation,2026-07-22
www.etienne-services.fr,,,https://www.etienne-services.fr/essonne/plombier-brouy-91150/recherche-de-fuites,2026-07-22
www.etienne-services.fr,,,https://www.etienne-services.fr/essonne/plombier-bruyeres-le-chatel-91680/debouchage-canalisation,2026-07-22
www.etienne-services.fr,,,https://www.etienne-services.fr/essonne/plombier-bruyeres-le-chatel-91680/recherche-de-fuites,2026-07-22
www.etienne-services.fr,,,https://www.etienne-services.fr/essonne/plombier-buno-bonnevaux-91720/debouchage-canalisation,2026-07-22
www.etienne-services.fr,,,https://www.etienne-services.fr/essonne/plombier-buno-bonnevaux-91720/recherche-de-fuites,2026-07-22
www.etienne-services.fr,,,https://www.etienne-services.fr/essonne/plombier-cerny-91590/debouchage-canalisation,2026-07-22
www.etienne-services.fr,,,https://www.etienne-services.fr/essonne/plombier-cerny-91590/recherche-de-fuites,2026-07-22
www.etienne-services.fr,,,https://www.etienne-services.fr/essonne/plombier-chalo-saint-mars-91780/debouchage-canalisation,2026-07-22
www.etienne-services.fr,,,https://www.etienne-services.fr/essonne/plombier-chalo-saint-mars-91780/recherche-de-fuites,2026-07-22
www.etienne-services.fr,,,https://www.etienne-services.fr/essonne/plombier-chalou-moulineux-91740/debouchage-canalisation,2026-07-22
www.etienne-services.fr,,,https://www.etienne-services.fr/essonne/plombier-chalou-moulineux-91740/recherche-de-fuites,2026-07-22
www.etienne-services.fr,,,https://www.etienne-services.fr/essonne/plombier-chamarande-91730/debouchage-canalisation,2026-07-22
www.etienne-services.fr,,,https://www.etienne-services.fr/essonne/plombier-chamarande-91730/recherche-de-fuites,2026-07-22
www.etienne-services.fr,,,https://www.etienne-services.fr/essonne/plombier-champcueil-91750/debouchage-canalisation,2026-07-22
www.etienne-services.fr,,,https://www.etienne-services.fr/essonne/plombier-champcueil-91750/recherche-de-fuites,2026-07-22
www.etienne-services.fr,,,https://www.etienne-services.fr/essonne/plombier-champlan-91160/debouchage-canalisation,2026-07-22
www.etienne-services.fr,,,https://www.etienne-services.fr/essonne/plombier-champlan-91160/recherche-de-fuites,2026-07-22
www.etienne-services.fr,,,https://www.etienne-services.fr/essonne/plombier-champmotteux-91150/debouchage-canalisation,2026-07-22
www.etienne-services.fr,,,https://www.etienne-services.fr/essonne/plombier-champmotteux-91150/recherche-de-fuites,2026-07-22
www.etienne-services.fr,,,https://www.etienne-services.fr/essonne/plombier-chatignonville-91410/debouchage-canalisation,2026-07-22
www.etienne-services.fr,,,https://www.etienne-services.fr/essonne/plombier-chatignonville-91410/recherche-de-fuites,2026-07-22
www.etienne-services.fr,,,https://www.etienne-services.fr/essonne/plombier-chauffour-les-etrechy-91580/debouchage-canalisation,2026-07-22
www.etienne-services.fr,,,https://www.etienne-services.fr/essonne/plombier-chauffour-les-etrechy-91580/recherche-de-fuites,2026-07-22
www.etienne-services.fr,,,https://www.etienne-services.fr/essonne/plombier-cheptainville-91630/debouchage-canalisation,2026-07-22
www.etienne-services.fr,,,https://www.etienne-services.fr/essonne/plombier-cheptainville-91630/recherche-de-fuites,2026-07-22
www.etienne-services.fr,,,https://www.etienne-services.fr/essonne/plombier-chevannes-91750/debouchage-canalisation,2026-07-22
www.etienne-services.fr,,,https://www.etienne-services.fr/essonne/plombier-chevannes-91750/recherche-de-fuites,2026-07-22
www.etienne-services.fr,,,https://www.etienne-services.fr/essonne/plombier-congerville-thionville-91740/debouchage-canalisation,2026-07-22
www.etienne-services.fr,,,https://www.etienne-services.fr/essonne/plombier-congerville-thionville-91740/recherche-de-fuites,2026-07-22
www.etienne-services.fr,,,https://www.etienne-services.fr/essonne/plombier-corbreuse-91410/debouchage-canalisation,2026-07-22
www.etienne-services.fr,,,https://www.etienne-services.fr/essonne/plombier-corbreuse-91410/recherche-de-fuites,2026-07-22
www.etienne-services.fr,,,https://www.etienne-services.fr/essonne/plombier-courances-91490/debouchage-canalisation,2026-07-22
www.etienne-services.fr,,,https://www.etienne-services.fr/essonne/plombier-courances-91490/recherche-de-fuites,2026-07-22
www.etienne-services.fr,,,https://www.etienne-services.fr/essonne/plombier-courdimanche-sur-essonne-91720/debouchage-canalisation,2026-07-22
www.etienne-services.fr,,,https://www.etienne-services.fr/essonne/plombier-courdimanche-sur-essonne-91720/recherche-de-fuites,2026-07-22
www.etienne-services.fr,,,https://www.etienne-services.fr/essonne/plombier-courson-monteloup-91680/debouchage-canalisation,2026-07-22
www.etienne-services.fr,,,https://www.etienne-services.fr/essonne/plombier-courson-monteloup-91680/recherche-de-fuites,2026-07-22
www.etienne-services.fr,,,https://www.etienne-services.fr/essonne/plombier-d-huison-longueville-91590/debouchage-canalisation,2026-07-22
www.etienne-services.fr,,,https://www.etienne-services.fr/essonne/plombier-d-huison-longueville-91590/recherche-de-fuites,2026-07-22
www.etienne-services.fr,,,https://www.etienne-services.fr/essonne/plombier-dannemois-91490/debouchage-canalisation,2026-07-22
www.etienne-services.fr,,,https://www.etienne-services.fr/essonne/plombier-dannemois-91490/recherche-de-fuites,2026-07-22
www.etienne-services.fr,,,https://www.etienne-services.fr/essonne/plombier-echarcon-91540/debouchage-canalisation,2026-07-22
www.etienne-services.fr,,,https://www.etienne-services.fr/essonne/plombier-echarcon-91540/recherche-de-fuites,2026-07-22
www.etienne-services.fr,,,https://www.etienne-services.fr/essonne/plombier-estouches-91660/debouchage-canalisation,2026-07-22
www.etienne-services.fr,,,https://www.etienne-services.fr/essonne/plombier-estouches-91660/recherche-de-fuites,2026-07-22
www.etienne-services.fr,,,https://www.etienne-services.fr/essonne/plombier-etiolles-91450/debouchage-canalisation,2026-07-22
www.etienne-services.fr,,,https://www.etienne-services.fr/essonne/plombier-etiolles-91450/recherche-de-fuites,2026-07-22
www.etienne-services.fr,,,https://www.etienne-services.fr/essonne/plombier-fontaine-la-riviere-91690/debouchage-canalisation,2026-07-22
www.etienne-services.fr,,,https://www.etienne-services.fr/essonne/plombier-fontaine-la-riviere-91690/recherche-de-fuites,2026-07-22
www.etienne-services.fr,,,https://www.etienne-services.fr/essonne/plombier-fontenay-le-vicomte-91540/debouchage-canalisation,2026-07-22
www.etienne-services.fr,,,https://www.etienne-services.fr/essonne/plombier-fontenay-le-vicomte-91540/recherche-de-fuites,2026-07-22
www.etienne-services.fr,,,https://www.etienne-services.fr/essonne/plombier-fontenay-les-briis-91640/debouchage-canalisation,2026-07-22
www.etienne-services.fr,,,https://www.etienne-services.fr/essonne/plombier-fontenay-les-briis-91640/recherche-de-fuites,2026-07-22
www.etienne-services.fr,,,https://www.etienne-services.fr/essonne/plombier-forges-les-bains-91470/debouchage-canalisation,2026-07-22
www.etienne-services.fr,,,https://www.etienne-services.fr/essonne/plombier-forges-les-bains-91470/recherche-de-fuites,2026-07-22
www.etienne-services.fr,,,https://www.etienne-services.fr/essonne/plombier-gironville-sur-essonne-91720/debouchage-canalisation,2026-07-22
www.etienne-services.fr,,,https://www.etienne-services.fr/essonne/plombier-gironville-sur-essonne-91720/recherche-de-fuites,2026-07-22
www.etienne-services.fr,,,https://www.etienne-services.fr/essonne/plombier-gometz-la-ville-91400/debouchage-canalisation,2026-07-22
www.etienne-services.fr,,,https://www.etienne-services.fr/essonne/plombier-gometz-la-ville-91400/recherche-de-fuites,2026-07-22
www.etienne-services.fr,,,https://www.etienne-services.fr/essonne/plombier-gometz-le-chatel-91940/debouchage-canalisation,2026-07-22
www.etienne-services.fr,,,https://www.etienne-services.fr/essonne/plombier-gometz-le-chatel-91940/recherche-de-fuites,2026-07-22
www.etienne-services.fr,,,https://www.etienne-services.fr/essonne/plombier-guibeville-91630/debouchage-canalisation,2026-07-22
www.etienne-services.fr,,,https://www.etienne-services.fr/essonne/plombier-guibeville-91630/recherche-de-fuites,2026-07-22
www.etienne-services.fr,,,https://www.etienne-services.fr/essonne/plombier-guigneville-sur-essonne-91590/debouchage-canalisation,2026-07-22
www.etienne-services.fr,,,https://www.etienne-services.fr/essonne/plombier-guigneville-sur-essonne-91590/recherche-de-fuites,2026-07-22
www.etienne-services.fr,,,https://www.etienne-services.fr/essonne/plombier-guillerval-91690/debouchage-canalisation,2026-07-22
www.etienne-services.fr,,,https://www.etienne-services.fr/essonne/plombier-guillerval-91690/recherche-de-fuites,2026-07-22
www.etienne-services.fr,,,https://www.etienne-services.fr/essonne/plombier-janville-sur-juine-91510/debouchage-canalisation,2026-07-22
www.etienne-services.fr,,,https://www.etienne-services.fr/essonne/plombier-janville-sur-juine-91510/recherche-de-fuites,2026-07-22
www.etienne-services.fr,,,https://www.etienne-services.fr/essonne/plombier-janvry-91640/debouchage-canalisation,2026-07-22
www.etienne-services.fr,,,https://www.etienne-services.fr/essonne/plombier-janvry-91640/recherche-de-fuites,2026-07-22
www.etienne-services.fr,,,https://www.etienne-services.fr/essonne/plombier-la-ferte-alais-91590/debouchage-canalisation,2026-07-22
www.etienne-services.fr,,,https://www.etienne-services.fr/essonne/plombier-la-ferte-alais-91590/recherche-de-fuites,2026-07-22
www.etienne-services.fr,,,https://www.etienne-services.fr/essonne/plombier-la-foret-le-roi-91410/debouchage-canalisation,2026-07-22
www.etienne-services.fr,,,https://www.etienne-services.fr/essonne/plombier-la-foret-le-roi-91410/recherche-de-fuites,2026-07-22
www.etienne-services.fr,,,https://www.etienne-services.fr/essonne/plombier-la-foret-sainte-croix-91150/debouchage-canalisation,2026-07-22
www.etienne-services.fr,,,https://www.etienne-services.fr/essonne/plombier-la-foret-sainte-croix-91150/recherche-de-fuites,2026-07-22
www.etienne-services.fr,,,https://www.etienne-services.fr/essonne/plombier-la-norville-91290/debouchage-canalisation,2026-07-22
www.etienne-services.fr,,,https://www.etienne-services.fr/essonne/plombier-la-norville-91290/recherche-de-fuites,2026-07-22
www.etienne-services.fr,,,https://www.etienne-services.fr/essonne/plombier-le-coudray-montceaux-91830/debouchage-canalisation,2026-07-22
www.etienne-services.fr,,,https://www.etienne-services.fr/essonne/plombier-le-coudray-montceaux-91830/recherche-de-fuites,2026-07-22
www.etienne-services.fr,,,https://www.etienne-services.fr/essonne/plombier-le-plessis-pate-91220/debouchage-canalisation,2026-07-22
www.etienne-services.fr,,,https://www.etienne-services.fr/essonne/plombier-le-plessis-pate-91220/recherche-de-fuites,2026-07-22
www.etienne-services.fr,,,https://www.etienne-services.fr/essonne/plombier-le-val-saint-germain-91530/debouchage-canalisation,2026-07-22
www.etienne-services.fr,,,https://www.etienne-services.fr/essonne/plombier-le-val-saint-germain-91530/recherche-de-fuites,2026-07-22
www.etienne-services.fr,,,https://www.etienne-services.fr/essonne/plombier-les-granges-le-roi-91410/debouchage-canalisation,2026-07-22
www.etienne-services.fr,,,https://www.etienne-services.fr/essonne/plombier-les-granges-le-roi-91410/recherche-de-fuites,2026-07-22
www.etienne-services.fr,,,https://www.etienne-services.fr/essonne/plombier-les-molieres-91470/debouchage-canalisation,2026-07-22
www.etienne-services.fr,,,https://www.etienne-services.fr/essonne/plombier-les-molieres-91470/recherche-de-fuites,2026-07-22
www.etienne-services.fr,,,https://www.etienne-services.fr/essonne/plombier-leudeville-91630/debouchage-canalisation,2026-07-22
www.etienne-services.fr,,,https://www.etienne-services.fr/essonne/plombier-leudeville-91630/recherche-de-fuites,2026-07-22
www.etienne-services.fr,,,https://www.etienne-services.fr/essonne/plombier-leuville-sur-orge-91310/debouchage-canalisation,2026-07-22
www.etienne-services.fr,,,https://www.etienne-services.fr/essonne/plombier-leuville-sur-orge-91310/recherche-de-fuites,2026-07-22
www.etienne-services.fr,,,https://www.etienne-services.fr/essonne/plombier-maisse-91720/debouchage-canalisation,2026-07-22
www.etienne-services.fr,,,https://www.etienne-services.fr/essonne/plombier-maisse-91720/recherche-de-fuites,2026-07-22
www.etienne-services.fr,,,https://www.etienne-services.fr/essonne/plombier-marolles-en-beauce-91150/debouchage-canalisation,2026-07-22
www.etienne-services.fr,,,https://www.etienne-services.fr/essonne/plombier-marolles-en-beauce-91150/recherche-de-fuites,2026-07-22
www.etienne-services.fr,,,https://www.etienne-services.fr/essonne/plombier-marolles-en-hurepoix-91630/debouchage-canalisation,2026-07-22
www.etienne-services.fr,,,https://www.etienne-services.fr/essonne/plombier-marolles-en-hurepoix-91630/recherche-de-fuites,2026-07-22
www.etienne-services.fr,,,https://www.etienne-services.fr/essonne/plombier-mauchamps-91730/debouchage-canalisation,2026-07-22
www.etienne-services.fr,,,https://www.etienne-services.fr/essonne/plombier-mauchamps-91730/recherche-de-fuites,2026-07-22
www.etienne-services.fr,,,https://www.etienne-services.fr/essonne/plombier-mereville-91660/debouchage-canalisation,2026-07-22
www.etienne-services.fr,,,https://www.etienne-services.fr/essonne/plombier-mereville-91660/recherche-de-fuites,2026-07-22
www.etienne-services.fr,,,https://www.etienne-services.fr/essonne/plombier-merobert-91780/debouchage-canalisation,2026-07-22
www.etienne-services.fr,,,https://www.etienne-services.fr/essonne/plombier-merobert-91780/recherche-de-fuites,2026-07-22
www.etienne-services.fr,,,https://www.etienne-services.fr/essonne/plombier-mespuits-91150/debouchage-canalisation,2026-07-22
www.etienne-services.fr,,,https://www.etienne-services.fr/essonne/plombier-mespuits-91150/recherche-de-fuites,2026-07-22
www.etienne-services.fr,,,https://www.etienne-services.fr/essonne/plombier-milly-la-foret-91490/debouchage-canalisation,2026-07-22
www.etienne-services.fr,,,https://www.etienne-services.fr/essonne/plombier-milly-la-foret-91490/recherche-de-fuites,2026-07-22
www.etienne-services.fr,,,https://www.etienne-services.fr/essonne/plombier-moigny-sur-ecole-91490/debouchage-canalisation,2026-07-22
www.etienne-services.fr,,,https://www.etienne-services.fr/essonne/plombier-moigny-sur-ecole-91490/recherche-de-fuites,2026-07-22
www.etienne-services.fr,,,https://www.etienne-services.fr/essonne/plombier-mondeville-91590/debouchage-canalisation,2026-07-22
www.etienne-services.fr,,,https://www.etienne-services.fr/essonne/plombier-mondeville-91590/recherche-de-fuites,2026-07-22
www.etienne-services.fr,,,https://www.etienne-services.fr/essonne/plombier-monnerville-91930/debouchage-canalisation,2026-07-22
www.etienne-services.fr,,,https://www.etienne-services.fr/essonne/plombier-monnerville-91930/recherche-de-fuites,2026-07-22
www.etienne-services.fr,,,https://www.etienne-services.fr/essonne/plombier-morigny-champigny-91150/debouchage-canalisation,2026-07-22
www.etienne-services.fr,,,https://www.etienne-services.fr/essonne/plombier-morigny-champigny-91150/recherche-de-fuites,2026-07-22
www.etienne-services.fr,,,https://www.etienne-services.fr/essonne/plombier-morsang-sur-seine-91250/debouchage-canalisation,2026-07-22
www.etienne-services.fr,,,https://www.etienne-services.fr/essonne/plombier-morsang-sur-seine-91250/recherche-de-fuites,2026-07-22
www.etienne-services.fr,,,https://www.etienne-services.fr/essonne/plombier-nainville-les-roches-91750/debouchage-canalisation,2026-07-22
www.etienne-services.fr,,,https://www.etienne-services.fr/essonne/plombier-nainville-les-roches-91750/recherche-de-fuites,2026-07-22
www.etienne-services.fr,,,https://www.etienne-services.fr/essonne/plombier-nozay-91620/debouchage-canalisation,2026-07-22
www.etienne-services.fr,,,https://www.etienne-services.fr/essonne/plombier-nozay-91620/recherche-de-fuites,2026-07-22
www.etienne-services.fr,,,https://www.etienne-services.fr/essonne/plombier-ollainville-91290/debouchage-canalisation,2026-07-22
www.etienne-services.fr,,,https://www.etienne-services.fr/essonne/plombier-ollainville-91290/recherche-de-fuites,2026-07-22
www.etienne-services.fr,,,https://www.etienne-services.fr/essonne/plombier-oncy-sur-ecole-91490/debouchage-canalisation,2026-07-22
www.etienne-services.fr,,,https://www.etienne-services.fr/essonne/plombier-oncy-sur-ecole-91490/recherche-de-fuites,2026-07-22
www.etienne-services.fr,,,https://www.etienne-services.fr/essonne/plombier-ormoy-91540/debouchage-canalisation,2026-07-22
www.etienne-services.fr,,,https://www.etienne-services.fr/essonne/plombier-ormoy-91540/recherche-de-fuites,2026-07-22
www.etienne-services.fr,,,https://www.etienne-services.fr/essonne/plombier-ormoy-la-riviere-91150/debouchage-canalisation,2026-07-22
www.etienne-services.fr,,,https://www.etienne-services.fr/essonne/plombier-ormoy-la-riviere-91150/recherche-de-fuites,2026-07-22
www.etienne-services.fr,,,https://www.etienne-services.fr/essonne/plombier-orveau-91590/debouchage-canalisation,2026-07-22
www.etienne-services.fr,,,https://www.etienne-services.fr/essonne/plombier-orveau-91590/recherche-de-fuites,2026-07-22
www.etienne-services.fr,,,https://www.etienne-services.fr/essonne/plombier-pecqueuse-91470/debouchage-canalisation,2026-07-22
www.etienne-services.fr,,,https://www.etienne-services.fr/essonne/plombier-pecqueuse-91470/recherche-de-fuites,2026-07-22
www.etienne-services.fr,,,https://www.etienne-services.fr/essonne/plombier-plessis-saint-benoist-91410/debouchage-canalisation,2026-07-22
www.etienne-services.fr,,,https://www.etienne-services.fr/essonne/plombier-plessis-saint-benoist-91410/recherche-de-fuites,2026-07-22
www.etienne-services.fr,,,https://www.etienne-services.fr/essonne/plombier-prunay-sur-essonne-91720/debouchage-canalisation,2026-07-22
www.etienne-services.fr,,,https://www.etienne-services.fr/essonne/plombier-prunay-sur-essonne-91720/recherche-de-fuites,2026-07-22
www.etienne-services.fr,,,https://www.etienne-services.fr/essonne/plombier-puiselet-le-marais-91150/debouchage-canalisation,2026-07-22
www.etienne-services.fr,,,https://www.etienne-services.fr/essonne/plombier-puiselet-le-marais-91150/recherche-de-fuites,2026-07-22
www.etienne-services.fr,,,https://www.etienne-services.fr/essonne/plombier-pussay-91740/debouchage-canalisation,2026-07-22
www.etienne-services.fr,,,https://www.etienne-services.fr/essonne/plombier-pussay-91740/recherche-de-fuites,2026-07-22
www.etienne-services.fr,,,https://www.etienne-services.fr/essonne/plombier-richarville-91410/debouchage-canalisation,2026-07-22
www.etienne-services.fr,,,https://www.etienne-services.fr/essonne/plombier-richarville-91410/recherche-de-fuites,2026-07-22
www.etienne-services.fr,,,https://www.etienne-services.fr/essonne/plombier-roinville-91410/debouchage-canalisation,2026-07-22
www.etienne-services.fr,,,https://www.etienne-services.fr/essonne/plombier-roinville-91410/recherche-de-fuites,2026-07-22
www.etienne-services.fr,,,https://www.etienne-services.fr/essonne/plombier-roinvilliers-91150/debouchage-canalisation,2026-07-22
www.etienne-services.fr,,,https://www.etienne-services.fr/essonne/plombier-roinvilliers-91150/recherche-de-fuites,2026-07-22
www.etienne-services.fr,,,https://www.etienne-services.fr/essonne/plombier-saclas-91690/debouchage-canalisation,2026-07-22
www.etienne-services.fr,,,https://www.etienne-services.fr/essonne/plombier-saclas-91690/recherche-de-fuites,2026-07-22
www.etienne-services.fr,,,https://www.etienne-services.fr/essonne/plombier-saclay-91400/debouchage-canalisation,2026-07-22
www.etienne-services.fr,,,https://www.etienne-services.fr/essonne/plombier-saclay-91400/recherche-de-fuites,2026-07-22
www.etienne-services.fr,,,https://www.etienne-services.fr/essonne/plombier-saint-aubin-91190/debouchage-canalisation,2026-07-22
www.etienne-services.fr,,,https://www.etienne-services.fr/essonne/plombier-saint-aubin-91190/recherche-de-fuites,2026-07-22
www.etienne-services.fr,,,https://www.etienne-services.fr/essonne/plombier-saint-cheron-91530/debouchage-canalisation,2026-07-22
www.etienne-services.fr,,,https://www.etienne-services.fr/essonne/plombier-saint-cheron-91530/recherche-de-fuites,2026-07-22
www.etienne-services.fr,,,https://www.etienne-services.fr/essonne/plombier-saint-cyr-la-riviere-91690/debouchage-canalisation,2026-07-22
www.etienne-services.fr,,,https://www.etienne-services.fr/essonne/plombier-saint-cyr-la-riviere-91690/recherche-de-fuites,2026-07-22
www.etienne-services.fr,,,https://www.etienne-services.fr/essonne/plombier-saint-cyr-sous-dourdan-91410/debouchage-canalisation,2026-07-22
www.etienne-services.fr,,,https://www.etienne-services.fr/essonne/plombier-saint-cyr-sous-dourdan-91410/recherche-de-fuites,2026-07-22
www.etienne-services.fr,,,https://www.etienne-services.fr/essonne/plombier-saint-escobille-91410/debouchage-canalisation,2026-07-22
www.etienne-services.fr,,,https://www.etienne-services.fr/essonne/plombier-saint-escobille-91410/recherche-de-fuites,2026-07-22
www.etienne-services.fr,,,https://www.etienne-services.fr/essonne/plombier-saint-hilaire-91780/debouchage-canalisation,2026-07-22
www.etienne-services.fr,,,https://www.etienne-services.fr/essonne/plombier-saint-hilaire-91780/recherche-de-fuites,2026-07-22
www.etienne-services.fr,,,https://www.etienne-services.fr/essonne/plombier-saint-jean-de-beauregard-91940/debouchage-canalisation,2026-07-22
www.etienne-services.fr,,,https://www.etienne-services.fr/essonne/plombier-saint-jean-de-beauregard-91940/recherche-de-fuites,2026-07-22
www.etienne-services.fr,,,https://www.etienne-services.fr/essonne/plombier-saint-maurice-montcouronne-91530/debouchage-canalisation,2026-07-22
www.etienne-services.fr,,,https://www.etienne-services.fr/essonne/plombier-saint-maurice-montcouronne-91530/recherche-de-fuites,2026-07-22
www.etienne-services.fr,,,https://www.etienne-services.fr/essonne/plombier-saint-sulpice-de-favieres-91910/debouchage-canalisation,2026-07-22
www.etienne-services.fr,,,https://www.etienne-services.fr/essonne/plombier-saint-sulpice-de-favieres-91910/recherche-de-fuites,2026-07-22
www.etienne-services.fr,,,https://www.etienne-services.fr/essonne/plombier-saint-vrain-91770/debouchage-canalisation,2026-07-22
www.etienne-services.fr,,,https://www.etienne-services.fr/essonne/plombier-saint-vrain-91770/recherche-de-fuites,2026-07-22
www.etienne-services.fr,,,https://www.etienne-services.fr/essonne/plombier-saint-yon-91650/debouchage-canalisation,2026-07-22
www.etienne-services.fr,,,https://www.etienne-services.fr/essonne/plombier-saint-yon-91650/recherche-de-fuites,2026-07-22
www.etienne-services.fr,,,https://www.etienne-services.fr/essonne/plombier-saulx-les-chartreux-91160/debouchage-canalisation,2026-07-22
www.etienne-services.fr,,,https://www.etienne-services.fr/essonne/plombier-saulx-les-chartreux-91160/recherche-de-fuites,2026-07-22
www.etienne-services.fr,,,https://www.etienne-services.fr/essonne/plombier-sermaise-91530/debouchage-canalisation,2026-07-22
www.etienne-services.fr,,,https://www.etienne-services.fr/essonne/plombier-sermaise-91530/recherche-de-fuites,2026-07-22
www.etienne-services.fr,,,https://www.etienne-services.fr/essonne/plombier-soisy-sur-ecole-91840/debouchage-canalisation,2026-07-22
www.etienne-services.fr,,,https://www.etienne-services.fr/essonne/plombier-soisy-sur-ecole-91840/recherche-de-fuites,2026-07-22
www.etienne-services.fr,,,https://www.etienne-services.fr/essonne/plombier-souzy-la-briche-91580/debouchage-canalisation,2026-07-22
www.etienne-services.fr,,,https://www.etienne-services.fr/essonne/plombier-souzy-la-briche-91580/recherche-de-fuites,2026-07-22
www.etienne-services.fr,,,https://www.etienne-services.fr/essonne/plombier-tigery-91250/debouchage-canalisation,2026-07-22
www.etienne-services.fr,,,https://www.etienne-services.fr/essonne/plombier-tigery-91250/recherche-de-fuites,2026-07-22
www.etienne-services.fr,,,https://www.etienne-services.fr/essonne/plombier-torfou-91730/debouchage-canalisation,2026-07-22
www.etienne-services.fr,,,https://www.etienne-services.fr/essonne/plombier-torfou-91730/recherche-de-fuites,2026-07-22
www.etienne-services.fr,,,https://www.etienne-services.fr/essonne/plombier-valpuiseaux-91720/debouchage-canalisation,2026-07-22
www.etienne-services.fr,,,https://www.etienne-services.fr/essonne/plombier-valpuiseaux-91720/recherche-de-fuites,2026-07-22
www.etienne-services.fr,,,https://www.etienne-services.fr/essonne/plombier-varennes-jarcy-91480/debouchage-canalisation,2026-07-22
www.etienne-services.fr,,,https://www.etienne-services.fr/essonne/plombier-varennes-jarcy-91480/recherche-de-fuites,2026-07-22
www.etienne-services.fr,,,https://www.etienne-services.fr/essonne/plombier-vaugrigneuse-91640/debouchage-canalisation,2026-07-22
www.etienne-services.fr,,,https://www.etienne-services.fr/essonne/plombier-vaugrigneuse-91640/recherche-de-fuites,2026-07-22
www.etienne-services.fr,,,https://www.etienne-services.fr/essonne/plombier-vauhallan-91430/debouchage-canalisation,2026-07-22
www.etienne-services.fr,,,https://www.etienne-services.fr/essonne/plombier-vauhallan-91430/recherche-de-fuites,2026-07-22
www.etienne-services.fr,,,https://www.etienne-services.fr/essonne/plombier-vayres-sur-essonne-91820/debouchage-canalisation,2026-07-22
www.etienne-services.fr,,,https://www.etienne-services.fr/essonne/plombier-vayres-sur-essonne-91820/recherche-de-fuites,2026-07-22
www.etienne-services.fr,,,https://www.etienne-services.fr/essonne/plombier-vert-le-grand-91810/debouchage-canalisation,2026-07-22
www.etienne-services.fr,,,https://www.etienne-services.fr/essonne/plombier-vert-le-grand-91810/recherche-de-fuites,2026-07-22
www.etienne-services.fr,,,https://www.etienne-services.fr/essonne/plombier-vert-le-petit-91710/debouchage-canalisation,2026-07-22
www.etienne-services.fr,,,https://www.etienne-services.fr/essonne/plombier-vert-le-petit-91710/recherche-de-fuites,2026-07-22
www.etienne-services.fr,,,https://www.etienne-services.fr/essonne/plombier-videlles-91890/debouchage-canalisation,2026-07-22
www.etienne-services.fr,,,https://www.etienne-services.fr/essonne/plombier-videlles-91890/recherche-de-fuites,2026-07-22
www.etienne-services.fr,,,https://www.etienne-services.fr/essonne/plombier-villabe-91100/debouchage-canalisation,2026-07-22
www.etienne-services.fr,,,https://www.etienne-services.fr/essonne/plombier-villabe-91100/recherche-de-fuites,2026-07-22
www.etienne-services.fr,,,https://www.etienne-services.fr/essonne/plombier-villeconin-91580/debouchage-canalisation,2026-07-22
www.etienne-services.fr,,,https://www.etienne-services.fr/essonne/plombier-villeconin-91580/recherche-de-fuites,2026-07-22
www.etienne-services.fr,,,https://www.etienne-services.fr/essonne/plombier-villejust-91140/debouchage-canalisation,2026-07-22
www.etienne-services.fr,,,https://www.etienne-services.fr/essonne/plombier-villejust-91140/recherche-de-fuites,2026-07-22
www.etienne-services.fr,,,https://www.etienne-services.fr/essonne/plombier-villeneuve-sur-auvers-91580/debouchage-canalisation,2026-07-22
www.etienne-services.fr,,,https://www.etienne-services.fr/essonne/plombier-villeneuve-sur-auvers-91580/recherche-de-fuites,2026-07-22
www.etienne-services.fr,,,https://www.etienne-services.fr/essonne/plombier-villiers-le-bacle-91190/debouchage-canalisation,2026-07-22
www.etienne-services.fr,,,https://www.etienne-services.fr/essonne/plombier-villiers-le-bacle-91190/recherche-de-fuites,2026-07-22
www.etienne-services.fr,,,https://www.etienne-services.fr/essonne/plombier-villiers-sur-orge-91700/debouchage-canalisation,2026-07-22
www.etienne-services.fr,,,https://www.etienne-services.fr/essonne/plombier-villiers-sur-orge-91700/recherche-de-fuites,2026-07-22
www.etienne-services.fr,,,https://www.etienne-services.fr/essonne/serrurier-abbeville-la-riviere-91150/porte-blindee,2026-07-22
www.etienne-services.fr,,,https://www.etienne-services.fr/essonne/serrurier-angerville-91670/porte-blindee,2026-07-22
www.etienne-services.fr,,,https://www.etienne-services.fr/essonne/serrurier-angervilliers-91470/porte-blindee,2026-07-22
www.etienne-services.fr,,,https://www.etienne-services.fr/essonne/serrurier-arrancourt-91690/porte-blindee,2026-07-22
www.etienne-services.fr,,,https://www.etienne-services.fr/essonne/serrurier-authon-la-plaine-91410/porte-blindee,2026-07-22
www.etienne-services.fr,,,https://www.etienne-services.fr/essonne/serrurier-auvernaux-91830/porte-blindee,2026-07-22
www.etienne-services.fr,,,https://www.etienne-services.fr/essonne/serrurier-auvers-saint-georges-91580/porte-blindee,2026-07-22
www.etienne-services.fr,,,https://www.etienne-services.fr/essonne/serrurier-avrainville-91630/porte-blindee,2026-07-22
www.etienne-services.fr,,,https://www.etienne-services.fr/essonne/serrurier-ballainvilliers-91160/porte-blindee,2026-07-22
www.etienne-services.fr,,,https://www.etienne-services.fr/essonne/serrurier-baulne-91590/porte-blindee,2026-07-22
www.etienne-services.fr,,,https://www.etienne-services.fr/essonne/serrurier-bievres-91570/porte-blindee,2026-07-22
www.etienne-services.fr,,,https://www.etienne-services.fr/essonne/serrurier-blandy-91150/porte-blindee,2026-07-22
www.etienne-services.fr,,,https://www.etienne-services.fr/essonne/serrurier-boigneville-91720/porte-blindee,2026-07-22
www.etienne-services.fr,,,https://www.etienne-services.fr/essonne/serrurier-bois-herpin-91150/porte-blindee,2026-07-22
www.etienne-services.fr,,,https://www.etienne-services.fr/essonne/serrurier-boissy-la-riviere-91690/porte-blindee,2026-07-22
www.etienne-services.fr,,,https://www.etienne-services.fr/essonne/serrurier-boissy-le-cutte-91590/porte-blindee,2026-07-22
www.etienne-services.fr,,,https://www.etienne-services.fr/essonne/serrurier-boissy-le-sec-91870/porte-blindee,2026-07-22
www.etienne-services.fr,,,https://www.etienne-services.fr/essonne/serrurier-boissy-sous-saint-yon-91790/porte-blindee,2026-07-22
www.etienne-services.fr,,,https://www.etienne-services.fr/essonne/serrurier-boullay-les-troux-91470/porte-blindee,2026-07-22
www.etienne-services.fr,,,https://www.etienne-services.fr/essonne/serrurier-bouray-sur-juine-91850/porte-blindee,2026-07-22
www.etienne-services.fr,,,https://www.etienne-services.fr/essonne/serrurier-boutervilliers-91150/porte-blindee,2026-07-22
www.etienne-services.fr,,,https://www.etienne-services.fr/essonne/serrurier-boutigny-sur-essonne-91820/porte-blindee,2026-07-22
www.etienne-services.fr,,,https://www.etienne-services.fr/essonne/serrurier-bouville-91880/porte-blindee,2026-07-22
www.etienne-services.fr,,,https://www.etienne-services.fr/essonne/serrurier-breux-jouy-91650/porte-blindee,2026-07-22
www.etienne-services.fr,,,https://www.etienne-services.fr/essonne/serrurier-brieres-les-scelles-91150/porte-blindee,2026-07-22
www.etienne-services.fr,,,https://www.etienne-services.fr/essonne/serrurier-briis-sous-forges-91640/porte-blindee,2026-07-22
www.etienne-services.fr,,,https://www.etienne-services.fr/essonne/serrurier-brouy-91150/porte-blindee,2026-07-22
www.etienne-services.fr,,,https://www.etienne-services.fr/essonne/serrurier-bruyeres-le-chatel-91680/porte-blindee,2026-07-22
www.etienne-services.fr,,,https://www.etienne-services.fr/essonne/serrurier-buno-bonnevaux-91720/porte-blindee,2026-07-22
www.etienne-services.fr,,,https://www.etienne-services.fr/essonne/serrurier-cerny-91590/porte-blindee,2026-07-22
www.etienne-services.fr,,,https://www.etienne-services.fr/essonne/serrurier-chalo-saint-mars-91780/porte-blindee,2026-07-22
www.etienne-services.fr,,,https://www.etienne-services.fr/essonne/serrurier-chalou-moulineux-91740/porte-blindee,2026-07-22
www.etienne-services.fr,,,https://www.etienne-services.fr/essonne/serrurier-chamarande-91730/porte-blindee,2026-07-22
www.etienne-services.fr,,,https://www.etienne-services.fr/essonne/serrurier-champcueil-91750/porte-blindee,2026-07-22
www.etienne-services.fr,,,https://www.etienne-services.fr/essonne/serrurier-champlan-91160/porte-blindee,2026-07-22
www.etienne-services.fr,,,https://www.etienne-services.fr/essonne/serrurier-champmotteux-91150/porte-blindee,2026-07-22
www.etienne-services.fr,,,https://www.etienne-services.fr/essonne/serrurier-chatignonville-91410/porte-blindee,2026-07-22
www.etienne-services.fr,,,https://www.etienne-services.fr/essonne/serrurier-chauffour-les-etrechy-91580/porte-blindee,2026-07-22
www.etienne-services.fr,,,https://www.etienne-services.fr/essonne/serrurier-cheptainville-91630/porte-blindee,2026-07-22
www.etienne-services.fr,,,https://www.etienne-services.fr/essonne/serrurier-chevannes-91750/porte-blindee,2026-07-22
www.etienne-services.fr,,,https://www.etienne-services.fr/essonne/serrurier-congerville-thionville-91740/porte-blindee,2026-07-22
www.etienne-services.fr,,,https://www.etienne-services.fr/essonne/serrurier-corbreuse-91410/porte-blindee,2026-07-22
www.etienne-services.fr,,,https://www.etienne-services.fr/essonne/serrurier-courances-91490/porte-blindee,2026-07-22
www.etienne-services.fr,,,https://www.etienne-services.fr/essonne/serrurier-courdimanche-sur-essonne-91720/porte-blindee,2026-07-22
www.etienne-services.fr,,,https://www.etienne-services.fr/essonne/serrurier-courson-monteloup-91680/porte-blindee,2026-07-22
www.etienne-services.fr,,,https://www.etienne-services.fr/essonne/serrurier-d-huison-longueville-91590/porte-blindee,2026-07-22
www.etienne-services.fr,,,https://www.etienne-services.fr/essonne/serrurier-dannemois-91490/porte-blindee,2026-07-22
www.etienne-services.fr,,,https://www.etienne-services.fr/essonne/serrurier-echarcon-91540/porte-blindee,2026-07-22
www.etienne-services.fr,,,https://www.etienne-services.fr/essonne/serrurier-estouches-91660/porte-blindee,2026-07-22
www.etienne-services.fr,,,https://www.etienne-services.fr/essonne/serrurier-etiolles-91450/porte-blindee,2026-07-22
www.etienne-services.fr,,,https://www.etienne-services.fr/essonne/serrurier-fontaine-la-riviere-91690/porte-blindee,2026-07-22
www.etienne-services.fr,,,https://www.etienne-services.fr/essonne/serrurier-fontenay-le-vicomte-91540/porte-blindee,2026-07-22
www.etienne-services.fr,,,https://www.etienne-services.fr/essonne/serrurier-fontenay-les-briis-91640/porte-blindee,2026-07-22
www.etienne-services.fr,,,https://www.etienne-services.fr/essonne/serrurier-forges-les-bains-91470/porte-blindee,2026-07-22
www.etienne-services.fr,,,https://www.etienne-services.fr/essonne/serrurier-gironville-sur-essonne-91720/porte-blindee,2026-07-22
www.etienne-services.fr,,,https://www.etienne-services.fr/essonne/serrurier-gometz-la-ville-91400/porte-blindee,2026-07-22
www.etienne-services.fr,,,https://www.etienne-services.fr/essonne/serrurier-gometz-le-chatel-91940/porte-blindee,2026-07-22
www.etienne-services.fr,,,https://www.etienne-services.fr/essonne/serrurier-guibeville-91630/porte-blindee,2026-07-22
www.etienne-services.fr,,,https://www.etienne-services.fr/essonne/serrurier-guigneville-sur-essonne-91590/porte-blindee,2026-07-22
www.etienne-services.fr,,,https://www.etienne-services.fr/essonne/serrurier-guillerval-91690/porte-blindee,2026-07-22
www.etienne-services.fr,,,https://www.etienne-services.fr/essonne/serrurier-janville-sur-juine-91510/porte-blindee,2026-07-22
www.etienne-services.fr,,,https://www.etienne-services.fr/essonne/serrurier-janvry-91640/porte-blindee,2026-07-22
www.etienne-services.fr,,,https://www.etienne-services.fr/essonne/serrurier-la-ferte-alais-91590/porte-blindee,2026-07-22
www.etienne-services.fr,,,https://www.etienne-services.fr/essonne/serrurier-la-foret-le-roi-91410/porte-blindee,2026-07-22
www.etienne-services.fr,,,https://www.etienne-services.fr/essonne/serrurier-la-foret-sainte-croix-91150/porte-blindee,2026-07-22
www.etienne-services.fr,,,https://www.etienne-services.fr/essonne/serrurier-la-norville-91290/porte-blindee,2026-07-22
www.etienne-services.fr,,,https://www.etienne-services.fr/essonne/serrurier-le-coudray-montceaux-91830/porte-blindee,2026-07-22
www.etienne-services.fr,,,https://www.etienne-services.fr/essonne/serrurier-le-plessis-pate-91220/porte-blindee,2026-07-22
www.etienne-services.fr,,,https://www.etienne-services.fr/essonne/serrurier-le-val-saint-germain-91530/porte-blindee,2026-07-22
www.etienne-services.fr,,,https://www.etienne-services.fr/essonne/serrurier-les-granges-le-roi-91410/porte-blindee,2026-07-22
www.etienne-services.fr,,,https://www.etienne-services.fr/essonne/serrurier-les-molieres-91470/porte-blindee,2026-07-22
www.etienne-services.fr,,,https://www.etienne-services.fr/essonne/serrurier-leudeville-91630/porte-blindee,2026-07-22
www.etienne-services.fr,,,https://www.etienne-services.fr/essonne/serrurier-leuville-sur-orge-91310/porte-blindee,2026-07-22
www.etienne-services.fr,,,https://www.etienne-services.fr/essonne/serrurier-maisse-91720/porte-blindee,2026-07-22
www.etienne-services.fr,,,https://www.etienne-services.fr/essonne/serrurier-marolles-en-beauce-91150/porte-blindee,2026-07-22
www.etienne-services.fr,,,https://www.etienne-services.fr/essonne/serrurier-marolles-en-hurepoix-91630/porte-blindee,2026-07-22
www.etienne-services.fr,,,https://www.etienne-services.fr/essonne/serrurier-mauchamps-91730/porte-blindee,2026-07-22
www.etienne-services.fr,,,https://www.etienne-services.fr/essonne/serrurier-mereville-91660/porte-blindee,2026-07-22
www.etienne-services.fr,,,https://www.etienne-services.fr/essonne/serrurier-merobert-91780/porte-blindee,2026-07-22
www.etienne-services.fr,,,https://www.etienne-services.fr/essonne/serrurier-mespuits-91150/porte-blindee,2026-07-22
www.etienne-services.fr,,,https://www.etienne-services.fr/essonne/serrurier-milly-la-foret-91490/porte-blindee,2026-07-22
www.etienne-services.fr,,,https://www.etienne-services.fr/essonne/serrurier-moigny-sur-ecole-91490/porte-blindee,2026-07-22
www.etienne-services.fr,,,https://www.etienne-services.fr/essonne/serrurier-mondeville-91590/porte-blindee,2026-07-22
www.etienne-services.fr,,,https://www.etienne-services.fr/essonne/serrurier-monnerville-91930/porte-blindee,2026-07-22
www.etienne-services.fr,,,https://www.etienne-services.fr/essonne/serrurier-morigny-champigny-91150/porte-blindee,2026-07-22
www.etienne-services.fr,,,https://www.etienne-services.fr/essonne/serrurier-morsang-sur-seine-91250/porte-blindee,2026-07-22
www.etienne-services.fr,,,https://www.etienne-services.fr/essonne/serrurier-nainville-les-roches-91750/porte-blindee,2026-07-22
www.etienne-services.fr,,,https://www.etienne-services.fr/essonne/serrurier-nozay-91620/porte-blindee,2026-07-22
www.etienne-services.fr,,,https://www.etienne-services.fr/essonne/serrurier-ollainville-91290/porte-blindee,2026-07-22
www.etienne-services.fr,,,https://www.etienne-services.fr/essonne/serrurier-oncy-sur-ecole-91490/porte-blindee,2026-07-22
www.etienne-services.fr,,,https://www.etienne-services.fr/essonne/serrurier-ormoy-91540/porte-blindee,2026-07-22
www.etienne-services.fr,,,https://www.etienne-services.fr/essonne/serrurier-ormoy-la-riviere-91150/porte-blindee,2026-07-22
www.etienne-services.fr,,,https://www.etienne-services.fr/essonne/serrurier-orveau-91590/porte-blindee,2026-07-22
www.etienne-services.fr,,,https://www.etienne-services.fr/essonne/serrurier-pecqueuse-91470/porte-blindee,2026-07-22
www.etienne-services.fr,,,https://www.etienne-services.fr/essonne/serrurier-plessis-saint-benoist-91410/porte-blindee,2026-07-22
www.etienne-services.fr,,,https://www.etienne-services.fr/essonne/serrurier-prunay-sur-essonne-91720/porte-blindee,2026-07-22
www.etienne-services.fr,,,https://www.etienne-services.fr/essonne/serrurier-puiselet-le-marais-91150/porte-blindee,2026-07-22
www.etienne-services.fr,,,https://www.etienne-services.fr/essonne/serrurier-pussay-91740/porte-blindee,2026-07-22
www.etienne-services.fr,,,https://www.etienne-services.fr/essonne/serrurier-richarville-91410/porte-blindee,2026-07-22
www.etienne-services.fr,,,https://www.etienne-services.fr/essonne/serrurier-roinville-91410/porte-blindee,2026-07-22
www.etienne-services.fr,,,https://www.etienne-services.fr/essonne/serrurier-roinvilliers-91150/porte-blindee,2026-07-22
www.etienne-services.fr,,,https://www.etienne-services.fr/essonne/serrurier-saclas-91690/porte-blindee,2026-07-22
www.etienne-services.fr,,,https://www.etienne-services.fr/essonne/serrurier-saclay-91400/porte-blindee,2026-07-22
www.etienne-services.fr,,,https://www.etienne-services.fr/essonne/serrurier-saint-aubin-91190/porte-blindee,2026-07-22
www.etienne-services.fr,,,https://www.etienne-services.fr/essonne/serrurier-saint-cheron-91530/porte-blindee,2026-07-22
www.etienne-services.fr,,,https://www.etienne-services.fr/essonne/serrurier-saint-cyr-la-riviere-91690/porte-blindee,2026-07-22
www.etienne-services.fr,,,https://www.etienne-services.fr/essonne/serrurier-saint-cyr-sous-dourdan-91410/porte-blindee,2026-07-22
www.etienne-services.fr,,,https://www.etienne-services.fr/essonne/serrurier-saint-escobille-91410/porte-blindee,2026-07-22
www.etienne-services.fr,,,https://www.etienne-services.fr/essonne/serrurier-saint-hilaire-91780/porte-blindee,2026-07-22
www.etienne-services.fr,,,https://www.etienne-services.fr/essonne/serrurier-saint-jean-de-beauregard-91940/porte-blindee,2026-07-22
www.etienne-services.fr,,,https://www.etienne-services.fr/essonne/serrurier-saint-maurice-montcouronne-91530/porte-blindee,2026-07-22
www.etienne-services.fr,,,https://www.etienne-services.fr/essonne/serrurier-saint-sulpice-de-favieres-91910/porte-blindee,2026-07-22
www.etienne-services.fr,,,https://www.etienne-services.fr/essonne/serrurier-saint-vrain-91770/porte-blindee,2026-07-22
www.etienne-services.fr,,,https://www.etienne-services.fr/essonne/serrurier-saint-yon-91650/porte-blindee,2026-07-22
www.etienne-services.fr,,,https://www.etienne-services.fr/essonne/serrurier-saulx-les-chartreux-91160/porte-blindee,2026-07-22
www.etienne-services.fr,,,https://www.etienne-services.fr/essonne/serrurier-sermaise-91530/porte-blindee,2026-07-22
www.etienne-services.fr,,,https://www.etienne-services.fr/essonne/serrurier-soisy-sur-ecole-91840/porte-blindee,2026-07-22
www.etienne-services.fr,,,https://www.etienne-services.fr/essonne/serrurier-souzy-la-briche-91580/porte-blindee,2026-07-22
www.etienne-services.fr,,,https://www.etienne-services.fr/essonne/serrurier-tigery-91250/porte-blindee,2026-07-22
www.etienne-services.fr,,,https://www.etienne-services.fr/essonne/serrurier-torfou-91730/porte-blindee,2026-07-22
www.etienne-services.fr,,,https://www.etienne-services.fr/essonne/serrurier-valpuiseaux-91720/porte-blindee,2026-07-22
www.etienne-services.fr,,,https://www.etienne-services.fr/essonne/serrurier-varennes-jarcy-91480/porte-blindee,2026-07-22
www.etienne-services.fr,,,https://www.etienne-services.fr/essonne/serrurier-vaugrigneuse-91640/porte-blindee,2026-07-22
www.etienne-services.fr,,,https://www.etienne-services.fr/essonne/serrurier-vauhallan-91430/porte-blindee,2026-07-22
www.etienne-services.fr,,,https://www.etienne-services.fr/essonne/serrurier-vayres-sur-essonne-91820/porte-blindee,2026-07-22
www.etienne-services.fr,,,https://www.etienne-services.fr/essonne/serrurier-vert-le-grand-91810/porte-blindee,2026-07-22
www.etienne-services.fr,,,https://www.etienne-services.fr/essonne/serrurier-vert-le-petit-91710/porte-blindee,2026-07-22
www.etienne-services.fr,,,https://www.etienne-services.fr/essonne/serrurier-videlles-91890/porte-blindee,2026-07-22
www.etienne-services.fr,,,https://www.etienne-services.fr/essonne/serrurier-villabe-91100/porte-blindee,2026-07-22
www.etienne-services.fr,,,https://www.etienne-services.fr/essonne/serrurier-villeconin-91580/porte-blindee,2026-07-22
www.etienne-services.fr,,,https://www.etienne-services.fr/essonne/serrurier-villejust-91140/porte-blindee,2026-07-22
www.etienne-services.fr,,,https://www.etienne-services.fr/essonne/serrurier-villeneuve-sur-auvers-91580/porte-blindee,2026-07-22
www.etienne-services.fr,,,https://www.etienne-services.fr/essonne/serrurier-villiers-le-bacle-91190/porte-blindee,2026-07-22
www.etienne-services.fr,,,https://www.etienne-services.fr/essonne/serrurier-villiers-sur-orge-91700/porte-blindee,2026-07-22
www.etienne-services.fr,,,https://www.etienne-services.fr/hauts-de-seine/plombier-marnes-la-coquette-92430/debouchage-canalisation,2026-07-22
www.etienne-services.fr,,,https://www.etienne-services.fr/hauts-de-seine/serrurier-marnes-la-coquette-92430/porte-blindee,2026-07-22
www.etienne-services.fr,,,https://www.etienne-services.fr/loire/plombier-aboen-42380/debouchage-canalisation,2026-07-22
www.etienne-services.fr,,,https://www.etienne-services.fr/loire/plombier-aboen-42380/recherche-de-fuites,2026-07-22
www.etienne-services.fr,,,https://www.etienne-services.fr/loire/plombier-ailleux-42130/debouchage-canalisation,2026-07-22
www.etienne-services.fr,,,https://www.etienne-services.fr/loire/plombier-ailleux-42130/recherche-de-fuites,2026-07-22
www.etienne-services.fr,,,https://www.etienne-services.fr/loire/plombier-ambierle-42820/debouchage-canalisation,2026-07-22
www.etienne-services.fr,,,https://www.etienne-services.fr/loire/plombier-ambierle-42820/recherche-de-fuites,2026-07-22
www.etienne-services.fr,,,https://www.etienne-services.fr/loire/plombier-amions-42260/debouchage-canalisation,2026-07-22
www.etienne-services.fr,,,https://www.etienne-services.fr/loire/plombier-amions-42260/recherche-de-fuites,2026-07-22
www.etienne-services.fr,,,https://www.etienne-services.fr/loire/plombier-apinac-42550/debouchage-canalisation,2026-07-22
www.etienne-services.fr,,,https://www.etienne-services.fr/loire/plombier-apinac-42550/recherche-de-fuites,2026-07-22
www.etienne-services.fr,,,https://www.etienne-services.fr/loire/plombier-arcinges-42460/debouchage-canalisation,2026-07-22
www.etienne-services.fr,,,https://www.etienne-services.fr/loire/plombier-arcinges-42460/recherche-de-fuites,2026-07-22
www.etienne-services.fr,,,https://www.etienne-services.fr/loire/plombier-arcon-42370/debouchage-canalisation,2026-07-22
www.etienne-services.fr,,,https://www.etienne-services.fr/loire/plombier-arcon-42370/recherche-de-fuites,2026-07-22
www.etienne-services.fr,,,https://www.etienne-services.fr/loire/plombier-arthun-42130/debouchage-canalisation,2026-07-22
www.etienne-services.fr,,,https://www.etienne-services.fr/loire/plombier-arthun-42130/recherche-de-fuites,2026-07-22
www.etienne-services.fr,,,https://www.etienne-services.fr/loire/plombier-aveizieux-42330/debouchage-canalisation,2026-07-22
www.etienne-services.fr,,,https://www.etienne-services.fr/loire/plombier-aveizieux-42330/recherche-de-fuites,2026-07-22
www.etienne-services.fr,,,https://www.etienne-services.fr/loire/plombier-balbigny-42510/debouchage-canalisation,2026-07-22
www.etienne-services.fr,,,https://www.etienne-services.fr/loire/plombier-balbigny-42510/recherche-de-fuites,2026-07-22
www.etienne-services.fr,,,https://www.etienne-services.fr/loire/plombier-bard-42600/debouchage-canalisation,2026-07-22
www.etienne-services.fr,,,https://www.etienne-services.fr/loire/plombier-bard-42600/recherche-de-fuites,2026-07-22
www.etienne-services.fr,,,https://www.etienne-services.fr/loire/plombier-bellegarde-en-forez-42210/debouchage-canalisation,2026-07-22
www.etienne-services.fr,,,https://www.etienne-services.fr/loire/plombier-bellegarde-en-forez-42210/recherche-de-fuites,2026-07-22
www.etienne-services.fr,,,https://www.etienne-services.fr/loire/plombier-belleroche-42670/debouchage-canalisation,2026-07-22
www.etienne-services.fr,,,https://www.etienne-services.fr/loire/plombier-belleroche-42670/recherche-de-fuites,2026-07-22
www.etienne-services.fr,,,https://www.etienne-services.fr/loire/plombier-belmont-de-la-loire-42670/debouchage-canalisation,2026-07-22
www.etienne-services.fr,,,https://www.etienne-services.fr/loire/plombier-belmont-de-la-loire-42670/recherche-de-fuites,2026-07-22
www.etienne-services.fr,,,https://www.etienne-services.fr/loire/plombier-bessey-42520/debouchage-canalisation,2026-07-22
www.etienne-services.fr,,,https://www.etienne-services.fr/loire/plombier-bessey-42520/recherche-de-fuites,2026-07-22
www.etienne-services.fr,,,https://www.etienne-services.fr/loire/plombier-boen-42130/debouchage-canalisation,2026-07-22
www.etienne-services.fr,,,https://www.etienne-services.fr/loire/plombier-boen-42130/recherche-de-fuites,2026-07-22
www.etienne-services.fr,,,https://www.etienne-services.fr/loire/plombier-boisset-les-montrond-42210/debouchage-canalisation,2026-07-22
www.etienne-services.fr,,,https://www.etienne-services.fr/loire/plombier-boisset-les-montrond-42210/recherche-de-fuites,2026-07-22
www.etienne-services.fr,,,https://www.etienne-services.fr/loire/plombier-boisset-saint-priest-42560/debouchage-canalisation,2026-07-22
www.etienne-services.fr,,,https://www.etienne-services.fr/loire/plombier-boisset-saint-priest-42560/recherche-de-fuites,2026-07-22
www.etienne-services.fr,,,https://www.etienne-services.fr/loire/plombier-bonson-42160/debouchage-canalisation,2026-07-22
www.etienne-services.fr,,,https://www.etienne-services.fr/loire/plombier-bonson-42160/recherche-de-fuites,2026-07-22
www.etienne-services.fr,,,https://www.etienne-services.fr/loire/plombier-bourg-argental-42220/debouchage-canalisation,2026-07-22
www.etienne-services.fr,,,https://www.etienne-services.fr/loire/plombier-bourg-argental-42220/recherche-de-fuites,2026-07-22
www.etienne-services.fr,,,https://www.etienne-services.fr/loire/plombier-boyer-42460/debouchage-canalisation,2026-07-22
www.etienne-services.fr,,,https://www.etienne-services.fr/loire/plombier-boyer-42460/recherche-de-fuites,2026-07-22
www.etienne-services.fr,,,https://www.etienne-services.fr/loire/plombier-briennon-42720/debouchage-canalisation,2026-07-22
www.etienne-services.fr,,,https://www.etienne-services.fr/loire/plombier-briennon-42720/recherche-de-fuites,2026-07-22
www.etienne-services.fr,,,https://www.etienne-services.fr/loire/plombier-bully-42260/debouchage-canalisation,2026-07-22
www.etienne-services.fr,,,https://www.etienne-services.fr/loire/plombier-bully-42260/recherche-de-fuites,2026-07-22
www.etienne-services.fr,,,https://www.etienne-services.fr/loire/plombier-burdignes-42220/debouchage-canalisation,2026-07-22
www.etienne-services.fr,,,https://www.etienne-services.fr/loire/plombier-burdignes-42220/recherche-de-fuites,2026-07-22
www.etienne-services.fr,,,https://www.etienne-services.fr/loire/plombier-bussieres-42510/debouchage-canalisation,2026-07-22
www.etienne-services.fr,,,https://www.etienne-services.fr/loire/plombier-bussieres-42510/recherche-de-fuites,2026-07-22
www.etienne-services.fr,,,https://www.etienne-services.fr/loire/plombier-bussy-albieux-42260/debouchage-canalisation,2026-07-22
www.etienne-services.fr,,,https://www.etienne-services.fr/loire/plombier-bussy-albieux-42260/recherche-de-fuites,2026-07-22
www.etienne-services.fr,,,https://www.etienne-services.fr/loire/plombier-caloire-42240/debouchage-canalisation,2026-07-22
www.etienne-services.fr,,,https://www.etienne-services.fr/loire/plombier-caloire-42240/recherche-de-fuites,2026-07-22
www.etienne-services.fr,,,https://www.etienne-services.fr/loire/plombier-cellieu-42320/debouchage-canalisation,2026-07-22
www.etienne-services.fr,,,https://www.etienne-services.fr/loire/plombier-cellieu-42320/recherche-de-fuites,2026-07-22
www.etienne-services.fr,,,https://www.etienne-services.fr/loire/plombier-cervieres-42440/debouchage-canalisation,2026-07-22
www.etienne-services.fr,,,https://www.etienne-services.fr/loire/plombier-cervieres-42440/recherche-de-fuites,2026-07-22
www.etienne-services.fr,,,https://www.etienne-services.fr/loire/plombier-cezay-42130/debouchage-canalisation,2026-07-22
www.etienne-services.fr,,,https://www.etienne-services.fr/loire/plombier-cezay-42130/recherche-de-fuites,2026-07-22
www.etienne-services.fr,,,https://www.etienne-services.fr/loire/plombier-chagnon-42800/debouchage-canalisation,2026-07-22
www.etienne-services.fr,,,https://www.etienne-services.fr/loire/plombier-chagnon-42800/recherche-de-fuites,2026-07-22
www.etienne-services.fr,,,https://www.etienne-services.fr/loire/plombier-chalain-d-uzore-42600/debouchage-canalisation,2026-07-22
www.etienne-services.fr,,,https://www.etienne-services.fr/loire/plombier-chalain-d-uzore-42600/recherche-de-fuites,2026-07-22
www.etienne-services.fr,,,https://www.etienne-services.fr/loire/plombier-chalain-le-comtal-42600/debouchage-canalisation,2026-07-22
www.etienne-services.fr,,,https://www.etienne-services.fr/loire/plombier-chalain-le-comtal-42600/recherche-de-fuites,2026-07-22
www.etienne-services.fr,,,https://www.etienne-services.fr/loire/plombier-chalmazel-42920/debouchage-canalisation,2026-07-22
www.etienne-services.fr,,,https://www.etienne-services.fr/loire/plombier-chalmazel-42920/recherche-de-fuites,2026-07-22
www.etienne-services.fr,,,https://www.etienne-services.fr/loire/plombier-chambeon-42110/debouchage-canalisation,2026-07-22
www.etienne-services.fr,,,https://www.etienne-services.fr/loire/plombier-chambeon-42110/recherche-de-fuites,2026-07-22
www.etienne-services.fr,,,https://www.etienne-services.fr/loire/plombier-chambles-42170/debouchage-canalisation,2026-07-22
www.etienne-services.fr,,,https://www.etienne-services.fr/loire/plombier-chambles-42170/recherche-de-fuites,2026-07-22
www.etienne-services.fr,,,https://www.etienne-services.fr/loire/plombier-chamboeuf-42330/debouchage-canalisation,2026-07-22
www.etienne-services.fr,,,https://www.etienne-services.fr/loire/plombier-chamboeuf-42330/recherche-de-fuites,2026-07-22
www.etienne-services.fr,,,https://www.etienne-services.fr/loire/plombier-champdieu-42600/debouchage-canalisation,2026-07-22
www.etienne-services.fr,,,https://www.etienne-services.fr/loire/plombier-champdieu-42600/recherche-de-fuites,2026-07-22
www.etienne-services.fr,,,https://www.etienne-services.fr/loire/plombier-champoly-42430/debouchage-canalisation,2026-07-22
www.etienne-services.fr,,,https://www.etienne-services.fr/loire/plombier-champoly-42430/recherche-de-fuites,2026-07-22
www.etienne-services.fr,,,https://www.etienne-services.fr/loire/plombier-chandon-42190/debouchage-canalisation,2026-07-22
www.etienne-services.fr,,,https://www.etienne-services.fr/loire/plombier-chandon-42190/recherche-de-fuites,2026-07-22
www.etienne-services.fr,,,https://www.etienne-services.fr/loire/plombier-changy-42310/debouchage-canalisation,2026-07-22
www.etienne-services.fr,,,https://www.etienne-services.fr/loire/plombier-changy-42310/recherche-de-fuites,2026-07-22
www.etienne-services.fr,,,https://www.etienne-services.fr/loire/plombier-charlieu-42190/debouchage-canalisation,2026-07-22
www.etienne-services.fr,,,https://www.etienne-services.fr/loire/plombier-charlieu-42190/recherche-de-fuites,2026-07-22
www.etienne-services.fr,,,https://www.etienne-services.fr/loire/plombier-chateauneuf-42800/debouchage-canalisation,2026-07-22
www.etienne-services.fr,,,https://www.etienne-services.fr/loire/plombier-chateauneuf-42800/recherche-de-fuites,2026-07-22
www.etienne-services.fr,,,https://www.etienne-services.fr/loire/plombier-chatelneuf-42940/debouchage-canalisation,2026-07-22
www.etienne-services.fr,,,https://www.etienne-services.fr/loire/plombier-chatelneuf-42940/recherche-de-fuites,2026-07-22
www.etienne-services.fr,,,https://www.etienne-services.fr/loire/plombier-chatelus-42140/debouchage-canalisation,2026-07-22
www.etienne-services.fr,,,https://www.etienne-services.fr/loire/plombier-chatelus-42140/recherche-de-fuites,2026-07-22
www.etienne-services.fr,,,https://www.etienne-services.fr/loire/plombier-chausseterre-42430/debouchage-canalisation,2026-07-22
www.etienne-services.fr,,,https://www.etienne-services.fr/loire/plombier-chausseterre-42430/recherche-de-fuites,2026-07-22
www.etienne-services.fr,,,https://www.etienne-services.fr/loire/plombier-chavanay-42410/debouchage-canalisation,2026-07-22
www.etienne-services.fr,,,https://www.etienne-services.fr/loire/plombier-chavanay-42410/recherche-de-fuites,2026-07-22
www.etienne-services.fr,,,https://www.etienne-services.fr/loire/plombier-chazelles-sur-lavieu-42560/debouchage-canalisation,2026-07-22
www.etienne-services.fr,,,https://www.etienne-services.fr/loire/plombier-chazelles-sur-lavieu-42560/recherche-de-fuites,2026-07-22
www.etienne-services.fr,,,https://www.etienne-services.fr/loire/plombier-chenereilles-42560/debouchage-canalisation,2026-07-22
www.etienne-services.fr,,,https://www.etienne-services.fr/loire/plombier-chenereilles-42560/recherche-de-fuites,2026-07-22
www.etienne-services.fr,,,https://www.etienne-services.fr/loire/plombier-cherier-42430/recherche-de-fuites,2026-07-22
www.etienne-services.fr,,,https://www.etienne-services.fr/loire/plombier-chevrieres-42140/debouchage-canalisation,2026-07-22
www.etienne-services.fr,,,https://www.etienne-services.fr/loire/plombier-chevrieres-42140/recherche-de-fuites,2026-07-22
www.etienne-services.fr,,,https://www.etienne-services.fr/loire/plombier-chirassimont-42114/debouchage-canalisation,2026-07-22
www.etienne-services.fr,,,https://www.etienne-services.fr/loire/plombier-chirassimont-42114/recherche-de-fuites,2026-07-22
www.etienne-services.fr,,,https://www.etienne-services.fr/loire/plombier-chuyer-42410/recherche-de-fuites,2026-07-22
www.etienne-services.fr,,,https://www.etienne-services.fr/loire/plombier-civens-42110/debouchage-canalisation,2026-07-22
www.etienne-services.fr,,,https://www.etienne-services.fr/loire/plombier-civens-42110/recherche-de-fuites,2026-07-22
www.etienne-services.fr,,,https://www.etienne-services.fr/loire/plombier-cleppe-42110/debouchage-canalisation,2026-07-22
www.etienne-services.fr,,,https://www.etienne-services.fr/loire/plombier-cleppe-42110/recherche-de-fuites,2026-07-22
www.etienne-services.fr,,,https://www.etienne-services.fr/loire/plombier-colombier-42220/debouchage-canalisation,2026-07-22
www.etienne-services.fr,,,https://www.etienne-services.fr/loire/plombier-colombier-42220/recherche-de-fuites,2026-07-22
www.etienne-services.fr,,,https://www.etienne-services.fr/loire/plombier-combre-42840/debouchage-canalisation,2026-07-22
www.etienne-services.fr,,,https://www.etienne-services.fr/loire/plombier-combre-42840/recherche-de-fuites,2026-07-22
www.etienne-services.fr,,,https://www.etienne-services.fr/loire/plombier-commelle-vernay-42120/debouchage-canalisation,2026-07-22
www.etienne-services.fr,,,https://www.etienne-services.fr/loire/plombier-commelle-vernay-42120/recherche-de-fuites,2026-07-22
www.etienne-services.fr,,,https://www.etienne-services.fr/loire/plombier-cordelle-42123/debouchage-canalisation,2026-07-22
www.etienne-services.fr,,,https://www.etienne-services.fr/loire/plombier-cordelle-42123/recherche-de-fuites,2026-07-22
www.etienne-services.fr,,,https://www.etienne-services.fr/loire/plombier-cottance-42360/debouchage-canalisation,2026-07-22
www.etienne-services.fr,,,https://www.etienne-services.fr/loire/plombier-cottance-42360/recherche-de-fuites,2026-07-22
www.etienne-services.fr,,,https://www.etienne-services.fr/loire/plombier-coutouvre-42460/debouchage-canalisation,2026-07-22
www.etienne-services.fr,,,https://www.etienne-services.fr/loire/plombier-coutouvre-42460/recherche-de-fuites,2026-07-22
www.etienne-services.fr,,,https://www.etienne-services.fr/loire/plombier-craintilleux-42210/debouchage-canalisation,2026-07-22
www.etienne-services.fr,,,https://www.etienne-services.fr/loire/plombier-craintilleux-42210/recherche-de-fuites,2026-07-22
www.etienne-services.fr,,,https://www.etienne-services.fr/loire/plombier-cremeaux-42260/debouchage-canalisation,2026-07-22
www.etienne-services.fr,,,https://www.etienne-services.fr/loire/plombier-cremeaux-42260/recherche-de-fuites,2026-07-22
www.etienne-services.fr,,,https://www.etienne-services.fr/loire/plombier-croizet-sur-gand-42540/debouchage-canalisation,2026-07-22
www.etienne-services.fr,,,https://www.etienne-services.fr/loire/plombier-croizet-sur-gand-42540/recherche-de-fuites,2026-07-22
www.etienne-services.fr,,,https://www.etienne-services.fr/loire/plombier-cuinzier-42460/debouchage-canalisation,2026-07-22
www.etienne-services.fr,,,https://www.etienne-services.fr/loire/plombier-cuinzier-42460/recherche-de-fuites,2026-07-22
www.etienne-services.fr,,,https://www.etienne-services.fr/loire/plombier-cuzieu-42330/debouchage-canalisation,2026-07-22
www.etienne-services.fr,,,https://www.etienne-services.fr/loire/plombier-cuzieu-42330/recherche-de-fuites,2026-07-22
www.etienne-services.fr,,,https://www.etienne-services.fr/loire/plombier-dance-42260/debouchage-canalisation,2026-07-22
www.etienne-services.fr,,,https://www.etienne-services.fr/loire/plombier-dance-42260/recherche-de-fuites,2026-07-22
www.etienne-services.fr,,,https://www.etienne-services.fr/loire/plombier-dargoire-42800/debouchage-canalisation,2026-07-22
www.etienne-services.fr,,,https://www.etienne-services.fr/loire/plombier-dargoire-42800/recherche-de-fuites,2026-07-22
www.etienne-services.fr,,,https://www.etienne-services.fr/loire/plombier-debats-riviere-d-orpra-42130/debouchage-canalisation,2026-07-22
www.etienne-services.fr,,,https://www.etienne-services.fr/loire/plombier-debats-riviere-d-orpra-42130/recherche-de-fuites,2026-07-22
www.etienne-services.fr,,,https://www.etienne-services.fr/loire/plombier-doizieux-42740/debouchage-canalisation,2026-07-22
www.etienne-services.fr,,,https://www.etienne-services.fr/loire/plombier-doizieux-42740/recherche-de-fuites,2026-07-22
www.etienne-services.fr,,,https://www.etienne-services.fr/loire/plombier-ecoche-42670/debouchage-canalisation,2026-07-22
www.etienne-services.fr,,,https://www.etienne-services.fr/loire/plombier-ecoche-42670/recherche-de-fuites,2026-07-22
www.etienne-services.fr,,,https://www.etienne-services.fr/loire/plombier-ecotay-l-olme-42600/debouchage-canalisation,2026-07-22
www.etienne-services.fr,,,https://www.etienne-services.fr/loire/plombier-ecotay-l-olme-42600/recherche-de-fuites,2026-07-22
www.etienne-services.fr,,,https://www.etienne-services.fr/loire/plombier-epercieux-saint-paul-42110/debouchage-canalisation,2026-07-22
www.etienne-services.fr,,,https://www.etienne-services.fr/loire/plombier-epercieux-saint-paul-42110/recherche-de-fuites,2026-07-22
www.etienne-services.fr,,,https://www.etienne-services.fr/loire/plombier-essertines-en-chatelneuf-42600/debouchage-canalisation,2026-07-22
www.etienne-services.fr,,,https://www.etienne-services.fr/loire/plombier-essertines-en-chatelneuf-42600/recherche-de-fuites,2026-07-22
www.etienne-services.fr,,,https://www.etienne-services.fr/loire/plombier-essertines-en-donzy-42360/debouchage-canalisation,2026-07-22
www.etienne-services.fr,,,https://www.etienne-services.fr/loire/plombier-essertines-en-donzy-42360/recherche-de-fuites,2026-07-22
www.etienne-services.fr,,,https://www.etienne-services.fr/loire/plombier-estivareilles-42380/debouchage-canalisation,2026-07-22
www.etienne-services.fr,,,https://www.etienne-services.fr/loire/plombier-estivareilles-42380/recherche-de-fuites,2026-07-22
www.etienne-services.fr,,,https://www.etienne-services.fr/loire/plombier-farnay-42320/debouchage-canalisation,2026-07-22
www.etienne-services.fr,,,https://www.etienne-services.fr/loire/plombier-farnay-42320/recherche-de-fuites,2026-07-22
www.etienne-services.fr,,,https://www.etienne-services.fr/loire/plombier-fontanes-42140/debouchage-canalisation,2026-07-22
www.etienne-services.fr,,,https://www.etienne-services.fr/loire/plombier-fontanes-42140/recherche-de-fuites,2026-07-22
www.etienne-services.fr,,,https://www.etienne-services.fr/loire/plombier-fourneaux-42470/debouchage-canalisation,2026-07-22
www.etienne-services.fr,,,https://www.etienne-services.fr/loire/plombier-fourneaux-42470/recherche-de-fuites,2026-07-22
www.etienne-services.fr,,,https://www.etienne-services.fr/loire/plombier-fraisses-42490/debouchage-canalisation,2026-07-22
www.etienne-services.fr,,,https://www.etienne-services.fr/loire/plombier-fraisses-42490/recherche-de-fuites,2026-07-22
www.etienne-services.fr,,,https://www.etienne-services.fr/loire/plombier-genilac-42800/debouchage-canalisation,2026-07-22
www.etienne-services.fr,,,https://www.etienne-services.fr/loire/plombier-genilac-42800/recherche-de-fuites,2026-07-22
www.etienne-services.fr,,,https://www.etienne-services.fr/loire/plombier-graix-42220/debouchage-canalisation,2026-07-22
www.etienne-services.fr,,,https://www.etienne-services.fr/loire/plombier-graix-42220/recherche-de-fuites,2026-07-22
www.etienne-services.fr,,,https://www.etienne-services.fr/loire/plombier-grammond-42140/debouchage-canalisation,2026-07-22
www.etienne-services.fr,,,https://www.etienne-services.fr/loire/plombier-grammond-42140/recherche-de-fuites,2026-07-22
www.etienne-services.fr,,,https://www.etienne-services.fr/loire/plombier-grezieux-le-fromental-42600/debouchage-canalisation,2026-07-22
www.etienne-services.fr,,,https://www.etienne-services.fr/loire/plombier-grezieux-le-fromental-42600/recherche-de-fuites,2026-07-22
www.etienne-services.fr,,,https://www.etienne-services.fr/loire/plombier-grezolles-42260/debouchage-canalisation,2026-07-22
www.etienne-services.fr,,,https://www.etienne-services.fr/loire/plombier-grezolles-42260/recherche-de-fuites,2026-07-22
www.etienne-services.fr,,,https://www.etienne-services.fr/loire/plombier-gumieres-42560/debouchage-canalisation,2026-07-22
www.etienne-services.fr,,,https://www.etienne-services.fr/loire/plombier-gumieres-42560/recherche-de-fuites,2026-07-22
www.etienne-services.fr,,,https://www.etienne-services.fr/loire/plombier-jarnosse-42460/debouchage-canalisation,2026-07-22
www.etienne-services.fr,,,https://www.etienne-services.fr/loire/plombier-jarnosse-42460/recherche-de-fuites,2026-07-22
www.etienne-services.fr,,,https://www.etienne-services.fr/loire/plombier-jas-42110/debouchage-canalisation,2026-07-22
www.etienne-services.fr,,,https://www.etienne-services.fr/loire/plombier-jas-42110/recherche-de-fuites,2026-07-22
www.etienne-services.fr,,,https://www.etienne-services.fr/loire/plombier-jeansagniere-42920/debouchage-canalisation,2026-07-22
www.etienne-services.fr,,,https://www.etienne-services.fr/loire/plombier-jeansagniere-42920/recherche-de-fuites,2026-07-22
www.etienne-services.fr,,,https://www.etienne-services.fr/loire/plombier-jonzieux-42660/debouchage-canalisation,2026-07-22
www.etienne-services.fr,,,https://www.etienne-services.fr/loire/plombier-jonzieux-42660/recherche-de-fuites,2026-07-22
www.etienne-services.fr,,,https://www.etienne-services.fr/loire/plombier-jure-42430/debouchage-canalisation,2026-07-22
www.etienne-services.fr,,,https://www.etienne-services.fr/loire/plombier-jure-42430/recherche-de-fuites,2026-07-22
www.etienne-services.fr,,,https://www.etienne-services.fr/loire/plombier-l-etrat-42580/debouchage-canalisation,2026-07-22
www.etienne-services.fr,,,https://www.etienne-services.fr/loire/plombier-l-etrat-42580/recherche-de-fuites,2026-07-22
www.etienne-services.fr,,,https://www.etienne-services.fr/loire/plombier-l-hopital-le-grand-42210/debouchage-canalisation,2026-07-22
www.etienne-services.fr,,,https://www.etienne-services.fr/loire/plombier-l-hopital-le-grand-42210/recherche-de-fuites,2026-07-22
www.etienne-services.fr,,,https://www.etienne-services.fr/loire/plombier-l-hopital-sous-rochefort-42130/debouchage-canalisation,2026-07-22
www.etienne-services.fr,,,https://www.etienne-services.fr/loire/plombier-l-hopital-sous-rochefort-42130/recherche-de-fuites,2026-07-22
www.etienne-services.fr,,,https://www.etienne-services.fr/loire/plombier-l-horme-42152/debouchage-canalisation,2026-07-22
www.etienne-services.fr,,,https://www.etienne-services.fr/loire/plombier-l-horme-42152/recherche-de-fuites,2026-07-22
www.etienne-services.fr,,,https://www.etienne-services.fr/loire/plombier-la-benisson-dieu-42720/debouchage-canalisation,2026-07-22
www.etienne-services.fr,,,https://www.etienne-services.fr/loire/plombier-la-benisson-dieu-42720/recherche-de-fuites,2026-07-22
www.etienne-services.fr,,,https://www.etienne-services.fr/loire/plombier-la-chamba-42440/debouchage-canalisation,2026-07-22
www.etienne-services.fr,,,https://www.etienne-services.fr/loire/plombier-la-chamba-42440/recherche-de-fuites,2026-07-22
www.etienne-services.fr,,,https://www.etienne-services.fr/loire/plombier-la-chambonie-42440/debouchage-canalisation,2026-07-22
www.etienne-services.fr,,,https://www.etienne-services.fr/loire/plombier-la-chambonie-42440/recherche-de-fuites,2026-07-22
www.etienne-services.fr,,,https://www.etienne-services.fr/loire/plombier-la-chapelle-en-lafaye-42380/debouchage-canalisation,2026-07-22
www.etienne-services.fr,,,https://www.etienne-services.fr/loire/plombier-la-chapelle-en-lafaye-42380/recherche-de-fuites,2026-07-22
www.etienne-services.fr,,,https://www.etienne-services.fr/loire/plombier-la-chapelle-villars-42410/debouchage-canalisation,2026-07-22
www.etienne-services.fr,,,https://www.etienne-services.fr/loire/plombier-la-chapelle-villars-42410/recherche-de-fuites,2026-07-22
www.etienne-services.fr,,,https://www.etienne-services.fr/loire/plombier-la-cote-en-couzan-42111/debouchage-canalisation,2026-07-22
www.etienne-services.fr,,,https://www.etienne-services.fr/loire/plombier-la-cote-en-couzan-42111/recherche-de-fuites,2026-07-22
www.etienne-services.fr,,,https://www.etienne-services.fr/loire/plombier-la-fouillouse-42480/debouchage-canalisation,2026-07-22
www.etienne-services.fr,,,https://www.etienne-services.fr/loire/plombier-la-fouillouse-42480/recherche-de-fuites,2026-07-22
www.etienne-services.fr,,,https://www.etienne-services.fr/loire/plombier-la-gimond-42140/debouchage-canalisation,2026-07-22
www.etienne-services.fr,,,https://www.etienne-services.fr/loire/plombier-la-gimond-42140/recherche-de-fuites,2026-07-22
www.etienne-services.fr,,,https://www.etienne-services.fr/loire/plombier-la-gresle-42460/debouchage-canalisation,2026-07-22
www.etienne-services.fr,,,https://www.etienne-services.fr/loire/plombier-la-gresle-42460/recherche-de-fuites,2026-07-22
www.etienne-services.fr,,,https://www.etienne-services.fr/loire/plombier-la-pacaudiere-42310/debouchage-canalisation,2026-07-22
www.etienne-services.fr,,,https://www.etienne-services.fr/loire/plombier-la-pacaudiere-42310/recherche-de-fuites,2026-07-22
www.etienne-services.fr,,,https://www.etienne-services.fr/loire/plombier-la-terrasse-sur-dorlay-42740/debouchage-canalisation,2026-07-22
www.etienne-services.fr,,,https://www.etienne-services.fr/loire/plombier-la-terrasse-sur-dorlay-42740/recherche-de-fuites,2026-07-22
www.etienne-services.fr,,,https://www.etienne-services.fr/loire/plombier-la-tour-en-jarez-42580/debouchage-canalisation,2026-07-22
www.etienne-services.fr,,,https://www.etienne-services.fr/loire/plombier-la-tour-en-jarez-42580/recherche-de-fuites,2026-07-22
www.etienne-services.fr,,,https://www.etienne-services.fr/loire/plombier-la-tourette-42380/debouchage-canalisation,2026-07-22
www.etienne-services.fr,,,https://www.etienne-services.fr/loire/plombier-la-tourette-42380/recherche-de-fuites,2026-07-22
www.etienne-services.fr,,,https://www.etienne-services.fr/loire/plombier-la-tuiliere-42830/debouchage-canalisation,2026-07-22
www.etienne-services.fr,,,https://www.etienne-services.fr/loire/plombier-la-tuiliere-42830/recherche-de-fuites,2026-07-22
www.etienne-services.fr,,,https://www.etienne-services.fr/loire/plombier-la-valla-en-gier-42131/debouchage-canalisation,2026-07-22
www.etienne-services.fr,,,https://www.etienne-services.fr/loire/plombier-la-valla-en-gier-42131/recherche-de-fuites,2026-07-22
www.etienne-services.fr,,,https://www.etienne-services.fr/loire/plombier-la-valla-sur-rochefort-42111/debouchage-canalisation,2026-07-22
www.etienne-services.fr,,,https://www.etienne-services.fr/loire/plombier-la-valla-sur-rochefort-42111/recherche-de-fuites,2026-07-22
www.etienne-services.fr,,,https://www.etienne-services.fr/loire/plombier-la-versanne-42220/debouchage-canalisation,2026-07-22
www.etienne-services.fr,,,https://www.etienne-services.fr/loire/plombier-la-versanne-42220/recherche-de-fuites,2026-07-22
www.etienne-services.fr,,,https://www.etienne-services.fr/loire/plombier-lavieu-42560/debouchage-canalisation,2026-07-22
www.etienne-services.fr,,,https://www.etienne-services.fr/loire/plombier-lavieu-42560/recherche-de-fuites,2026-07-22
www.etienne-services.fr,,,https://www.etienne-services.fr/loire/plombier-lay-42470/debouchage-canalisation,2026-07-22
www.etienne-services.fr,,,https://www.etienne-services.fr/loire/plombier-lay-42470/recherche-de-fuites,2026-07-22
www.etienne-services.fr,,,https://www.etienne-services.fr/loire/plombier-le-bessat-42660/debouchage-canalisation,2026-07-22
www.etienne-services.fr,,,https://www.etienne-services.fr/loire/plombier-le-bessat-42660/recherche-de-fuites,2026-07-22
www.etienne-services.fr,,,https://www.etienne-services.fr/loire/plombier-le-cergne-42460/debouchage-canalisation,2026-07-22
www.etienne-services.fr,,,https://www.etienne-services.fr/loire/plombier-le-cergne-42460/recherche-de-fuites,2026-07-22
www.etienne-services.fr,,,https://www.etienne-services.fr/loire/plombier-le-crozet-42310/debouchage-canalisation,2026-07-22
www.etienne-services.fr,,,https://www.etienne-services.fr/loire/plombier-le-crozet-42310/recherche-de-fuites,2026-07-22
www.etienne-services.fr,,,https://www.etienne-services.fr/loire/plombier-leigneux-42130/debouchage-canalisation,2026-07-22
www.etienne-services.fr,,,https://www.etienne-services.fr/loire/plombier-leigneux-42130/recherche-de-fuites,2026-07-22
www.etienne-services.fr,,,https://www.etienne-services.fr/loire/plombier-lentigny-42155/debouchage-canalisation,2026-07-22
www.etienne-services.fr,,,https://www.etienne-services.fr/loire/plombier-lentigny-42155/recherche-de-fuites,2026-07-22
www.etienne-services.fr,,,https://www.etienne-services.fr/loire/plombier-lerigneux-42600/debouchage-canalisation,2026-07-22
www.etienne-services.fr,,,https://www.etienne-services.fr/loire/plombier-lerigneux-42600/recherche-de-fuites,2026-07-22
www.etienne-services.fr,,,https://www.etienne-services.fr/loire/plombier-les-noes-42370/debouchage-canalisation,2026-07-22
www.etienne-services.fr,,,https://www.etienne-services.fr/loire/plombier-les-noes-42370/recherche-de-fuites,2026-07-22
www.etienne-services.fr,,,https://www.etienne-services.fr/loire/plombier-les-salles-42440/debouchage-canalisation,2026-07-22
www.etienne-services.fr,,,https://www.etienne-services.fr/loire/plombier-les-salles-42440/recherche-de-fuites,2026-07-22
www.etienne-services.fr,,,https://www.etienne-services.fr/loire/plombier-lezigneux-42600/debouchage-canalisation,2026-07-22
www.etienne-services.fr,,,https://www.etienne-services.fr/loire/plombier-lezigneux-42600/recherche-de-fuites,2026-07-22
www.etienne-services.fr,,,https://www.etienne-services.fr/loire/plombier-lorette-42420/debouchage-canalisation,2026-07-22
www.etienne-services.fr,,,https://www.etienne-services.fr/loire/plombier-lorette-42420/recherche-de-fuites,2026-07-22
www.etienne-services.fr,,,https://www.etienne-services.fr/loire/plombier-lupe-42520/debouchage-canalisation,2026-07-22
www.etienne-services.fr,,,https://www.etienne-services.fr/loire/plombier-lupe-42520/recherche-de-fuites,2026-07-22
www.etienne-services.fr,,,https://www.etienne-services.fr/loire/plombier-lure-42260/debouchage-canalisation,2026-07-22
www.etienne-services.fr,,,https://www.etienne-services.fr/loire/plombier-lure-42260/recherche-de-fuites,2026-07-22
www.etienne-services.fr,,,https://www.etienne-services.fr/loire/plombier-luriecq-42380/debouchage-canalisation,2026-07-22
www.etienne-services.fr,,,https://www.etienne-services.fr/loire/plombier-luriecq-42380/recherche-de-fuites,2026-07-22
www.etienne-services.fr,,,https://www.etienne-services.fr/loire/plombier-machezal-42114/debouchage-canalisation,2026-07-22
www.etienne-services.fr,,,https://www.etienne-services.fr/loire/plombier-machezal-42114/recherche-de-fuites,2026-07-22
www.etienne-services.fr,,,https://www.etienne-services.fr/loire/plombier-maclas-42520/debouchage-canalisation,2026-07-22
www.etienne-services.fr,,,https://www.etienne-services.fr/loire/plombier-maclas-42520/recherche-de-fuites,2026-07-22
www.etienne-services.fr,,,https://www.etienne-services.fr/loire/plombier-magneux-haute-rive-42600/debouchage-canalisation,2026-07-22
www.etienne-services.fr,,,https://www.etienne-services.fr/loire/plombier-magneux-haute-rive-42600/recherche-de-fuites,2026-07-22
www.etienne-services.fr,,,https://www.etienne-services.fr/loire/plombier-maizilly-42750/debouchage-canalisation,2026-07-22
www.etienne-services.fr,,,https://www.etienne-services.fr/loire/plombier-maizilly-42750/recherche-de-fuites,2026-07-22
www.etienne-services.fr,,,https://www.etienne-services.fr/loire/plombier-malleval-42520/debouchage-canalisation,2026-07-22
www.etienne-services.fr,,,https://www.etienne-services.fr/loire/plombier-malleval-42520/recherche-de-fuites,2026-07-22
www.etienne-services.fr,,,https://www.etienne-services.fr/loire/plombier-marcenod-42140/debouchage-canalisation,2026-07-22
www.etienne-services.fr,,,https://www.etienne-services.fr/loire/plombier-marcenod-42140/recherche-de-fuites,2026-07-22
www.etienne-services.fr,,,https://www.etienne-services.fr/loire/plombier-marcilly-le-chatel-42130/debouchage-canalisation,2026-07-22
www.etienne-services.fr,,,https://www.etienne-services.fr/loire/plombier-marcilly-le-chatel-42130/recherche-de-fuites,2026-07-22
www.etienne-services.fr,,,https://www.etienne-services.fr/loire/plombier-marclopt-42210/debouchage-canalisation,2026-07-22
www.etienne-services.fr,,,https://www.etienne-services.fr/loire/plombier-marclopt-42210/recherche-de-fuites,2026-07-22
www.etienne-services.fr,,,https://www.etienne-services.fr/loire/plombier-marcoux-42130/debouchage-canalisation,2026-07-22
www.etienne-services.fr,,,https://www.etienne-services.fr/loire/plombier-marcoux-42130/recherche-de-fuites,2026-07-22
www.etienne-services.fr,,,https://www.etienne-services.fr/loire/plombier-margerie-chantagret-42560/debouchage-canalisation,2026-07-22
www.etienne-services.fr,,,https://www.etienne-services.fr/loire/plombier-margerie-chantagret-42560/recherche-de-fuites,2026-07-22
www.etienne-services.fr,,,https://www.etienne-services.fr/loire/plombier-maringes-42140/debouchage-canalisation,2026-07-22
www.etienne-services.fr,,,https://www.etienne-services.fr/loire/plombier-maringes-42140/recherche-de-fuites,2026-07-22
www.etienne-services.fr,,,https://www.etienne-services.fr/loire/plombier-marlhes-42660/debouchage-canalisation,2026-07-22
www.etienne-services.fr,,,https://www.etienne-services.fr/loire/plombier-marlhes-42660/recherche-de-fuites,2026-07-22
www.etienne-services.fr,,,https://www.etienne-services.fr/loire/plombier-marols-42560/debouchage-canalisation,2026-07-22
www.etienne-services.fr,,,https://www.etienne-services.fr/loire/plombier-marols-42560/recherche-de-fuites,2026-07-22
www.etienne-services.fr,,,https://www.etienne-services.fr/loire/plombier-mars-42750/debouchage-canalisation,2026-07-22
www.etienne-services.fr,,,https://www.etienne-services.fr/loire/plombier-mars-42750/recherche-de-fuites,2026-07-22
www.etienne-services.fr,,,https://www.etienne-services.fr/loire/plombier-merle-leignec-42380/debouchage-canalisation,2026-07-22
www.etienne-services.fr,,,https://www.etienne-services.fr/loire/plombier-merle-leignec-42380/recherche-de-fuites,2026-07-22
www.etienne-services.fr,,,https://www.etienne-services.fr/loire/plombier-mizerieux-42110/debouchage-canalisation,2026-07-22
www.etienne-services.fr,,,https://www.etienne-services.fr/loire/plombier-mizerieux-42110/recherche-de-fuites,2026-07-22
www.etienne-services.fr,,,https://www.etienne-services.fr/loire/plombier-montagny-42840/debouchage-canalisation,2026-07-22
www.etienne-services.fr,,,https://www.etienne-services.fr/loire/plombier-montagny-42840/recherche-de-fuites,2026-07-22
www.etienne-services.fr,,,https://www.etienne-services.fr/loire/plombier-montarcher-42380/debouchage-canalisation,2026-07-22
www.etienne-services.fr,,,https://www.etienne-services.fr/loire/plombier-montarcher-42380/recherche-de-fuites,2026-07-22
www.etienne-services.fr,,,https://www.etienne-services.fr/loire/plombier-montchal-42360/debouchage-canalisation,2026-07-22
www.etienne-services.fr,,,https://www.etienne-services.fr/loire/plombier-montchal-42360/recherche-de-fuites,2026-07-22
www.etienne-services.fr,,,https://www.etienne-services.fr/loire/plombier-montrond-les-bains-42210/debouchage-canalisation,2026-07-22
www.etienne-services.fr,,,https://www.etienne-services.fr/loire/plombier-montrond-les-bains-42210/recherche-de-fuites,2026-07-22
www.etienne-services.fr,,,https://www.etienne-services.fr/loire/plombier-montverdun-42130/debouchage-canalisation,2026-07-22
www.etienne-services.fr,,,https://www.etienne-services.fr/loire/plombier-montverdun-42130/recherche-de-fuites,2026-07-22
www.etienne-services.fr,,,https://www.etienne-services.fr/loire/plombier-mornand-en-forez-42600/debouchage-canalisation,2026-07-22
www.etienne-services.fr,,,https://www.etienne-services.fr/loire/plombier-mornand-en-forez-42600/recherche-de-fuites,2026-07-22
www.etienne-services.fr,,,https://www.etienne-services.fr/loire/plombier-nandax-42720/debouchage-canalisation,2026-07-22
www.etienne-services.fr,,,https://www.etienne-services.fr/loire/plombier-nandax-42720/recherche-de-fuites,2026-07-22
www.etienne-services.fr,,,https://www.etienne-services.fr/loire/plombier-neaux-42470/debouchage-canalisation,2026-07-22
www.etienne-services.fr,,,https://www.etienne-services.fr/loire/plombier-neaux-42470/recherche-de-fuites,2026-07-22
www.etienne-services.fr,,,https://www.etienne-services.fr/loire/plombier-neronde-42510/debouchage-canalisation,2026-07-22
www.etienne-services.fr,,,https://www.etienne-services.fr/loire/plombier-neronde-42510/recherche-de-fuites,2026-07-22
www.etienne-services.fr,,,https://www.etienne-services.fr/loire/plombier-nervieux-42510/debouchage-canalisation,2026-07-22
www.etienne-services.fr,,,https://www.etienne-services.fr/loire/plombier-nervieux-42510/recherche-de-fuites,2026-07-22
www.etienne-services.fr,,,https://www.etienne-services.fr/loire/plombier-neulise-42590/debouchage-canalisation,2026-07-22
www.etienne-services.fr,,,https://www.etienne-services.fr/loire/plombier-neulise-42590/recherche-de-fuites,2026-07-22
www.etienne-services.fr,,,https://www.etienne-services.fr/loire/plombier-noailly-42640/debouchage-canalisation,2026-07-22
www.etienne-services.fr,,,https://www.etienne-services.fr/loire/plombier-noailly-42640/recherche-de-fuites,2026-07-22
www.etienne-services.fr,,,https://www.etienne-services.fr/loire/plombier-noiretable-42440/debouchage-canalisation,2026-07-22
www.etienne-services.fr,,,https://www.etienne-services.fr/loire/plombier-noiretable-42440/recherche-de-fuites,2026-07-22
www.etienne-services.fr,,,https://www.etienne-services.fr/loire/plombier-nollieux-42260/debouchage-canalisation,2026-07-22
www.etienne-services.fr,,,https://www.etienne-services.fr/loire/plombier-nollieux-42260/recherche-de-fuites,2026-07-22
www.etienne-services.fr,,,https://www.etienne-services.fr/loire/plombier-notre-dame-de-boisset-42120/debouchage-canalisation,2026-07-22
www.etienne-services.fr,,,https://www.etienne-services.fr/loire/plombier-notre-dame-de-boisset-42120/recherche-de-fuites,2026-07-22
www.etienne-services.fr,,,https://www.etienne-services.fr/loire/plombier-ouches-42155/debouchage-canalisation,2026-07-22
www.etienne-services.fr,,,https://www.etienne-services.fr/loire/plombier-ouches-42155/recherche-de-fuites,2026-07-22
www.etienne-services.fr,,,https://www.etienne-services.fr/loire/plombier-palogneux-42890/debouchage-canalisation,2026-07-22
www.etienne-services.fr,,,https://www.etienne-services.fr/loire/plombier-palogneux-42890/recherche-de-fuites,2026-07-22
www.etienne-services.fr,,,https://www.etienne-services.fr/loire/plombier-panissieres-42360/debouchage-canalisation,2026-07-22
www.etienne-services.fr,,,https://www.etienne-services.fr/loire/plombier-panissieres-42360/recherche-de-fuites,2026-07-22
www.etienne-services.fr,,,https://www.etienne-services.fr/loire/plombier-parigny-42120/debouchage-canalisation,2026-07-22
www.etienne-services.fr,,,https://www.etienne-services.fr/loire/plombier-parigny-42120/recherche-de-fuites,2026-07-22
www.etienne-services.fr,,,https://www.etienne-services.fr/loire/plombier-pavezin-42410/debouchage-canalisation,2026-07-22
www.etienne-services.fr,,,https://www.etienne-services.fr/loire/plombier-pavezin-42410/recherche-de-fuites,2026-07-22
www.etienne-services.fr,,,https://www.etienne-services.fr/loire/plombier-pelussin-42410/debouchage-canalisation,2026-07-22
www.etienne-services.fr,,,https://www.etienne-services.fr/loire/plombier-pelussin-42410/recherche-de-fuites,2026-07-22
www.etienne-services.fr,,,https://www.etienne-services.fr/loire/plombier-perigneux-42380/debouchage-canalisation,2026-07-22
www.etienne-services.fr,,,https://www.etienne-services.fr/loire/plombier-perigneux-42380/recherche-de-fuites,2026-07-22
www.etienne-services.fr,,,https://www.etienne-services.fr/loire/plombier-perreux-42120/debouchage-canalisation,2026-07-22
www.etienne-services.fr,,,https://www.etienne-services.fr/loire/plombier-perreux-42120/recherche-de-fuites,2026-07-22
www.etienne-services.fr,,,https://www.etienne-services.fr/loire/plombier-pinay-42590/debouchage-canalisation,2026-07-22
www.etienne-services.fr,,,https://www.etienne-services.fr/loire/plombier-pinay-42590/recherche-de-fuites,2026-07-22
www.etienne-services.fr,,,https://www.etienne-services.fr/loire/plombier-planfoy-42660/debouchage-canalisation,2026-07-22
www.etienne-services.fr,,,https://www.etienne-services.fr/loire/plombier-planfoy-42660/recherche-de-fuites,2026-07-22
www.etienne-services.fr,,,https://www.etienne-services.fr/loire/plombier-pommiers-42260/debouchage-canalisation,2026-07-22
www.etienne-services.fr,,,https://www.etienne-services.fr/loire/plombier-pommiers-42260/recherche-de-fuites,2026-07-22
www.etienne-services.fr,,,https://www.etienne-services.fr/loire/plombier-poncins-42110/debouchage-canalisation,2026-07-22
www.etienne-services.fr,,,https://www.etienne-services.fr/loire/plombier-poncins-42110/recherche-de-fuites,2026-07-22
www.etienne-services.fr,,,https://www.etienne-services.fr/loire/plombier-pouilly-les-feurs-42110/debouchage-canalisation,2026-07-22
www.etienne-services.fr,,,https://www.etienne-services.fr/loire/plombier-pouilly-les-feurs-42110/recherche-de-fuites,2026-07-22
www.etienne-services.fr,,,https://www.etienne-services.fr/loire/plombier-pouilly-les-nonains-42155/debouchage-canalisation,2026-07-22
www.etienne-services.fr,,,https://www.etienne-services.fr/loire/plombier-pouilly-les-nonains-42155/recherche-de-fuites,2026-07-22
www.etienne-services.fr,,,https://www.etienne-services.fr/loire/plombier-pouilly-sous-charlieu-42720/debouchage-canalisation,2026-07-22
www.etienne-services.fr,,,https://www.etienne-services.fr/loire/plombier-pouilly-sous-charlieu-42720/recherche-de-fuites,2026-07-22
www.etienne-services.fr,,,https://www.etienne-services.fr/loire/plombier-pradines-42630/debouchage-canalisation,2026-07-22
www.etienne-services.fr,,,https://www.etienne-services.fr/loire/plombier-pradines-42630/recherche-de-fuites,2026-07-22
www.etienne-services.fr,,,https://www.etienne-services.fr/loire/plombier-pralong-42600/debouchage-canalisation,2026-07-22
www.etienne-services.fr,,,https://www.etienne-services.fr/loire/plombier-pralong-42600/recherche-de-fuites,2026-07-22
www.etienne-services.fr,,,https://www.etienne-services.fr/loire/plombier-precieux-42600/debouchage-canalisation,2026-07-22
www.etienne-services.fr,,,https://www.etienne-services.fr/loire/plombier-precieux-42600/recherche-de-fuites,2026-07-22
www.etienne-services.fr,,,https://www.etienne-services.fr/loire/plombier-regny-42630/debouchage-canalisation,2026-07-22
www.etienne-services.fr,,,https://www.etienne-services.fr/loire/plombier-regny-42630/recherche-de-fuites,2026-07-22
www.etienne-services.fr,,,https://www.etienne-services.fr/loire/plombier-renaison-42370/debouchage-canalisation,2026-07-22
www.etienne-services.fr,,,https://www.etienne-services.fr/loire/plombier-renaison-42370/recherche-de-fuites,2026-07-22
www.etienne-services.fr,,,https://www.etienne-services.fr/loire/plombier-rivas-42340/debouchage-canalisation,2026-07-22
www.etienne-services.fr,,,https://www.etienne-services.fr/loire/plombier-rivas-42340/recherche-de-fuites,2026-07-22
www.etienne-services.fr,,,https://www.etienne-services.fr/loire/plombier-roche-42600/debouchage-canalisation,2026-07-22
www.etienne-services.fr,,,https://www.etienne-services.fr/loire/plombier-roche-42600/recherche-de-fuites,2026-07-22
www.etienne-services.fr,,,https://www.etienne-services.fr/loire/plombier-roisey-42520/debouchage-canalisation,2026-07-22
www.etienne-services.fr,,,https://www.etienne-services.fr/loire/plombier-roisey-42520/recherche-de-fuites,2026-07-22
www.etienne-services.fr,,,https://www.etienne-services.fr/loire/plombier-rozier-cotes-d-aurec-42380/debouchage-canalisation,2026-07-22
www.etienne-services.fr,,,https://www.etienne-services.fr/loire/plombier-rozier-cotes-d-aurec-42380/recherche-de-fuites,2026-07-22
www.etienne-services.fr,,,https://www.etienne-services.fr/loire/plombier-rozier-en-donzy-42810/debouchage-canalisation,2026-07-22
www.etienne-services.fr,,,https://www.etienne-services.fr/loire/plombier-rozier-en-donzy-42810/recherche-de-fuites,2026-07-22
www.etienne-services.fr,,,https://www.etienne-services.fr/loire/plombier-sail-les-bains-42310/debouchage-canalisation,2026-07-22
www.etienne-services.fr,,,https://www.etienne-services.fr/loire/plombier-sail-les-bains-42310/recherche-de-fuites,2026-07-22
www.etienne-services.fr,,,https://www.etienne-services.fr/loire/plombier-sail-sous-couzan-42890/debouchage-canalisation,2026-07-22
www.etienne-services.fr,,,https://www.etienne-services.fr/loire/plombier-sail-sous-couzan-42890/recherche-de-fuites,2026-07-22
www.etienne-services.fr,,,https://www.etienne-services.fr/loire/plombier-saint-alban-les-eaux-42370/debouchage-canalisation,2026-07-22
www.etienne-services.fr,,,https://www.etienne-services.fr/loire/plombier-saint-alban-les-eaux-42370/recherche-de-fuites,2026-07-22
www.etienne-services.fr,,,https://www.etienne-services.fr/loire/plombier-saint-andre-d-apchon-42370/debouchage-canalisation,2026-07-22
www.etienne-services.fr,,,https://www.etienne-services.fr/loire/plombier-saint-andre-d-apchon-42370/recherche-de-fuites,2026-07-22
www.etienne-services.fr,,,https://www.etienne-services.fr/loire/plombier-saint-andre-le-puy-42210/debouchage-canalisation,2026-07-22
www.etienne-services.fr,,,https://www.etienne-services.fr/loire/plombier-saint-andre-le-puy-42210/recherche-de-fuites,2026-07-22
www.etienne-services.fr,,,https://www.etienne-services.fr/loire/plombier-saint-appolinard-42520/debouchage-canalisation,2026-07-22
www.etienne-services.fr,,,https://www.etienne-services.fr/loire/plombier-saint-appolinard-42520/recherche-de-fuites,2026-07-22
www.etienne-services.fr,,,https://www.etienne-services.fr/loire/plombier-saint-barthelemy-lestra-42110/debouchage-canalisation,2026-07-22
www.etienne-services.fr,,,https://www.etienne-services.fr/loire/plombier-saint-barthelemy-lestra-42110/recherche-de-fuites,2026-07-22
www.etienne-services.fr,,,https://www.etienne-services.fr/loire/plombier-saint-bonnet-des-quarts-42310/debouchage-canalisation,2026-07-22
www.etienne-services.fr,,,https://www.etienne-services.fr/loire/plombier-saint-bonnet-des-quarts-42310/recherche-de-fuites,2026-07-22
www.etienne-services.fr,,,https://www.etienne-services.fr/loire/plombier-saint-bonnet-le-chateau-42380/debouchage-canalisation,2026-07-22
www.etienne-services.fr,,,https://www.etienne-services.fr/loire/plombier-saint-bonnet-le-chateau-42380/recherche-de-fuites,2026-07-22
www.etienne-services.fr,,,https://www.etienne-services.fr/loire/plombier-saint-bonnet-le-courreau-42940/debouchage-canalisation,2026-07-22
www.etienne-services.fr,,,https://www.etienne-services.fr/loire/plombier-saint-bonnet-le-courreau-42940/recherche-de-fuites,2026-07-22
www.etienne-services.fr,,,https://www.etienne-services.fr/loire/plombier-saint-bonnet-les-oules-42330/debouchage-canalisation,2026-07-22
www.etienne-services.fr,,,https://www.etienne-services.fr/loire/plombier-saint-bonnet-les-oules-42330/recherche-de-fuites,2026-07-22
www.etienne-services.fr,,,https://www.etienne-services.fr/loire/plombier-saint-christo-en-jarez-42320/debouchage-canalisation,2026-07-22
www.etienne-services.fr,,,https://www.etienne-services.fr/loire/plombier-saint-christo-en-jarez-42320/recherche-de-fuites,2026-07-22
www.etienne-services.fr,,,https://www.etienne-services.fr/loire/plombier-saint-cyprien-42160/debouchage-canalisation,2026-07-22
www.etienne-services.fr,,,https://www.etienne-services.fr/loire/plombier-saint-cyprien-42160/recherche-de-fuites,2026-07-22
www.etienne-services.fr,,,https://www.etienne-services.fr/loire/plombier-saint-cyr-de-favieres-42132/debouchage-canalisation,2026-07-22
www.etienne-services.fr,,,https://www.etienne-services.fr/loire/plombier-saint-cyr-de-favieres-42132/recherche-de-fuites,2026-07-22
www.etienne-services.fr,,,https://www.etienne-services.fr/loire/plombier-saint-cyr-de-valorges-42114/debouchage-canalisation,2026-07-22
www.etienne-services.fr,,,https://www.etienne-services.fr/loire/plombier-saint-cyr-de-valorges-42114/recherche-de-fuites,2026-07-22
www.etienne-services.fr,,,https://www.etienne-services.fr/loire/plombier-saint-cyr-les-vignes-42210/debouchage-canalisation,2026-07-22
www.etienne-services.fr,,,https://www.etienne-services.fr/loire/plombier-saint-cyr-les-vignes-42210/recherche-de-fuites,2026-07-22
www.etienne-services.fr,,,https://www.etienne-services.fr/loire/plombier-saint-denis-de-cabanne-42750/debouchage-canalisation,2026-07-22
www.etienne-services.fr,,,https://www.etienne-services.fr/loire/plombier-saint-denis-de-cabanne-42750/recherche-de-fuites,2026-07-22
www.etienne-services.fr,,,https://www.etienne-services.fr/loire/plombier-saint-denis-sur-coise-42140/debouchage-canalisation,2026-07-22
www.etienne-services.fr,,,https://www.etienne-services.fr/loire/plombier-saint-denis-sur-coise-42140/recherche-de-fuites,2026-07-22
www.etienne-services.fr,,,https://www.etienne-services.fr/loire/plombier-saint-didier-sur-rochefort-42111/debouchage-canalisation,2026-07-22
www.etienne-services.fr,,,https://www.etienne-services.fr/loire/plombier-saint-didier-sur-rochefort-42111/recherche-de-fuites,2026-07-22
www.etienne-services.fr,,,https://www.etienne-services.fr/loire/plombier-saint-etienne-le-molard-42130/debouchage-canalisation,2026-07-22
www.etienne-services.fr,,,https://www.etienne-services.fr/loire/plombier-saint-etienne-le-molard-42130/recherche-de-fuites,2026-07-22
www.etienne-services.fr,,,https://www.etienne-services.fr/loire/plombier-saint-forgeux-lespinasse-42640/debouchage-canalisation,2026-07-22
www.etienne-services.fr,,,https://www.etienne-services.fr/loire/plombier-saint-forgeux-lespinasse-42640/recherche-de-fuites,2026-07-22
www.etienne-services.fr,,,https://www.etienne-services.fr/loire/plombier-saint-genest-malifaux-42660/debouchage-canalisation,2026-07-22
www.etienne-services.fr,,,https://www.etienne-services.fr/loire/plombier-saint-genest-malifaux-42660/recherche-de-fuites,2026-07-22
www.etienne-services.fr,,,https://www.etienne-services.fr/loire/plombier-saint-georges-de-baroille-42510/debouchage-canalisation,2026-07-22
www.etienne-services.fr,,,https://www.etienne-services.fr/loire/plombier-saint-georges-de-baroille-42510/recherche-de-fuites,2026-07-22
www.etienne-services.fr,,,https://www.etienne-services.fr/loire/plombier-saint-georges-en-couzan-42990/debouchage-canalisation,2026-07-22
www.etienne-services.fr,,,https://www.etienne-services.fr/loire/plombier-saint-georges-en-couzan-42990/recherche-de-fuites,2026-07-22
www.etienne-services.fr,,,https://www.etienne-services.fr/loire/plombier-saint-georges-haute-ville-42610/debouchage-canalisation,2026-07-22
www.etienne-services.fr,,,https://www.etienne-services.fr/loire/plombier-saint-georges-haute-ville-42610/recherche-de-fuites,2026-07-22
www.etienne-services.fr,,,https://www.etienne-services.fr/loire/plombier-saint-germain-la-montagne-42670/debouchage-canalisation,2026-07-22
www.etienne-services.fr,,,https://www.etienne-services.fr/loire/plombier-saint-germain-la-montagne-42670/recherche-de-fuites,2026-07-22
www.etienne-services.fr,,,https://www.etienne-services.fr/loire/plombier-saint-germain-laval-42260/debouchage-canalisation,2026-07-22
www.etienne-services.fr,,,https://www.etienne-services.fr/loire/plombier-saint-germain-laval-42260/recherche-de-fuites,2026-07-22
www.etienne-services.fr,,,https://www.etienne-services.fr/loire/plombier-saint-germain-lespinasse-42640/debouchage-canalisation,2026-07-22
www.etienne-services.fr,,,https://www.etienne-services.fr/loire/plombier-saint-germain-lespinasse-42640/recherche-de-fuites,2026-07-22
www.etienne-services.fr,,,https://www.etienne-services.fr/loire/plombier-saint-haon-le-chatel-42370/debouchage-canalisation,2026-07-22
www.etienne-services.fr,,,https://www.etienne-services.fr/loire/plombier-saint-haon-le-chatel-42370/recherche-de-fuites,2026-07-22
www.etienne-services.fr,,,https://www.etienne-services.fr/loire/plombier-saint-haon-le-vieux-42370/debouchage-canalisation,2026-07-22
www.etienne-services.fr,,,https://www.etienne-services.fr/loire/plombier-saint-haon-le-vieux-42370/recherche-de-fuites,2026-07-22
www.etienne-services.fr,,,https://www.etienne-services.fr/loire/plombier-saint-heand-42570/debouchage-canalisation,2026-07-22
www.etienne-services.fr,,,https://www.etienne-services.fr/loire/plombier-saint-heand-42570/recherche-de-fuites,2026-07-22
www.etienne-services.fr,,,https://www.etienne-services.fr/loire/plombier-saint-hilaire-cusson-la-valmitte-42380/debouchage-canalisation,2026-07-22
www.etienne-services.fr,,,https://www.etienne-services.fr/loire/plombier-saint-hilaire-cusson-la-valmitte-42380/recherche-de-fuites,2026-07-22
www.etienne-services.fr,,,https://www.etienne-services.fr/loire/plombier-saint-hilaire-sous-charlieu-42190/debouchage-canalisation,2026-07-22
www.etienne-services.fr,,,https://www.etienne-services.fr/loire/plombier-saint-hilaire-sous-charlieu-42190/recherche-de-fuites,2026-07-22
www.etienne-services.fr,,,https://www.etienne-services.fr/loire/plombier-saint-jean-la-vetre-42440/debouchage-canalisation,2026-07-22
www.etienne-services.fr,,,https://www.etienne-services.fr/loire/plombier-saint-jean-la-vetre-42440/recherche-de-fuites,2026-07-22
www.etienne-services.fr,,,https://www.etienne-services.fr/loire/plombier-saint-jean-saint-maurice-sur-loire-42155/debouchage-canalisation,2026-07-22
www.etienne-services.fr,,,https://www.etienne-services.fr/loire/plombier-saint-jean-saint-maurice-sur-loire-42155/recherche-de-fuites,2026-07-22
www.etienne-services.fr,,,https://www.etienne-services.fr/loire/plombier-saint-jean-soleymieux-42560/debouchage-canalisation,2026-07-22
www.etienne-services.fr,,,https://www.etienne-services.fr/loire/plombier-saint-jean-soleymieux-42560/recherche-de-fuites,2026-07-22
www.etienne-services.fr,,,https://www.etienne-services.fr/loire/plombier-saint-jodard-42590/debouchage-canalisation,2026-07-22
www.etienne-services.fr,,,https://www.etienne-services.fr/loire/plombier-saint-jodard-42590/recherche-de-fuites,2026-07-22
www.etienne-services.fr,,,https://www.etienne-services.fr/loire/plombier-saint-joseph-42800/debouchage-canalisation,2026-07-22
www.etienne-services.fr,,,https://www.etienne-services.fr/loire/plombier-saint-joseph-42800/recherche-de-fuites,2026-07-22
www.etienne-services.fr,,,https://www.etienne-services.fr/loire/plombier-saint-julien-d-oddes-42260/debouchage-canalisation,2026-07-22
www.etienne-services.fr,,,https://www.etienne-services.fr/loire/plombier-saint-julien-d-oddes-42260/recherche-de-fuites,2026-07-22
www.etienne-services.fr,,,https://www.etienne-services.fr/loire/plombier-saint-julien-la-vetre-42440/debouchage-canalisation,2026-07-22
www.etienne-services.fr,,,https://www.etienne-services.fr/loire/plombier-saint-julien-la-vetre-42440/recherche-de-fuites,2026-07-22
www.etienne-services.fr,,,https://www.etienne-services.fr/loire/plombier-saint-julien-molin-molette-42220/debouchage-canalisation,2026-07-22
www.etienne-services.fr,,,https://www.etienne-services.fr/loire/plombier-saint-julien-molin-molette-42220/recherche-de-fuites,2026-07-22
www.etienne-services.fr,,,https://www.etienne-services.fr/loire/plombier-saint-just-en-bas-42136/debouchage-canalisation,2026-07-22
www.etienne-services.fr,,,https://www.etienne-services.fr/loire/plombier-saint-just-en-bas-42136/recherche-de-fuites,2026-07-22
www.etienne-services.fr,,,https://www.etienne-services.fr/loire/plombier-saint-just-en-chevalet-42430/debouchage-canalisation,2026-07-22
www.etienne-services.fr,,,https://www.etienne-services.fr/loire/plombier-saint-just-en-chevalet-42430/recherche-de-fuites,2026-07-22
www.etienne-services.fr,,,https://www.etienne-services.fr/loire/plombier-saint-just-la-pendue-42540/debouchage-canalisation,2026-07-22
www.etienne-services.fr,,,https://www.etienne-services.fr/loire/plombier-saint-just-la-pendue-42540/recherche-de-fuites,2026-07-22
www.etienne-services.fr,,,https://www.etienne-services.fr/loire/plombier-saint-laurent-la-conche-42210/debouchage-canalisation,2026-07-22
www.etienne-services.fr,,,https://www.etienne-services.fr/loire/plombier-saint-laurent-la-conche-42210/recherche-de-fuites,2026-07-22
www.etienne-services.fr,,,https://www.etienne-services.fr/loire/plombier-saint-laurent-rochefort-42130/debouchage-canalisation,2026-07-22
www.etienne-services.fr,,,https://www.etienne-services.fr/loire/plombier-saint-laurent-rochefort-42130/recherche-de-fuites,2026-07-22
www.etienne-services.fr,,,https://www.etienne-services.fr/loire/plombier-saint-leger-sur-roanne-42155/debouchage-canalisation,2026-07-22
www.etienne-services.fr,,,https://www.etienne-services.fr/loire/plombier-saint-leger-sur-roanne-42155/recherche-de-fuites,2026-07-22
www.etienne-services.fr,,,https://www.etienne-services.fr/loire/plombier-saint-marcel-d-urfe-42430/debouchage-canalisation,2026-07-22
www.etienne-services.fr,,,https://www.etienne-services.fr/loire/plombier-saint-marcel-d-urfe-42430/recherche-de-fuites,2026-07-22
www.etienne-services.fr,,,https://www.etienne-services.fr/loire/plombier-saint-marcel-de-felines-42122/debouchage-canalisation,2026-07-22
www.etienne-services.fr,,,https://www.etienne-services.fr/loire/plombier-saint-marcel-de-felines-42122/recherche-de-fuites,2026-07-22
www.etienne-services.fr,,,https://www.etienne-services.fr/loire/plombier-saint-marcellin-en-forez-42680/debouchage-canalisation,2026-07-22
www.etienne-services.fr,,,https://www.etienne-services.fr/loire/plombier-saint-marcellin-en-forez-42680/recherche-de-fuites,2026-07-22
www.etienne-services.fr,,,https://www.etienne-services.fr/loire/plombier-saint-martin-d-estreaux-42620/debouchage-canalisation,2026-07-22
www.etienne-services.fr,,,https://www.etienne-services.fr/loire/plombier-saint-martin-d-estreaux-42620/recherche-de-fuites,2026-07-22
www.etienne-services.fr,,,https://www.etienne-services.fr/loire/plombier-saint-martin-la-plaine-42800/debouchage-canalisation,2026-07-22
www.etienne-services.fr,,,https://www.etienne-services.fr/loire/plombier-saint-martin-la-plaine-42800/recherche-de-fuites,2026-07-22
www.etienne-services.fr,,,https://www.etienne-services.fr/loire/plombier-saint-martin-la-sauvete-42260/debouchage-canalisation,2026-07-22
www.etienne-services.fr,,,https://www.etienne-services.fr/loire/plombier-saint-martin-la-sauvete-42260/recherche-de-fuites,2026-07-22
www.etienne-services.fr,,,https://www.etienne-services.fr/loire/plombier-saint-martin-lestra-42110/debouchage-canalisation,2026-07-22
www.etienne-services.fr,,,https://www.etienne-services.fr/loire/plombier-saint-martin-lestra-42110/recherche-de-fuites,2026-07-22
www.etienne-services.fr,,,https://www.etienne-services.fr/loire/plombier-saint-maurice-en-gourgois-42240/debouchage-canalisation,2026-07-22
www.etienne-services.fr,,,https://www.etienne-services.fr/loire/plombier-saint-maurice-en-gourgois-42240/recherche-de-fuites,2026-07-22
www.etienne-services.fr,,,https://www.etienne-services.fr/loire/plombier-saint-medard-en-forez-42330/debouchage-canalisation,2026-07-22
www.etienne-services.fr,,,https://www.etienne-services.fr/loire/plombier-saint-medard-en-forez-42330/recherche-de-fuites,2026-07-22
www.etienne-services.fr,,,https://www.etienne-services.fr/loire/plombier-saint-michel-sur-rhone-42410/debouchage-canalisation,2026-07-22
www.etienne-services.fr,,,https://www.etienne-services.fr/loire/plombier-saint-michel-sur-rhone-42410/recherche-de-fuites,2026-07-22
www.etienne-services.fr,,,https://www.etienne-services.fr/loire/plombier-saint-nizier-de-fornas-42380/debouchage-canalisation,2026-07-22
www.etienne-services.fr,,,https://www.etienne-services.fr/loire/plombier-saint-nizier-de-fornas-42380/recherche-de-fuites,2026-07-22
www.etienne-services.fr,,,https://www.etienne-services.fr/loire/plombier-saint-nizier-sous-charlieu-42190/debouchage-canalisation,2026-07-22
www.etienne-services.fr,,,https://www.etienne-services.fr/loire/plombier-saint-nizier-sous-charlieu-42190/recherche-de-fuites,2026-07-22
www.etienne-services.fr,,,https://www.etienne-services.fr/loire/plombier-saint-paul-d-uzore-42600/debouchage-canalisation,2026-07-22
www.etienne-services.fr,,,https://www.etienne-services.fr/loire/plombier-saint-paul-d-uzore-42600/recherche-de-fuites,2026-07-22
www.etienne-services.fr,,,https://www.etienne-services.fr/loire/plombier-saint-paul-de-vezelin-42590/debouchage-canalisation,2026-07-22
www.etienne-services.fr,,,https://www.etienne-services.fr/loire/plombier-saint-paul-de-vezelin-42590/recherche-de-fuites,2026-07-22
www.etienne-services.fr,,,https://www.etienne-services.fr/loire/plombier-saint-paul-en-cornillon-42240/debouchage-canalisation,2026-07-22
www.etienne-services.fr,,,https://www.etienne-services.fr/loire/plombier-saint-paul-en-cornillon-42240/recherche-de-fuites,2026-07-22
www.etienne-services.fr,,,https://www.etienne-services.fr/loire/plombier-saint-paul-en-jarez-42740/debouchage-canalisation,2026-07-22
www.etienne-services.fr,,,https://www.etienne-services.fr/loire/plombier-saint-paul-en-jarez-42740/recherche-de-fuites,2026-07-22
www.etienne-services.fr,,,https://www.etienne-services.fr/loire/plombier-saint-pierre-de-boeuf-42520/debouchage-canalisation,2026-07-22
www.etienne-services.fr,,,https://www.etienne-services.fr/loire/plombier-saint-pierre-de-boeuf-42520/recherche-de-fuites,2026-07-22
www.etienne-services.fr,,,https://www.etienne-services.fr/loire/plombier-saint-pierre-la-noaille-42190/debouchage-canalisation,2026-07-22
www.etienne-services.fr,,,https://www.etienne-services.fr/loire/plombier-saint-pierre-la-noaille-42190/recherche-de-fuites,2026-07-22
www.etienne-services.fr,,,https://www.etienne-services.fr/loire/plombier-saint-polgues-42260/debouchage-canalisation,2026-07-22
www.etienne-services.fr,,,https://www.etienne-services.fr/loire/plombier-saint-polgues-42260/recherche-de-fuites,2026-07-22
www.etienne-services.fr,,,https://www.etienne-services.fr/loire/plombier-saint-priest-la-prugne-42830/debouchage-canalisation,2026-07-22
www.etienne-services.fr,,,https://www.etienne-services.fr/loire/plombier-saint-priest-la-prugne-42830/recherche-de-fuites,2026-07-22
www.etienne-services.fr,,,https://www.etienne-services.fr/loire/plombier-saint-priest-la-roche-42590/debouchage-canalisation,2026-07-22
www.etienne-services.fr,,,https://www.etienne-services.fr/loire/plombier-saint-priest-la-roche-42590/recherche-de-fuites,2026-07-22
www.etienne-services.fr,,,https://www.etienne-services.fr/loire/plombier-saint-priest-la-vetre-42440/debouchage-canalisation,2026-07-22
www.etienne-services.fr,,,https://www.etienne-services.fr/loire/plombier-saint-priest-la-vetre-42440/recherche-de-fuites,2026-07-22
www.etienne-services.fr,,,https://www.etienne-services.fr/loire/plombier-saint-regis-du-coin-42660/debouchage-canalisation,2026-07-22
www.etienne-services.fr,,,https://www.etienne-services.fr/loire/plombier-saint-regis-du-coin-42660/recherche-de-fuites,2026-07-22
www.etienne-services.fr,,,https://www.etienne-services.fr/loire/plombier-saint-rirand-42370/debouchage-canalisation,2026-07-22
www.etienne-services.fr,,,https://www.etienne-services.fr/loire/plombier-saint-rirand-42370/recherche-de-fuites,2026-07-22
www.etienne-services.fr,,,https://www.etienne-services.fr/loire/plombier-saint-romain-d-urfe-42430/debouchage-canalisation,2026-07-22
www.etienne-services.fr,,,https://www.etienne-services.fr/loire/plombier-saint-romain-d-urfe-42430/recherche-de-fuites,2026-07-22
www.etienne-services.fr,,,https://www.etienne-services.fr/loire/plombier-saint-romain-en-jarez-42800/debouchage-canalisation,2026-07-22
www.etienne-services.fr,,,https://www.etienne-services.fr/loire/plombier-saint-romain-en-jarez-42800/recherche-de-fuites,2026-07-22
www.etienne-services.fr,,,https://www.etienne-services.fr/loire/plombier-saint-romain-la-motte-42640/debouchage-canalisation,2026-07-22
www.etienne-services.fr,,,https://www.etienne-services.fr/loire/plombier-saint-romain-la-motte-42640/recherche-de-fuites,2026-07-22
www.etienne-services.fr,,,https://www.etienne-services.fr/loire/plombier-saint-romain-le-puy-42610/debouchage-canalisation,2026-07-22
www.etienne-services.fr,,,https://www.etienne-services.fr/loire/plombier-saint-romain-le-puy-42610/recherche-de-fuites,2026-07-22
www.etienne-services.fr,,,https://www.etienne-services.fr/loire/plombier-saint-romain-les-atheux-42660/debouchage-canalisation,2026-07-22
www.etienne-services.fr,,,https://www.etienne-services.fr/loire/plombier-saint-romain-les-atheux-42660/recherche-de-fuites,2026-07-22
www.etienne-services.fr,,,https://www.etienne-services.fr/loire/plombier-saint-sauveur-en-rue-42220/debouchage-canalisation,2026-07-22
www.etienne-services.fr,,,https://www.etienne-services.fr/loire/plombier-saint-sauveur-en-rue-42220/recherche-de-fuites,2026-07-22
www.etienne-services.fr,,,https://www.etienne-services.fr/loire/plombier-saint-sixte-42130/debouchage-canalisation,2026-07-22
www.etienne-services.fr,,,https://www.etienne-services.fr/loire/plombier-saint-sixte-42130/recherche-de-fuites,2026-07-22
www.etienne-services.fr,,,https://www.etienne-services.fr/loire/plombier-saint-symphorien-de-lay-42470/debouchage-canalisation,2026-07-22
www.etienne-services.fr,,,https://www.etienne-services.fr/loire/plombier-saint-symphorien-de-lay-42470/recherche-de-fuites,2026-07-22
www.etienne-services.fr,,,https://www.etienne-services.fr/loire/plombier-saint-thomas-la-garde-42600/debouchage-canalisation,2026-07-22
www.etienne-services.fr,,,https://www.etienne-services.fr/loire/plombier-saint-thomas-la-garde-42600/recherche-de-fuites,2026-07-22
www.etienne-services.fr,,,https://www.etienne-services.fr/loire/plombier-saint-thurin-42111/debouchage-canalisation,2026-07-22
www.etienne-services.fr,,,https://www.etienne-services.fr/loire/plombier-saint-thurin-42111/recherche-de-fuites,2026-07-22
www.etienne-services.fr,,,https://www.etienne-services.fr/loire/plombier-saint-victor-sur-rhins-42630/debouchage-canalisation,2026-07-22
www.etienne-services.fr,,,https://www.etienne-services.fr/loire/plombier-saint-victor-sur-rhins-42630/recherche-de-fuites,2026-07-22
www.etienne-services.fr,,,https://www.etienne-services.fr/loire/plombier-saint-vincent-de-boisset-42120/debouchage-canalisation,2026-07-22
www.etienne-services.fr,,,https://www.etienne-services.fr/loire/plombier-saint-vincent-de-boisset-42120/recherche-de-fuites,2026-07-22
www.etienne-services.fr,,,https://www.etienne-services.fr/loire/plombier-sainte-agathe-en-donzy-42510/debouchage-canalisation,2026-07-22
www.etienne-services.fr,,,https://www.etienne-services.fr/loire/plombier-sainte-agathe-en-donzy-42510/recherche-de-fuites,2026-07-22
www.etienne-services.fr,,,https://www.etienne-services.fr/loire/plombier-sainte-agathe-la-bouteresse-42130/debouchage-canalisation,2026-07-22
www.etienne-services.fr,,,https://www.etienne-services.fr/loire/plombier-sainte-agathe-la-bouteresse-42130/recherche-de-fuites,2026-07-22
www.etienne-services.fr,,,https://www.etienne-services.fr/loire/plombier-sainte-colombe-sur-gand-42540/debouchage-canalisation,2026-07-22
www.etienne-services.fr,,,https://www.etienne-services.fr/loire/plombier-sainte-colombe-sur-gand-42540/recherche-de-fuites,2026-07-22
www.etienne-services.fr,,,https://www.etienne-services.fr/loire/plombier-sainte-croix-en-jarez-42800/debouchage-canalisation,2026-07-22
www.etienne-services.fr,,,https://www.etienne-services.fr/loire/plombier-sainte-croix-en-jarez-42800/recherche-de-fuites,2026-07-22
www.etienne-services.fr,,,https://www.etienne-services.fr/loire/plombier-sainte-foy-saint-sulpice-42110/debouchage-canalisation,2026-07-22
www.etienne-services.fr,,,https://www.etienne-services.fr/loire/plombier-sainte-foy-saint-sulpice-42110/recherche-de-fuites,2026-07-22
www.etienne-services.fr,,,https://www.etienne-services.fr/loire/plombier-salt-en-donzy-42110/debouchage-canalisation,2026-07-22
www.etienne-services.fr,,,https://www.etienne-services.fr/loire/plombier-salt-en-donzy-42110/recherche-de-fuites,2026-07-22
www.etienne-services.fr,,,https://www.etienne-services.fr/loire/plombier-salvizinet-42110/debouchage-canalisation,2026-07-22
www.etienne-services.fr,,,https://www.etienne-services.fr/loire/plombier-salvizinet-42110/recherche-de-fuites,2026-07-22
www.etienne-services.fr,,,https://www.etienne-services.fr/loire/plombier-sauvain-42990/debouchage-canalisation,2026-07-22
www.etienne-services.fr,,,https://www.etienne-services.fr/loire/plombier-sauvain-42990/recherche-de-fuites,2026-07-22
www.etienne-services.fr,,,https://www.etienne-services.fr/loire/plombier-savigneux-42600/debouchage-canalisation,2026-07-22
www.etienne-services.fr,,,https://www.etienne-services.fr/loire/plombier-savigneux-42600/recherche-de-fuites,2026-07-22
www.etienne-services.fr,,,https://www.etienne-services.fr/loire/plombier-sevelinges-42460/debouchage-canalisation,2026-07-22
www.etienne-services.fr,,,https://www.etienne-services.fr/loire/plombier-sevelinges-42460/recherche-de-fuites,2026-07-22
www.etienne-services.fr,,,https://www.etienne-services.fr/loire/plombier-soleymieux-42560/debouchage-canalisation,2026-07-22
www.etienne-services.fr,,,https://www.etienne-services.fr/loire/plombier-soleymieux-42560/recherche-de-fuites,2026-07-22
www.etienne-services.fr,,,https://www.etienne-services.fr/loire/plombier-souternon-42260/debouchage-canalisation,2026-07-22
www.etienne-services.fr,,,https://www.etienne-services.fr/loire/plombier-souternon-42260/recherche-de-fuites,2026-07-22
www.etienne-services.fr,,,https://www.etienne-services.fr/loire/plombier-tarentaise-42660/debouchage-canalisation,2026-07-22
www.etienne-services.fr,,,https://www.etienne-services.fr/loire/plombier-tarentaise-42660/recherche-de-fuites,2026-07-22
www.etienne-services.fr,,,https://www.etienne-services.fr/loire/plombier-tartaras-42800/debouchage-canalisation,2026-07-22
www.etienne-services.fr,,,https://www.etienne-services.fr/loire/plombier-tartaras-42800/recherche-de-fuites,2026-07-22
www.etienne-services.fr,,,https://www.etienne-services.fr/loire/plombier-thelis-la-combe-42220/debouchage-canalisation,2026-07-22
www.etienne-services.fr,,,https://www.etienne-services.fr/loire/plombier-thelis-la-combe-42220/recherche-de-fuites,2026-07-22
www.etienne-services.fr,,,https://www.etienne-services.fr/loire/plombier-trelins-42130/debouchage-canalisation,2026-07-22
www.etienne-services.fr,,,https://www.etienne-services.fr/loire/plombier-trelins-42130/recherche-de-fuites,2026-07-22
www.etienne-services.fr,,,https://www.etienne-services.fr/loire/plombier-unias-42210/debouchage-canalisation,2026-07-22
www.etienne-services.fr,,,https://www.etienne-services.fr/loire/plombier-unias-42210/recherche-de-fuites,2026-07-22
www.etienne-services.fr,,,https://www.etienne-services.fr/loire/plombier-urbise-42310/debouchage-canalisation,2026-07-22
www.etienne-services.fr,,,https://www.etienne-services.fr/loire/plombier-urbise-42310/recherche-de-fuites,2026-07-22
www.etienne-services.fr,,,https://www.etienne-services.fr/loire/plombier-usson-en-forez-42550/debouchage-canalisation,2026-07-22
www.etienne-services.fr,,,https://www.etienne-services.fr/loire/plombier-usson-en-forez-42550/recherche-de-fuites,2026-07-22
www.etienne-services.fr,,,https://www.etienne-services.fr/loire/plombier-valeille-42110/debouchage-canalisation,2026-07-22
www.etienne-services.fr,,,https://www.etienne-services.fr/loire/plombier-valeille-42110/recherche-de-fuites,2026-07-22
www.etienne-services.fr,,,https://www.etienne-services.fr/loire/plombier-valfleury-42320/debouchage-canalisation,2026-07-22
www.etienne-services.fr,,,https://www.etienne-services.fr/loire/plombier-valfleury-42320/recherche-de-fuites,2026-07-22
www.etienne-services.fr,,,https://www.etienne-services.fr/loire/plombier-veauchette-42340/debouchage-canalisation,2026-07-22
www.etienne-services.fr,,,https://www.etienne-services.fr/loire/plombier-veauchette-42340/recherche-de-fuites,2026-07-22
www.etienne-services.fr,,,https://www.etienne-services.fr/loire/plombier-vendranges-42590/recherche-de-fuites,2026-07-22
www.etienne-services.fr,,,https://www.etienne-services.fr/loire/plombier-veranne-42520/debouchage-canalisation,2026-07-22
www.etienne-services.fr,,,https://www.etienne-services.fr/loire/plombier-veranne-42520/recherche-de-fuites,2026-07-22
www.etienne-services.fr,,,https://www.etienne-services.fr/loire/plombier-verin-42410/debouchage-canalisation,2026-07-22
www.etienne-services.fr,,,https://www.etienne-services.fr/loire/plombier-verin-42410/recherche-de-fuites,2026-07-22
www.etienne-services.fr,,,https://www.etienne-services.fr/loire/plombier-verrieres-en-forez-42600/debouchage-canalisation,2026-07-22
www.etienne-services.fr,,,https://www.etienne-services.fr/loire/plombier-verrieres-en-forez-42600/recherche-de-fuites,2026-07-22
www.etienne-services.fr,,,https://www.etienne-services.fr/loire/plombier-villemontais-42155/debouchage-canalisation,2026-07-22
www.etienne-services.fr,,,https://www.etienne-services.fr/loire/plombier-villemontais-42155/recherche-de-fuites,2026-07-22
www.etienne-services.fr,,,https://www.etienne-services.fr/loire/plombier-villerest-42300/debouchage-canalisation,2026-07-22
www.etienne-services.fr,,,https://www.etienne-services.fr/loire/plombier-villerest-42300/recherche-de-fuites,2026-07-22
www.etienne-services.fr,,,https://www.etienne-services.fr/loire/plombier-villers-42460/debouchage-canalisation,2026-07-22
www.etienne-services.fr,,,https://www.etienne-services.fr/loire/plombier-villers-42460/recherche-de-fuites,2026-07-22
www.etienne-services.fr,,,https://www.etienne-services.fr/loire/plombier-violay-42780/debouchage-canalisation,2026-07-22
www.etienne-services.fr,,,https://www.etienne-services.fr/loire/plombier-violay-42780/recherche-de-fuites,2026-07-22
www.etienne-services.fr,,,https://www.etienne-services.fr/loire/plombier-viricelles-42140/debouchage-canalisation,2026-07-22
www.etienne-services.fr,,,https://www.etienne-services.fr/loire/plombier-viricelles-42140/recherche-de-fuites,2026-07-22
www.etienne-services.fr,,,https://www.etienne-services.fr/loire/plombier-virigneux-42140/debouchage-canalisation,2026-07-22
www.etienne-services.fr,,,https://www.etienne-services.fr/loire/plombier-virigneux-42140/recherche-de-fuites,2026-07-22
www.etienne-services.fr,,,https://www.etienne-services.fr/loire/plombier-vivans-42310/debouchage-canalisation,2026-07-22
www.etienne-services.fr,,,https://www.etienne-services.fr/loire/plombier-vivans-42310/recherche-de-fuites,2026-07-22
www.etienne-services.fr,,,https://www.etienne-services.fr/loire/plombier-vougy-42720/debouchage-canalisation,2026-07-22
www.etienne-services.fr,,,https://www.etienne-services.fr/loire/plombier-vougy-42720/recherche-de-fuites,2026-07-22
www.etienne-services.fr,,,https://www.etienne-services.fr/nord/plombier-abancourt-59265/debouchage-canalisation,2026-07-22
www.etienne-services.fr,,,https://www.etienne-services.fr/nord/plombier-abancourt-59265/recherche-de-fuites,2026-07-22
www.etienne-services.fr,,,https://www.etienne-services.fr/nord/plombier-abscon-59215/debouchage-canalisation,2026-07-22
www.etienne-services.fr,,,https://www.etienne-services.fr/nord/plombier-abscon-59215/recherche-de-fuites,2026-07-22
www.etienne-services.fr,,,https://www.etienne-services.fr/nord/plombier-aibes-59149/debouchage-canalisation,2026-07-22
www.etienne-services.fr,,,https://www.etienne-services.fr/nord/plombier-aibes-59149/recherche-de-fuites,2026-07-22
www.etienne-services.fr,,,https://www.etienne-services.fr/nord/plombier-aix-59310/debouchage-canalisation,2026-07-22
www.etienne-services.fr,,,https://www.etienne-services.fr/nord/plombier-aix-59310/recherche-de-fuites,2026-07-22
www.etienne-services.fr,,,https://www.etienne-services.fr/nord/plombier-allennes-les-marais-59251/debouchage-canalisation,2026-07-22
www.etienne-services.fr,,,https://www.etienne-services.fr/nord/plombier-allennes-les-marais-59251/recherche-de-fuites,2026-07-22
www.etienne-services.fr,,,https://www.etienne-services.fr/nord/plombier-amfroipret-59144/debouchage-canalisation,2026-07-22
www.etienne-services.fr,,,https://www.etienne-services.fr/nord/plombier-amfroipret-59144/recherche-de-fuites,2026-07-22
www.etienne-services.fr,,,https://www.etienne-services.fr/nord/plombier-anhiers-59194/debouchage-canalisation,2026-07-22
www.etienne-services.fr,,,https://www.etienne-services.fr/nord/plombier-anhiers-59194/recherche-de-fuites,2026-07-22
www.etienne-services.fr,,,https://www.etienne-services.fr/nord/plombier-anneux-59400/debouchage-canalisation,2026-07-22
www.etienne-services.fr,,,https://www.etienne-services.fr/nord/plombier-anneux-59400/recherche-de-fuites,2026-07-22
www.etienne-services.fr,,,https://www.etienne-services.fr/nord/plombier-anor-59186/debouchage-canalisation,2026-07-22
www.etienne-services.fr,,,https://www.etienne-services.fr/nord/plombier-anor-59186/recherche-de-fuites,2026-07-22
www.etienne-services.fr,,,https://www.etienne-services.fr/nord/plombier-anstaing-59152/debouchage-canalisation,2026-07-22
www.etienne-services.fr,,,https://www.etienne-services.fr/nord/plombier-anstaing-59152/recherche-de-fuites,2026-07-22
www.etienne-services.fr,,,https://www.etienne-services.fr/nord/plombier-arleux-59151/debouchage-canalisation,2026-07-22
www.etienne-services.fr,,,https://www.etienne-services.fr/nord/plombier-arleux-59151/recherche-de-fuites,2026-07-22
www.etienne-services.fr,,,https://www.etienne-services.fr/nord/plombier-armbouts-cappel-59380/debouchage-canalisation,2026-07-22
www.etienne-services.fr,,,https://www.etienne-services.fr/nord/plombier-armbouts-cappel-59380/recherche-de-fuites,2026-07-22
www.etienne-services.fr,,,https://www.etienne-services.fr/nord/plombier-arneke-59285/debouchage-canalisation,2026-07-22
www.etienne-services.fr,,,https://www.etienne-services.fr/nord/plombier-arneke-59285/recherche-de-fuites,2026-07-22
www.etienne-services.fr,,,https://www.etienne-services.fr/nord/plombier-artres-59269/debouchage-canalisation,2026-07-22
www.etienne-services.fr,,,https://www.etienne-services.fr/nord/plombier-artres-59269/recherche-de-fuites,2026-07-22
www.etienne-services.fr,,,https://www.etienne-services.fr/nord/plombier-assevent-59600/debouchage-canalisation,2026-07-22
www.etienne-services.fr,,,https://www.etienne-services.fr/nord/plombier-assevent-59600/recherche-de-fuites,2026-07-22
www.etienne-services.fr,,,https://www.etienne-services.fr/nord/plombier-attiches-59551/debouchage-canalisation,2026-07-22
www.etienne-services.fr,,,https://www.etienne-services.fr/nord/plombier-attiches-59551/recherche-de-fuites,2026-07-22
www.etienne-services.fr,,,https://www.etienne-services.fr/nord/plombier-aubencheul-au-bac-59265/debouchage-canalisation,2026-07-22
www.etienne-services.fr,,,https://www.etienne-services.fr/nord/plombier-aubencheul-au-bac-59265/recherche-de-fuites,2026-07-22
www.etienne-services.fr,,,https://www.etienne-services.fr/nord/plombier-auberchicourt-59165/debouchage-canalisation,2026-07-22
www.etienne-services.fr,,,https://www.etienne-services.fr/nord/plombier-auberchicourt-59165/recherche-de-fuites,2026-07-22
www.etienne-services.fr,,,https://www.etienne-services.fr/nord/plombier-aubers-59249/debouchage-canalisation,2026-07-22
www.etienne-services.fr,,,https://www.etienne-services.fr/nord/plombier-aubers-59249/recherche-de-fuites,2026-07-22
www.etienne-services.fr,,,https://www.etienne-services.fr/nord/plombier-aubigny-au-bac-59265/debouchage-canalisation,2026-07-22
www.etienne-services.fr,,,https://www.etienne-services.fr/nord/plombier-aubigny-au-bac-59265/recherche-de-fuites,2026-07-22
www.etienne-services.fr,,,https://www.etienne-services.fr/nord/plombier-aubry-du-hainaut-59494/debouchage-canalisation,2026-07-22
www.etienne-services.fr,,,https://www.etienne-services.fr/nord/plombier-aubry-du-hainaut-59494/recherche-de-fuites,2026-07-22
www.etienne-services.fr,,,https://www.etienne-services.fr/nord/plombier-auchy-lez-orchies-59310/debouchage-canalisation,2026-07-22
www.etienne-services.fr,,,https://www.etienne-services.fr/nord/plombier-auchy-lez-orchies-59310/recherche-de-fuites,2026-07-22
www.etienne-services.fr,,,https://www.etienne-services.fr/nord/plombier-audignies-59570/debouchage-canalisation,2026-07-22
www.etienne-services.fr,,,https://www.etienne-services.fr/nord/plombier-audignies-59570/recherche-de-fuites,2026-07-22
www.etienne-services.fr,,,https://www.etienne-services.fr/nord/plombier-avelin-59710/debouchage-canalisation,2026-07-22
www.etienne-services.fr,,,https://www.etienne-services.fr/nord/plombier-avelin-59710/recherche-de-fuites,2026-07-22
www.etienne-services.fr,,,https://www.etienne-services.fr/nord/plombier-avesnelles-59440/debouchage-canalisation,2026-07-22
www.etienne-services.fr,,,https://www.etienne-services.fr/nord/plombier-avesnelles-59440/recherche-de-fuites,2026-07-22
www.etienne-services.fr,,,https://www.etienne-services.fr/nord/plombier-avesnes-le-sec-59296/debouchage-canalisation,2026-07-22
www.etienne-services.fr,,,https://www.etienne-services.fr/nord/plombier-avesnes-le-sec-59296/recherche-de-fuites,2026-07-22
www.etienne-services.fr,,,https://www.etienne-services.fr/nord/plombier-avesnes-les-aubert-59129/debouchage-canalisation,2026-07-22
www.etienne-services.fr,,,https://www.etienne-services.fr/nord/plombier-avesnes-les-aubert-59129/recherche-de-fuites,2026-07-22
www.etienne-services.fr,,,https://www.etienne-services.fr/nord/plombier-avesnes-sur-helpe-59440/debouchage-canalisation,2026-07-22
www.etienne-services.fr,,,https://www.etienne-services.fr/nord/plombier-avesnes-sur-helpe-59440/recherche-de-fuites,2026-07-22
www.etienne-services.fr,,,https://www.etienne-services.fr/nord/plombier-awoingt-59400/debouchage-canalisation,2026-07-22
www.etienne-services.fr,,,https://www.etienne-services.fr/nord/plombier-awoingt-59400/recherche-de-fuites,2026-07-22
www.etienne-services.fr,,,https://www.etienne-services.fr/nord/plombier-bachant-59138/debouchage-canalisation,2026-07-22
www.etienne-services.fr,,,https://www.etienne-services.fr/nord/plombier-bachant-59138/recherche-de-fuites,2026-07-22
www.etienne-services.fr,,,https://www.etienne-services.fr/nord/plombier-bachy-59830/debouchage-canalisation,2026-07-22
www.etienne-services.fr,,,https://www.etienne-services.fr/nord/plombier-bachy-59830/recherche-de-fuites,2026-07-22
www.etienne-services.fr,,,https://www.etienne-services.fr/nord/plombier-baisieux-59780/recherche-de-fuites,2026-07-22
www.etienne-services.fr,,,https://www.etienne-services.fr/nord/plombier-baives-59132/debouchage-canalisation,2026-07-22
www.etienne-services.fr,,,https://www.etienne-services.fr/nord/plombier-baives-59132/recherche-de-fuites,2026-07-22
www.etienne-services.fr,,,https://www.etienne-services.fr/nord/plombier-bambecque-59470/debouchage-canalisation,2026-07-22
www.etienne-services.fr,,,https://www.etienne-services.fr/nord/plombier-bambecque-59470/recherche-de-fuites,2026-07-22
www.etienne-services.fr,,,https://www.etienne-services.fr/nord/plombier-banteux-59266/debouchage-canalisation,2026-07-22
www.etienne-services.fr,,,https://www.etienne-services.fr/nord/plombier-banteux-59266/recherche-de-fuites,2026-07-22
www.etienne-services.fr,,,https://www.etienne-services.fr/nord/plombier-bantigny-59554/debouchage-canalisation,2026-07-22
www.etienne-services.fr,,,https://www.etienne-services.fr/nord/plombier-bantigny-59554/recherche-de-fuites,2026-07-22
www.etienne-services.fr,,,https://www.etienne-services.fr/nord/plombier-bantouzelle-59266/debouchage-canalisation,2026-07-22
www.etienne-services.fr,,,https://www.etienne-services.fr/nord/plombier-bantouzelle-59266/recherche-de-fuites,2026-07-22
www.etienne-services.fr,,,https://www.etienne-services.fr/nord/plombier-bas-lieu-59440/debouchage-canalisation,2026-07-22
www.etienne-services.fr,,,https://www.etienne-services.fr/nord/plombier-bas-lieu-59440/recherche-de-fuites,2026-07-22
www.etienne-services.fr,,,https://www.etienne-services.fr/nord/plombier-bavay-59570/debouchage-canalisation,2026-07-22
www.etienne-services.fr,,,https://www.etienne-services.fr/nord/plombier-bavay-59570/recherche-de-fuites,2026-07-22
www.etienne-services.fr,,,https://www.etienne-services.fr/nord/plombier-bavinchove-59670/debouchage-canalisation,2026-07-22
www.etienne-services.fr,,,https://www.etienne-services.fr/nord/plombier-bavinchove-59670/recherche-de-fuites,2026-07-22
www.etienne-services.fr,,,https://www.etienne-services.fr/nord/plombier-bazuel-59360/debouchage-canalisation,2026-07-22
www.etienne-services.fr,,,https://www.etienne-services.fr/nord/plombier-bazuel-59360/recherche-de-fuites,2026-07-22
www.etienne-services.fr,,,https://www.etienne-services.fr/nord/plombier-beaucamps-ligny-59134/debouchage-canalisation,2026-07-22
www.etienne-services.fr,,,https://www.etienne-services.fr/nord/plombier-beaucamps-ligny-59134/recherche-de-fuites,2026-07-22
www.etienne-services.fr,,,https://www.etienne-services.fr/nord/plombier-beaudignies-59530/debouchage-canalisation,2026-07-22
www.etienne-services.fr,,,https://www.etienne-services.fr/nord/plombier-beaudignies-59530/recherche-de-fuites,2026-07-22
www.etienne-services.fr,,,https://www.etienne-services.fr/nord/plombier-beaufort-59330/debouchage-canalisation,2026-07-22
www.etienne-services.fr,,,https://www.etienne-services.fr/nord/plombier-beaufort-59330/recherche-de-fuites,2026-07-22
www.etienne-services.fr,,,https://www.etienne-services.fr/nord/plombier-beaumont-en-cambresis-59540/debouchage-canalisation,2026-07-22
www.etienne-services.fr,,,https://www.etienne-services.fr/nord/plombier-beaumont-en-cambresis-59540/recherche-de-fuites,2026-07-22
www.etienne-services.fr,,,https://www.etienne-services.fr/nord/plombier-beaurain-59730/debouchage-canalisation,2026-07-22
www.etienne-services.fr,,,https://www.etienne-services.fr/nord/plombier-beaurain-59730/recherche-de-fuites,2026-07-22
www.etienne-services.fr,,,https://www.etienne-services.fr/nord/plombier-beaurepaire-sur-sambre-59550/debouchage-canalisation,2026-07-22
www.etienne-services.fr,,,https://www.etienne-services.fr/nord/plombier-beaurepaire-sur-sambre-59550/recherche-de-fuites,2026-07-22
www.etienne-services.fr,,,https://www.etienne-services.fr/nord/plombier-beaurieux-59740/debouchage-canalisation,2026-07-22
www.etienne-services.fr,,,https://www.etienne-services.fr/nord/plombier-beaurieux-59740/recherche-de-fuites,2026-07-22
www.etienne-services.fr,,,https://www.etienne-services.fr/nord/plombier-beauvois-en-cambresis-59157/debouchage-canalisation,2026-07-22
www.etienne-services.fr,,,https://www.etienne-services.fr/nord/plombier-beauvois-en-cambresis-59157/recherche-de-fuites,2026-07-22
www.etienne-services.fr,,,https://www.etienne-services.fr/nord/plombier-bellaing-59135/debouchage-canalisation,2026-07-22
www.etienne-services.fr,,,https://www.etienne-services.fr/nord/plombier-bellaing-59135/recherche-de-fuites,2026-07-22
www.etienne-services.fr,,,https://www.etienne-services.fr/nord/plombier-bellignies-59570/debouchage-canalisation,2026-07-22
www.etienne-services.fr,,,https://www.etienne-services.fr/nord/plombier-bellignies-59570/recherche-de-fuites,2026-07-22
www.etienne-services.fr,,,https://www.etienne-services.fr/nord/plombier-berelles-59740/debouchage-canalisation,2026-07-22
www.etienne-services.fr,,,https://www.etienne-services.fr/nord/plombier-berelles-59740/recherche-de-fuites,2026-07-22
www.etienne-services.fr,,,https://www.etienne-services.fr/nord/plombier-bergues-59380/debouchage-canalisation,2026-07-22
www.etienne-services.fr,,,https://www.etienne-services.fr/nord/plombier-bergues-59380/recherche-de-fuites,2026-07-22
www.etienne-services.fr,,,https://www.etienne-services.fr/nord/plombier-berlaimont-59145/debouchage-canalisation,2026-07-22
www.etienne-services.fr,,,https://www.etienne-services.fr/nord/plombier-berlaimont-59145/recherche-de-fuites,2026-07-22
www.etienne-services.fr,,,https://www.etienne-services.fr/nord/plombier-bermerain-59213/debouchage-canalisation,2026-07-22
www.etienne-services.fr,,,https://www.etienne-services.fr/nord/plombier-bermerain-59213/recherche-de-fuites,2026-07-22
www.etienne-services.fr,,,https://www.etienne-services.fr/nord/plombier-bermeries-59570/debouchage-canalisation,2026-07-22
www.etienne-services.fr,,,https://www.etienne-services.fr/nord/plombier-bermeries-59570/recherche-de-fuites,2026-07-22
www.etienne-services.fr,,,https://www.etienne-services.fr/nord/plombier-bersee-59235/debouchage-canalisation,2026-07-22
www.etienne-services.fr,,,https://www.etienne-services.fr/nord/plombier-bersee-59235/recherche-de-fuites,2026-07-22
www.etienne-services.fr,,,https://www.etienne-services.fr/nord/plombier-bersillies-59600/debouchage-canalisation,2026-07-22
www.etienne-services.fr,,,https://www.etienne-services.fr/nord/plombier-bersillies-59600/recherche-de-fuites,2026-07-22
www.etienne-services.fr,,,https://www.etienne-services.fr/nord/plombier-berthen-59270/debouchage-canalisation,2026-07-22
www.etienne-services.fr,,,https://www.etienne-services.fr/nord/plombier-berthen-59270/recherche-de-fuites,2026-07-22
www.etienne-services.fr,,,https://www.etienne-services.fr/nord/plombier-bertry-59980/debouchage-canalisation,2026-07-22
www.etienne-services.fr,,,https://www.etienne-services.fr/nord/plombier-bertry-59980/recherche-de-fuites,2026-07-22
www.etienne-services.fr,,,https://www.etienne-services.fr/nord/plombier-bethencourt-59540/debouchage-canalisation,2026-07-22
www.etienne-services.fr,,,https://www.etienne-services.fr/nord/plombier-bethencourt-59540/recherche-de-fuites,2026-07-22
www.etienne-services.fr,,,https://www.etienne-services.fr/nord/plombier-bettignies-59600/debouchage-canalisation,2026-07-22
www.etienne-services.fr,,,https://www.etienne-services.fr/nord/plombier-bettignies-59600/recherche-de-fuites,2026-07-22
www.etienne-services.fr,,,https://www.etienne-services.fr/nord/plombier-bettrechies-59570/debouchage-canalisation,2026-07-22
www.etienne-services.fr,,,https://www.etienne-services.fr/nord/plombier-bettrechies-59570/recherche-de-fuites,2026-07-22
www.etienne-services.fr,,,https://www.etienne-services.fr/nord/plombier-beugnies-59216/debouchage-canalisation,2026-07-22
www.etienne-services.fr,,,https://www.etienne-services.fr/nord/plombier-beugnies-59216/recherche-de-fuites,2026-07-22
www.etienne-services.fr,,,https://www.etienne-services.fr/nord/plombier-beuvry-la-foret-59310/debouchage-canalisation,2026-07-22
www.etienne-services.fr,,,https://www.etienne-services.fr/nord/plombier-beuvry-la-foret-59310/recherche-de-fuites,2026-07-22
www.etienne-services.fr,,,https://www.etienne-services.fr/nord/plombier-bevillers-59217/debouchage-canalisation,2026-07-22
www.etienne-services.fr,,,https://www.etienne-services.fr/nord/plombier-bevillers-59217/recherche-de-fuites,2026-07-22
www.etienne-services.fr,,,https://www.etienne-services.fr/nord/plombier-bierne-59380/debouchage-canalisation,2026-07-22
www.etienne-services.fr,,,https://www.etienne-services.fr/nord/plombier-bierne-59380/recherche-de-fuites,2026-07-22
www.etienne-services.fr,,,https://www.etienne-services.fr/nord/plombier-bissezeele-59380/debouchage-canalisation,2026-07-22
www.etienne-services.fr,,,https://www.etienne-services.fr/nord/plombier-bissezeele-59380/recherche-de-fuites,2026-07-22
www.etienne-services.fr,,,https://www.etienne-services.fr/nord/plombier-blaringhem-59173/debouchage-canalisation,2026-07-22
www.etienne-services.fr,,,https://www.etienne-services.fr/nord/plombier-blaringhem-59173/recherche-de-fuites,2026-07-22
www.etienne-services.fr,,,https://www.etienne-services.fr/nord/plombier-blecourt-59268/debouchage-canalisation,2026-07-22
www.etienne-services.fr,,,https://www.etienne-services.fr/nord/plombier-blecourt-59268/recherche-de-fuites,2026-07-22
www.etienne-services.fr,,,https://www.etienne-services.fr/nord/plombier-boeschepe-59299/debouchage-canalisation,2026-07-22
www.etienne-services.fr,,,https://www.etienne-services.fr/nord/plombier-boeschepe-59299/recherche-de-fuites,2026-07-22
www.etienne-services.fr,,,https://www.etienne-services.fr/nord/plombier-boeseghem-59189/debouchage-canalisation,2026-07-22
www.etienne-services.fr,,,https://www.etienne-services.fr/nord/plombier-boeseghem-59189/recherche-de-fuites,2026-07-22
www.etienne-services.fr,,,https://www.etienne-services.fr/nord/plombier-bois-grenier-59280/debouchage-canalisation,2026-07-22
www.etienne-services.fr,,,https://www.etienne-services.fr/nord/plombier-bois-grenier-59280/recherche-de-fuites,2026-07-22
www.etienne-services.fr,,,https://www.etienne-services.fr/nord/plombier-bollezeele-59470/debouchage-canalisation,2026-07-22
www.etienne-services.fr,,,https://www.etienne-services.fr/nord/plombier-bollezeele-59470/recherche-de-fuites,2026-07-22
www.etienne-services.fr,,,https://www.etienne-services.fr/nord/plombier-borre-59190/debouchage-canalisation,2026-07-22
www.etienne-services.fr,,,https://www.etienne-services.fr/nord/plombier-borre-59190/recherche-de-fuites,2026-07-22
www.etienne-services.fr,,,https://www.etienne-services.fr/nord/plombier-bouchain-59111/debouchage-canalisation,2026-07-22
www.etienne-services.fr,,,https://www.etienne-services.fr/nord/plombier-bouchain-59111/recherche-de-fuites,2026-07-22
www.etienne-services.fr,,,https://www.etienne-services.fr/nord/plombier-boulogne-sur-helpe-59440/debouchage-canalisation,2026-07-22
www.etienne-services.fr,,,https://www.etienne-services.fr/nord/plombier-boulogne-sur-helpe-59440/recherche-de-fuites,2026-07-22
www.etienne-services.fr,,,https://www.etienne-services.fr/nord/plombier-bourghelles-59830/debouchage-canalisation,2026-07-22
www.etienne-services.fr,,,https://www.etienne-services.fr/nord/plombier-bourghelles-59830/recherche-de-fuites,2026-07-22
www.etienne-services.fr,,,https://www.etienne-services.fr/nord/plombier-boursies-62147/debouchage-canalisation,2026-07-22
www.etienne-services.fr,,,https://www.etienne-services.fr/nord/plombier-bousbecque-59166/debouchage-canalisation,2026-07-22
www.etienne-services.fr,,,https://www.etienne-services.fr/nord/plombier-bousbecque-59166/recherche-de-fuites,2026-07-22
www.etienne-services.fr,,,https://www.etienne-services.fr/nord/plombier-bousies-59222/debouchage-canalisation,2026-07-22
www.etienne-services.fr,,,https://www.etienne-services.fr/nord/plombier-bousies-59222/recherche-de-fuites,2026-07-22
www.etienne-services.fr,,,https://www.etienne-services.fr/nord/plombier-bousignies-59178/debouchage-canalisation,2026-07-22
www.etienne-services.fr,,,https://www.etienne-services.fr/nord/plombier-bousignies-59178/recherche-de-fuites,2026-07-22
www.etienne-services.fr,,,https://www.etienne-services.fr/nord/plombier-bousignies-sur-roc-59149/debouchage-canalisation,2026-07-22
www.etienne-services.fr,,,https://www.etienne-services.fr/nord/plombier-bousignies-sur-roc-59149/recherche-de-fuites,2026-07-22
www.etienne-services.fr,,,https://www.etienne-services.fr/nord/plombier-boussieres-en-cambresis-59217/debouchage-canalisation,2026-07-22
www.etienne-services.fr,,,https://www.etienne-services.fr/nord/plombier-boussieres-en-cambresis-59217/recherche-de-fuites,2026-07-22
www.etienne-services.fr,,,https://www.etienne-services.fr/nord/plombier-boussieres-sur-sambre-59330/debouchage-canalisation,2026-07-22
www.etienne-services.fr,,,https://www.etienne-services.fr/nord/plombier-boussieres-sur-sambre-59330/recherche-de-fuites,2026-07-22
www.etienne-services.fr,,,https://www.etienne-services.fr/nord/plombier-boussois-59168/debouchage-canalisation,2026-07-22
www.etienne-services.fr,,,https://www.etienne-services.fr/nord/plombier-boussois-59168/recherche-de-fuites,2026-07-22
www.etienne-services.fr,,,https://www.etienne-services.fr/nord/plombier-bouvignies-59870/debouchage-canalisation,2026-07-22
www.etienne-services.fr,,,https://www.etienne-services.fr/nord/plombier-bouvignies-59870/recherche-de-fuites,2026-07-22
www.etienne-services.fr,,,https://www.etienne-services.fr/nord/plombier-bouvines-59830/debouchage-canalisation,2026-07-22
www.etienne-services.fr,,,https://www.etienne-services.fr/nord/plombier-bouvines-59830/recherche-de-fuites,2026-07-22
www.etienne-services.fr,,,https://www.etienne-services.fr/nord/plombier-bray-dunes-59123/debouchage-canalisation,2026-07-22
www.etienne-services.fr,,,https://www.etienne-services.fr/nord/plombier-bray-dunes-59123/recherche-de-fuites,2026-07-22
www.etienne-services.fr,,,https://www.etienne-services.fr/nord/plombier-briastre-59730/debouchage-canalisation,2026-07-22
www.etienne-services.fr,,,https://www.etienne-services.fr/nord/plombier-briastre-59730/recherche-de-fuites,2026-07-22
www.etienne-services.fr,,,https://www.etienne-services.fr/nord/plombier-brillon-59178/recherche-de-fuites,2026-07-22
www.etienne-services.fr,,,https://www.etienne-services.fr/nord/plombier-brouckerque-59630/debouchage-canalisation,2026-07-22
www.etienne-services.fr,,,https://www.etienne-services.fr/nord/plombier-brouckerque-59630/recherche-de-fuites,2026-07-22
www.etienne-services.fr,,,https://www.etienne-services.fr/nord/plombier-broxeele-59470/debouchage-canalisation,2026-07-22
www.etienne-services.fr,,,https://www.etienne-services.fr/nord/plombier-broxeele-59470/recherche-de-fuites,2026-07-22
www.etienne-services.fr,,,https://www.etienne-services.fr/nord/plombier-bruille-lez-marchiennes-59490/debouchage-canalisation,2026-07-22
www.etienne-services.fr,,,https://www.etienne-services.fr/nord/plombier-bruille-lez-marchiennes-59490/recherche-de-fuites,2026-07-22
www.etienne-services.fr,,,https://www.etienne-services.fr/nord/plombier-bruille-saint-amand-59199/debouchage-canalisation,2026-07-22
www.etienne-services.fr,,,https://www.etienne-services.fr/nord/plombier-bruille-saint-amand-59199/recherche-de-fuites,2026-07-22
www.etienne-services.fr,,,https://www.etienne-services.fr/nord/plombier-brunemont-59151/debouchage-canalisation,2026-07-22
www.etienne-services.fr,,,https://www.etienne-services.fr/nord/plombier-brunemont-59151/recherche-de-fuites,2026-07-22
www.etienne-services.fr,,,https://www.etienne-services.fr/nord/plombier-bry-59144/debouchage-canalisation,2026-07-22
www.etienne-services.fr,,,https://www.etienne-services.fr/nord/plombier-bry-59144/recherche-de-fuites,2026-07-22
www.etienne-services.fr,,,https://www.etienne-services.fr/nord/plombier-bugnicourt-59151/debouchage-canalisation,2026-07-22
www.etienne-services.fr,,,https://www.etienne-services.fr/nord/plombier-bugnicourt-59151/recherche-de-fuites,2026-07-22
www.etienne-services.fr,,,https://www.etienne-services.fr/nord/plombier-busigny-59137/debouchage-canalisation,2026-07-22
www.etienne-services.fr,,,https://www.etienne-services.fr/nord/plombier-busigny-59137/recherche-de-fuites,2026-07-22
www.etienne-services.fr,,,https://www.etienne-services.fr/nord/plombier-buysscheure-59285/debouchage-canalisation,2026-07-22
www.etienne-services.fr,,,https://www.etienne-services.fr/nord/plombier-buysscheure-59285/recherche-de-fuites,2026-07-22
www.etienne-services.fr,,,https://www.etienne-services.fr/nord/plombier-caestre-59190/debouchage-canalisation,2026-07-22
www.etienne-services.fr,,,https://www.etienne-services.fr/nord/plombier-caestre-59190/recherche-de-fuites,2026-07-22
www.etienne-services.fr,,,https://www.etienne-services.fr/nord/plombier-cagnoncles-59161/debouchage-canalisation,2026-07-22
www.etienne-services.fr,,,https://www.etienne-services.fr/nord/plombier-cagnoncles-59161/recherche-de-fuites,2026-07-22
www.etienne-services.fr,,,https://www.etienne-services.fr/nord/plombier-camphin-en-carembault-59133/debouchage-canalisation,2026-07-22
www.etienne-services.fr,,,https://www.etienne-services.fr/nord/plombier-camphin-en-carembault-59133/recherche-de-fuites,2026-07-22
www.etienne-services.fr,,,https://www.etienne-services.fr/nord/plombier-camphin-en-pevele-59780/debouchage-canalisation,2026-07-22
www.etienne-services.fr,,,https://www.etienne-services.fr/nord/plombier-camphin-en-pevele-59780/recherche-de-fuites,2026-07-22
www.etienne-services.fr,,,https://www.etienne-services.fr/nord/plombier-cantaing-sur-escaut-59267/debouchage-canalisation,2026-07-22
www.etienne-services.fr,,,https://www.etienne-services.fr/nord/plombier-cantaing-sur-escaut-59267/recherche-de-fuites,2026-07-22
www.etienne-services.fr,,,https://www.etienne-services.fr/nord/plombier-cantin-59169/debouchage-canalisation,2026-07-22
www.etienne-services.fr,,,https://www.etienne-services.fr/nord/plombier-cantin-59169/recherche-de-fuites,2026-07-22
www.etienne-services.fr,,,https://www.etienne-services.fr/nord/plombier-capelle-59213/debouchage-canalisation,2026-07-22
www.etienne-services.fr,,,https://www.etienne-services.fr/nord/plombier-capelle-59213/recherche-de-fuites,2026-07-22
www.etienne-services.fr,,,https://www.etienne-services.fr/nord/plombier-capinghem-59160/debouchage-canalisation,2026-07-22
www.etienne-services.fr,,,https://www.etienne-services.fr/nord/plombier-capinghem-59160/recherche-de-fuites,2026-07-22
www.etienne-services.fr,,,https://www.etienne-services.fr/nord/plombier-cappelle-brouck-59630/debouchage-canalisation,2026-07-22
www.etienne-services.fr,,,https://www.etienne-services.fr/nord/plombier-cappelle-brouck-59630/recherche-de-fuites,2026-07-22
www.etienne-services.fr,,,https://www.etienne-services.fr/nord/plombier-cappelle-en-pevele-59242/debouchage-canalisation,2026-07-22
www.etienne-services.fr,,,https://www.etienne-services.fr/nord/plombier-cappelle-en-pevele-59242/recherche-de-fuites,2026-07-22
www.etienne-services.fr,,,https://www.etienne-services.fr/nord/plombier-carnieres-59217/debouchage-canalisation,2026-07-22
www.etienne-services.fr,,,https://www.etienne-services.fr/nord/plombier-carnieres-59217/recherche-de-fuites,2026-07-22
www.etienne-services.fr,,,https://www.etienne-services.fr/nord/plombier-carnin-59112/debouchage-canalisation,2026-07-22
www.etienne-services.fr,,,https://www.etienne-services.fr/nord/plombier-carnin-59112/recherche-de-fuites,2026-07-22
www.etienne-services.fr,,,https://www.etienne-services.fr/nord/plombier-cartignies-59244/debouchage-canalisation,2026-07-22
www.etienne-services.fr,,,https://www.etienne-services.fr/nord/plombier-cartignies-59244/recherche-de-fuites,2026-07-22
www.etienne-services.fr,,,https://www.etienne-services.fr/nord/plombier-cassel-59670/debouchage-canalisation,2026-07-22
www.etienne-services.fr,,,https://www.etienne-services.fr/nord/plombier-cassel-59670/recherche-de-fuites,2026-07-22
www.etienne-services.fr,,,https://www.etienne-services.fr/nord/plombier-catillon-sur-sambre-59360/debouchage-canalisation,2026-07-22
www.etienne-services.fr,,,https://www.etienne-services.fr/nord/plombier-catillon-sur-sambre-59360/recherche-de-fuites,2026-07-22
www.etienne-services.fr,,,https://www.etienne-services.fr/nord/plombier-cattenieres-59217/debouchage-canalisation,2026-07-22
www.etienne-services.fr,,,https://www.etienne-services.fr/nord/plombier-cattenieres-59217/recherche-de-fuites,2026-07-22
www.etienne-services.fr,,,https://www.etienne-services.fr/nord/plombier-caullery-59191/debouchage-canalisation,2026-07-22
www.etienne-services.fr,,,https://www.etienne-services.fr/nord/plombier-caullery-59191/recherche-de-fuites,2026-07-22
www.etienne-services.fr,,,https://www.etienne-services.fr/nord/plombier-cauroir-59400/debouchage-canalisation,2026-07-22
www.etienne-services.fr,,,https://www.etienne-services.fr/nord/plombier-cauroir-59400/recherche-de-fuites,2026-07-22
www.etienne-services.fr,,,https://www.etienne-services.fr/nord/plombier-cerfontaine-59680/debouchage-canalisation,2026-07-22
www.etienne-services.fr,,,https://www.etienne-services.fr/nord/plombier-cerfontaine-59680/recherche-de-fuites,2026-07-22
www.etienne-services.fr,,,https://www.etienne-services.fr/nord/plombier-chateau-l-abbaye-59230/debouchage-canalisation,2026-07-22
www.etienne-services.fr,,,https://www.etienne-services.fr/nord/plombier-chateau-l-abbaye-59230/recherche-de-fuites,2026-07-22
www.etienne-services.fr,,,https://www.etienne-services.fr/nord/plombier-chemy-59147/debouchage-canalisation,2026-07-22
www.etienne-services.fr,,,https://www.etienne-services.fr/nord/plombier-chemy-59147/recherche-de-fuites,2026-07-22
www.etienne-services.fr,,,https://www.etienne-services.fr/nord/plombier-chereng-59152/debouchage-canalisation,2026-07-22
www.etienne-services.fr,,,https://www.etienne-services.fr/nord/plombier-chereng-59152/recherche-de-fuites,2026-07-22
www.etienne-services.fr,,,https://www.etienne-services.fr/nord/plombier-choisies-59740/debouchage-canalisation,2026-07-22
www.etienne-services.fr,,,https://www.etienne-services.fr/nord/plombier-choisies-59740/recherche-de-fuites,2026-07-22
www.etienne-services.fr,,,https://www.etienne-services.fr/nord/plombier-clairfayts-59740/debouchage-canalisation,2026-07-22
www.etienne-services.fr,,,https://www.etienne-services.fr/nord/plombier-clairfayts-59740/recherche-de-fuites,2026-07-22
www.etienne-services.fr,,,https://www.etienne-services.fr/nord/plombier-clary-59225/debouchage-canalisation,2026-07-22
www.etienne-services.fr,,,https://www.etienne-services.fr/nord/plombier-clary-59225/recherche-de-fuites,2026-07-22
www.etienne-services.fr,,,https://www.etienne-services.fr/nord/plombier-cobrieux-59830/debouchage-canalisation,2026-07-22
www.etienne-services.fr,,,https://www.etienne-services.fr/nord/plombier-cobrieux-59830/recherche-de-fuites,2026-07-22
www.etienne-services.fr,,,https://www.etienne-services.fr/nord/plombier-colleret-59680/debouchage-canalisation,2026-07-22
www.etienne-services.fr,,,https://www.etienne-services.fr/nord/plombier-colleret-59680/recherche-de-fuites,2026-07-22
www.etienne-services.fr,,,https://www.etienne-services.fr/nord/plombier-coudekerque-village-59380/debouchage-canalisation,2026-07-22
www.etienne-services.fr,,,https://www.etienne-services.fr/nord/plombier-coudekerque-village-59380/recherche-de-fuites,2026-07-22
www.etienne-services.fr,,,https://www.etienne-services.fr/nord/plombier-courchelettes-59552/debouchage-canalisation,2026-07-22
www.etienne-services.fr,,,https://www.etienne-services.fr/nord/plombier-courchelettes-59552/recherche-de-fuites,2026-07-22
www.etienne-services.fr,,,https://www.etienne-services.fr/nord/plombier-cousolre-59149/debouchage-canalisation,2026-07-22
www.etienne-services.fr,,,https://www.etienne-services.fr/nord/plombier-cousolre-59149/recherche-de-fuites,2026-07-22
www.etienne-services.fr,,,https://www.etienne-services.fr/nord/plombier-coutiches-59310/debouchage-canalisation,2026-07-22
www.etienne-services.fr,,,https://www.etienne-services.fr/nord/plombier-coutiches-59310/recherche-de-fuites,2026-07-22
www.etienne-services.fr,,,https://www.etienne-services.fr/nord/plombier-craywick-59279/debouchage-canalisation,2026-07-22
www.etienne-services.fr,,,https://www.etienne-services.fr/nord/plombier-craywick-59279/recherche-de-fuites,2026-07-22
www.etienne-services.fr,,,https://www.etienne-services.fr/nord/plombier-crespin-59154/debouchage-canalisation,2026-07-22
www.etienne-services.fr,,,https://www.etienne-services.fr/nord/plombier-crespin-59154/recherche-de-fuites,2026-07-22
www.etienne-services.fr,,,https://www.etienne-services.fr/nord/plombier-crevecoeur-sur-l-escaut-59258/debouchage-canalisation,2026-07-22
www.etienne-services.fr,,,https://www.etienne-services.fr/nord/plombier-crevecoeur-sur-l-escaut-59258/recherche-de-fuites,2026-07-22
www.etienne-services.fr,,,https://www.etienne-services.fr/nord/plombier-crochte-59380/debouchage-canalisation,2026-07-22
www.etienne-services.fr,,,https://www.etienne-services.fr/nord/plombier-crochte-59380/recherche-de-fuites,2026-07-22
www.etienne-services.fr,,,https://www.etienne-services.fr/nord/plombier-croix-caluyau-59222/debouchage-canalisation,2026-07-22
www.etienne-services.fr,,,https://www.etienne-services.fr/nord/plombier-croix-caluyau-59222/recherche-de-fuites,2026-07-22
www.etienne-services.fr,,,https://www.etienne-services.fr/nord/plombier-curgies-59990/debouchage-canalisation,2026-07-22
www.etienne-services.fr,,,https://www.etienne-services.fr/nord/plombier-curgies-59990/recherche-de-fuites,2026-07-22
www.etienne-services.fr,,,https://www.etienne-services.fr/nord/plombier-cuvillers-59554/debouchage-canalisation,2026-07-22
www.etienne-services.fr,,,https://www.etienne-services.fr/nord/plombier-cuvillers-59554/recherche-de-fuites,2026-07-22
www.etienne-services.fr,,,https://www.etienne-services.fr/nord/plombier-cysoing-59830/debouchage-canalisation,2026-07-22
www.etienne-services.fr,,,https://www.etienne-services.fr/nord/plombier-cysoing-59830/recherche-de-fuites,2026-07-22
www.etienne-services.fr,,,https://www.etienne-services.fr/nord/plombier-damousies-59680/debouchage-canalisation,2026-07-22
www.etienne-services.fr,,,https://www.etienne-services.fr/nord/plombier-damousies-59680/recherche-de-fuites,2026-07-22
www.etienne-services.fr,,,https://www.etienne-services.fr/nord/plombier-deheries-59127/debouchage-canalisation,2026-07-22
www.etienne-services.fr,,,https://www.etienne-services.fr/nord/plombier-deheries-59127/recherche-de-fuites,2026-07-22
www.etienne-services.fr,,,https://www.etienne-services.fr/nord/plombier-deulemont-59890/debouchage-canalisation,2026-07-22
www.etienne-services.fr,,,https://www.etienne-services.fr/nord/plombier-deulemont-59890/recherche-de-fuites,2026-07-22
www.etienne-services.fr,,,https://www.etienne-services.fr/nord/plombier-dimechaux-59740/debouchage-canalisation,2026-07-22
www.etienne-services.fr,,,https://www.etienne-services.fr/nord/plombier-dimechaux-59740/recherche-de-fuites,2026-07-22
www.etienne-services.fr,,,https://www.etienne-services.fr/nord/plombier-dimont-59216/debouchage-canalisation,2026-07-22
www.etienne-services.fr,,,https://www.etienne-services.fr/nord/plombier-dimont-59216/recherche-de-fuites,2026-07-22
www.etienne-services.fr,,,https://www.etienne-services.fr/nord/plombier-doignies-62147/debouchage-canalisation,2026-07-22
www.etienne-services.fr,,,https://www.etienne-services.fr/nord/plombier-dompierre-sur-helpe-59440/debouchage-canalisation,2026-07-22
www.etienne-services.fr,,,https://www.etienne-services.fr/nord/plombier-dompierre-sur-helpe-59440/recherche-de-fuites,2026-07-22
www.etienne-services.fr,,,https://www.etienne-services.fr/nord/plombier-don-59272/debouchage-canalisation,2026-07-22
www.etienne-services.fr,,,https://www.etienne-services.fr/nord/plombier-don-59272/recherche-de-fuites,2026-07-22
www.etienne-services.fr,,,https://www.etienne-services.fr/nord/plombier-dourlers-59440/debouchage-canalisation,2026-07-22
www.etienne-services.fr,,,https://www.etienne-services.fr/nord/plombier-dourlers-59440/recherche-de-fuites,2026-07-22
www.etienne-services.fr,,,https://www.etienne-services.fr/nord/plombier-drincham-59630/debouchage-canalisation,2026-07-22
www.etienne-services.fr,,,https://www.etienne-services.fr/nord/plombier-drincham-59630/recherche-de-fuites,2026-07-22
www.etienne-services.fr,,,https://www.etienne-services.fr/nord/plombier-ebblinghem-59173/debouchage-canalisation,2026-07-22
www.etienne-services.fr,,,https://www.etienne-services.fr/nord/plombier-ebblinghem-59173/recherche-de-fuites,2026-07-22
www.etienne-services.fr,,,https://www.etienne-services.fr/nord/plombier-ecaillon-59176/debouchage-canalisation,2026-07-22
www.etienne-services.fr,,,https://www.etienne-services.fr/nord/plombier-ecaillon-59176/recherche-de-fuites,2026-07-22
www.etienne-services.fr,,,https://www.etienne-services.fr/nord/plombier-eccles-59740/debouchage-canalisation,2026-07-22
www.etienne-services.fr,,,https://www.etienne-services.fr/nord/plombier-eccles-59740/recherche-de-fuites,2026-07-22
www.etienne-services.fr,,,https://www.etienne-services.fr/nord/plombier-eclaibes-59330/debouchage-canalisation,2026-07-22
www.etienne-services.fr,,,https://www.etienne-services.fr/nord/plombier-eclaibes-59330/recherche-de-fuites,2026-07-22
www.etienne-services.fr,,,https://www.etienne-services.fr/nord/plombier-ecuelin-59620/debouchage-canalisation,2026-07-22
www.etienne-services.fr,,,https://www.etienne-services.fr/nord/plombier-ecuelin-59620/recherche-de-fuites,2026-07-22
www.etienne-services.fr,,,https://www.etienne-services.fr/nord/plombier-eecke-59114/debouchage-canalisation,2026-07-22
www.etienne-services.fr,,,https://www.etienne-services.fr/nord/plombier-eecke-59114/recherche-de-fuites,2026-07-22
www.etienne-services.fr,,,https://www.etienne-services.fr/nord/plombier-elesmes-59600/debouchage-canalisation,2026-07-22
www.etienne-services.fr,,,https://www.etienne-services.fr/nord/plombier-elesmes-59600/recherche-de-fuites,2026-07-22
www.etienne-services.fr,,,https://www.etienne-services.fr/nord/plombier-elincourt-59127/debouchage-canalisation,2026-07-22
www.etienne-services.fr,,,https://www.etienne-services.fr/nord/plombier-elincourt-59127/recherche-de-fuites,2026-07-22
www.etienne-services.fr,,,https://www.etienne-services.fr/nord/plombier-emerchicourt-59580/debouchage-canalisation,2026-07-22
www.etienne-services.fr,,,https://www.etienne-services.fr/nord/plombier-emerchicourt-59580/recherche-de-fuites,2026-07-22
www.etienne-services.fr,,,https://www.etienne-services.fr/nord/plombier-emmerin-59320/debouchage-canalisation,2026-07-22
www.etienne-services.fr,,,https://www.etienne-services.fr/nord/plombier-emmerin-59320/recherche-de-fuites,2026-07-22
www.etienne-services.fr,,,https://www.etienne-services.fr/nord/plombier-englefontaine-59530/debouchage-canalisation,2026-07-22
www.etienne-services.fr,,,https://www.etienne-services.fr/nord/plombier-englefontaine-59530/recherche-de-fuites,2026-07-22
www.etienne-services.fr,,,https://www.etienne-services.fr/nord/plombier-englos-59320/debouchage-canalisation,2026-07-22
www.etienne-services.fr,,,https://www.etienne-services.fr/nord/plombier-englos-59320/recherche-de-fuites,2026-07-22
www.etienne-services.fr,,,https://www.etienne-services.fr/nord/plombier-ennetieres-en-weppes-59320/debouchage-canalisation,2026-07-22
www.etienne-services.fr,,,https://www.etienne-services.fr/nord/plombier-ennetieres-en-weppes-59320/recherche-de-fuites,2026-07-22
www.etienne-services.fr,,,https://www.etienne-services.fr/nord/plombier-ennevelin-59710/debouchage-canalisation,2026-07-22
www.etienne-services.fr,,,https://www.etienne-services.fr/nord/plombier-ennevelin-59710/recherche-de-fuites,2026-07-22
www.etienne-services.fr,,,https://www.etienne-services.fr/nord/plombier-eppe-sauvage-59132/debouchage-canalisation,2026-07-22
www.etienne-services.fr,,,https://www.etienne-services.fr/nord/plombier-eppe-sauvage-59132/recherche-de-fuites,2026-07-22
www.etienne-services.fr,,,https://www.etienne-services.fr/nord/plombier-erchin-59169/debouchage-canalisation,2026-07-22
www.etienne-services.fr,,,https://www.etienne-services.fr/nord/plombier-erchin-59169/recherche-de-fuites,2026-07-22
www.etienne-services.fr,,,https://www.etienne-services.fr/nord/plombier-eringhem-59470/debouchage-canalisation,2026-07-22
www.etienne-services.fr,,,https://www.etienne-services.fr/nord/plombier-eringhem-59470/recherche-de-fuites,2026-07-22
www.etienne-services.fr,,,https://www.etienne-services.fr/nord/plombier-erquinghem-le-sec-59320/debouchage-canalisation,2026-07-22
www.etienne-services.fr,,,https://www.etienne-services.fr/nord/plombier-erquinghem-le-sec-59320/recherche-de-fuites,2026-07-22
www.etienne-services.fr,,,https://www.etienne-services.fr/nord/plombier-erquinghem-lys-59193/debouchage-canalisation,2026-07-22
www.etienne-services.fr,,,https://www.etienne-services.fr/nord/plombier-erquinghem-lys-59193/recherche-de-fuites,2026-07-22
www.etienne-services.fr,,,https://www.etienne-services.fr/nord/plombier-erre-59171/debouchage-canalisation,2026-07-22
www.etienne-services.fr,,,https://www.etienne-services.fr/nord/plombier-erre-59171/recherche-de-fuites,2026-07-22
www.etienne-services.fr,,,https://www.etienne-services.fr/nord/plombier-escarmain-59213/debouchage-canalisation,2026-07-22
www.etienne-services.fr,,,https://www.etienne-services.fr/nord/plombier-escarmain-59213/recherche-de-fuites,2026-07-22
www.etienne-services.fr,,,https://www.etienne-services.fr/nord/plombier-escaudoeuvres-59161/debouchage-canalisation,2026-07-22
www.etienne-services.fr,,,https://www.etienne-services.fr/nord/plombier-escaudoeuvres-59161/recherche-de-fuites,2026-07-22
www.etienne-services.fr,,,https://www.etienne-services.fr/nord/plombier-escautpont-59278/debouchage-canalisation,2026-07-22
www.etienne-services.fr,,,https://www.etienne-services.fr/nord/plombier-escautpont-59278/recherche-de-fuites,2026-07-22
www.etienne-services.fr,,,https://www.etienne-services.fr/nord/plombier-escobecques-59320/debouchage-canalisation,2026-07-22
www.etienne-services.fr,,,https://www.etienne-services.fr/nord/plombier-escobecques-59320/recherche-de-fuites,2026-07-22
www.etienne-services.fr,,,https://www.etienne-services.fr/nord/plombier-esnes-59127/debouchage-canalisation,2026-07-22
www.etienne-services.fr,,,https://www.etienne-services.fr/nord/plombier-esnes-59127/recherche-de-fuites,2026-07-22
www.etienne-services.fr,,,https://www.etienne-services.fr/nord/plombier-esquelbecq-59470/debouchage-canalisation,2026-07-22
www.etienne-services.fr,,,https://www.etienne-services.fr/nord/plombier-esquelbecq-59470/recherche-de-fuites,2026-07-22
www.etienne-services.fr,,,https://www.etienne-services.fr/nord/plombier-esquerchin-59553/debouchage-canalisation,2026-07-22
www.etienne-services.fr,,,https://www.etienne-services.fr/nord/plombier-esquerchin-59553/recherche-de-fuites,2026-07-22
www.etienne-services.fr,,,https://www.etienne-services.fr/nord/plombier-estourmel-59400/debouchage-canalisation,2026-07-22
www.etienne-services.fr,,,https://www.etienne-services.fr/nord/plombier-estourmel-59400/recherche-de-fuites,2026-07-22
www.etienne-services.fr,,,https://www.etienne-services.fr/nord/plombier-estrees-59151/debouchage-canalisation,2026-07-22
www.etienne-services.fr,,,https://www.etienne-services.fr/nord/plombier-estrees-59151/recherche-de-fuites,2026-07-22
www.etienne-services.fr,,,https://www.etienne-services.fr/nord/plombier-estreux-59990/debouchage-canalisation,2026-07-22
www.etienne-services.fr,,,https://www.etienne-services.fr/nord/plombier-estreux-59990/recherche-de-fuites,2026-07-22
www.etienne-services.fr,,,https://www.etienne-services.fr/nord/plombier-estrun-59295/debouchage-canalisation,2026-07-22
www.etienne-services.fr,,,https://www.etienne-services.fr/nord/plombier-estrun-59295/recherche-de-fuites,2026-07-22
www.etienne-services.fr,,,https://www.etienne-services.fr/nord/plombier-eswars-59400/debouchage-canalisation,2026-07-22
www.etienne-services.fr,,,https://www.etienne-services.fr/nord/plombier-eswars-59400/recherche-de-fuites,2026-07-22
www.etienne-services.fr,,,https://www.etienne-services.fr/nord/plombier-eth-59144/debouchage-canalisation,2026-07-22
www.etienne-services.fr,,,https://www.etienne-services.fr/nord/plombier-eth-59144/recherche-de-fuites,2026-07-22
www.etienne-services.fr,,,https://www.etienne-services.fr/nord/plombier-etroeungt-59219/debouchage-canalisation,2026-07-22
www.etienne-services.fr,,,https://www.etienne-services.fr/nord/plombier-etroeungt-59219/recherche-de-fuites,2026-07-22
www.etienne-services.fr,,,https://www.etienne-services.fr/nord/plombier-famars-59300/debouchage-canalisation,2026-07-22
www.etienne-services.fr,,,https://www.etienne-services.fr/nord/plombier-famars-59300/recherche-de-fuites,2026-07-22
www.etienne-services.fr,,,https://www.etienne-services.fr/nord/plombier-faumont-59310/debouchage-canalisation,2026-07-22
www.etienne-services.fr,,,https://www.etienne-services.fr/nord/plombier-faumont-59310/recherche-de-fuites,2026-07-22
www.etienne-services.fr,,,https://www.etienne-services.fr/nord/plombier-fechain-59247/debouchage-canalisation,2026-07-22
www.etienne-services.fr,,,https://www.etienne-services.fr/nord/plombier-fechain-59247/recherche-de-fuites,2026-07-22
www.etienne-services.fr,,,https://www.etienne-services.fr/nord/plombier-felleries-59740/debouchage-canalisation,2026-07-22
www.etienne-services.fr,,,https://www.etienne-services.fr/nord/plombier-felleries-59740/recherche-de-fuites,2026-07-22
www.etienne-services.fr,,,https://www.etienne-services.fr/nord/plombier-ferin-59169/debouchage-canalisation,2026-07-22
www.etienne-services.fr,,,https://www.etienne-services.fr/nord/plombier-ferin-59169/recherche-de-fuites,2026-07-22
www.etienne-services.fr,,,https://www.etienne-services.fr/nord/plombier-feron-59610/debouchage-canalisation,2026-07-22
www.etienne-services.fr,,,https://www.etienne-services.fr/nord/plombier-feron-59610/recherche-de-fuites,2026-07-22
www.etienne-services.fr,,,https://www.etienne-services.fr/nord/plombier-ferriere-la-petite-59680/debouchage-canalisation,2026-07-22
www.etienne-services.fr,,,https://www.etienne-services.fr/nord/plombier-ferriere-la-petite-59680/recherche-de-fuites,2026-07-22
www.etienne-services.fr,,,https://www.etienne-services.fr/nord/plombier-flaumont-waudrechies-59440/debouchage-canalisation,2026-07-22
www.etienne-services.fr,,,https://www.etienne-services.fr/nord/plombier-flaumont-waudrechies-59440/recherche-de-fuites,2026-07-22
www.etienne-services.fr,,,https://www.etienne-services.fr/nord/plombier-flesquieres-59267/debouchage-canalisation,2026-07-22
www.etienne-services.fr,,,https://www.etienne-services.fr/nord/plombier-flesquieres-59267/recherche-de-fuites,2026-07-22
www.etienne-services.fr,,,https://www.etienne-services.fr/nord/plombier-fletre-59270/debouchage-canalisation,2026-07-22
www.etienne-services.fr,,,https://www.etienne-services.fr/nord/plombier-fletre-59270/recherche-de-fuites,2026-07-22
www.etienne-services.fr,,,https://www.etienne-services.fr/nord/plombier-flines-les-mortagne-59158/debouchage-canalisation,2026-07-22
www.etienne-services.fr,,,https://www.etienne-services.fr/nord/plombier-flines-les-mortagne-59158/recherche-de-fuites,2026-07-22
www.etienne-services.fr,,,https://www.etienne-services.fr/nord/plombier-floursies-59440/debouchage-canalisation,2026-07-22
www.etienne-services.fr,,,https://www.etienne-services.fr/nord/plombier-floursies-59440/recherche-de-fuites,2026-07-22
www.etienne-services.fr,,,https://www.etienne-services.fr/nord/plombier-floyon-59219/debouchage-canalisation,2026-07-22
www.etienne-services.fr,,,https://www.etienne-services.fr/nord/plombier-floyon-59219/recherche-de-fuites,2026-07-22
www.etienne-services.fr,,,https://www.etienne-services.fr/nord/plombier-fontaine-au-bois-59550/debouchage-canalisation,2026-07-22
www.etienne-services.fr,,,https://www.etienne-services.fr/nord/plombier-fontaine-au-bois-59550/recherche-de-fuites,2026-07-22
www.etienne-services.fr,,,https://www.etienne-services.fr/nord/plombier-fontaine-au-pire-59157/debouchage-canalisation,2026-07-22
www.etienne-services.fr,,,https://www.etienne-services.fr/nord/plombier-fontaine-au-pire-59157/recherche-de-fuites,2026-07-22
www.etienne-services.fr,,,https://www.etienne-services.fr/nord/plombier-fontaine-notre-dame-59400/debouchage-canalisation,2026-07-22
www.etienne-services.fr,,,https://www.etienne-services.fr/nord/plombier-fontaine-notre-dame-59400/recherche-de-fuites,2026-07-22
www.etienne-services.fr,,,https://www.etienne-services.fr/nord/plombier-forest-en-cambresis-59222/debouchage-canalisation,2026-07-22
www.etienne-services.fr,,,https://www.etienne-services.fr/nord/plombier-forest-en-cambresis-59222/recherche-de-fuites,2026-07-22
www.etienne-services.fr,,,https://www.etienne-services.fr/nord/plombier-forest-sur-marque-59510/debouchage-canalisation,2026-07-22
www.etienne-services.fr,,,https://www.etienne-services.fr/nord/plombier-forest-sur-marque-59510/recherche-de-fuites,2026-07-22
www.etienne-services.fr,,,https://www.etienne-services.fr/nord/plombier-fournes-en-weppes-59134/debouchage-canalisation,2026-07-22
www.etienne-services.fr,,,https://www.etienne-services.fr/nord/plombier-fournes-en-weppes-59134/recherche-de-fuites,2026-07-22
www.etienne-services.fr,,,https://www.etienne-services.fr/nord/plombier-frasnoy-59530/debouchage-canalisation,2026-07-22
www.etienne-services.fr,,,https://www.etienne-services.fr/nord/plombier-frasnoy-59530/recherche-de-fuites,2026-07-22
www.etienne-services.fr,,,https://www.etienne-services.fr/nord/plombier-frelinghien-59236/debouchage-canalisation,2026-07-22
www.etienne-services.fr,,,https://www.etienne-services.fr/nord/plombier-frelinghien-59236/recherche-de-fuites,2026-07-22
www.etienne-services.fr,,,https://www.etienne-services.fr/nord/plombier-fressain-59234/debouchage-canalisation,2026-07-22
www.etienne-services.fr,,,https://www.etienne-services.fr/nord/plombier-fressain-59234/recherche-de-fuites,2026-07-22
www.etienne-services.fr,,,https://www.etienne-services.fr/nord/plombier-fressies-59247/debouchage-canalisation,2026-07-22
www.etienne-services.fr,,,https://www.etienne-services.fr/nord/plombier-fressies-59247/recherche-de-fuites,2026-07-22
www.etienne-services.fr,,,https://www.etienne-services.fr/nord/plombier-fretin-59273/debouchage-canalisation,2026-07-22
www.etienne-services.fr,,,https://www.etienne-services.fr/nord/plombier-fretin-59273/recherche-de-fuites,2026-07-22
www.etienne-services.fr,,,https://www.etienne-services.fr/nord/plombier-fromelles-59249/debouchage-canalisation,2026-07-22
www.etienne-services.fr,,,https://www.etienne-services.fr/nord/plombier-fromelles-59249/recherche-de-fuites,2026-07-22
www.etienne-services.fr,,,https://www.etienne-services.fr/nord/plombier-genech-59242/debouchage-canalisation,2026-07-22
www.etienne-services.fr,,,https://www.etienne-services.fr/nord/plombier-genech-59242/recherche-de-fuites,2026-07-22
www.etienne-services.fr,,,https://www.etienne-services.fr/nord/plombier-ghissignies-59530/debouchage-canalisation,2026-07-22
www.etienne-services.fr,,,https://www.etienne-services.fr/nord/plombier-ghissignies-59530/recherche-de-fuites,2026-07-22
www.etienne-services.fr,,,https://www.etienne-services.fr/nord/plombier-ghyvelde-59254/debouchage-canalisation,2026-07-22
www.etienne-services.fr,,,https://www.etienne-services.fr/nord/plombier-ghyvelde-59254/recherche-de-fuites,2026-07-22
www.etienne-services.fr,,,https://www.etienne-services.fr/nord/plombier-glageon-59132/debouchage-canalisation,2026-07-22
www.etienne-services.fr,,,https://www.etienne-services.fr/nord/plombier-glageon-59132/recherche-de-fuites,2026-07-22
www.etienne-services.fr,,,https://www.etienne-services.fr/nord/plombier-godewaersvelde-59270/debouchage-canalisation,2026-07-22
www.etienne-services.fr,,,https://www.etienne-services.fr/nord/plombier-godewaersvelde-59270/recherche-de-fuites,2026-07-22
www.etienne-services.fr,,,https://www.etienne-services.fr/nord/plombier-goeulzin-59169/debouchage-canalisation,2026-07-22
www.etienne-services.fr,,,https://www.etienne-services.fr/nord/plombier-goeulzin-59169/recherche-de-fuites,2026-07-22
www.etienne-services.fr,,,https://www.etienne-services.fr/nord/plombier-gognies-chaussee-59600/debouchage-canalisation,2026-07-22
www.etienne-services.fr,,,https://www.etienne-services.fr/nord/plombier-gognies-chaussee-59600/recherche-de-fuites,2026-07-22
www.etienne-services.fr,,,https://www.etienne-services.fr/nord/plombier-gommegnies-59144/debouchage-canalisation,2026-07-22
www.etienne-services.fr,,,https://www.etienne-services.fr/nord/plombier-gommegnies-59144/recherche-de-fuites,2026-07-22
www.etienne-services.fr,,,https://www.etienne-services.fr/nord/plombier-gondecourt-59147/debouchage-canalisation,2026-07-22
www.etienne-services.fr,,,https://www.etienne-services.fr/nord/plombier-gondecourt-59147/recherche-de-fuites,2026-07-22
www.etienne-services.fr,,,https://www.etienne-services.fr/nord/plombier-gonnelieu-59231/debouchage-canalisation,2026-07-22
www.etienne-services.fr,,,https://www.etienne-services.fr/nord/plombier-gonnelieu-59231/recherche-de-fuites,2026-07-22
www.etienne-services.fr,,,https://www.etienne-services.fr/nord/plombier-gouzeaucourt-59231/debouchage-canalisation,2026-07-22
www.etienne-services.fr,,,https://www.etienne-services.fr/nord/plombier-gouzeaucourt-59231/recherche-de-fuites,2026-07-22
www.etienne-services.fr,,,https://www.etienne-services.fr/nord/plombier-grand-fayt-59244/debouchage-canalisation,2026-07-22
www.etienne-services.fr,,,https://www.etienne-services.fr/nord/plombier-grand-fayt-59244/recherche-de-fuites,2026-07-22
www.etienne-services.fr,,,https://www.etienne-services.fr/nord/plombier-gruson-59152/debouchage-canalisation,2026-07-22
www.etienne-services.fr,,,https://www.etienne-services.fr/nord/plombier-gruson-59152/recherche-de-fuites,2026-07-22
www.etienne-services.fr,,,https://www.etienne-services.fr/nord/plombier-guesnain-59287/debouchage-canalisation,2026-07-22
www.etienne-services.fr,,,https://www.etienne-services.fr/nord/plombier-guesnain-59287/recherche-de-fuites,2026-07-22
www.etienne-services.fr,,,https://www.etienne-services.fr/nord/plombier-gussignies-59570/debouchage-canalisation,2026-07-22
www.etienne-services.fr,,,https://www.etienne-services.fr/nord/plombier-gussignies-59570/recherche-de-fuites,2026-07-22
www.etienne-services.fr,,,https://www.etienne-services.fr/nord/plombier-hallennes-lez-haubourdin-59320/debouchage-canalisation,2026-07-22
www.etienne-services.fr,,,https://www.etienne-services.fr/nord/plombier-hallennes-lez-haubourdin-59320/recherche-de-fuites,2026-07-22
www.etienne-services.fr,,,https://www.etienne-services.fr/nord/plombier-hamel-59151/debouchage-canalisation,2026-07-22
www.etienne-services.fr,,,https://www.etienne-services.fr/nord/plombier-hamel-59151/recherche-de-fuites,2026-07-22
www.etienne-services.fr,,,https://www.etienne-services.fr/nord/plombier-hantay-59496/debouchage-canalisation,2026-07-22
www.etienne-services.fr,,,https://www.etienne-services.fr/nord/plombier-hantay-59496/recherche-de-fuites,2026-07-22
www.etienne-services.fr,,,https://www.etienne-services.fr/nord/plombier-hardifort-59670/debouchage-canalisation,2026-07-22
www.etienne-services.fr,,,https://www.etienne-services.fr/nord/plombier-hardifort-59670/recherche-de-fuites,2026-07-22
www.etienne-services.fr,,,https://www.etienne-services.fr/nord/plombier-hargnies-59138/debouchage-canalisation,2026-07-22
www.etienne-services.fr,,,https://www.etienne-services.fr/nord/plombier-hargnies-59138/recherche-de-fuites,2026-07-22
www.etienne-services.fr,,,https://www.etienne-services.fr/nord/plombier-hasnon-59178/debouchage-canalisation,2026-07-22
www.etienne-services.fr,,,https://www.etienne-services.fr/nord/plombier-hasnon-59178/recherche-de-fuites,2026-07-22
www.etienne-services.fr,,,https://www.etienne-services.fr/nord/plombier-haspres-59198/debouchage-canalisation,2026-07-22
www.etienne-services.fr,,,https://www.etienne-services.fr/nord/plombier-haspres-59198/recherche-de-fuites,2026-07-22
www.etienne-services.fr,,,https://www.etienne-services.fr/nord/plombier-haucourt-en-cambresis-59191/debouchage-canalisation,2026-07-22
www.etienne-services.fr,,,https://www.etienne-services.fr/nord/plombier-haucourt-en-cambresis-59191/recherche-de-fuites,2026-07-22
www.etienne-services.fr,,,https://www.etienne-services.fr/nord/plombier-haulchin-59121/debouchage-canalisation,2026-07-22
www.etienne-services.fr,,,https://www.etienne-services.fr/nord/plombier-haulchin-59121/recherche-de-fuites,2026-07-22
www.etienne-services.fr,,,https://www.etienne-services.fr/nord/plombier-haussy-59294/debouchage-canalisation,2026-07-22
www.etienne-services.fr,,,https://www.etienne-services.fr/nord/plombier-haussy-59294/recherche-de-fuites,2026-07-22
www.etienne-services.fr,,,https://www.etienne-services.fr/nord/plombier-haut-lieu-59440/debouchage-canalisation,2026-07-22
www.etienne-services.fr,,,https://www.etienne-services.fr/nord/plombier-haut-lieu-59440/recherche-de-fuites,2026-07-22
www.etienne-services.fr,,,https://www.etienne-services.fr/nord/plombier-haveluy-59255/debouchage-canalisation,2026-07-22
www.etienne-services.fr,,,https://www.etienne-services.fr/nord/plombier-haveluy-59255/recherche-de-fuites,2026-07-22
www.etienne-services.fr,,,https://www.etienne-services.fr/nord/plombier-haverskerque-62350/debouchage-canalisation,2026-07-22
www.etienne-services.fr,,,https://www.etienne-services.fr/nord/plombier-haynecourt-59265/debouchage-canalisation,2026-07-22
www.etienne-services.fr,,,https://www.etienne-services.fr/nord/plombier-haynecourt-59265/recherche-de-fuites,2026-07-22
www.etienne-services.fr,,,https://www.etienne-services.fr/nord/plombier-hecq-59530/debouchage-canalisation,2026-07-22
www.etienne-services.fr,,,https://www.etienne-services.fr/nord/plombier-hecq-59530/recherche-de-fuites,2026-07-22
www.etienne-services.fr,,,https://www.etienne-services.fr/nord/plombier-helesmes-59171/debouchage-canalisation,2026-07-22
www.etienne-services.fr,,,https://www.etienne-services.fr/nord/plombier-helesmes-59171/recherche-de-fuites,2026-07-22
www.etienne-services.fr,,,https://www.etienne-services.fr/nord/plombier-hem-lenglet-59247/debouchage-canalisation,2026-07-22
www.etienne-services.fr,,,https://www.etienne-services.fr/nord/plombier-hem-lenglet-59247/recherche-de-fuites,2026-07-22
www.etienne-services.fr,,,https://www.etienne-services.fr/nord/plombier-hergnies-59199/debouchage-canalisation,2026-07-22
www.etienne-services.fr,,,https://www.etienne-services.fr/nord/plombier-hergnies-59199/recherche-de-fuites,2026-07-22
www.etienne-services.fr,,,https://www.etienne-services.fr/nord/plombier-herin-59195/debouchage-canalisation,2026-07-22
www.etienne-services.fr,,,https://www.etienne-services.fr/nord/plombier-herin-59195/recherche-de-fuites,2026-07-22
www.etienne-services.fr,,,https://www.etienne-services.fr/nord/plombier-herlies-59134/debouchage-canalisation,2026-07-22
www.etienne-services.fr,,,https://www.etienne-services.fr/nord/plombier-herlies-59134/recherche-de-fuites,2026-07-22
www.etienne-services.fr,,,https://www.etienne-services.fr/nord/plombier-herrin-59147/debouchage-canalisation,2026-07-22
www.etienne-services.fr,,,https://www.etienne-services.fr/nord/plombier-herrin-59147/recherche-de-fuites,2026-07-22
www.etienne-services.fr,,,https://www.etienne-services.fr/nord/plombier-herzeele-59470/debouchage-canalisation,2026-07-22
www.etienne-services.fr,,,https://www.etienne-services.fr/nord/plombier-herzeele-59470/recherche-de-fuites,2026-07-22
www.etienne-services.fr,,,https://www.etienne-services.fr/nord/plombier-hestrud-59740/debouchage-canalisation,2026-07-22
www.etienne-services.fr,,,https://www.etienne-services.fr/nord/plombier-hestrud-59740/recherche-de-fuites,2026-07-22
www.etienne-services.fr,,,https://www.etienne-services.fr/nord/plombier-holque-59143/debouchage-canalisation,2026-07-22
www.etienne-services.fr,,,https://www.etienne-services.fr/nord/plombier-holque-59143/recherche-de-fuites,2026-07-22
www.etienne-services.fr,,,https://www.etienne-services.fr/nord/plombier-hon-hergies-59570/debouchage-canalisation,2026-07-22
www.etienne-services.fr,,,https://www.etienne-services.fr/nord/plombier-hon-hergies-59570/recherche-de-fuites,2026-07-22
www.etienne-services.fr,,,https://www.etienne-services.fr/nord/plombier-hondeghem-59190/debouchage-canalisation,2026-07-22
www.etienne-services.fr,,,https://www.etienne-services.fr/nord/plombier-hondeghem-59190/recherche-de-fuites,2026-07-22
www.etienne-services.fr,,,https://www.etienne-services.fr/nord/plombier-hondschoote-59122/debouchage-canalisation,2026-07-22
www.etienne-services.fr,,,https://www.etienne-services.fr/nord/plombier-hondschoote-59122/recherche-de-fuites,2026-07-22
www.etienne-services.fr,,,https://www.etienne-services.fr/nord/plombier-honnechy-59980/debouchage-canalisation,2026-07-22
www.etienne-services.fr,,,https://www.etienne-services.fr/nord/plombier-honnechy-59980/recherche-de-fuites,2026-07-22
www.etienne-services.fr,,,https://www.etienne-services.fr/nord/plombier-honnecourt-sur-escaut-59266/debouchage-canalisation,2026-07-22
www.etienne-services.fr,,,https://www.etienne-services.fr/nord/plombier-honnecourt-sur-escaut-59266/recherche-de-fuites,2026-07-22
www.etienne-services.fr,,,https://www.etienne-services.fr/nord/plombier-hordain-59111/debouchage-canalisation,2026-07-22
www.etienne-services.fr,,,https://www.etienne-services.fr/nord/plombier-hordain-59111/recherche-de-fuites,2026-07-22
www.etienne-services.fr,,,https://www.etienne-services.fr/nord/plombier-hornaing-59171/debouchage-canalisation,2026-07-22
www.etienne-services.fr,,,https://www.etienne-services.fr/nord/plombier-hornaing-59171/recherche-de-fuites,2026-07-22
www.etienne-services.fr,,,https://www.etienne-services.fr/nord/plombier-houdain-lez-bavay-59570/debouchage-canalisation,2026-07-22
www.etienne-services.fr,,,https://www.etienne-services.fr/nord/plombier-houdain-lez-bavay-59570/recherche-de-fuites,2026-07-22
www.etienne-services.fr,,,https://www.etienne-services.fr/nord/plombier-houplin-ancoisne-59263/debouchage-canalisation,2026-07-22
www.etienne-services.fr,,,https://www.etienne-services.fr/nord/plombier-houplin-ancoisne-59263/recherche-de-fuites,2026-07-22
www.etienne-services.fr,,,https://www.etienne-services.fr/nord/plombier-houtkerque-59470/debouchage-canalisation,2026-07-22
www.etienne-services.fr,,,https://www.etienne-services.fr/nord/plombier-houtkerque-59470/recherche-de-fuites,2026-07-22
www.etienne-services.fr,,,https://www.etienne-services.fr/nord/plombier-hoymille-59492/debouchage-canalisation,2026-07-22
www.etienne-services.fr,,,https://www.etienne-services.fr/nord/plombier-hoymille-59492/recherche-de-fuites,2026-07-22
www.etienne-services.fr,,,https://www.etienne-services.fr/nord/plombier-illies-59480/debouchage-canalisation,2026-07-22
www.etienne-services.fr,,,https://www.etienne-services.fr/nord/plombier-illies-59480/recherche-de-fuites,2026-07-22
www.etienne-services.fr,,,https://www.etienne-services.fr/nord/plombier-inchy-59540/debouchage-canalisation,2026-07-22
www.etienne-services.fr,,,https://www.etienne-services.fr/nord/plombier-inchy-59540/recherche-de-fuites,2026-07-22
www.etienne-services.fr,,,https://www.etienne-services.fr/nord/plombier-iwuy-59141/debouchage-canalisation,2026-07-22
www.etienne-services.fr,,,https://www.etienne-services.fr/nord/plombier-iwuy-59141/recherche-de-fuites,2026-07-22
www.etienne-services.fr,,,https://www.etienne-services.fr/nord/plombier-jenlain-59144/debouchage-canalisation,2026-07-22
www.etienne-services.fr,,,https://www.etienne-services.fr/nord/plombier-jenlain-59144/recherche-de-fuites,2026-07-22
www.etienne-services.fr,,,https://www.etienne-services.fr/nord/plombier-jolimetz-59530/debouchage-canalisation,2026-07-22
www.etienne-services.fr,,,https://www.etienne-services.fr/nord/plombier-jolimetz-59530/recherche-de-fuites,2026-07-22
www.etienne-services.fr,,,https://www.etienne-services.fr/nord/plombier-killem-59122/debouchage-canalisation,2026-07-22
www.etienne-services.fr,,,https://www.etienne-services.fr/nord/plombier-killem-59122/recherche-de-fuites,2026-07-22
www.etienne-services.fr,,,https://www.etienne-services.fr/nord/plombier-la-flamengrie-59570/debouchage-canalisation,2026-07-22
www.etienne-services.fr,,,https://www.etienne-services.fr/nord/plombier-la-flamengrie-59570/recherche-de-fuites,2026-07-22
www.etienne-services.fr,,,https://www.etienne-services.fr/nord/plombier-la-groise-59360/debouchage-canalisation,2026-07-22
www.etienne-services.fr,,,https://www.etienne-services.fr/nord/plombier-la-groise-59360/recherche-de-fuites,2026-07-22
www.etienne-services.fr,,,https://www.etienne-services.fr/nord/plombier-la-longueville-59570/debouchage-canalisation,2026-07-22
www.etienne-services.fr,,,https://www.etienne-services.fr/nord/plombier-la-longueville-59570/recherche-de-fuites,2026-07-22
www.etienne-services.fr,,,https://www.etienne-services.fr/nord/plombier-la-neuville-59239/debouchage-canalisation,2026-07-22
www.etienne-services.fr,,,https://www.etienne-services.fr/nord/plombier-la-neuville-59239/recherche-de-fuites,2026-07-22
www.etienne-services.fr,,,https://www.etienne-services.fr/nord/plombier-la-sentinelle-59174/debouchage-canalisation,2026-07-22
www.etienne-services.fr,,,https://www.etienne-services.fr/nord/plombier-la-sentinelle-59174/recherche-de-fuites,2026-07-22
www.etienne-services.fr,,,https://www.etienne-services.fr/nord/plombier-landas-59310/debouchage-canalisation,2026-07-22
www.etienne-services.fr,,,https://www.etienne-services.fr/nord/plombier-landas-59310/recherche-de-fuites,2026-07-22
www.etienne-services.fr,,,https://www.etienne-services.fr/nord/plombier-landrecies-59550/debouchage-canalisation,2026-07-22
www.etienne-services.fr,,,https://www.etienne-services.fr/nord/plombier-landrecies-59550/recherche-de-fuites,2026-07-22
www.etienne-services.fr,,,https://www.etienne-services.fr/nord/plombier-lannoy-59390/debouchage-canalisation,2026-07-22
www.etienne-services.fr,,,https://www.etienne-services.fr/nord/plombier-lannoy-59390/recherche-de-fuites,2026-07-22
www.etienne-services.fr,,,https://www.etienne-services.fr/nord/plombier-larouillies-59219/debouchage-canalisation,2026-07-22
www.etienne-services.fr,,,https://www.etienne-services.fr/nord/plombier-larouillies-59219/recherche-de-fuites,2026-07-22
www.etienne-services.fr,,,https://www.etienne-services.fr/nord/plombier-lauwin-planque-59553/debouchage-canalisation,2026-07-22
www.etienne-services.fr,,,https://www.etienne-services.fr/nord/plombier-lauwin-planque-59553/recherche-de-fuites,2026-07-22
www.etienne-services.fr,,,https://www.etienne-services.fr/nord/plombier-le-doulieu-59940/debouchage-canalisation,2026-07-22
www.etienne-services.fr,,,https://www.etienne-services.fr/nord/plombier-le-doulieu-59940/recherche-de-fuites,2026-07-22
www.etienne-services.fr,,,https://www.etienne-services.fr/nord/plombier-le-favril-59550/debouchage-canalisation,2026-07-22
www.etienne-services.fr,,,https://www.etienne-services.fr/nord/plombier-le-favril-59550/recherche-de-fuites,2026-07-22
www.etienne-services.fr,,,https://www.etienne-services.fr/nord/plombier-le-maisnil-59134/debouchage-canalisation,2026-07-22
www.etienne-services.fr,,,https://www.etienne-services.fr/nord/plombier-le-maisnil-59134/recherche-de-fuites,2026-07-22
www.etienne-services.fr,,,https://www.etienne-services.fr/nord/plombier-le-quesnoy-59530/debouchage-canalisation,2026-07-22
www.etienne-services.fr,,,https://www.etienne-services.fr/nord/plombier-le-quesnoy-59530/recherche-de-fuites,2026-07-22
www.etienne-services.fr,,,https://www.etienne-services.fr/nord/plombier-lecelles-59226/debouchage-canalisation,2026-07-22
www.etienne-services.fr,,,https://www.etienne-services.fr/nord/plombier-lecelles-59226/recherche-de-fuites,2026-07-22
www.etienne-services.fr,,,https://www.etienne-services.fr/nord/plombier-lecluse-59259/debouchage-canalisation,2026-07-22
www.etienne-services.fr,,,https://www.etienne-services.fr/nord/plombier-lecluse-59259/recherche-de-fuites,2026-07-22
www.etienne-services.fr,,,https://www.etienne-services.fr/nord/plombier-lederzeele-59143/debouchage-canalisation,2026-07-22
www.etienne-services.fr,,,https://www.etienne-services.fr/nord/plombier-lederzeele-59143/recherche-de-fuites,2026-07-22
www.etienne-services.fr,,,https://www.etienne-services.fr/nord/plombier-ledringhem-59470/debouchage-canalisation,2026-07-22
www.etienne-services.fr,,,https://www.etienne-services.fr/nord/plombier-ledringhem-59470/recherche-de-fuites,2026-07-22
www.etienne-services.fr,,,https://www.etienne-services.fr/nord/plombier-leffrinckoucke-59495/debouchage-canalisation,2026-07-22
www.etienne-services.fr,,,https://www.etienne-services.fr/nord/plombier-leffrinckoucke-59495/recherche-de-fuites,2026-07-22
www.etienne-services.fr,,,https://www.etienne-services.fr/nord/plombier-les-moeres-59122/debouchage-canalisation,2026-07-22
www.etienne-services.fr,,,https://www.etienne-services.fr/nord/plombier-les-moeres-59122/recherche-de-fuites,2026-07-22
www.etienne-services.fr,,,https://www.etienne-services.fr/nord/plombier-les-rues-des-vignes-59258/debouchage-canalisation,2026-07-22
www.etienne-services.fr,,,https://www.etienne-services.fr/nord/plombier-les-rues-des-vignes-59258/recherche-de-fuites,2026-07-22
www.etienne-services.fr,,,https://www.etienne-services.fr/nord/plombier-lesdain-59258/debouchage-canalisation,2026-07-22
www.etienne-services.fr,,,https://www.etienne-services.fr/nord/plombier-lesdain-59258/recherche-de-fuites,2026-07-22
www.etienne-services.fr,,,https://www.etienne-services.fr/nord/plombier-leval-59620/debouchage-canalisation,2026-07-22
www.etienne-services.fr,,,https://www.etienne-services.fr/nord/plombier-leval-59620/recherche-de-fuites,2026-07-22
www.etienne-services.fr,,,https://www.etienne-services.fr/nord/plombier-lewarde-59287/debouchage-canalisation,2026-07-22
www.etienne-services.fr,,,https://www.etienne-services.fr/nord/plombier-lewarde-59287/recherche-de-fuites,2026-07-22
www.etienne-services.fr,,,https://www.etienne-services.fr/nord/plombier-lez-fontaine-59740/debouchage-canalisation,2026-07-22
www.etienne-services.fr,,,https://www.etienne-services.fr/nord/plombier-lez-fontaine-59740/recherche-de-fuites,2026-07-22
www.etienne-services.fr,,,https://www.etienne-services.fr/nord/plombier-lezennes-59260/debouchage-canalisation,2026-07-22
www.etienne-services.fr,,,https://www.etienne-services.fr/nord/plombier-lezennes-59260/recherche-de-fuites,2026-07-22
www.etienne-services.fr,,,https://www.etienne-services.fr/nord/plombier-liessies-59740/debouchage-canalisation,2026-07-22
www.etienne-services.fr,,,https://www.etienne-services.fr/nord/plombier-liessies-59740/recherche-de-fuites,2026-07-22
www.etienne-services.fr,,,https://www.etienne-services.fr/nord/plombier-lieu-saint-amand-59111/debouchage-canalisation,2026-07-22
www.etienne-services.fr,,,https://www.etienne-services.fr/nord/plombier-lieu-saint-amand-59111/recherche-de-fuites,2026-07-22
www.etienne-services.fr,,,https://www.etienne-services.fr/nord/plombier-ligny-en-cambresis-59191/debouchage-canalisation,2026-07-22
www.etienne-services.fr,,,https://www.etienne-services.fr/nord/plombier-ligny-en-cambresis-59191/recherche-de-fuites,2026-07-22
www.etienne-services.fr,,,https://www.etienne-services.fr/nord/plombier-limont-fontaine-59330/debouchage-canalisation,2026-07-22
www.etienne-services.fr,,,https://www.etienne-services.fr/nord/plombier-limont-fontaine-59330/recherche-de-fuites,2026-07-22
www.etienne-services.fr,,,https://www.etienne-services.fr/nord/plombier-locquignol-59530/debouchage-canalisation,2026-07-22
www.etienne-services.fr,,,https://www.etienne-services.fr/nord/plombier-locquignol-59530/recherche-de-fuites,2026-07-22
www.etienne-services.fr,,,https://www.etienne-services.fr/nord/plombier-loffre-59182/debouchage-canalisation,2026-07-22
www.etienne-services.fr,,,https://www.etienne-services.fr/nord/plombier-loffre-59182/recherche-de-fuites,2026-07-22
www.etienne-services.fr,,,https://www.etienne-services.fr/nord/plombier-lompret-59840/debouchage-canalisation,2026-07-22
www.etienne-services.fr,,,https://www.etienne-services.fr/nord/plombier-lompret-59840/recherche-de-fuites,2026-07-22
www.etienne-services.fr,,,https://www.etienne-services.fr/nord/plombier-looberghe-59630/debouchage-canalisation,2026-07-22
www.etienne-services.fr,,,https://www.etienne-services.fr/nord/plombier-looberghe-59630/recherche-de-fuites,2026-07-22
www.etienne-services.fr,,,https://www.etienne-services.fr/nord/plombier-lourches-59156/debouchage-canalisation,2026-07-22
www.etienne-services.fr,,,https://www.etienne-services.fr/nord/plombier-lourches-59156/recherche-de-fuites,2026-07-22
www.etienne-services.fr,,,https://www.etienne-services.fr/nord/plombier-louvignies-quesnoy-59530/debouchage-canalisation,2026-07-22
www.etienne-services.fr,,,https://www.etienne-services.fr/nord/plombier-louvignies-quesnoy-59530/recherche-de-fuites,2026-07-22
www.etienne-services.fr,,,https://www.etienne-services.fr/nord/plombier-louvil-59830/debouchage-canalisation,2026-07-22
www.etienne-services.fr,,,https://www.etienne-services.fr/nord/plombier-louvil-59830/recherche-de-fuites,2026-07-22
www.etienne-services.fr,,,https://www.etienne-services.fr/nord/plombier-lynde-59173/debouchage-canalisation,2026-07-22
www.etienne-services.fr,,,https://www.etienne-services.fr/nord/plombier-lynde-59173/recherche-de-fuites,2026-07-22
www.etienne-services.fr,,,https://www.etienne-services.fr/nord/plombier-maing-59233/debouchage-canalisation,2026-07-22
www.etienne-services.fr,,,https://www.etienne-services.fr/nord/plombier-maing-59233/recherche-de-fuites,2026-07-22
www.etienne-services.fr,,,https://www.etienne-services.fr/nord/plombier-mairieux-59600/debouchage-canalisation,2026-07-22
www.etienne-services.fr,,,https://www.etienne-services.fr/nord/plombier-mairieux-59600/recherche-de-fuites,2026-07-22
www.etienne-services.fr,,,https://www.etienne-services.fr/nord/plombier-malincourt-59127/debouchage-canalisation,2026-07-22
www.etienne-services.fr,,,https://www.etienne-services.fr/nord/plombier-malincourt-59127/recherche-de-fuites,2026-07-22
www.etienne-services.fr,,,https://www.etienne-services.fr/nord/plombier-marbaix-59440/debouchage-canalisation,2026-07-22
www.etienne-services.fr,,,https://www.etienne-services.fr/nord/plombier-marbaix-59440/recherche-de-fuites,2026-07-22
www.etienne-services.fr,,,https://www.etienne-services.fr/nord/plombier-marchiennes-59870/debouchage-canalisation,2026-07-22
www.etienne-services.fr,,,https://www.etienne-services.fr/nord/plombier-marchiennes-59870/recherche-de-fuites,2026-07-22
www.etienne-services.fr,,,https://www.etienne-services.fr/nord/plombier-marcoing-59159/debouchage-canalisation,2026-07-22
www.etienne-services.fr,,,https://www.etienne-services.fr/nord/plombier-marcoing-59159/recherche-de-fuites,2026-07-22
www.etienne-services.fr,,,https://www.etienne-services.fr/nord/plombier-marcq-en-ostrevent-59252/debouchage-canalisation,2026-07-22
www.etienne-services.fr,,,https://www.etienne-services.fr/nord/plombier-marcq-en-ostrevent-59252/recherche-de-fuites,2026-07-22
www.etienne-services.fr,,,https://www.etienne-services.fr/nord/plombier-maresches-59990/debouchage-canalisation,2026-07-22
www.etienne-services.fr,,,https://www.etienne-services.fr/nord/plombier-maresches-59990/recherche-de-fuites,2026-07-22
www.etienne-services.fr,,,https://www.etienne-services.fr/nord/plombier-maretz-59238/debouchage-canalisation,2026-07-22
www.etienne-services.fr,,,https://www.etienne-services.fr/nord/plombier-maretz-59238/recherche-de-fuites,2026-07-22
www.etienne-services.fr,,,https://www.etienne-services.fr/nord/plombier-maroilles-59550/debouchage-canalisation,2026-07-22
www.etienne-services.fr,,,https://www.etienne-services.fr/nord/plombier-maroilles-59550/recherche-de-fuites,2026-07-22
www.etienne-services.fr,,,https://www.etienne-services.fr/nord/plombier-marpent-59164/debouchage-canalisation,2026-07-22
www.etienne-services.fr,,,https://www.etienne-services.fr/nord/plombier-marpent-59164/recherche-de-fuites,2026-07-22
www.etienne-services.fr,,,https://www.etienne-services.fr/nord/plombier-marquette-en-ostrevant-59252/debouchage-canalisation,2026-07-22
www.etienne-services.fr,,,https://www.etienne-services.fr/nord/plombier-marquette-en-ostrevant-59252/recherche-de-fuites,2026-07-22
www.etienne-services.fr,,,https://www.etienne-services.fr/nord/plombier-marquillies-59274/debouchage-canalisation,2026-07-22
www.etienne-services.fr,,,https://www.etienne-services.fr/nord/plombier-marquillies-59274/recherche-de-fuites,2026-07-22
www.etienne-services.fr,,,https://www.etienne-services.fr/nord/plombier-masnieres-59241/debouchage-canalisation,2026-07-22
www.etienne-services.fr,,,https://www.etienne-services.fr/nord/plombier-masnieres-59241/recherche-de-fuites,2026-07-22
www.etienne-services.fr,,,https://www.etienne-services.fr/nord/plombier-masny-59176/debouchage-canalisation,2026-07-22
www.etienne-services.fr,,,https://www.etienne-services.fr/nord/plombier-masny-59176/recherche-de-fuites,2026-07-22
www.etienne-services.fr,,,https://www.etienne-services.fr/nord/plombier-mastaing-59172/debouchage-canalisation,2026-07-22
www.etienne-services.fr,,,https://www.etienne-services.fr/nord/plombier-mastaing-59172/recherche-de-fuites,2026-07-22
www.etienne-services.fr,,,https://www.etienne-services.fr/nord/plombier-maulde-59158/debouchage-canalisation,2026-07-22
www.etienne-services.fr,,,https://www.etienne-services.fr/nord/plombier-maulde-59158/recherche-de-fuites,2026-07-22
www.etienne-services.fr,,,https://www.etienne-services.fr/nord/plombier-maurois-59980/debouchage-canalisation,2026-07-22
www.etienne-services.fr,,,https://www.etienne-services.fr/nord/plombier-maurois-59980/recherche-de-fuites,2026-07-22
www.etienne-services.fr,,,https://www.etienne-services.fr/nord/plombier-mazinghien-59360/debouchage-canalisation,2026-07-22
www.etienne-services.fr,,,https://www.etienne-services.fr/nord/plombier-mazinghien-59360/recherche-de-fuites,2026-07-22
www.etienne-services.fr,,,https://www.etienne-services.fr/nord/plombier-mecquignies-59570/debouchage-canalisation,2026-07-22
www.etienne-services.fr,,,https://www.etienne-services.fr/nord/plombier-mecquignies-59570/recherche-de-fuites,2026-07-22
www.etienne-services.fr,,,https://www.etienne-services.fr/nord/plombier-merckeghem-59470/debouchage-canalisation,2026-07-22
www.etienne-services.fr,,,https://www.etienne-services.fr/nord/plombier-merckeghem-59470/recherche-de-fuites,2026-07-22
www.etienne-services.fr,,,https://www.etienne-services.fr/nord/plombier-merignies-59710/debouchage-canalisation,2026-07-22
www.etienne-services.fr,,,https://www.etienne-services.fr/nord/plombier-merignies-59710/recherche-de-fuites,2026-07-22
www.etienne-services.fr,,,https://www.etienne-services.fr/nord/plombier-merris-59270/debouchage-canalisation,2026-07-22
www.etienne-services.fr,,,https://www.etienne-services.fr/nord/plombier-merris-59270/recherche-de-fuites,2026-07-22
www.etienne-services.fr,,,https://www.etienne-services.fr/nord/plombier-meteren-59270/debouchage-canalisation,2026-07-22
www.etienne-services.fr,,,https://www.etienne-services.fr/nord/plombier-meteren-59270/recherche-de-fuites,2026-07-22
www.etienne-services.fr,,,https://www.etienne-services.fr/nord/plombier-millam-59143/debouchage-canalisation,2026-07-22
www.etienne-services.fr,,,https://www.etienne-services.fr/nord/plombier-millam-59143/recherche-de-fuites,2026-07-22
www.etienne-services.fr,,,https://www.etienne-services.fr/nord/plombier-millonfosse-59178/debouchage-canalisation,2026-07-22
www.etienne-services.fr,,,https://www.etienne-services.fr/nord/plombier-millonfosse-59178/recherche-de-fuites,2026-07-22
www.etienne-services.fr,,,https://www.etienne-services.fr/nord/plombier-moeuvres-62147/debouchage-canalisation,2026-07-22
www.etienne-services.fr,,,https://www.etienne-services.fr/nord/plombier-monceau-saint-waast-59620/debouchage-canalisation,2026-07-22
www.etienne-services.fr,,,https://www.etienne-services.fr/nord/plombier-monceau-saint-waast-59620/recherche-de-fuites,2026-07-22
www.etienne-services.fr,,,https://www.etienne-services.fr/nord/plombier-monchaux-sur-ecaillon-59224/debouchage-canalisation,2026-07-22
www.etienne-services.fr,,,https://www.etienne-services.fr/nord/plombier-monchaux-sur-ecaillon-59224/recherche-de-fuites,2026-07-22
www.etienne-services.fr,,,https://www.etienne-services.fr/nord/plombier-moncheaux-59283/debouchage-canalisation,2026-07-22
www.etienne-services.fr,,,https://www.etienne-services.fr/nord/plombier-moncheaux-59283/recherche-de-fuites,2026-07-22
www.etienne-services.fr,,,https://www.etienne-services.fr/nord/plombier-monchecourt-59234/debouchage-canalisation,2026-07-22
www.etienne-services.fr,,,https://www.etienne-services.fr/nord/plombier-monchecourt-59234/recherche-de-fuites,2026-07-22
www.etienne-services.fr,,,https://www.etienne-services.fr/nord/plombier-mons-en-pevele-59246/debouchage-canalisation,2026-07-22
www.etienne-services.fr,,,https://www.etienne-services.fr/nord/plombier-mons-en-pevele-59246/recherche-de-fuites,2026-07-22
www.etienne-services.fr,,,https://www.etienne-services.fr/nord/plombier-montay-59360/debouchage-canalisation,2026-07-22
www.etienne-services.fr,,,https://www.etienne-services.fr/nord/plombier-montay-59360/recherche-de-fuites,2026-07-22
www.etienne-services.fr,,,https://www.etienne-services.fr/nord/plombier-montigny-en-cambresis-59225/debouchage-canalisation,2026-07-22
www.etienne-services.fr,,,https://www.etienne-services.fr/nord/plombier-montigny-en-cambresis-59225/recherche-de-fuites,2026-07-22
www.etienne-services.fr,,,https://www.etienne-services.fr/nord/plombier-montigny-en-ostrevent-59182/debouchage-canalisation,2026-07-22
www.etienne-services.fr,,,https://www.etienne-services.fr/nord/plombier-montigny-en-ostrevent-59182/recherche-de-fuites,2026-07-22
www.etienne-services.fr,,,https://www.etienne-services.fr/nord/plombier-montrecourt-59227/debouchage-canalisation,2026-07-22
www.etienne-services.fr,,,https://www.etienne-services.fr/nord/plombier-montrecourt-59227/recherche-de-fuites,2026-07-22
www.etienne-services.fr,,,https://www.etienne-services.fr/nord/plombier-morbecque-59190/debouchage-canalisation,2026-07-22
www.etienne-services.fr,,,https://www.etienne-services.fr/nord/plombier-morbecque-59190/recherche-de-fuites,2026-07-22
www.etienne-services.fr,,,https://www.etienne-services.fr/nord/plombier-mortagne-du-nord-59158/debouchage-canalisation,2026-07-22
www.etienne-services.fr,,,https://www.etienne-services.fr/nord/plombier-mortagne-du-nord-59158/recherche-de-fuites,2026-07-22
www.etienne-services.fr,,,https://www.etienne-services.fr/nord/plombier-mouchin-59310/debouchage-canalisation,2026-07-22
www.etienne-services.fr,,,https://www.etienne-services.fr/nord/plombier-mouchin-59310/recherche-de-fuites,2026-07-22
www.etienne-services.fr,,,https://www.etienne-services.fr/nord/plombier-moustier-en-fagne-59132/debouchage-canalisation,2026-07-22
www.etienne-services.fr,,,https://www.etienne-services.fr/nord/plombier-moustier-en-fagne-59132/recherche-de-fuites,2026-07-22
www.etienne-services.fr,,,https://www.etienne-services.fr/nord/plombier-naves-59161/debouchage-canalisation,2026-07-22
www.etienne-services.fr,,,https://www.etienne-services.fr/nord/plombier-naves-59161/recherche-de-fuites,2026-07-22
www.etienne-services.fr,,,https://www.etienne-services.fr/nord/plombier-neuf-berquin-59940/debouchage-canalisation,2026-07-22
www.etienne-services.fr,,,https://www.etienne-services.fr/nord/plombier-neuf-berquin-59940/recherche-de-fuites,2026-07-22
www.etienne-services.fr,,,https://www.etienne-services.fr/nord/plombier-neuf-mesnil-59330/debouchage-canalisation,2026-07-22
www.etienne-services.fr,,,https://www.etienne-services.fr/nord/plombier-neuf-mesnil-59330/recherche-de-fuites,2026-07-22
www.etienne-services.fr,,,https://www.etienne-services.fr/nord/plombier-neuville-en-avesnois-59218/debouchage-canalisation,2026-07-22
www.etienne-services.fr,,,https://www.etienne-services.fr/nord/plombier-neuville-en-avesnois-59218/recherche-de-fuites,2026-07-22
www.etienne-services.fr,,,https://www.etienne-services.fr/nord/plombier-neuville-saint-remy-59554/debouchage-canalisation,2026-07-22
www.etienne-services.fr,,,https://www.etienne-services.fr/nord/plombier-neuville-saint-remy-59554/recherche-de-fuites,2026-07-22
www.etienne-services.fr,,,https://www.etienne-services.fr/nord/plombier-neuville-sur-escaut-59293/debouchage-canalisation,2026-07-22
www.etienne-services.fr,,,https://www.etienne-services.fr/nord/plombier-neuville-sur-escaut-59293/recherche-de-fuites,2026-07-22
www.etienne-services.fr,,,https://www.etienne-services.fr/nord/plombier-neuvilly-59360/debouchage-canalisation,2026-07-22
www.etienne-services.fr,,,https://www.etienne-services.fr/nord/plombier-neuvilly-59360/recherche-de-fuites,2026-07-22
www.etienne-services.fr,,,https://www.etienne-services.fr/nord/plombier-niergnies-59400/debouchage-canalisation,2026-07-22
www.etienne-services.fr,,,https://www.etienne-services.fr/nord/plombier-niergnies-59400/recherche-de-fuites,2026-07-22
www.etienne-services.fr,,,https://www.etienne-services.fr/nord/plombier-nieurlet-59143/debouchage-canalisation,2026-07-22
www.etienne-services.fr,,,https://www.etienne-services.fr/nord/plombier-nieurlet-59143/recherche-de-fuites,2026-07-22
www.etienne-services.fr,,,https://www.etienne-services.fr/nord/plombier-nivelle-59230/debouchage-canalisation,2026-07-22
www.etienne-services.fr,,,https://www.etienne-services.fr/nord/plombier-nivelle-59230/recherche-de-fuites,2026-07-22
www.etienne-services.fr,,,https://www.etienne-services.fr/nord/plombier-nomain-59310/debouchage-canalisation,2026-07-22
www.etienne-services.fr,,,https://www.etienne-services.fr/nord/plombier-nomain-59310/recherche-de-fuites,2026-07-22
www.etienne-services.fr,,,https://www.etienne-services.fr/nord/plombier-noordpeene-59670/debouchage-canalisation,2026-07-22
www.etienne-services.fr,,,https://www.etienne-services.fr/nord/plombier-noordpeene-59670/recherche-de-fuites,2026-07-22
www.etienne-services.fr,,,https://www.etienne-services.fr/nord/plombier-noyelles-les-seclin-59139/debouchage-canalisation,2026-07-22
www.etienne-services.fr,,,https://www.etienne-services.fr/nord/plombier-noyelles-les-seclin-59139/recherche-de-fuites,2026-07-22
www.etienne-services.fr,,,https://www.etienne-services.fr/nord/plombier-noyelles-sur-escaut-59159/debouchage-canalisation,2026-07-22
www.etienne-services.fr,,,https://www.etienne-services.fr/nord/plombier-noyelles-sur-escaut-59159/recherche-de-fuites,2026-07-22
www.etienne-services.fr,,,https://www.etienne-services.fr/nord/plombier-noyelles-sur-sambre-59550/debouchage-canalisation,2026-07-22
www.etienne-services.fr,,,https://www.etienne-services.fr/nord/plombier-noyelles-sur-sambre-59550/recherche-de-fuites,2026-07-22
www.etienne-services.fr,,,https://www.etienne-services.fr/nord/plombier-noyelles-sur-selle-59282/debouchage-canalisation,2026-07-22
www.etienne-services.fr,,,https://www.etienne-services.fr/nord/plombier-noyelles-sur-selle-59282/recherche-de-fuites,2026-07-22
www.etienne-services.fr,,,https://www.etienne-services.fr/nord/plombier-obies-59570/debouchage-canalisation,2026-07-22
www.etienne-services.fr,,,https://www.etienne-services.fr/nord/plombier-obies-59570/recherche-de-fuites,2026-07-22
www.etienne-services.fr,,,https://www.etienne-services.fr/nord/plombier-obrechies-59680/debouchage-canalisation,2026-07-22
www.etienne-services.fr,,,https://www.etienne-services.fr/nord/plombier-obrechies-59680/recherche-de-fuites,2026-07-22
www.etienne-services.fr,,,https://www.etienne-services.fr/nord/plombier-ochtezeele-59670/debouchage-canalisation,2026-07-22
www.etienne-services.fr,,,https://www.etienne-services.fr/nord/plombier-ochtezeele-59670/recherche-de-fuites,2026-07-22
www.etienne-services.fr,,,https://www.etienne-services.fr/nord/plombier-odomez-59970/debouchage-canalisation,2026-07-22
www.etienne-services.fr,,,https://www.etienne-services.fr/nord/plombier-odomez-59970/recherche-de-fuites,2026-07-22
www.etienne-services.fr,,,https://www.etienne-services.fr/nord/plombier-ohain-59132/debouchage-canalisation,2026-07-22
www.etienne-services.fr,,,https://www.etienne-services.fr/nord/plombier-ohain-59132/recherche-de-fuites,2026-07-22
www.etienne-services.fr,,,https://www.etienne-services.fr/nord/plombier-oisy-59195/debouchage-canalisation,2026-07-22
www.etienne-services.fr,,,https://www.etienne-services.fr/nord/plombier-oisy-59195/recherche-de-fuites,2026-07-22
www.etienne-services.fr,,,https://www.etienne-services.fr/nord/plombier-oost-cappel-59122/debouchage-canalisation,2026-07-22
www.etienne-services.fr,,,https://www.etienne-services.fr/nord/plombier-oost-cappel-59122/recherche-de-fuites,2026-07-22
www.etienne-services.fr,,,https://www.etienne-services.fr/nord/plombier-ors-59360/debouchage-canalisation,2026-07-22
www.etienne-services.fr,,,https://www.etienne-services.fr/nord/plombier-ors-59360/recherche-de-fuites,2026-07-22
www.etienne-services.fr,,,https://www.etienne-services.fr/nord/plombier-orsinval-59530/debouchage-canalisation,2026-07-22
www.etienne-services.fr,,,https://www.etienne-services.fr/nord/plombier-orsinval-59530/recherche-de-fuites,2026-07-22
www.etienne-services.fr,,,https://www.etienne-services.fr/nord/plombier-oudezeele-59670/debouchage-canalisation,2026-07-22
www.etienne-services.fr,,,https://www.etienne-services.fr/nord/plombier-oudezeele-59670/recherche-de-fuites,2026-07-22
www.etienne-services.fr,,,https://www.etienne-services.fr/nord/plombier-oxelaere-59670/debouchage-canalisation,2026-07-22
www.etienne-services.fr,,,https://www.etienne-services.fr/nord/plombier-oxelaere-59670/recherche-de-fuites,2026-07-22
www.etienne-services.fr,,,https://www.etienne-services.fr/nord/plombier-paillencourt-59295/debouchage-canalisation,2026-07-22
www.etienne-services.fr,,,https://www.etienne-services.fr/nord/plombier-paillencourt-59295/recherche-de-fuites,2026-07-22
www.etienne-services.fr,,,https://www.etienne-services.fr/nord/plombier-peronne-en-melantois-59273/debouchage-canalisation,2026-07-22
www.etienne-services.fr,,,https://www.etienne-services.fr/nord/plombier-peronne-en-melantois-59273/recherche-de-fuites,2026-07-22
www.etienne-services.fr,,,https://www.etienne-services.fr/nord/plombier-petit-fayt-59244/debouchage-canalisation,2026-07-22
www.etienne-services.fr,,,https://www.etienne-services.fr/nord/plombier-petit-fayt-59244/recherche-de-fuites,2026-07-22
www.etienne-services.fr,,,https://www.etienne-services.fr/nord/plombier-petite-foret-59494/debouchage-canalisation,2026-07-22
www.etienne-services.fr,,,https://www.etienne-services.fr/nord/plombier-petite-foret-59494/recherche-de-fuites,2026-07-22
www.etienne-services.fr,,,https://www.etienne-services.fr/nord/plombier-phalempin-59133/debouchage-canalisation,2026-07-22
www.etienne-services.fr,,,https://www.etienne-services.fr/nord/plombier-phalempin-59133/recherche-de-fuites,2026-07-22
www.etienne-services.fr,,,https://www.etienne-services.fr/nord/plombier-pitgam-59284/debouchage-canalisation,2026-07-22
www.etienne-services.fr,,,https://www.etienne-services.fr/nord/plombier-pitgam-59284/recherche-de-fuites,2026-07-22
www.etienne-services.fr,,,https://www.etienne-services.fr/nord/plombier-poix-du-nord-59218/debouchage-canalisation,2026-07-22
www.etienne-services.fr,,,https://www.etienne-services.fr/nord/plombier-poix-du-nord-59218/recherche-de-fuites,2026-07-22
www.etienne-services.fr,,,https://www.etienne-services.fr/nord/plombier-pommereuil-59360/debouchage-canalisation,2026-07-22
www.etienne-services.fr,,,https://www.etienne-services.fr/nord/plombier-pommereuil-59360/recherche-de-fuites,2026-07-22
www.etienne-services.fr,,,https://www.etienne-services.fr/nord/plombier-pont-a-marcq-59710/debouchage-canalisation,2026-07-22
www.etienne-services.fr,,,https://www.etienne-services.fr/nord/plombier-pont-a-marcq-59710/recherche-de-fuites,2026-07-22
www.etienne-services.fr,,,https://www.etienne-services.fr/nord/plombier-pont-sur-sambre-59138/recherche-de-fuites,2026-07-22
www.etienne-services.fr,,,https://www.etienne-services.fr/nord/plombier-potelle-59530/debouchage-canalisation,2026-07-22
www.etienne-services.fr,,,https://www.etienne-services.fr/nord/plombier-potelle-59530/recherche-de-fuites,2026-07-22
www.etienne-services.fr,,,https://www.etienne-services.fr/nord/plombier-pradelles-59190/debouchage-canalisation,2026-07-22
www.etienne-services.fr,,,https://www.etienne-services.fr/nord/plombier-pradelles-59190/recherche-de-fuites,2026-07-22
www.etienne-services.fr,,,https://www.etienne-services.fr/nord/plombier-premesques-59840/debouchage-canalisation,2026-07-22
www.etienne-services.fr,,,https://www.etienne-services.fr/nord/plombier-premesques-59840/recherche-de-fuites,2026-07-22
www.etienne-services.fr,,,https://www.etienne-services.fr/nord/plombier-preseau-59990/debouchage-canalisation,2026-07-22
www.etienne-services.fr,,,https://www.etienne-services.fr/nord/plombier-preseau-59990/recherche-de-fuites,2026-07-22
www.etienne-services.fr,,,https://www.etienne-services.fr/nord/plombier-preux-au-bois-59288/debouchage-canalisation,2026-07-22
www.etienne-services.fr,,,https://www.etienne-services.fr/nord/plombier-preux-au-bois-59288/recherche-de-fuites,2026-07-22
www.etienne-services.fr,,,https://www.etienne-services.fr/nord/plombier-preux-au-sart-59144/debouchage-canalisation,2026-07-22
www.etienne-services.fr,,,https://www.etienne-services.fr/nord/plombier-preux-au-sart-59144/recherche-de-fuites,2026-07-22
www.etienne-services.fr,,,https://www.etienne-services.fr/nord/plombier-prisches-59550/debouchage-canalisation,2026-07-22
www.etienne-services.fr,,,https://www.etienne-services.fr/nord/plombier-prisches-59550/recherche-de-fuites,2026-07-22
www.etienne-services.fr,,,https://www.etienne-services.fr/nord/plombier-prouvy-59121/debouchage-canalisation,2026-07-22
www.etienne-services.fr,,,https://www.etienne-services.fr/nord/plombier-prouvy-59121/recherche-de-fuites,2026-07-22
www.etienne-services.fr,,,https://www.etienne-services.fr/nord/plombier-proville-59267/debouchage-canalisation,2026-07-22
www.etienne-services.fr,,,https://www.etienne-services.fr/nord/plombier-proville-59267/recherche-de-fuites,2026-07-22
www.etienne-services.fr,,,https://www.etienne-services.fr/nord/plombier-provin-59185/debouchage-canalisation,2026-07-22
www.etienne-services.fr,,,https://www.etienne-services.fr/nord/plombier-provin-59185/recherche-de-fuites,2026-07-22
www.etienne-services.fr,,,https://www.etienne-services.fr/nord/plombier-quaedypre-59380/debouchage-canalisation,2026-07-22
www.etienne-services.fr,,,https://www.etienne-services.fr/nord/plombier-quaedypre-59380/recherche-de-fuites,2026-07-22
www.etienne-services.fr,,,https://www.etienne-services.fr/nord/plombier-quarouble-59243/debouchage-canalisation,2026-07-22
www.etienne-services.fr,,,https://www.etienne-services.fr/nord/plombier-quarouble-59243/recherche-de-fuites,2026-07-22
www.etienne-services.fr,,,https://www.etienne-services.fr/nord/plombier-querenaing-59269/debouchage-canalisation,2026-07-22
www.etienne-services.fr,,,https://www.etienne-services.fr/nord/plombier-querenaing-59269/recherche-de-fuites,2026-07-22
www.etienne-services.fr,,,https://www.etienne-services.fr/nord/plombier-quievelon-59680/debouchage-canalisation,2026-07-22
www.etienne-services.fr,,,https://www.etienne-services.fr/nord/plombier-quievelon-59680/recherche-de-fuites,2026-07-22
www.etienne-services.fr,,,https://www.etienne-services.fr/nord/plombier-quievy-59214/debouchage-canalisation,2026-07-22
www.etienne-services.fr,,,https://www.etienne-services.fr/nord/plombier-quievy-59214/recherche-de-fuites,2026-07-22
www.etienne-services.fr,,,https://www.etienne-services.fr/nord/plombier-raches-59194/debouchage-canalisation,2026-07-22
www.etienne-services.fr,,,https://www.etienne-services.fr/nord/plombier-raches-59194/recherche-de-fuites,2026-07-22
www.etienne-services.fr,,,https://www.etienne-services.fr/nord/plombier-radinghem-en-weppes-59320/debouchage-canalisation,2026-07-22
www.etienne-services.fr,,,https://www.etienne-services.fr/nord/plombier-radinghem-en-weppes-59320/recherche-de-fuites,2026-07-22
www.etienne-services.fr,,,https://www.etienne-services.fr/nord/plombier-raillencourt-sainte-olle-59554/debouchage-canalisation,2026-07-22
www.etienne-services.fr,,,https://www.etienne-services.fr/nord/plombier-raillencourt-sainte-olle-59554/recherche-de-fuites,2026-07-22
www.etienne-services.fr,,,https://www.etienne-services.fr/nord/plombier-raimbeaucourt-59283/debouchage-canalisation,2026-07-22
www.etienne-services.fr,,,https://www.etienne-services.fr/nord/plombier-raimbeaucourt-59283/recherche-de-fuites,2026-07-22
www.etienne-services.fr,,,https://www.etienne-services.fr/nord/plombier-rainsars-59177/debouchage-canalisation,2026-07-22
www.etienne-services.fr,,,https://www.etienne-services.fr/nord/plombier-rainsars-59177/recherche-de-fuites,2026-07-22
www.etienne-services.fr,,,https://www.etienne-services.fr/nord/plombier-ramillies-59161/debouchage-canalisation,2026-07-22
www.etienne-services.fr,,,https://www.etienne-services.fr/nord/plombier-ramillies-59161/recherche-de-fuites,2026-07-22
www.etienne-services.fr,,,https://www.etienne-services.fr/nord/plombier-ramousies-59177/debouchage-canalisation,2026-07-22
www.etienne-services.fr,,,https://www.etienne-services.fr/nord/plombier-ramousies-59177/recherche-de-fuites,2026-07-22
www.etienne-services.fr,,,https://www.etienne-services.fr/nord/plombier-raucourt-au-bois-59530/debouchage-canalisation,2026-07-22
www.etienne-services.fr,,,https://www.etienne-services.fr/nord/plombier-raucourt-au-bois-59530/recherche-de-fuites,2026-07-22
www.etienne-services.fr,,,https://www.etienne-services.fr/nord/plombier-recquignies-59245/debouchage-canalisation,2026-07-22
www.etienne-services.fr,,,https://www.etienne-services.fr/nord/plombier-recquignies-59245/recherche-de-fuites,2026-07-22
www.etienne-services.fr,,,https://www.etienne-services.fr/nord/plombier-rejet-de-beaulieu-59360/debouchage-canalisation,2026-07-22
www.etienne-services.fr,,,https://www.etienne-services.fr/nord/plombier-rejet-de-beaulieu-59360/recherche-de-fuites,2026-07-22
www.etienne-services.fr,,,https://www.etienne-services.fr/nord/plombier-renescure-59173/debouchage-canalisation,2026-07-22
www.etienne-services.fr,,,https://www.etienne-services.fr/nord/plombier-renescure-59173/recherche-de-fuites,2026-07-22
www.etienne-services.fr,,,https://www.etienne-services.fr/nord/plombier-reumont-59980/debouchage-canalisation,2026-07-22
www.etienne-services.fr,,,https://www.etienne-services.fr/nord/plombier-reumont-59980/recherche-de-fuites,2026-07-22
www.etienne-services.fr,,,https://www.etienne-services.fr/nord/plombier-rexpoede-59122/debouchage-canalisation,2026-07-22
www.etienne-services.fr,,,https://www.etienne-services.fr/nord/plombier-rexpoede-59122/recherche-de-fuites,2026-07-22
www.etienne-services.fr,,,https://www.etienne-services.fr/nord/plombier-ribecourt-la-tour-59159/debouchage-canalisation,2026-07-22
www.etienne-services.fr,,,https://www.etienne-services.fr/nord/plombier-ribecourt-la-tour-59159/recherche-de-fuites,2026-07-22
www.etienne-services.fr,,,https://www.etienne-services.fr/nord/plombier-rieulay-59870/debouchage-canalisation,2026-07-22
www.etienne-services.fr,,,https://www.etienne-services.fr/nord/plombier-rieulay-59870/recherche-de-fuites,2026-07-22
www.etienne-services.fr,,,https://www.etienne-services.fr/nord/plombier-rieux-en-cambresis-59277/debouchage-canalisation,2026-07-22
www.etienne-services.fr,,,https://www.etienne-services.fr/nord/plombier-rieux-en-cambresis-59277/recherche-de-fuites,2026-07-22
www.etienne-services.fr,,,https://www.etienne-services.fr/nord/plombier-robersart-59550/debouchage-canalisation,2026-07-22
www.etienne-services.fr,,,https://www.etienne-services.fr/nord/plombier-robersart-59550/recherche-de-fuites,2026-07-22
www.etienne-services.fr,,,https://www.etienne-services.fr/nord/plombier-roeulx-59172/debouchage-canalisation,2026-07-22
www.etienne-services.fr,,,https://www.etienne-services.fr/nord/plombier-roeulx-59172/recherche-de-fuites,2026-07-22
www.etienne-services.fr,,,https://www.etienne-services.fr/nord/plombier-rombies-et-marchipont-59990/debouchage-canalisation,2026-07-22
www.etienne-services.fr,,,https://www.etienne-services.fr/nord/plombier-rombies-et-marchipont-59990/recherche-de-fuites,2026-07-22
www.etienne-services.fr,,,https://www.etienne-services.fr/nord/plombier-romeries-59730/debouchage-canalisation,2026-07-22
www.etienne-services.fr,,,https://www.etienne-services.fr/nord/plombier-romeries-59730/recherche-de-fuites,2026-07-22
www.etienne-services.fr,,,https://www.etienne-services.fr/nord/plombier-rosult-59230/debouchage-canalisation,2026-07-22
www.etienne-services.fr,,,https://www.etienne-services.fr/nord/plombier-rosult-59230/recherche-de-fuites,2026-07-22
www.etienne-services.fr,,,https://www.etienne-services.fr/nord/plombier-roucourt-59169/debouchage-canalisation,2026-07-22
www.etienne-services.fr,,,https://www.etienne-services.fr/nord/plombier-roucourt-59169/recherche-de-fuites,2026-07-22
www.etienne-services.fr,,,https://www.etienne-services.fr/nord/plombier-rousies-59131/debouchage-canalisation,2026-07-22
www.etienne-services.fr,,,https://www.etienne-services.fr/nord/plombier-rousies-59131/recherche-de-fuites,2026-07-22
www.etienne-services.fr,,,https://www.etienne-services.fr/nord/plombier-rouvignies-59220/debouchage-canalisation,2026-07-22
www.etienne-services.fr,,,https://www.etienne-services.fr/nord/plombier-rouvignies-59220/recherche-de-fuites,2026-07-22
www.etienne-services.fr,,,https://www.etienne-services.fr/nord/plombier-rubrouck-59285/debouchage-canalisation,2026-07-22
www.etienne-services.fr,,,https://www.etienne-services.fr/nord/plombier-rubrouck-59285/recherche-de-fuites,2026-07-22
www.etienne-services.fr,,,https://www.etienne-services.fr/nord/plombier-ruesnes-59530/debouchage-canalisation,2026-07-22
www.etienne-services.fr,,,https://www.etienne-services.fr/nord/plombier-ruesnes-59530/recherche-de-fuites,2026-07-22
www.etienne-services.fr,,,https://www.etienne-services.fr/nord/plombier-rumegies-59226/debouchage-canalisation,2026-07-22
www.etienne-services.fr,,,https://www.etienne-services.fr/nord/plombier-rumegies-59226/recherche-de-fuites,2026-07-22
www.etienne-services.fr,,,https://www.etienne-services.fr/nord/plombier-rumilly-en-cambresis-59281/debouchage-canalisation,2026-07-22
www.etienne-services.fr,,,https://www.etienne-services.fr/nord/plombier-rumilly-en-cambresis-59281/recherche-de-fuites,2026-07-22
www.etienne-services.fr,,,https://www.etienne-services.fr/nord/plombier-sailly-lez-cambrai-59554/debouchage-canalisation,2026-07-22
www.etienne-services.fr,,,https://www.etienne-services.fr/nord/plombier-sailly-lez-cambrai-59554/recherche-de-fuites,2026-07-22
www.etienne-services.fr,,,https://www.etienne-services.fr/nord/plombier-sailly-lez-lannoy-59390/debouchage-canalisation,2026-07-22
www.etienne-services.fr,,,https://www.etienne-services.fr/nord/plombier-sailly-lez-lannoy-59390/recherche-de-fuites,2026-07-22
www.etienne-services.fr,,,https://www.etienne-services.fr/nord/plombier-sainghin-en-melantois-59262/debouchage-canalisation,2026-07-22
www.etienne-services.fr,,,https://www.etienne-services.fr/nord/plombier-sainghin-en-melantois-59262/recherche-de-fuites,2026-07-22
www.etienne-services.fr,,,https://www.etienne-services.fr/nord/plombier-sains-du-nord-59177/debouchage-canalisation,2026-07-22
www.etienne-services.fr,,,https://www.etienne-services.fr/nord/plombier-sains-du-nord-59177/recherche-de-fuites,2026-07-22
www.etienne-services.fr,,,https://www.etienne-services.fr/nord/plombier-saint-aubert-59188/debouchage-canalisation,2026-07-22
www.etienne-services.fr,,,https://www.etienne-services.fr/nord/plombier-saint-aubert-59188/recherche-de-fuites,2026-07-22
www.etienne-services.fr,,,https://www.etienne-services.fr/nord/plombier-saint-aubin-59440/debouchage-canalisation,2026-07-22
www.etienne-services.fr,,,https://www.etienne-services.fr/nord/plombier-saint-aubin-59440/recherche-de-fuites,2026-07-22
www.etienne-services.fr,,,https://www.etienne-services.fr/nord/plombier-saint-aybert-59163/debouchage-canalisation,2026-07-22
www.etienne-services.fr,,,https://www.etienne-services.fr/nord/plombier-saint-aybert-59163/recherche-de-fuites,2026-07-22
www.etienne-services.fr,,,https://www.etienne-services.fr/nord/plombier-saint-benin-59360/debouchage-canalisation,2026-07-22
www.etienne-services.fr,,,https://www.etienne-services.fr/nord/plombier-saint-benin-59360/recherche-de-fuites,2026-07-22
www.etienne-services.fr,,,https://www.etienne-services.fr/nord/plombier-saint-georges-sur-l-aa-59820/debouchage-canalisation,2026-07-22
www.etienne-services.fr,,,https://www.etienne-services.fr/nord/plombier-saint-georges-sur-l-aa-59820/recherche-de-fuites,2026-07-22
www.etienne-services.fr,,,https://www.etienne-services.fr/nord/plombier-saint-hilaire-lez-cambrai-59292/debouchage-canalisation,2026-07-22
www.etienne-services.fr,,,https://www.etienne-services.fr/nord/plombier-saint-hilaire-lez-cambrai-59292/recherche-de-fuites,2026-07-22
www.etienne-services.fr,,,https://www.etienne-services.fr/nord/plombier-saint-hilaire-sur-helpe-59440/debouchage-canalisation,2026-07-22
www.etienne-services.fr,,,https://www.etienne-services.fr/nord/plombier-saint-hilaire-sur-helpe-59440/recherche-de-fuites,2026-07-22
www.etienne-services.fr,,,https://www.etienne-services.fr/nord/plombier-saint-jans-cappel-59270/debouchage-canalisation,2026-07-22
www.etienne-services.fr,,,https://www.etienne-services.fr/nord/plombier-saint-jans-cappel-59270/recherche-de-fuites,2026-07-22
www.etienne-services.fr,,,https://www.etienne-services.fr/nord/plombier-saint-martin-sur-ecaillon-59213/debouchage-canalisation,2026-07-22
www.etienne-services.fr,,,https://www.etienne-services.fr/nord/plombier-saint-martin-sur-ecaillon-59213/recherche-de-fuites,2026-07-22
www.etienne-services.fr,,,https://www.etienne-services.fr/nord/plombier-saint-momelin-59143/debouchage-canalisation,2026-07-22
www.etienne-services.fr,,,https://www.etienne-services.fr/nord/plombier-saint-momelin-59143/recherche-de-fuites,2026-07-22
www.etienne-services.fr,,,https://www.etienne-services.fr/nord/plombier-saint-pierre-brouck-59630/debouchage-canalisation,2026-07-22
www.etienne-services.fr,,,https://www.etienne-services.fr/nord/plombier-saint-pierre-brouck-59630/recherche-de-fuites,2026-07-22
www.etienne-services.fr,,,https://www.etienne-services.fr/nord/plombier-saint-python-59730/debouchage-canalisation,2026-07-22
www.etienne-services.fr,,,https://www.etienne-services.fr/nord/plombier-saint-python-59730/recherche-de-fuites,2026-07-22
www.etienne-services.fr,,,https://www.etienne-services.fr/nord/plombier-saint-remy-chaussee-59620/debouchage-canalisation,2026-07-22
www.etienne-services.fr,,,https://www.etienne-services.fr/nord/plombier-saint-remy-chaussee-59620/recherche-de-fuites,2026-07-22
www.etienne-services.fr,,,https://www.etienne-services.fr/nord/plombier-saint-remy-du-nord-59330/debouchage-canalisation,2026-07-22
www.etienne-services.fr,,,https://www.etienne-services.fr/nord/plombier-saint-remy-du-nord-59330/recherche-de-fuites,2026-07-22
www.etienne-services.fr,,,https://www.etienne-services.fr/nord/plombier-saint-souplet-59360/debouchage-canalisation,2026-07-22
www.etienne-services.fr,,,https://www.etienne-services.fr/nord/plombier-saint-souplet-59360/recherche-de-fuites,2026-07-22
www.etienne-services.fr,,,https://www.etienne-services.fr/nord/plombier-saint-sylvestre-cappel-59114/debouchage-canalisation,2026-07-22
www.etienne-services.fr,,,https://www.etienne-services.fr/nord/plombier-saint-sylvestre-cappel-59114/recherche-de-fuites,2026-07-22
www.etienne-services.fr,,,https://www.etienne-services.fr/nord/plombier-saint-vaast-en-cambresis-59188/debouchage-canalisation,2026-07-22
www.etienne-services.fr,,,https://www.etienne-services.fr/nord/plombier-saint-vaast-en-cambresis-59188/recherche-de-fuites,2026-07-22
www.etienne-services.fr,,,https://www.etienne-services.fr/nord/plombier-saint-waast-59570/debouchage-canalisation,2026-07-22
www.etienne-services.fr,,,https://www.etienne-services.fr/nord/plombier-saint-waast-59570/recherche-de-fuites,2026-07-22
www.etienne-services.fr,,,https://www.etienne-services.fr/nord/plombier-sainte-marie-cappel-59670/debouchage-canalisation,2026-07-22
www.etienne-services.fr,,,https://www.etienne-services.fr/nord/plombier-sainte-marie-cappel-59670/recherche-de-fuites,2026-07-22
www.etienne-services.fr,,,https://www.etienne-services.fr/nord/plombier-salesches-59218/debouchage-canalisation,2026-07-22
www.etienne-services.fr,,,https://www.etienne-services.fr/nord/plombier-salesches-59218/recherche-de-fuites,2026-07-22
www.etienne-services.fr,,,https://www.etienne-services.fr/nord/plombier-salome-59496/debouchage-canalisation,2026-07-22
www.etienne-services.fr,,,https://www.etienne-services.fr/nord/plombier-salome-59496/recherche-de-fuites,2026-07-22
www.etienne-services.fr,,,https://www.etienne-services.fr/nord/plombier-sameon-59310/debouchage-canalisation,2026-07-22
www.etienne-services.fr,,,https://www.etienne-services.fr/nord/plombier-sameon-59310/recherche-de-fuites,2026-07-22
www.etienne-services.fr,,,https://www.etienne-services.fr/nord/plombier-sancourt-59265/debouchage-canalisation,2026-07-22
www.etienne-services.fr,,,https://www.etienne-services.fr/nord/plombier-sancourt-59265/recherche-de-fuites,2026-07-22
www.etienne-services.fr,,,https://www.etienne-services.fr/nord/plombier-sars-et-rosieres-59230/debouchage-canalisation,2026-07-22
www.etienne-services.fr,,,https://www.etienne-services.fr/nord/plombier-sars-et-rosieres-59230/recherche-de-fuites,2026-07-22
www.etienne-services.fr,,,https://www.etienne-services.fr/nord/plombier-sars-poteries-59216/debouchage-canalisation,2026-07-22
www.etienne-services.fr,,,https://www.etienne-services.fr/nord/plombier-sars-poteries-59216/recherche-de-fuites,2026-07-22
www.etienne-services.fr,,,https://www.etienne-services.fr/nord/plombier-sassegnies-59145/debouchage-canalisation,2026-07-22
www.etienne-services.fr,,,https://www.etienne-services.fr/nord/plombier-sassegnies-59145/recherche-de-fuites,2026-07-22
www.etienne-services.fr,,,https://www.etienne-services.fr/nord/plombier-saultain-59990/debouchage-canalisation,2026-07-22
www.etienne-services.fr,,,https://www.etienne-services.fr/nord/plombier-saultain-59990/recherche-de-fuites,2026-07-22
www.etienne-services.fr,,,https://www.etienne-services.fr/nord/plombier-saulzoir-59227/debouchage-canalisation,2026-07-22
www.etienne-services.fr,,,https://www.etienne-services.fr/nord/plombier-saulzoir-59227/recherche-de-fuites,2026-07-22
www.etienne-services.fr,,,https://www.etienne-services.fr/nord/plombier-sebourg-59990/debouchage-canalisation,2026-07-22
www.etienne-services.fr,,,https://www.etienne-services.fr/nord/plombier-sebourg-59990/recherche-de-fuites,2026-07-22
www.etienne-services.fr,,,https://www.etienne-services.fr/nord/plombier-semeries-59440/debouchage-canalisation,2026-07-22
www.etienne-services.fr,,,https://www.etienne-services.fr/nord/plombier-semeries-59440/recherche-de-fuites,2026-07-22
www.etienne-services.fr,,,https://www.etienne-services.fr/nord/plombier-semousies-59440/debouchage-canalisation,2026-07-22
www.etienne-services.fr,,,https://www.etienne-services.fr/nord/plombier-semousies-59440/recherche-de-fuites,2026-07-22
www.etienne-services.fr,,,https://www.etienne-services.fr/nord/plombier-sepmeries-59269/debouchage-canalisation,2026-07-22
www.etienne-services.fr,,,https://www.etienne-services.fr/nord/plombier-sepmeries-59269/recherche-de-fuites,2026-07-22
www.etienne-services.fr,,,https://www.etienne-services.fr/nord/plombier-sequedin-59320/debouchage-canalisation,2026-07-22
www.etienne-services.fr,,,https://www.etienne-services.fr/nord/plombier-sequedin-59320/recherche-de-fuites,2026-07-22
www.etienne-services.fr,,,https://www.etienne-services.fr/nord/plombier-seranvillers-forenville-59400/debouchage-canalisation,2026-07-22
www.etienne-services.fr,,,https://www.etienne-services.fr/nord/plombier-seranvillers-forenville-59400/recherche-de-fuites,2026-07-22
www.etienne-services.fr,,,https://www.etienne-services.fr/nord/plombier-sercus-59173/debouchage-canalisation,2026-07-22
www.etienne-services.fr,,,https://www.etienne-services.fr/nord/plombier-sercus-59173/recherche-de-fuites,2026-07-22
www.etienne-services.fr,,,https://www.etienne-services.fr/nord/plombier-socx-59380/debouchage-canalisation,2026-07-22
www.etienne-services.fr,,,https://www.etienne-services.fr/nord/plombier-socx-59380/recherche-de-fuites,2026-07-22
www.etienne-services.fr,,,https://www.etienne-services.fr/nord/plombier-solesmes-59730/debouchage-canalisation,2026-07-22
www.etienne-services.fr,,,https://www.etienne-services.fr/nord/plombier-solesmes-59730/recherche-de-fuites,2026-07-22
www.etienne-services.fr,,,https://www.etienne-services.fr/nord/plombier-solre-le-chateau-59740/debouchage-canalisation,2026-07-22
www.etienne-services.fr,,,https://www.etienne-services.fr/nord/plombier-solre-le-chateau-59740/recherche-de-fuites,2026-07-22
www.etienne-services.fr,,,https://www.etienne-services.fr/nord/plombier-solrinnes-59740/debouchage-canalisation,2026-07-22
www.etienne-services.fr,,,https://www.etienne-services.fr/nord/plombier-solrinnes-59740/recherche-de-fuites,2026-07-22
www.etienne-services.fr,,,https://www.etienne-services.fr/nord/plombier-sommaing-59213/debouchage-canalisation,2026-07-22
www.etienne-services.fr,,,https://www.etienne-services.fr/nord/plombier-sommaing-59213/recherche-de-fuites,2026-07-22
www.etienne-services.fr,,,https://www.etienne-services.fr/nord/plombier-spycker-59380/debouchage-canalisation,2026-07-22
www.etienne-services.fr,,,https://www.etienne-services.fr/nord/plombier-spycker-59380/recherche-de-fuites,2026-07-22
www.etienne-services.fr,,,https://www.etienne-services.fr/nord/plombier-staple-59190/debouchage-canalisation,2026-07-22
www.etienne-services.fr,,,https://www.etienne-services.fr/nord/plombier-staple-59190/recherche-de-fuites,2026-07-22
www.etienne-services.fr,,,https://www.etienne-services.fr/nord/plombier-steenbecque-59189/debouchage-canalisation,2026-07-22
www.etienne-services.fr,,,https://www.etienne-services.fr/nord/plombier-steenbecque-59189/recherche-de-fuites,2026-07-22
www.etienne-services.fr,,,https://www.etienne-services.fr/nord/plombier-steene-59380/debouchage-canalisation,2026-07-22
www.etienne-services.fr,,,https://www.etienne-services.fr/nord/plombier-steene-59380/recherche-de-fuites,2026-07-22
www.etienne-services.fr,,,https://www.etienne-services.fr/nord/plombier-steenvoorde-59114/debouchage-canalisation,2026-07-22
www.etienne-services.fr,,,https://www.etienne-services.fr/nord/plombier-steenvoorde-59114/recherche-de-fuites,2026-07-22
www.etienne-services.fr,,,https://www.etienne-services.fr/nord/plombier-steenwerck-59181/debouchage-canalisation,2026-07-22
www.etienne-services.fr,,,https://www.etienne-services.fr/nord/plombier-steenwerck-59181/recherche-de-fuites,2026-07-22
www.etienne-services.fr,,,https://www.etienne-services.fr/nord/plombier-strazeele-59270/debouchage-canalisation,2026-07-22
www.etienne-services.fr,,,https://www.etienne-services.fr/nord/plombier-strazeele-59270/recherche-de-fuites,2026-07-22
www.etienne-services.fr,,,https://www.etienne-services.fr/nord/plombier-taisnieres-en-thierache-59550/debouchage-canalisation,2026-07-22
www.etienne-services.fr,,,https://www.etienne-services.fr/nord/plombier-taisnieres-en-thierache-59550/recherche-de-fuites,2026-07-22
www.etienne-services.fr,,,https://www.etienne-services.fr/nord/plombier-taisnieres-sur-hon-59570/debouchage-canalisation,2026-07-22
www.etienne-services.fr,,,https://www.etienne-services.fr/nord/plombier-taisnieres-sur-hon-59570/recherche-de-fuites,2026-07-22
www.etienne-services.fr,,,https://www.etienne-services.fr/nord/plombier-templemars-59175/debouchage-canalisation,2026-07-22
www.etienne-services.fr,,,https://www.etienne-services.fr/nord/plombier-templemars-59175/recherche-de-fuites,2026-07-22
www.etienne-services.fr,,,https://www.etienne-services.fr/nord/plombier-terdeghem-59114/debouchage-canalisation,2026-07-22
www.etienne-services.fr,,,https://www.etienne-services.fr/nord/plombier-terdeghem-59114/recherche-de-fuites,2026-07-22
www.etienne-services.fr,,,https://www.etienne-services.fr/nord/plombier-thiant-59224/debouchage-canalisation,2026-07-22
www.etienne-services.fr,,,https://www.etienne-services.fr/nord/plombier-thiant-59224/recherche-de-fuites,2026-07-22
www.etienne-services.fr,,,https://www.etienne-services.fr/nord/plombier-thiennes-59189/debouchage-canalisation,2026-07-22
www.etienne-services.fr,,,https://www.etienne-services.fr/nord/plombier-thiennes-59189/recherche-de-fuites,2026-07-22
www.etienne-services.fr,,,https://www.etienne-services.fr/nord/plombier-thivencelle-59163/debouchage-canalisation,2026-07-22
www.etienne-services.fr,,,https://www.etienne-services.fr/nord/plombier-thivencelle-59163/recherche-de-fuites,2026-07-22
www.etienne-services.fr,,,https://www.etienne-services.fr/nord/plombier-thumeries-59239/debouchage-canalisation,2026-07-22
www.etienne-services.fr,,,https://www.etienne-services.fr/nord/plombier-thumeries-59239/recherche-de-fuites,2026-07-22
www.etienne-services.fr,,,https://www.etienne-services.fr/nord/plombier-thun-l-eveque-59141/debouchage-canalisation,2026-07-22
www.etienne-services.fr,,,https://www.etienne-services.fr/nord/plombier-thun-l-eveque-59141/recherche-de-fuites,2026-07-22
www.etienne-services.fr,,,https://www.etienne-services.fr/nord/plombier-thun-saint-amand-59158/debouchage-canalisation,2026-07-22
www.etienne-services.fr,,,https://www.etienne-services.fr/nord/plombier-thun-saint-amand-59158/recherche-de-fuites,2026-07-22
www.etienne-services.fr,,,https://www.etienne-services.fr/nord/plombier-thun-saint-martin-59141/debouchage-canalisation,2026-07-22
www.etienne-services.fr,,,https://www.etienne-services.fr/nord/plombier-thun-saint-martin-59141/recherche-de-fuites,2026-07-22
www.etienne-services.fr,,,https://www.etienne-services.fr/nord/plombier-tilloy-lez-cambrai-59554/debouchage-canalisation,2026-07-22
www.etienne-services.fr,,,https://www.etienne-services.fr/nord/plombier-tilloy-lez-cambrai-59554/recherche-de-fuites,2026-07-22
www.etienne-services.fr,,,https://www.etienne-services.fr/nord/plombier-tilloy-lez-marchiennes-59870/debouchage-canalisation,2026-07-22
www.etienne-services.fr,,,https://www.etienne-services.fr/nord/plombier-tilloy-lez-marchiennes-59870/recherche-de-fuites,2026-07-22
www.etienne-services.fr,,,https://www.etienne-services.fr/nord/plombier-toufflers-59390/debouchage-canalisation,2026-07-22
www.etienne-services.fr,,,https://www.etienne-services.fr/nord/plombier-toufflers-59390/recherche-de-fuites,2026-07-22
www.etienne-services.fr,,,https://www.etienne-services.fr/nord/plombier-tourmignies-59551/debouchage-canalisation,2026-07-22
www.etienne-services.fr,,,https://www.etienne-services.fr/nord/plombier-tourmignies-59551/recherche-de-fuites,2026-07-22
www.etienne-services.fr,,,https://www.etienne-services.fr/nord/plombier-trelon-59132/debouchage-canalisation,2026-07-22
www.etienne-services.fr,,,https://www.etienne-services.fr/nord/plombier-trelon-59132/recherche-de-fuites,2026-07-22
www.etienne-services.fr,,,https://www.etienne-services.fr/nord/plombier-tressin-59152/debouchage-canalisation,2026-07-22
www.etienne-services.fr,,,https://www.etienne-services.fr/nord/plombier-tressin-59152/recherche-de-fuites,2026-07-22
www.etienne-services.fr,,,https://www.etienne-services.fr/nord/plombier-troisvilles-59980/debouchage-canalisation,2026-07-22
www.etienne-services.fr,,,https://www.etienne-services.fr/nord/plombier-troisvilles-59980/recherche-de-fuites,2026-07-22
www.etienne-services.fr,,,https://www.etienne-services.fr/nord/plombier-uxem-59229/debouchage-canalisation,2026-07-22
www.etienne-services.fr,,,https://www.etienne-services.fr/nord/plombier-uxem-59229/recherche-de-fuites,2026-07-22
www.etienne-services.fr,,,https://www.etienne-services.fr/nord/plombier-vendegies-au-bois-59218/debouchage-canalisation,2026-07-22
www.etienne-services.fr,,,https://www.etienne-services.fr/nord/plombier-vendegies-au-bois-59218/recherche-de-fuites,2026-07-22
www.etienne-services.fr,,,https://www.etienne-services.fr/nord/plombier-vendegies-sur-ecaillon-59213/debouchage-canalisation,2026-07-22
www.etienne-services.fr,,,https://www.etienne-services.fr/nord/plombier-vendegies-sur-ecaillon-59213/recherche-de-fuites,2026-07-22
www.etienne-services.fr,,,https://www.etienne-services.fr/nord/plombier-vendeville-59175/debouchage-canalisation,2026-07-22
www.etienne-services.fr,,,https://www.etienne-services.fr/nord/plombier-vendeville-59175/recherche-de-fuites,2026-07-22
www.etienne-services.fr,,,https://www.etienne-services.fr/nord/plombier-verchain-maugre-59227/debouchage-canalisation,2026-07-22
www.etienne-services.fr,,,https://www.etienne-services.fr/nord/plombier-verchain-maugre-59227/recherche-de-fuites,2026-07-22
www.etienne-services.fr,,,https://www.etienne-services.fr/nord/plombier-verlinghem-59237/debouchage-canalisation,2026-07-22
www.etienne-services.fr,,,https://www.etienne-services.fr/nord/plombier-verlinghem-59237/recherche-de-fuites,2026-07-22
www.etienne-services.fr,,,https://www.etienne-services.fr/nord/plombier-vertain-59730/debouchage-canalisation,2026-07-22
www.etienne-services.fr,,,https://www.etienne-services.fr/nord/plombier-vertain-59730/recherche-de-fuites,2026-07-22
www.etienne-services.fr,,,https://www.etienne-services.fr/nord/plombier-vicq-59970/debouchage-canalisation,2026-07-22
www.etienne-services.fr,,,https://www.etienne-services.fr/nord/plombier-vicq-59970/recherche-de-fuites,2026-07-22
www.etienne-services.fr,,,https://www.etienne-services.fr/nord/plombier-viesly-59271/debouchage-canalisation,2026-07-22
www.etienne-services.fr,,,https://www.etienne-services.fr/nord/plombier-viesly-59271/recherche-de-fuites,2026-07-22
www.etienne-services.fr,,,https://www.etienne-services.fr/nord/plombier-vieux-berquin-59232/debouchage-canalisation,2026-07-22
www.etienne-services.fr,,,https://www.etienne-services.fr/nord/plombier-vieux-berquin-59232/recherche-de-fuites,2026-07-22
www.etienne-services.fr,,,https://www.etienne-services.fr/nord/plombier-vieux-mesnil-59138/debouchage-canalisation,2026-07-22
www.etienne-services.fr,,,https://www.etienne-services.fr/nord/plombier-vieux-mesnil-59138/recherche-de-fuites,2026-07-22
www.etienne-services.fr,,,https://www.etienne-services.fr/nord/plombier-vieux-reng-59600/debouchage-canalisation,2026-07-22
www.etienne-services.fr,,,https://www.etienne-services.fr/nord/plombier-vieux-reng-59600/recherche-de-fuites,2026-07-22
www.etienne-services.fr,,,https://www.etienne-services.fr/nord/plombier-villereau-59530/debouchage-canalisation,2026-07-22
www.etienne-services.fr,,,https://www.etienne-services.fr/nord/plombier-villereau-59530/recherche-de-fuites,2026-07-22
www.etienne-services.fr,,,https://www.etienne-services.fr/nord/plombier-villers-au-tertre-59234/debouchage-canalisation,2026-07-22
www.etienne-services.fr,,,https://www.etienne-services.fr/nord/plombier-villers-au-tertre-59234/recherche-de-fuites,2026-07-22
www.etienne-services.fr,,,https://www.etienne-services.fr/nord/plombier-villers-en-cauchies-59188/debouchage-canalisation,2026-07-22
www.etienne-services.fr,,,https://www.etienne-services.fr/nord/plombier-villers-en-cauchies-59188/recherche-de-fuites,2026-07-22
www.etienne-services.fr,,,https://www.etienne-services.fr/nord/plombier-villers-guislain-59297/debouchage-canalisation,2026-07-22
www.etienne-services.fr,,,https://www.etienne-services.fr/nord/plombier-villers-guislain-59297/recherche-de-fuites,2026-07-22
www.etienne-services.fr,,,https://www.etienne-services.fr/nord/plombier-villers-outreaux-59142/debouchage-canalisation,2026-07-22
www.etienne-services.fr,,,https://www.etienne-services.fr/nord/plombier-villers-outreaux-59142/recherche-de-fuites,2026-07-22
www.etienne-services.fr,,,https://www.etienne-services.fr/nord/plombier-villers-plouich-59231/debouchage-canalisation,2026-07-22
www.etienne-services.fr,,,https://www.etienne-services.fr/nord/plombier-villers-plouich-59231/recherche-de-fuites,2026-07-22
www.etienne-services.fr,,,https://www.etienne-services.fr/nord/plombier-villers-pol-59530/debouchage-canalisation,2026-07-22
www.etienne-services.fr,,,https://www.etienne-services.fr/nord/plombier-villers-pol-59530/recherche-de-fuites,2026-07-22
www.etienne-services.fr,,,https://www.etienne-services.fr/nord/plombier-villers-sire-nicole-59600/debouchage-canalisation,2026-07-22
www.etienne-services.fr,,,https://www.etienne-services.fr/nord/plombier-villers-sire-nicole-59600/recherche-de-fuites,2026-07-22
www.etienne-services.fr,,,https://www.etienne-services.fr/nord/plombier-volckerinckhove-59470/debouchage-canalisation,2026-07-22
www.etienne-services.fr,,,https://www.etienne-services.fr/nord/plombier-volckerinckhove-59470/recherche-de-fuites,2026-07-22
www.etienne-services.fr,,,https://www.etienne-services.fr/nord/plombier-vred-59870/debouchage-canalisation,2026-07-22
www.etienne-services.fr,,,https://www.etienne-services.fr/nord/plombier-vred-59870/recherche-de-fuites,2026-07-22
www.etienne-services.fr,,,https://www.etienne-services.fr/nord/plombier-wahagnies-59261/debouchage-canalisation,2026-07-22
www.etienne-services.fr,,,https://www.etienne-services.fr/nord/plombier-wahagnies-59261/recherche-de-fuites,2026-07-22
www.etienne-services.fr,,,https://www.etienne-services.fr/nord/plombier-walincourt-selvigny-59127/debouchage-canalisation,2026-07-22
www.etienne-services.fr,,,https://www.etienne-services.fr/nord/plombier-walincourt-selvigny-59127/recherche-de-fuites,2026-07-22
www.etienne-services.fr,,,https://www.etienne-services.fr/nord/plombier-wallers-en-fagne-59132/debouchage-canalisation,2026-07-22
www.etienne-services.fr,,,https://www.etienne-services.fr/nord/plombier-wallers-en-fagne-59132/recherche-de-fuites,2026-07-22
www.etienne-services.fr,,,https://www.etienne-services.fr/nord/plombier-wallon-cappel-59190/debouchage-canalisation,2026-07-22
www.etienne-services.fr,,,https://www.etienne-services.fr/nord/plombier-wallon-cappel-59190/recherche-de-fuites,2026-07-22
www.etienne-services.fr,,,https://www.etienne-services.fr/nord/plombier-wambaix-59400/debouchage-canalisation,2026-07-22
www.etienne-services.fr,,,https://www.etienne-services.fr/nord/plombier-wambaix-59400/recherche-de-fuites,2026-07-22
www.etienne-services.fr,,,https://www.etienne-services.fr/nord/plombier-wandignies-hamage-59870/debouchage-canalisation,2026-07-22
www.etienne-services.fr,,,https://www.etienne-services.fr/nord/plombier-wandignies-hamage-59870/recherche-de-fuites,2026-07-22
www.etienne-services.fr,,,https://www.etienne-services.fr/nord/plombier-wannehain-59830/debouchage-canalisation,2026-07-22
www.etienne-services.fr,,,https://www.etienne-services.fr/nord/plombier-wannehain-59830/recherche-de-fuites,2026-07-22
www.etienne-services.fr,,,https://www.etienne-services.fr/nord/plombier-wargnies-le-grand-59144/debouchage-canalisation,2026-07-22
www.etienne-services.fr,,,https://www.etienne-services.fr/nord/plombier-wargnies-le-grand-59144/recherche-de-fuites,2026-07-22
www.etienne-services.fr,,,https://www.etienne-services.fr/nord/plombier-wargnies-le-petit-59144/debouchage-canalisation,2026-07-22
www.etienne-services.fr,,,https://www.etienne-services.fr/nord/plombier-wargnies-le-petit-59144/recherche-de-fuites,2026-07-22
www.etienne-services.fr,,,https://www.etienne-services.fr/nord/plombier-warhem-59380/debouchage-canalisation,2026-07-22
www.etienne-services.fr,,,https://www.etienne-services.fr/nord/plombier-warhem-59380/recherche-de-fuites,2026-07-22
www.etienne-services.fr,,,https://www.etienne-services.fr/nord/plombier-warlaing-59870/debouchage-canalisation,2026-07-22
www.etienne-services.fr,,,https://www.etienne-services.fr/nord/plombier-warlaing-59870/recherche-de-fuites,2026-07-22
www.etienne-services.fr,,,https://www.etienne-services.fr/nord/plombier-warneton-59560/debouchage-canalisation,2026-07-22
www.etienne-services.fr,,,https://www.etienne-services.fr/nord/plombier-warneton-59560/recherche-de-fuites,2026-07-22
www.etienne-services.fr,,,https://www.etienne-services.fr/nord/plombier-wasnes-au-bac-59252/debouchage-canalisation,2026-07-22
www.etienne-services.fr,,,https://www.etienne-services.fr/nord/plombier-wasnes-au-bac-59252/recherche-de-fuites,2026-07-22
www.etienne-services.fr,,,https://www.etienne-services.fr/nord/plombier-watten-59143/debouchage-canalisation,2026-07-22
www.etienne-services.fr,,,https://www.etienne-services.fr/nord/plombier-watten-59143/recherche-de-fuites,2026-07-22
www.etienne-services.fr,,,https://www.etienne-services.fr/nord/plombier-wattignies-la-victoire-59680/debouchage-canalisation,2026-07-22
www.etienne-services.fr,,,https://www.etienne-services.fr/nord/plombier-wattignies-la-victoire-59680/recherche-de-fuites,2026-07-22
www.etienne-services.fr,,,https://www.etienne-services.fr/nord/plombier-wavrechain-sous-denain-59220/debouchage-canalisation,2026-07-22
www.etienne-services.fr,,,https://www.etienne-services.fr/nord/plombier-wavrechain-sous-denain-59220/recherche-de-fuites,2026-07-22
www.etienne-services.fr,,,https://www.etienne-services.fr/nord/plombier-wavrechain-sous-faulx-59111/debouchage-canalisation,2026-07-22
www.etienne-services.fr,,,https://www.etienne-services.fr/nord/plombier-wavrechain-sous-faulx-59111/recherche-de-fuites,2026-07-22
www.etienne-services.fr,,,https://www.etienne-services.fr/nord/plombier-wemaers-cappel-59670/debouchage-canalisation,2026-07-22
www.etienne-services.fr,,,https://www.etienne-services.fr/nord/plombier-wemaers-cappel-59670/recherche-de-fuites,2026-07-22
www.etienne-services.fr,,,https://www.etienne-services.fr/nord/plombier-wervicq-sud-59117/debouchage-canalisation,2026-07-22
www.etienne-services.fr,,,https://www.etienne-services.fr/nord/plombier-wervicq-sud-59117/recherche-de-fuites,2026-07-22
www.etienne-services.fr,,,https://www.etienne-services.fr/nord/plombier-west-cappel-59380/debouchage-canalisation,2026-07-22
www.etienne-services.fr,,,https://www.etienne-services.fr/nord/plombier-west-cappel-59380/recherche-de-fuites,2026-07-22
www.etienne-services.fr,,,https://www.etienne-services.fr/nord/plombier-wicres-59134/debouchage-canalisation,2026-07-22
www.etienne-services.fr,,,https://www.etienne-services.fr/nord/plombier-wicres-59134/recherche-de-fuites,2026-07-22
www.etienne-services.fr,,,https://www.etienne-services.fr/nord/plombier-wignehies-59212/debouchage-canalisation,2026-07-22
www.etienne-services.fr,,,https://www.etienne-services.fr/nord/plombier-wignehies-59212/recherche-de-fuites,2026-07-22
www.etienne-services.fr,,,https://www.etienne-services.fr/nord/plombier-willems-59780/debouchage-canalisation,2026-07-22
www.etienne-services.fr,,,https://www.etienne-services.fr/nord/plombier-willems-59780/recherche-de-fuites,2026-07-22
www.etienne-services.fr,,,https://www.etienne-services.fr/nord/plombier-willies-59740/debouchage-canalisation,2026-07-22
www.etienne-services.fr,,,https://www.etienne-services.fr/nord/plombier-willies-59740/recherche-de-fuites,2026-07-22
www.etienne-services.fr,,,https://www.etienne-services.fr/nord/plombier-winnezeele-59670/debouchage-canalisation,2026-07-22
www.etienne-services.fr,,,https://www.etienne-services.fr/nord/plombier-winnezeele-59670/recherche-de-fuites,2026-07-22
www.etienne-services.fr,,,https://www.etienne-services.fr/nord/plombier-wulverdinghe-59143/debouchage-canalisation,2026-07-22
www.etienne-services.fr,,,https://www.etienne-services.fr/nord/plombier-wulverdinghe-59143/recherche-de-fuites,2026-07-22
www.etienne-services.fr,,,https://www.etienne-services.fr/nord/plombier-wylder-59380/debouchage-canalisation,2026-07-22
www.etienne-services.fr,,,https://www.etienne-services.fr/nord/plombier-wylder-59380/recherche-de-fuites,2026-07-22
www.etienne-services.fr,,,https://www.etienne-services.fr/nord/plombier-zegerscappel-59470/debouchage-canalisation,2026-07-22
www.etienne-services.fr,,,https://www.etienne-services.fr/nord/plombier-zegerscappel-59470/recherche-de-fuites,2026-07-22
www.etienne-services.fr,,,https://www.etienne-services.fr/nord/plombier-zermezeele-59670/debouchage-canalisation,2026-07-22
www.etienne-services.fr,,,https://www.etienne-services.fr/nord/plombier-zermezeele-59670/recherche-de-fuites,2026-07-22
www.etienne-services.fr,,,https://www.etienne-services.fr/nord/plombier-zuydcoote-59123/debouchage-canalisation,2026-07-22
www.etienne-services.fr,,,https://www.etienne-services.fr/nord/plombier-zuydcoote-59123/recherche-de-fuites,2026-07-22
www.etienne-services.fr,,,https://www.etienne-services.fr/nord/plombier-zuytpeene-59670/debouchage-canalisation,2026-07-22
www.etienne-services.fr,,,https://www.etienne-services.fr/nord/plombier-zuytpeene-59670/recherche-de-fuites,2026-07-22
www.etienne-services.fr,,,https://www.etienne-services.fr/pas-de-calais/plombier-ablain-saint-nazaire-62153/debouchage-canalisation,2026-07-22
www.etienne-services.fr,,,https://www.etienne-services.fr/pas-de-calais/plombier-ablainzevelle-62116/debouchage-canalisation,2026-07-22
www.etienne-services.fr,,,https://www.etienne-services.fr/pas-de-calais/plombier-acheville-62320/debouchage-canalisation,2026-07-22
www.etienne-services.fr,,,https://www.etienne-services.fr/pas-de-calais/plombier-achiet-le-grand-62121/debouchage-canalisation,2026-07-22
www.etienne-services.fr,,,https://www.etienne-services.fr/pas-de-calais/plombier-achiet-le-petit-62121/debouchage-canalisation,2026-07-22
www.etienne-services.fr,,,https://www.etienne-services.fr/pas-de-calais/plombier-acq-62144/debouchage-canalisation,2026-07-22
www.etienne-services.fr,,,https://www.etienne-services.fr/pas-de-calais/plombier-acquin-westbecourt-62380/debouchage-canalisation,2026-07-22
www.etienne-services.fr,,,https://www.etienne-services.fr/pas-de-calais/plombier-adinfer-62116/debouchage-canalisation,2026-07-22
www.etienne-services.fr,,,https://www.etienne-services.fr/pas-de-calais/plombier-affringues-62380/debouchage-canalisation,2026-07-22
www.etienne-services.fr,,,https://www.etienne-services.fr/pas-de-calais/plombier-agnez-les-duisans-62161/debouchage-canalisation,2026-07-22
www.etienne-services.fr,,,https://www.etienne-services.fr/pas-de-calais/plombier-agnieres-62690/debouchage-canalisation,2026-07-22
www.etienne-services.fr,,,https://www.etienne-services.fr/pas-de-calais/plombier-agny-62217/debouchage-canalisation,2026-07-22
www.etienne-services.fr,,,https://www.etienne-services.fr/pas-de-calais/plombier-airon-notre-dame-62180/debouchage-canalisation,2026-07-22
www.etienne-services.fr,,,https://www.etienne-services.fr/pas-de-calais/plombier-airon-saint-vaast-62180/debouchage-canalisation,2026-07-22
www.etienne-services.fr,,,https://www.etienne-services.fr/pas-de-calais/plombier-aix-en-ergny-62650/debouchage-canalisation,2026-07-22
www.etienne-services.fr,,,https://www.etienne-services.fr/pas-de-calais/plombier-aix-en-issart-62170/debouchage-canalisation,2026-07-22
www.etienne-services.fr,,,https://www.etienne-services.fr/pas-de-calais/plombier-aix-noulette-62160/debouchage-canalisation,2026-07-22
www.etienne-services.fr,,,https://www.etienne-services.fr/pas-de-calais/plombier-alembon-62850/debouchage-canalisation,2026-07-22
www.etienne-services.fr,,,https://www.etienne-services.fr/pas-de-calais/plombier-alette-62650/debouchage-canalisation,2026-07-22
www.etienne-services.fr,,,https://www.etienne-services.fr/pas-de-calais/plombier-alincthun-62142/debouchage-canalisation,2026-07-22
www.etienne-services.fr,,,https://www.etienne-services.fr/pas-de-calais/plombier-allouagne-62157/debouchage-canalisation,2026-07-22
www.etienne-services.fr,,,https://www.etienne-services.fr/pas-de-calais/plombier-alquines-62850/debouchage-canalisation,2026-07-22
www.etienne-services.fr,,,https://www.etienne-services.fr/pas-de-calais/plombier-ambleteuse-62164/debouchage-canalisation,2026-07-22
www.etienne-services.fr,,,https://www.etienne-services.fr/pas-de-calais/plombier-ambricourt-62310/debouchage-canalisation,2026-07-22
www.etienne-services.fr,,,https://www.etienne-services.fr/pas-de-calais/plombier-ambrines-62127/debouchage-canalisation,2026-07-22
www.etienne-services.fr,,,https://www.etienne-services.fr/pas-de-calais/plombier-ames-62190/debouchage-canalisation,2026-07-22
www.etienne-services.fr,,,https://www.etienne-services.fr/pas-de-calais/plombier-amettes-62260/debouchage-canalisation,2026-07-22
www.etienne-services.fr,,,https://www.etienne-services.fr/pas-de-calais/plombier-amplier-62760/debouchage-canalisation,2026-07-22
www.etienne-services.fr,,,https://www.etienne-services.fr/pas-de-calais/plombier-andres-62340/debouchage-canalisation,2026-07-22
www.etienne-services.fr,,,https://www.etienne-services.fr/pas-de-calais/plombier-angres-62143/debouchage-canalisation,2026-07-22
www.etienne-services.fr,,,https://www.etienne-services.fr/pas-de-calais/plombier-annay-62880/debouchage-canalisation,2026-07-22
www.etienne-services.fr,,,https://www.etienne-services.fr/pas-de-calais/plombier-annequin-62149/debouchage-canalisation,2026-07-22
www.etienne-services.fr,,,https://www.etienne-services.fr/pas-de-calais/plombier-anvin-62134/debouchage-canalisation,2026-07-22
www.etienne-services.fr,,,https://www.etienne-services.fr/pas-de-calais/plombier-anzin-saint-aubin-62223/debouchage-canalisation,2026-07-22
www.etienne-services.fr,,,https://www.etienne-services.fr/pas-de-calais/plombier-ardres-62610/debouchage-canalisation,2026-07-22
www.etienne-services.fr,,,https://www.etienne-services.fr/pas-de-calais/plombier-arleux-en-gohelle-62580/debouchage-canalisation,2026-07-22
www.etienne-services.fr,,,https://www.etienne-services.fr/pas-de-calais/plombier-athies-62223/debouchage-canalisation,2026-07-22
www.etienne-services.fr,,,https://www.etienne-services.fr/pas-de-calais/plombier-attin-62170/debouchage-canalisation,2026-07-22
www.etienne-services.fr,,,https://www.etienne-services.fr/pas-de-calais/plombier-aubigny-en-artois-62690/debouchage-canalisation,2026-07-22
www.etienne-services.fr,,,https://www.etienne-services.fr/pas-de-calais/plombier-aubin-saint-vaast-62140/debouchage-canalisation,2026-07-22
www.etienne-services.fr,,,https://www.etienne-services.fr/pas-de-calais/plombier-aubrometz-62390/debouchage-canalisation,2026-07-22
www.etienne-services.fr,,,https://www.etienne-services.fr/pas-de-calais/plombier-auchy-au-bois-62190/debouchage-canalisation,2026-07-22
www.etienne-services.fr,,,https://www.etienne-services.fr/pas-de-calais/plombier-auchy-les-hesdin-62770/debouchage-canalisation,2026-07-22
www.etienne-services.fr,,,https://www.etienne-services.fr/pas-de-calais/plombier-auchy-les-mines-62138/debouchage-canalisation,2026-07-22
www.etienne-services.fr,,,https://www.etienne-services.fr/pas-de-calais/plombier-audembert-62250/debouchage-canalisation,2026-07-22
www.etienne-services.fr,,,https://www.etienne-services.fr/pas-de-calais/plombier-audincthun-62560/debouchage-canalisation,2026-07-22
www.etienne-services.fr,,,https://www.etienne-services.fr/pas-de-calais/plombier-audinghen-62179/debouchage-canalisation,2026-07-22
www.etienne-services.fr,,,https://www.etienne-services.fr/pas-de-calais/plombier-audrehem-62890/debouchage-canalisation,2026-07-22
www.etienne-services.fr,,,https://www.etienne-services.fr/pas-de-calais/plombier-audresselles-62164/debouchage-canalisation,2026-07-22
www.etienne-services.fr,,,https://www.etienne-services.fr/pas-de-calais/plombier-audruicq-62370/debouchage-canalisation,2026-07-22
www.etienne-services.fr,,,https://www.etienne-services.fr/pas-de-calais/plombier-aumerval-62550/debouchage-canalisation,2026-07-22
www.etienne-services.fr,,,https://www.etienne-services.fr/pas-de-calais/plombier-autingues-62610/debouchage-canalisation,2026-07-22
www.etienne-services.fr,,,https://www.etienne-services.fr/pas-de-calais/plombier-auxi-le-chateau-62390/debouchage-canalisation,2026-07-22
www.etienne-services.fr,,,https://www.etienne-services.fr/pas-de-calais/plombier-averdoingt-62127/debouchage-canalisation,2026-07-22
www.etienne-services.fr,,,https://www.etienne-services.fr/pas-de-calais/plombier-avesnes-62650/debouchage-canalisation,2026-07-22
www.etienne-services.fr,,,https://www.etienne-services.fr/pas-de-calais/plombier-avesnes-le-comte-62810/debouchage-canalisation,2026-07-22
www.etienne-services.fr,,,https://www.etienne-services.fr/pas-de-calais/plombier-avesnes-les-bapaume-62450/debouchage-canalisation,2026-07-22
www.etienne-services.fr,,,https://www.etienne-services.fr/pas-de-calais/plombier-avondance-62310/debouchage-canalisation,2026-07-22
www.etienne-services.fr,,,https://www.etienne-services.fr/pas-de-calais/plombier-avroult-62560/debouchage-canalisation,2026-07-22
www.etienne-services.fr,,,https://www.etienne-services.fr/pas-de-calais/plombier-ayette-62116/debouchage-canalisation,2026-07-22
www.etienne-services.fr,,,https://www.etienne-services.fr/pas-de-calais/plombier-azincourt-62310/debouchage-canalisation,2026-07-22
www.etienne-services.fr,,,https://www.etienne-services.fr/pas-de-calais/plombier-bailleul-aux-cornailles-62127/debouchage-canalisation,2026-07-22
www.etienne-services.fr,,,https://www.etienne-services.fr/pas-de-calais/plombier-bailleul-les-pernes-62550/debouchage-canalisation,2026-07-22
www.etienne-services.fr,,,https://www.etienne-services.fr/pas-de-calais/plombier-bailleul-sir-berthoult-62580/debouchage-canalisation,2026-07-22
www.etienne-services.fr,,,https://www.etienne-services.fr/pas-de-calais/plombier-bailleulmont-62123/debouchage-canalisation,2026-07-22
www.etienne-services.fr,,,https://www.etienne-services.fr/pas-de-calais/plombier-bailleulval-62123/debouchage-canalisation,2026-07-22
www.etienne-services.fr,,,https://www.etienne-services.fr/pas-de-calais/plombier-baincthun-62360/debouchage-canalisation,2026-07-22
www.etienne-services.fr,,,https://www.etienne-services.fr/pas-de-calais/plombier-bainghen-62850/debouchage-canalisation,2026-07-22
www.etienne-services.fr,,,https://www.etienne-services.fr/pas-de-calais/plombier-bajus-62150/debouchage-canalisation,2026-07-22
www.etienne-services.fr,,,https://www.etienne-services.fr/pas-de-calais/plombier-balinghem-62610/debouchage-canalisation,2026-07-22
www.etienne-services.fr,,,https://www.etienne-services.fr/pas-de-calais/plombier-bancourt-62450/debouchage-canalisation,2026-07-22
www.etienne-services.fr,,,https://www.etienne-services.fr/pas-de-calais/plombier-bapaume-62450/debouchage-canalisation,2026-07-22
www.etienne-services.fr,,,https://www.etienne-services.fr/pas-de-calais/plombier-baralle-62860/debouchage-canalisation,2026-07-22
www.etienne-services.fr,,,https://www.etienne-services.fr/pas-de-calais/plombier-barastre-62124/debouchage-canalisation,2026-07-22
www.etienne-services.fr,,,https://www.etienne-services.fr/pas-de-calais/plombier-barly-62810/debouchage-canalisation,2026-07-22
www.etienne-services.fr,,,https://www.etienne-services.fr/pas-de-calais/plombier-basseux-62123/debouchage-canalisation,2026-07-22
www.etienne-services.fr,,,https://www.etienne-services.fr/pas-de-calais/plombier-bavincourt-62158/debouchage-canalisation,2026-07-22
www.etienne-services.fr,,,https://www.etienne-services.fr/pas-de-calais/plombier-bayenghem-les-eperlecques-62910/debouchage-canalisation,2026-07-22
www.etienne-services.fr,,,https://www.etienne-services.fr/pas-de-calais/plombier-bayenghem-les-seninghem-62380/debouchage-canalisation,2026-07-22
www.etienne-services.fr,,,https://www.etienne-services.fr/pas-de-calais/plombier-bazinghen-62250/debouchage-canalisation,2026-07-22
www.etienne-services.fr,,,https://www.etienne-services.fr/pas-de-calais/plombier-bealencourt-62770/debouchage-canalisation,2026-07-22
www.etienne-services.fr,,,https://www.etienne-services.fr/pas-de-calais/plombier-beaudricourt-62810/debouchage-canalisation,2026-07-22
www.etienne-services.fr,,,https://www.etienne-services.fr/pas-de-calais/plombier-beaufort-blavincourt-62810/debouchage-canalisation,2026-07-22
www.etienne-services.fr,,,https://www.etienne-services.fr/pas-de-calais/plombier-beaulencourt-62450/debouchage-canalisation,2026-07-22
www.etienne-services.fr,,,https://www.etienne-services.fr/pas-de-calais/plombier-beaumerie-saint-martin-62170/debouchage-canalisation,2026-07-22
www.etienne-services.fr,,,https://www.etienne-services.fr/pas-de-calais/plombier-beaumetz-les-aire-62960/debouchage-canalisation,2026-07-22
www.etienne-services.fr,,,https://www.etienne-services.fr/pas-de-calais/plombier-beaumetz-les-cambrai-62124/debouchage-canalisation,2026-07-22
www.etienne-services.fr,,,https://www.etienne-services.fr/pas-de-calais/plombier-beaumetz-les-loges-62123/debouchage-canalisation,2026-07-22
www.etienne-services.fr,,,https://www.etienne-services.fr/pas-de-calais/plombier-beaurainville-62990/debouchage-canalisation,2026-07-22
www.etienne-services.fr,,,https://www.etienne-services.fr/pas-de-calais/plombier-beauvoir-wavans-62390/debouchage-canalisation,2026-07-22
www.etienne-services.fr,,,https://www.etienne-services.fr/pas-de-calais/plombier-beauvois-62130/debouchage-canalisation,2026-07-22
www.etienne-services.fr,,,https://www.etienne-services.fr/pas-de-calais/plombier-becourt-62240/debouchage-canalisation,2026-07-22
www.etienne-services.fr,,,https://www.etienne-services.fr/pas-de-calais/plombier-behagnies-62121/debouchage-canalisation,2026-07-22
www.etienne-services.fr,,,https://www.etienne-services.fr/pas-de-calais/plombier-belle-et-houllefort-62142/debouchage-canalisation,2026-07-22
www.etienne-services.fr,,,https://www.etienne-services.fr/pas-de-calais/plombier-bellebrune-62142/debouchage-canalisation,2026-07-22
www.etienne-services.fr,,,https://www.etienne-services.fr/pas-de-calais/plombier-bellonne-62490/debouchage-canalisation,2026-07-22
www.etienne-services.fr,,,https://www.etienne-services.fr/pas-de-calais/plombier-benifontaine-62410/debouchage-canalisation,2026-07-22
www.etienne-services.fr,,,https://www.etienne-services.fr/pas-de-calais/plombier-bergueneuse-62134/debouchage-canalisation,2026-07-22
www.etienne-services.fr,,,https://www.etienne-services.fr/pas-de-calais/plombier-berlencourt-le-cauroy-62810/debouchage-canalisation,2026-07-22
www.etienne-services.fr,,,https://www.etienne-services.fr/pas-de-calais/plombier-berles-au-bois-62123/debouchage-canalisation,2026-07-22
www.etienne-services.fr,,,https://www.etienne-services.fr/pas-de-calais/plombier-berles-monchel-62690/debouchage-canalisation,2026-07-22
www.etienne-services.fr,,,https://www.etienne-services.fr/pas-de-calais/plombier-bermicourt-62130/debouchage-canalisation,2026-07-22
www.etienne-services.fr,,,https://www.etienne-services.fr/pas-de-calais/plombier-berneville-62123/debouchage-canalisation,2026-07-22
www.etienne-services.fr,,,https://www.etienne-services.fr/pas-de-calais/plombier-bernieulles-62170/debouchage-canalisation,2026-07-22
www.etienne-services.fr,,,https://www.etienne-services.fr/pas-de-calais/plombier-bertincourt-62124/debouchage-canalisation,2026-07-22
www.etienne-services.fr,,,https://www.etienne-services.fr/pas-de-calais/plombier-bethonsart-62690/debouchage-canalisation,2026-07-22
www.etienne-services.fr,,,https://www.etienne-services.fr/pas-de-calais/plombier-beugin-62150/debouchage-canalisation,2026-07-22
www.etienne-services.fr,,,https://www.etienne-services.fr/pas-de-calais/plombier-beugnatre-62450/debouchage-canalisation,2026-07-22
www.etienne-services.fr,,,https://www.etienne-services.fr/pas-de-calais/plombier-beugny-62124/debouchage-canalisation,2026-07-22
www.etienne-services.fr,,,https://www.etienne-services.fr/pas-de-calais/plombier-beussent-62170/debouchage-canalisation,2026-07-22
www.etienne-services.fr,,,https://www.etienne-services.fr/pas-de-calais/plombier-beutin-62170/debouchage-canalisation,2026-07-22
www.etienne-services.fr,,,https://www.etienne-services.fr/pas-de-calais/plombier-beuvrequen-62250/debouchage-canalisation,2026-07-22
www.etienne-services.fr,,,https://www.etienne-services.fr/pas-de-calais/plombier-bezinghem-62650/debouchage-canalisation,2026-07-22
www.etienne-services.fr,,,https://www.etienne-services.fr/pas-de-calais/plombier-biache-saint-vaast-62118/debouchage-canalisation,2026-07-22
www.etienne-services.fr,,,https://www.etienne-services.fr/pas-de-calais/plombier-biefvillers-les-bapaume-62450/debouchage-canalisation,2026-07-22
www.etienne-services.fr,,,https://www.etienne-services.fr/pas-de-calais/plombier-bienvillers-au-bois-62111/debouchage-canalisation,2026-07-22
www.etienne-services.fr,,,https://www.etienne-services.fr/pas-de-calais/plombier-bihucourt-62121/debouchage-canalisation,2026-07-22
www.etienne-services.fr,,,https://www.etienne-services.fr/pas-de-calais/plombier-billy-berclau-62138/debouchage-canalisation,2026-07-22
www.etienne-services.fr,,,https://www.etienne-services.fr/pas-de-calais/plombier-bimont-62650/debouchage-canalisation,2026-07-22
www.etienne-services.fr,,,https://www.etienne-services.fr/pas-de-calais/plombier-blairville-62173/debouchage-canalisation,2026-07-22
www.etienne-services.fr,,,https://www.etienne-services.fr/pas-de-calais/plombier-blangerval-blangermont-62270/debouchage-canalisation,2026-07-22
www.etienne-services.fr,,,https://www.etienne-services.fr/pas-de-calais/plombier-blangy-sur-ternoise-62770/debouchage-canalisation,2026-07-22
www.etienne-services.fr,,,https://www.etienne-services.fr/pas-de-calais/plombier-blequin-62380/debouchage-canalisation,2026-07-22
www.etienne-services.fr,,,https://www.etienne-services.fr/pas-de-calais/plombier-blessy-62120/debouchage-canalisation,2026-07-22
www.etienne-services.fr,,,https://www.etienne-services.fr/pas-de-calais/plombier-blingel-62770/debouchage-canalisation,2026-07-22
www.etienne-services.fr,,,https://www.etienne-services.fr/pas-de-calais/plombier-boffles-62390/debouchage-canalisation,2026-07-22
www.etienne-services.fr,,,https://www.etienne-services.fr/pas-de-calais/plombier-boiry-becquerelle-62128/debouchage-canalisation,2026-07-22
www.etienne-services.fr,,,https://www.etienne-services.fr/pas-de-calais/plombier-boiry-notre-dame-62156/debouchage-canalisation,2026-07-22
www.etienne-services.fr,,,https://www.etienne-services.fr/pas-de-calais/plombier-boiry-saint-martin-62175/debouchage-canalisation,2026-07-22
www.etienne-services.fr,,,https://www.etienne-services.fr/pas-de-calais/plombier-boiry-sainte-rictrude-62175/debouchage-canalisation,2026-07-22
www.etienne-services.fr,,,https://www.etienne-services.fr/pas-de-calais/plombier-bois-bernard-62320/debouchage-canalisation,2026-07-22
www.etienne-services.fr,,,https://www.etienne-services.fr/pas-de-calais/plombier-boisdinghem-62500/debouchage-canalisation,2026-07-22
www.etienne-services.fr,,,https://www.etienne-services.fr/pas-de-calais/plombier-boisjean-62170/debouchage-canalisation,2026-07-22
www.etienne-services.fr,,,https://www.etienne-services.fr/pas-de-calais/plombier-boisleux-au-mont-62175/debouchage-canalisation,2026-07-22
www.etienne-services.fr,,,https://www.etienne-services.fr/pas-de-calais/plombier-boisleux-saint-marc-62175/debouchage-canalisation,2026-07-22
www.etienne-services.fr,,,https://www.etienne-services.fr/pas-de-calais/plombier-bomy-62960/debouchage-canalisation,2026-07-22
www.etienne-services.fr,,,https://www.etienne-services.fr/pas-de-calais/plombier-bonnieres-62270/debouchage-canalisation,2026-07-22
www.etienne-services.fr,,,https://www.etienne-services.fr/pas-de-calais/plombier-bonningues-les-ardres-62890/debouchage-canalisation,2026-07-22
www.etienne-services.fr,,,https://www.etienne-services.fr/pas-de-calais/plombier-bonningues-les-calais-62340/debouchage-canalisation,2026-07-22
www.etienne-services.fr,,,https://www.etienne-services.fr/pas-de-calais/plombier-boubers-les-hesmond-62990/debouchage-canalisation,2026-07-22
www.etienne-services.fr,,,https://www.etienne-services.fr/pas-de-calais/plombier-boubers-sur-canche-62270/debouchage-canalisation,2026-07-22
www.etienne-services.fr,,,https://www.etienne-services.fr/pas-de-calais/plombier-bouin-plumoison-62140/debouchage-canalisation,2026-07-22
www.etienne-services.fr,,,https://www.etienne-services.fr/pas-de-calais/plombier-bouquehault-62340/debouchage-canalisation,2026-07-22
www.etienne-services.fr,,,https://www.etienne-services.fr/pas-de-calais/plombier-bourecq-62190/debouchage-canalisation,2026-07-22
www.etienne-services.fr,,,https://www.etienne-services.fr/pas-de-calais/plombier-bouret-sur-canche-62270/debouchage-canalisation,2026-07-22
www.etienne-services.fr,,,https://www.etienne-services.fr/pas-de-calais/plombier-bourlon-62860/debouchage-canalisation,2026-07-22
www.etienne-services.fr,,,https://www.etienne-services.fr/pas-de-calais/plombier-bournonville-62240/debouchage-canalisation,2026-07-22
www.etienne-services.fr,,,https://www.etienne-services.fr/pas-de-calais/plombier-bours-62550/debouchage-canalisation,2026-07-22
www.etienne-services.fr,,,https://www.etienne-services.fr/pas-de-calais/plombier-boursin-62132/debouchage-canalisation,2026-07-22
www.etienne-services.fr,,,https://www.etienne-services.fr/pas-de-calais/plombier-bourthes-62650/debouchage-canalisation,2026-07-22
www.etienne-services.fr,,,https://www.etienne-services.fr/pas-de-calais/plombier-bouvelinghem-62380/debouchage-canalisation,2026-07-22
www.etienne-services.fr,,,https://www.etienne-services.fr/pas-de-calais/plombier-bouvigny-boyeffles-62172/debouchage-canalisation,2026-07-22
www.etienne-services.fr,,,https://www.etienne-services.fr/pas-de-calais/plombier-boyaval-62134/debouchage-canalisation,2026-07-22
www.etienne-services.fr,,,https://www.etienne-services.fr/pas-de-calais/plombier-boyelles-62128/debouchage-canalisation,2026-07-22
www.etienne-services.fr,,,https://www.etienne-services.fr/pas-de-calais/plombier-brebieres-62117/debouchage-canalisation,2026-07-22
www.etienne-services.fr,,,https://www.etienne-services.fr/pas-de-calais/plombier-bremes-62610/debouchage-canalisation,2026-07-22
www.etienne-services.fr,,,https://www.etienne-services.fr/pas-de-calais/plombier-brevillers-62140/debouchage-canalisation,2026-07-22
www.etienne-services.fr,,,https://www.etienne-services.fr/pas-de-calais/plombier-brexent-enocq-62170/debouchage-canalisation,2026-07-22
www.etienne-services.fr,,,https://www.etienne-services.fr/pas-de-calais/plombier-brias-62130/debouchage-canalisation,2026-07-22
www.etienne-services.fr,,,https://www.etienne-services.fr/pas-de-calais/plombier-brimeux-62170/debouchage-canalisation,2026-07-22
www.etienne-services.fr,,,https://www.etienne-services.fr/pas-de-calais/plombier-brunembert-62240/debouchage-canalisation,2026-07-22
www.etienne-services.fr,,,https://www.etienne-services.fr/pas-de-calais/plombier-bucquoy-62116/debouchage-canalisation,2026-07-22
www.etienne-services.fr,,,https://www.etienne-services.fr/pas-de-calais/plombier-buire-au-bois-62390/debouchage-canalisation,2026-07-22
www.etienne-services.fr,,,https://www.etienne-services.fr/pas-de-calais/plombier-buire-le-sec-62870/debouchage-canalisation,2026-07-22
www.etienne-services.fr,,,https://www.etienne-services.fr/pas-de-calais/plombier-buissy-62860/debouchage-canalisation,2026-07-22
www.etienne-services.fr,,,https://www.etienne-services.fr/pas-de-calais/plombier-bullecourt-62128/debouchage-canalisation,2026-07-22
www.etienne-services.fr,,,https://www.etienne-services.fr/pas-de-calais/plombier-buneville-62130/debouchage-canalisation,2026-07-22
www.etienne-services.fr,,,https://www.etienne-services.fr/pas-de-calais/plombier-burbure-62151/debouchage-canalisation,2026-07-22
www.etienne-services.fr,,,https://www.etienne-services.fr/pas-de-calais/plombier-bus-62124/debouchage-canalisation,2026-07-22
www.etienne-services.fr,,,https://www.etienne-services.fr/pas-de-calais/plombier-busnes-62350/debouchage-canalisation,2026-07-22
www.etienne-services.fr,,,https://www.etienne-services.fr/pas-de-calais/plombier-caffiers-62132/debouchage-canalisation,2026-07-22
www.etienne-services.fr,,,https://www.etienne-services.fr/pas-de-calais/plombier-cagnicourt-62182/debouchage-canalisation,2026-07-22
www.etienne-services.fr,,,https://www.etienne-services.fr/pas-de-calais/plombier-calonne-sur-la-lys-62350/debouchage-canalisation,2026-07-22
www.etienne-services.fr,,,https://www.etienne-services.fr/pas-de-calais/plombier-camblain-chatelain-62470/debouchage-canalisation,2026-07-22
www.etienne-services.fr,,,https://www.etienne-services.fr/pas-de-calais/plombier-camblain-l-abbe-62690/debouchage-canalisation,2026-07-22
www.etienne-services.fr,,,https://www.etienne-services.fr/pas-de-calais/plombier-cambligneul-62690/debouchage-canalisation,2026-07-22
www.etienne-services.fr,,,https://www.etienne-services.fr/pas-de-calais/plombier-cambrin-62149/debouchage-canalisation,2026-07-22
www.etienne-services.fr,,,https://www.etienne-services.fr/pas-de-calais/plombier-camiers-62176/debouchage-canalisation,2026-07-22
www.etienne-services.fr,,,https://www.etienne-services.fr/pas-de-calais/plombier-campagne-les-boulonnais-62650/debouchage-canalisation,2026-07-22
www.etienne-services.fr,,,https://www.etienne-services.fr/pas-de-calais/plombier-campagne-les-guines-62340/debouchage-canalisation,2026-07-22
www.etienne-services.fr,,,https://www.etienne-services.fr/pas-de-calais/plombier-campagne-les-hesdin-62870/debouchage-canalisation,2026-07-22
www.etienne-services.fr,,,https://www.etienne-services.fr/pas-de-calais/plombier-campagne-les-wardrecques-62120/debouchage-canalisation,2026-07-22
www.etienne-services.fr,,,https://www.etienne-services.fr/pas-de-calais/plombier-campigneulles-les-grandes-62170/debouchage-canalisation,2026-07-22
www.etienne-services.fr,,,https://www.etienne-services.fr/pas-de-calais/plombier-campigneulles-les-petites-62170/debouchage-canalisation,2026-07-22
www.etienne-services.fr,,,https://www.etienne-services.fr/pas-de-calais/plombier-canettemont-62270/debouchage-canalisation,2026-07-22
www.etienne-services.fr,,,https://www.etienne-services.fr/pas-de-calais/plombier-canlers-62310/debouchage-canalisation,2026-07-22
www.etienne-services.fr,,,https://www.etienne-services.fr/pas-de-calais/plombier-canteleux-62270/debouchage-canalisation,2026-07-22
www.etienne-services.fr,,,https://www.etienne-services.fr/pas-de-calais/plombier-capelle-fermont-62690/debouchage-canalisation,2026-07-22
www.etienne-services.fr,,,https://www.etienne-services.fr/pas-de-calais/plombier-capelle-les-hesdin-62140/debouchage-canalisation,2026-07-22
www.etienne-services.fr,,,https://www.etienne-services.fr/pas-de-calais/plombier-carency-62144/debouchage-canalisation,2026-07-22
www.etienne-services.fr,,,https://www.etienne-services.fr/pas-de-calais/plombier-carly-62830/debouchage-canalisation,2026-07-22
www.etienne-services.fr,,,https://www.etienne-services.fr/pas-de-calais/plombier-cauchy-a-la-tour-62260/debouchage-canalisation,2026-07-22
www.etienne-services.fr,,,https://www.etienne-services.fr/pas-de-calais/plombier-caucourt-62150/debouchage-canalisation,2026-07-22
www.etienne-services.fr,,,https://www.etienne-services.fr/pas-de-calais/plombier-caumont-62140/debouchage-canalisation,2026-07-22
www.etienne-services.fr,,,https://www.etienne-services.fr/pas-de-calais/plombier-cavron-saint-martin-62140/debouchage-canalisation,2026-07-22
www.etienne-services.fr,,,https://www.etienne-services.fr/pas-de-calais/plombier-chelers-62127/debouchage-canalisation,2026-07-22
www.etienne-services.fr,,,https://www.etienne-services.fr/pas-de-calais/plombier-cheriennes-62140/debouchage-canalisation,2026-07-22
www.etienne-services.fr,,,https://www.etienne-services.fr/pas-de-calais/plombier-cherisy-62128/debouchage-canalisation,2026-07-22
www.etienne-services.fr,,,https://www.etienne-services.fr/pas-de-calais/plombier-chocques-62920/debouchage-canalisation,2026-07-22
www.etienne-services.fr,,,https://www.etienne-services.fr/pas-de-calais/plombier-clairmarais-62500/debouchage-canalisation,2026-07-22
www.etienne-services.fr,,,https://www.etienne-services.fr/pas-de-calais/plombier-clenleu-62650/debouchage-canalisation,2026-07-22
www.etienne-services.fr,,,https://www.etienne-services.fr/pas-de-calais/plombier-clerques-62890/debouchage-canalisation,2026-07-22
www.etienne-services.fr,,,https://www.etienne-services.fr/pas-de-calais/plombier-clety-62380/debouchage-canalisation,2026-07-22
www.etienne-services.fr,,,https://www.etienne-services.fr/pas-de-calais/plombier-colembert-62142/debouchage-canalisation,2026-07-22
www.etienne-services.fr,,,https://www.etienne-services.fr/pas-de-calais/plombier-colline-beaumont-62180/debouchage-canalisation,2026-07-22
www.etienne-services.fr,,,https://www.etienne-services.fr/pas-de-calais/plombier-conchil-le-temple-62180/debouchage-canalisation,2026-07-22
www.etienne-services.fr,,,https://www.etienne-services.fr/pas-de-calais/plombier-conchy-sur-canche-62270/debouchage-canalisation,2026-07-22
www.etienne-services.fr,,,https://www.etienne-services.fr/pas-de-calais/plombier-condette-62360/debouchage-canalisation,2026-07-22
www.etienne-services.fr,,,https://www.etienne-services.fr/pas-de-calais/plombier-contes-62990/debouchage-canalisation,2026-07-22
www.etienne-services.fr,,,https://www.etienne-services.fr/pas-de-calais/plombier-conteville-en-ternois-62130/debouchage-canalisation,2026-07-22
www.etienne-services.fr,,,https://www.etienne-services.fr/pas-de-calais/plombier-conteville-les-boulogne-62126/debouchage-canalisation,2026-07-22
www.etienne-services.fr,,,https://www.etienne-services.fr/pas-de-calais/plombier-coquelles-62231/debouchage-canalisation,2026-07-22
www.etienne-services.fr,,,https://www.etienne-services.fr/pas-de-calais/plombier-corbehem-62112/debouchage-canalisation,2026-07-22
www.etienne-services.fr,,,https://www.etienne-services.fr/pas-de-calais/plombier-cormont-62630/debouchage-canalisation,2026-07-22
www.etienne-services.fr,,,https://www.etienne-services.fr/pas-de-calais/plombier-couin-62760/debouchage-canalisation,2026-07-22
www.etienne-services.fr,,,https://www.etienne-services.fr/pas-de-calais/plombier-coullemont-62158/debouchage-canalisation,2026-07-22
www.etienne-services.fr,,,https://www.etienne-services.fr/pas-de-calais/plombier-coulomby-62380/debouchage-canalisation,2026-07-22
www.etienne-services.fr,,,https://www.etienne-services.fr/pas-de-calais/plombier-coupelle-neuve-62310/debouchage-canalisation,2026-07-22
www.etienne-services.fr,,,https://www.etienne-services.fr/pas-de-calais/plombier-coupelle-vieille-62310/debouchage-canalisation,2026-07-22
www.etienne-services.fr,,,https://www.etienne-services.fr/pas-de-calais/plombier-courcelles-le-comte-62121/debouchage-canalisation,2026-07-22
www.etienne-services.fr,,,https://www.etienne-services.fr/pas-de-calais/plombier-courset-62240/debouchage-canalisation,2026-07-22
www.etienne-services.fr,,,https://www.etienne-services.fr/pas-de-calais/plombier-couturelle-62158/debouchage-canalisation,2026-07-22
www.etienne-services.fr,,,https://www.etienne-services.fr/pas-de-calais/plombier-coyecques-62560/debouchage-canalisation,2026-07-22
www.etienne-services.fr,,,https://www.etienne-services.fr/pas-de-calais/plombier-cremarest-62240/debouchage-canalisation,2026-07-22
www.etienne-services.fr,,,https://www.etienne-services.fr/pas-de-calais/plombier-crepy-62310/debouchage-canalisation,2026-07-22
www.etienne-services.fr,,,https://www.etienne-services.fr/pas-de-calais/plombier-crequy-62310/debouchage-canalisation,2026-07-22
www.etienne-services.fr,,,https://www.etienne-services.fr/pas-de-calais/plombier-croisette-62130/debouchage-canalisation,2026-07-22
www.etienne-services.fr,,,https://www.etienne-services.fr/pas-de-calais/plombier-croisilles-62128/debouchage-canalisation,2026-07-22
www.etienne-services.fr,,,https://www.etienne-services.fr/pas-de-calais/plombier-croix-en-ternois-62130/debouchage-canalisation,2026-07-22
www.etienne-services.fr,,,https://www.etienne-services.fr/pas-de-calais/plombier-cuinchy-62149/debouchage-canalisation,2026-07-22
www.etienne-services.fr,,,https://www.etienne-services.fr/pas-de-calais/plombier-dannes-62187/debouchage-canalisation,2026-07-22
www.etienne-services.fr,,,https://www.etienne-services.fr/pas-de-calais/plombier-delettes-62129/debouchage-canalisation,2026-07-22
www.etienne-services.fr,,,https://www.etienne-services.fr/pas-de-calais/plombier-denier-62810/debouchage-canalisation,2026-07-22
www.etienne-services.fr,,,https://www.etienne-services.fr/pas-de-calais/plombier-dennebroeucq-62560/debouchage-canalisation,2026-07-22
www.etienne-services.fr,,,https://www.etienne-services.fr/pas-de-calais/plombier-dieval-62460/debouchage-canalisation,2026-07-22
www.etienne-services.fr,,,https://www.etienne-services.fr/pas-de-calais/plombier-dohem-62380/debouchage-canalisation,2026-07-22
www.etienne-services.fr,,,https://www.etienne-services.fr/pas-de-calais/plombier-douchy-les-ayette-62116/debouchage-canalisation,2026-07-22
www.etienne-services.fr,,,https://www.etienne-services.fr/pas-de-calais/plombier-doudeauville-62830/debouchage-canalisation,2026-07-22
www.etienne-services.fr,,,https://www.etienne-services.fr/pas-de-calais/plombier-douriez-62870/debouchage-canalisation,2026-07-22
www.etienne-services.fr,,,https://www.etienne-services.fr/pas-de-calais/plombier-drocourt-62320/debouchage-canalisation,2026-07-22
www.etienne-services.fr,,,https://www.etienne-services.fr/pas-de-calais/plombier-drouvin-le-marais-62131/debouchage-canalisation,2026-07-22
www.etienne-services.fr,,,https://www.etienne-services.fr/pas-de-calais/plombier-duisans-62161/debouchage-canalisation,2026-07-22
www.etienne-services.fr,,,https://www.etienne-services.fr/pas-de-calais/plombier-dury-62156/debouchage-canalisation,2026-07-22
www.etienne-services.fr,,,https://www.etienne-services.fr/pas-de-calais/plombier-echinghen-62360/debouchage-canalisation,2026-07-22
www.etienne-services.fr,,,https://www.etienne-services.fr/pas-de-calais/plombier-eclimeux-62770/debouchage-canalisation,2026-07-22
www.etienne-services.fr,,,https://www.etienne-services.fr/pas-de-calais/plombier-ecoivres-62270/debouchage-canalisation,2026-07-22
www.etienne-services.fr,,,https://www.etienne-services.fr/pas-de-calais/plombier-ecourt-saint-quentin-62860/debouchage-canalisation,2026-07-22
www.etienne-services.fr,,,https://www.etienne-services.fr/pas-de-calais/plombier-ecoust-saint-mein-62128/debouchage-canalisation,2026-07-22
www.etienne-services.fr,,,https://www.etienne-services.fr/pas-de-calais/plombier-ecquedecques-62190/debouchage-canalisation,2026-07-22
www.etienne-services.fr,,,https://www.etienne-services.fr/pas-de-calais/plombier-ecques-62129/debouchage-canalisation,2026-07-22
www.etienne-services.fr,,,https://www.etienne-services.fr/pas-de-calais/plombier-ecuires-62170/debouchage-canalisation,2026-07-22
www.etienne-services.fr,,,https://www.etienne-services.fr/pas-de-calais/plombier-ecurie-62223/debouchage-canalisation,2026-07-22
www.etienne-services.fr,,,https://www.etienne-services.fr/pas-de-calais/plombier-eleu-dit-leauwette-62300/debouchage-canalisation,2026-07-22
www.etienne-services.fr,,,https://www.etienne-services.fr/pas-de-calais/plombier-elnes-62380/debouchage-canalisation,2026-07-22
www.etienne-services.fr,,,https://www.etienne-services.fr/pas-de-calais/plombier-embry-62990/debouchage-canalisation,2026-07-22
www.etienne-services.fr,,,https://www.etienne-services.fr/pas-de-calais/plombier-enguinegatte-62145/debouchage-canalisation,2026-07-22
www.etienne-services.fr,,,https://www.etienne-services.fr/pas-de-calais/plombier-enquin-les-mines-62145/debouchage-canalisation,2026-07-22
www.etienne-services.fr,,,https://www.etienne-services.fr/pas-de-calais/plombier-enquin-sur-baillons-62650/debouchage-canalisation,2026-07-22
www.etienne-services.fr,,,https://www.etienne-services.fr/pas-de-calais/plombier-eperlecques-62910/debouchage-canalisation,2026-07-22
www.etienne-services.fr,,,https://www.etienne-services.fr/pas-de-calais/plombier-epinoy-62860/debouchage-canalisation,2026-07-22
www.etienne-services.fr,,,https://www.etienne-services.fr/pas-de-calais/plombier-eps-62134/debouchage-canalisation,2026-07-22
www.etienne-services.fr,,,https://www.etienne-services.fr/pas-de-calais/plombier-equihen-plage-62224/debouchage-canalisation,2026-07-22
www.etienne-services.fr,,,https://www.etienne-services.fr/pas-de-calais/plombier-equirre-62134/debouchage-canalisation,2026-07-22
www.etienne-services.fr,,,https://www.etienne-services.fr/pas-de-calais/plombier-ergny-62650/debouchage-canalisation,2026-07-22
www.etienne-services.fr,,,https://www.etienne-services.fr/pas-de-calais/plombier-erin-62134/debouchage-canalisation,2026-07-22
www.etienne-services.fr,,,https://www.etienne-services.fr/pas-de-calais/plombier-erny-saint-julien-62960/debouchage-canalisation,2026-07-22
www.etienne-services.fr,,,https://www.etienne-services.fr/pas-de-calais/plombier-ervillers-62121/debouchage-canalisation,2026-07-22
www.etienne-services.fr,,,https://www.etienne-services.fr/pas-de-calais/plombier-escalles-62179/debouchage-canalisation,2026-07-22
www.etienne-services.fr,,,https://www.etienne-services.fr/pas-de-calais/plombier-escoeuilles-62850/debouchage-canalisation,2026-07-22
www.etienne-services.fr,,,https://www.etienne-services.fr/pas-de-calais/plombier-esquerdes-62380/debouchage-canalisation,2026-07-22
www.etienne-services.fr,,,https://www.etienne-services.fr/pas-de-calais/plombier-essars-62400/debouchage-canalisation,2026-07-22
www.etienne-services.fr,,,https://www.etienne-services.fr/pas-de-calais/plombier-estevelles-62880/debouchage-canalisation,2026-07-22
www.etienne-services.fr,,,https://www.etienne-services.fr/pas-de-calais/plombier-estree-62170/debouchage-canalisation,2026-07-22
www.etienne-services.fr,,,https://www.etienne-services.fr/pas-de-calais/plombier-estree-blanche-62145/debouchage-canalisation,2026-07-22
www.etienne-services.fr,,,https://www.etienne-services.fr/pas-de-calais/plombier-estree-cauchy-62690/debouchage-canalisation,2026-07-22
www.etienne-services.fr,,,https://www.etienne-services.fr/pas-de-calais/plombier-estree-wamin-62810/debouchage-canalisation,2026-07-22
www.etienne-services.fr,,,https://www.etienne-services.fr/pas-de-calais/plombier-estreelles-62170/debouchage-canalisation,2026-07-22
www.etienne-services.fr,,,https://www.etienne-services.fr/pas-de-calais/plombier-etaing-62156/debouchage-canalisation,2026-07-22
www.etienne-services.fr,,,https://www.etienne-services.fr/pas-de-calais/plombier-eterpigny-62156/debouchage-canalisation,2026-07-22
www.etienne-services.fr,,,https://www.etienne-services.fr/pas-de-calais/plombier-etrun-62161/debouchage-canalisation,2026-07-22
www.etienne-services.fr,,,https://www.etienne-services.fr/pas-de-calais/plombier-evin-malmaison-62141/debouchage-canalisation,2026-07-22
www.etienne-services.fr,,,https://www.etienne-services.fr/pas-de-calais/plombier-famechon-62760/debouchage-canalisation,2026-07-22
www.etienne-services.fr,,,https://www.etienne-services.fr/pas-de-calais/plombier-fampoux-62118/debouchage-canalisation,2026-07-22
www.etienne-services.fr,,,https://www.etienne-services.fr/pas-de-calais/plombier-farbus-62580/debouchage-canalisation,2026-07-22
www.etienne-services.fr,,,https://www.etienne-services.fr/pas-de-calais/plombier-fauquembergues-62560/debouchage-canalisation,2026-07-22
www.etienne-services.fr,,,https://www.etienne-services.fr/pas-de-calais/plombier-favreuil-62450/debouchage-canalisation,2026-07-22
www.etienne-services.fr,,,https://www.etienne-services.fr/pas-de-calais/plombier-febvin-palfart-62960/debouchage-canalisation,2026-07-22
www.etienne-services.fr,,,https://www.etienne-services.fr/pas-de-calais/plombier-ferfay-62260/debouchage-canalisation,2026-07-22
www.etienne-services.fr,,,https://www.etienne-services.fr/pas-de-calais/plombier-ferques-62250/debouchage-canalisation,2026-07-22
www.etienne-services.fr,,,https://www.etienne-services.fr/pas-de-calais/plombier-festubert-62149/debouchage-canalisation,2026-07-22
www.etienne-services.fr,,,https://www.etienne-services.fr/pas-de-calais/plombier-feuchy-62223/debouchage-canalisation,2026-07-22
www.etienne-services.fr,,,https://www.etienne-services.fr/pas-de-calais/plombier-ficheux-62173/debouchage-canalisation,2026-07-22
www.etienne-services.fr,,,https://www.etienne-services.fr/pas-de-calais/plombier-fiefs-62134/debouchage-canalisation,2026-07-22
www.etienne-services.fr,,,https://www.etienne-services.fr/pas-de-calais/plombier-fiennes-62132/debouchage-canalisation,2026-07-22
www.etienne-services.fr,,,https://www.etienne-services.fr/pas-de-calais/plombier-fillievres-62770/debouchage-canalisation,2026-07-22
www.etienne-services.fr,,,https://www.etienne-services.fr/pas-de-calais/plombier-flechin-62960/debouchage-canalisation,2026-07-22
www.etienne-services.fr,,,https://www.etienne-services.fr/pas-de-calais/plombier-flers-62270/debouchage-canalisation,2026-07-22
www.etienne-services.fr,,,https://www.etienne-services.fr/pas-de-calais/plombier-fleurbaix-62840/debouchage-canalisation,2026-07-22
www.etienne-services.fr,,,https://www.etienne-services.fr/pas-de-calais/plombier-fleury-62134/debouchage-canalisation,2026-07-22
www.etienne-services.fr,,,https://www.etienne-services.fr/pas-de-calais/plombier-floringhem-62550/debouchage-canalisation,2026-07-22
www.etienne-services.fr,,,https://www.etienne-services.fr/pas-de-calais/plombier-foncquevillers-62111/debouchage-canalisation,2026-07-22
www.etienne-services.fr,,,https://www.etienne-services.fr/pas-de-calais/plombier-fontaine-l-etalon-62390/debouchage-canalisation,2026-07-22
www.etienne-services.fr,,,https://www.etienne-services.fr/pas-de-calais/plombier-fontaine-les-boulans-62134/debouchage-canalisation,2026-07-22
www.etienne-services.fr,,,https://www.etienne-services.fr/pas-de-calais/plombier-fontaine-les-croisilles-62128/debouchage-canalisation,2026-07-22
www.etienne-services.fr,,,https://www.etienne-services.fr/pas-de-calais/plombier-fontaine-les-hermans-62550/debouchage-canalisation,2026-07-22
www.etienne-services.fr,,,https://www.etienne-services.fr/pas-de-calais/plombier-fortel-en-artois-62270/debouchage-canalisation,2026-07-22
www.etienne-services.fr,,,https://www.etienne-services.fr/pas-de-calais/plombier-fosseux-62810/debouchage-canalisation,2026-07-22
www.etienne-services.fr,,,https://www.etienne-services.fr/pas-de-calais/plombier-foufflin-ricametz-62130/debouchage-canalisation,2026-07-22
www.etienne-services.fr,,,https://www.etienne-services.fr/pas-de-calais/plombier-fouquereuil-62232/debouchage-canalisation,2026-07-22
www.etienne-services.fr,,,https://www.etienne-services.fr/pas-de-calais/plombier-fouquieres-les-bethune-62232/debouchage-canalisation,2026-07-22
www.etienne-services.fr,,,https://www.etienne-services.fr/pas-de-calais/plombier-framecourt-62130/debouchage-canalisation,2026-07-22
www.etienne-services.fr,,,https://www.etienne-services.fr/pas-de-calais/plombier-fremicourt-62450/debouchage-canalisation,2026-07-22
www.etienne-services.fr,,,https://www.etienne-services.fr/pas-de-calais/plombier-frencq-62630/debouchage-canalisation,2026-07-22
www.etienne-services.fr,,,https://www.etienne-services.fr/pas-de-calais/plombier-fresnes-les-montauban-62490/debouchage-canalisation,2026-07-22
www.etienne-services.fr,,,https://www.etienne-services.fr/pas-de-calais/plombier-fresnicourt-le-dolmen-62150/debouchage-canalisation,2026-07-22
www.etienne-services.fr,,,https://www.etienne-services.fr/pas-de-calais/plombier-fresnoy-62770/debouchage-canalisation,2026-07-22
www.etienne-services.fr,,,https://www.etienne-services.fr/pas-de-calais/plombier-fresnoy-en-gohelle-62580/debouchage-canalisation,2026-07-22
www.etienne-services.fr,,,https://www.etienne-services.fr/pas-de-calais/plombier-fressin-62140/debouchage-canalisation,2026-07-22
www.etienne-services.fr,,,https://www.etienne-services.fr/pas-de-calais/plombier-frethun-62185/debouchage-canalisation,2026-07-22
www.etienne-services.fr,,,https://www.etienne-services.fr/pas-de-calais/plombier-frevent-62270/debouchage-canalisation,2026-07-22
www.etienne-services.fr,,,https://www.etienne-services.fr/pas-de-calais/plombier-frevillers-62127/debouchage-canalisation,2026-07-22
www.etienne-services.fr,,,https://www.etienne-services.fr/pas-de-calais/plombier-frevin-capelle-62690/debouchage-canalisation,2026-07-22
www.etienne-services.fr,,,https://www.etienne-services.fr/pas-de-calais/plombier-fruges-62310/debouchage-canalisation,2026-07-22
www.etienne-services.fr,,,https://www.etienne-services.fr/pas-de-calais/plombier-galametz-62770/debouchage-canalisation,2026-07-22
www.etienne-services.fr,,,https://www.etienne-services.fr/pas-de-calais/plombier-gauchin-legal-62150/debouchage-canalisation,2026-07-22
www.etienne-services.fr,,,https://www.etienne-services.fr/pas-de-calais/plombier-gauchin-verloingt-62130/debouchage-canalisation,2026-07-22
www.etienne-services.fr,,,https://www.etienne-services.fr/pas-de-calais/plombier-gaudiempre-62760/debouchage-canalisation,2026-07-22
www.etienne-services.fr,,,https://www.etienne-services.fr/pas-de-calais/plombier-gavrelle-62580/debouchage-canalisation,2026-07-22
www.etienne-services.fr,,,https://www.etienne-services.fr/pas-de-calais/plombier-gennes-ivergny-62390/debouchage-canalisation,2026-07-22
www.etienne-services.fr,,,https://www.etienne-services.fr/pas-de-calais/plombier-givenchy-en-gohelle-62580/debouchage-canalisation,2026-07-22
www.etienne-services.fr,,,https://www.etienne-services.fr/pas-de-calais/plombier-givenchy-le-noble-62810/debouchage-canalisation,2026-07-22
www.etienne-services.fr,,,https://www.etienne-services.fr/pas-de-calais/plombier-givenchy-les-la-bassee-62149/debouchage-canalisation,2026-07-22
www.etienne-services.fr,,,https://www.etienne-services.fr/pas-de-calais/plombier-gomiecourt-62121/debouchage-canalisation,2026-07-22
www.etienne-services.fr,,,https://www.etienne-services.fr/pas-de-calais/plombier-gommecourt-62111/debouchage-canalisation,2026-07-22
www.etienne-services.fr,,,https://www.etienne-services.fr/pas-de-calais/plombier-gonnehem-62920/debouchage-canalisation,2026-07-22
www.etienne-services.fr,,,https://www.etienne-services.fr/pas-de-calais/plombier-gosnay-62199/debouchage-canalisation,2026-07-22
www.etienne-services.fr,,,https://www.etienne-services.fr/pas-de-calais/plombier-gouves-62123/debouchage-canalisation,2026-07-22
www.etienne-services.fr,,,https://www.etienne-services.fr/pas-de-calais/plombier-gouy-en-artois-62123/debouchage-canalisation,2026-07-22
www.etienne-services.fr,,,https://www.etienne-services.fr/pas-de-calais/plombier-gouy-en-ternois-62127/debouchage-canalisation,2026-07-22
www.etienne-services.fr,,,https://www.etienne-services.fr/pas-de-calais/plombier-gouy-saint-andre-62870/debouchage-canalisation,2026-07-22
www.etienne-services.fr,,,https://www.etienne-services.fr/pas-de-calais/plombier-gouy-servins-62530/debouchage-canalisation,2026-07-22
www.etienne-services.fr,,,https://www.etienne-services.fr/pas-de-calais/plombier-gouy-sous-bellonne-62112/debouchage-canalisation,2026-07-22
www.etienne-services.fr,,,https://www.etienne-services.fr/pas-de-calais/plombier-graincourt-les-havrincourt-62147/debouchage-canalisation,2026-07-22
www.etienne-services.fr,,,https://www.etienne-services.fr/pas-de-calais/plombier-grand-rullecourt-62810/debouchage-canalisation,2026-07-22
www.etienne-services.fr,,,https://www.etienne-services.fr/pas-de-calais/plombier-grevillers-62450/debouchage-canalisation,2026-07-22
www.etienne-services.fr,,,https://www.etienne-services.fr/pas-de-calais/plombier-grigny-62140/debouchage-canalisation,2026-07-22
www.etienne-services.fr,,,https://www.etienne-services.fr/pas-de-calais/plombier-grincourt-les-pas-62760/debouchage-canalisation,2026-07-22
www.etienne-services.fr,,,https://www.etienne-services.fr/pas-de-calais/plombier-groffliers-62600/debouchage-canalisation,2026-07-22
www.etienne-services.fr,,,https://www.etienne-services.fr/pas-de-calais/plombier-guarbecque-62330/debouchage-canalisation,2026-07-22
www.etienne-services.fr,,,https://www.etienne-services.fr/pas-de-calais/plombier-guemappe-62128/debouchage-canalisation,2026-07-22
www.etienne-services.fr,,,https://www.etienne-services.fr/pas-de-calais/plombier-guemps-62370/debouchage-canalisation,2026-07-22
www.etienne-services.fr,,,https://www.etienne-services.fr/pas-de-calais/plombier-guigny-62140/debouchage-canalisation,2026-07-22
www.etienne-services.fr,,,https://www.etienne-services.fr/pas-de-calais/plombier-guinecourt-62130/debouchage-canalisation,2026-07-22
www.etienne-services.fr,,,https://www.etienne-services.fr/pas-de-calais/plombier-guisy-62140/debouchage-canalisation,2026-07-22
www.etienne-services.fr,,,https://www.etienne-services.fr/pas-de-calais/plombier-habarcq-62123/debouchage-canalisation,2026-07-22
www.etienne-services.fr,,,https://www.etienne-services.fr/pas-de-calais/plombier-haillicourt-62940/debouchage-canalisation,2026-07-22
www.etienne-services.fr,,,https://www.etienne-services.fr/pas-de-calais/plombier-haisnes-62138/debouchage-canalisation,2026-07-22
www.etienne-services.fr,,,https://www.etienne-services.fr/pas-de-calais/plombier-halinghen-62830/debouchage-canalisation,2026-07-22
www.etienne-services.fr,,,https://www.etienne-services.fr/pas-de-calais/plombier-hallines-62570/debouchage-canalisation,2026-07-22
www.etienne-services.fr,,,https://www.etienne-services.fr/pas-de-calais/plombier-halloy-62760/debouchage-canalisation,2026-07-22
www.etienne-services.fr,,,https://www.etienne-services.fr/pas-de-calais/plombier-ham-en-artois-62190/debouchage-canalisation,2026-07-22
www.etienne-services.fr,,,https://www.etienne-services.fr/pas-de-calais/plombier-hamblain-les-pres-62118/debouchage-canalisation,2026-07-22
www.etienne-services.fr,,,https://www.etienne-services.fr/pas-de-calais/plombier-hamelincourt-62121/debouchage-canalisation,2026-07-22
www.etienne-services.fr,,,https://www.etienne-services.fr/pas-de-calais/plombier-hames-boucres-62340/debouchage-canalisation,2026-07-22
www.etienne-services.fr,,,https://www.etienne-services.fr/pas-de-calais/plombier-hannescamps-62111/debouchage-canalisation,2026-07-22
www.etienne-services.fr,,,https://www.etienne-services.fr/pas-de-calais/plombier-haplincourt-62124/debouchage-canalisation,2026-07-22
www.etienne-services.fr,,,https://www.etienne-services.fr/pas-de-calais/plombier-haravesnes-62390/debouchage-canalisation,2026-07-22
www.etienne-services.fr,,,https://www.etienne-services.fr/pas-de-calais/plombier-hardinghen-62132/debouchage-canalisation,2026-07-22
www.etienne-services.fr,,,https://www.etienne-services.fr/pas-de-calais/plombier-haucourt-62156/debouchage-canalisation,2026-07-22
www.etienne-services.fr,,,https://www.etienne-services.fr/pas-de-calais/plombier-haut-loquin-62850/debouchage-canalisation,2026-07-22
www.etienne-services.fr,,,https://www.etienne-services.fr/pas-de-calais/plombier-haute-avesnes-62144/debouchage-canalisation,2026-07-22
www.etienne-services.fr,,,https://www.etienne-services.fr/pas-de-calais/plombier-hautecloque-62130/debouchage-canalisation,2026-07-22
www.etienne-services.fr,,,https://www.etienne-services.fr/pas-de-calais/plombier-hauteville-62810/debouchage-canalisation,2026-07-22
www.etienne-services.fr,,,https://www.etienne-services.fr/pas-de-calais/plombier-havrincourt-62147/debouchage-canalisation,2026-07-22
www.etienne-services.fr,,,https://www.etienne-services.fr/pas-de-calais/plombier-hebuterne-62111/debouchage-canalisation,2026-07-22
www.etienne-services.fr,,,https://www.etienne-services.fr/pas-de-calais/plombier-helfaut-62570/debouchage-canalisation,2026-07-22
www.etienne-services.fr,,,https://www.etienne-services.fr/pas-de-calais/plombier-hendecourt-les-cagnicourt-62182/debouchage-canalisation,2026-07-22
www.etienne-services.fr,,,https://www.etienne-services.fr/pas-de-calais/plombier-hendecourt-les-ransart-62175/debouchage-canalisation,2026-07-22
www.etienne-services.fr,,,https://www.etienne-services.fr/pas-de-calais/plombier-henin-sur-cojeul-62128/debouchage-canalisation,2026-07-22
www.etienne-services.fr,,,https://www.etienne-services.fr/pas-de-calais/plombier-heninel-62128/debouchage-canalisation,2026-07-22
www.etienne-services.fr,,,https://www.etienne-services.fr/pas-de-calais/plombier-henneveux-62142/debouchage-canalisation,2026-07-22
www.etienne-services.fr,,,https://www.etienne-services.fr/pas-de-calais/plombier-henu-62760/debouchage-canalisation,2026-07-22
www.etienne-services.fr,,,https://www.etienne-services.fr/pas-de-calais/plombier-herbelles-62129/debouchage-canalisation,2026-07-22
www.etienne-services.fr,,,https://www.etienne-services.fr/pas-de-calais/plombier-herbinghen-62850/debouchage-canalisation,2026-07-22
www.etienne-services.fr,,,https://www.etienne-services.fr/pas-de-calais/plombier-hericourt-62130/debouchage-canalisation,2026-07-22
www.etienne-services.fr,,,https://www.etienne-services.fr/pas-de-calais/plombier-herlin-le-sec-62130/debouchage-canalisation,2026-07-22
www.etienne-services.fr,,,https://www.etienne-services.fr/pas-de-calais/plombier-herlincourt-62130/debouchage-canalisation,2026-07-22
www.etienne-services.fr,,,https://www.etienne-services.fr/pas-de-calais/plombier-herly-62650/debouchage-canalisation,2026-07-22
www.etienne-services.fr,,,https://www.etienne-services.fr/pas-de-calais/plombier-hermaville-62690/debouchage-canalisation,2026-07-22
www.etienne-services.fr,,,https://www.etienne-services.fr/pas-de-calais/plombier-hermelinghen-62132/debouchage-canalisation,2026-07-22
www.etienne-services.fr,,,https://www.etienne-services.fr/pas-de-calais/plombier-hermies-62147/debouchage-canalisation,2026-07-22
www.etienne-services.fr,,,https://www.etienne-services.fr/pas-de-calais/plombier-hermin-62150/debouchage-canalisation,2026-07-22
www.etienne-services.fr,,,https://www.etienne-services.fr/pas-de-calais/plombier-hernicourt-62130/debouchage-canalisation,2026-07-22
www.etienne-services.fr,,,https://www.etienne-services.fr/pas-de-calais/plombier-hervelinghen-62179/debouchage-canalisation,2026-07-22
www.etienne-services.fr,,,https://www.etienne-services.fr/pas-de-calais/plombier-hesdigneul-les-bethune-62196/debouchage-canalisation,2026-07-22
www.etienne-services.fr,,,https://www.etienne-services.fr/pas-de-calais/plombier-hesdigneul-les-boulogne-62360/debouchage-canalisation,2026-07-22
www.etienne-services.fr,,,https://www.etienne-services.fr/pas-de-calais/plombier-hesdin-62140/debouchage-canalisation,2026-07-22
www.etienne-services.fr,,,https://www.etienne-services.fr/pas-de-calais/plombier-hesdin-l-abbe-62360/debouchage-canalisation,2026-07-22
www.etienne-services.fr,,,https://www.etienne-services.fr/pas-de-calais/plombier-hesmond-62990/debouchage-canalisation,2026-07-22
www.etienne-services.fr,,,https://www.etienne-services.fr/pas-de-calais/plombier-hestrus-62550/debouchage-canalisation,2026-07-22
www.etienne-services.fr,,,https://www.etienne-services.fr/pas-de-calais/plombier-heuchin-62134/debouchage-canalisation,2026-07-22
www.etienne-services.fr,,,https://www.etienne-services.fr/pas-de-calais/plombier-heuringhem-62575/debouchage-canalisation,2026-07-22
www.etienne-services.fr,,,https://www.etienne-services.fr/pas-de-calais/plombier-hezecques-62310/debouchage-canalisation,2026-07-22
www.etienne-services.fr,,,https://www.etienne-services.fr/pas-de-calais/plombier-hinges-62232/debouchage-canalisation,2026-07-22
www.etienne-services.fr,,,https://www.etienne-services.fr/pas-de-calais/plombier-hocquinghen-62850/debouchage-canalisation,2026-07-22
www.etienne-services.fr,,,https://www.etienne-services.fr/pas-de-calais/plombier-houchin-62620/debouchage-canalisation,2026-07-22
www.etienne-services.fr,,,https://www.etienne-services.fr/pas-de-calais/plombier-houlle-62910/debouchage-canalisation,2026-07-22
www.etienne-services.fr,,,https://www.etienne-services.fr/pas-de-calais/plombier-houvin-houvigneul-62270/debouchage-canalisation,2026-07-22
www.etienne-services.fr,,,https://www.etienne-services.fr/pas-de-calais/plombier-hubersent-62630/debouchage-canalisation,2026-07-22
www.etienne-services.fr,,,https://www.etienne-services.fr/pas-de-calais/plombier-huby-saint-leu-62140/debouchage-canalisation,2026-07-22
www.etienne-services.fr,,,https://www.etienne-services.fr/pas-de-calais/plombier-huclier-62130/debouchage-canalisation,2026-07-22
www.etienne-services.fr,,,https://www.etienne-services.fr/pas-de-calais/plombier-hucqueliers-62650/debouchage-canalisation,2026-07-22
www.etienne-services.fr,,,https://www.etienne-services.fr/pas-de-calais/plombier-hulluch-62410/debouchage-canalisation,2026-07-22
www.etienne-services.fr,,,https://www.etienne-services.fr/pas-de-calais/plombier-humbercamps-62158/debouchage-canalisation,2026-07-22
www.etienne-services.fr,,,https://www.etienne-services.fr/pas-de-calais/plombier-humbert-62650/debouchage-canalisation,2026-07-22
www.etienne-services.fr,,,https://www.etienne-services.fr/pas-de-calais/plombier-humeroeuille-62130/debouchage-canalisation,2026-07-22
www.etienne-services.fr,,,https://www.etienne-services.fr/pas-de-calais/plombier-humieres-62130/debouchage-canalisation,2026-07-22
www.etienne-services.fr,,,https://www.etienne-services.fr/pas-de-calais/plombier-inchy-en-artois-62860/debouchage-canalisation,2026-07-22
www.etienne-services.fr,,,https://www.etienne-services.fr/pas-de-calais/plombier-incourt-62770/debouchage-canalisation,2026-07-22
www.etienne-services.fr,,,https://www.etienne-services.fr/pas-de-calais/plombier-inghem-62129/debouchage-canalisation,2026-07-22
www.etienne-services.fr,,,https://www.etienne-services.fr/pas-de-calais/plombier-inxent-62170/debouchage-canalisation,2026-07-22
www.etienne-services.fr,,,https://www.etienne-services.fr/pas-de-calais/plombier-isques-62360/debouchage-canalisation,2026-07-22
www.etienne-services.fr,,,https://www.etienne-services.fr/pas-de-calais/plombier-ivergny-62810/debouchage-canalisation,2026-07-22
www.etienne-services.fr,,,https://www.etienne-services.fr/pas-de-calais/plombier-izel-les-equerchin-62490/debouchage-canalisation,2026-07-22
www.etienne-services.fr,,,https://www.etienne-services.fr/pas-de-calais/plombier-izel-les-hameau-62690/debouchage-canalisation,2026-07-22
www.etienne-services.fr,,,https://www.etienne-services.fr/pas-de-calais/plombier-journy-62850/debouchage-canalisation,2026-07-22
www.etienne-services.fr,,,https://www.etienne-services.fr/pas-de-calais/plombier-la-calotterie-62170/debouchage-canalisation,2026-07-22
www.etienne-services.fr,,,https://www.etienne-services.fr/pas-de-calais/plombier-la-capelle-les-boulogne-62360/debouchage-canalisation,2026-07-22
www.etienne-services.fr,,,https://www.etienne-services.fr/pas-de-calais/plombier-la-cauchie-62158/debouchage-canalisation,2026-07-22
www.etienne-services.fr,,,https://www.etienne-services.fr/pas-de-calais/plombier-la-comte-62150/debouchage-canalisation,2026-07-22
www.etienne-services.fr,,,https://www.etienne-services.fr/pas-de-calais/plombier-la-couture-62136/debouchage-canalisation,2026-07-22
www.etienne-services.fr,,,https://www.etienne-services.fr/pas-de-calais/plombier-la-herliere-62158/debouchage-canalisation,2026-07-22
www.etienne-services.fr,,,https://www.etienne-services.fr/pas-de-calais/plombier-la-loge-62140/debouchage-canalisation,2026-07-22
www.etienne-services.fr,,,https://www.etienne-services.fr/pas-de-calais/plombier-la-madelaine-sous-montreuil-62170/debouchage-canalisation,2026-07-22
www.etienne-services.fr,,,https://www.etienne-services.fr/pas-de-calais/plombier-la-thieuloye-62130/debouchage-canalisation,2026-07-22
www.etienne-services.fr,,,https://www.etienne-services.fr/pas-de-calais/plombier-labeuvriere-62122/debouchage-canalisation,2026-07-22
www.etienne-services.fr,,,https://www.etienne-services.fr/pas-de-calais/plombier-labourse-62113/debouchage-canalisation,2026-07-22
www.etienne-services.fr,,,https://www.etienne-services.fr/pas-de-calais/plombier-labroye-62140/debouchage-canalisation,2026-07-22
www.etienne-services.fr,,,https://www.etienne-services.fr/pas-de-calais/plombier-lacres-62830/debouchage-canalisation,2026-07-22
www.etienne-services.fr,,,https://www.etienne-services.fr/pas-de-calais/plombier-lagnicourt-marcel-62159/debouchage-canalisation,2026-07-22
www.etienne-services.fr,,,https://www.etienne-services.fr/pas-de-calais/plombier-laires-62960/debouchage-canalisation,2026-07-22
www.etienne-services.fr,,,https://www.etienne-services.fr/pas-de-calais/plombier-lambres-62120/debouchage-canalisation,2026-07-22
www.etienne-services.fr,,,https://www.etienne-services.fr/pas-de-calais/plombier-landrethun-le-nord-62250/debouchage-canalisation,2026-07-22
www.etienne-services.fr,,,https://www.etienne-services.fr/pas-de-calais/plombier-landrethun-les-ardres-62610/debouchage-canalisation,2026-07-22
www.etienne-services.fr,,,https://www.etienne-services.fr/pas-de-calais/plombier-lapugnoy-62122/debouchage-canalisation,2026-07-22
www.etienne-services.fr,,,https://www.etienne-services.fr/pas-de-calais/plombier-lattre-saint-quentin-62810/debouchage-canalisation,2026-07-22
www.etienne-services.fr,,,https://www.etienne-services.fr/pas-de-calais/plombier-laventie-62840/debouchage-canalisation,2026-07-22
www.etienne-services.fr,,,https://www.etienne-services.fr/pas-de-calais/plombier-le-parcq-62770/debouchage-canalisation,2026-07-22
www.etienne-services.fr,,,https://www.etienne-services.fr/pas-de-calais/plombier-le-ponchel-62390/debouchage-canalisation,2026-07-22
www.etienne-services.fr,,,https://www.etienne-services.fr/pas-de-calais/plombier-le-quesnoy-en-artois-62140/debouchage-canalisation,2026-07-22
www.etienne-services.fr,,,https://www.etienne-services.fr/pas-de-calais/plombier-le-sars-62450/debouchage-canalisation,2026-07-22
www.etienne-services.fr,,,https://www.etienne-services.fr/pas-de-calais/plombier-le-souich-62810/debouchage-canalisation,2026-07-22
www.etienne-services.fr,,,https://www.etienne-services.fr/pas-de-calais/plombier-le-transloy-62450/debouchage-canalisation,2026-07-22
www.etienne-services.fr,,,https://www.etienne-services.fr/pas-de-calais/plombier-le-wast-62142/debouchage-canalisation,2026-07-22
www.etienne-services.fr,,,https://www.etienne-services.fr/pas-de-calais/plombier-lebiez-62990/debouchage-canalisation,2026-07-22
www.etienne-services.fr,,,https://www.etienne-services.fr/pas-de-calais/plombier-lebucquiere-62124/debouchage-canalisation,2026-07-22
www.etienne-services.fr,,,https://www.etienne-services.fr/pas-de-calais/plombier-lechelle-62124/debouchage-canalisation,2026-07-22
www.etienne-services.fr,,,https://www.etienne-services.fr/pas-de-calais/plombier-ledinghem-62380/debouchage-canalisation,2026-07-22
www.etienne-services.fr,,,https://www.etienne-services.fr/pas-de-calais/plombier-lefaux-62630/debouchage-canalisation,2026-07-22
www.etienne-services.fr,,,https://www.etienne-services.fr/pas-de-calais/plombier-lepine-62170/debouchage-canalisation,2026-07-22
www.etienne-services.fr,,,https://www.etienne-services.fr/pas-de-calais/plombier-les-attaques-62730/debouchage-canalisation,2026-07-22
www.etienne-services.fr,,,https://www.etienne-services.fr/pas-de-calais/plombier-lespesses-62190/debouchage-canalisation,2026-07-22
www.etienne-services.fr,,,https://www.etienne-services.fr/pas-de-calais/plombier-lespinoy-62990/debouchage-canalisation,2026-07-22
www.etienne-services.fr,,,https://www.etienne-services.fr/pas-de-calais/plombier-lestrem-62136/debouchage-canalisation,2026-07-22
www.etienne-services.fr,,,https://www.etienne-services.fr/pas-de-calais/plombier-leubringhen-62250/debouchage-canalisation,2026-07-22
www.etienne-services.fr,,,https://www.etienne-services.fr/pas-de-calais/plombier-leulinghem-62500/debouchage-canalisation,2026-07-22
www.etienne-services.fr,,,https://www.etienne-services.fr/pas-de-calais/plombier-leulinghen-bernes-62250/debouchage-canalisation,2026-07-22
www.etienne-services.fr,,,https://www.etienne-services.fr/pas-de-calais/plombier-licques-62850/debouchage-canalisation,2026-07-22
www.etienne-services.fr,,,https://www.etienne-services.fr/pas-de-calais/plombier-liencourt-62810/debouchage-canalisation,2026-07-22
www.etienne-services.fr,,,https://www.etienne-services.fr/pas-de-calais/plombier-lieres-62190/debouchage-canalisation,2026-07-22
www.etienne-services.fr,,,https://www.etienne-services.fr/pas-de-calais/plombier-liettres-62145/debouchage-canalisation,2026-07-22
www.etienne-services.fr,,,https://www.etienne-services.fr/pas-de-calais/plombier-lignereuil-62810/debouchage-canalisation,2026-07-22
www.etienne-services.fr,,,https://www.etienne-services.fr/pas-de-calais/plombier-ligny-les-aire-62960/debouchage-canalisation,2026-07-22
www.etienne-services.fr,,,https://www.etienne-services.fr/pas-de-calais/plombier-ligny-saint-flochel-62127/debouchage-canalisation,2026-07-22
www.etienne-services.fr,,,https://www.etienne-services.fr/pas-de-calais/plombier-ligny-sur-canche-62270/debouchage-canalisation,2026-07-22
www.etienne-services.fr,,,https://www.etienne-services.fr/pas-de-calais/plombier-ligny-thilloy-62450/debouchage-canalisation,2026-07-22
www.etienne-services.fr,,,https://www.etienne-services.fr/pas-de-calais/plombier-linghem-62120/debouchage-canalisation,2026-07-22
www.etienne-services.fr,,,https://www.etienne-services.fr/pas-de-calais/plombier-linzeux-62270/debouchage-canalisation,2026-07-22
www.etienne-services.fr,,,https://www.etienne-services.fr/pas-de-calais/plombier-lisbourg-62134/debouchage-canalisation,2026-07-22
www.etienne-services.fr,,,https://www.etienne-services.fr/pas-de-calais/plombier-locon-62400/debouchage-canalisation,2026-07-22
www.etienne-services.fr,,,https://www.etienne-services.fr/pas-de-calais/plombier-loison-sur-crequoise-62990/debouchage-canalisation,2026-07-22
www.etienne-services.fr,,,https://www.etienne-services.fr/pas-de-calais/plombier-longfosse-62240/debouchage-canalisation,2026-07-22
www.etienne-services.fr,,,https://www.etienne-services.fr/pas-de-calais/plombier-longueville-62142/debouchage-canalisation,2026-07-22
www.etienne-services.fr,,,https://www.etienne-services.fr/pas-de-calais/plombier-longvilliers-62630/debouchage-canalisation,2026-07-22
www.etienne-services.fr,,,https://www.etienne-services.fr/pas-de-calais/plombier-lorgies-62840/debouchage-canalisation,2026-07-22
www.etienne-services.fr,,,https://www.etienne-services.fr/pas-de-calais/plombier-lottinghen-62240/debouchage-canalisation,2026-07-22
www.etienne-services.fr,,,https://www.etienne-services.fr/pas-de-calais/plombier-louches-62610/debouchage-canalisation,2026-07-22
www.etienne-services.fr,,,https://www.etienne-services.fr/pas-de-calais/plombier-lozinghem-62540/debouchage-canalisation,2026-07-22
www.etienne-services.fr,,,https://www.etienne-services.fr/pas-de-calais/plombier-lugy-62310/debouchage-canalisation,2026-07-22
www.etienne-services.fr,,,https://www.etienne-services.fr/pas-de-calais/plombier-lumbres-62380/debouchage-canalisation,2026-07-22
www.etienne-services.fr,,,https://www.etienne-services.fr/pas-de-calais/plombier-magnicourt-en-comte-62127/debouchage-canalisation,2026-07-22
www.etienne-services.fr,,,https://www.etienne-services.fr/pas-de-calais/plombier-magnicourt-sur-canche-62270/debouchage-canalisation,2026-07-22
www.etienne-services.fr,,,https://www.etienne-services.fr/pas-de-calais/plombier-maintenay-62870/debouchage-canalisation,2026-07-22
www.etienne-services.fr,,,https://www.etienne-services.fr/pas-de-calais/plombier-maisnil-62130/debouchage-canalisation,2026-07-22
www.etienne-services.fr,,,https://www.etienne-services.fr/pas-de-calais/plombier-maisnil-les-ruitz-62620/debouchage-canalisation,2026-07-22
www.etienne-services.fr,,,https://www.etienne-services.fr/pas-de-calais/plombier-maisoncelle-62310/debouchage-canalisation,2026-07-22
www.etienne-services.fr,,,https://www.etienne-services.fr/pas-de-calais/plombier-maizieres-62127/debouchage-canalisation,2026-07-22
www.etienne-services.fr,,,https://www.etienne-services.fr/pas-de-calais/plombier-mametz-62120/debouchage-canalisation,2026-07-22
www.etienne-services.fr,,,https://www.etienne-services.fr/pas-de-calais/plombier-manin-62810/debouchage-canalisation,2026-07-22
www.etienne-services.fr,,,https://www.etienne-services.fr/pas-de-calais/plombier-maninghem-62650/debouchage-canalisation,2026-07-22
www.etienne-services.fr,,,https://www.etienne-services.fr/pas-de-calais/plombier-maninghen-henne-62250/debouchage-canalisation,2026-07-22
www.etienne-services.fr,,,https://www.etienne-services.fr/pas-de-calais/plombier-marant-62170/debouchage-canalisation,2026-07-22
www.etienne-services.fr,,,https://www.etienne-services.fr/pas-de-calais/plombier-marconne-62140/debouchage-canalisation,2026-07-22
www.etienne-services.fr,,,https://www.etienne-services.fr/pas-de-calais/plombier-marconnelle-62140/debouchage-canalisation,2026-07-22
www.etienne-services.fr,,,https://www.etienne-services.fr/pas-de-calais/plombier-marenla-62990/debouchage-canalisation,2026-07-22
www.etienne-services.fr,,,https://www.etienne-services.fr/pas-de-calais/plombier-maresquel-ecquemicourt-62990/debouchage-canalisation,2026-07-22
www.etienne-services.fr,,,https://www.etienne-services.fr/pas-de-calais/plombier-marest-62550/debouchage-canalisation,2026-07-22
www.etienne-services.fr,,,https://www.etienne-services.fr/pas-de-calais/plombier-maresville-62630/debouchage-canalisation,2026-07-22
www.etienne-services.fr,,,https://www.etienne-services.fr/pas-de-calais/plombier-marles-sur-canche-62170/debouchage-canalisation,2026-07-22
www.etienne-services.fr,,,https://www.etienne-services.fr/pas-de-calais/plombier-maroeuil-62161/debouchage-canalisation,2026-07-22
www.etienne-services.fr,,,https://www.etienne-services.fr/pas-de-calais/plombier-marquay-62127/debouchage-canalisation,2026-07-22
www.etienne-services.fr,,,https://www.etienne-services.fr/pas-de-calais/plombier-marquion-62860/debouchage-canalisation,2026-07-22
www.etienne-services.fr,,,https://www.etienne-services.fr/pas-de-calais/plombier-martinpuich-62450/debouchage-canalisation,2026-07-22
www.etienne-services.fr,,,https://www.etienne-services.fr/pas-de-calais/plombier-matringhem-62310/debouchage-canalisation,2026-07-22
www.etienne-services.fr,,,https://www.etienne-services.fr/pas-de-calais/plombier-mazinghem-62120/debouchage-canalisation,2026-07-22
www.etienne-services.fr,,,https://www.etienne-services.fr/pas-de-calais/plombier-mencas-62310/debouchage-canalisation,2026-07-22
www.etienne-services.fr,,,https://www.etienne-services.fr/pas-de-calais/plombier-menneville-62240/debouchage-canalisation,2026-07-22
www.etienne-services.fr,,,https://www.etienne-services.fr/pas-de-calais/plombier-mentque-nortbecourt-62890/debouchage-canalisation,2026-07-22
www.etienne-services.fr,,,https://www.etienne-services.fr/pas-de-calais/plombier-mercatel-62217/debouchage-canalisation,2026-07-22
www.etienne-services.fr,,,https://www.etienne-services.fr/pas-de-calais/plombier-merck-saint-lievin-62560/debouchage-canalisation,2026-07-22
www.etienne-services.fr,,,https://www.etienne-services.fr/pas-de-calais/plombier-merlimont-62155/debouchage-canalisation,2026-07-22
www.etienne-services.fr,,,https://www.etienne-services.fr/pas-de-calais/plombier-metz-en-couture-62124/debouchage-canalisation,2026-07-22
www.etienne-services.fr,,,https://www.etienne-services.fr/pas-de-calais/plombier-meurchin-62410/debouchage-canalisation,2026-07-22
www.etienne-services.fr,,,https://www.etienne-services.fr/pas-de-calais/plombier-mingoval-62690/debouchage-canalisation,2026-07-22
www.etienne-services.fr,,,https://www.etienne-services.fr/pas-de-calais/plombier-moncheaux-les-frevent-62270/debouchage-canalisation,2026-07-22
www.etienne-services.fr,,,https://www.etienne-services.fr/pas-de-calais/plombier-monchel-sur-canche-62270/debouchage-canalisation,2026-07-22
www.etienne-services.fr,,,https://www.etienne-services.fr/pas-de-calais/plombier-monchiet-62123/debouchage-canalisation,2026-07-22
www.etienne-services.fr,,,https://www.etienne-services.fr/pas-de-calais/plombier-monchy-au-bois-62111/debouchage-canalisation,2026-07-22
www.etienne-services.fr,,,https://www.etienne-services.fr/pas-de-calais/plombier-monchy-breton-62127/debouchage-canalisation,2026-07-22
www.etienne-services.fr,,,https://www.etienne-services.fr/pas-de-calais/plombier-monchy-cayeux-62134/debouchage-canalisation,2026-07-22
www.etienne-services.fr,,,https://www.etienne-services.fr/pas-de-calais/plombier-monchy-le-preux-62118/debouchage-canalisation,2026-07-22
www.etienne-services.fr,,,https://www.etienne-services.fr/pas-de-calais/plombier-mondicourt-62760/debouchage-canalisation,2026-07-22
www.etienne-services.fr,,,https://www.etienne-services.fr/pas-de-calais/plombier-mont-bernanchon-62350/debouchage-canalisation,2026-07-22
www.etienne-services.fr,,,https://www.etienne-services.fr/pas-de-calais/plombier-mont-saint-eloi-62144/debouchage-canalisation,2026-07-22
www.etienne-services.fr,,,https://www.etienne-services.fr/pas-de-calais/plombier-montcavrel-62170/debouchage-canalisation,2026-07-22
www.etienne-services.fr,,,https://www.etienne-services.fr/pas-de-calais/plombier-montenescourt-62123/debouchage-canalisation,2026-07-22
www.etienne-services.fr,,,https://www.etienne-services.fr/pas-de-calais/plombier-montreuil-62170/debouchage-canalisation,2026-07-22
www.etienne-services.fr,,,https://www.etienne-services.fr/pas-de-calais/plombier-monts-en-ternois-62130/debouchage-canalisation,2026-07-22
www.etienne-services.fr,,,https://www.etienne-services.fr/pas-de-calais/plombier-morchies-62124/debouchage-canalisation,2026-07-22
www.etienne-services.fr,,,https://www.etienne-services.fr/pas-de-calais/plombier-moringhem-62910/debouchage-canalisation,2026-07-22
www.etienne-services.fr,,,https://www.etienne-services.fr/pas-de-calais/plombier-morval-62450/debouchage-canalisation,2026-07-22
www.etienne-services.fr,,,https://www.etienne-services.fr/pas-de-calais/plombier-mory-62159/debouchage-canalisation,2026-07-22
www.etienne-services.fr,,,https://www.etienne-services.fr/pas-de-calais/plombier-moulle-62910/debouchage-canalisation,2026-07-22
www.etienne-services.fr,,,https://www.etienne-services.fr/pas-de-calais/plombier-mouriez-62140/debouchage-canalisation,2026-07-22
www.etienne-services.fr,,,https://www.etienne-services.fr/pas-de-calais/plombier-moyenneville-62121/debouchage-canalisation,2026-07-22
www.etienne-services.fr,,,https://www.etienne-services.fr/pas-de-calais/plombier-muncq-nieurlet-62890/debouchage-canalisation,2026-07-22
www.etienne-services.fr,,,https://www.etienne-services.fr/pas-de-calais/plombier-nabringhen-62142/debouchage-canalisation,2026-07-22
www.etienne-services.fr,,,https://www.etienne-services.fr/pas-de-calais/plombier-nedon-62550/debouchage-canalisation,2026-07-22
www.etienne-services.fr,,,https://www.etienne-services.fr/pas-de-calais/plombier-nedonchel-62550/debouchage-canalisation,2026-07-22
www.etienne-services.fr,,,https://www.etienne-services.fr/pas-de-calais/plombier-nempont-saint-firmin-62180/debouchage-canalisation,2026-07-22
www.etienne-services.fr,,,https://www.etienne-services.fr/pas-de-calais/plombier-nesles-62152/debouchage-canalisation,2026-07-22
www.etienne-services.fr,,,https://www.etienne-services.fr/pas-de-calais/plombier-neufchatel-hardelot-62152/debouchage-canalisation,2026-07-22
www.etienne-services.fr,,,https://www.etienne-services.fr/pas-de-calais/plombier-neulette-62770/debouchage-canalisation,2026-07-22
www.etienne-services.fr,,,https://www.etienne-services.fr/pas-de-calais/plombier-neuve-chapelle-62840/debouchage-canalisation,2026-07-22
www.etienne-services.fr,,,https://www.etienne-services.fr/pas-de-calais/plombier-neuville-au-cornet-62130/debouchage-canalisation,2026-07-22
www.etienne-services.fr,,,https://www.etienne-services.fr/pas-de-calais/plombier-neuville-bourjonval-62124/debouchage-canalisation,2026-07-22
www.etienne-services.fr,,,https://www.etienne-services.fr/pas-de-calais/plombier-neuville-saint-vaast-62580/debouchage-canalisation,2026-07-22
www.etienne-services.fr,,,https://www.etienne-services.fr/pas-de-calais/plombier-neuville-sous-montreuil-62170/debouchage-canalisation,2026-07-22
www.etienne-services.fr,,,https://www.etienne-services.fr/pas-de-calais/plombier-neuville-vitasse-62217/debouchage-canalisation,2026-07-22
www.etienne-services.fr,,,https://www.etienne-services.fr/pas-de-calais/plombier-neuvireuil-62580/debouchage-canalisation,2026-07-22
www.etienne-services.fr,,,https://www.etienne-services.fr/pas-de-calais/plombier-nielles-les-ardres-62610/debouchage-canalisation,2026-07-22
www.etienne-services.fr,,,https://www.etienne-services.fr/pas-de-calais/plombier-nielles-les-blequin-62380/debouchage-canalisation,2026-07-22
www.etienne-services.fr,,,https://www.etienne-services.fr/pas-de-calais/plombier-nielles-les-calais-62185/debouchage-canalisation,2026-07-22
www.etienne-services.fr,,,https://www.etienne-services.fr/pas-de-calais/plombier-noeux-les-auxi-62390/debouchage-canalisation,2026-07-22
www.etienne-services.fr,,,https://www.etienne-services.fr/pas-de-calais/plombier-nordausques-62890/debouchage-canalisation,2026-07-22
www.etienne-services.fr,,,https://www.etienne-services.fr/pas-de-calais/plombier-noreuil-62128/debouchage-canalisation,2026-07-22
www.etienne-services.fr,,,https://www.etienne-services.fr/pas-de-calais/plombier-norrent-fontes-62120/debouchage-canalisation,2026-07-22
www.etienne-services.fr,,,https://www.etienne-services.fr/pas-de-calais/plombier-nort-leulinghem-62890/debouchage-canalisation,2026-07-22
www.etienne-services.fr,,,https://www.etienne-services.fr/pas-de-calais/plombier-nortkerque-62370/debouchage-canalisation,2026-07-22
www.etienne-services.fr,,,https://www.etienne-services.fr/pas-de-calais/plombier-nouvelle-eglise-62370/debouchage-canalisation,2026-07-22
www.etienne-services.fr,,,https://www.etienne-services.fr/pas-de-calais/plombier-noyelle-vion-62810/debouchage-canalisation,2026-07-22
www.etienne-services.fr,,,https://www.etienne-services.fr/pas-de-calais/plombier-noyelles-les-humieres-62770/debouchage-canalisation,2026-07-22
www.etienne-services.fr,,,https://www.etienne-services.fr/pas-de-calais/plombier-noyelles-les-vermelles-62980/debouchage-canalisation,2026-07-22
www.etienne-services.fr,,,https://www.etienne-services.fr/pas-de-calais/plombier-noyelles-sous-bellonne-62490/debouchage-canalisation,2026-07-22
www.etienne-services.fr,,,https://www.etienne-services.fr/pas-de-calais/plombier-noyellette-62123/debouchage-canalisation,2026-07-22
www.etienne-services.fr,,,https://www.etienne-services.fr/pas-de-calais/plombier-nuncq-hautecote-62270/debouchage-canalisation,2026-07-22
www.etienne-services.fr,,,https://www.etienne-services.fr/pas-de-calais/plombier-oblinghem-62920/debouchage-canalisation,2026-07-22
www.etienne-services.fr,,,https://www.etienne-services.fr/pas-de-calais/plombier-oeuf-en-ternois-62130/debouchage-canalisation,2026-07-22
www.etienne-services.fr,,,https://www.etienne-services.fr/pas-de-calais/plombier-offekerque-62370/debouchage-canalisation,2026-07-22
www.etienne-services.fr,,,https://www.etienne-services.fr/pas-de-calais/plombier-offin-62990/debouchage-canalisation,2026-07-22
www.etienne-services.fr,,,https://www.etienne-services.fr/pas-de-calais/plombier-offrethun-62250/debouchage-canalisation,2026-07-22
www.etienne-services.fr,,,https://www.etienne-services.fr/pas-de-calais/plombier-oisy-le-verger-62860/debouchage-canalisation,2026-07-22
www.etienne-services.fr,,,https://www.etienne-services.fr/pas-de-calais/plombier-oppy-62580/debouchage-canalisation,2026-07-22
www.etienne-services.fr,,,https://www.etienne-services.fr/pas-de-calais/plombier-orville-62760/debouchage-canalisation,2026-07-22
www.etienne-services.fr,,,https://www.etienne-services.fr/pas-de-calais/plombier-ostreville-62130/debouchage-canalisation,2026-07-22
www.etienne-services.fr,,,https://www.etienne-services.fr/pas-de-calais/plombier-ourton-62460/debouchage-canalisation,2026-07-22
www.etienne-services.fr,,,https://www.etienne-services.fr/pas-de-calais/plombier-ouve-wirquin-62380/debouchage-canalisation,2026-07-22
www.etienne-services.fr,,,https://www.etienne-services.fr/pas-de-calais/plombier-palluel-62860/debouchage-canalisation,2026-07-22
www.etienne-services.fr,,,https://www.etienne-services.fr/pas-de-calais/plombier-parenty-62650/debouchage-canalisation,2026-07-22
www.etienne-services.fr,,,https://www.etienne-services.fr/pas-de-calais/plombier-pas-en-artois-62760/debouchage-canalisation,2026-07-22
www.etienne-services.fr,,,https://www.etienne-services.fr/pas-de-calais/plombier-pelves-62118/debouchage-canalisation,2026-07-22
www.etienne-services.fr,,,https://www.etienne-services.fr/pas-de-calais/plombier-penin-62127/debouchage-canalisation,2026-07-22
www.etienne-services.fr,,,https://www.etienne-services.fr/pas-de-calais/plombier-pernes-62550/debouchage-canalisation,2026-07-22
www.etienne-services.fr,,,https://www.etienne-services.fr/pas-de-calais/plombier-pernes-les-boulogne-62126/debouchage-canalisation,2026-07-22
www.etienne-services.fr,,,https://www.etienne-services.fr/pas-de-calais/plombier-peuplingues-62231/debouchage-canalisation,2026-07-22
www.etienne-services.fr,,,https://www.etienne-services.fr/pas-de-calais/plombier-pierremont-62130/debouchage-canalisation,2026-07-22
www.etienne-services.fr,,,https://www.etienne-services.fr/pas-de-calais/plombier-pihem-62570/debouchage-canalisation,2026-07-22
www.etienne-services.fr,,,https://www.etienne-services.fr/pas-de-calais/plombier-pihen-les-guines-62340/debouchage-canalisation,2026-07-22
www.etienne-services.fr,,,https://www.etienne-services.fr/pas-de-calais/plombier-pittefaux-62126/debouchage-canalisation,2026-07-22
www.etienne-services.fr,,,https://www.etienne-services.fr/pas-de-calais/plombier-planques-62310/debouchage-canalisation,2026-07-22
www.etienne-services.fr,,,https://www.etienne-services.fr/pas-de-calais/plombier-plouvain-62118/debouchage-canalisation,2026-07-22
www.etienne-services.fr,,,https://www.etienne-services.fr/pas-de-calais/plombier-polincove-62370/debouchage-canalisation,2026-07-22
www.etienne-services.fr,,,https://www.etienne-services.fr/pas-de-calais/plombier-pommera-62760/debouchage-canalisation,2026-07-22
www.etienne-services.fr,,,https://www.etienne-services.fr/pas-de-calais/plombier-pommier-62111/debouchage-canalisation,2026-07-22
www.etienne-services.fr,,,https://www.etienne-services.fr/pas-de-calais/plombier-pont-a-vendin-62880/debouchage-canalisation,2026-07-22
www.etienne-services.fr,,,https://www.etienne-services.fr/pas-de-calais/plombier-predefin-62134/debouchage-canalisation,2026-07-22
www.etienne-services.fr,,,https://www.etienne-services.fr/pas-de-calais/plombier-pressy-62550/debouchage-canalisation,2026-07-22
www.etienne-services.fr,,,https://www.etienne-services.fr/pas-de-calais/plombier-preures-62650/debouchage-canalisation,2026-07-22
www.etienne-services.fr,,,https://www.etienne-services.fr/pas-de-calais/plombier-pronville-62860/debouchage-canalisation,2026-07-22
www.etienne-services.fr,,,https://www.etienne-services.fr/pas-de-calais/plombier-puisieux-62116/debouchage-canalisation,2026-07-22
www.etienne-services.fr,,,https://www.etienne-services.fr/pas-de-calais/plombier-queant-62860/debouchage-canalisation,2026-07-22
www.etienne-services.fr,,,https://www.etienne-services.fr/pas-de-calais/plombier-quelmes-62500/debouchage-canalisation,2026-07-22
www.etienne-services.fr,,,https://www.etienne-services.fr/pas-de-calais/plombier-quercamps-62380/debouchage-canalisation,2026-07-22
www.etienne-services.fr,,,https://www.etienne-services.fr/pas-de-calais/plombier-quernes-62120/debouchage-canalisation,2026-07-22
www.etienne-services.fr,,,https://www.etienne-services.fr/pas-de-calais/plombier-quesques-62240/debouchage-canalisation,2026-07-22
www.etienne-services.fr,,,https://www.etienne-services.fr/pas-de-calais/plombier-questrecques-62830/debouchage-canalisation,2026-07-22
www.etienne-services.fr,,,https://www.etienne-services.fr/pas-de-calais/plombier-quiery-la-motte-62490/debouchage-canalisation,2026-07-22
www.etienne-services.fr,,,https://www.etienne-services.fr/pas-de-calais/plombier-quiestede-62120/debouchage-canalisation,2026-07-22
www.etienne-services.fr,,,https://www.etienne-services.fr/pas-de-calais/plombier-quilen-62650/debouchage-canalisation,2026-07-22
www.etienne-services.fr,,,https://www.etienne-services.fr/pas-de-calais/plombier-quoeux-haut-mainil-62390/debouchage-canalisation,2026-07-22
www.etienne-services.fr,,,https://www.etienne-services.fr/pas-de-calais/plombier-racquinghem-62120/debouchage-canalisation,2026-07-22
www.etienne-services.fr,,,https://www.etienne-services.fr/pas-de-calais/plombier-radinghem-62310/debouchage-canalisation,2026-07-22
www.etienne-services.fr,,,https://www.etienne-services.fr/pas-de-calais/plombier-ramecourt-62130/debouchage-canalisation,2026-07-22
www.etienne-services.fr,,,https://www.etienne-services.fr/pas-de-calais/plombier-rang-du-fliers-62180/debouchage-canalisation,2026-07-22
www.etienne-services.fr,,,https://www.etienne-services.fr/pas-de-calais/plombier-ransart-62173/debouchage-canalisation,2026-07-22
www.etienne-services.fr,,,https://www.etienne-services.fr/pas-de-calais/plombier-raye-sur-authie-62140/debouchage-canalisation,2026-07-22
www.etienne-services.fr,,,https://www.etienne-services.fr/pas-de-calais/plombier-rebecques-62120/debouchage-canalisation,2026-07-22
www.etienne-services.fr,,,https://www.etienne-services.fr/pas-de-calais/plombier-rebergues-62850/debouchage-canalisation,2026-07-22
www.etienne-services.fr,,,https://www.etienne-services.fr/pas-de-calais/plombier-rebreuve-ranchicourt-62150/debouchage-canalisation,2026-07-22
www.etienne-services.fr,,,https://www.etienne-services.fr/pas-de-calais/plombier-rebreuve-sur-canche-62270/debouchage-canalisation,2026-07-22
www.etienne-services.fr,,,https://www.etienne-services.fr/pas-de-calais/plombier-rebreuviette-62270/debouchage-canalisation,2026-07-22
www.etienne-services.fr,,,https://www.etienne-services.fr/pas-de-calais/plombier-reclinghem-62560/debouchage-canalisation,2026-07-22
www.etienne-services.fr,,,https://www.etienne-services.fr/pas-de-calais/plombier-recourt-62860/debouchage-canalisation,2026-07-22
www.etienne-services.fr,,,https://www.etienne-services.fr/pas-de-calais/plombier-recques-sur-course-62170/debouchage-canalisation,2026-07-22
www.etienne-services.fr,,,https://www.etienne-services.fr/pas-de-calais/plombier-recques-sur-hem-62890/debouchage-canalisation,2026-07-22
www.etienne-services.fr,,,https://www.etienne-services.fr/pas-de-calais/plombier-regnauville-62140/debouchage-canalisation,2026-07-22
www.etienne-services.fr,,,https://www.etienne-services.fr/pas-de-calais/plombier-rely-62120/debouchage-canalisation,2026-07-22
www.etienne-services.fr,,,https://www.etienne-services.fr/pas-de-calais/plombier-remilly-wirquin-62380/debouchage-canalisation,2026-07-22
www.etienne-services.fr,,,https://www.etienne-services.fr/pas-de-calais/plombier-remy-62156/debouchage-canalisation,2026-07-22
www.etienne-services.fr,,,https://www.etienne-services.fr/pas-de-calais/plombier-renty-62560/debouchage-canalisation,2026-07-22
www.etienne-services.fr,,,https://www.etienne-services.fr/pas-de-calais/plombier-rety-62720/debouchage-canalisation,2026-07-22
www.etienne-services.fr,,,https://www.etienne-services.fr/pas-de-calais/plombier-richebourg-62136/debouchage-canalisation,2026-07-22
www.etienne-services.fr,,,https://www.etienne-services.fr/pas-de-calais/plombier-riencourt-les-bapaume-62450/debouchage-canalisation,2026-07-22
www.etienne-services.fr,,,https://www.etienne-services.fr/pas-de-calais/plombier-riencourt-les-cagnicourt-62182/debouchage-canalisation,2026-07-22
www.etienne-services.fr,,,https://www.etienne-services.fr/pas-de-calais/plombier-rimboval-62990/debouchage-canalisation,2026-07-22
www.etienne-services.fr,,,https://www.etienne-services.fr/pas-de-calais/plombier-rinxent-62720/debouchage-canalisation,2026-07-22
www.etienne-services.fr,,,https://www.etienne-services.fr/pas-de-calais/plombier-riviere-62173/debouchage-canalisation,2026-07-22
www.etienne-services.fr,,,https://www.etienne-services.fr/pas-de-calais/plombier-robecq-62350/debouchage-canalisation,2026-07-22
www.etienne-services.fr,,,https://www.etienne-services.fr/pas-de-calais/plombier-roclincourt-62223/debouchage-canalisation,2026-07-22
www.etienne-services.fr,,,https://www.etienne-services.fr/pas-de-calais/plombier-rocquigny-62450/debouchage-canalisation,2026-07-22
www.etienne-services.fr,,,https://www.etienne-services.fr/pas-de-calais/plombier-rodelinghem-62610/debouchage-canalisation,2026-07-22
www.etienne-services.fr,,,https://www.etienne-services.fr/pas-de-calais/plombier-roellecourt-62130/debouchage-canalisation,2026-07-22
www.etienne-services.fr,,,https://www.etienne-services.fr/pas-de-calais/plombier-roeux-62118/debouchage-canalisation,2026-07-22
www.etienne-services.fr,,,https://www.etienne-services.fr/pas-de-calais/plombier-rollancourt-62770/debouchage-canalisation,2026-07-22
www.etienne-services.fr,,,https://www.etienne-services.fr/pas-de-calais/plombier-rombly-62120/debouchage-canalisation,2026-07-22
www.etienne-services.fr,,,https://www.etienne-services.fr/pas-de-calais/plombier-roquetoire-62120/debouchage-canalisation,2026-07-22
www.etienne-services.fr,,,https://www.etienne-services.fr/pas-de-calais/plombier-rougefay-62390/debouchage-canalisation,2026-07-22
www.etienne-services.fr,,,https://www.etienne-services.fr/pas-de-calais/plombier-roussent-62870/debouchage-canalisation,2026-07-22
www.etienne-services.fr,,,https://www.etienne-services.fr/pas-de-calais/plombier-royon-62990/debouchage-canalisation,2026-07-22
www.etienne-services.fr,,,https://www.etienne-services.fr/pas-de-calais/plombier-ruisseauville-62310/debouchage-canalisation,2026-07-22
www.etienne-services.fr,,,https://www.etienne-services.fr/pas-de-calais/plombier-ruitz-62620/debouchage-canalisation,2026-07-22
www.etienne-services.fr,,,https://www.etienne-services.fr/pas-de-calais/plombier-rumaucourt-62860/debouchage-canalisation,2026-07-22
www.etienne-services.fr,,,https://www.etienne-services.fr/pas-de-calais/plombier-rumilly-62650/debouchage-canalisation,2026-07-22
www.etienne-services.fr,,,https://www.etienne-services.fr/pas-de-calais/plombier-ruminghem-62370/debouchage-canalisation,2026-07-22
www.etienne-services.fr,,,https://www.etienne-services.fr/pas-de-calais/plombier-ruyaulcourt-62124/debouchage-canalisation,2026-07-22
www.etienne-services.fr,,,https://www.etienne-services.fr/pas-de-calais/plombier-sachin-62550/debouchage-canalisation,2026-07-22
www.etienne-services.fr,,,https://www.etienne-services.fr/pas-de-calais/plombier-sailly-au-bois-62111/debouchage-canalisation,2026-07-22
www.etienne-services.fr,,,https://www.etienne-services.fr/pas-de-calais/plombier-sailly-en-ostrevent-62490/debouchage-canalisation,2026-07-22
www.etienne-services.fr,,,https://www.etienne-services.fr/pas-de-calais/plombier-sailly-labourse-62113/debouchage-canalisation,2026-07-22
www.etienne-services.fr,,,https://www.etienne-services.fr/pas-de-calais/plombier-sailly-sur-la-lys-62840/debouchage-canalisation,2026-07-22
www.etienne-services.fr,,,https://www.etienne-services.fr/pas-de-calais/plombier-sains-les-fressin-62310/debouchage-canalisation,2026-07-22
www.etienne-services.fr,,,https://www.etienne-services.fr/pas-de-calais/plombier-sains-les-marquion-62860/debouchage-canalisation,2026-07-22
www.etienne-services.fr,,,https://www.etienne-services.fr/pas-de-calais/plombier-sains-les-pernes-62550/debouchage-canalisation,2026-07-22
www.etienne-services.fr,,,https://www.etienne-services.fr/pas-de-calais/plombier-saint-amand-62760/debouchage-canalisation,2026-07-22
www.etienne-services.fr,,,https://www.etienne-services.fr/pas-de-calais/plombier-saint-aubin-62170/debouchage-canalisation,2026-07-22
www.etienne-services.fr,,,https://www.etienne-services.fr/pas-de-calais/plombier-saint-denoeux-62990/debouchage-canalisation,2026-07-22
www.etienne-services.fr,,,https://www.etienne-services.fr/pas-de-calais/plombier-saint-floris-62350/debouchage-canalisation,2026-07-22
www.etienne-services.fr,,,https://www.etienne-services.fr/pas-de-calais/plombier-saint-folquin-62370/debouchage-canalisation,2026-07-22
www.etienne-services.fr,,,https://www.etienne-services.fr/pas-de-calais/plombier-saint-georges-62770/debouchage-canalisation,2026-07-22
www.etienne-services.fr,,,https://www.etienne-services.fr/pas-de-calais/plombier-saint-hilaire-cottes-62120/debouchage-canalisation,2026-07-22
www.etienne-services.fr,,,https://www.etienne-services.fr/pas-de-calais/plombier-saint-inglevert-62250/debouchage-canalisation,2026-07-22
www.etienne-services.fr,,,https://www.etienne-services.fr/pas-de-calais/plombier-saint-josse-62170/debouchage-canalisation,2026-07-22
www.etienne-services.fr,,,https://www.etienne-services.fr/pas-de-calais/plombier-saint-leger-62128/debouchage-canalisation,2026-07-22
www.etienne-services.fr,,,https://www.etienne-services.fr/pas-de-calais/plombier-saint-leonard-62360/debouchage-canalisation,2026-07-22
www.etienne-services.fr,,,https://www.etienne-services.fr/pas-de-calais/plombier-saint-martin-au-laert-62500/debouchage-canalisation,2026-07-22
www.etienne-services.fr,,,https://www.etienne-services.fr/pas-de-calais/plombier-saint-martin-choquel-62240/debouchage-canalisation,2026-07-22
www.etienne-services.fr,,,https://www.etienne-services.fr/pas-de-calais/plombier-saint-martin-d-hardinghem-62560/debouchage-canalisation,2026-07-22
www.etienne-services.fr,,,https://www.etienne-services.fr/pas-de-calais/plombier-saint-martin-sur-cojeul-62128/debouchage-canalisation,2026-07-22
www.etienne-services.fr,,,https://www.etienne-services.fr/pas-de-calais/plombier-saint-michel-sous-bois-62650/debouchage-canalisation,2026-07-22
www.etienne-services.fr,,,https://www.etienne-services.fr/pas-de-calais/plombier-saint-michel-sur-ternoise-62130/debouchage-canalisation,2026-07-22
www.etienne-services.fr,,,https://www.etienne-services.fr/pas-de-calais/plombier-saint-nicolas-62223/debouchage-canalisation,2026-07-22
www.etienne-services.fr,,,https://www.etienne-services.fr/pas-de-calais/plombier-saint-omer-capelle-62162/debouchage-canalisation,2026-07-22
www.etienne-services.fr,,,https://www.etienne-services.fr/pas-de-calais/plombier-saint-remy-au-bois-62870/debouchage-canalisation,2026-07-22
www.etienne-services.fr,,,https://www.etienne-services.fr/pas-de-calais/plombier-saint-tricat-62185/debouchage-canalisation,2026-07-22
www.etienne-services.fr,,,https://www.etienne-services.fr/pas-de-calais/plombier-saint-venant-62350/debouchage-canalisation,2026-07-22
www.etienne-services.fr,,,https://www.etienne-services.fr/pas-de-calais/plombier-sainte-austreberthe-62140/debouchage-canalisation,2026-07-22
www.etienne-services.fr,,,https://www.etienne-services.fr/pas-de-calais/plombier-sainte-catherine-62223/debouchage-canalisation,2026-07-22
www.etienne-services.fr,,,https://www.etienne-services.fr/pas-de-calais/plombier-sainte-marie-kerque-62370/debouchage-canalisation,2026-07-22
www.etienne-services.fr,,,https://www.etienne-services.fr/pas-de-calais/plombier-salperwick-62500/debouchage-canalisation,2026-07-22
www.etienne-services.fr,,,https://www.etienne-services.fr/pas-de-calais/plombier-samer-62830/debouchage-canalisation,2026-07-22
www.etienne-services.fr,,,https://www.etienne-services.fr/pas-de-calais/plombier-sangatte-62231/debouchage-canalisation,2026-07-22
www.etienne-services.fr,,,https://www.etienne-services.fr/pas-de-calais/plombier-sanghen-62850/debouchage-canalisation,2026-07-22
www.etienne-services.fr,,,https://www.etienne-services.fr/pas-de-calais/plombier-sapignies-62121/debouchage-canalisation,2026-07-22
www.etienne-services.fr,,,https://www.etienne-services.fr/pas-de-calais/plombier-sars-le-bois-62810/debouchage-canalisation,2026-07-22
www.etienne-services.fr,,,https://www.etienne-services.fr/pas-de-calais/plombier-sarton-62760/debouchage-canalisation,2026-07-22
www.etienne-services.fr,,,https://www.etienne-services.fr/pas-de-calais/plombier-sauchy-cauchy-62860/debouchage-canalisation,2026-07-22
www.etienne-services.fr,,,https://www.etienne-services.fr/pas-de-calais/plombier-sauchy-lestree-62860/debouchage-canalisation,2026-07-22
www.etienne-services.fr,,,https://www.etienne-services.fr/pas-de-calais/plombier-saudemont-62860/debouchage-canalisation,2026-07-22
www.etienne-services.fr,,,https://www.etienne-services.fr/pas-de-calais/plombier-saulchoy-62870/debouchage-canalisation,2026-07-22
www.etienne-services.fr,,,https://www.etienne-services.fr/pas-de-calais/plombier-saulty-62158/debouchage-canalisation,2026-07-22
www.etienne-services.fr,,,https://www.etienne-services.fr/pas-de-calais/plombier-savy-berlette-62690/debouchage-canalisation,2026-07-22
www.etienne-services.fr,,,https://www.etienne-services.fr/pas-de-calais/plombier-selles-62240/debouchage-canalisation,2026-07-22
www.etienne-services.fr,,,https://www.etienne-services.fr/pas-de-calais/plombier-sempy-62170/debouchage-canalisation,2026-07-22
www.etienne-services.fr,,,https://www.etienne-services.fr/pas-de-calais/plombier-seninghem-62380/debouchage-canalisation,2026-07-22
www.etienne-services.fr,,,https://www.etienne-services.fr/pas-de-calais/plombier-senlecques-62240/debouchage-canalisation,2026-07-22
www.etienne-services.fr,,,https://www.etienne-services.fr/pas-de-calais/plombier-senlis-62310/debouchage-canalisation,2026-07-22
www.etienne-services.fr,,,https://www.etienne-services.fr/pas-de-calais/plombier-sericourt-62270/debouchage-canalisation,2026-07-22
www.etienne-services.fr,,,https://www.etienne-services.fr/pas-de-calais/plombier-serques-62910/debouchage-canalisation,2026-07-22
www.etienne-services.fr,,,https://www.etienne-services.fr/pas-de-calais/plombier-servins-62530/debouchage-canalisation,2026-07-22
www.etienne-services.fr,,,https://www.etienne-services.fr/pas-de-calais/plombier-setques-62380/debouchage-canalisation,2026-07-22
www.etienne-services.fr,,,https://www.etienne-services.fr/pas-de-calais/plombier-sibiville-62270/debouchage-canalisation,2026-07-22
www.etienne-services.fr,,,https://www.etienne-services.fr/pas-de-calais/plombier-simencourt-62123/debouchage-canalisation,2026-07-22
www.etienne-services.fr,,,https://www.etienne-services.fr/pas-de-calais/plombier-siracourt-62130/debouchage-canalisation,2026-07-22
www.etienne-services.fr,,,https://www.etienne-services.fr/pas-de-calais/plombier-sombrin-62810/debouchage-canalisation,2026-07-22
www.etienne-services.fr,,,https://www.etienne-services.fr/pas-de-calais/plombier-sorrus-62170/debouchage-canalisation,2026-07-22
www.etienne-services.fr,,,https://www.etienne-services.fr/pas-de-calais/plombier-souastre-62111/debouchage-canalisation,2026-07-22
www.etienne-services.fr,,,https://www.etienne-services.fr/pas-de-calais/plombier-souchez-62153/debouchage-canalisation,2026-07-22
www.etienne-services.fr,,,https://www.etienne-services.fr/pas-de-calais/plombier-surques-62850/debouchage-canalisation,2026-07-22
www.etienne-services.fr,,,https://www.etienne-services.fr/pas-de-calais/plombier-sus-saint-leger-62810/debouchage-canalisation,2026-07-22
www.etienne-services.fr,,,https://www.etienne-services.fr/pas-de-calais/plombier-tangry-62550/debouchage-canalisation,2026-07-22
www.etienne-services.fr,,,https://www.etienne-services.fr/pas-de-calais/plombier-tardinghen-62179/debouchage-canalisation,2026-07-22
www.etienne-services.fr,,,https://www.etienne-services.fr/pas-de-calais/plombier-tatinghem-62500/debouchage-canalisation,2026-07-22
www.etienne-services.fr,,,https://www.etienne-services.fr/pas-de-calais/plombier-teneur-62134/debouchage-canalisation,2026-07-22
www.etienne-services.fr,,,https://www.etienne-services.fr/pas-de-calais/plombier-ternas-62127/debouchage-canalisation,2026-07-22
www.etienne-services.fr,,,https://www.etienne-services.fr/pas-de-calais/plombier-thelus-62580/debouchage-canalisation,2026-07-22
www.etienne-services.fr,,,https://www.etienne-services.fr/pas-de-calais/plombier-therouanne-62129/debouchage-canalisation,2026-07-22
www.etienne-services.fr,,,https://www.etienne-services.fr/pas-de-calais/plombier-thiembronne-62560/debouchage-canalisation,2026-07-22
www.etienne-services.fr,,,https://www.etienne-services.fr/pas-de-calais/plombier-thievres-62760/debouchage-canalisation,2026-07-22
www.etienne-services.fr,,,https://www.etienne-services.fr/pas-de-calais/plombier-tigny-noyelle-62180/debouchage-canalisation,2026-07-22
www.etienne-services.fr,,,https://www.etienne-services.fr/pas-de-calais/plombier-tilloy-les-hermaville-62690/debouchage-canalisation,2026-07-22
www.etienne-services.fr,,,https://www.etienne-services.fr/pas-de-calais/plombier-tilloy-les-mofflaines-62217/debouchage-canalisation,2026-07-22
www.etienne-services.fr,,,https://www.etienne-services.fr/pas-de-calais/plombier-tilly-capelle-62134/debouchage-canalisation,2026-07-22
www.etienne-services.fr,,,https://www.etienne-services.fr/pas-de-calais/plombier-tilques-62500/debouchage-canalisation,2026-07-22
www.etienne-services.fr,,,https://www.etienne-services.fr/pas-de-calais/plombier-tincques-62127/debouchage-canalisation,2026-07-22
www.etienne-services.fr,,,https://www.etienne-services.fr/pas-de-calais/plombier-tingry-62830/debouchage-canalisation,2026-07-22
www.etienne-services.fr,,,https://www.etienne-services.fr/pas-de-calais/plombier-tollent-62390/debouchage-canalisation,2026-07-22
www.etienne-services.fr,,,https://www.etienne-services.fr/pas-de-calais/plombier-torcy-62310/debouchage-canalisation,2026-07-22
www.etienne-services.fr,,,https://www.etienne-services.fr/pas-de-calais/plombier-tortefontaine-62140/debouchage-canalisation,2026-07-22
www.etienne-services.fr,,,https://www.etienne-services.fr/pas-de-calais/plombier-tortequesne-62490/debouchage-canalisation,2026-07-22
www.etienne-services.fr,,,https://www.etienne-services.fr/pas-de-calais/plombier-tournehem-sur-la-hem-62890/debouchage-canalisation,2026-07-22
www.etienne-services.fr,,,https://www.etienne-services.fr/pas-de-calais/plombier-tramecourt-62310/debouchage-canalisation,2026-07-22
www.etienne-services.fr,,,https://www.etienne-services.fr/pas-de-calais/plombier-trescault-62147/debouchage-canalisation,2026-07-22
www.etienne-services.fr,,,https://www.etienne-services.fr/pas-de-calais/plombier-troisvaux-62130/debouchage-canalisation,2026-07-22
www.etienne-services.fr,,,https://www.etienne-services.fr/pas-de-calais/plombier-tubersent-62630/debouchage-canalisation,2026-07-22
www.etienne-services.fr,,,https://www.etienne-services.fr/pas-de-calais/plombier-vacquerie-le-boucq-62270/debouchage-canalisation,2026-07-22
www.etienne-services.fr,,,https://www.etienne-services.fr/pas-de-calais/plombier-vacqueriette-erquieres-62140/debouchage-canalisation,2026-07-22
www.etienne-services.fr,,,https://www.etienne-services.fr/pas-de-calais/plombier-valhuon-62550/debouchage-canalisation,2026-07-22
www.etienne-services.fr,,,https://www.etienne-services.fr/pas-de-calais/plombier-vaudricourt-62131/debouchage-canalisation,2026-07-22
www.etienne-services.fr,,,https://www.etienne-services.fr/pas-de-calais/plombier-vaudringhem-62380/debouchage-canalisation,2026-07-22
www.etienne-services.fr,,,https://www.etienne-services.fr/pas-de-calais/plombier-vaulx-62390/debouchage-canalisation,2026-07-22
www.etienne-services.fr,,,https://www.etienne-services.fr/pas-de-calais/plombier-vaulx-vraucourt-62159/debouchage-canalisation,2026-07-22
www.etienne-services.fr,,,https://www.etienne-services.fr/pas-de-calais/plombier-velu-62124/debouchage-canalisation,2026-07-22
www.etienne-services.fr,,,https://www.etienne-services.fr/pas-de-calais/plombier-vendin-les-bethune-62232/debouchage-canalisation,2026-07-22
www.etienne-services.fr,,,https://www.etienne-services.fr/pas-de-calais/plombier-verchin-62310/debouchage-canalisation,2026-07-22
www.etienne-services.fr,,,https://www.etienne-services.fr/pas-de-calais/plombier-verchocq-62560/debouchage-canalisation,2026-07-22
www.etienne-services.fr,,,https://www.etienne-services.fr/pas-de-calais/plombier-verlincthun-62830/debouchage-canalisation,2026-07-22
www.etienne-services.fr,,,https://www.etienne-services.fr/pas-de-calais/plombier-vermelles-62980/debouchage-canalisation,2026-07-22
www.etienne-services.fr,,,https://www.etienne-services.fr/pas-de-calais/plombier-verquigneul-62113/debouchage-canalisation,2026-07-22
www.etienne-services.fr,,,https://www.etienne-services.fr/pas-de-calais/plombier-verquin-62131/debouchage-canalisation,2026-07-22
www.etienne-services.fr,,,https://www.etienne-services.fr/pas-de-calais/plombier-verton-62180/debouchage-canalisation,2026-07-22
www.etienne-services.fr,,,https://www.etienne-services.fr/pas-de-calais/plombier-vieil-hesdin-62770/debouchage-canalisation,2026-07-22
www.etienne-services.fr,,,https://www.etienne-services.fr/pas-de-calais/plombier-vieil-moutier-62240/debouchage-canalisation,2026-07-22
www.etienne-services.fr,,,https://www.etienne-services.fr/pas-de-calais/plombier-vieille-chapelle-62136/debouchage-canalisation,2026-07-22
www.etienne-services.fr,,,https://www.etienne-services.fr/pas-de-calais/plombier-vieille-eglise-62162/debouchage-canalisation,2026-07-22
www.etienne-services.fr,,,https://www.etienne-services.fr/pas-de-calais/plombier-villers-au-bois-62144/debouchage-canalisation,2026-07-22
www.etienne-services.fr,,,https://www.etienne-services.fr/pas-de-calais/plombier-villers-au-flos-62450/debouchage-canalisation,2026-07-22
www.etienne-services.fr,,,https://www.etienne-services.fr/pas-de-calais/plombier-villers-brulin-62690/debouchage-canalisation,2026-07-22
www.etienne-services.fr,,,https://www.etienne-services.fr/pas-de-calais/plombier-villers-chatel-62690/debouchage-canalisation,2026-07-22
www.etienne-services.fr,,,https://www.etienne-services.fr/pas-de-calais/plombier-villers-l-hopital-62390/debouchage-canalisation,2026-07-22
www.etienne-services.fr,,,https://www.etienne-services.fr/pas-de-calais/plombier-villers-les-cagnicourt-62182/debouchage-canalisation,2026-07-22
www.etienne-services.fr,,,https://www.etienne-services.fr/pas-de-calais/plombier-villers-sir-simon-62127/debouchage-canalisation,2026-07-22
www.etienne-services.fr,,,https://www.etienne-services.fr/pas-de-calais/plombier-vimy-62580/debouchage-canalisation,2026-07-22
www.etienne-services.fr,,,https://www.etienne-services.fr/pas-de-calais/plombier-vincly-62310/debouchage-canalisation,2026-07-22
www.etienne-services.fr,,,https://www.etienne-services.fr/pas-de-calais/plombier-violaines-62138/debouchage-canalisation,2026-07-22
www.etienne-services.fr,,,https://www.etienne-services.fr/pas-de-calais/plombier-vis-en-artois-62156/debouchage-canalisation,2026-07-22
www.etienne-services.fr,,,https://www.etienne-services.fr/pas-de-calais/plombier-vitry-en-artois-62490/debouchage-canalisation,2026-07-22
www.etienne-services.fr,,,https://www.etienne-services.fr/pas-de-calais/plombier-waben-62180/debouchage-canalisation,2026-07-22
www.etienne-services.fr,,,https://www.etienne-services.fr/pas-de-calais/plombier-wacquinghen-62250/debouchage-canalisation,2026-07-22
www.etienne-services.fr,,,https://www.etienne-services.fr/pas-de-calais/plombier-wail-62770/debouchage-canalisation,2026-07-22
www.etienne-services.fr,,,https://www.etienne-services.fr/pas-de-calais/plombier-wailly-62217/debouchage-canalisation,2026-07-22
www.etienne-services.fr,,,https://www.etienne-services.fr/pas-de-calais/plombier-wailly-beaucamp-62170/debouchage-canalisation,2026-07-22
www.etienne-services.fr,,,https://www.etienne-services.fr/pas-de-calais/plombier-wambercourt-62140/debouchage-canalisation,2026-07-22
www.etienne-services.fr,,,https://www.etienne-services.fr/pas-de-calais/plombier-wamin-62770/debouchage-canalisation,2026-07-22
www.etienne-services.fr,,,https://www.etienne-services.fr/pas-de-calais/plombier-wancourt-62128/debouchage-canalisation,2026-07-22
www.etienne-services.fr,,,https://www.etienne-services.fr/pas-de-calais/plombier-wanquetin-62123/debouchage-canalisation,2026-07-22
www.etienne-services.fr,,,https://www.etienne-services.fr/pas-de-calais/plombier-wardrecques-62120/debouchage-canalisation,2026-07-22
www.etienne-services.fr,,,https://www.etienne-services.fr/pas-de-calais/plombier-warlencourt-eaucourt-62450/debouchage-canalisation,2026-07-22
www.etienne-services.fr,,,https://www.etienne-services.fr/pas-de-calais/plombier-warlincourt-les-pas-62760/debouchage-canalisation,2026-07-22
www.etienne-services.fr,,,https://www.etienne-services.fr/pas-de-calais/plombier-warlus-62123/debouchage-canalisation,2026-07-22
www.etienne-services.fr,,,https://www.etienne-services.fr/pas-de-calais/plombier-warluzel-62810/debouchage-canalisation,2026-07-22
www.etienne-services.fr,,,https://www.etienne-services.fr/pas-de-calais/plombier-wavrans-sur-l-aa-62380/debouchage-canalisation,2026-07-22
www.etienne-services.fr,,,https://www.etienne-services.fr/pas-de-calais/plombier-wavrans-sur-ternoise-62130/debouchage-canalisation,2026-07-22
www.etienne-services.fr,,,https://www.etienne-services.fr/pas-de-calais/plombier-westrehem-62960/debouchage-canalisation,2026-07-22
www.etienne-services.fr,,,https://www.etienne-services.fr/pas-de-calais/plombier-wicquinghem-62650/debouchage-canalisation,2026-07-22
www.etienne-services.fr,,,https://www.etienne-services.fr/pas-de-calais/plombier-widehem-62630/debouchage-canalisation,2026-07-22
www.etienne-services.fr,,,https://www.etienne-services.fr/pas-de-calais/plombier-wierre-au-bois-62830/debouchage-canalisation,2026-07-22
www.etienne-services.fr,,,https://www.etienne-services.fr/pas-de-calais/plombier-wierre-effroy-62720/debouchage-canalisation,2026-07-22
www.etienne-services.fr,,,https://www.etienne-services.fr/pas-de-calais/plombier-willeman-62770/debouchage-canalisation,2026-07-22
www.etienne-services.fr,,,https://www.etienne-services.fr/pas-de-calais/plombier-willencourt-62390/debouchage-canalisation,2026-07-22
www.etienne-services.fr,,,https://www.etienne-services.fr/pas-de-calais/plombier-willerval-62580/debouchage-canalisation,2026-07-22
www.etienne-services.fr,,,https://www.etienne-services.fr/pas-de-calais/plombier-wimille-62126/debouchage-canalisation,2026-07-22
www.etienne-services.fr,,,https://www.etienne-services.fr/pas-de-calais/plombier-wirwignes-62240/debouchage-canalisation,2026-07-22
www.etienne-services.fr,,,https://www.etienne-services.fr/pas-de-calais/plombier-wismes-62380/debouchage-canalisation,2026-07-22
www.etienne-services.fr,,,https://www.etienne-services.fr/pas-de-calais/plombier-wisques-62219/debouchage-canalisation,2026-07-22
www.etienne-services.fr,,,https://www.etienne-services.fr/pas-de-calais/plombier-wissant-62179/debouchage-canalisation,2026-07-22
www.etienne-services.fr,,,https://www.etienne-services.fr/pas-de-calais/plombier-witternesse-62120/debouchage-canalisation,2026-07-22
www.etienne-services.fr,,,https://www.etienne-services.fr/pas-de-calais/plombier-wittes-62120/debouchage-canalisation,2026-07-22
www.etienne-services.fr,,,https://www.etienne-services.fr/pas-de-calais/plombier-wizernes-62570/debouchage-canalisation,2026-07-22
www.etienne-services.fr,,,https://www.etienne-services.fr/pas-de-calais/plombier-ytres-62124/debouchage-canalisation,2026-07-22
www.etienne-services.fr,,,https://www.etienne-services.fr/pas-de-calais/plombier-zoteux-62650/debouchage-canalisation,2026-07-22
www.etienne-services.fr,,,https://www.etienne-services.fr/pas-de-calais/plombier-zouafques-62890/debouchage-canalisation,2026-07-22
www.etienne-services.fr,,,https://www.etienne-services.fr/pas-de-calais/plombier-zudausques-62500/debouchage-canalisation,2026-07-22
www.etienne-services.fr,,,https://www.etienne-services.fr/pas-de-calais/plombier-zutkerque-62370/debouchage-canalisation,2026-07-22
www.etienne-services.fr,,,https://www.etienne-services.fr/rhone/plombier-affoux-69170/debouchage-canalisation,2026-07-22
www.etienne-services.fr,,,https://www.etienne-services.fr/rhone/plombier-affoux-69170/recherche-de-fuites,2026-07-22
www.etienne-services.fr,,,https://www.etienne-services.fr/rhone/plombier-aigueperse-69790/debouchage-canalisation,2026-07-22
www.etienne-services.fr,,,https://www.etienne-services.fr/rhone/plombier-aigueperse-69790/recherche-de-fuites,2026-07-22
www.etienne-services.fr,,,https://www.etienne-services.fr/rhone/plombier-albigny-sur-saone-69250/debouchage-canalisation,2026-07-22
www.etienne-services.fr,,,https://www.etienne-services.fr/rhone/plombier-albigny-sur-saone-69250/recherche-de-fuites,2026-07-22
www.etienne-services.fr,,,https://www.etienne-services.fr/rhone/plombier-alix-69380/debouchage-canalisation,2026-07-22
www.etienne-services.fr,,,https://www.etienne-services.fr/rhone/plombier-alix-69380/recherche-de-fuites,2026-07-22
www.etienne-services.fr,,,https://www.etienne-services.fr/rhone/plombier-amberieux-69480/debouchage-canalisation,2026-07-22
www.etienne-services.fr,,,https://www.etienne-services.fr/rhone/plombier-amberieux-69480/recherche-de-fuites,2026-07-22
www.etienne-services.fr,,,https://www.etienne-services.fr/rhone/plombier-ampuis-69420/debouchage-canalisation,2026-07-22
www.etienne-services.fr,,,https://www.etienne-services.fr/rhone/plombier-ampuis-69420/recherche-de-fuites,2026-07-22
www.etienne-services.fr,,,https://www.etienne-services.fr/rhone/plombier-ancy-69490/debouchage-canalisation,2026-07-22
www.etienne-services.fr,,,https://www.etienne-services.fr/rhone/plombier-ancy-69490/recherche-de-fuites,2026-07-22
www.etienne-services.fr,,,https://www.etienne-services.fr/rhone/plombier-arnas-69400/debouchage-canalisation,2026-07-22
www.etienne-services.fr,,,https://www.etienne-services.fr/rhone/plombier-arnas-69400/recherche-de-fuites,2026-07-22
www.etienne-services.fr,,,https://www.etienne-services.fr/rhone/plombier-aveize-69610/debouchage-canalisation,2026-07-22
www.etienne-services.fr,,,https://www.etienne-services.fr/rhone/plombier-aveize-69610/recherche-de-fuites,2026-07-22
www.etienne-services.fr,,,https://www.etienne-services.fr/rhone/plombier-avenas-69430/debouchage-canalisation,2026-07-22
www.etienne-services.fr,,,https://www.etienne-services.fr/rhone/plombier-avenas-69430/recherche-de-fuites,2026-07-22
www.etienne-services.fr,,,https://www.etienne-services.fr/rhone/plombier-azolette-69790/debouchage-canalisation,2026-07-22
www.etienne-services.fr,,,https://www.etienne-services.fr/rhone/plombier-azolette-69790/recherche-de-fuites,2026-07-22
www.etienne-services.fr,,,https://www.etienne-services.fr/rhone/plombier-bagnols-69620/debouchage-canalisation,2026-07-22
www.etienne-services.fr,,,https://www.etienne-services.fr/rhone/plombier-bagnols-69620/recherche-de-fuites,2026-07-22
www.etienne-services.fr,,,https://www.etienne-services.fr/rhone/plombier-beaujeu-69430/debouchage-canalisation,2026-07-22
www.etienne-services.fr,,,https://www.etienne-services.fr/rhone/plombier-beaujeu-69430/recherche-de-fuites,2026-07-22
www.etienne-services.fr,,,https://www.etienne-services.fr/rhone/plombier-belmont-d-azergues-69380/debouchage-canalisation,2026-07-22
www.etienne-services.fr,,,https://www.etienne-services.fr/rhone/plombier-belmont-d-azergues-69380/recherche-de-fuites,2026-07-22
www.etienne-services.fr,,,https://www.etienne-services.fr/rhone/plombier-bessenay-69690/debouchage-canalisation,2026-07-22
www.etienne-services.fr,,,https://www.etienne-services.fr/rhone/plombier-bessenay-69690/recherche-de-fuites,2026-07-22
www.etienne-services.fr,,,https://www.etienne-services.fr/rhone/plombier-bibost-69690/debouchage-canalisation,2026-07-22
www.etienne-services.fr,,,https://www.etienne-services.fr/rhone/plombier-bibost-69690/recherche-de-fuites,2026-07-22
www.etienne-services.fr,,,https://www.etienne-services.fr/rhone/plombier-blace-69460/debouchage-canalisation,2026-07-22
www.etienne-services.fr,,,https://www.etienne-services.fr/rhone/plombier-blace-69460/recherche-de-fuites,2026-07-22
www.etienne-services.fr,,,https://www.etienne-services.fr/rhone/plombier-bourg-de-thizy-69240/debouchage-canalisation,2026-07-22
www.etienne-services.fr,,,https://www.etienne-services.fr/rhone/plombier-bourg-de-thizy-69240/recherche-de-fuites,2026-07-22
www.etienne-services.fr,,,https://www.etienne-services.fr/rhone/plombier-brullioles-69690/debouchage-canalisation,2026-07-22
www.etienne-services.fr,,,https://www.etienne-services.fr/rhone/plombier-brullioles-69690/recherche-de-fuites,2026-07-22
www.etienne-services.fr,,,https://www.etienne-services.fr/rhone/plombier-brussieu-69690/debouchage-canalisation,2026-07-22
www.etienne-services.fr,,,https://www.etienne-services.fr/rhone/plombier-brussieu-69690/recherche-de-fuites,2026-07-22
www.etienne-services.fr,,,https://www.etienne-services.fr/rhone/plombier-bully-69210/debouchage-canalisation,2026-07-22
www.etienne-services.fr,,,https://www.etienne-services.fr/rhone/plombier-bully-69210/recherche-de-fuites,2026-07-22
www.etienne-services.fr,,,https://www.etienne-services.fr/rhone/plombier-cailloux-sur-fontaines-69270/debouchage-canalisation,2026-07-22
www.etienne-services.fr,,,https://www.etienne-services.fr/rhone/plombier-cailloux-sur-fontaines-69270/recherche-de-fuites,2026-07-22
www.etienne-services.fr,,,https://www.etienne-services.fr/rhone/plombier-cenves-69840/debouchage-canalisation,2026-07-22
www.etienne-services.fr,,,https://www.etienne-services.fr/rhone/plombier-cenves-69840/recherche-de-fuites,2026-07-22
www.etienne-services.fr,,,https://www.etienne-services.fr/rhone/plombier-cercie-69220/debouchage-canalisation,2026-07-22
www.etienne-services.fr,,,https://www.etienne-services.fr/rhone/plombier-cercie-69220/recherche-de-fuites,2026-07-22
www.etienne-services.fr,,,https://www.etienne-services.fr/rhone/plombier-chambost-allieres-69870/debouchage-canalisation,2026-07-22
www.etienne-services.fr,,,https://www.etienne-services.fr/rhone/plombier-chambost-allieres-69870/recherche-de-fuites,2026-07-22
www.etienne-services.fr,,,https://www.etienne-services.fr/rhone/plombier-chambost-longessaigne-69770/debouchage-canalisation,2026-07-22
www.etienne-services.fr,,,https://www.etienne-services.fr/rhone/plombier-chambost-longessaigne-69770/recherche-de-fuites,2026-07-22
www.etienne-services.fr,,,https://www.etienne-services.fr/rhone/plombier-chamelet-69620/debouchage-canalisation,2026-07-22
www.etienne-services.fr,,,https://www.etienne-services.fr/rhone/plombier-chamelet-69620/recherche-de-fuites,2026-07-22
www.etienne-services.fr,,,https://www.etienne-services.fr/rhone/plombier-champagne-au-mont-d-or-69410/debouchage-canalisation,2026-07-22
www.etienne-services.fr,,,https://www.etienne-services.fr/rhone/plombier-champagne-au-mont-d-or-69410/recherche-de-fuites,2026-07-22
www.etienne-services.fr,,,https://www.etienne-services.fr/rhone/plombier-chaponnay-69970/debouchage-canalisation,2026-07-22
www.etienne-services.fr,,,https://www.etienne-services.fr/rhone/plombier-chaponnay-69970/recherche-de-fuites,2026-07-22
www.etienne-services.fr,,,https://www.etienne-services.fr/rhone/plombier-charbonnieres-les-bains-69260/debouchage-canalisation,2026-07-22
www.etienne-services.fr,,,https://www.etienne-services.fr/rhone/plombier-charbonnieres-les-bains-69260/recherche-de-fuites,2026-07-22
www.etienne-services.fr,,,https://www.etienne-services.fr/rhone/plombier-charentay-69220/debouchage-canalisation,2026-07-22
www.etienne-services.fr,,,https://www.etienne-services.fr/rhone/plombier-charentay-69220/recherche-de-fuites,2026-07-22
www.etienne-services.fr,,,https://www.etienne-services.fr/rhone/plombier-charly-69390/debouchage-canalisation,2026-07-22
www.etienne-services.fr,,,https://www.etienne-services.fr/rhone/plombier-charly-69390/recherche-de-fuites,2026-07-22
www.etienne-services.fr,,,https://www.etienne-services.fr/rhone/plombier-charnay-69380/debouchage-canalisation,2026-07-22
www.etienne-services.fr,,,https://www.etienne-services.fr/rhone/plombier-charnay-69380/recherche-de-fuites,2026-07-22
www.etienne-services.fr,,,https://www.etienne-services.fr/rhone/plombier-chassagny-69700/debouchage-canalisation,2026-07-22
www.etienne-services.fr,,,https://www.etienne-services.fr/rhone/plombier-chassagny-69700/recherche-de-fuites,2026-07-22
www.etienne-services.fr,,,https://www.etienne-services.fr/rhone/plombier-chasselay-69380/debouchage-canalisation,2026-07-22
www.etienne-services.fr,,,https://www.etienne-services.fr/rhone/plombier-chasselay-69380/recherche-de-fuites,2026-07-22
www.etienne-services.fr,,,https://www.etienne-services.fr/rhone/plombier-chatillon-69380/debouchage-canalisation,2026-07-22
www.etienne-services.fr,,,https://www.etienne-services.fr/rhone/plombier-chatillon-69380/recherche-de-fuites,2026-07-22
www.etienne-services.fr,,,https://www.etienne-services.fr/rhone/plombier-chaussan-69440/debouchage-canalisation,2026-07-22
www.etienne-services.fr,,,https://www.etienne-services.fr/rhone/plombier-chaussan-69440/recherche-de-fuites,2026-07-22
www.etienne-services.fr,,,https://www.etienne-services.fr/rhone/plombier-chazay-d-azergues-69380/debouchage-canalisation,2026-07-22
www.etienne-services.fr,,,https://www.etienne-services.fr/rhone/plombier-chazay-d-azergues-69380/recherche-de-fuites,2026-07-22
www.etienne-services.fr,,,https://www.etienne-services.fr/rhone/plombier-chenas-69840/debouchage-canalisation,2026-07-22
www.etienne-services.fr,,,https://www.etienne-services.fr/rhone/plombier-chenas-69840/recherche-de-fuites,2026-07-22
www.etienne-services.fr,,,https://www.etienne-services.fr/rhone/plombier-chenelette-69430/debouchage-canalisation,2026-07-22
www.etienne-services.fr,,,https://www.etienne-services.fr/rhone/plombier-chenelette-69430/recherche-de-fuites,2026-07-22
www.etienne-services.fr,,,https://www.etienne-services.fr/rhone/plombier-chessy-69380/debouchage-canalisation,2026-07-22
www.etienne-services.fr,,,https://www.etienne-services.fr/rhone/plombier-chessy-69380/recherche-de-fuites,2026-07-22
www.etienne-services.fr,,,https://www.etienne-services.fr/rhone/plombier-chevinay-69210/debouchage-canalisation,2026-07-22
www.etienne-services.fr,,,https://www.etienne-services.fr/rhone/plombier-chevinay-69210/recherche-de-fuites,2026-07-22
www.etienne-services.fr,,,https://www.etienne-services.fr/rhone/plombier-chiroubles-69115/debouchage-canalisation,2026-07-22
www.etienne-services.fr,,,https://www.etienne-services.fr/rhone/plombier-chiroubles-69115/recherche-de-fuites,2026-07-22
www.etienne-services.fr,,,https://www.etienne-services.fr/rhone/plombier-civrieux-d-azergues-69380/debouchage-canalisation,2026-07-22
www.etienne-services.fr,,,https://www.etienne-services.fr/rhone/plombier-civrieux-d-azergues-69380/recherche-de-fuites,2026-07-22
www.etienne-services.fr,,,https://www.etienne-services.fr/rhone/plombier-claveisolles-69870/debouchage-canalisation,2026-07-22
www.etienne-services.fr,,,https://www.etienne-services.fr/rhone/plombier-claveisolles-69870/recherche-de-fuites,2026-07-22
www.etienne-services.fr,,,https://www.etienne-services.fr/rhone/plombier-cogny-69640/debouchage-canalisation,2026-07-22
www.etienne-services.fr,,,https://www.etienne-services.fr/rhone/plombier-cogny-69640/recherche-de-fuites,2026-07-22
www.etienne-services.fr,,,https://www.etienne-services.fr/rhone/plombier-coise-69590/debouchage-canalisation,2026-07-22
www.etienne-services.fr,,,https://www.etienne-services.fr/rhone/plombier-coise-69590/recherche-de-fuites,2026-07-22
www.etienne-services.fr,,,https://www.etienne-services.fr/rhone/plombier-collonges-au-mont-d-or-69660/debouchage-canalisation,2026-07-22
www.etienne-services.fr,,,https://www.etienne-services.fr/rhone/plombier-collonges-au-mont-d-or-69660/recherche-de-fuites,2026-07-22
www.etienne-services.fr,,,https://www.etienne-services.fr/rhone/plombier-colombier-saugnieu-69124/debouchage-canalisation,2026-07-22
www.etienne-services.fr,,,https://www.etienne-services.fr/rhone/plombier-colombier-saugnieu-69124/recherche-de-fuites,2026-07-22
www.etienne-services.fr,,,https://www.etienne-services.fr/rhone/plombier-communay-69360/debouchage-canalisation,2026-07-22
www.etienne-services.fr,,,https://www.etienne-services.fr/rhone/plombier-communay-69360/recherche-de-fuites,2026-07-22
www.etienne-services.fr,,,https://www.etienne-services.fr/rhone/plombier-condrieu-69420/debouchage-canalisation,2026-07-22
www.etienne-services.fr,,,https://www.etienne-services.fr/rhone/plombier-condrieu-69420/recherche-de-fuites,2026-07-22
www.etienne-services.fr,,,https://www.etienne-services.fr/rhone/plombier-corcelles-en-beaujolais-69220/debouchage-canalisation,2026-07-22
www.etienne-services.fr,,,https://www.etienne-services.fr/rhone/plombier-corcelles-en-beaujolais-69220/recherche-de-fuites,2026-07-22
www.etienne-services.fr,,,https://www.etienne-services.fr/rhone/plombier-cours-la-ville-69470/debouchage-canalisation,2026-07-22
www.etienne-services.fr,,,https://www.etienne-services.fr/rhone/plombier-cours-la-ville-69470/recherche-de-fuites,2026-07-22
www.etienne-services.fr,,,https://www.etienne-services.fr/rhone/plombier-courzieu-69690/debouchage-canalisation,2026-07-22
www.etienne-services.fr,,,https://www.etienne-services.fr/rhone/plombier-courzieu-69690/recherche-de-fuites,2026-07-22
www.etienne-services.fr,,,https://www.etienne-services.fr/rhone/plombier-couzon-au-mont-d-or-69270/debouchage-canalisation,2026-07-22
www.etienne-services.fr,,,https://www.etienne-services.fr/rhone/plombier-couzon-au-mont-d-or-69270/recherche-de-fuites,2026-07-22
www.etienne-services.fr,,,https://www.etienne-services.fr/rhone/plombier-cublize-69550/debouchage-canalisation,2026-07-22
www.etienne-services.fr,,,https://www.etienne-services.fr/rhone/plombier-cublize-69550/recherche-de-fuites,2026-07-22
www.etienne-services.fr,,,https://www.etienne-services.fr/rhone/plombier-curis-au-mont-d-or-69250/debouchage-canalisation,2026-07-22
www.etienne-services.fr,,,https://www.etienne-services.fr/rhone/plombier-curis-au-mont-d-or-69250/recherche-de-fuites,2026-07-22
www.etienne-services.fr,,,https://www.etienne-services.fr/rhone/plombier-dareize-69490/debouchage-canalisation,2026-07-22
www.etienne-services.fr,,,https://www.etienne-services.fr/rhone/plombier-dareize-69490/recherche-de-fuites,2026-07-22
www.etienne-services.fr,,,https://www.etienne-services.fr/rhone/plombier-denice-69640/debouchage-canalisation,2026-07-22
www.etienne-services.fr,,,https://www.etienne-services.fr/rhone/plombier-denice-69640/recherche-de-fuites,2026-07-22
www.etienne-services.fr,,,https://www.etienne-services.fr/rhone/plombier-dieme-69170/debouchage-canalisation,2026-07-22
www.etienne-services.fr,,,https://www.etienne-services.fr/rhone/plombier-dieme-69170/recherche-de-fuites,2026-07-22
www.etienne-services.fr,,,https://www.etienne-services.fr/rhone/plombier-dommartin-69380/debouchage-canalisation,2026-07-22
www.etienne-services.fr,,,https://www.etienne-services.fr/rhone/plombier-dommartin-69380/recherche-de-fuites,2026-07-22
www.etienne-services.fr,,,https://www.etienne-services.fr/rhone/plombier-drace-69220/debouchage-canalisation,2026-07-22
www.etienne-services.fr,,,https://www.etienne-services.fr/rhone/plombier-drace-69220/recherche-de-fuites,2026-07-22
www.etienne-services.fr,,,https://www.etienne-services.fr/rhone/plombier-duerne-69850/debouchage-canalisation,2026-07-22
www.etienne-services.fr,,,https://www.etienne-services.fr/rhone/plombier-duerne-69850/recherche-de-fuites,2026-07-22
www.etienne-services.fr,,,https://www.etienne-services.fr/rhone/plombier-echalas-69700/debouchage-canalisation,2026-07-22
www.etienne-services.fr,,,https://www.etienne-services.fr/rhone/plombier-echalas-69700/recherche-de-fuites,2026-07-22
www.etienne-services.fr,,,https://www.etienne-services.fr/rhone/plombier-emeringes-69840/debouchage-canalisation,2026-07-22
www.etienne-services.fr,,,https://www.etienne-services.fr/rhone/plombier-emeringes-69840/recherche-de-fuites,2026-07-22
www.etienne-services.fr,,,https://www.etienne-services.fr/rhone/plombier-eveux-69210/debouchage-canalisation,2026-07-22
www.etienne-services.fr,,,https://www.etienne-services.fr/rhone/plombier-eveux-69210/recherche-de-fuites,2026-07-22
www.etienne-services.fr,,,https://www.etienne-services.fr/rhone/plombier-fleurie-69820/debouchage-canalisation,2026-07-22
www.etienne-services.fr,,,https://www.etienne-services.fr/rhone/plombier-fleurie-69820/recherche-de-fuites,2026-07-22
www.etienne-services.fr,,,https://www.etienne-services.fr/rhone/plombier-fleurieu-sur-saone-69250/debouchage-canalisation,2026-07-22
www.etienne-services.fr,,,https://www.etienne-services.fr/rhone/plombier-fleurieu-sur-saone-69250/recherche-de-fuites,2026-07-22
www.etienne-services.fr,,,https://www.etienne-services.fr/rhone/plombier-fleurieux-sur-l-arbresle-69210/debouchage-canalisation,2026-07-22
www.etienne-services.fr,,,https://www.etienne-services.fr/rhone/plombier-fleurieux-sur-l-arbresle-69210/recherche-de-fuites,2026-07-22
www.etienne-services.fr,,,https://www.etienne-services.fr/rhone/plombier-fontaines-saint-martin-69270/debouchage-canalisation,2026-07-22
www.etienne-services.fr,,,https://www.etienne-services.fr/rhone/plombier-fontaines-saint-martin-69270/recherche-de-fuites,2026-07-22
www.etienne-services.fr,,,https://www.etienne-services.fr/rhone/plombier-frontenas-69620/debouchage-canalisation,2026-07-22
www.etienne-services.fr,,,https://www.etienne-services.fr/rhone/plombier-frontenas-69620/recherche-de-fuites,2026-07-22
www.etienne-services.fr,,,https://www.etienne-services.fr/rhone/plombier-genay-69730/debouchage-canalisation,2026-07-22
www.etienne-services.fr,,,https://www.etienne-services.fr/rhone/plombier-genay-69730/recherche-de-fuites,2026-07-22
www.etienne-services.fr,,,https://www.etienne-services.fr/rhone/plombier-grandris-69870/debouchage-canalisation,2026-07-22
www.etienne-services.fr,,,https://www.etienne-services.fr/rhone/plombier-grandris-69870/recherche-de-fuites,2026-07-22
www.etienne-services.fr,,,https://www.etienne-services.fr/rhone/plombier-grezieu-la-varenne-69290/debouchage-canalisation,2026-07-22
www.etienne-services.fr,,,https://www.etienne-services.fr/rhone/plombier-grezieu-la-varenne-69290/recherche-de-fuites,2026-07-22
www.etienne-services.fr,,,https://www.etienne-services.fr/rhone/plombier-grezieu-le-marche-69610/debouchage-canalisation,2026-07-22
www.etienne-services.fr,,,https://www.etienne-services.fr/rhone/plombier-grezieu-le-marche-69610/recherche-de-fuites,2026-07-22
www.etienne-services.fr,,,https://www.etienne-services.fr/rhone/plombier-haute-rivoire-69610/debouchage-canalisation,2026-07-22
www.etienne-services.fr,,,https://www.etienne-services.fr/rhone/plombier-haute-rivoire-69610/recherche-de-fuites,2026-07-22
www.etienne-services.fr,,,https://www.etienne-services.fr/rhone/plombier-jarnioux-69640/debouchage-canalisation,2026-07-22
www.etienne-services.fr,,,https://www.etienne-services.fr/rhone/plombier-jarnioux-69640/recherche-de-fuites,2026-07-22
www.etienne-services.fr,,,https://www.etienne-services.fr/rhone/plombier-jons-69330/debouchage-canalisation,2026-07-22
www.etienne-services.fr,,,https://www.etienne-services.fr/rhone/plombier-jons-69330/recherche-de-fuites,2026-07-22
www.etienne-services.fr,,,https://www.etienne-services.fr/rhone/plombier-joux-69170/debouchage-canalisation,2026-07-22
www.etienne-services.fr,,,https://www.etienne-services.fr/rhone/plombier-joux-69170/recherche-de-fuites,2026-07-22
www.etienne-services.fr,,,https://www.etienne-services.fr/rhone/plombier-julienas-69840/debouchage-canalisation,2026-07-22
www.etienne-services.fr,,,https://www.etienne-services.fr/rhone/plombier-julienas-69840/recherche-de-fuites,2026-07-22
www.etienne-services.fr,,,https://www.etienne-services.fr/rhone/plombier-jullie-69840/debouchage-canalisation,2026-07-22
www.etienne-services.fr,,,https://www.etienne-services.fr/rhone/plombier-jullie-69840/recherche-de-fuites,2026-07-22
www.etienne-services.fr,,,https://www.etienne-services.fr/rhone/plombier-la-chapelle-de-mardore-69240/debouchage-canalisation,2026-07-22
www.etienne-services.fr,,,https://www.etienne-services.fr/rhone/plombier-la-chapelle-de-mardore-69240/recherche-de-fuites,2026-07-22
www.etienne-services.fr,,,https://www.etienne-services.fr/rhone/plombier-la-chapelle-sur-coise-69590/debouchage-canalisation,2026-07-22
www.etienne-services.fr,,,https://www.etienne-services.fr/rhone/plombier-la-chapelle-sur-coise-69590/recherche-de-fuites,2026-07-22
www.etienne-services.fr,,,https://www.etienne-services.fr/rhone/plombier-la-tour-de-salvagny-69890/debouchage-canalisation,2026-07-22
www.etienne-services.fr,,,https://www.etienne-services.fr/rhone/plombier-la-tour-de-salvagny-69890/recherche-de-fuites,2026-07-22
www.etienne-services.fr,,,https://www.etienne-services.fr/rhone/plombier-lacenas-69640/debouchage-canalisation,2026-07-22
www.etienne-services.fr,,,https://www.etienne-services.fr/rhone/plombier-lacenas-69640/recherche-de-fuites,2026-07-22
www.etienne-services.fr,,,https://www.etienne-services.fr/rhone/plombier-lachassagne-69480/debouchage-canalisation,2026-07-22
www.etienne-services.fr,,,https://www.etienne-services.fr/rhone/plombier-lachassagne-69480/recherche-de-fuites,2026-07-22
www.etienne-services.fr,,,https://www.etienne-services.fr/rhone/plombier-lamure-sur-azergues-69870/debouchage-canalisation,2026-07-22
www.etienne-services.fr,,,https://www.etienne-services.fr/rhone/plombier-lamure-sur-azergues-69870/recherche-de-fuites,2026-07-22
www.etienne-services.fr,,,https://www.etienne-services.fr/rhone/plombier-lancie-69220/debouchage-canalisation,2026-07-22
www.etienne-services.fr,,,https://www.etienne-services.fr/rhone/plombier-lancie-69220/recherche-de-fuites,2026-07-22
www.etienne-services.fr,,,https://www.etienne-services.fr/rhone/plombier-lantignie-69430/debouchage-canalisation,2026-07-22
www.etienne-services.fr,,,https://www.etienne-services.fr/rhone/plombier-lantignie-69430/recherche-de-fuites,2026-07-22
www.etienne-services.fr,,,https://www.etienne-services.fr/rhone/plombier-larajasse-69590/debouchage-canalisation,2026-07-22
www.etienne-services.fr,,,https://www.etienne-services.fr/rhone/plombier-larajasse-69590/recherche-de-fuites,2026-07-22
www.etienne-services.fr,,,https://www.etienne-services.fr/rhone/plombier-le-bois-d-oingt-69620/debouchage-canalisation,2026-07-22
www.etienne-services.fr,,,https://www.etienne-services.fr/rhone/plombier-le-bois-d-oingt-69620/recherche-de-fuites,2026-07-22
www.etienne-services.fr,,,https://www.etienne-services.fr/rhone/plombier-le-breuil-69620/debouchage-canalisation,2026-07-22
www.etienne-services.fr,,,https://www.etienne-services.fr/rhone/plombier-le-breuil-69620/recherche-de-fuites,2026-07-22
www.etienne-services.fr,,,https://www.etienne-services.fr/rhone/plombier-le-perreon-69460/debouchage-canalisation,2026-07-22
www.etienne-services.fr,,,https://www.etienne-services.fr/rhone/plombier-le-perreon-69460/recherche-de-fuites,2026-07-22
www.etienne-services.fr,,,https://www.etienne-services.fr/rhone/plombier-legny-69620/debouchage-canalisation,2026-07-22
www.etienne-services.fr,,,https://www.etienne-services.fr/rhone/plombier-legny-69620/recherche-de-fuites,2026-07-22
www.etienne-services.fr,,,https://www.etienne-services.fr/rhone/plombier-les-ardillats-69430/debouchage-canalisation,2026-07-22
www.etienne-services.fr,,,https://www.etienne-services.fr/rhone/plombier-les-ardillats-69430/recherche-de-fuites,2026-07-22
www.etienne-services.fr,,,https://www.etienne-services.fr/rhone/plombier-les-cheres-69380/debouchage-canalisation,2026-07-22
www.etienne-services.fr,,,https://www.etienne-services.fr/rhone/plombier-les-cheres-69380/recherche-de-fuites,2026-07-22
www.etienne-services.fr,,,https://www.etienne-services.fr/rhone/plombier-les-haies-69420/debouchage-canalisation,2026-07-22
www.etienne-services.fr,,,https://www.etienne-services.fr/rhone/plombier-les-haies-69420/recherche-de-fuites,2026-07-22
www.etienne-services.fr,,,https://www.etienne-services.fr/rhone/plombier-les-halles-69610/debouchage-canalisation,2026-07-22
www.etienne-services.fr,,,https://www.etienne-services.fr/rhone/plombier-les-halles-69610/recherche-de-fuites,2026-07-22
www.etienne-services.fr,,,https://www.etienne-services.fr/rhone/plombier-les-olmes-69490/debouchage-canalisation,2026-07-22
www.etienne-services.fr,,,https://www.etienne-services.fr/rhone/plombier-les-olmes-69490/recherche-de-fuites,2026-07-22
www.etienne-services.fr,,,https://www.etienne-services.fr/rhone/plombier-les-sauvages-69170/debouchage-canalisation,2026-07-22
www.etienne-services.fr,,,https://www.etienne-services.fr/rhone/plombier-les-sauvages-69170/recherche-de-fuites,2026-07-22
www.etienne-services.fr,,,https://www.etienne-services.fr/rhone/plombier-letra-69620/debouchage-canalisation,2026-07-22
www.etienne-services.fr,,,https://www.etienne-services.fr/rhone/plombier-letra-69620/recherche-de-fuites,2026-07-22
www.etienne-services.fr,,,https://www.etienne-services.fr/rhone/plombier-liergues-69400/debouchage-canalisation,2026-07-22
www.etienne-services.fr,,,https://www.etienne-services.fr/rhone/plombier-liergues-69400/recherche-de-fuites,2026-07-22
www.etienne-services.fr,,,https://www.etienne-services.fr/rhone/plombier-limas-69400/debouchage-canalisation,2026-07-22
www.etienne-services.fr,,,https://www.etienne-services.fr/rhone/plombier-limas-69400/recherche-de-fuites,2026-07-22
www.etienne-services.fr,,,https://www.etienne-services.fr/rhone/plombier-limonest-69760/debouchage-canalisation,2026-07-22
www.etienne-services.fr,,,https://www.etienne-services.fr/rhone/plombier-limonest-69760/recherche-de-fuites,2026-07-22
www.etienne-services.fr,,,https://www.etienne-services.fr/rhone/plombier-lissieu-69380/debouchage-canalisation,2026-07-22
www.etienne-services.fr,,,https://www.etienne-services.fr/rhone/plombier-lissieu-69380/recherche-de-fuites,2026-07-22
www.etienne-services.fr,,,https://www.etienne-services.fr/rhone/plombier-loire-sur-rhone-69700/debouchage-canalisation,2026-07-22
www.etienne-services.fr,,,https://www.etienne-services.fr/rhone/plombier-loire-sur-rhone-69700/recherche-de-fuites,2026-07-22
www.etienne-services.fr,,,https://www.etienne-services.fr/rhone/plombier-longes-69420/debouchage-canalisation,2026-07-22
www.etienne-services.fr,,,https://www.etienne-services.fr/rhone/plombier-longes-69420/recherche-de-fuites,2026-07-22
www.etienne-services.fr,,,https://www.etienne-services.fr/rhone/plombier-longessaigne-69770/debouchage-canalisation,2026-07-22
www.etienne-services.fr,,,https://www.etienne-services.fr/rhone/plombier-longessaigne-69770/recherche-de-fuites,2026-07-22
www.etienne-services.fr,,,https://www.etienne-services.fr/rhone/plombier-lozanne-69380/debouchage-canalisation,2026-07-22
www.etienne-services.fr,,,https://www.etienne-services.fr/rhone/plombier-lozanne-69380/recherche-de-fuites,2026-07-22
www.etienne-services.fr,,,https://www.etienne-services.fr/rhone/plombier-lucenay-69480/debouchage-canalisation,2026-07-22
www.etienne-services.fr,,,https://www.etienne-services.fr/rhone/plombier-lucenay-69480/recherche-de-fuites,2026-07-22
www.etienne-services.fr,,,https://www.etienne-services.fr/rhone/plombier-marchampt-69430/debouchage-canalisation,2026-07-22
www.etienne-services.fr,,,https://www.etienne-services.fr/rhone/plombier-marchampt-69430/recherche-de-fuites,2026-07-22
www.etienne-services.fr,,,https://www.etienne-services.fr/rhone/plombier-marcilly-d-azergues-69380/debouchage-canalisation,2026-07-22
www.etienne-services.fr,,,https://www.etienne-services.fr/rhone/plombier-marcilly-d-azergues-69380/recherche-de-fuites,2026-07-22
www.etienne-services.fr,,,https://www.etienne-services.fr/rhone/plombier-marcy-69480/debouchage-canalisation,2026-07-22
www.etienne-services.fr,,,https://www.etienne-services.fr/rhone/plombier-marcy-69480/recherche-de-fuites,2026-07-22
www.etienne-services.fr,,,https://www.etienne-services.fr/rhone/plombier-marcy-l-etoile-69280/debouchage-canalisation,2026-07-22
www.etienne-services.fr,,,https://www.etienne-services.fr/rhone/plombier-marcy-l-etoile-69280/recherche-de-fuites,2026-07-22
www.etienne-services.fr,,,https://www.etienne-services.fr/rhone/plombier-mardore-69240/debouchage-canalisation,2026-07-22
www.etienne-services.fr,,,https://www.etienne-services.fr/rhone/plombier-mardore-69240/recherche-de-fuites,2026-07-22
www.etienne-services.fr,,,https://www.etienne-services.fr/rhone/plombier-marennes-69970/debouchage-canalisation,2026-07-22
www.etienne-services.fr,,,https://www.etienne-services.fr/rhone/plombier-marennes-69970/recherche-de-fuites,2026-07-22
www.etienne-services.fr,,,https://www.etienne-services.fr/rhone/plombier-marnand-69240/debouchage-canalisation,2026-07-22
www.etienne-services.fr,,,https://www.etienne-services.fr/rhone/plombier-marnand-69240/recherche-de-fuites,2026-07-22
www.etienne-services.fr,,,https://www.etienne-services.fr/rhone/plombier-meaux-la-montagne-69550/debouchage-canalisation,2026-07-22
www.etienne-services.fr,,,https://www.etienne-services.fr/rhone/plombier-meaux-la-montagne-69550/recherche-de-fuites,2026-07-22
www.etienne-services.fr,,,https://www.etienne-services.fr/rhone/plombier-messimy-69510/debouchage-canalisation,2026-07-22
www.etienne-services.fr,,,https://www.etienne-services.fr/rhone/plombier-messimy-69510/recherche-de-fuites,2026-07-22
www.etienne-services.fr,,,https://www.etienne-services.fr/rhone/plombier-meys-69610/debouchage-canalisation,2026-07-22
www.etienne-services.fr,,,https://www.etienne-services.fr/rhone/plombier-meys-69610/recherche-de-fuites,2026-07-22
www.etienne-services.fr,,,https://www.etienne-services.fr/rhone/plombier-millery-69390/debouchage-canalisation,2026-07-22
www.etienne-services.fr,,,https://www.etienne-services.fr/rhone/plombier-millery-69390/recherche-de-fuites,2026-07-22
www.etienne-services.fr,,,https://www.etienne-services.fr/rhone/plombier-moire-69620/debouchage-canalisation,2026-07-22
www.etienne-services.fr,,,https://www.etienne-services.fr/rhone/plombier-moire-69620/recherche-de-fuites,2026-07-22
www.etienne-services.fr,,,https://www.etienne-services.fr/rhone/plombier-monsols-69860/debouchage-canalisation,2026-07-22
www.etienne-services.fr,,,https://www.etienne-services.fr/rhone/plombier-monsols-69860/recherche-de-fuites,2026-07-22
www.etienne-services.fr,,,https://www.etienne-services.fr/rhone/plombier-montagny-69700/debouchage-canalisation,2026-07-22
www.etienne-services.fr,,,https://www.etienne-services.fr/rhone/plombier-montagny-69700/recherche-de-fuites,2026-07-22
www.etienne-services.fr,,,https://www.etienne-services.fr/rhone/plombier-montanay-69250/debouchage-canalisation,2026-07-22
www.etienne-services.fr,,,https://www.etienne-services.fr/rhone/plombier-montanay-69250/recherche-de-fuites,2026-07-22
www.etienne-services.fr,,,https://www.etienne-services.fr/rhone/plombier-montmelas-saint-sorlin-69640/debouchage-canalisation,2026-07-22
www.etienne-services.fr,,,https://www.etienne-services.fr/rhone/plombier-montmelas-saint-sorlin-69640/recherche-de-fuites,2026-07-22
www.etienne-services.fr,,,https://www.etienne-services.fr/rhone/plombier-montromant-69610/debouchage-canalisation,2026-07-22
www.etienne-services.fr,,,https://www.etienne-services.fr/rhone/plombier-montromant-69610/recherche-de-fuites,2026-07-22
www.etienne-services.fr,,,https://www.etienne-services.fr/rhone/plombier-montrottier-69770/debouchage-canalisation,2026-07-22
www.etienne-services.fr,,,https://www.etienne-services.fr/rhone/plombier-montrottier-69770/recherche-de-fuites,2026-07-22
www.etienne-services.fr,,,https://www.etienne-services.fr/rhone/plombier-morance-69480/debouchage-canalisation,2026-07-22
www.etienne-services.fr,,,https://www.etienne-services.fr/rhone/plombier-morance-69480/recherche-de-fuites,2026-07-22
www.etienne-services.fr,,,https://www.etienne-services.fr/rhone/plombier-nuelles-69210/debouchage-canalisation,2026-07-22
www.etienne-services.fr,,,https://www.etienne-services.fr/rhone/plombier-nuelles-69210/recherche-de-fuites,2026-07-22
www.etienne-services.fr,,,https://www.etienne-services.fr/rhone/plombier-odenas-69460/debouchage-canalisation,2026-07-22
www.etienne-services.fr,,,https://www.etienne-services.fr/rhone/plombier-odenas-69460/recherche-de-fuites,2026-07-22
www.etienne-services.fr,,,https://www.etienne-services.fr/rhone/plombier-oingt-69620/debouchage-canalisation,2026-07-22
www.etienne-services.fr,,,https://www.etienne-services.fr/rhone/plombier-oingt-69620/recherche-de-fuites,2026-07-22
www.etienne-services.fr,,,https://www.etienne-services.fr/rhone/plombier-orlienas-69530/debouchage-canalisation,2026-07-22
www.etienne-services.fr,,,https://www.etienne-services.fr/rhone/plombier-orlienas-69530/recherche-de-fuites,2026-07-22
www.etienne-services.fr,,,https://www.etienne-services.fr/rhone/plombier-ouroux-69860/debouchage-canalisation,2026-07-22
www.etienne-services.fr,,,https://www.etienne-services.fr/rhone/plombier-ouroux-69860/recherche-de-fuites,2026-07-22
www.etienne-services.fr,,,https://www.etienne-services.fr/rhone/plombier-poleymieux-au-mont-d-or-69250/debouchage-canalisation,2026-07-22
www.etienne-services.fr,,,https://www.etienne-services.fr/rhone/plombier-poleymieux-au-mont-d-or-69250/recherche-de-fuites,2026-07-22
www.etienne-services.fr,,,https://www.etienne-services.fr/rhone/plombier-pollionnay-69290/debouchage-canalisation,2026-07-22
www.etienne-services.fr,,,https://www.etienne-services.fr/rhone/plombier-pollionnay-69290/recherche-de-fuites,2026-07-22
www.etienne-services.fr,,,https://www.etienne-services.fr/rhone/plombier-pomeys-69590/debouchage-canalisation,2026-07-22
www.etienne-services.fr,,,https://www.etienne-services.fr/rhone/plombier-pomeys-69590/recherche-de-fuites,2026-07-22
www.etienne-services.fr,,,https://www.etienne-services.fr/rhone/plombier-pommiers-69480/debouchage-canalisation,2026-07-22
www.etienne-services.fr,,,https://www.etienne-services.fr/rhone/plombier-pommiers-69480/recherche-de-fuites,2026-07-22
www.etienne-services.fr,,,https://www.etienne-services.fr/rhone/plombier-pont-trambouze-69240/debouchage-canalisation,2026-07-22
www.etienne-services.fr,,,https://www.etienne-services.fr/rhone/plombier-pont-trambouze-69240/recherche-de-fuites,2026-07-22
www.etienne-services.fr,,,https://www.etienne-services.fr/rhone/plombier-pontcharra-sur-turdine-69490/debouchage-canalisation,2026-07-22
www.etienne-services.fr,,,https://www.etienne-services.fr/rhone/plombier-pontcharra-sur-turdine-69490/recherche-de-fuites,2026-07-22
www.etienne-services.fr,,,https://www.etienne-services.fr/rhone/plombier-pouilly-le-monial-69400/debouchage-canalisation,2026-07-22
www.etienne-services.fr,,,https://www.etienne-services.fr/rhone/plombier-pouilly-le-monial-69400/recherche-de-fuites,2026-07-22
www.etienne-services.fr,,,https://www.etienne-services.fr/rhone/plombier-poule-les-echarmeaux-69870/debouchage-canalisation,2026-07-22
www.etienne-services.fr,,,https://www.etienne-services.fr/rhone/plombier-poule-les-echarmeaux-69870/recherche-de-fuites,2026-07-22
www.etienne-services.fr,,,https://www.etienne-services.fr/rhone/plombier-propieres-69790/debouchage-canalisation,2026-07-22
www.etienne-services.fr,,,https://www.etienne-services.fr/rhone/plombier-propieres-69790/recherche-de-fuites,2026-07-22
www.etienne-services.fr,,,https://www.etienne-services.fr/rhone/plombier-pusignan-69330/debouchage-canalisation,2026-07-22
www.etienne-services.fr,,,https://www.etienne-services.fr/rhone/plombier-pusignan-69330/recherche-de-fuites,2026-07-22
www.etienne-services.fr,,,https://www.etienne-services.fr/rhone/plombier-quincie-en-beaujolais-69430/debouchage-canalisation,2026-07-22
www.etienne-services.fr,,,https://www.etienne-services.fr/rhone/plombier-quincie-en-beaujolais-69430/recherche-de-fuites,2026-07-22
www.etienne-services.fr,,,https://www.etienne-services.fr/rhone/plombier-quincieux-69650/debouchage-canalisation,2026-07-22
www.etienne-services.fr,,,https://www.etienne-services.fr/rhone/plombier-quincieux-69650/recherche-de-fuites,2026-07-22
www.etienne-services.fr,,,https://www.etienne-services.fr/rhone/plombier-ranchal-69470/debouchage-canalisation,2026-07-22
www.etienne-services.fr,,,https://www.etienne-services.fr/rhone/plombier-ranchal-69470/recherche-de-fuites,2026-07-22
www.etienne-services.fr,,,https://www.etienne-services.fr/rhone/plombier-regnie-durette-69430/debouchage-canalisation,2026-07-22
www.etienne-services.fr,,,https://www.etienne-services.fr/rhone/plombier-regnie-durette-69430/recherche-de-fuites,2026-07-22
www.etienne-services.fr,,,https://www.etienne-services.fr/rhone/plombier-riverie-69440/debouchage-canalisation,2026-07-22
www.etienne-services.fr,,,https://www.etienne-services.fr/rhone/plombier-riverie-69440/recherche-de-fuites,2026-07-22
www.etienne-services.fr,,,https://www.etienne-services.fr/rhone/plombier-rivolet-69640/debouchage-canalisation,2026-07-22
www.etienne-services.fr,,,https://www.etienne-services.fr/rhone/plombier-rivolet-69640/recherche-de-fuites,2026-07-22
www.etienne-services.fr,,,https://www.etienne-services.fr/rhone/plombier-rochetaillee-sur-saone-69270/debouchage-canalisation,2026-07-22
www.etienne-services.fr,,,https://www.etienne-services.fr/rhone/plombier-rochetaillee-sur-saone-69270/recherche-de-fuites,2026-07-22
www.etienne-services.fr,,,https://www.etienne-services.fr/rhone/plombier-ronno-69550/debouchage-canalisation,2026-07-22
www.etienne-services.fr,,,https://www.etienne-services.fr/rhone/plombier-ronno-69550/recherche-de-fuites,2026-07-22
www.etienne-services.fr,,,https://www.etienne-services.fr/rhone/plombier-rontalon-69510/debouchage-canalisation,2026-07-22
www.etienne-services.fr,,,https://www.etienne-services.fr/rhone/plombier-rontalon-69510/recherche-de-fuites,2026-07-22
www.etienne-services.fr,,,https://www.etienne-services.fr/rhone/plombier-sain-bel-69210/debouchage-canalisation,2026-07-22
www.etienne-services.fr,,,https://www.etienne-services.fr/rhone/plombier-sain-bel-69210/recherche-de-fuites,2026-07-22
www.etienne-services.fr,,,https://www.etienne-services.fr/rhone/plombier-saint-andeol-le-chateau-69700/debouchage-canalisation,2026-07-22
www.etienne-services.fr,,,https://www.etienne-services.fr/rhone/plombier-saint-andeol-le-chateau-69700/recherche-de-fuites,2026-07-22
www.etienne-services.fr,,,https://www.etienne-services.fr/rhone/plombier-saint-andre-la-cote-69440/debouchage-canalisation,2026-07-22
www.etienne-services.fr,,,https://www.etienne-services.fr/rhone/plombier-saint-andre-la-cote-69440/recherche-de-fuites,2026-07-22
www.etienne-services.fr,,,https://www.etienne-services.fr/rhone/plombier-saint-appolinaire-69170/debouchage-canalisation,2026-07-22
www.etienne-services.fr,,,https://www.etienne-services.fr/rhone/plombier-saint-appolinaire-69170/recherche-de-fuites,2026-07-22
www.etienne-services.fr,,,https://www.etienne-services.fr/rhone/plombier-saint-bonnet-des-bruyeres-69790/debouchage-canalisation,2026-07-22
www.etienne-services.fr,,,https://www.etienne-services.fr/rhone/plombier-saint-bonnet-des-bruyeres-69790/recherche-de-fuites,2026-07-22
www.etienne-services.fr,,,https://www.etienne-services.fr/rhone/plombier-saint-bonnet-le-troncy-69870/debouchage-canalisation,2026-07-22
www.etienne-services.fr,,,https://www.etienne-services.fr/rhone/plombier-saint-bonnet-le-troncy-69870/recherche-de-fuites,2026-07-22
www.etienne-services.fr,,,https://www.etienne-services.fr/rhone/plombier-saint-christophe-69860/debouchage-canalisation,2026-07-22
www.etienne-services.fr,,,https://www.etienne-services.fr/rhone/plombier-saint-christophe-69860/recherche-de-fuites,2026-07-22
www.etienne-services.fr,,,https://www.etienne-services.fr/rhone/plombier-saint-clement-de-vers-69790/debouchage-canalisation,2026-07-22
www.etienne-services.fr,,,https://www.etienne-services.fr/rhone/plombier-saint-clement-de-vers-69790/recherche-de-fuites,2026-07-22
www.etienne-services.fr,,,https://www.etienne-services.fr/rhone/plombier-saint-clement-les-places-69930/debouchage-canalisation,2026-07-22
www.etienne-services.fr,,,https://www.etienne-services.fr/rhone/plombier-saint-clement-les-places-69930/recherche-de-fuites,2026-07-22
www.etienne-services.fr,,,https://www.etienne-services.fr/rhone/plombier-saint-clement-sur-valsonne-69170/debouchage-canalisation,2026-07-22
www.etienne-services.fr,,,https://www.etienne-services.fr/rhone/plombier-saint-clement-sur-valsonne-69170/recherche-de-fuites,2026-07-22
www.etienne-services.fr,,,https://www.etienne-services.fr/rhone/plombier-saint-cyr-le-chatoux-69870/debouchage-canalisation,2026-07-22
www.etienne-services.fr,,,https://www.etienne-services.fr/rhone/plombier-saint-cyr-le-chatoux-69870/recherche-de-fuites,2026-07-22
www.etienne-services.fr,,,https://www.etienne-services.fr/rhone/plombier-saint-cyr-sur-le-rhone-69560/debouchage-canalisation,2026-07-22
www.etienne-services.fr,,,https://www.etienne-services.fr/rhone/plombier-saint-cyr-sur-le-rhone-69560/recherche-de-fuites,2026-07-22
www.etienne-services.fr,,,https://www.etienne-services.fr/rhone/plombier-saint-didier-sous-riverie-69440/debouchage-canalisation,2026-07-22
www.etienne-services.fr,,,https://www.etienne-services.fr/rhone/plombier-saint-didier-sous-riverie-69440/recherche-de-fuites,2026-07-22
www.etienne-services.fr,,,https://www.etienne-services.fr/rhone/plombier-saint-didier-sur-beaujeu-69430/debouchage-canalisation,2026-07-22
www.etienne-services.fr,,,https://www.etienne-services.fr/rhone/plombier-saint-didier-sur-beaujeu-69430/recherche-de-fuites,2026-07-22
www.etienne-services.fr,,,https://www.etienne-services.fr/rhone/plombier-saint-etienne-des-oullieres-69460/debouchage-canalisation,2026-07-22
www.etienne-services.fr,,,https://www.etienne-services.fr/rhone/plombier-saint-etienne-des-oullieres-69460/recherche-de-fuites,2026-07-22
www.etienne-services.fr,,,https://www.etienne-services.fr/rhone/plombier-saint-etienne-la-varenne-69460/debouchage-canalisation,2026-07-22
www.etienne-services.fr,,,https://www.etienne-services.fr/rhone/plombier-saint-etienne-la-varenne-69460/recherche-de-fuites,2026-07-22
www.etienne-services.fr,,,https://www.etienne-services.fr/rhone/plombier-saint-forgeux-69490/debouchage-canalisation,2026-07-22
www.etienne-services.fr,,,https://www.etienne-services.fr/rhone/plombier-saint-forgeux-69490/recherche-de-fuites,2026-07-22
www.etienne-services.fr,,,https://www.etienne-services.fr/rhone/plombier-saint-genis-l-argentiere-69610/debouchage-canalisation,2026-07-22
www.etienne-services.fr,,,https://www.etienne-services.fr/rhone/plombier-saint-genis-l-argentiere-69610/recherche-de-fuites,2026-07-22
www.etienne-services.fr,,,https://www.etienne-services.fr/rhone/plombier-saint-genis-les-ollieres-69290/debouchage-canalisation,2026-07-22
www.etienne-services.fr,,,https://www.etienne-services.fr/rhone/plombier-saint-genis-les-ollieres-69290/recherche-de-fuites,2026-07-22
www.etienne-services.fr,,,https://www.etienne-services.fr/rhone/plombier-saint-georges-de-reneins-69830/debouchage-canalisation,2026-07-22
www.etienne-services.fr,,,https://www.etienne-services.fr/rhone/plombier-saint-georges-de-reneins-69830/recherche-de-fuites,2026-07-22
www.etienne-services.fr,,,https://www.etienne-services.fr/rhone/plombier-saint-germain-au-mont-d-or-69650/debouchage-canalisation,2026-07-22
www.etienne-services.fr,,,https://www.etienne-services.fr/rhone/plombier-saint-germain-au-mont-d-or-69650/recherche-de-fuites,2026-07-22
www.etienne-services.fr,,,https://www.etienne-services.fr/rhone/plombier-saint-germain-sur-l-arbresle-69210/debouchage-canalisation,2026-07-22
www.etienne-services.fr,,,https://www.etienne-services.fr/rhone/plombier-saint-germain-sur-l-arbresle-69210/recherche-de-fuites,2026-07-22
www.etienne-services.fr,,,https://www.etienne-services.fr/rhone/plombier-saint-igny-de-vers-69790/debouchage-canalisation,2026-07-22
www.etienne-services.fr,,,https://www.etienne-services.fr/rhone/plombier-saint-igny-de-vers-69790/recherche-de-fuites,2026-07-22
www.etienne-services.fr,,,https://www.etienne-services.fr/rhone/plombier-saint-jacques-des-arrets-69860/debouchage-canalisation,2026-07-22
www.etienne-services.fr,,,https://www.etienne-services.fr/rhone/plombier-saint-jacques-des-arrets-69860/recherche-de-fuites,2026-07-22
www.etienne-services.fr,,,https://www.etienne-services.fr/rhone/plombier-saint-jean-d-ardieres-69220/debouchage-canalisation,2026-07-22
www.etienne-services.fr,,,https://www.etienne-services.fr/rhone/plombier-saint-jean-d-ardieres-69220/recherche-de-fuites,2026-07-22
www.etienne-services.fr,,,https://www.etienne-services.fr/rhone/plombier-saint-jean-de-touslas-69700/debouchage-canalisation,2026-07-22
www.etienne-services.fr,,,https://www.etienne-services.fr/rhone/plombier-saint-jean-de-touslas-69700/recherche-de-fuites,2026-07-22
www.etienne-services.fr,,,https://www.etienne-services.fr/rhone/plombier-saint-jean-des-vignes-69380/debouchage-canalisation,2026-07-22
www.etienne-services.fr,,,https://www.etienne-services.fr/rhone/plombier-saint-jean-des-vignes-69380/recherche-de-fuites,2026-07-22
www.etienne-services.fr,,,https://www.etienne-services.fr/rhone/plombier-saint-jean-la-bussiere-69550/debouchage-canalisation,2026-07-22
www.etienne-services.fr,,,https://www.etienne-services.fr/rhone/plombier-saint-jean-la-bussiere-69550/recherche-de-fuites,2026-07-22
www.etienne-services.fr,,,https://www.etienne-services.fr/rhone/plombier-saint-julien-69640/debouchage-canalisation,2026-07-22
www.etienne-services.fr,,,https://www.etienne-services.fr/rhone/plombier-saint-julien-69640/recherche-de-fuites,2026-07-22
www.etienne-services.fr,,,https://www.etienne-services.fr/rhone/plombier-saint-julien-sur-bibost-69690/debouchage-canalisation,2026-07-22
www.etienne-services.fr,,,https://www.etienne-services.fr/rhone/plombier-saint-julien-sur-bibost-69690/recherche-de-fuites,2026-07-22
www.etienne-services.fr,,,https://www.etienne-services.fr/rhone/plombier-saint-just-d-avray-69870/debouchage-canalisation,2026-07-22
www.etienne-services.fr,,,https://www.etienne-services.fr/rhone/plombier-saint-just-d-avray-69870/recherche-de-fuites,2026-07-22
www.etienne-services.fr,,,https://www.etienne-services.fr/rhone/plombier-saint-lager-69220/debouchage-canalisation,2026-07-22
www.etienne-services.fr,,,https://www.etienne-services.fr/rhone/plombier-saint-lager-69220/recherche-de-fuites,2026-07-22
www.etienne-services.fr,,,https://www.etienne-services.fr/rhone/plombier-saint-laurent-d-agny-69440/debouchage-canalisation,2026-07-22
www.etienne-services.fr,,,https://www.etienne-services.fr/rhone/plombier-saint-laurent-d-agny-69440/recherche-de-fuites,2026-07-22
www.etienne-services.fr,,,https://www.etienne-services.fr/rhone/plombier-saint-laurent-d-oingt-69620/debouchage-canalisation,2026-07-22
www.etienne-services.fr,,,https://www.etienne-services.fr/rhone/plombier-saint-laurent-d-oingt-69620/recherche-de-fuites,2026-07-22
www.etienne-services.fr,,,https://www.etienne-services.fr/rhone/plombier-saint-laurent-de-chamousset-69930/debouchage-canalisation,2026-07-22
www.etienne-services.fr,,,https://www.etienne-services.fr/rhone/plombier-saint-laurent-de-chamousset-69930/recherche-de-fuites,2026-07-22
www.etienne-services.fr,,,https://www.etienne-services.fr/rhone/plombier-saint-laurent-de-mure-69720/debouchage-canalisation,2026-07-22
www.etienne-services.fr,,,https://www.etienne-services.fr/rhone/plombier-saint-laurent-de-mure-69720/recherche-de-fuites,2026-07-22
www.etienne-services.fr,,,https://www.etienne-services.fr/rhone/plombier-saint-laurent-de-vaux-69670/debouchage-canalisation,2026-07-22
www.etienne-services.fr,,,https://www.etienne-services.fr/rhone/plombier-saint-laurent-de-vaux-69670/recherche-de-fuites,2026-07-22
www.etienne-services.fr,,,https://www.etienne-services.fr/rhone/plombier-saint-loup-69490/debouchage-canalisation,2026-07-22
www.etienne-services.fr,,,https://www.etienne-services.fr/rhone/plombier-saint-loup-69490/recherche-de-fuites,2026-07-22
www.etienne-services.fr,,,https://www.etienne-services.fr/rhone/plombier-saint-mamert-69860/debouchage-canalisation,2026-07-22
www.etienne-services.fr,,,https://www.etienne-services.fr/rhone/plombier-saint-mamert-69860/recherche-de-fuites,2026-07-22
www.etienne-services.fr,,,https://www.etienne-services.fr/rhone/plombier-saint-marcel-l-eclaire-69170/debouchage-canalisation,2026-07-22
www.etienne-services.fr,,,https://www.etienne-services.fr/rhone/plombier-saint-marcel-l-eclaire-69170/recherche-de-fuites,2026-07-22
www.etienne-services.fr,,,https://www.etienne-services.fr/rhone/plombier-saint-martin-en-haut-69850/debouchage-canalisation,2026-07-22
www.etienne-services.fr,,,https://www.etienne-services.fr/rhone/plombier-saint-martin-en-haut-69850/recherche-de-fuites,2026-07-22
www.etienne-services.fr,,,https://www.etienne-services.fr/rhone/plombier-saint-maurice-sur-dargoire-69440/debouchage-canalisation,2026-07-22
www.etienne-services.fr,,,https://www.etienne-services.fr/rhone/plombier-saint-maurice-sur-dargoire-69440/recherche-de-fuites,2026-07-22
www.etienne-services.fr,,,https://www.etienne-services.fr/rhone/plombier-saint-nizier-d-azergues-69870/debouchage-canalisation,2026-07-22
www.etienne-services.fr,,,https://www.etienne-services.fr/rhone/plombier-saint-nizier-d-azergues-69870/recherche-de-fuites,2026-07-22
www.etienne-services.fr,,,https://www.etienne-services.fr/rhone/plombier-saint-pierre-de-chandieu-69780/debouchage-canalisation,2026-07-22
www.etienne-services.fr,,,https://www.etienne-services.fr/rhone/plombier-saint-pierre-de-chandieu-69780/recherche-de-fuites,2026-07-22
www.etienne-services.fr,,,https://www.etienne-services.fr/rhone/plombier-saint-pierre-la-palud-69210/debouchage-canalisation,2026-07-22
www.etienne-services.fr,,,https://www.etienne-services.fr/rhone/plombier-saint-pierre-la-palud-69210/recherche-de-fuites,2026-07-22
www.etienne-services.fr,,,https://www.etienne-services.fr/rhone/plombier-saint-romain-au-mont-d-or-69270/debouchage-canalisation,2026-07-22
www.etienne-services.fr,,,https://www.etienne-services.fr/rhone/plombier-saint-romain-au-mont-d-or-69270/recherche-de-fuites,2026-07-22
www.etienne-services.fr,,,https://www.etienne-services.fr/rhone/plombier-saint-romain-de-popey-69490/debouchage-canalisation,2026-07-22
www.etienne-services.fr,,,https://www.etienne-services.fr/rhone/plombier-saint-romain-de-popey-69490/recherche-de-fuites,2026-07-22
www.etienne-services.fr,,,https://www.etienne-services.fr/rhone/plombier-saint-romain-en-gal-69560/debouchage-canalisation,2026-07-22
www.etienne-services.fr,,,https://www.etienne-services.fr/rhone/plombier-saint-romain-en-gal-69560/recherche-de-fuites,2026-07-22
www.etienne-services.fr,,,https://www.etienne-services.fr/rhone/plombier-saint-romain-en-gier-69700/debouchage-canalisation,2026-07-22
www.etienne-services.fr,,,https://www.etienne-services.fr/rhone/plombier-saint-romain-en-gier-69700/recherche-de-fuites,2026-07-22
www.etienne-services.fr,,,https://www.etienne-services.fr/rhone/plombier-saint-sorlin-69440/debouchage-canalisation,2026-07-22
www.etienne-services.fr,,,https://www.etienne-services.fr/rhone/plombier-saint-sorlin-69440/recherche-de-fuites,2026-07-22
www.etienne-services.fr,,,https://www.etienne-services.fr/rhone/plombier-saint-symphorien-sur-coise-69590/debouchage-canalisation,2026-07-22
www.etienne-services.fr,,,https://www.etienne-services.fr/rhone/plombier-saint-symphorien-sur-coise-69590/recherche-de-fuites,2026-07-22
www.etienne-services.fr,,,https://www.etienne-services.fr/rhone/plombier-saint-verand-69620/debouchage-canalisation,2026-07-22
www.etienne-services.fr,,,https://www.etienne-services.fr/rhone/plombier-saint-verand-69620/recherche-de-fuites,2026-07-22
www.etienne-services.fr,,,https://www.etienne-services.fr/rhone/plombier-saint-vincent-de-reins-69240/debouchage-canalisation,2026-07-22
www.etienne-services.fr,,,https://www.etienne-services.fr/rhone/plombier-saint-vincent-de-reins-69240/recherche-de-fuites,2026-07-22
www.etienne-services.fr,,,https://www.etienne-services.fr/rhone/plombier-sainte-catherine-69440/debouchage-canalisation,2026-07-22
www.etienne-services.fr,,,https://www.etienne-services.fr/rhone/plombier-sainte-catherine-69440/recherche-de-fuites,2026-07-22
www.etienne-services.fr,,,https://www.etienne-services.fr/rhone/plombier-sainte-colombe-69560/debouchage-canalisation,2026-07-22
www.etienne-services.fr,,,https://www.etienne-services.fr/rhone/plombier-sainte-colombe-69560/recherche-de-fuites,2026-07-22
www.etienne-services.fr,,,https://www.etienne-services.fr/rhone/plombier-sainte-consorce-69280/debouchage-canalisation,2026-07-22
www.etienne-services.fr,,,https://www.etienne-services.fr/rhone/plombier-sainte-consorce-69280/recherche-de-fuites,2026-07-22
www.etienne-services.fr,,,https://www.etienne-services.fr/rhone/plombier-sainte-foy-l-argentiere-69610/debouchage-canalisation,2026-07-22
www.etienne-services.fr,,,https://www.etienne-services.fr/rhone/plombier-sainte-foy-l-argentiere-69610/recherche-de-fuites,2026-07-22
www.etienne-services.fr,,,https://www.etienne-services.fr/rhone/plombier-sainte-paule-69620/debouchage-canalisation,2026-07-22
www.etienne-services.fr,,,https://www.etienne-services.fr/rhone/plombier-sainte-paule-69620/recherche-de-fuites,2026-07-22
www.etienne-services.fr,,,https://www.etienne-services.fr/rhone/plombier-salles-arbuissonnas-en-beaujolais-69460/debouchage-canalisation,2026-07-22
www.etienne-services.fr,,,https://www.etienne-services.fr/rhone/plombier-salles-arbuissonnas-en-beaujolais-69460/recherche-de-fuites,2026-07-22
www.etienne-services.fr,,,https://www.etienne-services.fr/rhone/plombier-sarcey-69490/debouchage-canalisation,2026-07-22
www.etienne-services.fr,,,https://www.etienne-services.fr/rhone/plombier-sarcey-69490/recherche-de-fuites,2026-07-22
www.etienne-services.fr,,,https://www.etienne-services.fr/rhone/plombier-sathonay-camp-69580/debouchage-canalisation,2026-07-22
www.etienne-services.fr,,,https://www.etienne-services.fr/rhone/plombier-sathonay-camp-69580/recherche-de-fuites,2026-07-22
www.etienne-services.fr,,,https://www.etienne-services.fr/rhone/plombier-sathonay-village-69580/debouchage-canalisation,2026-07-22
www.etienne-services.fr,,,https://www.etienne-services.fr/rhone/plombier-sathonay-village-69580/recherche-de-fuites,2026-07-22
www.etienne-services.fr,,,https://www.etienne-services.fr/rhone/plombier-savigny-69210/debouchage-canalisation,2026-07-22
www.etienne-services.fr,,,https://www.etienne-services.fr/rhone/plombier-savigny-69210/recherche-de-fuites,2026-07-22
www.etienne-services.fr,,,https://www.etienne-services.fr/rhone/plombier-serezin-du-rhone-69360/debouchage-canalisation,2026-07-22
www.etienne-services.fr,,,https://www.etienne-services.fr/rhone/plombier-serezin-du-rhone-69360/recherche-de-fuites,2026-07-22
www.etienne-services.fr,,,https://www.etienne-services.fr/rhone/plombier-simandres-69360/debouchage-canalisation,2026-07-22
www.etienne-services.fr,,,https://www.etienne-services.fr/rhone/plombier-simandres-69360/recherche-de-fuites,2026-07-22
www.etienne-services.fr,,,https://www.etienne-services.fr/rhone/plombier-solaize-69360/debouchage-canalisation,2026-07-22
www.etienne-services.fr,,,https://www.etienne-services.fr/rhone/plombier-solaize-69360/recherche-de-fuites,2026-07-22
www.etienne-services.fr,,,https://www.etienne-services.fr/rhone/plombier-soucieu-en-jarrest-69510/debouchage-canalisation,2026-07-22
www.etienne-services.fr,,,https://www.etienne-services.fr/rhone/plombier-soucieu-en-jarrest-69510/recherche-de-fuites,2026-07-22
www.etienne-services.fr,,,https://www.etienne-services.fr/rhone/plombier-sourcieux-les-mines-69210/debouchage-canalisation,2026-07-22
www.etienne-services.fr,,,https://www.etienne-services.fr/rhone/plombier-sourcieux-les-mines-69210/recherche-de-fuites,2026-07-22
www.etienne-services.fr,,,https://www.etienne-services.fr/rhone/plombier-souzy-69610/debouchage-canalisation,2026-07-22
www.etienne-services.fr,,,https://www.etienne-services.fr/rhone/plombier-souzy-69610/recherche-de-fuites,2026-07-22
www.etienne-services.fr,,,https://www.etienne-services.fr/rhone/plombier-taluyers-69440/debouchage-canalisation,2026-07-22
www.etienne-services.fr,,,https://www.etienne-services.fr/rhone/plombier-taluyers-69440/recherche-de-fuites,2026-07-22
www.etienne-services.fr,,,https://www.etienne-services.fr/rhone/plombier-taponas-69220/debouchage-canalisation,2026-07-22
www.etienne-services.fr,,,https://www.etienne-services.fr/rhone/plombier-taponas-69220/recherche-de-fuites,2026-07-22
www.etienne-services.fr,,,https://www.etienne-services.fr/rhone/plombier-ternand-69620/debouchage-canalisation,2026-07-22
www.etienne-services.fr,,,https://www.etienne-services.fr/rhone/plombier-ternand-69620/recherche-de-fuites,2026-07-22
www.etienne-services.fr,,,https://www.etienne-services.fr/rhone/plombier-theize-69620/debouchage-canalisation,2026-07-22
www.etienne-services.fr,,,https://www.etienne-services.fr/rhone/plombier-theize-69620/recherche-de-fuites,2026-07-22
www.etienne-services.fr,,,https://www.etienne-services.fr/rhone/plombier-thel-69470/debouchage-canalisation,2026-07-22
www.etienne-services.fr,,,https://www.etienne-services.fr/rhone/plombier-thel-69470/recherche-de-fuites,2026-07-22
www.etienne-services.fr,,,https://www.etienne-services.fr/rhone/plombier-thizy-69240/debouchage-canalisation,2026-07-22
www.etienne-services.fr,,,https://www.etienne-services.fr/rhone/plombier-thizy-69240/recherche-de-fuites,2026-07-22
www.etienne-services.fr,,,https://www.etienne-services.fr/rhone/plombier-thurins-69510/debouchage-canalisation,2026-07-22
www.etienne-services.fr,,,https://www.etienne-services.fr/rhone/plombier-thurins-69510/recherche-de-fuites,2026-07-22
www.etienne-services.fr,,,https://www.etienne-services.fr/rhone/plombier-toussieu-69780/debouchage-canalisation,2026-07-22
www.etienne-services.fr,,,https://www.etienne-services.fr/rhone/plombier-toussieu-69780/recherche-de-fuites,2026-07-22
www.etienne-services.fr,,,https://www.etienne-services.fr/rhone/plombier-trades-69860/debouchage-canalisation,2026-07-22
www.etienne-services.fr,,,https://www.etienne-services.fr/rhone/plombier-trades-69860/recherche-de-fuites,2026-07-22
www.etienne-services.fr,,,https://www.etienne-services.fr/rhone/plombier-treves-69420/debouchage-canalisation,2026-07-22
www.etienne-services.fr,,,https://www.etienne-services.fr/rhone/plombier-treves-69420/recherche-de-fuites,2026-07-22
www.etienne-services.fr,,,https://www.etienne-services.fr/rhone/plombier-tupin-et-semons-69420/debouchage-canalisation,2026-07-22
www.etienne-services.fr,,,https://www.etienne-services.fr/rhone/plombier-tupin-et-semons-69420/recherche-de-fuites,2026-07-22
www.etienne-services.fr,,,https://www.etienne-services.fr/rhone/plombier-valsonne-69170/debouchage-canalisation,2026-07-22
www.etienne-services.fr,,,https://www.etienne-services.fr/rhone/plombier-valsonne-69170/recherche-de-fuites,2026-07-22
www.etienne-services.fr,,,https://www.etienne-services.fr/rhone/plombier-vaugneray-69670/debouchage-canalisation,2026-07-22
www.etienne-services.fr,,,https://www.etienne-services.fr/rhone/plombier-vaugneray-69670/recherche-de-fuites,2026-07-22
www.etienne-services.fr,,,https://www.etienne-services.fr/rhone/plombier-vaux-en-beaujolais-69460/debouchage-canalisation,2026-07-22
www.etienne-services.fr,,,https://www.etienne-services.fr/rhone/plombier-vaux-en-beaujolais-69460/recherche-de-fuites,2026-07-22
www.etienne-services.fr,,,https://www.etienne-services.fr/rhone/plombier-vauxrenard-69820/debouchage-canalisation,2026-07-22
www.etienne-services.fr,,,https://www.etienne-services.fr/rhone/plombier-vauxrenard-69820/recherche-de-fuites,2026-07-22
www.etienne-services.fr,,,https://www.etienne-services.fr/rhone/plombier-vernaison-69390/debouchage-canalisation,2026-07-22
www.etienne-services.fr,,,https://www.etienne-services.fr/rhone/plombier-vernaison-69390/recherche-de-fuites,2026-07-22
www.etienne-services.fr,,,https://www.etienne-services.fr/rhone/plombier-vernay-69430/debouchage-canalisation,2026-07-22
www.etienne-services.fr,,,https://www.etienne-services.fr/rhone/plombier-vernay-69430/recherche-de-fuites,2026-07-22
www.etienne-services.fr,,,https://www.etienne-services.fr/rhone/plombier-ville-sur-jarnioux-69640/debouchage-canalisation,2026-07-22
www.etienne-services.fr,,,https://www.etienne-services.fr/rhone/plombier-ville-sur-jarnioux-69640/recherche-de-fuites,2026-07-22
www.etienne-services.fr,,,https://www.etienne-services.fr/rhone/plombier-villecheneve-69770/debouchage-canalisation,2026-07-22
www.etienne-services.fr,,,https://www.etienne-services.fr/rhone/plombier-villecheneve-69770/recherche-de-fuites,2026-07-22
www.etienne-services.fr,,,https://www.etienne-services.fr/rhone/plombier-villie-morgon-69910/debouchage-canalisation,2026-07-22
www.etienne-services.fr,,,https://www.etienne-services.fr/rhone/plombier-villie-morgon-69910/recherche-de-fuites,2026-07-22
www.etienne-services.fr,,,https://www.etienne-services.fr/rhone/plombier-vourles-69390/debouchage-canalisation,2026-07-22
www.etienne-services.fr,,,https://www.etienne-services.fr/rhone/plombier-vourles-69390/recherche-de-fuites,2026-07-22
www.etienne-services.fr,,,https://www.etienne-services.fr/rhone/plombier-yzeron-69510/debouchage-canalisation,2026-07-22
www.etienne-services.fr,,,https://www.etienne-services.fr/rhone/plombier-yzeron-69510/recherche-de-fuites,2026-07-22
www.etienne-services.fr,,,https://www.etienne-services.fr/seine-et-marne/plombier-acheres-la-foret-77760/debouchage-canalisation,2026-07-22
www.etienne-services.fr,,,https://www.etienne-services.fr/seine-et-marne/plombier-acheres-la-foret-77760/recherche-de-fuites,2026-07-22
www.etienne-services.fr,,,https://www.etienne-services.fr/seine-et-marne/plombier-amillis-77120/debouchage-canalisation,2026-07-22
www.etienne-services.fr,,,https://www.etienne-services.fr/seine-et-marne/plombier-amillis-77120/recherche-de-fuites,2026-07-22
www.etienne-services.fr,,,https://www.etienne-services.fr/seine-et-marne/plombier-amponville-77760/debouchage-canalisation,2026-07-22
www.etienne-services.fr,,,https://www.etienne-services.fr/seine-et-marne/plombier-amponville-77760/recherche-de-fuites,2026-07-22
www.etienne-services.fr,,,https://www.etienne-services.fr/seine-et-marne/plombier-andrezel-77390/debouchage-canalisation,2026-07-22
www.etienne-services.fr,,,https://www.etienne-services.fr/seine-et-marne/plombier-andrezel-77390/recherche-de-fuites,2026-07-22
www.etienne-services.fr,,,https://www.etienne-services.fr/seine-et-marne/plombier-annet-sur-marne-77410/debouchage-canalisation,2026-07-22
www.etienne-services.fr,,,https://www.etienne-services.fr/seine-et-marne/plombier-annet-sur-marne-77410/recherche-de-fuites,2026-07-22
www.etienne-services.fr,,,https://www.etienne-services.fr/seine-et-marne/plombier-arbonne-la-foret-77630/debouchage-canalisation,2026-07-22
www.etienne-services.fr,,,https://www.etienne-services.fr/seine-et-marne/plombier-arbonne-la-foret-77630/recherche-de-fuites,2026-07-22
www.etienne-services.fr,,,https://www.etienne-services.fr/seine-et-marne/plombier-argentieres-77390/debouchage-canalisation,2026-07-22
www.etienne-services.fr,,,https://www.etienne-services.fr/seine-et-marne/plombier-argentieres-77390/recherche-de-fuites,2026-07-22
www.etienne-services.fr,,,https://www.etienne-services.fr/seine-et-marne/plombier-armentieres-en-brie-77440/debouchage-canalisation,2026-07-22
www.etienne-services.fr,,,https://www.etienne-services.fr/seine-et-marne/plombier-armentieres-en-brie-77440/recherche-de-fuites,2026-07-22
www.etienne-services.fr,,,https://www.etienne-services.fr/seine-et-marne/plombier-arville-77890/debouchage-canalisation,2026-07-22
www.etienne-services.fr,,,https://www.etienne-services.fr/seine-et-marne/plombier-arville-77890/recherche-de-fuites,2026-07-22
www.etienne-services.fr,,,https://www.etienne-services.fr/seine-et-marne/plombier-aubepierre-ozouer-le-repos-77720/debouchage-canalisation,2026-07-22
www.etienne-services.fr,,,https://www.etienne-services.fr/seine-et-marne/plombier-aubepierre-ozouer-le-repos-77720/recherche-de-fuites,2026-07-22
www.etienne-services.fr,,,https://www.etienne-services.fr/seine-et-marne/plombier-aufferville-77570/debouchage-canalisation,2026-07-22
www.etienne-services.fr,,,https://www.etienne-services.fr/seine-et-marne/plombier-aufferville-77570/recherche-de-fuites,2026-07-22
www.etienne-services.fr,,,https://www.etienne-services.fr/seine-et-marne/plombier-augers-en-brie-77560/debouchage-canalisation,2026-07-22
www.etienne-services.fr,,,https://www.etienne-services.fr/seine-et-marne/plombier-augers-en-brie-77560/recherche-de-fuites,2026-07-22
www.etienne-services.fr,,,https://www.etienne-services.fr/seine-et-marne/plombier-aulnoy-77120/debouchage-canalisation,2026-07-22
www.etienne-services.fr,,,https://www.etienne-services.fr/seine-et-marne/plombier-aulnoy-77120/recherche-de-fuites,2026-07-22
www.etienne-services.fr,,,https://www.etienne-services.fr/seine-et-marne/plombier-baby-77480/debouchage-canalisation,2026-07-22
www.etienne-services.fr,,,https://www.etienne-services.fr/seine-et-marne/plombier-baby-77480/recherche-de-fuites,2026-07-22
www.etienne-services.fr,,,https://www.etienne-services.fr/seine-et-marne/plombier-bagneaux-sur-loing-77167/debouchage-canalisation,2026-07-22
www.etienne-services.fr,,,https://www.etienne-services.fr/seine-et-marne/plombier-bagneaux-sur-loing-77167/recherche-de-fuites,2026-07-22
www.etienne-services.fr,,,https://www.etienne-services.fr/seine-et-marne/plombier-balloy-77118/debouchage-canalisation,2026-07-22
www.etienne-services.fr,,,https://www.etienne-services.fr/seine-et-marne/plombier-balloy-77118/recherche-de-fuites,2026-07-22
www.etienne-services.fr,,,https://www.etienne-services.fr/seine-et-marne/plombier-bannost-villegagnon-77970/debouchage-canalisation,2026-07-22
www.etienne-services.fr,,,https://www.etienne-services.fr/seine-et-marne/plombier-bannost-villegagnon-77970/recherche-de-fuites,2026-07-22
www.etienne-services.fr,,,https://www.etienne-services.fr/seine-et-marne/plombier-barbey-77130/debouchage-canalisation,2026-07-22
www.etienne-services.fr,,,https://www.etienne-services.fr/seine-et-marne/plombier-barbey-77130/recherche-de-fuites,2026-07-22
www.etienne-services.fr,,,https://www.etienne-services.fr/seine-et-marne/plombier-barbizon-77630/debouchage-canalisation,2026-07-22
www.etienne-services.fr,,,https://www.etienne-services.fr/seine-et-marne/plombier-barbizon-77630/recherche-de-fuites,2026-07-22
www.etienne-services.fr,,,https://www.etienne-services.fr/seine-et-marne/plombier-barcy-77910/debouchage-canalisation,2026-07-22
www.etienne-services.fr,,,https://www.etienne-services.fr/seine-et-marne/plombier-barcy-77910/recherche-de-fuites,2026-07-22
www.etienne-services.fr,,,https://www.etienne-services.fr/seine-et-marne/plombier-bassevelle-77750/debouchage-canalisation,2026-07-22
www.etienne-services.fr,,,https://www.etienne-services.fr/seine-et-marne/plombier-bassevelle-77750/recherche-de-fuites,2026-07-22
www.etienne-services.fr,,,https://www.etienne-services.fr/seine-et-marne/plombier-bazoches-les-bray-77118/debouchage-canalisation,2026-07-22
www.etienne-services.fr,,,https://www.etienne-services.fr/seine-et-marne/plombier-bazoches-les-bray-77118/recherche-de-fuites,2026-07-22
www.etienne-services.fr,,,https://www.etienne-services.fr/seine-et-marne/plombier-beauchery-saint-martin-77560/debouchage-canalisation,2026-07-22
www.etienne-services.fr,,,https://www.etienne-services.fr/seine-et-marne/plombier-beauchery-saint-martin-77560/recherche-de-fuites,2026-07-22
www.etienne-services.fr,,,https://www.etienne-services.fr/seine-et-marne/plombier-beaumont-du-gatinais-77890/debouchage-canalisation,2026-07-22
www.etienne-services.fr,,,https://www.etienne-services.fr/seine-et-marne/plombier-beaumont-du-gatinais-77890/recherche-de-fuites,2026-07-22
www.etienne-services.fr,,,https://www.etienne-services.fr/seine-et-marne/plombier-beautheil-77120/debouchage-canalisation,2026-07-22
www.etienne-services.fr,,,https://www.etienne-services.fr/seine-et-marne/plombier-beautheil-77120/recherche-de-fuites,2026-07-22
www.etienne-services.fr,,,https://www.etienne-services.fr/seine-et-marne/plombier-beauvoir-77390/debouchage-canalisation,2026-07-22
www.etienne-services.fr,,,https://www.etienne-services.fr/seine-et-marne/plombier-beauvoir-77390/recherche-de-fuites,2026-07-22
www.etienne-services.fr,,,https://www.etienne-services.fr/seine-et-marne/plombier-bellot-77510/debouchage-canalisation,2026-07-22
www.etienne-services.fr,,,https://www.etienne-services.fr/seine-et-marne/plombier-bellot-77510/recherche-de-fuites,2026-07-22
www.etienne-services.fr,,,https://www.etienne-services.fr/seine-et-marne/plombier-bernay-vilbert-77540/debouchage-canalisation,2026-07-22
www.etienne-services.fr,,,https://www.etienne-services.fr/seine-et-marne/plombier-bernay-vilbert-77540/recherche-de-fuites,2026-07-22
www.etienne-services.fr,,,https://www.etienne-services.fr/seine-et-marne/plombier-beton-bazoches-77320/debouchage-canalisation,2026-07-22
www.etienne-services.fr,,,https://www.etienne-services.fr/seine-et-marne/plombier-beton-bazoches-77320/recherche-de-fuites,2026-07-22
www.etienne-services.fr,,,https://www.etienne-services.fr/seine-et-marne/plombier-bezalles-77970/debouchage-canalisation,2026-07-22
www.etienne-services.fr,,,https://www.etienne-services.fr/seine-et-marne/plombier-bezalles-77970/recherche-de-fuites,2026-07-22
www.etienne-services.fr,,,https://www.etienne-services.fr/seine-et-marne/plombier-blandy-77115/debouchage-canalisation,2026-07-22
www.etienne-services.fr,,,https://www.etienne-services.fr/seine-et-marne/plombier-blandy-77115/recherche-de-fuites,2026-07-22
www.etienne-services.fr,,,https://www.etienne-services.fr/seine-et-marne/plombier-blennes-77940/debouchage-canalisation,2026-07-22
www.etienne-services.fr,,,https://www.etienne-services.fr/seine-et-marne/plombier-blennes-77940/recherche-de-fuites,2026-07-22
www.etienne-services.fr,,,https://www.etienne-services.fr/seine-et-marne/plombier-boisdon-77970/debouchage-canalisation,2026-07-22
www.etienne-services.fr,,,https://www.etienne-services.fr/seine-et-marne/plombier-boisdon-77970/recherche-de-fuites,2026-07-22
www.etienne-services.fr,,,https://www.etienne-services.fr/seine-et-marne/plombier-boissettes-77350/debouchage-canalisation,2026-07-22
www.etienne-services.fr,,,https://www.etienne-services.fr/seine-et-marne/plombier-boissettes-77350/recherche-de-fuites,2026-07-22
www.etienne-services.fr,,,https://www.etienne-services.fr/seine-et-marne/plombier-boissise-la-bertrand-77350/debouchage-canalisation,2026-07-22
www.etienne-services.fr,,,https://www.etienne-services.fr/seine-et-marne/plombier-boissise-la-bertrand-77350/recherche-de-fuites,2026-07-22
www.etienne-services.fr,,,https://www.etienne-services.fr/seine-et-marne/plombier-boissise-le-roi-77310/debouchage-canalisation,2026-07-22
www.etienne-services.fr,,,https://www.etienne-services.fr/seine-et-marne/plombier-boissise-le-roi-77310/recherche-de-fuites,2026-07-22
www.etienne-services.fr,,,https://www.etienne-services.fr/seine-et-marne/plombier-boissy-aux-cailles-77760/debouchage-canalisation,2026-07-22
www.etienne-services.fr,,,https://www.etienne-services.fr/seine-et-marne/plombier-boissy-aux-cailles-77760/recherche-de-fuites,2026-07-22
www.etienne-services.fr,,,https://www.etienne-services.fr/seine-et-marne/plombier-boissy-le-chatel-77169/debouchage-canalisation,2026-07-22
www.etienne-services.fr,,,https://www.etienne-services.fr/seine-et-marne/plombier-boissy-le-chatel-77169/recherche-de-fuites,2026-07-22
www.etienne-services.fr,,,https://www.etienne-services.fr/seine-et-marne/plombier-boitron-77750/debouchage-canalisation,2026-07-22
www.etienne-services.fr,,,https://www.etienne-services.fr/seine-et-marne/plombier-boitron-77750/recherche-de-fuites,2026-07-22
www.etienne-services.fr,,,https://www.etienne-services.fr/seine-et-marne/plombier-bombon-77720/debouchage-canalisation,2026-07-22
www.etienne-services.fr,,,https://www.etienne-services.fr/seine-et-marne/plombier-bombon-77720/recherche-de-fuites,2026-07-22
www.etienne-services.fr,,,https://www.etienne-services.fr/seine-et-marne/plombier-bougligny-77570/debouchage-canalisation,2026-07-22
www.etienne-services.fr,,,https://www.etienne-services.fr/seine-et-marne/plombier-bougligny-77570/recherche-de-fuites,2026-07-22
www.etienne-services.fr,,,https://www.etienne-services.fr/seine-et-marne/plombier-boulancourt-77760/debouchage-canalisation,2026-07-22
www.etienne-services.fr,,,https://www.etienne-services.fr/seine-et-marne/plombier-boulancourt-77760/recherche-de-fuites,2026-07-22
www.etienne-services.fr,,,https://www.etienne-services.fr/seine-et-marne/plombier-bouleurs-77580/debouchage-canalisation,2026-07-22
www.etienne-services.fr,,,https://www.etienne-services.fr/seine-et-marne/plombier-bouleurs-77580/recherche-de-fuites,2026-07-22
www.etienne-services.fr,,,https://www.etienne-services.fr/seine-et-marne/plombier-bourron-marlotte-77780/debouchage-canalisation,2026-07-22
www.etienne-services.fr,,,https://www.etienne-services.fr/seine-et-marne/plombier-bourron-marlotte-77780/recherche-de-fuites,2026-07-22
www.etienne-services.fr,,,https://www.etienne-services.fr/seine-et-marne/plombier-boutigny-77470/debouchage-canalisation,2026-07-22
www.etienne-services.fr,,,https://www.etienne-services.fr/seine-et-marne/plombier-boutigny-77470/recherche-de-fuites,2026-07-22
www.etienne-services.fr,,,https://www.etienne-services.fr/seine-et-marne/plombier-bransles-77620/debouchage-canalisation,2026-07-22
www.etienne-services.fr,,,https://www.etienne-services.fr/seine-et-marne/plombier-bransles-77620/recherche-de-fuites,2026-07-22
www.etienne-services.fr,,,https://www.etienne-services.fr/seine-et-marne/plombier-bray-sur-seine-77480/debouchage-canalisation,2026-07-22
www.etienne-services.fr,,,https://www.etienne-services.fr/seine-et-marne/plombier-bray-sur-seine-77480/recherche-de-fuites,2026-07-22
www.etienne-services.fr,,,https://www.etienne-services.fr/seine-et-marne/plombier-breau-77720/debouchage-canalisation,2026-07-22
www.etienne-services.fr,,,https://www.etienne-services.fr/seine-et-marne/plombier-breau-77720/recherche-de-fuites,2026-07-22
www.etienne-services.fr,,,https://www.etienne-services.fr/seine-et-marne/plombier-brou-sur-chantereine-77177/debouchage-canalisation,2026-07-22
www.etienne-services.fr,,,https://www.etienne-services.fr/seine-et-marne/plombier-brou-sur-chantereine-77177/recherche-de-fuites,2026-07-22
www.etienne-services.fr,,,https://www.etienne-services.fr/seine-et-marne/plombier-burcy-77890/debouchage-canalisation,2026-07-22
www.etienne-services.fr,,,https://www.etienne-services.fr/seine-et-marne/plombier-burcy-77890/recherche-de-fuites,2026-07-22
www.etienne-services.fr,,,https://www.etienne-services.fr/seine-et-marne/plombier-bussieres-77750/debouchage-canalisation,2026-07-22
www.etienne-services.fr,,,https://www.etienne-services.fr/seine-et-marne/plombier-bussieres-77750/recherche-de-fuites,2026-07-22
www.etienne-services.fr,,,https://www.etienne-services.fr/seine-et-marne/plombier-bussy-saint-martin-77600/debouchage-canalisation,2026-07-22
www.etienne-services.fr,,,https://www.etienne-services.fr/seine-et-marne/plombier-bussy-saint-martin-77600/recherche-de-fuites,2026-07-22
www.etienne-services.fr,,,https://www.etienne-services.fr/seine-et-marne/plombier-buthiers-77760/debouchage-canalisation,2026-07-22
www.etienne-services.fr,,,https://www.etienne-services.fr/seine-et-marne/plombier-buthiers-77760/recherche-de-fuites,2026-07-22
www.etienne-services.fr,,,https://www.etienne-services.fr/seine-et-marne/plombier-cannes-ecluse-77130/debouchage-canalisation,2026-07-22
www.etienne-services.fr,,,https://www.etienne-services.fr/seine-et-marne/plombier-cannes-ecluse-77130/recherche-de-fuites,2026-07-22
www.etienne-services.fr,,,https://www.etienne-services.fr/seine-et-marne/plombier-carnetin-77400/debouchage-canalisation,2026-07-22
www.etienne-services.fr,,,https://www.etienne-services.fr/seine-et-marne/plombier-carnetin-77400/recherche-de-fuites,2026-07-22
www.etienne-services.fr,,,https://www.etienne-services.fr/seine-et-marne/plombier-cely-77930/debouchage-canalisation,2026-07-22
www.etienne-services.fr,,,https://www.etienne-services.fr/seine-et-marne/plombier-cely-77930/recherche-de-fuites,2026-07-22
www.etienne-services.fr,,,https://www.etienne-services.fr/seine-et-marne/plombier-cerneux-77320/debouchage-canalisation,2026-07-22
www.etienne-services.fr,,,https://www.etienne-services.fr/seine-et-marne/plombier-cerneux-77320/recherche-de-fuites,2026-07-22
www.etienne-services.fr,,,https://www.etienne-services.fr/seine-et-marne/plombier-cessoy-en-montois-77520/debouchage-canalisation,2026-07-22
www.etienne-services.fr,,,https://www.etienne-services.fr/seine-et-marne/plombier-cessoy-en-montois-77520/recherche-de-fuites,2026-07-22
www.etienne-services.fr,,,https://www.etienne-services.fr/seine-et-marne/plombier-chailly-en-biere-77930/debouchage-canalisation,2026-07-22
www.etienne-services.fr,,,https://www.etienne-services.fr/seine-et-marne/plombier-chailly-en-biere-77930/recherche-de-fuites,2026-07-22
www.etienne-services.fr,,,https://www.etienne-services.fr/seine-et-marne/plombier-chailly-en-brie-77120/debouchage-canalisation,2026-07-22
www.etienne-services.fr,,,https://www.etienne-services.fr/seine-et-marne/plombier-chailly-en-brie-77120/recherche-de-fuites,2026-07-22
www.etienne-services.fr,,,https://www.etienne-services.fr/seine-et-marne/plombier-chaintreaux-77460/debouchage-canalisation,2026-07-22
www.etienne-services.fr,,,https://www.etienne-services.fr/seine-et-marne/plombier-chaintreaux-77460/recherche-de-fuites,2026-07-22
www.etienne-services.fr,,,https://www.etienne-services.fr/seine-et-marne/plombier-chalautre-la-grande-77171/debouchage-canalisation,2026-07-22
www.etienne-services.fr,,,https://www.etienne-services.fr/seine-et-marne/plombier-chalautre-la-grande-77171/recherche-de-fuites,2026-07-22
www.etienne-services.fr,,,https://www.etienne-services.fr/seine-et-marne/plombier-chalautre-la-petite-77160/debouchage-canalisation,2026-07-22
www.etienne-services.fr,,,https://www.etienne-services.fr/seine-et-marne/plombier-chalautre-la-petite-77160/recherche-de-fuites,2026-07-22
www.etienne-services.fr,,,https://www.etienne-services.fr/seine-et-marne/plombier-chalifert-77144/debouchage-canalisation,2026-07-22
www.etienne-services.fr,,,https://www.etienne-services.fr/seine-et-marne/plombier-chalifert-77144/recherche-de-fuites,2026-07-22
www.etienne-services.fr,,,https://www.etienne-services.fr/seine-et-marne/plombier-chalmaison-77650/debouchage-canalisation,2026-07-22
www.etienne-services.fr,,,https://www.etienne-services.fr/seine-et-marne/plombier-chalmaison-77650/recherche-de-fuites,2026-07-22
www.etienne-services.fr,,,https://www.etienne-services.fr/seine-et-marne/plombier-chambry-77910/debouchage-canalisation,2026-07-22
www.etienne-services.fr,,,https://www.etienne-services.fr/seine-et-marne/plombier-chambry-77910/recherche-de-fuites,2026-07-22
www.etienne-services.fr,,,https://www.etienne-services.fr/seine-et-marne/plombier-chamigny-77260/debouchage-canalisation,2026-07-22
www.etienne-services.fr,,,https://www.etienne-services.fr/seine-et-marne/plombier-chamigny-77260/recherche-de-fuites,2026-07-22
www.etienne-services.fr,,,https://www.etienne-services.fr/seine-et-marne/plombier-champcenest-77560/debouchage-canalisation,2026-07-22
www.etienne-services.fr,,,https://www.etienne-services.fr/seine-et-marne/plombier-champcenest-77560/recherche-de-fuites,2026-07-22
www.etienne-services.fr,,,https://www.etienne-services.fr/seine-et-marne/plombier-champdeuil-77390/debouchage-canalisation,2026-07-22
www.etienne-services.fr,,,https://www.etienne-services.fr/seine-et-marne/plombier-champdeuil-77390/recherche-de-fuites,2026-07-22
www.etienne-services.fr,,,https://www.etienne-services.fr/seine-et-marne/plombier-champeaux-77720/debouchage-canalisation,2026-07-22
www.etienne-services.fr,,,https://www.etienne-services.fr/seine-et-marne/plombier-champeaux-77720/recherche-de-fuites,2026-07-22
www.etienne-services.fr,,,https://www.etienne-services.fr/seine-et-marne/plombier-changis-sur-marne-77660/debouchage-canalisation,2026-07-22
www.etienne-services.fr,,,https://www.etienne-services.fr/seine-et-marne/plombier-changis-sur-marne-77660/recherche-de-fuites,2026-07-22
www.etienne-services.fr,,,https://www.etienne-services.fr/seine-et-marne/plombier-chanteloup-en-brie-77600/debouchage-canalisation,2026-07-22
www.etienne-services.fr,,,https://www.etienne-services.fr/seine-et-marne/plombier-chanteloup-en-brie-77600/recherche-de-fuites,2026-07-22
www.etienne-services.fr,,,https://www.etienne-services.fr/seine-et-marne/plombier-charmentray-77410/debouchage-canalisation,2026-07-22
www.etienne-services.fr,,,https://www.etienne-services.fr/seine-et-marne/plombier-charmentray-77410/recherche-de-fuites,2026-07-22
www.etienne-services.fr,,,https://www.etienne-services.fr/seine-et-marne/plombier-charny-77410/debouchage-canalisation,2026-07-22
www.etienne-services.fr,,,https://www.etienne-services.fr/seine-et-marne/plombier-charny-77410/recherche-de-fuites,2026-07-22
www.etienne-services.fr,,,https://www.etienne-services.fr/seine-et-marne/plombier-chartrettes-77590/debouchage-canalisation,2026-07-22
www.etienne-services.fr,,,https://www.etienne-services.fr/seine-et-marne/plombier-chartrettes-77590/recherche-de-fuites,2026-07-22
www.etienne-services.fr,,,https://www.etienne-services.fr/seine-et-marne/plombier-chartronges-77320/debouchage-canalisation,2026-07-22
www.etienne-services.fr,,,https://www.etienne-services.fr/seine-et-marne/plombier-chartronges-77320/recherche-de-fuites,2026-07-22
www.etienne-services.fr,,,https://www.etienne-services.fr/seine-et-marne/plombier-chateau-landon-77570/debouchage-canalisation,2026-07-22
www.etienne-services.fr,,,https://www.etienne-services.fr/seine-et-marne/plombier-chateau-landon-77570/recherche-de-fuites,2026-07-22
www.etienne-services.fr,,,https://www.etienne-services.fr/seine-et-marne/plombier-chateaubleau-77370/debouchage-canalisation,2026-07-22
www.etienne-services.fr,,,https://www.etienne-services.fr/seine-et-marne/plombier-chateaubleau-77370/recherche-de-fuites,2026-07-22
www.etienne-services.fr,,,https://www.etienne-services.fr/seine-et-marne/plombier-chatenay-sur-seine-77126/debouchage-canalisation,2026-07-22
www.etienne-services.fr,,,https://www.etienne-services.fr/seine-et-marne/plombier-chatenay-sur-seine-77126/recherche-de-fuites,2026-07-22
www.etienne-services.fr,,,https://www.etienne-services.fr/seine-et-marne/plombier-chatenoy-77167/debouchage-canalisation,2026-07-22
www.etienne-services.fr,,,https://www.etienne-services.fr/seine-et-marne/plombier-chatenoy-77167/recherche-de-fuites,2026-07-22
www.etienne-services.fr,,,https://www.etienne-services.fr/seine-et-marne/plombier-chatillon-la-borde-77820/debouchage-canalisation,2026-07-22
www.etienne-services.fr,,,https://www.etienne-services.fr/seine-et-marne/plombier-chatillon-la-borde-77820/recherche-de-fuites,2026-07-22
www.etienne-services.fr,,,https://www.etienne-services.fr/seine-et-marne/plombier-chatres-77610/debouchage-canalisation,2026-07-22
www.etienne-services.fr,,,https://www.etienne-services.fr/seine-et-marne/plombier-chatres-77610/recherche-de-fuites,2026-07-22
www.etienne-services.fr,,,https://www.etienne-services.fr/seine-et-marne/plombier-chauconin-neufmontiers-77124/debouchage-canalisation,2026-07-22
www.etienne-services.fr,,,https://www.etienne-services.fr/seine-et-marne/plombier-chauconin-neufmontiers-77124/recherche-de-fuites,2026-07-22
www.etienne-services.fr,,,https://www.etienne-services.fr/seine-et-marne/plombier-chauffry-77169/debouchage-canalisation,2026-07-22
www.etienne-services.fr,,,https://www.etienne-services.fr/seine-et-marne/plombier-chauffry-77169/recherche-de-fuites,2026-07-22
www.etienne-services.fr,,,https://www.etienne-services.fr/seine-et-marne/plombier-chaumes-en-brie-77390/debouchage-canalisation,2026-07-22
www.etienne-services.fr,,,https://www.etienne-services.fr/seine-et-marne/plombier-chaumes-en-brie-77390/recherche-de-fuites,2026-07-22
www.etienne-services.fr,,,https://www.etienne-services.fr/seine-et-marne/plombier-chenoise-77160/debouchage-canalisation,2026-07-22
www.etienne-services.fr,,,https://www.etienne-services.fr/seine-et-marne/plombier-chenoise-77160/recherche-de-fuites,2026-07-22
www.etienne-services.fr,,,https://www.etienne-services.fr/seine-et-marne/plombier-chenou-77570/debouchage-canalisation,2026-07-22
www.etienne-services.fr,,,https://www.etienne-services.fr/seine-et-marne/plombier-chenou-77570/recherche-de-fuites,2026-07-22
www.etienne-services.fr,,,https://www.etienne-services.fr/seine-et-marne/plombier-chessy-77700/debouchage-canalisation,2026-07-22
www.etienne-services.fr,,,https://www.etienne-services.fr/seine-et-marne/plombier-chessy-77700/recherche-de-fuites,2026-07-22
www.etienne-services.fr,,,https://www.etienne-services.fr/seine-et-marne/plombier-chevrainvilliers-77760/debouchage-canalisation,2026-07-22
www.etienne-services.fr,,,https://www.etienne-services.fr/seine-et-marne/plombier-chevrainvilliers-77760/recherche-de-fuites,2026-07-22
www.etienne-services.fr,,,https://www.etienne-services.fr/seine-et-marne/plombier-chevru-77320/debouchage-canalisation,2026-07-22
www.etienne-services.fr,,,https://www.etienne-services.fr/seine-et-marne/plombier-chevru-77320/recherche-de-fuites,2026-07-22
www.etienne-services.fr,,,https://www.etienne-services.fr/seine-et-marne/plombier-chevry-cossigny-77173/debouchage-canalisation,2026-07-22
www.etienne-services.fr,,,https://www.etienne-services.fr/seine-et-marne/plombier-chevry-cossigny-77173/recherche-de-fuites,2026-07-22
www.etienne-services.fr,,,https://www.etienne-services.fr/seine-et-marne/plombier-chevry-en-sereine-77710/debouchage-canalisation,2026-07-22
www.etienne-services.fr,,,https://www.etienne-services.fr/seine-et-marne/plombier-chevry-en-sereine-77710/recherche-de-fuites,2026-07-22
www.etienne-services.fr,,,https://www.etienne-services.fr/seine-et-marne/plombier-choisy-en-brie-77320/debouchage-canalisation,2026-07-22
www.etienne-services.fr,,,https://www.etienne-services.fr/seine-et-marne/plombier-choisy-en-brie-77320/recherche-de-fuites,2026-07-22
www.etienne-services.fr,,,https://www.etienne-services.fr/seine-et-marne/plombier-citry-77730/debouchage-canalisation,2026-07-22
www.etienne-services.fr,,,https://www.etienne-services.fr/seine-et-marne/plombier-citry-77730/recherche-de-fuites,2026-07-22
www.etienne-services.fr,,,https://www.etienne-services.fr/seine-et-marne/plombier-clos-fontaine-77370/debouchage-canalisation,2026-07-22
www.etienne-services.fr,,,https://www.etienne-services.fr/seine-et-marne/plombier-clos-fontaine-77370/recherche-de-fuites,2026-07-22
www.etienne-services.fr,,,https://www.etienne-services.fr/seine-et-marne/plombier-cocherel-77440/debouchage-canalisation,2026-07-22
www.etienne-services.fr,,,https://www.etienne-services.fr/seine-et-marne/plombier-cocherel-77440/recherche-de-fuites,2026-07-22
www.etienne-services.fr,,,https://www.etienne-services.fr/seine-et-marne/plombier-collegien-77090/debouchage-canalisation,2026-07-22
www.etienne-services.fr,,,https://www.etienne-services.fr/seine-et-marne/plombier-collegien-77090/recherche-de-fuites,2026-07-22
www.etienne-services.fr,,,https://www.etienne-services.fr/seine-et-marne/plombier-compans-77290/debouchage-canalisation,2026-07-22
www.etienne-services.fr,,,https://www.etienne-services.fr/seine-et-marne/plombier-compans-77290/recherche-de-fuites,2026-07-22
www.etienne-services.fr,,,https://www.etienne-services.fr/seine-et-marne/plombier-conches-sur-gondoire-77600/debouchage-canalisation,2026-07-22
www.etienne-services.fr,,,https://www.etienne-services.fr/seine-et-marne/plombier-conches-sur-gondoire-77600/recherche-de-fuites,2026-07-22
www.etienne-services.fr,,,https://www.etienne-services.fr/seine-et-marne/plombier-conde-sainte-libiaire-77450/debouchage-canalisation,2026-07-22
www.etienne-services.fr,,,https://www.etienne-services.fr/seine-et-marne/plombier-conde-sainte-libiaire-77450/recherche-de-fuites,2026-07-22
www.etienne-services.fr,,,https://www.etienne-services.fr/seine-et-marne/plombier-congis-sur-therouanne-77440/debouchage-canalisation,2026-07-22
www.etienne-services.fr,,,https://www.etienne-services.fr/seine-et-marne/plombier-congis-sur-therouanne-77440/recherche-de-fuites,2026-07-22
www.etienne-services.fr,,,https://www.etienne-services.fr/seine-et-marne/plombier-coubert-77170/debouchage-canalisation,2026-07-22
www.etienne-services.fr,,,https://www.etienne-services.fr/seine-et-marne/plombier-coubert-77170/recherche-de-fuites,2026-07-22
www.etienne-services.fr,,,https://www.etienne-services.fr/seine-et-marne/plombier-couilly-pont-aux-dames-77860/debouchage-canalisation,2026-07-22
www.etienne-services.fr,,,https://www.etienne-services.fr/seine-et-marne/plombier-couilly-pont-aux-dames-77860/recherche-de-fuites,2026-07-22
www.etienne-services.fr,,,https://www.etienne-services.fr/seine-et-marne/plombier-coulombs-en-valois-77840/debouchage-canalisation,2026-07-22
www.etienne-services.fr,,,https://www.etienne-services.fr/seine-et-marne/plombier-coulombs-en-valois-77840/recherche-de-fuites,2026-07-22
www.etienne-services.fr,,,https://www.etienne-services.fr/seine-et-marne/plombier-coulommes-77580/debouchage-canalisation,2026-07-22
www.etienne-services.fr,,,https://www.etienne-services.fr/seine-et-marne/plombier-coulommes-77580/recherche-de-fuites,2026-07-22
www.etienne-services.fr,,,https://www.etienne-services.fr/seine-et-marne/plombier-coupvray-77700/debouchage-canalisation,2026-07-22
www.etienne-services.fr,,,https://www.etienne-services.fr/seine-et-marne/plombier-coupvray-77700/recherche-de-fuites,2026-07-22
www.etienne-services.fr,,,https://www.etienne-services.fr/seine-et-marne/plombier-courcelles-en-bassee-77126/debouchage-canalisation,2026-07-22
www.etienne-services.fr,,,https://www.etienne-services.fr/seine-et-marne/plombier-courcelles-en-bassee-77126/recherche-de-fuites,2026-07-22
www.etienne-services.fr,,,https://www.etienne-services.fr/seine-et-marne/plombier-courchamp-77560/debouchage-canalisation,2026-07-22
www.etienne-services.fr,,,https://www.etienne-services.fr/seine-et-marne/plombier-courchamp-77560/recherche-de-fuites,2026-07-22
www.etienne-services.fr,,,https://www.etienne-services.fr/seine-et-marne/plombier-courpalay-77540/debouchage-canalisation,2026-07-22
www.etienne-services.fr,,,https://www.etienne-services.fr/seine-et-marne/plombier-courpalay-77540/recherche-de-fuites,2026-07-22
www.etienne-services.fr,,,https://www.etienne-services.fr/seine-et-marne/plombier-courquetaine-77390/debouchage-canalisation,2026-07-22
www.etienne-services.fr,,,https://www.etienne-services.fr/seine-et-marne/plombier-courquetaine-77390/recherche-de-fuites,2026-07-22
www.etienne-services.fr,,,https://www.etienne-services.fr/seine-et-marne/plombier-courtacon-77560/debouchage-canalisation,2026-07-22
www.etienne-services.fr,,,https://www.etienne-services.fr/seine-et-marne/plombier-courtacon-77560/recherche-de-fuites,2026-07-22
www.etienne-services.fr,,,https://www.etienne-services.fr/seine-et-marne/plombier-courtomer-77390/debouchage-canalisation,2026-07-22
www.etienne-services.fr,,,https://www.etienne-services.fr/seine-et-marne/plombier-courtomer-77390/recherche-de-fuites,2026-07-22
www.etienne-services.fr,,,https://www.etienne-services.fr/seine-et-marne/plombier-coutencon-77154/debouchage-canalisation,2026-07-22
www.etienne-services.fr,,,https://www.etienne-services.fr/seine-et-marne/plombier-coutencon-77154/recherche-de-fuites,2026-07-22
www.etienne-services.fr,,,https://www.etienne-services.fr/seine-et-marne/plombier-coutevroult-77580/debouchage-canalisation,2026-07-22
www.etienne-services.fr,,,https://www.etienne-services.fr/seine-et-marne/plombier-coutevroult-77580/recherche-de-fuites,2026-07-22
www.etienne-services.fr,,,https://www.etienne-services.fr/seine-et-marne/plombier-crecy-la-chapelle-77580/debouchage-canalisation,2026-07-22
www.etienne-services.fr,,,https://www.etienne-services.fr/seine-et-marne/plombier-crecy-la-chapelle-77580/recherche-de-fuites,2026-07-22
www.etienne-services.fr,,,https://www.etienne-services.fr/seine-et-marne/plombier-cregy-les-meaux-77124/debouchage-canalisation,2026-07-22
www.etienne-services.fr,,,https://www.etienne-services.fr/seine-et-marne/plombier-cregy-les-meaux-77124/recherche-de-fuites,2026-07-22
www.etienne-services.fr,,,https://www.etienne-services.fr/seine-et-marne/plombier-crevecoeur-en-brie-77610/debouchage-canalisation,2026-07-22
www.etienne-services.fr,,,https://www.etienne-services.fr/seine-et-marne/plombier-crevecoeur-en-brie-77610/recherche-de-fuites,2026-07-22
www.etienne-services.fr,,,https://www.etienne-services.fr/seine-et-marne/plombier-crisenoy-77390/debouchage-canalisation,2026-07-22
www.etienne-services.fr,,,https://www.etienne-services.fr/seine-et-marne/plombier-crisenoy-77390/recherche-de-fuites,2026-07-22
www.etienne-services.fr,,,https://www.etienne-services.fr/seine-et-marne/plombier-croissy-beaubourg-77183/debouchage-canalisation,2026-07-22
www.etienne-services.fr,,,https://www.etienne-services.fr/seine-et-marne/plombier-croissy-beaubourg-77183/recherche-de-fuites,2026-07-22
www.etienne-services.fr,,,https://www.etienne-services.fr/seine-et-marne/plombier-crouy-sur-ourcq-77840/debouchage-canalisation,2026-07-22
www.etienne-services.fr,,,https://www.etienne-services.fr/seine-et-marne/plombier-crouy-sur-ourcq-77840/recherche-de-fuites,2026-07-22
www.etienne-services.fr,,,https://www.etienne-services.fr/seine-et-marne/plombier-cucharmoy-77160/debouchage-canalisation,2026-07-22
www.etienne-services.fr,,,https://www.etienne-services.fr/seine-et-marne/plombier-cucharmoy-77160/recherche-de-fuites,2026-07-22
www.etienne-services.fr,,,https://www.etienne-services.fr/seine-et-marne/plombier-cuisy-77165/debouchage-canalisation,2026-07-22
www.etienne-services.fr,,,https://www.etienne-services.fr/seine-et-marne/plombier-cuisy-77165/recherche-de-fuites,2026-07-22
www.etienne-services.fr,,,https://www.etienne-services.fr/seine-et-marne/plombier-dagny-77320/debouchage-canalisation,2026-07-22
www.etienne-services.fr,,,https://www.etienne-services.fr/seine-et-marne/plombier-dagny-77320/recherche-de-fuites,2026-07-22
www.etienne-services.fr,,,https://www.etienne-services.fr/seine-et-marne/plombier-dammartin-sur-tigeaux-77163/debouchage-canalisation,2026-07-22
www.etienne-services.fr,,,https://www.etienne-services.fr/seine-et-marne/plombier-dammartin-sur-tigeaux-77163/recherche-de-fuites,2026-07-22
www.etienne-services.fr,,,https://www.etienne-services.fr/seine-et-marne/plombier-dampmart-77400/debouchage-canalisation,2026-07-22
www.etienne-services.fr,,,https://www.etienne-services.fr/seine-et-marne/plombier-dampmart-77400/recherche-de-fuites,2026-07-22
www.etienne-services.fr,,,https://www.etienne-services.fr/seine-et-marne/plombier-darvault-77140/debouchage-canalisation,2026-07-22
www.etienne-services.fr,,,https://www.etienne-services.fr/seine-et-marne/plombier-darvault-77140/recherche-de-fuites,2026-07-22
www.etienne-services.fr,,,https://www.etienne-services.fr/seine-et-marne/plombier-dhuisy-77440/debouchage-canalisation,2026-07-22
www.etienne-services.fr,,,https://www.etienne-services.fr/seine-et-marne/plombier-dhuisy-77440/recherche-de-fuites,2026-07-22
www.etienne-services.fr,,,https://www.etienne-services.fr/seine-et-marne/plombier-diant-77940/debouchage-canalisation,2026-07-22
www.etienne-services.fr,,,https://www.etienne-services.fr/seine-et-marne/plombier-diant-77940/recherche-de-fuites,2026-07-22
www.etienne-services.fr,,,https://www.etienne-services.fr/seine-et-marne/plombier-donnemarie-dontilly-77520/debouchage-canalisation,2026-07-22
www.etienne-services.fr,,,https://www.etienne-services.fr/seine-et-marne/plombier-donnemarie-dontilly-77520/recherche-de-fuites,2026-07-22
www.etienne-services.fr,,,https://www.etienne-services.fr/seine-et-marne/plombier-dormelles-77130/debouchage-canalisation,2026-07-22
www.etienne-services.fr,,,https://www.etienne-services.fr/seine-et-marne/plombier-dormelles-77130/recherche-de-fuites,2026-07-22
www.etienne-services.fr,,,https://www.etienne-services.fr/seine-et-marne/plombier-doue-77510/debouchage-canalisation,2026-07-22
www.etienne-services.fr,,,https://www.etienne-services.fr/seine-et-marne/plombier-doue-77510/recherche-de-fuites,2026-07-22
www.etienne-services.fr,,,https://www.etienne-services.fr/seine-et-marne/plombier-douy-la-ramee-77139/debouchage-canalisation,2026-07-22
www.etienne-services.fr,,,https://www.etienne-services.fr/seine-et-marne/plombier-douy-la-ramee-77139/recherche-de-fuites,2026-07-22
www.etienne-services.fr,,,https://www.etienne-services.fr/seine-et-marne/plombier-echouboulains-77830/debouchage-canalisation,2026-07-22
www.etienne-services.fr,,,https://www.etienne-services.fr/seine-et-marne/plombier-echouboulains-77830/recherche-de-fuites,2026-07-22
www.etienne-services.fr,,,https://www.etienne-services.fr/seine-et-marne/plombier-ecuelles-77250/debouchage-canalisation,2026-07-22
www.etienne-services.fr,,,https://www.etienne-services.fr/seine-et-marne/plombier-ecuelles-77250/recherche-de-fuites,2026-07-22
www.etienne-services.fr,,,https://www.etienne-services.fr/seine-et-marne/plombier-egligny-77126/debouchage-canalisation,2026-07-22
www.etienne-services.fr,,,https://www.etienne-services.fr/seine-et-marne/plombier-egligny-77126/recherche-de-fuites,2026-07-22
www.etienne-services.fr,,,https://www.etienne-services.fr/seine-et-marne/plombier-egreville-77620/debouchage-canalisation,2026-07-22
www.etienne-services.fr,,,https://www.etienne-services.fr/seine-et-marne/plombier-egreville-77620/recherche-de-fuites,2026-07-22
www.etienne-services.fr,,,https://www.etienne-services.fr/seine-et-marne/plombier-episy-77250/debouchage-canalisation,2026-07-22
www.etienne-services.fr,,,https://www.etienne-services.fr/seine-et-marne/plombier-episy-77250/recherche-de-fuites,2026-07-22
www.etienne-services.fr,,,https://www.etienne-services.fr/seine-et-marne/plombier-esmans-77940/debouchage-canalisation,2026-07-22
www.etienne-services.fr,,,https://www.etienne-services.fr/seine-et-marne/plombier-esmans-77940/recherche-de-fuites,2026-07-22
www.etienne-services.fr,,,https://www.etienne-services.fr/seine-et-marne/plombier-etrepilly-77139/debouchage-canalisation,2026-07-22
www.etienne-services.fr,,,https://www.etienne-services.fr/seine-et-marne/plombier-etrepilly-77139/recherche-de-fuites,2026-07-22
www.etienne-services.fr,,,https://www.etienne-services.fr/seine-et-marne/plombier-everly-77157/debouchage-canalisation,2026-07-22
www.etienne-services.fr,,,https://www.etienne-services.fr/seine-et-marne/plombier-everly-77157/recherche-de-fuites,2026-07-22
www.etienne-services.fr,,,https://www.etienne-services.fr/seine-et-marne/plombier-evry-gregy-sur-yerre-77166/debouchage-canalisation,2026-07-22
www.etienne-services.fr,,,https://www.etienne-services.fr/seine-et-marne/plombier-evry-gregy-sur-yerre-77166/recherche-de-fuites,2026-07-22
www.etienne-services.fr,,,https://www.etienne-services.fr/seine-et-marne/plombier-faremoutiers-77515/debouchage-canalisation,2026-07-22
www.etienne-services.fr,,,https://www.etienne-services.fr/seine-et-marne/plombier-faremoutiers-77515/recherche-de-fuites,2026-07-22
www.etienne-services.fr,,,https://www.etienne-services.fr/seine-et-marne/plombier-favieres-77220/debouchage-canalisation,2026-07-22
www.etienne-services.fr,,,https://www.etienne-services.fr/seine-et-marne/plombier-favieres-77220/recherche-de-fuites,2026-07-22
www.etienne-services.fr,,,https://www.etienne-services.fr/seine-et-marne/plombier-fay-les-nemours-77167/debouchage-canalisation,2026-07-22
www.etienne-services.fr,,,https://www.etienne-services.fr/seine-et-marne/plombier-fay-les-nemours-77167/recherche-de-fuites,2026-07-22
www.etienne-services.fr,,,https://www.etienne-services.fr/seine-et-marne/plombier-fericy-77133/debouchage-canalisation,2026-07-22
www.etienne-services.fr,,,https://www.etienne-services.fr/seine-et-marne/plombier-fericy-77133/recherche-de-fuites,2026-07-22
www.etienne-services.fr,,,https://www.etienne-services.fr/seine-et-marne/plombier-ferolles-attilly-77150/debouchage-canalisation,2026-07-22
www.etienne-services.fr,,,https://www.etienne-services.fr/seine-et-marne/plombier-ferolles-attilly-77150/recherche-de-fuites,2026-07-22
www.etienne-services.fr,,,https://www.etienne-services.fr/seine-et-marne/plombier-ferrieres-en-brie-77164/debouchage-canalisation,2026-07-22
www.etienne-services.fr,,,https://www.etienne-services.fr/seine-et-marne/plombier-ferrieres-en-brie-77164/recherche-de-fuites,2026-07-22
www.etienne-services.fr,,,https://www.etienne-services.fr/seine-et-marne/plombier-flagy-77940/debouchage-canalisation,2026-07-22
www.etienne-services.fr,,,https://www.etienne-services.fr/seine-et-marne/plombier-flagy-77940/recherche-de-fuites,2026-07-22
www.etienne-services.fr,,,https://www.etienne-services.fr/seine-et-marne/plombier-fleury-en-biere-77930/debouchage-canalisation,2026-07-22
www.etienne-services.fr,,,https://www.etienne-services.fr/seine-et-marne/plombier-fleury-en-biere-77930/recherche-de-fuites,2026-07-22
www.etienne-services.fr,,,https://www.etienne-services.fr/seine-et-marne/plombier-fontaine-fourches-77480/debouchage-canalisation,2026-07-22
www.etienne-services.fr,,,https://www.etienne-services.fr/seine-et-marne/plombier-fontaine-fourches-77480/recherche-de-fuites,2026-07-22
www.etienne-services.fr,,,https://www.etienne-services.fr/seine-et-marne/plombier-fontaine-le-port-77590/debouchage-canalisation,2026-07-22
www.etienne-services.fr,,,https://www.etienne-services.fr/seine-et-marne/plombier-fontaine-le-port-77590/recherche-de-fuites,2026-07-22
www.etienne-services.fr,,,https://www.etienne-services.fr/seine-et-marne/plombier-fontains-77370/debouchage-canalisation,2026-07-22
www.etienne-services.fr,,,https://www.etienne-services.fr/seine-et-marne/plombier-fontains-77370/recherche-de-fuites,2026-07-22
www.etienne-services.fr,,,https://www.etienne-services.fr/seine-et-marne/plombier-fontenailles-77370/debouchage-canalisation,2026-07-22
www.etienne-services.fr,,,https://www.etienne-services.fr/seine-et-marne/plombier-fontenailles-77370/recherche-de-fuites,2026-07-22
www.etienne-services.fr,,,https://www.etienne-services.fr/seine-et-marne/plombier-forfry-77165/debouchage-canalisation,2026-07-22
www.etienne-services.fr,,,https://www.etienne-services.fr/seine-et-marne/plombier-forfry-77165/recherche-de-fuites,2026-07-22
www.etienne-services.fr,,,https://www.etienne-services.fr/seine-et-marne/plombier-forges-77130/debouchage-canalisation,2026-07-22
www.etienne-services.fr,,,https://www.etienne-services.fr/seine-et-marne/plombier-forges-77130/recherche-de-fuites,2026-07-22
www.etienne-services.fr,,,https://www.etienne-services.fr/seine-et-marne/plombier-fouju-77390/debouchage-canalisation,2026-07-22
www.etienne-services.fr,,,https://www.etienne-services.fr/seine-et-marne/plombier-fouju-77390/recherche-de-fuites,2026-07-22
www.etienne-services.fr,,,https://www.etienne-services.fr/seine-et-marne/plombier-fresnes-sur-marne-77410/debouchage-canalisation,2026-07-22
www.etienne-services.fr,,,https://www.etienne-services.fr/seine-et-marne/plombier-fresnes-sur-marne-77410/recherche-de-fuites,2026-07-22
www.etienne-services.fr,,,https://www.etienne-services.fr/seine-et-marne/plombier-fretoy-77320/debouchage-canalisation,2026-07-22
www.etienne-services.fr,,,https://www.etienne-services.fr/seine-et-marne/plombier-fretoy-77320/recherche-de-fuites,2026-07-22
www.etienne-services.fr,,,https://www.etienne-services.fr/seine-et-marne/plombier-fromont-77760/debouchage-canalisation,2026-07-22
www.etienne-services.fr,,,https://www.etienne-services.fr/seine-et-marne/plombier-fromont-77760/recherche-de-fuites,2026-07-22
www.etienne-services.fr,,,https://www.etienne-services.fr/seine-et-marne/plombier-fublaines-77470/debouchage-canalisation,2026-07-22
www.etienne-services.fr,,,https://www.etienne-services.fr/seine-et-marne/plombier-fublaines-77470/recherche-de-fuites,2026-07-22
www.etienne-services.fr,,,https://www.etienne-services.fr/seine-et-marne/plombier-garentreville-77890/debouchage-canalisation,2026-07-22
www.etienne-services.fr,,,https://www.etienne-services.fr/seine-et-marne/plombier-garentreville-77890/recherche-de-fuites,2026-07-22
www.etienne-services.fr,,,https://www.etienne-services.fr/seine-et-marne/plombier-gastins-77370/debouchage-canalisation,2026-07-22
www.etienne-services.fr,,,https://www.etienne-services.fr/seine-et-marne/plombier-gastins-77370/recherche-de-fuites,2026-07-22
www.etienne-services.fr,,,https://www.etienne-services.fr/seine-et-marne/plombier-germigny-l-eveque-77910/debouchage-canalisation,2026-07-22
www.etienne-services.fr,,,https://www.etienne-services.fr/seine-et-marne/plombier-germigny-l-eveque-77910/recherche-de-fuites,2026-07-22
www.etienne-services.fr,,,https://www.etienne-services.fr/seine-et-marne/plombier-germigny-sous-coulombs-77840/debouchage-canalisation,2026-07-22
www.etienne-services.fr,,,https://www.etienne-services.fr/seine-et-marne/plombier-germigny-sous-coulombs-77840/recherche-de-fuites,2026-07-22
www.etienne-services.fr,,,https://www.etienne-services.fr/seine-et-marne/plombier-gesvres-le-chapitre-77165/debouchage-canalisation,2026-07-22
www.etienne-services.fr,,,https://www.etienne-services.fr/seine-et-marne/plombier-gesvres-le-chapitre-77165/recherche-de-fuites,2026-07-22
www.etienne-services.fr,,,https://www.etienne-services.fr/seine-et-marne/plombier-giremoutiers-77120/debouchage-canalisation,2026-07-22
www.etienne-services.fr,,,https://www.etienne-services.fr/seine-et-marne/plombier-giremoutiers-77120/recherche-de-fuites,2026-07-22
www.etienne-services.fr,,,https://www.etienne-services.fr/seine-et-marne/plombier-gironville-77890/debouchage-canalisation,2026-07-22
www.etienne-services.fr,,,https://www.etienne-services.fr/seine-et-marne/plombier-gironville-77890/recherche-de-fuites,2026-07-22
www.etienne-services.fr,,,https://www.etienne-services.fr/seine-et-marne/plombier-gouaix-77114/debouchage-canalisation,2026-07-22
www.etienne-services.fr,,,https://www.etienne-services.fr/seine-et-marne/plombier-gouaix-77114/recherche-de-fuites,2026-07-22
www.etienne-services.fr,,,https://www.etienne-services.fr/seine-et-marne/plombier-gouvernes-77400/debouchage-canalisation,2026-07-22
www.etienne-services.fr,,,https://www.etienne-services.fr/seine-et-marne/plombier-gouvernes-77400/recherche-de-fuites,2026-07-22
www.etienne-services.fr,,,https://www.etienne-services.fr/seine-et-marne/plombier-grandpuits-bailly-carrois-77720/debouchage-canalisation,2026-07-22
www.etienne-services.fr,,,https://www.etienne-services.fr/seine-et-marne/plombier-grandpuits-bailly-carrois-77720/recherche-de-fuites,2026-07-22
www.etienne-services.fr,,,https://www.etienne-services.fr/seine-et-marne/plombier-gravon-77118/debouchage-canalisation,2026-07-22
www.etienne-services.fr,,,https://www.etienne-services.fr/seine-et-marne/plombier-gravon-77118/recherche-de-fuites,2026-07-22
www.etienne-services.fr,,,https://www.etienne-services.fr/seine-et-marne/plombier-gressy-77410/debouchage-canalisation,2026-07-22
www.etienne-services.fr,,,https://www.etienne-services.fr/seine-et-marne/plombier-gressy-77410/recherche-de-fuites,2026-07-22
www.etienne-services.fr,,,https://www.etienne-services.fr/seine-et-marne/plombier-grez-sur-loing-77880/debouchage-canalisation,2026-07-22
www.etienne-services.fr,,,https://www.etienne-services.fr/seine-et-marne/plombier-grez-sur-loing-77880/recherche-de-fuites,2026-07-22
www.etienne-services.fr,,,https://www.etienne-services.fr/seine-et-marne/plombier-grisy-suisnes-77166/debouchage-canalisation,2026-07-22
www.etienne-services.fr,,,https://www.etienne-services.fr/seine-et-marne/plombier-grisy-suisnes-77166/recherche-de-fuites,2026-07-22
www.etienne-services.fr,,,https://www.etienne-services.fr/seine-et-marne/plombier-grisy-sur-seine-77480/debouchage-canalisation,2026-07-22
www.etienne-services.fr,,,https://www.etienne-services.fr/seine-et-marne/plombier-grisy-sur-seine-77480/recherche-de-fuites,2026-07-22
www.etienne-services.fr,,,https://www.etienne-services.fr/seine-et-marne/plombier-guerard-77580/debouchage-canalisation,2026-07-22
www.etienne-services.fr,,,https://www.etienne-services.fr/seine-et-marne/plombier-guerard-77580/recherche-de-fuites,2026-07-22
www.etienne-services.fr,,,https://www.etienne-services.fr/seine-et-marne/plombier-guercheville-77760/debouchage-canalisation,2026-07-22
www.etienne-services.fr,,,https://www.etienne-services.fr/seine-et-marne/plombier-guercheville-77760/recherche-de-fuites,2026-07-22
www.etienne-services.fr,,,https://www.etienne-services.fr/seine-et-marne/plombier-guermantes-77600/debouchage-canalisation,2026-07-22
www.etienne-services.fr,,,https://www.etienne-services.fr/seine-et-marne/plombier-guermantes-77600/recherche-de-fuites,2026-07-22
www.etienne-services.fr,,,https://www.etienne-services.fr/seine-et-marne/plombier-guignes-77390/debouchage-canalisation,2026-07-22
www.etienne-services.fr,,,https://www.etienne-services.fr/seine-et-marne/plombier-guignes-77390/recherche-de-fuites,2026-07-22
www.etienne-services.fr,,,https://www.etienne-services.fr/seine-et-marne/plombier-gurcy-le-chatel-77520/debouchage-canalisation,2026-07-22
www.etienne-services.fr,,,https://www.etienne-services.fr/seine-et-marne/plombier-gurcy-le-chatel-77520/recherche-de-fuites,2026-07-22
www.etienne-services.fr,,,https://www.etienne-services.fr/seine-et-marne/plombier-hautefeuille-77515/debouchage-canalisation,2026-07-22
www.etienne-services.fr,,,https://www.etienne-services.fr/seine-et-marne/plombier-hautefeuille-77515/recherche-de-fuites,2026-07-22
www.etienne-services.fr,,,https://www.etienne-services.fr/seine-et-marne/plombier-hericy-77850/debouchage-canalisation,2026-07-22
www.etienne-services.fr,,,https://www.etienne-services.fr/seine-et-marne/plombier-hericy-77850/recherche-de-fuites,2026-07-22
www.etienne-services.fr,,,https://www.etienne-services.fr/seine-et-marne/plombier-herme-77114/debouchage-canalisation,2026-07-22
www.etienne-services.fr,,,https://www.etienne-services.fr/seine-et-marne/plombier-herme-77114/recherche-de-fuites,2026-07-22
www.etienne-services.fr,,,https://www.etienne-services.fr/seine-et-marne/plombier-hondevilliers-77510/debouchage-canalisation,2026-07-22
www.etienne-services.fr,,,https://www.etienne-services.fr/seine-et-marne/plombier-hondevilliers-77510/recherche-de-fuites,2026-07-22
www.etienne-services.fr,,,https://www.etienne-services.fr/seine-et-marne/plombier-ichy-77890/debouchage-canalisation,2026-07-22
www.etienne-services.fr,,,https://www.etienne-services.fr/seine-et-marne/plombier-ichy-77890/recherche-de-fuites,2026-07-22
www.etienne-services.fr,,,https://www.etienne-services.fr/seine-et-marne/plombier-isles-les-meldeuses-77440/debouchage-canalisation,2026-07-22
www.etienne-services.fr,,,https://www.etienne-services.fr/seine-et-marne/plombier-isles-les-meldeuses-77440/recherche-de-fuites,2026-07-22
www.etienne-services.fr,,,https://www.etienne-services.fr/seine-et-marne/plombier-isles-les-villenoy-77450/debouchage-canalisation,2026-07-22
www.etienne-services.fr,,,https://www.etienne-services.fr/seine-et-marne/plombier-isles-les-villenoy-77450/recherche-de-fuites,2026-07-22
www.etienne-services.fr,,,https://www.etienne-services.fr/seine-et-marne/plombier-iverny-77165/debouchage-canalisation,2026-07-22
www.etienne-services.fr,,,https://www.etienne-services.fr/seine-et-marne/plombier-iverny-77165/recherche-de-fuites,2026-07-22
www.etienne-services.fr,,,https://www.etienne-services.fr/seine-et-marne/plombier-jablines-77450/debouchage-canalisation,2026-07-22
www.etienne-services.fr,,,https://www.etienne-services.fr/seine-et-marne/plombier-jablines-77450/recherche-de-fuites,2026-07-22
www.etienne-services.fr,,,https://www.etienne-services.fr/seine-et-marne/plombier-jaignes-77440/debouchage-canalisation,2026-07-22
www.etienne-services.fr,,,https://www.etienne-services.fr/seine-et-marne/plombier-jaignes-77440/recherche-de-fuites,2026-07-22
www.etienne-services.fr,,,https://www.etienne-services.fr/seine-et-marne/plombier-jaulnes-77480/debouchage-canalisation,2026-07-22
www.etienne-services.fr,,,https://www.etienne-services.fr/seine-et-marne/plombier-jaulnes-77480/recherche-de-fuites,2026-07-22
www.etienne-services.fr,,,https://www.etienne-services.fr/seine-et-marne/plombier-jossigny-77600/debouchage-canalisation,2026-07-22
www.etienne-services.fr,,,https://www.etienne-services.fr/seine-et-marne/plombier-jossigny-77600/recherche-de-fuites,2026-07-22
www.etienne-services.fr,,,https://www.etienne-services.fr/seine-et-marne/plombier-jouarre-77640/debouchage-canalisation,2026-07-22
www.etienne-services.fr,,,https://www.etienne-services.fr/seine-et-marne/plombier-jouarre-77640/recherche-de-fuites,2026-07-22
www.etienne-services.fr,,,https://www.etienne-services.fr/seine-et-marne/plombier-jouy-le-chatel-77970/debouchage-canalisation,2026-07-22
www.etienne-services.fr,,,https://www.etienne-services.fr/seine-et-marne/plombier-jouy-le-chatel-77970/recherche-de-fuites,2026-07-22
www.etienne-services.fr,,,https://www.etienne-services.fr/seine-et-marne/plombier-jouy-sur-morin-77320/debouchage-canalisation,2026-07-22
www.etienne-services.fr,,,https://www.etienne-services.fr/seine-et-marne/plombier-jouy-sur-morin-77320/recherche-de-fuites,2026-07-22
www.etienne-services.fr,,,https://www.etienne-services.fr/seine-et-marne/plombier-juilly-77230/debouchage-canalisation,2026-07-22
www.etienne-services.fr,,,https://www.etienne-services.fr/seine-et-marne/plombier-juilly-77230/recherche-de-fuites,2026-07-22
www.etienne-services.fr,,,https://www.etienne-services.fr/seine-et-marne/plombier-jutigny-77650/debouchage-canalisation,2026-07-22
www.etienne-services.fr,,,https://www.etienne-services.fr/seine-et-marne/plombier-jutigny-77650/recherche-de-fuites,2026-07-22
www.etienne-services.fr,,,https://www.etienne-services.fr/seine-et-marne/plombier-la-brosse-montceaux-77940/debouchage-canalisation,2026-07-22
www.etienne-services.fr,,,https://www.etienne-services.fr/seine-et-marne/plombier-la-brosse-montceaux-77940/recherche-de-fuites,2026-07-22
www.etienne-services.fr,,,https://www.etienne-services.fr/seine-et-marne/plombier-la-celle-sur-morin-77515/debouchage-canalisation,2026-07-22
www.etienne-services.fr,,,https://www.etienne-services.fr/seine-et-marne/plombier-la-celle-sur-morin-77515/recherche-de-fuites,2026-07-22
www.etienne-services.fr,,,https://www.etienne-services.fr/seine-et-marne/plombier-la-chapelle-gauthier-77720/debouchage-canalisation,2026-07-22
www.etienne-services.fr,,,https://www.etienne-services.fr/seine-et-marne/plombier-la-chapelle-gauthier-77720/recherche-de-fuites,2026-07-22
www.etienne-services.fr,,,https://www.etienne-services.fr/seine-et-marne/plombier-la-chapelle-iger-77540/debouchage-canalisation,2026-07-22
www.etienne-services.fr,,,https://www.etienne-services.fr/seine-et-marne/plombier-la-chapelle-iger-77540/recherche-de-fuites,2026-07-22
www.etienne-services.fr,,,https://www.etienne-services.fr/seine-et-marne/plombier-la-chapelle-la-reine-77760/debouchage-canalisation,2026-07-22
www.etienne-services.fr,,,https://www.etienne-services.fr/seine-et-marne/plombier-la-chapelle-la-reine-77760/recherche-de-fuites,2026-07-22
www.etienne-services.fr,,,https://www.etienne-services.fr/seine-et-marne/plombier-la-chapelle-moutils-77320/debouchage-canalisation,2026-07-22
www.etienne-services.fr,,,https://www.etienne-services.fr/seine-et-marne/plombier-la-chapelle-moutils-77320/recherche-de-fuites,2026-07-22
www.etienne-services.fr,,,https://www.etienne-services.fr/seine-et-marne/plombier-la-chapelle-rablais-77370/debouchage-canalisation,2026-07-22
www.etienne-services.fr,,,https://www.etienne-services.fr/seine-et-marne/plombier-la-chapelle-rablais-77370/recherche-de-fuites,2026-07-22
www.etienne-services.fr,,,https://www.etienne-services.fr/seine-et-marne/plombier-la-chapelle-saint-sulpice-77160/debouchage-canalisation,2026-07-22
www.etienne-services.fr,,,https://www.etienne-services.fr/seine-et-marne/plombier-la-chapelle-saint-sulpice-77160/recherche-de-fuites,2026-07-22
www.etienne-services.fr,,,https://www.etienne-services.fr/seine-et-marne/plombier-la-croix-en-brie-77370/debouchage-canalisation,2026-07-22
www.etienne-services.fr,,,https://www.etienne-services.fr/seine-et-marne/plombier-la-croix-en-brie-77370/recherche-de-fuites,2026-07-22
www.etienne-services.fr,,,https://www.etienne-services.fr/seine-et-marne/plombier-la-ferte-gaucher-77320/debouchage-canalisation,2026-07-22
www.etienne-services.fr,,,https://www.etienne-services.fr/seine-et-marne/plombier-la-ferte-gaucher-77320/recherche-de-fuites,2026-07-22
www.etienne-services.fr,,,https://www.etienne-services.fr/seine-et-marne/plombier-la-genevraye-77690/debouchage-canalisation,2026-07-22
www.etienne-services.fr,,,https://www.etienne-services.fr/seine-et-marne/plombier-la-genevraye-77690/recherche-de-fuites,2026-07-22
www.etienne-services.fr,,,https://www.etienne-services.fr/seine-et-marne/plombier-la-grande-paroisse-77130/debouchage-canalisation,2026-07-22
www.etienne-services.fr,,,https://www.etienne-services.fr/seine-et-marne/plombier-la-grande-paroisse-77130/recherche-de-fuites,2026-07-22
www.etienne-services.fr,,,https://www.etienne-services.fr/seine-et-marne/plombier-la-haute-maison-77580/debouchage-canalisation,2026-07-22
www.etienne-services.fr,,,https://www.etienne-services.fr/seine-et-marne/plombier-la-haute-maison-77580/recherche-de-fuites,2026-07-22
www.etienne-services.fr,,,https://www.etienne-services.fr/seine-et-marne/plombier-la-houssaye-en-brie-77610/debouchage-canalisation,2026-07-22
www.etienne-services.fr,,,https://www.etienne-services.fr/seine-et-marne/plombier-la-houssaye-en-brie-77610/recherche-de-fuites,2026-07-22
www.etienne-services.fr,,,https://www.etienne-services.fr/seine-et-marne/plombier-la-madeleine-sur-loing-77570/debouchage-canalisation,2026-07-22
www.etienne-services.fr,,,https://www.etienne-services.fr/seine-et-marne/plombier-la-madeleine-sur-loing-77570/recherche-de-fuites,2026-07-22
www.etienne-services.fr,,,https://www.etienne-services.fr/seine-et-marne/plombier-la-rochette-77000/debouchage-canalisation,2026-07-22
www.etienne-services.fr,,,https://www.etienne-services.fr/seine-et-marne/plombier-la-rochette-77000/recherche-de-fuites,2026-07-22
www.etienne-services.fr,,,https://www.etienne-services.fr/seine-et-marne/plombier-la-tombe-77130/debouchage-canalisation,2026-07-22
www.etienne-services.fr,,,https://www.etienne-services.fr/seine-et-marne/plombier-la-tombe-77130/recherche-de-fuites,2026-07-22
www.etienne-services.fr,,,https://www.etienne-services.fr/seine-et-marne/plombier-la-tretoire-77510/debouchage-canalisation,2026-07-22
www.etienne-services.fr,,,https://www.etienne-services.fr/seine-et-marne/plombier-la-tretoire-77510/recherche-de-fuites,2026-07-22
www.etienne-services.fr,,,https://www.etienne-services.fr/seine-et-marne/plombier-larchant-77760/debouchage-canalisation,2026-07-22
www.etienne-services.fr,,,https://www.etienne-services.fr/seine-et-marne/plombier-larchant-77760/recherche-de-fuites,2026-07-22
www.etienne-services.fr,,,https://www.etienne-services.fr/seine-et-marne/plombier-laval-en-brie-77148/debouchage-canalisation,2026-07-22
www.etienne-services.fr,,,https://www.etienne-services.fr/seine-et-marne/plombier-laval-en-brie-77148/recherche-de-fuites,2026-07-22
www.etienne-services.fr,,,https://www.etienne-services.fr/seine-et-marne/plombier-le-chatelet-en-brie-77820/debouchage-canalisation,2026-07-22
www.etienne-services.fr,,,https://www.etienne-services.fr/seine-et-marne/plombier-le-chatelet-en-brie-77820/recherche-de-fuites,2026-07-22
www.etienne-services.fr,,,https://www.etienne-services.fr/seine-et-marne/plombier-le-mesnil-amelot-77990/debouchage-canalisation,2026-07-22
www.etienne-services.fr,,,https://www.etienne-services.fr/seine-et-marne/plombier-le-mesnil-amelot-77990/recherche-de-fuites,2026-07-22
www.etienne-services.fr,,,https://www.etienne-services.fr/seine-et-marne/plombier-le-pin-77181/debouchage-canalisation,2026-07-22
www.etienne-services.fr,,,https://www.etienne-services.fr/seine-et-marne/plombier-le-pin-77181/recherche-de-fuites,2026-07-22
www.etienne-services.fr,,,https://www.etienne-services.fr/seine-et-marne/plombier-le-plessis-aux-bois-77165/debouchage-canalisation,2026-07-22
www.etienne-services.fr,,,https://www.etienne-services.fr/seine-et-marne/plombier-le-plessis-aux-bois-77165/recherche-de-fuites,2026-07-22
www.etienne-services.fr,,,https://www.etienne-services.fr/seine-et-marne/plombier-le-plessis-feu-aussoux-77540/debouchage-canalisation,2026-07-22
www.etienne-services.fr,,,https://www.etienne-services.fr/seine-et-marne/plombier-le-plessis-feu-aussoux-77540/recherche-de-fuites,2026-07-22
www.etienne-services.fr,,,https://www.etienne-services.fr/seine-et-marne/plombier-le-plessis-l-eveque-77165/debouchage-canalisation,2026-07-22
www.etienne-services.fr,,,https://www.etienne-services.fr/seine-et-marne/plombier-le-plessis-l-eveque-77165/recherche-de-fuites,2026-07-22
www.etienne-services.fr,,,https://www.etienne-services.fr/seine-et-marne/plombier-le-plessis-placy-77440/debouchage-canalisation,2026-07-22
www.etienne-services.fr,,,https://www.etienne-services.fr/seine-et-marne/plombier-le-plessis-placy-77440/recherche-de-fuites,2026-07-22
www.etienne-services.fr,,,https://www.etienne-services.fr/seine-et-marne/plombier-le-vaudoue-77123/debouchage-canalisation,2026-07-22
www.etienne-services.fr,,,https://www.etienne-services.fr/seine-et-marne/plombier-le-vaudoue-77123/recherche-de-fuites,2026-07-22
www.etienne-services.fr,,,https://www.etienne-services.fr/seine-et-marne/plombier-lechelle-77171/debouchage-canalisation,2026-07-22
www.etienne-services.fr,,,https://www.etienne-services.fr/seine-et-marne/plombier-lechelle-77171/recherche-de-fuites,2026-07-22
www.etienne-services.fr,,,https://www.etienne-services.fr/seine-et-marne/plombier-les-chapelles-bourbon-77610/debouchage-canalisation,2026-07-22
www.etienne-services.fr,,,https://www.etienne-services.fr/seine-et-marne/plombier-les-chapelles-bourbon-77610/recherche-de-fuites,2026-07-22
www.etienne-services.fr,,,https://www.etienne-services.fr/seine-et-marne/plombier-les-ecrennes-77820/debouchage-canalisation,2026-07-22
www.etienne-services.fr,,,https://www.etienne-services.fr/seine-et-marne/plombier-les-ecrennes-77820/recherche-de-fuites,2026-07-22
www.etienne-services.fr,,,https://www.etienne-services.fr/seine-et-marne/plombier-les-marets-77560/debouchage-canalisation,2026-07-22
www.etienne-services.fr,,,https://www.etienne-services.fr/seine-et-marne/plombier-les-marets-77560/recherche-de-fuites,2026-07-22
www.etienne-services.fr,,,https://www.etienne-services.fr/seine-et-marne/plombier-les-ormes-sur-voulzie-77134/debouchage-canalisation,2026-07-22
www.etienne-services.fr,,,https://www.etienne-services.fr/seine-et-marne/plombier-les-ormes-sur-voulzie-77134/recherche-de-fuites,2026-07-22
www.etienne-services.fr,,,https://www.etienne-services.fr/seine-et-marne/plombier-lescherolles-77320/debouchage-canalisation,2026-07-22
www.etienne-services.fr,,,https://www.etienne-services.fr/seine-et-marne/plombier-lescherolles-77320/recherche-de-fuites,2026-07-22
www.etienne-services.fr,,,https://www.etienne-services.fr/seine-et-marne/plombier-lesches-77450/debouchage-canalisation,2026-07-22
www.etienne-services.fr,,,https://www.etienne-services.fr/seine-et-marne/plombier-lesches-77450/recherche-de-fuites,2026-07-22
www.etienne-services.fr,,,https://www.etienne-services.fr/seine-et-marne/plombier-leudon-en-brie-77320/debouchage-canalisation,2026-07-22
www.etienne-services.fr,,,https://www.etienne-services.fr/seine-et-marne/plombier-leudon-en-brie-77320/recherche-de-fuites,2026-07-22
www.etienne-services.fr,,,https://www.etienne-services.fr/seine-et-marne/plombier-limoges-fourches-77550/debouchage-canalisation,2026-07-22
www.etienne-services.fr,,,https://www.etienne-services.fr/seine-et-marne/plombier-limoges-fourches-77550/recherche-de-fuites,2026-07-22
www.etienne-services.fr,,,https://www.etienne-services.fr/seine-et-marne/plombier-lissy-77550/debouchage-canalisation,2026-07-22
www.etienne-services.fr,,,https://www.etienne-services.fr/seine-et-marne/plombier-lissy-77550/recherche-de-fuites,2026-07-22
www.etienne-services.fr,,,https://www.etienne-services.fr/seine-et-marne/plombier-liverdy-en-brie-77220/debouchage-canalisation,2026-07-22
www.etienne-services.fr,,,https://www.etienne-services.fr/seine-et-marne/plombier-liverdy-en-brie-77220/recherche-de-fuites,2026-07-22
www.etienne-services.fr,,,https://www.etienne-services.fr/seine-et-marne/plombier-livry-sur-seine-77000/debouchage-canalisation,2026-07-22
www.etienne-services.fr,,,https://www.etienne-services.fr/seine-et-marne/plombier-livry-sur-seine-77000/recherche-de-fuites,2026-07-22
www.etienne-services.fr,,,https://www.etienne-services.fr/seine-et-marne/plombier-lizines-77650/debouchage-canalisation,2026-07-22
www.etienne-services.fr,,,https://www.etienne-services.fr/seine-et-marne/plombier-lizines-77650/recherche-de-fuites,2026-07-22
www.etienne-services.fr,,,https://www.etienne-services.fr/seine-et-marne/plombier-lizy-sur-ourcq-77440/debouchage-canalisation,2026-07-22
www.etienne-services.fr,,,https://www.etienne-services.fr/seine-et-marne/plombier-lizy-sur-ourcq-77440/recherche-de-fuites,2026-07-22
www.etienne-services.fr,,,https://www.etienne-services.fr/seine-et-marne/plombier-longperrier-77230/debouchage-canalisation,2026-07-22
www.etienne-services.fr,,,https://www.etienne-services.fr/seine-et-marne/plombier-longperrier-77230/recherche-de-fuites,2026-07-22
www.etienne-services.fr,,,https://www.etienne-services.fr/seine-et-marne/plombier-longueville-77650/debouchage-canalisation,2026-07-22
www.etienne-services.fr,,,https://www.etienne-services.fr/seine-et-marne/plombier-longueville-77650/recherche-de-fuites,2026-07-22
www.etienne-services.fr,,,https://www.etienne-services.fr/seine-et-marne/plombier-lorrez-le-bocage-preaux-77710/debouchage-canalisation,2026-07-22
www.etienne-services.fr,,,https://www.etienne-services.fr/seine-et-marne/plombier-lorrez-le-bocage-preaux-77710/recherche-de-fuites,2026-07-22
www.etienne-services.fr,,,https://www.etienne-services.fr/seine-et-marne/plombier-louan-villegruis-fontaine-77560/debouchage-canalisation,2026-07-22
www.etienne-services.fr,,,https://www.etienne-services.fr/seine-et-marne/plombier-louan-villegruis-fontaine-77560/recherche-de-fuites,2026-07-22
www.etienne-services.fr,,,https://www.etienne-services.fr/seine-et-marne/plombier-luisetaines-77520/debouchage-canalisation,2026-07-22
www.etienne-services.fr,,,https://www.etienne-services.fr/seine-et-marne/plombier-luisetaines-77520/recherche-de-fuites,2026-07-22
www.etienne-services.fr,,,https://www.etienne-services.fr/seine-et-marne/plombier-lumigny-nesles-ormeaux-77540/debouchage-canalisation,2026-07-22
www.etienne-services.fr,,,https://www.etienne-services.fr/seine-et-marne/plombier-lumigny-nesles-ormeaux-77540/recherche-de-fuites,2026-07-22
www.etienne-services.fr,,,https://www.etienne-services.fr/seine-et-marne/plombier-luzancy-77138/debouchage-canalisation,2026-07-22
www.etienne-services.fr,,,https://www.etienne-services.fr/seine-et-marne/plombier-luzancy-77138/recherche-de-fuites,2026-07-22
www.etienne-services.fr,,,https://www.etienne-services.fr/seine-et-marne/plombier-machault-77133/debouchage-canalisation,2026-07-22
www.etienne-services.fr,,,https://www.etienne-services.fr/seine-et-marne/plombier-machault-77133/recherche-de-fuites,2026-07-22
www.etienne-services.fr,,,https://www.etienne-services.fr/seine-et-marne/plombier-maincy-77950/debouchage-canalisation,2026-07-22
www.etienne-services.fr,,,https://www.etienne-services.fr/seine-et-marne/plombier-maincy-77950/recherche-de-fuites,2026-07-22
www.etienne-services.fr,,,https://www.etienne-services.fr/seine-et-marne/plombier-maison-rouge-77370/debouchage-canalisation,2026-07-22
www.etienne-services.fr,,,https://www.etienne-services.fr/seine-et-marne/plombier-maison-rouge-77370/recherche-de-fuites,2026-07-22
www.etienne-services.fr,,,https://www.etienne-services.fr/seine-et-marne/plombier-maisoncelles-en-brie-77580/debouchage-canalisation,2026-07-22
www.etienne-services.fr,,,https://www.etienne-services.fr/seine-et-marne/plombier-maisoncelles-en-brie-77580/recherche-de-fuites,2026-07-22
www.etienne-services.fr,,,https://www.etienne-services.fr/seine-et-marne/plombier-maisoncelles-en-gatinais-77570/debouchage-canalisation,2026-07-22
www.etienne-services.fr,,,https://www.etienne-services.fr/seine-et-marne/plombier-maisoncelles-en-gatinais-77570/recherche-de-fuites,2026-07-22
www.etienne-services.fr,,,https://www.etienne-services.fr/seine-et-marne/plombier-marchemoret-77230/debouchage-canalisation,2026-07-22
www.etienne-services.fr,,,https://www.etienne-services.fr/seine-et-marne/plombier-marchemoret-77230/recherche-de-fuites,2026-07-22
www.etienne-services.fr,,,https://www.etienne-services.fr/seine-et-marne/plombier-marcilly-77139/debouchage-canalisation,2026-07-22
www.etienne-services.fr,,,https://www.etienne-services.fr/seine-et-marne/plombier-marcilly-77139/recherche-de-fuites,2026-07-22
www.etienne-services.fr,,,https://www.etienne-services.fr/seine-et-marne/plombier-mareuil-les-meaux-77100/debouchage-canalisation,2026-07-22
www.etienne-services.fr,,,https://www.etienne-services.fr/seine-et-marne/plombier-mareuil-les-meaux-77100/recherche-de-fuites,2026-07-22
www.etienne-services.fr,,,https://www.etienne-services.fr/seine-et-marne/plombier-marles-en-brie-77610/debouchage-canalisation,2026-07-22
www.etienne-services.fr,,,https://www.etienne-services.fr/seine-et-marne/plombier-marles-en-brie-77610/recherche-de-fuites,2026-07-22
www.etienne-services.fr,,,https://www.etienne-services.fr/seine-et-marne/plombier-marolles-en-brie-77120/debouchage-canalisation,2026-07-22
www.etienne-services.fr,,,https://www.etienne-services.fr/seine-et-marne/plombier-marolles-en-brie-77120/recherche-de-fuites,2026-07-22
www.etienne-services.fr,,,https://www.etienne-services.fr/seine-et-marne/plombier-marolles-sur-seine-77130/debouchage-canalisation,2026-07-22
www.etienne-services.fr,,,https://www.etienne-services.fr/seine-et-marne/plombier-marolles-sur-seine-77130/recherche-de-fuites,2026-07-22
www.etienne-services.fr,,,https://www.etienne-services.fr/seine-et-marne/plombier-mary-sur-marne-77440/debouchage-canalisation,2026-07-22
www.etienne-services.fr,,,https://www.etienne-services.fr/seine-et-marne/plombier-mary-sur-marne-77440/recherche-de-fuites,2026-07-22
www.etienne-services.fr,,,https://www.etienne-services.fr/seine-et-marne/plombier-mauperthuis-77120/debouchage-canalisation,2026-07-22
www.etienne-services.fr,,,https://www.etienne-services.fr/seine-et-marne/plombier-mauperthuis-77120/recherche-de-fuites,2026-07-22
www.etienne-services.fr,,,https://www.etienne-services.fr/seine-et-marne/plombier-mauregard-77990/debouchage-canalisation,2026-07-22
www.etienne-services.fr,,,https://www.etienne-services.fr/seine-et-marne/plombier-mauregard-77990/recherche-de-fuites,2026-07-22
www.etienne-services.fr,,,https://www.etienne-services.fr/seine-et-marne/plombier-may-en-multien-77145/debouchage-canalisation,2026-07-22
www.etienne-services.fr,,,https://www.etienne-services.fr/seine-et-marne/plombier-may-en-multien-77145/recherche-de-fuites,2026-07-22
www.etienne-services.fr,,,https://www.etienne-services.fr/seine-et-marne/plombier-meigneux-77520/debouchage-canalisation,2026-07-22
www.etienne-services.fr,,,https://www.etienne-services.fr/seine-et-marne/plombier-meigneux-77520/recherche-de-fuites,2026-07-22
www.etienne-services.fr,,,https://www.etienne-services.fr/seine-et-marne/plombier-meilleray-77320/debouchage-canalisation,2026-07-22
www.etienne-services.fr,,,https://www.etienne-services.fr/seine-et-marne/plombier-meilleray-77320/recherche-de-fuites,2026-07-22
www.etienne-services.fr,,,https://www.etienne-services.fr/seine-et-marne/plombier-melz-sur-seine-77171/debouchage-canalisation,2026-07-22
www.etienne-services.fr,,,https://www.etienne-services.fr/seine-et-marne/plombier-melz-sur-seine-77171/recherche-de-fuites,2026-07-22
www.etienne-services.fr,,,https://www.etienne-services.fr/seine-et-marne/plombier-mery-sur-marne-77730/debouchage-canalisation,2026-07-22
www.etienne-services.fr,,,https://www.etienne-services.fr/seine-et-marne/plombier-mery-sur-marne-77730/recherche-de-fuites,2026-07-22
www.etienne-services.fr,,,https://www.etienne-services.fr/seine-et-marne/plombier-messy-77410/debouchage-canalisation,2026-07-22
www.etienne-services.fr,,,https://www.etienne-services.fr/seine-et-marne/plombier-messy-77410/recherche-de-fuites,2026-07-22
www.etienne-services.fr,,,https://www.etienne-services.fr/seine-et-marne/plombier-misy-sur-yonne-77130/debouchage-canalisation,2026-07-22
www.etienne-services.fr,,,https://www.etienne-services.fr/seine-et-marne/plombier-misy-sur-yonne-77130/recherche-de-fuites,2026-07-22
www.etienne-services.fr,,,https://www.etienne-services.fr/seine-et-marne/plombier-moisenay-77950/debouchage-canalisation,2026-07-22
www.etienne-services.fr,,,https://www.etienne-services.fr/seine-et-marne/plombier-moisenay-77950/recherche-de-fuites,2026-07-22
www.etienne-services.fr,,,https://www.etienne-services.fr/seine-et-marne/plombier-mondreville-77570/debouchage-canalisation,2026-07-22
www.etienne-services.fr,,,https://www.etienne-services.fr/seine-et-marne/plombier-mondreville-77570/recherche-de-fuites,2026-07-22
www.etienne-services.fr,,,https://www.etienne-services.fr/seine-et-marne/plombier-mons-en-montois-77520/debouchage-canalisation,2026-07-22
www.etienne-services.fr,,,https://www.etienne-services.fr/seine-et-marne/plombier-mons-en-montois-77520/recherche-de-fuites,2026-07-22
www.etienne-services.fr,,,https://www.etienne-services.fr/seine-et-marne/plombier-montarlot-77250/debouchage-canalisation,2026-07-22
www.etienne-services.fr,,,https://www.etienne-services.fr/seine-et-marne/plombier-montarlot-77250/recherche-de-fuites,2026-07-22
www.etienne-services.fr,,,https://www.etienne-services.fr/seine-et-marne/plombier-montceaux-les-meaux-77470/debouchage-canalisation,2026-07-22
www.etienne-services.fr,,,https://www.etienne-services.fr/seine-et-marne/plombier-montceaux-les-meaux-77470/recherche-de-fuites,2026-07-22
www.etienne-services.fr,,,https://www.etienne-services.fr/seine-et-marne/plombier-montceaux-les-provins-77151/debouchage-canalisation,2026-07-22
www.etienne-services.fr,,,https://www.etienne-services.fr/seine-et-marne/plombier-montceaux-les-provins-77151/recherche-de-fuites,2026-07-22
www.etienne-services.fr,,,https://www.etienne-services.fr/seine-et-marne/plombier-montcourt-fromonville-77140/debouchage-canalisation,2026-07-22
www.etienne-services.fr,,,https://www.etienne-services.fr/seine-et-marne/plombier-montcourt-fromonville-77140/recherche-de-fuites,2026-07-22
www.etienne-services.fr,,,https://www.etienne-services.fr/seine-et-marne/plombier-montdauphin-77320/debouchage-canalisation,2026-07-22
www.etienne-services.fr,,,https://www.etienne-services.fr/seine-et-marne/plombier-montdauphin-77320/recherche-de-fuites,2026-07-22
www.etienne-services.fr,,,https://www.etienne-services.fr/seine-et-marne/plombier-montenils-77320/debouchage-canalisation,2026-07-22
www.etienne-services.fr,,,https://www.etienne-services.fr/seine-et-marne/plombier-montenils-77320/recherche-de-fuites,2026-07-22
www.etienne-services.fr,,,https://www.etienne-services.fr/seine-et-marne/plombier-montereau-sur-le-jard-77950/debouchage-canalisation,2026-07-22
www.etienne-services.fr,,,https://www.etienne-services.fr/seine-et-marne/plombier-montereau-sur-le-jard-77950/recherche-de-fuites,2026-07-22
www.etienne-services.fr,,,https://www.etienne-services.fr/seine-et-marne/plombier-montge-en-goele-77230/debouchage-canalisation,2026-07-22
www.etienne-services.fr,,,https://www.etienne-services.fr/seine-et-marne/plombier-montge-en-goele-77230/recherche-de-fuites,2026-07-22
www.etienne-services.fr,,,https://www.etienne-services.fr/seine-et-marne/plombier-monthyon-77122/debouchage-canalisation,2026-07-22
www.etienne-services.fr,,,https://www.etienne-services.fr/seine-et-marne/plombier-monthyon-77122/recherche-de-fuites,2026-07-22
www.etienne-services.fr,,,https://www.etienne-services.fr/seine-et-marne/plombier-montigny-le-guesdier-77480/debouchage-canalisation,2026-07-22
www.etienne-services.fr,,,https://www.etienne-services.fr/seine-et-marne/plombier-montigny-le-guesdier-77480/recherche-de-fuites,2026-07-22
www.etienne-services.fr,,,https://www.etienne-services.fr/seine-et-marne/plombier-montigny-lencoup-77520/debouchage-canalisation,2026-07-22
www.etienne-services.fr,,,https://www.etienne-services.fr/seine-et-marne/plombier-montigny-lencoup-77520/recherche-de-fuites,2026-07-22
www.etienne-services.fr,,,https://www.etienne-services.fr/seine-et-marne/plombier-montigny-sur-loing-77690/debouchage-canalisation,2026-07-22
www.etienne-services.fr,,,https://www.etienne-services.fr/seine-et-marne/plombier-montigny-sur-loing-77690/recherche-de-fuites,2026-07-22
www.etienne-services.fr,,,https://www.etienne-services.fr/seine-et-marne/plombier-montmachoux-77940/debouchage-canalisation,2026-07-22
www.etienne-services.fr,,,https://www.etienne-services.fr/seine-et-marne/plombier-montmachoux-77940/recherche-de-fuites,2026-07-22
www.etienne-services.fr,,,https://www.etienne-services.fr/seine-et-marne/plombier-montolivet-77320/debouchage-canalisation,2026-07-22
www.etienne-services.fr,,,https://www.etienne-services.fr/seine-et-marne/plombier-montolivet-77320/recherche-de-fuites,2026-07-22
www.etienne-services.fr,,,https://www.etienne-services.fr/seine-et-marne/plombier-montry-77450/debouchage-canalisation,2026-07-22
www.etienne-services.fr,,,https://www.etienne-services.fr/seine-et-marne/plombier-montry-77450/recherche-de-fuites,2026-07-22
www.etienne-services.fr,,,https://www.etienne-services.fr/seine-et-marne/plombier-moret-sur-loing-77250/debouchage-canalisation,2026-07-22
www.etienne-services.fr,,,https://www.etienne-services.fr/seine-et-marne/plombier-moret-sur-loing-77250/recherche-de-fuites,2026-07-22
www.etienne-services.fr,,,https://www.etienne-services.fr/seine-et-marne/plombier-mormant-77720/debouchage-canalisation,2026-07-22
www.etienne-services.fr,,,https://www.etienne-services.fr/seine-et-marne/plombier-mormant-77720/recherche-de-fuites,2026-07-22
www.etienne-services.fr,,,https://www.etienne-services.fr/seine-et-marne/plombier-mortcerf-77163/debouchage-canalisation,2026-07-22
www.etienne-services.fr,,,https://www.etienne-services.fr/seine-et-marne/plombier-mortcerf-77163/recherche-de-fuites,2026-07-22
www.etienne-services.fr,,,https://www.etienne-services.fr/seine-et-marne/plombier-mortery-77160/debouchage-canalisation,2026-07-22
www.etienne-services.fr,,,https://www.etienne-services.fr/seine-et-marne/plombier-mortery-77160/recherche-de-fuites,2026-07-22
www.etienne-services.fr,,,https://www.etienne-services.fr/seine-et-marne/plombier-mouroux-77120/debouchage-canalisation,2026-07-22
www.etienne-services.fr,,,https://www.etienne-services.fr/seine-et-marne/plombier-mouroux-77120/recherche-de-fuites,2026-07-22
www.etienne-services.fr,,,https://www.etienne-services.fr/seine-et-marne/plombier-mousseaux-les-bray-77480/debouchage-canalisation,2026-07-22
www.etienne-services.fr,,,https://www.etienne-services.fr/seine-et-marne/plombier-mousseaux-les-bray-77480/recherche-de-fuites,2026-07-22
www.etienne-services.fr,,,https://www.etienne-services.fr/seine-et-marne/plombier-moussy-le-neuf-77230/debouchage-canalisation,2026-07-22
www.etienne-services.fr,,,https://www.etienne-services.fr/seine-et-marne/plombier-moussy-le-neuf-77230/recherche-de-fuites,2026-07-22
www.etienne-services.fr,,,https://www.etienne-services.fr/seine-et-marne/plombier-moussy-le-vieux-77230/debouchage-canalisation,2026-07-22
www.etienne-services.fr,,,https://www.etienne-services.fr/seine-et-marne/plombier-moussy-le-vieux-77230/recherche-de-fuites,2026-07-22
www.etienne-services.fr,,,https://www.etienne-services.fr/seine-et-marne/plombier-mouy-sur-seine-77480/debouchage-canalisation,2026-07-22
www.etienne-services.fr,,,https://www.etienne-services.fr/seine-et-marne/plombier-mouy-sur-seine-77480/recherche-de-fuites,2026-07-22
www.etienne-services.fr,,,https://www.etienne-services.fr/seine-et-marne/plombier-nanteau-sur-essonne-77760/debouchage-canalisation,2026-07-22
www.etienne-services.fr,,,https://www.etienne-services.fr/seine-et-marne/plombier-nanteau-sur-essonne-77760/recherche-de-fuites,2026-07-22
www.etienne-services.fr,,,https://www.etienne-services.fr/seine-et-marne/plombier-nanteau-sur-lunain-77710/debouchage-canalisation,2026-07-22
www.etienne-services.fr,,,https://www.etienne-services.fr/seine-et-marne/plombier-nanteau-sur-lunain-77710/recherche-de-fuites,2026-07-22
www.etienne-services.fr,,,https://www.etienne-services.fr/seine-et-marne/plombier-nanteuil-sur-marne-77730/debouchage-canalisation,2026-07-22
www.etienne-services.fr,,,https://www.etienne-services.fr/seine-et-marne/plombier-nanteuil-sur-marne-77730/recherche-de-fuites,2026-07-22
www.etienne-services.fr,,,https://www.etienne-services.fr/seine-et-marne/plombier-nantouillet-77230/debouchage-canalisation,2026-07-22
www.etienne-services.fr,,,https://www.etienne-services.fr/seine-et-marne/plombier-nantouillet-77230/recherche-de-fuites,2026-07-22
www.etienne-services.fr,,,https://www.etienne-services.fr/seine-et-marne/plombier-neufmoutiers-en-brie-77610/debouchage-canalisation,2026-07-22
www.etienne-services.fr,,,https://www.etienne-services.fr/seine-et-marne/plombier-neufmoutiers-en-brie-77610/recherche-de-fuites,2026-07-22
www.etienne-services.fr,,,https://www.etienne-services.fr/seine-et-marne/plombier-noisy-rudignon-77940/debouchage-canalisation,2026-07-22
www.etienne-services.fr,,,https://www.etienne-services.fr/seine-et-marne/plombier-noisy-rudignon-77940/recherche-de-fuites,2026-07-22
www.etienne-services.fr,,,https://www.etienne-services.fr/seine-et-marne/plombier-noisy-sur-ecole-77123/debouchage-canalisation,2026-07-22
www.etienne-services.fr,,,https://www.etienne-services.fr/seine-et-marne/plombier-noisy-sur-ecole-77123/recherche-de-fuites,2026-07-22
www.etienne-services.fr,,,https://www.etienne-services.fr/seine-et-marne/plombier-nonville-77140/debouchage-canalisation,2026-07-22
www.etienne-services.fr,,,https://www.etienne-services.fr/seine-et-marne/plombier-nonville-77140/recherche-de-fuites,2026-07-22
www.etienne-services.fr,,,https://www.etienne-services.fr/seine-et-marne/plombier-noyen-sur-seine-77114/debouchage-canalisation,2026-07-22
www.etienne-services.fr,,,https://www.etienne-services.fr/seine-et-marne/plombier-noyen-sur-seine-77114/recherche-de-fuites,2026-07-22
www.etienne-services.fr,,,https://www.etienne-services.fr/seine-et-marne/plombier-obsonville-77890/debouchage-canalisation,2026-07-22
www.etienne-services.fr,,,https://www.etienne-services.fr/seine-et-marne/plombier-obsonville-77890/recherche-de-fuites,2026-07-22
www.etienne-services.fr,,,https://www.etienne-services.fr/seine-et-marne/plombier-ocquerre-77440/debouchage-canalisation,2026-07-22
www.etienne-services.fr,,,https://www.etienne-services.fr/seine-et-marne/plombier-ocquerre-77440/recherche-de-fuites,2026-07-22
www.etienne-services.fr,,,https://www.etienne-services.fr/seine-et-marne/plombier-oissery-77178/debouchage-canalisation,2026-07-22
www.etienne-services.fr,,,https://www.etienne-services.fr/seine-et-marne/plombier-oissery-77178/recherche-de-fuites,2026-07-22
www.etienne-services.fr,,,https://www.etienne-services.fr/seine-et-marne/plombier-orly-sur-morin-77750/debouchage-canalisation,2026-07-22
www.etienne-services.fr,,,https://www.etienne-services.fr/seine-et-marne/plombier-orly-sur-morin-77750/recherche-de-fuites,2026-07-22
www.etienne-services.fr,,,https://www.etienne-services.fr/seine-et-marne/plombier-ormesson-77167/debouchage-canalisation,2026-07-22
www.etienne-services.fr,,,https://www.etienne-services.fr/seine-et-marne/plombier-ormesson-77167/recherche-de-fuites,2026-07-22
www.etienne-services.fr,,,https://www.etienne-services.fr/seine-et-marne/plombier-ozouer-le-voulgis-77390/debouchage-canalisation,2026-07-22
www.etienne-services.fr,,,https://www.etienne-services.fr/seine-et-marne/plombier-ozouer-le-voulgis-77390/recherche-de-fuites,2026-07-22
www.etienne-services.fr,,,https://www.etienne-services.fr/seine-et-marne/plombier-paley-77710/debouchage-canalisation,2026-07-22
www.etienne-services.fr,,,https://www.etienne-services.fr/seine-et-marne/plombier-paley-77710/recherche-de-fuites,2026-07-22
www.etienne-services.fr,,,https://www.etienne-services.fr/seine-et-marne/plombier-pamfou-77830/debouchage-canalisation,2026-07-22
www.etienne-services.fr,,,https://www.etienne-services.fr/seine-et-marne/plombier-pamfou-77830/recherche-de-fuites,2026-07-22
www.etienne-services.fr,,,https://www.etienne-services.fr/seine-et-marne/plombier-paroy-77520/debouchage-canalisation,2026-07-22
www.etienne-services.fr,,,https://www.etienne-services.fr/seine-et-marne/plombier-paroy-77520/recherche-de-fuites,2026-07-22
www.etienne-services.fr,,,https://www.etienne-services.fr/seine-et-marne/plombier-passy-sur-seine-77480/debouchage-canalisation,2026-07-22
www.etienne-services.fr,,,https://www.etienne-services.fr/seine-et-marne/plombier-passy-sur-seine-77480/recherche-de-fuites,2026-07-22
www.etienne-services.fr,,,https://www.etienne-services.fr/seine-et-marne/plombier-pecy-77970/debouchage-canalisation,2026-07-22
www.etienne-services.fr,,,https://www.etienne-services.fr/seine-et-marne/plombier-pecy-77970/recherche-de-fuites,2026-07-22
www.etienne-services.fr,,,https://www.etienne-services.fr/seine-et-marne/plombier-penchard-77124/debouchage-canalisation,2026-07-22
www.etienne-services.fr,,,https://www.etienne-services.fr/seine-et-marne/plombier-penchard-77124/recherche-de-fuites,2026-07-22
www.etienne-services.fr,,,https://www.etienne-services.fr/seine-et-marne/plombier-perthes-77930/debouchage-canalisation,2026-07-22
www.etienne-services.fr,,,https://www.etienne-services.fr/seine-et-marne/plombier-perthes-77930/recherche-de-fuites,2026-07-22
www.etienne-services.fr,,,https://www.etienne-services.fr/seine-et-marne/plombier-pezarches-77131/debouchage-canalisation,2026-07-22
www.etienne-services.fr,,,https://www.etienne-services.fr/seine-et-marne/plombier-pezarches-77131/recherche-de-fuites,2026-07-22
www.etienne-services.fr,,,https://www.etienne-services.fr/seine-et-marne/plombier-pierre-levee-77580/debouchage-canalisation,2026-07-22
www.etienne-services.fr,,,https://www.etienne-services.fr/seine-et-marne/plombier-pierre-levee-77580/recherche-de-fuites,2026-07-22
www.etienne-services.fr,,,https://www.etienne-services.fr/seine-et-marne/plombier-poigny-77160/debouchage-canalisation,2026-07-22
www.etienne-services.fr,,,https://www.etienne-services.fr/seine-et-marne/plombier-poigny-77160/recherche-de-fuites,2026-07-22
www.etienne-services.fr,,,https://www.etienne-services.fr/seine-et-marne/plombier-poincy-77470/debouchage-canalisation,2026-07-22
www.etienne-services.fr,,,https://www.etienne-services.fr/seine-et-marne/plombier-poincy-77470/recherche-de-fuites,2026-07-22
www.etienne-services.fr,,,https://www.etienne-services.fr/seine-et-marne/plombier-poligny-77167/debouchage-canalisation,2026-07-22
www.etienne-services.fr,,,https://www.etienne-services.fr/seine-et-marne/plombier-poligny-77167/recherche-de-fuites,2026-07-22
www.etienne-services.fr,,,https://www.etienne-services.fr/seine-et-marne/plombier-pommeuse-77515/debouchage-canalisation,2026-07-22
www.etienne-services.fr,,,https://www.etienne-services.fr/seine-et-marne/plombier-pommeuse-77515/recherche-de-fuites,2026-07-22
www.etienne-services.fr,,,https://www.etienne-services.fr/seine-et-marne/plombier-pomponne-77400/debouchage-canalisation,2026-07-22
www.etienne-services.fr,,,https://www.etienne-services.fr/seine-et-marne/plombier-pomponne-77400/recherche-de-fuites,2026-07-22
www.etienne-services.fr,,,https://www.etienne-services.fr/seine-et-marne/plombier-pontcarre-77135/debouchage-canalisation,2026-07-22
www.etienne-services.fr,,,https://www.etienne-services.fr/seine-et-marne/plombier-pontcarre-77135/recherche-de-fuites,2026-07-22
www.etienne-services.fr,,,https://www.etienne-services.fr/seine-et-marne/plombier-precy-sur-marne-77410/debouchage-canalisation,2026-07-22
www.etienne-services.fr,,,https://www.etienne-services.fr/seine-et-marne/plombier-precy-sur-marne-77410/recherche-de-fuites,2026-07-22
www.etienne-services.fr,,,https://www.etienne-services.fr/seine-et-marne/plombier-presles-en-brie-77220/debouchage-canalisation,2026-07-22
www.etienne-services.fr,,,https://www.etienne-services.fr/seine-et-marne/plombier-presles-en-brie-77220/recherche-de-fuites,2026-07-22
www.etienne-services.fr,,,https://www.etienne-services.fr/seine-et-marne/plombier-pringy-77310/debouchage-canalisation,2026-07-22
www.etienne-services.fr,,,https://www.etienne-services.fr/seine-et-marne/plombier-pringy-77310/recherche-de-fuites,2026-07-22
www.etienne-services.fr,,,https://www.etienne-services.fr/seine-et-marne/plombier-puisieux-77139/debouchage-canalisation,2026-07-22
www.etienne-services.fr,,,https://www.etienne-services.fr/seine-et-marne/plombier-puisieux-77139/recherche-de-fuites,2026-07-22
www.etienne-services.fr,,,https://www.etienne-services.fr/seine-et-marne/plombier-quiers-77720/debouchage-canalisation,2026-07-22
www.etienne-services.fr,,,https://www.etienne-services.fr/seine-et-marne/plombier-quiers-77720/recherche-de-fuites,2026-07-22
www.etienne-services.fr,,,https://www.etienne-services.fr/seine-et-marne/plombier-quincy-voisins-77860/debouchage-canalisation,2026-07-22
www.etienne-services.fr,,,https://www.etienne-services.fr/seine-et-marne/plombier-quincy-voisins-77860/recherche-de-fuites,2026-07-22
www.etienne-services.fr,,,https://www.etienne-services.fr/seine-et-marne/plombier-rampillon-77370/debouchage-canalisation,2026-07-22
www.etienne-services.fr,,,https://www.etienne-services.fr/seine-et-marne/plombier-rampillon-77370/recherche-de-fuites,2026-07-22
www.etienne-services.fr,,,https://www.etienne-services.fr/seine-et-marne/plombier-reau-77550/debouchage-canalisation,2026-07-22
www.etienne-services.fr,,,https://www.etienne-services.fr/seine-et-marne/plombier-reau-77550/recherche-de-fuites,2026-07-22
www.etienne-services.fr,,,https://www.etienne-services.fr/seine-et-marne/plombier-rebais-77510/debouchage-canalisation,2026-07-22
www.etienne-services.fr,,,https://www.etienne-services.fr/seine-et-marne/plombier-rebais-77510/recherche-de-fuites,2026-07-22
www.etienne-services.fr,,,https://www.etienne-services.fr/seine-et-marne/plombier-recloses-77760/debouchage-canalisation,2026-07-22
www.etienne-services.fr,,,https://www.etienne-services.fr/seine-et-marne/plombier-recloses-77760/recherche-de-fuites,2026-07-22
www.etienne-services.fr,,,https://www.etienne-services.fr/seine-et-marne/plombier-remauville-77710/debouchage-canalisation,2026-07-22
www.etienne-services.fr,,,https://www.etienne-services.fr/seine-et-marne/plombier-remauville-77710/recherche-de-fuites,2026-07-22
www.etienne-services.fr,,,https://www.etienne-services.fr/seine-et-marne/plombier-reuil-en-brie-77260/debouchage-canalisation,2026-07-22
www.etienne-services.fr,,,https://www.etienne-services.fr/seine-et-marne/plombier-reuil-en-brie-77260/recherche-de-fuites,2026-07-22
www.etienne-services.fr,,,https://www.etienne-services.fr/seine-et-marne/plombier-rouilly-77160/debouchage-canalisation,2026-07-22
www.etienne-services.fr,,,https://www.etienne-services.fr/seine-et-marne/plombier-rouilly-77160/recherche-de-fuites,2026-07-22
www.etienne-services.fr,,,https://www.etienne-services.fr/seine-et-marne/plombier-rouvres-77230/debouchage-canalisation,2026-07-22
www.etienne-services.fr,,,https://www.etienne-services.fr/seine-et-marne/plombier-rouvres-77230/recherche-de-fuites,2026-07-22
www.etienne-services.fr,,,https://www.etienne-services.fr/seine-et-marne/plombier-rozay-en-brie-77540/debouchage-canalisation,2026-07-22
www.etienne-services.fr,,,https://www.etienne-services.fr/seine-et-marne/plombier-rozay-en-brie-77540/recherche-de-fuites,2026-07-22
www.etienne-services.fr,,,https://www.etienne-services.fr/seine-et-marne/plombier-rubelles-77950/debouchage-canalisation,2026-07-22
www.etienne-services.fr,,,https://www.etienne-services.fr/seine-et-marne/plombier-rubelles-77950/recherche-de-fuites,2026-07-22
www.etienne-services.fr,,,https://www.etienne-services.fr/seine-et-marne/plombier-rumont-77760/debouchage-canalisation,2026-07-22
www.etienne-services.fr,,,https://www.etienne-services.fr/seine-et-marne/plombier-rumont-77760/recherche-de-fuites,2026-07-22
www.etienne-services.fr,,,https://www.etienne-services.fr/seine-et-marne/plombier-rupereux-77560/debouchage-canalisation,2026-07-22
www.etienne-services.fr,,,https://www.etienne-services.fr/seine-et-marne/plombier-rupereux-77560/recherche-de-fuites,2026-07-22
www.etienne-services.fr,,,https://www.etienne-services.fr/seine-et-marne/plombier-saacy-sur-marne-77730/debouchage-canalisation,2026-07-22
www.etienne-services.fr,,,https://www.etienne-services.fr/seine-et-marne/plombier-saacy-sur-marne-77730/recherche-de-fuites,2026-07-22
www.etienne-services.fr,,,https://www.etienne-services.fr/seine-et-marne/plombier-sablonnieres-77510/debouchage-canalisation,2026-07-22
www.etienne-services.fr,,,https://www.etienne-services.fr/seine-et-marne/plombier-sablonnieres-77510/recherche-de-fuites,2026-07-22
www.etienne-services.fr,,,https://www.etienne-services.fr/seine-et-marne/plombier-saint-ange-le-viel-77710/debouchage-canalisation,2026-07-22
www.etienne-services.fr,,,https://www.etienne-services.fr/seine-et-marne/plombier-saint-ange-le-viel-77710/recherche-de-fuites,2026-07-22
www.etienne-services.fr,,,https://www.etienne-services.fr/seine-et-marne/plombier-saint-augustin-77515/debouchage-canalisation,2026-07-22
www.etienne-services.fr,,,https://www.etienne-services.fr/seine-et-marne/plombier-saint-augustin-77515/recherche-de-fuites,2026-07-22
www.etienne-services.fr,,,https://www.etienne-services.fr/seine-et-marne/plombier-saint-barthelemy-77320/debouchage-canalisation,2026-07-22
www.etienne-services.fr,,,https://www.etienne-services.fr/seine-et-marne/plombier-saint-barthelemy-77320/recherche-de-fuites,2026-07-22
www.etienne-services.fr,,,https://www.etienne-services.fr/seine-et-marne/plombier-saint-brice-77160/debouchage-canalisation,2026-07-22
www.etienne-services.fr,,,https://www.etienne-services.fr/seine-et-marne/plombier-saint-brice-77160/recherche-de-fuites,2026-07-22
www.etienne-services.fr,,,https://www.etienne-services.fr/seine-et-marne/plombier-saint-cyr-sur-morin-77750/debouchage-canalisation,2026-07-22
www.etienne-services.fr,,,https://www.etienne-services.fr/seine-et-marne/plombier-saint-cyr-sur-morin-77750/recherche-de-fuites,2026-07-22
www.etienne-services.fr,,,https://www.etienne-services.fr/seine-et-marne/plombier-saint-denis-les-rebais-77510/debouchage-canalisation,2026-07-22
www.etienne-services.fr,,,https://www.etienne-services.fr/seine-et-marne/plombier-saint-denis-les-rebais-77510/recherche-de-fuites,2026-07-22
www.etienne-services.fr,,,https://www.etienne-services.fr/seine-et-marne/plombier-saint-fiacre-77470/debouchage-canalisation,2026-07-22
www.etienne-services.fr,,,https://www.etienne-services.fr/seine-et-marne/plombier-saint-fiacre-77470/recherche-de-fuites,2026-07-22
www.etienne-services.fr,,,https://www.etienne-services.fr/seine-et-marne/plombier-saint-germain-laval-77130/debouchage-canalisation,2026-07-22
www.etienne-services.fr,,,https://www.etienne-services.fr/seine-et-marne/plombier-saint-germain-laval-77130/recherche-de-fuites,2026-07-22
www.etienne-services.fr,,,https://www.etienne-services.fr/seine-et-marne/plombier-saint-germain-laxis-77950/debouchage-canalisation,2026-07-22
www.etienne-services.fr,,,https://www.etienne-services.fr/seine-et-marne/plombier-saint-germain-laxis-77950/recherche-de-fuites,2026-07-22
www.etienne-services.fr,,,https://www.etienne-services.fr/seine-et-marne/plombier-saint-germain-sous-doue-77169/debouchage-canalisation,2026-07-22
www.etienne-services.fr,,,https://www.etienne-services.fr/seine-et-marne/plombier-saint-germain-sous-doue-77169/recherche-de-fuites,2026-07-22
www.etienne-services.fr,,,https://www.etienne-services.fr/seine-et-marne/plombier-saint-germain-sur-ecole-77930/debouchage-canalisation,2026-07-22
www.etienne-services.fr,,,https://www.etienne-services.fr/seine-et-marne/plombier-saint-germain-sur-ecole-77930/recherche-de-fuites,2026-07-22
www.etienne-services.fr,,,https://www.etienne-services.fr/seine-et-marne/plombier-saint-germain-sur-morin-77860/debouchage-canalisation,2026-07-22
www.etienne-services.fr,,,https://www.etienne-services.fr/seine-et-marne/plombier-saint-germain-sur-morin-77860/recherche-de-fuites,2026-07-22
www.etienne-services.fr,,,https://www.etienne-services.fr/seine-et-marne/plombier-saint-hilliers-77160/debouchage-canalisation,2026-07-22
www.etienne-services.fr,,,https://www.etienne-services.fr/seine-et-marne/plombier-saint-hilliers-77160/recherche-de-fuites,2026-07-22
www.etienne-services.fr,,,https://www.etienne-services.fr/seine-et-marne/plombier-saint-jean-les-deux-jumeaux-77660/debouchage-canalisation,2026-07-22
www.etienne-services.fr,,,https://www.etienne-services.fr/seine-et-marne/plombier-saint-jean-les-deux-jumeaux-77660/recherche-de-fuites,2026-07-22
www.etienne-services.fr,,,https://www.etienne-services.fr/seine-et-marne/plombier-saint-just-en-brie-77370/debouchage-canalisation,2026-07-22
www.etienne-services.fr,,,https://www.etienne-services.fr/seine-et-marne/plombier-saint-just-en-brie-77370/recherche-de-fuites,2026-07-22
www.etienne-services.fr,,,https://www.etienne-services.fr/seine-et-marne/plombier-saint-leger-77510/debouchage-canalisation,2026-07-22
www.etienne-services.fr,,,https://www.etienne-services.fr/seine-et-marne/plombier-saint-leger-77510/recherche-de-fuites,2026-07-22
www.etienne-services.fr,,,https://www.etienne-services.fr/seine-et-marne/plombier-saint-loup-de-naud-77650/debouchage-canalisation,2026-07-22
www.etienne-services.fr,,,https://www.etienne-services.fr/seine-et-marne/plombier-saint-loup-de-naud-77650/recherche-de-fuites,2026-07-22
www.etienne-services.fr,,,https://www.etienne-services.fr/seine-et-marne/plombier-saint-mammes-77670/debouchage-canalisation,2026-07-22
www.etienne-services.fr,,,https://www.etienne-services.fr/seine-et-marne/plombier-saint-mammes-77670/recherche-de-fuites,2026-07-22
www.etienne-services.fr,,,https://www.etienne-services.fr/seine-et-marne/plombier-saint-mard-77230/debouchage-canalisation,2026-07-22
www.etienne-services.fr,,,https://www.etienne-services.fr/seine-et-marne/plombier-saint-mard-77230/recherche-de-fuites,2026-07-22
www.etienne-services.fr,,,https://www.etienne-services.fr/seine-et-marne/plombier-saint-mars-vieux-maisons-77320/debouchage-canalisation,2026-07-22
www.etienne-services.fr,,,https://www.etienne-services.fr/seine-et-marne/plombier-saint-mars-vieux-maisons-77320/recherche-de-fuites,2026-07-22
www.etienne-services.fr,,,https://www.etienne-services.fr/seine-et-marne/plombier-saint-martin-des-champs-77320/debouchage-canalisation,2026-07-22
www.etienne-services.fr,,,https://www.etienne-services.fr/seine-et-marne/plombier-saint-martin-des-champs-77320/recherche-de-fuites,2026-07-22
www.etienne-services.fr,,,https://www.etienne-services.fr/seine-et-marne/plombier-saint-martin-du-boschet-77320/debouchage-canalisation,2026-07-22
www.etienne-services.fr,,,https://www.etienne-services.fr/seine-et-marne/plombier-saint-martin-du-boschet-77320/recherche-de-fuites,2026-07-22
www.etienne-services.fr,,,https://www.etienne-services.fr/seine-et-marne/plombier-saint-martin-en-biere-77630/debouchage-canalisation,2026-07-22
www.etienne-services.fr,,,https://www.etienne-services.fr/seine-et-marne/plombier-saint-martin-en-biere-77630/recherche-de-fuites,2026-07-22
www.etienne-services.fr,,,https://www.etienne-services.fr/seine-et-marne/plombier-saint-mery-77720/debouchage-canalisation,2026-07-22
www.etienne-services.fr,,,https://www.etienne-services.fr/seine-et-marne/plombier-saint-mery-77720/recherche-de-fuites,2026-07-22
www.etienne-services.fr,,,https://www.etienne-services.fr/seine-et-marne/plombier-saint-mesmes-77410/debouchage-canalisation,2026-07-22
www.etienne-services.fr,,,https://www.etienne-services.fr/seine-et-marne/plombier-saint-mesmes-77410/recherche-de-fuites,2026-07-22
www.etienne-services.fr,,,https://www.etienne-services.fr/seine-et-marne/plombier-saint-ouen-en-brie-77720/debouchage-canalisation,2026-07-22
www.etienne-services.fr,,,https://www.etienne-services.fr/seine-et-marne/plombier-saint-ouen-en-brie-77720/recherche-de-fuites,2026-07-22
www.etienne-services.fr,,,https://www.etienne-services.fr/seine-et-marne/plombier-saint-ouen-sur-morin-77750/debouchage-canalisation,2026-07-22
www.etienne-services.fr,,,https://www.etienne-services.fr/seine-et-marne/plombier-saint-ouen-sur-morin-77750/recherche-de-fuites,2026-07-22
www.etienne-services.fr,,,https://www.etienne-services.fr/seine-et-marne/plombier-saint-remy-la-vanne-77320/debouchage-canalisation,2026-07-22
www.etienne-services.fr,,,https://www.etienne-services.fr/seine-et-marne/plombier-saint-remy-la-vanne-77320/recherche-de-fuites,2026-07-22
www.etienne-services.fr,,,https://www.etienne-services.fr/seine-et-marne/plombier-saint-sauveur-les-bray-77480/debouchage-canalisation,2026-07-22
www.etienne-services.fr,,,https://www.etienne-services.fr/seine-et-marne/plombier-saint-sauveur-les-bray-77480/recherche-de-fuites,2026-07-22
www.etienne-services.fr,,,https://www.etienne-services.fr/seine-et-marne/plombier-saint-sauveur-sur-ecole-77930/debouchage-canalisation,2026-07-22
www.etienne-services.fr,,,https://www.etienne-services.fr/seine-et-marne/plombier-saint-sauveur-sur-ecole-77930/recherche-de-fuites,2026-07-22
www.etienne-services.fr,,,https://www.etienne-services.fr/seine-et-marne/plombier-saint-simeon-77169/debouchage-canalisation,2026-07-22
www.etienne-services.fr,,,https://www.etienne-services.fr/seine-et-marne/plombier-saint-simeon-77169/recherche-de-fuites,2026-07-22
www.etienne-services.fr,,,https://www.etienne-services.fr/seine-et-marne/plombier-saint-soupplets-77165/debouchage-canalisation,2026-07-22
www.etienne-services.fr,,,https://www.etienne-services.fr/seine-et-marne/plombier-saint-soupplets-77165/recherche-de-fuites,2026-07-22
www.etienne-services.fr,,,https://www.etienne-services.fr/seine-et-marne/plombier-sainte-aulde-77260/debouchage-canalisation,2026-07-22
www.etienne-services.fr,,,https://www.etienne-services.fr/seine-et-marne/plombier-sainte-aulde-77260/recherche-de-fuites,2026-07-22
www.etienne-services.fr,,,https://www.etienne-services.fr/seine-et-marne/plombier-sainte-colombe-77650/debouchage-canalisation,2026-07-22
www.etienne-services.fr,,,https://www.etienne-services.fr/seine-et-marne/plombier-sainte-colombe-77650/recherche-de-fuites,2026-07-22
www.etienne-services.fr,,,https://www.etienne-services.fr/seine-et-marne/plombier-saints-77120/debouchage-canalisation,2026-07-22
www.etienne-services.fr,,,https://www.etienne-services.fr/seine-et-marne/plombier-saints-77120/recherche-de-fuites,2026-07-22
www.etienne-services.fr,,,https://www.etienne-services.fr/seine-et-marne/plombier-salins-77148/debouchage-canalisation,2026-07-22
www.etienne-services.fr,,,https://www.etienne-services.fr/seine-et-marne/plombier-salins-77148/recherche-de-fuites,2026-07-22
www.etienne-services.fr,,,https://www.etienne-services.fr/seine-et-marne/plombier-sammeron-77260/debouchage-canalisation,2026-07-22
www.etienne-services.fr,,,https://www.etienne-services.fr/seine-et-marne/plombier-sammeron-77260/recherche-de-fuites,2026-07-22
www.etienne-services.fr,,,https://www.etienne-services.fr/seine-et-marne/plombier-samois-sur-seine-77920/debouchage-canalisation,2026-07-22
www.etienne-services.fr,,,https://www.etienne-services.fr/seine-et-marne/plombier-samois-sur-seine-77920/recherche-de-fuites,2026-07-22
www.etienne-services.fr,,,https://www.etienne-services.fr/seine-et-marne/plombier-samoreau-77210/debouchage-canalisation,2026-07-22
www.etienne-services.fr,,,https://www.etienne-services.fr/seine-et-marne/plombier-samoreau-77210/recherche-de-fuites,2026-07-22
www.etienne-services.fr,,,https://www.etienne-services.fr/seine-et-marne/plombier-sancy-77580/debouchage-canalisation,2026-07-22
www.etienne-services.fr,,,https://www.etienne-services.fr/seine-et-marne/plombier-sancy-77580/recherche-de-fuites,2026-07-22
www.etienne-services.fr,,,https://www.etienne-services.fr/seine-et-marne/plombier-sancy-les-provins-77320/debouchage-canalisation,2026-07-22
www.etienne-services.fr,,,https://www.etienne-services.fr/seine-et-marne/plombier-sancy-les-provins-77320/recherche-de-fuites,2026-07-22
www.etienne-services.fr,,,https://www.etienne-services.fr/seine-et-marne/plombier-savins-77650/debouchage-canalisation,2026-07-22
www.etienne-services.fr,,,https://www.etienne-services.fr/seine-et-marne/plombier-savins-77650/recherche-de-fuites,2026-07-22
www.etienne-services.fr,,,https://www.etienne-services.fr/seine-et-marne/plombier-seine-port-77240/debouchage-canalisation,2026-07-22
www.etienne-services.fr,,,https://www.etienne-services.fr/seine-et-marne/plombier-seine-port-77240/recherche-de-fuites,2026-07-22
www.etienne-services.fr,,,https://www.etienne-services.fr/seine-et-marne/plombier-sept-sorts-77260/debouchage-canalisation,2026-07-22
www.etienne-services.fr,,,https://www.etienne-services.fr/seine-et-marne/plombier-sept-sorts-77260/recherche-de-fuites,2026-07-22
www.etienne-services.fr,,,https://www.etienne-services.fr/seine-et-marne/plombier-servon-77170/debouchage-canalisation,2026-07-22
www.etienne-services.fr,,,https://www.etienne-services.fr/seine-et-marne/plombier-servon-77170/recherche-de-fuites,2026-07-22
www.etienne-services.fr,,,https://www.etienne-services.fr/seine-et-marne/plombier-signy-signets-77640/debouchage-canalisation,2026-07-22
www.etienne-services.fr,,,https://www.etienne-services.fr/seine-et-marne/plombier-signy-signets-77640/recherche-de-fuites,2026-07-22
www.etienne-services.fr,,,https://www.etienne-services.fr/seine-et-marne/plombier-sigy-77520/debouchage-canalisation,2026-07-22
www.etienne-services.fr,,,https://www.etienne-services.fr/seine-et-marne/plombier-sigy-77520/recherche-de-fuites,2026-07-22
www.etienne-services.fr,,,https://www.etienne-services.fr/seine-et-marne/plombier-sivry-courtry-77115/debouchage-canalisation,2026-07-22
www.etienne-services.fr,,,https://www.etienne-services.fr/seine-et-marne/plombier-sivry-courtry-77115/recherche-de-fuites,2026-07-22
www.etienne-services.fr,,,https://www.etienne-services.fr/seine-et-marne/plombier-sognolles-en-montois-77520/debouchage-canalisation,2026-07-22
www.etienne-services.fr,,,https://www.etienne-services.fr/seine-et-marne/plombier-sognolles-en-montois-77520/recherche-de-fuites,2026-07-22
www.etienne-services.fr,,,https://www.etienne-services.fr/seine-et-marne/plombier-soignolles-en-brie-77111/debouchage-canalisation,2026-07-22
www.etienne-services.fr,,,https://www.etienne-services.fr/seine-et-marne/plombier-soignolles-en-brie-77111/recherche-de-fuites,2026-07-22
www.etienne-services.fr,,,https://www.etienne-services.fr/seine-et-marne/plombier-soisy-bouy-77650/debouchage-canalisation,2026-07-22
www.etienne-services.fr,,,https://www.etienne-services.fr/seine-et-marne/plombier-soisy-bouy-77650/recherche-de-fuites,2026-07-22
www.etienne-services.fr,,,https://www.etienne-services.fr/seine-et-marne/plombier-solers-77111/debouchage-canalisation,2026-07-22
www.etienne-services.fr,,,https://www.etienne-services.fr/seine-et-marne/plombier-solers-77111/recherche-de-fuites,2026-07-22
www.etienne-services.fr,,,https://www.etienne-services.fr/seine-et-marne/plombier-sourdun-77171/debouchage-canalisation,2026-07-22
www.etienne-services.fr,,,https://www.etienne-services.fr/seine-et-marne/plombier-sourdun-77171/recherche-de-fuites,2026-07-22
www.etienne-services.fr,,,https://www.etienne-services.fr/seine-et-marne/plombier-tancrou-77440/debouchage-canalisation,2026-07-22
www.etienne-services.fr,,,https://www.etienne-services.fr/seine-et-marne/plombier-tancrou-77440/recherche-de-fuites,2026-07-22
www.etienne-services.fr,,,https://www.etienne-services.fr/seine-et-marne/plombier-thenisy-77520/debouchage-canalisation,2026-07-22
www.etienne-services.fr,,,https://www.etienne-services.fr/seine-et-marne/plombier-thenisy-77520/recherche-de-fuites,2026-07-22
www.etienne-services.fr,,,https://www.etienne-services.fr/seine-et-marne/plombier-thieux-77230/debouchage-canalisation,2026-07-22
www.etienne-services.fr,,,https://www.etienne-services.fr/seine-et-marne/plombier-thieux-77230/recherche-de-fuites,2026-07-22
www.etienne-services.fr,,,https://www.etienne-services.fr/seine-et-marne/plombier-thomery-77810/debouchage-canalisation,2026-07-22
www.etienne-services.fr,,,https://www.etienne-services.fr/seine-et-marne/plombier-thomery-77810/recherche-de-fuites,2026-07-22
www.etienne-services.fr,,,https://www.etienne-services.fr/seine-et-marne/plombier-thoury-ferottes-77156/debouchage-canalisation,2026-07-22
www.etienne-services.fr,,,https://www.etienne-services.fr/seine-et-marne/plombier-thoury-ferottes-77156/recherche-de-fuites,2026-07-22
www.etienne-services.fr,,,https://www.etienne-services.fr/seine-et-marne/plombier-tigeaux-77163/debouchage-canalisation,2026-07-22
www.etienne-services.fr,,,https://www.etienne-services.fr/seine-et-marne/plombier-tigeaux-77163/recherche-de-fuites,2026-07-22
www.etienne-services.fr,,,https://www.etienne-services.fr/seine-et-marne/plombier-touquin-77131/debouchage-canalisation,2026-07-22
www.etienne-services.fr,,,https://www.etienne-services.fr/seine-et-marne/plombier-touquin-77131/recherche-de-fuites,2026-07-22
www.etienne-services.fr,,,https://www.etienne-services.fr/seine-et-marne/plombier-tousson-77123/debouchage-canalisation,2026-07-22
www.etienne-services.fr,,,https://www.etienne-services.fr/seine-et-marne/plombier-tousson-77123/recherche-de-fuites,2026-07-22
www.etienne-services.fr,,,https://www.etienne-services.fr/seine-et-marne/plombier-treuzy-levelay-77710/debouchage-canalisation,2026-07-22
www.etienne-services.fr,,,https://www.etienne-services.fr/seine-et-marne/plombier-treuzy-levelay-77710/recherche-de-fuites,2026-07-22
www.etienne-services.fr,,,https://www.etienne-services.fr/seine-et-marne/plombier-trilbardou-77450/debouchage-canalisation,2026-07-22
www.etienne-services.fr,,,https://www.etienne-services.fr/seine-et-marne/plombier-trilbardou-77450/recherche-de-fuites,2026-07-22
www.etienne-services.fr,,,https://www.etienne-services.fr/seine-et-marne/plombier-trilport-77470/debouchage-canalisation,2026-07-22
www.etienne-services.fr,,,https://www.etienne-services.fr/seine-et-marne/plombier-trilport-77470/recherche-de-fuites,2026-07-22
www.etienne-services.fr,,,https://www.etienne-services.fr/seine-et-marne/plombier-trocy-en-multien-77440/debouchage-canalisation,2026-07-22
www.etienne-services.fr,,,https://www.etienne-services.fr/seine-et-marne/plombier-trocy-en-multien-77440/recherche-de-fuites,2026-07-22
www.etienne-services.fr,,,https://www.etienne-services.fr/seine-et-marne/plombier-ury-77760/debouchage-canalisation,2026-07-22
www.etienne-services.fr,,,https://www.etienne-services.fr/seine-et-marne/plombier-ury-77760/recherche-de-fuites,2026-07-22
www.etienne-services.fr,,,https://www.etienne-services.fr/seine-et-marne/plombier-ussy-sur-marne-77260/debouchage-canalisation,2026-07-22
www.etienne-services.fr,,,https://www.etienne-services.fr/seine-et-marne/plombier-ussy-sur-marne-77260/recherche-de-fuites,2026-07-22
www.etienne-services.fr,,,https://www.etienne-services.fr/seine-et-marne/plombier-valence-en-brie-77830/debouchage-canalisation,2026-07-22
www.etienne-services.fr,,,https://www.etienne-services.fr/seine-et-marne/plombier-vanville-77370/debouchage-canalisation,2026-07-22
www.etienne-services.fr,,,https://www.etienne-services.fr/seine-et-marne/plombier-vanville-77370/recherche-de-fuites,2026-07-22
www.etienne-services.fr,,,https://www.etienne-services.fr/seine-et-marne/plombier-varennes-sur-seine-77130/debouchage-canalisation,2026-07-22
www.etienne-services.fr,,,https://www.etienne-services.fr/seine-et-marne/plombier-varennes-sur-seine-77130/recherche-de-fuites,2026-07-22
www.etienne-services.fr,,,https://www.etienne-services.fr/seine-et-marne/plombier-varreddes-77910/debouchage-canalisation,2026-07-22
www.etienne-services.fr,,,https://www.etienne-services.fr/seine-et-marne/plombier-varreddes-77910/recherche-de-fuites,2026-07-22
www.etienne-services.fr,,,https://www.etienne-services.fr/seine-et-marne/plombier-vaucourtois-77580/debouchage-canalisation,2026-07-22
www.etienne-services.fr,,,https://www.etienne-services.fr/seine-et-marne/plombier-vaucourtois-77580/recherche-de-fuites,2026-07-22
www.etienne-services.fr,,,https://www.etienne-services.fr/seine-et-marne/plombier-vaudoy-en-brie-77141/debouchage-canalisation,2026-07-22
www.etienne-services.fr,,,https://www.etienne-services.fr/seine-et-marne/plombier-vaudoy-en-brie-77141/recherche-de-fuites,2026-07-22
www.etienne-services.fr,,,https://www.etienne-services.fr/seine-et-marne/plombier-vaux-sur-lunain-77710/debouchage-canalisation,2026-07-22
www.etienne-services.fr,,,https://www.etienne-services.fr/seine-et-marne/plombier-vaux-sur-lunain-77710/recherche-de-fuites,2026-07-22
www.etienne-services.fr,,,https://www.etienne-services.fr/seine-et-marne/plombier-vendrest-77440/debouchage-canalisation,2026-07-22
www.etienne-services.fr,,,https://www.etienne-services.fr/seine-et-marne/plombier-vendrest-77440/recherche-de-fuites,2026-07-22
www.etienne-services.fr,,,https://www.etienne-services.fr/seine-et-marne/plombier-veneux-les-sablons-77250/debouchage-canalisation,2026-07-22
www.etienne-services.fr,,,https://www.etienne-services.fr/seine-et-marne/plombier-veneux-les-sablons-77250/recherche-de-fuites,2026-07-22
www.etienne-services.fr,,,https://www.etienne-services.fr/seine-et-marne/plombier-verdelot-77510/debouchage-canalisation,2026-07-22
www.etienne-services.fr,,,https://www.etienne-services.fr/seine-et-marne/plombier-verdelot-77510/recherche-de-fuites,2026-07-22
www.etienne-services.fr,,,https://www.etienne-services.fr/seine-et-marne/plombier-verneuil-l-etang-77390/debouchage-canalisation,2026-07-22
www.etienne-services.fr,,,https://www.etienne-services.fr/seine-et-marne/plombier-verneuil-l-etang-77390/recherche-de-fuites,2026-07-22
www.etienne-services.fr,,,https://www.etienne-services.fr/seine-et-marne/plombier-vernou-la-celle-sur-seine-77670/debouchage-canalisation,2026-07-22
www.etienne-services.fr,,,https://www.etienne-services.fr/seine-et-marne/plombier-vernou-la-celle-sur-seine-77670/recherche-de-fuites,2026-07-22
www.etienne-services.fr,,,https://www.etienne-services.fr/seine-et-marne/plombier-vieux-champagne-77370/debouchage-canalisation,2026-07-22
www.etienne-services.fr,,,https://www.etienne-services.fr/seine-et-marne/plombier-vieux-champagne-77370/recherche-de-fuites,2026-07-22
www.etienne-services.fr,,,https://www.etienne-services.fr/seine-et-marne/plombier-vignely-77450/debouchage-canalisation,2026-07-22
www.etienne-services.fr,,,https://www.etienne-services.fr/seine-et-marne/plombier-vignely-77450/recherche-de-fuites,2026-07-22
www.etienne-services.fr,,,https://www.etienne-services.fr/seine-et-marne/plombier-ville-saint-jacques-77130/debouchage-canalisation,2026-07-22
www.etienne-services.fr,,,https://www.etienne-services.fr/seine-et-marne/plombier-ville-saint-jacques-77130/recherche-de-fuites,2026-07-22
www.etienne-services.fr,,,https://www.etienne-services.fr/seine-et-marne/plombier-villebeon-77710/debouchage-canalisation,2026-07-22
www.etienne-services.fr,,,https://www.etienne-services.fr/seine-et-marne/plombier-villebeon-77710/recherche-de-fuites,2026-07-22
www.etienne-services.fr,,,https://www.etienne-services.fr/seine-et-marne/plombier-villecerf-77250/debouchage-canalisation,2026-07-22
www.etienne-services.fr,,,https://www.etienne-services.fr/seine-et-marne/plombier-villecerf-77250/recherche-de-fuites,2026-07-22
www.etienne-services.fr,,,https://www.etienne-services.fr/seine-et-marne/plombier-villemarechal-77710/debouchage-canalisation,2026-07-22
www.etienne-services.fr,,,https://www.etienne-services.fr/seine-et-marne/plombier-villemarechal-77710/recherche-de-fuites,2026-07-22
www.etienne-services.fr,,,https://www.etienne-services.fr/seine-et-marne/plombier-villemareuil-77470/debouchage-canalisation,2026-07-22
www.etienne-services.fr,,,https://www.etienne-services.fr/seine-et-marne/plombier-villemareuil-77470/recherche-de-fuites,2026-07-22
www.etienne-services.fr,,,https://www.etienne-services.fr/seine-et-marne/plombier-villemer-77250/debouchage-canalisation,2026-07-22
www.etienne-services.fr,,,https://www.etienne-services.fr/seine-et-marne/plombier-villemer-77250/recherche-de-fuites,2026-07-22
www.etienne-services.fr,,,https://www.etienne-services.fr/seine-et-marne/plombier-villenauxe-la-petite-77480/debouchage-canalisation,2026-07-22
www.etienne-services.fr,,,https://www.etienne-services.fr/seine-et-marne/plombier-villenauxe-la-petite-77480/recherche-de-fuites,2026-07-22
www.etienne-services.fr,,,https://www.etienne-services.fr/seine-et-marne/plombier-villeneuve-le-comte-77174/debouchage-canalisation,2026-07-22
www.etienne-services.fr,,,https://www.etienne-services.fr/seine-et-marne/plombier-villeneuve-le-comte-77174/recherche-de-fuites,2026-07-22
www.etienne-services.fr,,,https://www.etienne-services.fr/seine-et-marne/plombier-villeneuve-les-bordes-77154/debouchage-canalisation,2026-07-22
www.etienne-services.fr,,,https://www.etienne-services.fr/seine-et-marne/plombier-villeneuve-les-bordes-77154/recherche-de-fuites,2026-07-22
www.etienne-services.fr,,,https://www.etienne-services.fr/seine-et-marne/plombier-villeneuve-saint-denis-77174/debouchage-canalisation,2026-07-22
www.etienne-services.fr,,,https://www.etienne-services.fr/seine-et-marne/plombier-villeneuve-saint-denis-77174/recherche-de-fuites,2026-07-22
www.etienne-services.fr,,,https://www.etienne-services.fr/seine-et-marne/plombier-villeneuve-sous-dammartin-77230/debouchage-canalisation,2026-07-22
www.etienne-services.fr,,,https://www.etienne-services.fr/seine-et-marne/plombier-villeneuve-sous-dammartin-77230/recherche-de-fuites,2026-07-22
www.etienne-services.fr,,,https://www.etienne-services.fr/seine-et-marne/plombier-villeneuve-sur-bellot-77510/debouchage-canalisation,2026-07-22
www.etienne-services.fr,,,https://www.etienne-services.fr/seine-et-marne/plombier-villeneuve-sur-bellot-77510/recherche-de-fuites,2026-07-22
www.etienne-services.fr,,,https://www.etienne-services.fr/seine-et-marne/plombier-villenoy-77124/debouchage-canalisation,2026-07-22
www.etienne-services.fr,,,https://www.etienne-services.fr/seine-et-marne/plombier-villenoy-77124/recherche-de-fuites,2026-07-22
www.etienne-services.fr,,,https://www.etienne-services.fr/seine-et-marne/plombier-villeroy-77410/debouchage-canalisation,2026-07-22
www.etienne-services.fr,,,https://www.etienne-services.fr/seine-et-marne/plombier-villeroy-77410/recherche-de-fuites,2026-07-22
www.etienne-services.fr,,,https://www.etienne-services.fr/seine-et-marne/plombier-villevaude-77410/debouchage-canalisation,2026-07-22
www.etienne-services.fr,,,https://www.etienne-services.fr/seine-et-marne/plombier-villevaude-77410/recherche-de-fuites,2026-07-22
www.etienne-services.fr,,,https://www.etienne-services.fr/seine-et-marne/plombier-villiers-en-biere-77190/debouchage-canalisation,2026-07-22
www.etienne-services.fr,,,https://www.etienne-services.fr/seine-et-marne/plombier-villiers-en-biere-77190/recherche-de-fuites,2026-07-22
www.etienne-services.fr,,,https://www.etienne-services.fr/seine-et-marne/plombier-villiers-saint-georges-77560/debouchage-canalisation,2026-07-22
www.etienne-services.fr,,,https://www.etienne-services.fr/seine-et-marne/plombier-villiers-saint-georges-77560/recherche-de-fuites,2026-07-22
www.etienne-services.fr,,,https://www.etienne-services.fr/seine-et-marne/plombier-villiers-sous-grez-77760/debouchage-canalisation,2026-07-22
www.etienne-services.fr,,,https://www.etienne-services.fr/seine-et-marne/plombier-villiers-sous-grez-77760/recherche-de-fuites,2026-07-22
www.etienne-services.fr,,,https://www.etienne-services.fr/seine-et-marne/plombier-villiers-sur-morin-77580/debouchage-canalisation,2026-07-22
www.etienne-services.fr,,,https://www.etienne-services.fr/seine-et-marne/plombier-villiers-sur-morin-77580/recherche-de-fuites,2026-07-22
www.etienne-services.fr,,,https://www.etienne-services.fr/seine-et-marne/plombier-villiers-sur-seine-77114/debouchage-canalisation,2026-07-22
www.etienne-services.fr,,,https://www.etienne-services.fr/seine-et-marne/plombier-villiers-sur-seine-77114/recherche-de-fuites,2026-07-22
www.etienne-services.fr,,,https://www.etienne-services.fr/seine-et-marne/plombier-villuis-77480/debouchage-canalisation,2026-07-22
www.etienne-services.fr,,,https://www.etienne-services.fr/seine-et-marne/plombier-villuis-77480/recherche-de-fuites,2026-07-22
www.etienne-services.fr,,,https://www.etienne-services.fr/seine-et-marne/plombier-vimpelles-77520/debouchage-canalisation,2026-07-22
www.etienne-services.fr,,,https://www.etienne-services.fr/seine-et-marne/plombier-vimpelles-77520/recherche-de-fuites,2026-07-22
www.etienne-services.fr,,,https://www.etienne-services.fr/seine-et-marne/plombier-vinantes-77230/debouchage-canalisation,2026-07-22
www.etienne-services.fr,,,https://www.etienne-services.fr/seine-et-marne/plombier-vinantes-77230/recherche-de-fuites,2026-07-22
www.etienne-services.fr,,,https://www.etienne-services.fr/seine-et-marne/plombier-vincy-manoeuvre-77139/debouchage-canalisation,2026-07-22
www.etienne-services.fr,,,https://www.etienne-services.fr/seine-et-marne/plombier-vincy-manoeuvre-77139/recherche-de-fuites,2026-07-22
www.etienne-services.fr,,,https://www.etienne-services.fr/seine-et-marne/plombier-voinsles-77540/debouchage-canalisation,2026-07-22
www.etienne-services.fr,,,https://www.etienne-services.fr/seine-et-marne/plombier-voinsles-77540/recherche-de-fuites,2026-07-22
www.etienne-services.fr,,,https://www.etienne-services.fr/seine-et-marne/plombier-voisenon-77950/debouchage-canalisation,2026-07-22
www.etienne-services.fr,,,https://www.etienne-services.fr/seine-et-marne/plombier-voisenon-77950/recherche-de-fuites,2026-07-22
www.etienne-services.fr,,,https://www.etienne-services.fr/seine-et-marne/plombier-voulangis-77580/debouchage-canalisation,2026-07-22
www.etienne-services.fr,,,https://www.etienne-services.fr/seine-et-marne/plombier-voulangis-77580/recherche-de-fuites,2026-07-22
www.etienne-services.fr,,,https://www.etienne-services.fr/seine-et-marne/plombier-voulton-77560/debouchage-canalisation,2026-07-22
www.etienne-services.fr,,,https://www.etienne-services.fr/seine-et-marne/plombier-voulton-77560/recherche-de-fuites,2026-07-22
www.etienne-services.fr,,,https://www.etienne-services.fr/seine-et-marne/plombier-voulx-77940/debouchage-canalisation,2026-07-22
www.etienne-services.fr,,,https://www.etienne-services.fr/seine-et-marne/plombier-voulx-77940/recherche-de-fuites,2026-07-22
www.etienne-services.fr,,,https://www.etienne-services.fr/seine-et-marne/plombier-vulaines-les-provins-77160/debouchage-canalisation,2026-07-22
www.etienne-services.fr,,,https://www.etienne-services.fr/seine-et-marne/plombier-vulaines-les-provins-77160/recherche-de-fuites,2026-07-22
www.etienne-services.fr,,,https://www.etienne-services.fr/seine-et-marne/plombier-vulaines-sur-seine-77870/debouchage-canalisation,2026-07-22
www.etienne-services.fr,,,https://www.etienne-services.fr/seine-et-marne/plombier-vulaines-sur-seine-77870/recherche-de-fuites,2026-07-22
www.etienne-services.fr,,,https://www.etienne-services.fr/seine-et-marne/plombier-yebles-77390/debouchage-canalisation,2026-07-22
www.etienne-services.fr,,,https://www.etienne-services.fr/seine-et-marne/plombier-yebles-77390/recherche-de-fuites,2026-07-22
www.etienne-services.fr,,,https://www.etienne-services.fr/seine-et-marne/serrurier-acheres-la-foret-77760/porte-blindee,2026-07-22
www.etienne-services.fr,,,https://www.etienne-services.fr/seine-et-marne/serrurier-amillis-77120/porte-blindee,2026-07-22
www.etienne-services.fr,,,https://www.etienne-services.fr/seine-et-marne/serrurier-amponville-77760/porte-blindee,2026-07-22
www.etienne-services.fr,,,https://www.etienne-services.fr/seine-et-marne/serrurier-andrezel-77390/porte-blindee,2026-07-22
www.etienne-services.fr,,,https://www.etienne-services.fr/seine-et-marne/serrurier-annet-sur-marne-77410/porte-blindee,2026-07-22
www.etienne-services.fr,,,https://www.etienne-services.fr/seine-et-marne/serrurier-arbonne-la-foret-77630/porte-blindee,2026-07-22
www.etienne-services.fr,,,https://www.etienne-services.fr/seine-et-marne/serrurier-argentieres-77390/porte-blindee,2026-07-22
www.etienne-services.fr,,,https://www.etienne-services.fr/seine-et-marne/serrurier-armentieres-en-brie-77440/porte-blindee,2026-07-22
www.etienne-services.fr,,,https://www.etienne-services.fr/seine-et-marne/serrurier-arville-77890/porte-blindee,2026-07-22
www.etienne-services.fr,,,https://www.etienne-services.fr/seine-et-marne/serrurier-aubepierre-ozouer-le-repos-77720/porte-blindee,2026-07-22
www.etienne-services.fr,,,https://www.etienne-services.fr/seine-et-marne/serrurier-aufferville-77570/porte-blindee,2026-07-22
www.etienne-services.fr,,,https://www.etienne-services.fr/seine-et-marne/serrurier-augers-en-brie-77560/porte-blindee,2026-07-22
www.etienne-services.fr,,,https://www.etienne-services.fr/seine-et-marne/serrurier-aulnoy-77120/porte-blindee,2026-07-22
www.etienne-services.fr,,,https://www.etienne-services.fr/seine-et-marne/serrurier-baby-77480/porte-blindee,2026-07-22
www.etienne-services.fr,,,https://www.etienne-services.fr/seine-et-marne/serrurier-bagneaux-sur-loing-77167/porte-blindee,2026-07-22
www.etienne-services.fr,,,https://www.etienne-services.fr/seine-et-marne/serrurier-balloy-77118/porte-blindee,2026-07-22
www.etienne-services.fr,,,https://www.etienne-services.fr/seine-et-marne/serrurier-bannost-villegagnon-77970/porte-blindee,2026-07-22
www.etienne-services.fr,,,https://www.etienne-services.fr/seine-et-marne/serrurier-barbey-77130/porte-blindee,2026-07-22
www.etienne-services.fr,,,https://www.etienne-services.fr/seine-et-marne/serrurier-barbizon-77630/porte-blindee,2026-07-22
www.etienne-services.fr,,,https://www.etienne-services.fr/seine-et-marne/serrurier-barcy-77910/porte-blindee,2026-07-22
www.etienne-services.fr,,,https://www.etienne-services.fr/seine-et-marne/serrurier-bassevelle-77750/porte-blindee,2026-07-22
www.etienne-services.fr,,,https://www.etienne-services.fr/seine-et-marne/serrurier-bazoches-les-bray-77118/porte-blindee,2026-07-22
www.etienne-services.fr,,,https://www.etienne-services.fr/seine-et-marne/serrurier-beaumont-du-gatinais-77890/porte-blindee,2026-07-22
www.etienne-services.fr,,,https://www.etienne-services.fr/seine-et-marne/serrurier-beautheil-77120/porte-blindee,2026-07-22
www.etienne-services.fr,,,https://www.etienne-services.fr/seine-et-marne/serrurier-beauvoir-77390/porte-blindee,2026-07-22
www.etienne-services.fr,,,https://www.etienne-services.fr/seine-et-marne/serrurier-bellot-77510/porte-blindee,2026-07-22
www.etienne-services.fr,,,https://www.etienne-services.fr/seine-et-marne/serrurier-bernay-vilbert-77540/porte-blindee,2026-07-22
www.etienne-services.fr,,,https://www.etienne-services.fr/seine-et-marne/serrurier-beton-bazoches-77320/porte-blindee,2026-07-22
www.etienne-services.fr,,,https://www.etienne-services.fr/seine-et-marne/serrurier-bezalles-77970/porte-blindee,2026-07-22
www.etienne-services.fr,,,https://www.etienne-services.fr/seine-et-marne/serrurier-blandy-77115/porte-blindee,2026-07-22
www.etienne-services.fr,,,https://www.etienne-services.fr/seine-et-marne/serrurier-blennes-77940/porte-blindee,2026-07-22
www.etienne-services.fr,,,https://www.etienne-services.fr/seine-et-marne/serrurier-boisdon-77970/porte-blindee,2026-07-22
www.etienne-services.fr,,,https://www.etienne-services.fr/seine-et-marne/serrurier-boissettes-77350/porte-blindee,2026-07-22
www.etienne-services.fr,,,https://www.etienne-services.fr/seine-et-marne/serrurier-boissise-la-bertrand-77350/porte-blindee,2026-07-22
www.etienne-services.fr,,,https://www.etienne-services.fr/seine-et-marne/serrurier-boissise-le-roi-77310/porte-blindee,2026-07-22
www.etienne-services.fr,,,https://www.etienne-services.fr/seine-et-marne/serrurier-boissy-aux-cailles-77760/porte-blindee,2026-07-22
www.etienne-services.fr,,,https://www.etienne-services.fr/seine-et-marne/serrurier-boissy-le-chatel-77169/porte-blindee,2026-07-22
www.etienne-services.fr,,,https://www.etienne-services.fr/seine-et-marne/serrurier-boitron-77750/porte-blindee,2026-07-22
www.etienne-services.fr,,,https://www.etienne-services.fr/seine-et-marne/serrurier-bombon-77720/porte-blindee,2026-07-22
www.etienne-services.fr,,,https://www.etienne-services.fr/seine-et-marne/serrurier-bougligny-77570/porte-blindee,2026-07-22
www.etienne-services.fr,,,https://www.etienne-services.fr/seine-et-marne/serrurier-boulancourt-77760/porte-blindee,2026-07-22
www.etienne-services.fr,,,https://www.etienne-services.fr/seine-et-marne/serrurier-bouleurs-77580/porte-blindee,2026-07-22
www.etienne-services.fr,,,https://www.etienne-services.fr/seine-et-marne/serrurier-bourron-marlotte-77780/porte-blindee,2026-07-22
www.etienne-services.fr,,,https://www.etienne-services.fr/seine-et-marne/serrurier-boutigny-77470/porte-blindee,2026-07-22
www.etienne-services.fr,,,https://www.etienne-services.fr/seine-et-marne/serrurier-bransles-77620/porte-blindee,2026-07-22
www.etienne-services.fr,,,https://www.etienne-services.fr/seine-et-marne/serrurier-bray-sur-seine-77480/porte-blindee,2026-07-22
www.etienne-services.fr,,,https://www.etienne-services.fr/seine-et-marne/serrurier-breau-77720/porte-blindee,2026-07-22
www.etienne-services.fr,,,https://www.etienne-services.fr/seine-et-marne/serrurier-brou-sur-chantereine-77177/porte-blindee,2026-07-22
www.etienne-services.fr,,,https://www.etienne-services.fr/seine-et-marne/serrurier-burcy-77890/porte-blindee,2026-07-22
www.etienne-services.fr,,,https://www.etienne-services.fr/seine-et-marne/serrurier-bussieres-77750/porte-blindee,2026-07-22
www.etienne-services.fr,,,https://www.etienne-services.fr/seine-et-marne/serrurier-bussy-saint-martin-77600/porte-blindee,2026-07-22
www.etienne-services.fr,,,https://www.etienne-services.fr/seine-et-marne/serrurier-buthiers-77760/porte-blindee,2026-07-22
www.etienne-services.fr,,,https://www.etienne-services.fr/seine-et-marne/serrurier-cannes-ecluse-77130/porte-blindee,2026-07-22
www.etienne-services.fr,,,https://www.etienne-services.fr/seine-et-marne/serrurier-carnetin-77400/porte-blindee,2026-07-22
www.etienne-services.fr,,,https://www.etienne-services.fr/seine-et-marne/serrurier-cely-77930/porte-blindee,2026-07-22
www.etienne-services.fr,,,https://www.etienne-services.fr/seine-et-marne/serrurier-cerneux-77320/porte-blindee,2026-07-22
www.etienne-services.fr,,,https://www.etienne-services.fr/seine-et-marne/serrurier-cessoy-en-montois-77520/porte-blindee,2026-07-22
www.etienne-services.fr,,,https://www.etienne-services.fr/seine-et-marne/serrurier-chailly-en-biere-77930/porte-blindee,2026-07-22
www.etienne-services.fr,,,https://www.etienne-services.fr/seine-et-marne/serrurier-chailly-en-brie-77120/porte-blindee,2026-07-22
www.etienne-services.fr,,,https://www.etienne-services.fr/seine-et-marne/serrurier-chaintreaux-77460/porte-blindee,2026-07-22
www.etienne-services.fr,,,https://www.etienne-services.fr/seine-et-marne/serrurier-chalautre-la-grande-77171/porte-blindee,2026-07-22
www.etienne-services.fr,,,https://www.etienne-services.fr/seine-et-marne/serrurier-chalautre-la-petite-77160/porte-blindee,2026-07-22
www.etienne-services.fr,,,https://www.etienne-services.fr/seine-et-marne/serrurier-chalifert-77144/porte-blindee,2026-07-22
www.etienne-services.fr,,,https://www.etienne-services.fr/seine-et-marne/serrurier-chalmaison-77650/porte-blindee,2026-07-22
www.etienne-services.fr,,,https://www.etienne-services.fr/seine-et-marne/serrurier-chambry-77910/porte-blindee,2026-07-22
www.etienne-services.fr,,,https://www.etienne-services.fr/seine-et-marne/serrurier-chamigny-77260/porte-blindee,2026-07-22
www.etienne-services.fr,,,https://www.etienne-services.fr/seine-et-marne/serrurier-champcenest-77560/porte-blindee,2026-07-22
www.etienne-services.fr,,,https://www.etienne-services.fr/seine-et-marne/serrurier-champdeuil-77390/porte-blindee,2026-07-22
www.etienne-services.fr,,,https://www.etienne-services.fr/seine-et-marne/serrurier-champeaux-77720/porte-blindee,2026-07-22
www.etienne-services.fr,,,https://www.etienne-services.fr/seine-et-marne/serrurier-changis-sur-marne-77660/porte-blindee,2026-07-22
www.etienne-services.fr,,,https://www.etienne-services.fr/seine-et-marne/serrurier-chanteloup-en-brie-77600/porte-blindee,2026-07-22
www.etienne-services.fr,,,https://www.etienne-services.fr/seine-et-marne/serrurier-charmentray-77410/porte-blindee,2026-07-22
www.etienne-services.fr,,,https://www.etienne-services.fr/seine-et-marne/serrurier-charny-77410/porte-blindee,2026-07-22
www.etienne-services.fr,,,https://www.etienne-services.fr/seine-et-marne/serrurier-chartrettes-77590/porte-blindee,2026-07-22
www.etienne-services.fr,,,https://www.etienne-services.fr/seine-et-marne/serrurier-chartronges-77320/porte-blindee,2026-07-22
www.etienne-services.fr,,,https://www.etienne-services.fr/seine-et-marne/serrurier-chateau-landon-77570/porte-blindee,2026-07-22
www.etienne-services.fr,,,https://www.etienne-services.fr/seine-et-marne/serrurier-chateaubleau-77370/porte-blindee,2026-07-22
www.etienne-services.fr,,,https://www.etienne-services.fr/seine-et-marne/serrurier-chatenay-sur-seine-77126/porte-blindee,2026-07-22
www.etienne-services.fr,,,https://www.etienne-services.fr/seine-et-marne/serrurier-chatenoy-77167/porte-blindee,2026-07-22
www.etienne-services.fr,,,https://www.etienne-services.fr/seine-et-marne/serrurier-chatillon-la-borde-77820/porte-blindee,2026-07-22
www.etienne-services.fr,,,https://www.etienne-services.fr/seine-et-marne/serrurier-chatres-77610/porte-blindee,2026-07-22
www.etienne-services.fr,,,https://www.etienne-services.fr/seine-et-marne/serrurier-chauconin-neufmontiers-77124/porte-blindee,2026-07-22
www.etienne-services.fr,,,https://www.etienne-services.fr/seine-et-marne/serrurier-chauffry-77169/porte-blindee,2026-07-22
www.etienne-services.fr,,,https://www.etienne-services.fr/seine-et-marne/serrurier-chaumes-en-brie-77390/porte-blindee,2026-07-22
www.etienne-services.fr,,,https://www.etienne-services.fr/seine-et-marne/serrurier-chenoise-77160/porte-blindee,2026-07-22
www.etienne-services.fr,,,https://www.etienne-services.fr/seine-et-marne/serrurier-chenou-77570/porte-blindee,2026-07-22
www.etienne-services.fr,,,https://www.etienne-services.fr/seine-et-marne/serrurier-chessy-77700/porte-blindee,2026-07-22
www.etienne-services.fr,,,https://www.etienne-services.fr/seine-et-marne/serrurier-chevrainvilliers-77760/porte-blindee,2026-07-22
www.etienne-services.fr,,,https://www.etienne-services.fr/seine-et-marne/serrurier-chevru-77320/porte-blindee,2026-07-22
www.etienne-services.fr,,,https://www.etienne-services.fr/seine-et-marne/serrurier-chevry-cossigny-77173/porte-blindee,2026-07-22
www.etienne-services.fr,,,https://www.etienne-services.fr/seine-et-marne/serrurier-chevry-en-sereine-77710/porte-blindee,2026-07-22
www.etienne-services.fr,,,https://www.etienne-services.fr/seine-et-marne/serrurier-choisy-en-brie-77320/porte-blindee,2026-07-22
www.etienne-services.fr,,,https://www.etienne-services.fr/seine-et-marne/serrurier-citry-77730/porte-blindee,2026-07-22
www.etienne-services.fr,,,https://www.etienne-services.fr/seine-et-marne/serrurier-clos-fontaine-77370/porte-blindee,2026-07-22
www.etienne-services.fr,,,https://www.etienne-services.fr/seine-et-marne/serrurier-cocherel-77440/porte-blindee,2026-07-22
www.etienne-services.fr,,,https://www.etienne-services.fr/seine-et-marne/serrurier-collegien-77090/porte-blindee,2026-07-22
www.etienne-services.fr,,,https://www.etienne-services.fr/seine-et-marne/serrurier-compans-77290/porte-blindee,2026-07-22
www.etienne-services.fr,,,https://www.etienne-services.fr/seine-et-marne/serrurier-conches-sur-gondoire-77600/porte-blindee,2026-07-22
www.etienne-services.fr,,,https://www.etienne-services.fr/seine-et-marne/serrurier-conde-sainte-libiaire-77450/porte-blindee,2026-07-22
www.etienne-services.fr,,,https://www.etienne-services.fr/seine-et-marne/serrurier-congis-sur-therouanne-77440/porte-blindee,2026-07-22
www.etienne-services.fr,,,https://www.etienne-services.fr/seine-et-marne/serrurier-coubert-77170/porte-blindee,2026-07-22
www.etienne-services.fr,,,https://www.etienne-services.fr/seine-et-marne/serrurier-couilly-pont-aux-dames-77860/porte-blindee,2026-07-22
www.etienne-services.fr,,,https://www.etienne-services.fr/seine-et-marne/serrurier-coulombs-en-valois-77840/porte-blindee,2026-07-22
www.etienne-services.fr,,,https://www.etienne-services.fr/seine-et-marne/serrurier-coulommes-77580/porte-blindee,2026-07-22
www.etienne-services.fr,,,https://www.etienne-services.fr/seine-et-marne/serrurier-coupvray-77700/porte-blindee,2026-07-22
www.etienne-services.fr,,,https://www.etienne-services.fr/seine-et-marne/serrurier-courcelles-en-bassee-77126/porte-blindee,2026-07-22
www.etienne-services.fr,,,https://www.etienne-services.fr/seine-et-marne/serrurier-courchamp-77560/porte-blindee,2026-07-22
www.etienne-services.fr,,,https://www.etienne-services.fr/seine-et-marne/serrurier-courpalay-77540/porte-blindee,2026-07-22
www.etienne-services.fr,,,https://www.etienne-services.fr/seine-et-marne/serrurier-courquetaine-77390/porte-blindee,2026-07-22
www.etienne-services.fr,,,https://www.etienne-services.fr/seine-et-marne/serrurier-courtacon-77560/porte-blindee,2026-07-22
www.etienne-services.fr,,,https://www.etienne-services.fr/seine-et-marne/serrurier-courtomer-77390/porte-blindee,2026-07-22
www.etienne-services.fr,,,https://www.etienne-services.fr/seine-et-marne/serrurier-coutencon-77154/porte-blindee,2026-07-22
www.etienne-services.fr,,,https://www.etienne-services.fr/seine-et-marne/serrurier-coutevroult-77580/porte-blindee,2026-07-22
www.etienne-services.fr,,,https://www.etienne-services.fr/seine-et-marne/serrurier-crecy-la-chapelle-77580/porte-blindee,2026-07-22
www.etienne-services.fr,,,https://www.etienne-services.fr/seine-et-marne/serrurier-cregy-les-meaux-77124/porte-blindee,2026-07-22
www.etienne-services.fr,,,https://www.etienne-services.fr/seine-et-marne/serrurier-crevecoeur-en-brie-77610/porte-blindee,2026-07-22
www.etienne-services.fr,,,https://www.etienne-services.fr/seine-et-marne/serrurier-crisenoy-77390/porte-blindee,2026-07-22
www.etienne-services.fr,,,https://www.etienne-services.fr/seine-et-marne/serrurier-croissy-beaubourg-77183/porte-blindee,2026-07-22
www.etienne-services.fr,,,https://www.etienne-services.fr/seine-et-marne/serrurier-crouy-sur-ourcq-77840/porte-blindee,2026-07-22
www.etienne-services.fr,,,https://www.etienne-services.fr/seine-et-marne/serrurier-cucharmoy-77160/porte-blindee,2026-07-22
www.etienne-services.fr,,,https://www.etienne-services.fr/seine-et-marne/serrurier-cuisy-77165/porte-blindee,2026-07-22
www.etienne-services.fr,,,https://www.etienne-services.fr/seine-et-marne/serrurier-dagny-77320/porte-blindee,2026-07-22
www.etienne-services.fr,,,https://www.etienne-services.fr/seine-et-marne/serrurier-dammartin-sur-tigeaux-77163/porte-blindee,2026-07-22
www.etienne-services.fr,,,https://www.etienne-services.fr/seine-et-marne/serrurier-dampmart-77400/porte-blindee,2026-07-22
www.etienne-services.fr,,,https://www.etienne-services.fr/seine-et-marne/serrurier-darvault-77140/porte-blindee,2026-07-22
www.etienne-services.fr,,,https://www.etienne-services.fr/seine-et-marne/serrurier-dhuisy-77440/porte-blindee,2026-07-22
www.etienne-services.fr,,,https://www.etienne-services.fr/seine-et-marne/serrurier-diant-77940/porte-blindee,2026-07-22
www.etienne-services.fr,,,https://www.etienne-services.fr/seine-et-marne/serrurier-donnemarie-dontilly-77520/porte-blindee,2026-07-22
www.etienne-services.fr,,,https://www.etienne-services.fr/seine-et-marne/serrurier-dormelles-77130/porte-blindee,2026-07-22
www.etienne-services.fr,,,https://www.etienne-services.fr/seine-et-marne/serrurier-doue-77510/porte-blindee,2026-07-22
www.etienne-services.fr,,,https://www.etienne-services.fr/seine-et-marne/serrurier-douy-la-ramee-77139/porte-blindee,2026-07-22
www.etienne-services.fr,,,https://www.etienne-services.fr/seine-et-marne/serrurier-echouboulains-77830/porte-blindee,2026-07-22
www.etienne-services.fr,,,https://www.etienne-services.fr/seine-et-marne/serrurier-ecuelles-77250/porte-blindee,2026-07-22
www.etienne-services.fr,,,https://www.etienne-services.fr/seine-et-marne/serrurier-egligny-77126/porte-blindee,2026-07-22
www.etienne-services.fr,,,https://www.etienne-services.fr/seine-et-marne/serrurier-egreville-77620/porte-blindee,2026-07-22
www.etienne-services.fr,,,https://www.etienne-services.fr/seine-et-marne/serrurier-episy-77250/porte-blindee,2026-07-22
www.etienne-services.fr,,,https://www.etienne-services.fr/seine-et-marne/serrurier-esmans-77940/porte-blindee,2026-07-22
www.etienne-services.fr,,,https://www.etienne-services.fr/seine-et-marne/serrurier-etrepilly-77139/porte-blindee,2026-07-22
www.etienne-services.fr,,,https://www.etienne-services.fr/seine-et-marne/serrurier-everly-77157/porte-blindee,2026-07-22
www.etienne-services.fr,,,https://www.etienne-services.fr/seine-et-marne/serrurier-evry-gregy-sur-yerre-77166/porte-blindee,2026-07-22
www.etienne-services.fr,,,https://www.etienne-services.fr/seine-et-marne/serrurier-faremoutiers-77515/porte-blindee,2026-07-22
www.etienne-services.fr,,,https://www.etienne-services.fr/seine-et-marne/serrurier-favieres-77220/porte-blindee,2026-07-22
www.etienne-services.fr,,,https://www.etienne-services.fr/seine-et-marne/serrurier-fay-les-nemours-77167/porte-blindee,2026-07-22
www.etienne-services.fr,,,https://www.etienne-services.fr/seine-et-marne/serrurier-fericy-77133/porte-blindee,2026-07-22
www.etienne-services.fr,,,https://www.etienne-services.fr/seine-et-marne/serrurier-ferolles-attilly-77150/porte-blindee,2026-07-22
www.etienne-services.fr,,,https://www.etienne-services.fr/seine-et-marne/serrurier-ferrieres-en-brie-77164/porte-blindee,2026-07-22
www.etienne-services.fr,,,https://www.etienne-services.fr/seine-et-marne/serrurier-flagy-77940/porte-blindee,2026-07-22
www.etienne-services.fr,,,https://www.etienne-services.fr/seine-et-marne/serrurier-fleury-en-biere-77930/porte-blindee,2026-07-22
www.etienne-services.fr,,,https://www.etienne-services.fr/seine-et-marne/serrurier-fontaine-fourches-77480/porte-blindee,2026-07-22
www.etienne-services.fr,,,https://www.etienne-services.fr/seine-et-marne/serrurier-fontaine-le-port-77590/porte-blindee,2026-07-22
www.etienne-services.fr,,,https://www.etienne-services.fr/seine-et-marne/serrurier-fontains-77370/porte-blindee,2026-07-22
www.etienne-services.fr,,,https://www.etienne-services.fr/seine-et-marne/serrurier-fontenailles-77370/porte-blindee,2026-07-22
www.etienne-services.fr,,,https://www.etienne-services.fr/seine-et-marne/serrurier-forfry-77165/porte-blindee,2026-07-22
www.etienne-services.fr,,,https://www.etienne-services.fr/seine-et-marne/serrurier-forges-77130/porte-blindee,2026-07-22
www.etienne-services.fr,,,https://www.etienne-services.fr/seine-et-marne/serrurier-fouju-77390/porte-blindee,2026-07-22
www.etienne-services.fr,,,https://www.etienne-services.fr/seine-et-marne/serrurier-fresnes-sur-marne-77410/porte-blindee,2026-07-22
www.etienne-services.fr,,,https://www.etienne-services.fr/seine-et-marne/serrurier-fretoy-77320/porte-blindee,2026-07-22
www.etienne-services.fr,,,https://www.etienne-services.fr/seine-et-marne/serrurier-fromont-77760/porte-blindee,2026-07-22
www.etienne-services.fr,,,https://www.etienne-services.fr/seine-et-marne/serrurier-fublaines-77470/porte-blindee,2026-07-22
www.etienne-services.fr,,,https://www.etienne-services.fr/seine-et-marne/serrurier-garentreville-77890/porte-blindee,2026-07-22
www.etienne-services.fr,,,https://www.etienne-services.fr/seine-et-marne/serrurier-gastins-77370/porte-blindee,2026-07-22
www.etienne-services.fr,,,https://www.etienne-services.fr/seine-et-marne/serrurier-germigny-l-eveque-77910/porte-blindee,2026-07-22
www.etienne-services.fr,,,https://www.etienne-services.fr/seine-et-marne/serrurier-germigny-sous-coulombs-77840/porte-blindee,2026-07-22
www.etienne-services.fr,,,https://www.etienne-services.fr/seine-et-marne/serrurier-gesvres-le-chapitre-77165/porte-blindee,2026-07-22
www.etienne-services.fr,,,https://www.etienne-services.fr/seine-et-marne/serrurier-giremoutiers-77120/porte-blindee,2026-07-22
www.etienne-services.fr,,,https://www.etienne-services.fr/seine-et-marne/serrurier-gironville-77890/porte-blindee,2026-07-22
www.etienne-services.fr,,,https://www.etienne-services.fr/seine-et-marne/serrurier-gouaix-77114/porte-blindee,2026-07-22
www.etienne-services.fr,,,https://www.etienne-services.fr/seine-et-marne/serrurier-gouvernes-77400/porte-blindee,2026-07-22
www.etienne-services.fr,,,https://www.etienne-services.fr/seine-et-marne/serrurier-grandpuits-bailly-carrois-77720/porte-blindee,2026-07-22
www.etienne-services.fr,,,https://www.etienne-services.fr/seine-et-marne/serrurier-gravon-77118/porte-blindee,2026-07-22
www.etienne-services.fr,,,https://www.etienne-services.fr/seine-et-marne/serrurier-gressy-77410/porte-blindee,2026-07-22
www.etienne-services.fr,,,https://www.etienne-services.fr/seine-et-marne/serrurier-grez-sur-loing-77880/porte-blindee,2026-07-22
www.etienne-services.fr,,,https://www.etienne-services.fr/seine-et-marne/serrurier-grisy-suisnes-77166/porte-blindee,2026-07-22
www.etienne-services.fr,,,https://www.etienne-services.fr/seine-et-marne/serrurier-grisy-sur-seine-77480/porte-blindee,2026-07-22
www.etienne-services.fr,,,https://www.etienne-services.fr/seine-et-marne/serrurier-guerard-77580/porte-blindee,2026-07-22
www.etienne-services.fr,,,https://www.etienne-services.fr/seine-et-marne/serrurier-guercheville-77760/porte-blindee,2026-07-22
www.etienne-services.fr,,,https://www.etienne-services.fr/seine-et-marne/serrurier-guermantes-77600/porte-blindee,2026-07-22
www.etienne-services.fr,,,https://www.etienne-services.fr/seine-et-marne/serrurier-guignes-77390/porte-blindee,2026-07-22
www.etienne-services.fr,,,https://www.etienne-services.fr/seine-et-marne/serrurier-gurcy-le-chatel-77520/porte-blindee,2026-07-22
www.etienne-services.fr,,,https://www.etienne-services.fr/seine-et-marne/serrurier-hautefeuille-77515/porte-blindee,2026-07-22
www.etienne-services.fr,,,https://www.etienne-services.fr/seine-et-marne/serrurier-hericy-77850/porte-blindee,2026-07-22
www.etienne-services.fr,,,https://www.etienne-services.fr/seine-et-marne/serrurier-herme-77114/porte-blindee,2026-07-22
www.etienne-services.fr,,,https://www.etienne-services.fr/seine-et-marne/serrurier-hondevilliers-77510/porte-blindee,2026-07-22
www.etienne-services.fr,,,https://www.etienne-services.fr/seine-et-marne/serrurier-ichy-77890/porte-blindee,2026-07-22
www.etienne-services.fr,,,https://www.etienne-services.fr/seine-et-marne/serrurier-isles-les-meldeuses-77440/porte-blindee,2026-07-22
www.etienne-services.fr,,,https://www.etienne-services.fr/seine-et-marne/serrurier-isles-les-villenoy-77450/porte-blindee,2026-07-22
www.etienne-services.fr,,,https://www.etienne-services.fr/seine-et-marne/serrurier-iverny-77165/porte-blindee,2026-07-22
www.etienne-services.fr,,,https://www.etienne-services.fr/seine-et-marne/serrurier-jablines-77450/porte-blindee,2026-07-22
www.etienne-services.fr,,,https://www.etienne-services.fr/seine-et-marne/serrurier-jaignes-77440/porte-blindee,2026-07-22
www.etienne-services.fr,,,https://www.etienne-services.fr/seine-et-marne/serrurier-jaulnes-77480/porte-blindee,2026-07-22
www.etienne-services.fr,,,https://www.etienne-services.fr/seine-et-marne/serrurier-jossigny-77600/porte-blindee,2026-07-22
www.etienne-services.fr,,,https://www.etienne-services.fr/seine-et-marne/serrurier-jouarre-77640/porte-blindee,2026-07-22
www.etienne-services.fr,,,https://www.etienne-services.fr/seine-et-marne/serrurier-jouy-le-chatel-77970/porte-blindee,2026-07-22
www.etienne-services.fr,,,https://www.etienne-services.fr/seine-et-marne/serrurier-jouy-sur-morin-77320/porte-blindee,2026-07-22
www.etienne-services.fr,,,https://www.etienne-services.fr/seine-et-marne/serrurier-juilly-77230/porte-blindee,2026-07-22
www.etienne-services.fr,,,https://www.etienne-services.fr/seine-et-marne/serrurier-jutigny-77650/porte-blindee,2026-07-22
www.etienne-services.fr,,,https://www.etienne-services.fr/seine-et-marne/serrurier-la-brosse-montceaux-77940/porte-blindee,2026-07-22
www.etienne-services.fr,,,https://www.etienne-services.fr/seine-et-marne/serrurier-la-celle-sur-morin-77515/porte-blindee,2026-07-22
www.etienne-services.fr,,,https://www.etienne-services.fr/seine-et-marne/serrurier-la-chapelle-gauthier-77720/porte-blindee,2026-07-22
www.etienne-services.fr,,,https://www.etienne-services.fr/seine-et-marne/serrurier-la-chapelle-iger-77540/porte-blindee,2026-07-22
www.etienne-services.fr,,,https://www.etienne-services.fr/seine-et-marne/serrurier-la-chapelle-la-reine-77760/porte-blindee,2026-07-22
www.etienne-services.fr,,,https://www.etienne-services.fr/seine-et-marne/serrurier-la-chapelle-moutils-77320/porte-blindee,2026-07-22
www.etienne-services.fr,,,https://www.etienne-services.fr/seine-et-marne/serrurier-la-chapelle-rablais-77370/porte-blindee,2026-07-22
www.etienne-services.fr,,,https://www.etienne-services.fr/seine-et-marne/serrurier-la-chapelle-saint-sulpice-77160/porte-blindee,2026-07-22
www.etienne-services.fr,,,https://www.etienne-services.fr/seine-et-marne/serrurier-la-croix-en-brie-77370/porte-blindee,2026-07-22
www.etienne-services.fr,,,https://www.etienne-services.fr/seine-et-marne/serrurier-la-ferte-gaucher-77320/porte-blindee,2026-07-22
www.etienne-services.fr,,,https://www.etienne-services.fr/seine-et-marne/serrurier-la-genevraye-77690/porte-blindee,2026-07-22
www.etienne-services.fr,,,https://www.etienne-services.fr/seine-et-marne/serrurier-la-grande-paroisse-77130/porte-blindee,2026-07-22
www.etienne-services.fr,,,https://www.etienne-services.fr/seine-et-marne/serrurier-la-haute-maison-77580/porte-blindee,2026-07-22
www.etienne-services.fr,,,https://www.etienne-services.fr/seine-et-marne/serrurier-la-houssaye-en-brie-77610/porte-blindee,2026-07-22
www.etienne-services.fr,,,https://www.etienne-services.fr/seine-et-marne/serrurier-la-madeleine-sur-loing-77570/porte-blindee,2026-07-22
www.etienne-services.fr,,,https://www.etienne-services.fr/seine-et-marne/serrurier-la-rochette-77000/porte-blindee,2026-07-22
www.etienne-services.fr,,,https://www.etienne-services.fr/seine-et-marne/serrurier-la-tombe-77130/porte-blindee,2026-07-22
www.etienne-services.fr,,,https://www.etienne-services.fr/seine-et-marne/serrurier-la-tretoire-77510/porte-blindee,2026-07-22
www.etienne-services.fr,,,https://www.etienne-services.fr/seine-et-marne/serrurier-larchant-77760/porte-blindee,2026-07-22
www.etienne-services.fr,,,https://www.etienne-services.fr/seine-et-marne/serrurier-laval-en-brie-77148/porte-blindee,2026-07-22
www.etienne-services.fr,,,https://www.etienne-services.fr/seine-et-marne/serrurier-le-chatelet-en-brie-77820/porte-blindee,2026-07-22
www.etienne-services.fr,,,https://www.etienne-services.fr/seine-et-marne/serrurier-le-mesnil-amelot-77990/porte-blindee,2026-07-22
www.etienne-services.fr,,,https://www.etienne-services.fr/seine-et-marne/serrurier-le-pin-77181/porte-blindee,2026-07-22
www.etienne-services.fr,,,https://www.etienne-services.fr/seine-et-marne/serrurier-le-plessis-aux-bois-77165/porte-blindee,2026-07-22
www.etienne-services.fr,,,https://www.etienne-services.fr/seine-et-marne/serrurier-le-plessis-feu-aussoux-77540/porte-blindee,2026-07-22
www.etienne-services.fr,,,https://www.etienne-services.fr/seine-et-marne/serrurier-le-plessis-l-eveque-77165/porte-blindee,2026-07-22
www.etienne-services.fr,,,https://www.etienne-services.fr/seine-et-marne/serrurier-le-plessis-placy-77440/porte-blindee,2026-07-22
www.etienne-services.fr,,,https://www.etienne-services.fr/seine-et-marne/serrurier-le-vaudoue-77123/porte-blindee,2026-07-22
www.etienne-services.fr,,,https://www.etienne-services.fr/seine-et-marne/serrurier-lechelle-77171/porte-blindee,2026-07-22
www.etienne-services.fr,,,https://www.etienne-services.fr/seine-et-marne/serrurier-les-chapelles-bourbon-77610/porte-blindee,2026-07-22
www.etienne-services.fr,,,https://www.etienne-services.fr/seine-et-marne/serrurier-les-ecrennes-77820/porte-blindee,2026-07-22
www.etienne-services.fr,,,https://www.etienne-services.fr/seine-et-marne/serrurier-les-marets-77560/porte-blindee,2026-07-22
www.etienne-services.fr,,,https://www.etienne-services.fr/seine-et-marne/serrurier-les-ormes-sur-voulzie-77134/porte-blindee,2026-07-22
www.etienne-services.fr,,,https://www.etienne-services.fr/seine-et-marne/serrurier-lescherolles-77320/porte-blindee,2026-07-22
www.etienne-services.fr,,,https://www.etienne-services.fr/seine-et-marne/serrurier-lesches-77450/porte-blindee,2026-07-22
www.etienne-services.fr,,,https://www.etienne-services.fr/seine-et-marne/serrurier-leudon-en-brie-77320/porte-blindee,2026-07-22
www.etienne-services.fr,,,https://www.etienne-services.fr/seine-et-marne/serrurier-limoges-fourches-77550/porte-blindee,2026-07-22
www.etienne-services.fr,,,https://www.etienne-services.fr/seine-et-marne/serrurier-lissy-77550/porte-blindee,2026-07-22
www.etienne-services.fr,,,https://www.etienne-services.fr/seine-et-marne/serrurier-liverdy-en-brie-77220/porte-blindee,2026-07-22
www.etienne-services.fr,,,https://www.etienne-services.fr/seine-et-marne/serrurier-livry-sur-seine-77000/porte-blindee,2026-07-22
www.etienne-services.fr,,,https://www.etienne-services.fr/seine-et-marne/serrurier-lizines-77650/porte-blindee,2026-07-22
www.etienne-services.fr,,,https://www.etienne-services.fr/seine-et-marne/serrurier-lizy-sur-ourcq-77440/porte-blindee,2026-07-22
www.etienne-services.fr,,,https://www.etienne-services.fr/seine-et-marne/serrurier-longperrier-77230/porte-blindee,2026-07-22
www.etienne-services.fr,,,https://www.etienne-services.fr/seine-et-marne/serrurier-longueville-77650/porte-blindee,2026-07-22
www.etienne-services.fr,,,https://www.etienne-services.fr/seine-et-marne/serrurier-lorrez-le-bocage-preaux-77710/porte-blindee,2026-07-22
www.etienne-services.fr,,,https://www.etienne-services.fr/seine-et-marne/serrurier-louan-villegruis-fontaine-77560/porte-blindee,2026-07-22
www.etienne-services.fr,,,https://www.etienne-services.fr/seine-et-marne/serrurier-luisetaines-77520/porte-blindee,2026-07-22
www.etienne-services.fr,,,https://www.etienne-services.fr/seine-et-marne/serrurier-lumigny-nesles-ormeaux-77540/porte-blindee,2026-07-22
www.etienne-services.fr,,,https://www.etienne-services.fr/seine-et-marne/serrurier-luzancy-77138/porte-blindee,2026-07-22
www.etienne-services.fr,,,https://www.etienne-services.fr/seine-et-marne/serrurier-machault-77133/porte-blindee,2026-07-22
www.etienne-services.fr,,,https://www.etienne-services.fr/seine-et-marne/serrurier-maincy-77950/porte-blindee,2026-07-22
www.etienne-services.fr,,,https://www.etienne-services.fr/seine-et-marne/serrurier-maison-rouge-77370/porte-blindee,2026-07-22
www.etienne-services.fr,,,https://www.etienne-services.fr/seine-et-marne/serrurier-maisoncelles-en-brie-77580/porte-blindee,2026-07-22
www.etienne-services.fr,,,https://www.etienne-services.fr/seine-et-marne/serrurier-maisoncelles-en-gatinais-77570/porte-blindee,2026-07-22
www.etienne-services.fr,,,https://www.etienne-services.fr/seine-et-marne/serrurier-marchemoret-77230/porte-blindee,2026-07-22
www.etienne-services.fr,,,https://www.etienne-services.fr/seine-et-marne/serrurier-marcilly-77139/porte-blindee,2026-07-22
www.etienne-services.fr,,,https://www.etienne-services.fr/seine-et-marne/serrurier-mareuil-les-meaux-77100/porte-blindee,2026-07-22
www.etienne-services.fr,,,https://www.etienne-services.fr/seine-et-marne/serrurier-marles-en-brie-77610/porte-blindee,2026-07-22
www.etienne-services.fr,,,https://www.etienne-services.fr/seine-et-marne/serrurier-marolles-en-brie-77120/porte-blindee,2026-07-22
www.etienne-services.fr,,,https://www.etienne-services.fr/seine-et-marne/serrurier-marolles-sur-seine-77130/porte-blindee,2026-07-22
www.etienne-services.fr,,,https://www.etienne-services.fr/seine-et-marne/serrurier-mary-sur-marne-77440/porte-blindee,2026-07-22
www.etienne-services.fr,,,https://www.etienne-services.fr/seine-et-marne/serrurier-mauperthuis-77120/porte-blindee,2026-07-22
www.etienne-services.fr,,,https://www.etienne-services.fr/seine-et-marne/serrurier-mauregard-77990/porte-blindee,2026-07-22
www.etienne-services.fr,,,https://www.etienne-services.fr/seine-et-marne/serrurier-may-en-multien-77145/porte-blindee,2026-07-22
www.etienne-services.fr,,,https://www.etienne-services.fr/seine-et-marne/serrurier-meigneux-77520/porte-blindee,2026-07-22
www.etienne-services.fr,,,https://www.etienne-services.fr/seine-et-marne/serrurier-meilleray-77320/porte-blindee,2026-07-22
www.etienne-services.fr,,,https://www.etienne-services.fr/seine-et-marne/serrurier-melz-sur-seine-77171/porte-blindee,2026-07-22
www.etienne-services.fr,,,https://www.etienne-services.fr/seine-et-marne/serrurier-mery-sur-marne-77730/porte-blindee,2026-07-22
www.etienne-services.fr,,,https://www.etienne-services.fr/seine-et-marne/serrurier-messy-77410/porte-blindee,2026-07-22
www.etienne-services.fr,,,https://www.etienne-services.fr/seine-et-marne/serrurier-misy-sur-yonne-77130/porte-blindee,2026-07-22
www.etienne-services.fr,,,https://www.etienne-services.fr/seine-et-marne/serrurier-moisenay-77950/porte-blindee,2026-07-22
www.etienne-services.fr,,,https://www.etienne-services.fr/seine-et-marne/serrurier-mondreville-77570/porte-blindee,2026-07-22
www.etienne-services.fr,,,https://www.etienne-services.fr/seine-et-marne/serrurier-mons-en-montois-77520/porte-blindee,2026-07-22
www.etienne-services.fr,,,https://www.etienne-services.fr/seine-et-marne/serrurier-montarlot-77250/porte-blindee,2026-07-22
www.etienne-services.fr,,,https://www.etienne-services.fr/seine-et-marne/serrurier-montceaux-les-meaux-77470/porte-blindee,2026-07-22
www.etienne-services.fr,,,https://www.etienne-services.fr/seine-et-marne/serrurier-montceaux-les-provins-77151/porte-blindee,2026-07-22
www.etienne-services.fr,,,https://www.etienne-services.fr/seine-et-marne/serrurier-montcourt-fromonville-77140/porte-blindee,2026-07-22
www.etienne-services.fr,,,https://www.etienne-services.fr/seine-et-marne/serrurier-montdauphin-77320/porte-blindee,2026-07-22
www.etienne-services.fr,,,https://www.etienne-services.fr/seine-et-marne/serrurier-montenils-77320/porte-blindee,2026-07-22
www.etienne-services.fr,,,https://www.etienne-services.fr/seine-et-marne/serrurier-montereau-sur-le-jard-77950/porte-blindee,2026-07-22
www.etienne-services.fr,,,https://www.etienne-services.fr/seine-et-marne/serrurier-montge-en-goele-77230/porte-blindee,2026-07-22
www.etienne-services.fr,,,https://www.etienne-services.fr/seine-et-marne/serrurier-monthyon-77122/porte-blindee,2026-07-22
www.etienne-services.fr,,,https://www.etienne-services.fr/seine-et-marne/serrurier-montigny-le-guesdier-77480/porte-blindee,2026-07-22
www.etienne-services.fr,,,https://www.etienne-services.fr/seine-et-marne/serrurier-montigny-lencoup-77520/porte-blindee,2026-07-22
www.etienne-services.fr,,,https://www.etienne-services.fr/seine-et-marne/serrurier-montigny-sur-loing-77690/porte-blindee,2026-07-22
www.etienne-services.fr,,,https://www.etienne-services.fr/seine-et-marne/serrurier-montmachoux-77940/porte-blindee,2026-07-22
www.etienne-services.fr,,,https://www.etienne-services.fr/seine-et-marne/serrurier-montolivet-77320/porte-blindee,2026-07-22
www.etienne-services.fr,,,https://www.etienne-services.fr/seine-et-marne/serrurier-montry-77450/porte-blindee,2026-07-22
www.etienne-services.fr,,,https://www.etienne-services.fr/seine-et-marne/serrurier-moret-sur-loing-77250/porte-blindee,2026-07-22
www.etienne-services.fr,,,https://www.etienne-services.fr/seine-et-marne/serrurier-mormant-77720/porte-blindee,2026-07-22
www.etienne-services.fr,,,https://www.etienne-services.fr/seine-et-marne/serrurier-mortcerf-77163/porte-blindee,2026-07-22
www.etienne-services.fr,,,https://www.etienne-services.fr/seine-et-marne/serrurier-mortery-77160/porte-blindee,2026-07-22
www.etienne-services.fr,,,https://www.etienne-services.fr/seine-et-marne/serrurier-mouroux-77120/porte-blindee,2026-07-22
www.etienne-services.fr,,,https://www.etienne-services.fr/seine-et-marne/serrurier-mousseaux-les-bray-77480/porte-blindee,2026-07-22
www.etienne-services.fr,,,https://www.etienne-services.fr/seine-et-marne/serrurier-moussy-le-neuf-77230/porte-blindee,2026-07-22
www.etienne-services.fr,,,https://www.etienne-services.fr/seine-et-marne/serrurier-moussy-le-vieux-77230/porte-blindee,2026-07-22
www.etienne-services.fr,,,https://www.etienne-services.fr/seine-et-marne/serrurier-mouy-sur-seine-77480/porte-blindee,2026-07-22
www.etienne-services.fr,,,https://www.etienne-services.fr/seine-et-marne/serrurier-nanteau-sur-essonne-77760/porte-blindee,2026-07-22
www.etienne-services.fr,,,https://www.etienne-services.fr/seine-et-marne/serrurier-nanteau-sur-lunain-77710/porte-blindee,2026-07-22
www.etienne-services.fr,,,https://www.etienne-services.fr/seine-et-marne/serrurier-nanteuil-sur-marne-77730/porte-blindee,2026-07-22
www.etienne-services.fr,,,https://www.etienne-services.fr/seine-et-marne/serrurier-nantouillet-77230/porte-blindee,2026-07-22
www.etienne-services.fr,,,https://www.etienne-services.fr/seine-et-marne/serrurier-neufmoutiers-en-brie-77610/porte-blindee,2026-07-22
www.etienne-services.fr,,,https://www.etienne-services.fr/seine-et-marne/serrurier-noisy-rudignon-77940/porte-blindee,2026-07-22
www.etienne-services.fr,,,https://www.etienne-services.fr/seine-et-marne/serrurier-noisy-sur-ecole-77123/porte-blindee,2026-07-22
www.etienne-services.fr,,,https://www.etienne-services.fr/seine-et-marne/serrurier-nonville-77140/porte-blindee,2026-07-22
www.etienne-services.fr,,,https://www.etienne-services.fr/seine-et-marne/serrurier-noyen-sur-seine-77114/porte-blindee,2026-07-22
www.etienne-services.fr,,,https://www.etienne-services.fr/seine-et-marne/serrurier-obsonville-77890/porte-blindee,2026-07-22
www.etienne-services.fr,,,https://www.etienne-services.fr/seine-et-marne/serrurier-ocquerre-77440/porte-blindee,2026-07-22
www.etienne-services.fr,,,https://www.etienne-services.fr/seine-et-marne/serrurier-oissery-77178/porte-blindee,2026-07-22
www.etienne-services.fr,,,https://www.etienne-services.fr/seine-et-marne/serrurier-orly-sur-morin-77750/porte-blindee,2026-07-22
www.etienne-services.fr,,,https://www.etienne-services.fr/seine-et-marne/serrurier-ormesson-77167/porte-blindee,2026-07-22
www.etienne-services.fr,,,https://www.etienne-services.fr/seine-et-marne/serrurier-ozouer-le-voulgis-77390/porte-blindee,2026-07-22
www.etienne-services.fr,,,https://www.etienne-services.fr/seine-et-marne/serrurier-paley-77710/porte-blindee,2026-07-22
www.etienne-services.fr,,,https://www.etienne-services.fr/seine-et-marne/serrurier-pamfou-77830/porte-blindee,2026-07-22
www.etienne-services.fr,,,https://www.etienne-services.fr/seine-et-marne/serrurier-paroy-77520/porte-blindee,2026-07-22
www.etienne-services.fr,,,https://www.etienne-services.fr/seine-et-marne/serrurier-passy-sur-seine-77480/porte-blindee,2026-07-22
www.etienne-services.fr,,,https://www.etienne-services.fr/seine-et-marne/serrurier-pecy-77970/porte-blindee,2026-07-22
www.etienne-services.fr,,,https://www.etienne-services.fr/seine-et-marne/serrurier-penchard-77124/porte-blindee,2026-07-22
www.etienne-services.fr,,,https://www.etienne-services.fr/seine-et-marne/serrurier-perthes-77930/porte-blindee,2026-07-22
www.etienne-services.fr,,,https://www.etienne-services.fr/seine-et-marne/serrurier-pezarches-77131/porte-blindee,2026-07-22
www.etienne-services.fr,,,https://www.etienne-services.fr/seine-et-marne/serrurier-pierre-levee-77580/porte-blindee,2026-07-22
www.etienne-services.fr,,,https://www.etienne-services.fr/seine-et-marne/serrurier-poigny-77160/porte-blindee,2026-07-22
www.etienne-services.fr,,,https://www.etienne-services.fr/seine-et-marne/serrurier-poincy-77470/porte-blindee,2026-07-22
www.etienne-services.fr,,,https://www.etienne-services.fr/seine-et-marne/serrurier-poligny-77167/porte-blindee,2026-07-22
www.etienne-services.fr,,,https://www.etienne-services.fr/seine-et-marne/serrurier-pommeuse-77515/porte-blindee,2026-07-22
www.etienne-services.fr,,,https://www.etienne-services.fr/seine-et-marne/serrurier-pomponne-77400/porte-blindee,2026-07-22
www.etienne-services.fr,,,https://www.etienne-services.fr/seine-et-marne/serrurier-pontcarre-77135/porte-blindee,2026-07-22
www.etienne-services.fr,,,https://www.etienne-services.fr/seine-et-marne/serrurier-precy-sur-marne-77410/porte-blindee,2026-07-22
www.etienne-services.fr,,,https://www.etienne-services.fr/seine-et-marne/serrurier-presles-en-brie-77220/porte-blindee,2026-07-22
www.etienne-services.fr,,,https://www.etienne-services.fr/seine-et-marne/serrurier-pringy-77310/porte-blindee,2026-07-22
www.etienne-services.fr,,,https://www.etienne-services.fr/seine-et-marne/serrurier-puisieux-77139/porte-blindee,2026-07-22
www.etienne-services.fr,,,https://www.etienne-services.fr/seine-et-marne/serrurier-quiers-77720/porte-blindee,2026-07-22
www.etienne-services.fr,,,https://www.etienne-services.fr/seine-et-marne/serrurier-quincy-voisins-77860/porte-blindee,2026-07-22
www.etienne-services.fr,,,https://www.etienne-services.fr/seine-et-marne/serrurier-rampillon-77370/porte-blindee,2026-07-22
www.etienne-services.fr,,,https://www.etienne-services.fr/seine-et-marne/serrurier-reau-77550/porte-blindee,2026-07-22
www.etienne-services.fr,,,https://www.etienne-services.fr/seine-et-marne/serrurier-rebais-77510/porte-blindee,2026-07-22
www.etienne-services.fr,,,https://www.etienne-services.fr/seine-et-marne/serrurier-recloses-77760/porte-blindee,2026-07-22
www.etienne-services.fr,,,https://www.etienne-services.fr/seine-et-marne/serrurier-remauville-77710/porte-blindee,2026-07-22
www.etienne-services.fr,,,https://www.etienne-services.fr/seine-et-marne/serrurier-reuil-en-brie-77260/porte-blindee,2026-07-22
www.etienne-services.fr,,,https://www.etienne-services.fr/seine-et-marne/serrurier-rouilly-77160/porte-blindee,2026-07-22
www.etienne-services.fr,,,https://www.etienne-services.fr/seine-et-marne/serrurier-rouvres-77230/porte-blindee,2026-07-22
www.etienne-services.fr,,,https://www.etienne-services.fr/seine-et-marne/serrurier-rozay-en-brie-77540/porte-blindee,2026-07-22
www.etienne-services.fr,,,https://www.etienne-services.fr/seine-et-marne/serrurier-rubelles-77950/porte-blindee,2026-07-22
www.etienne-services.fr,,,https://www.etienne-services.fr/seine-et-marne/serrurier-rumont-77760/porte-blindee,2026-07-22
www.etienne-services.fr,,,https://www.etienne-services.fr/seine-et-marne/serrurier-rupereux-77560/porte-blindee,2026-07-22
www.etienne-services.fr,,,https://www.etienne-services.fr/seine-et-marne/serrurier-saacy-sur-marne-77730/porte-blindee,2026-07-22
www.etienne-services.fr,,,https://www.etienne-services.fr/seine-et-marne/serrurier-sablonnieres-77510/porte-blindee,2026-07-22
www.etienne-services.fr,,,https://www.etienne-services.fr/seine-et-marne/serrurier-saint-ange-le-viel-77710/porte-blindee,2026-07-22
www.etienne-services.fr,,,https://www.etienne-services.fr/seine-et-marne/serrurier-saint-augustin-77515/porte-blindee,2026-07-22
www.etienne-services.fr,,,https://www.etienne-services.fr/seine-et-marne/serrurier-saint-barthelemy-77320/porte-blindee,2026-07-22
www.etienne-services.fr,,,https://www.etienne-services.fr/seine-et-marne/serrurier-saint-brice-77160/porte-blindee,2026-07-22
www.etienne-services.fr,,,https://www.etienne-services.fr/seine-et-marne/serrurier-saint-cyr-sur-morin-77750/porte-blindee,2026-07-22
www.etienne-services.fr,,,https://www.etienne-services.fr/seine-et-marne/serrurier-saint-denis-les-rebais-77510/porte-blindee,2026-07-22
www.etienne-services.fr,,,https://www.etienne-services.fr/seine-et-marne/serrurier-saint-fiacre-77470/porte-blindee,2026-07-22
www.etienne-services.fr,,,https://www.etienne-services.fr/seine-et-marne/serrurier-saint-germain-laval-77130/porte-blindee,2026-07-22
www.etienne-services.fr,,,https://www.etienne-services.fr/seine-et-marne/serrurier-saint-germain-laxis-77950/porte-blindee,2026-07-22
www.etienne-services.fr,,,https://www.etienne-services.fr/seine-et-marne/serrurier-saint-germain-sous-doue-77169/porte-blindee,2026-07-22
www.etienne-services.fr,,,https://www.etienne-services.fr/seine-et-marne/serrurier-saint-germain-sur-ecole-77930/porte-blindee,2026-07-22
www.etienne-services.fr,,,https://www.etienne-services.fr/seine-et-marne/serrurier-saint-germain-sur-morin-77860/porte-blindee,2026-07-22
www.etienne-services.fr,,,https://www.etienne-services.fr/seine-et-marne/serrurier-saint-hilliers-77160/porte-blindee,2026-07-22
www.etienne-services.fr,,,https://www.etienne-services.fr/seine-et-marne/serrurier-saint-jean-les-deux-jumeaux-77660/porte-blindee,2026-07-22
www.etienne-services.fr,,,https://www.etienne-services.fr/seine-et-marne/serrurier-saint-just-en-brie-77370/porte-blindee,2026-07-22
www.etienne-services.fr,,,https://www.etienne-services.fr/seine-et-marne/serrurier-saint-leger-77510/porte-blindee,2026-07-22
www.etienne-services.fr,,,https://www.etienne-services.fr/seine-et-marne/serrurier-saint-loup-de-naud-77650/porte-blindee,2026-07-22
www.etienne-services.fr,,,https://www.etienne-services.fr/seine-et-marne/serrurier-saint-mammes-77670/porte-blindee,2026-07-22
www.etienne-services.fr,,,https://www.etienne-services.fr/seine-et-marne/serrurier-saint-mard-77230/porte-blindee,2026-07-22
www.etienne-services.fr,,,https://www.etienne-services.fr/seine-et-marne/serrurier-saint-mars-vieux-maisons-77320/porte-blindee,2026-07-22
www.etienne-services.fr,,,https://www.etienne-services.fr/seine-et-marne/serrurier-saint-martin-des-champs-77320/porte-blindee,2026-07-22
www.etienne-services.fr,,,https://www.etienne-services.fr/seine-et-marne/serrurier-saint-martin-du-boschet-77320/porte-blindee,2026-07-22
www.etienne-services.fr,,,https://www.etienne-services.fr/seine-et-marne/serrurier-saint-martin-en-biere-77630/porte-blindee,2026-07-22
www.etienne-services.fr,,,https://www.etienne-services.fr/seine-et-marne/serrurier-saint-mery-77720/porte-blindee,2026-07-22
www.etienne-services.fr,,,https://www.etienne-services.fr/seine-et-marne/serrurier-saint-mesmes-77410/porte-blindee,2026-07-22
www.etienne-services.fr,,,https://www.etienne-services.fr/seine-et-marne/serrurier-saint-ouen-en-brie-77720/porte-blindee,2026-07-22
www.etienne-services.fr,,,https://www.etienne-services.fr/seine-et-marne/serrurier-saint-ouen-sur-morin-77750/porte-blindee,2026-07-22
www.etienne-services.fr,,,https://www.etienne-services.fr/seine-et-marne/serrurier-saint-remy-la-vanne-77320/porte-blindee,2026-07-22
www.etienne-services.fr,,,https://www.etienne-services.fr/seine-et-marne/serrurier-saint-sauveur-les-bray-77480/porte-blindee,2026-07-22
www.etienne-services.fr,,,https://www.etienne-services.fr/seine-et-marne/serrurier-saint-sauveur-sur-ecole-77930/porte-blindee,2026-07-22
www.etienne-services.fr,,,https://www.etienne-services.fr/seine-et-marne/serrurier-saint-simeon-77169/porte-blindee,2026-07-22
www.etienne-services.fr,,,https://www.etienne-services.fr/seine-et-marne/serrurier-saint-soupplets-77165/porte-blindee,2026-07-22
www.etienne-services.fr,,,https://www.etienne-services.fr/seine-et-marne/serrurier-sainte-aulde-77260/porte-blindee,2026-07-22
www.etienne-services.fr,,,https://www.etienne-services.fr/seine-et-marne/serrurier-sainte-colombe-77650/porte-blindee,2026-07-22
www.etienne-services.fr,,,https://www.etienne-services.fr/seine-et-marne/serrurier-saints-77120/porte-blindee,2026-07-22
www.etienne-services.fr,,,https://www.etienne-services.fr/seine-et-marne/serrurier-salins-77148/porte-blindee,2026-07-22
www.etienne-services.fr,,,https://www.etienne-services.fr/seine-et-marne/serrurier-sammeron-77260/porte-blindee,2026-07-22
www.etienne-services.fr,,,https://www.etienne-services.fr/seine-et-marne/serrurier-samois-sur-seine-77920/porte-blindee,2026-07-22
www.etienne-services.fr,,,https://www.etienne-services.fr/seine-et-marne/serrurier-samoreau-77210/porte-blindee,2026-07-22
www.etienne-services.fr,,,https://www.etienne-services.fr/seine-et-marne/serrurier-sancy-77580/porte-blindee,2026-07-22
www.etienne-services.fr,,,https://www.etienne-services.fr/seine-et-marne/serrurier-sancy-les-provins-77320/porte-blindee,2026-07-22
www.etienne-services.fr,,,https://www.etienne-services.fr/seine-et-marne/serrurier-savins-77650/porte-blindee,2026-07-22
www.etienne-services.fr,,,https://www.etienne-services.fr/seine-et-marne/serrurier-seine-port-77240/porte-blindee,2026-07-22
www.etienne-services.fr,,,https://www.etienne-services.fr/seine-et-marne/serrurier-sept-sorts-77260/porte-blindee,2026-07-22
www.etienne-services.fr,,,https://www.etienne-services.fr/seine-et-marne/serrurier-servon-77170/porte-blindee,2026-07-22
www.etienne-services.fr,,,https://www.etienne-services.fr/seine-et-marne/serrurier-signy-signets-77640/porte-blindee,2026-07-22
www.etienne-services.fr,,,https://www.etienne-services.fr/seine-et-marne/serrurier-sigy-77520/porte-blindee,2026-07-22
www.etienne-services.fr,,,https://www.etienne-services.fr/seine-et-marne/serrurier-sivry-courtry-77115/porte-blindee,2026-07-22
www.etienne-services.fr,,,https://www.etienne-services.fr/seine-et-marne/serrurier-sognolles-en-montois-77520/porte-blindee,2026-07-22
www.etienne-services.fr,,,https://www.etienne-services.fr/seine-et-marne/serrurier-soignolles-en-brie-77111/porte-blindee,2026-07-22
www.etienne-services.fr,,,https://www.etienne-services.fr/seine-et-marne/serrurier-soisy-bouy-77650/porte-blindee,2026-07-22
www.etienne-services.fr,,,https://www.etienne-services.fr/seine-et-marne/serrurier-solers-77111/porte-blindee,2026-07-22
www.etienne-services.fr,,,https://www.etienne-services.fr/seine-et-marne/serrurier-sourdun-77171/porte-blindee,2026-07-22
www.etienne-services.fr,,,https://www.etienne-services.fr/seine-et-marne/serrurier-tancrou-77440/porte-blindee,2026-07-22
www.etienne-services.fr,,,https://www.etienne-services.fr/seine-et-marne/serrurier-thenisy-77520/porte-blindee,2026-07-22
www.etienne-services.fr,,,https://www.etienne-services.fr/seine-et-marne/serrurier-thieux-77230/porte-blindee,2026-07-22
www.etienne-services.fr,,,https://www.etienne-services.fr/seine-et-marne/serrurier-thomery-77810/porte-blindee,2026-07-22
www.etienne-services.fr,,,https://www.etienne-services.fr/seine-et-marne/serrurier-thoury-ferottes-77156/porte-blindee,2026-07-22
www.etienne-services.fr,,,https://www.etienne-services.fr/seine-et-marne/serrurier-tigeaux-77163/porte-blindee,2026-07-22
www.etienne-services.fr,,,https://www.etienne-services.fr/seine-et-marne/serrurier-touquin-77131/porte-blindee,2026-07-22
www.etienne-services.fr,,,https://www.etienne-services.fr/seine-et-marne/serrurier-tousson-77123/porte-blindee,2026-07-22
www.etienne-services.fr,,,https://www.etienne-services.fr/seine-et-marne/serrurier-treuzy-levelay-77710/porte-blindee,2026-07-22
www.etienne-services.fr,,,https://www.etienne-services.fr/seine-et-marne/serrurier-trilbardou-77450/porte-blindee,2026-07-22
www.etienne-services.fr,,,https://www.etienne-services.fr/seine-et-marne/serrurier-trilport-77470/porte-blindee,2026-07-22
www.etienne-services.fr,,,https://www.etienne-services.fr/seine-et-marne/serrurier-trocy-en-multien-77440/porte-blindee,2026-07-22
www.etienne-services.fr,,,https://www.etienne-services.fr/seine-et-marne/serrurier-ury-77760/porte-blindee,2026-07-22
www.etienne-services.fr,,,https://www.etienne-services.fr/seine-et-marne/serrurier-ussy-sur-marne-77260/porte-blindee,2026-07-22
www.etienne-services.fr,,,https://www.etienne-services.fr/seine-et-marne/serrurier-valence-en-brie-77830/porte-blindee,2026-07-22
www.etienne-services.fr,,,https://www.etienne-services.fr/seine-et-marne/serrurier-vanville-77370/porte-blindee,2026-07-22
www.etienne-services.fr,,,https://www.etienne-services.fr/seine-et-marne/serrurier-varennes-sur-seine-77130/porte-blindee,2026-07-22
www.etienne-services.fr,,,https://www.etienne-services.fr/seine-et-marne/serrurier-varreddes-77910/porte-blindee,2026-07-22
www.etienne-services.fr,,,https://www.etienne-services.fr/seine-et-marne/serrurier-vaucourtois-77580/porte-blindee,2026-07-22
www.etienne-services.fr,,,https://www.etienne-services.fr/seine-et-marne/serrurier-vaudoy-en-brie-77141/porte-blindee,2026-07-22
www.etienne-services.fr,,,https://www.etienne-services.fr/seine-et-marne/serrurier-vaux-sur-lunain-77710/porte-blindee,2026-07-22
www.etienne-services.fr,,,https://www.etienne-services.fr/seine-et-marne/serrurier-vendrest-77440/porte-blindee,2026-07-22
www.etienne-services.fr,,,https://www.etienne-services.fr/seine-et-marne/serrurier-veneux-les-sablons-77250/porte-blindee,2026-07-22
www.etienne-services.fr,,,https://www.etienne-services.fr/seine-et-marne/serrurier-verdelot-77510/porte-blindee,2026-07-22
www.etienne-services.fr,,,https://www.etienne-services.fr/seine-et-marne/serrurier-verneuil-l-etang-77390/porte-blindee,2026-07-22
www.etienne-services.fr,,,https://www.etienne-services.fr/seine-et-marne/serrurier-vernou-la-celle-sur-seine-77670/porte-blindee,2026-07-22
www.etienne-services.fr,,,https://www.etienne-services.fr/seine-et-marne/serrurier-vieux-champagne-77370/porte-blindee,2026-07-22
www.etienne-services.fr,,,https://www.etienne-services.fr/seine-et-marne/serrurier-vignely-77450/porte-blindee,2026-07-22
www.etienne-services.fr,,,https://www.etienne-services.fr/seine-et-marne/serrurier-ville-saint-jacques-77130/porte-blindee,2026-07-22
www.etienne-services.fr,,,https://www.etienne-services.fr/seine-et-marne/serrurier-villebeon-77710/porte-blindee,2026-07-22
www.etienne-services.fr,,,https://www.etienne-services.fr/seine-et-marne/serrurier-villecerf-77250/porte-blindee,2026-07-22
www.etienne-services.fr,,,https://www.etienne-services.fr/seine-et-marne/serrurier-villemarechal-77710/porte-blindee,2026-07-22
www.etienne-services.fr,,,https://www.etienne-services.fr/seine-et-marne/serrurier-villemareuil-77470/porte-blindee,2026-07-22
www.etienne-services.fr,,,https://www.etienne-services.fr/seine-et-marne/serrurier-villemer-77250/porte-blindee,2026-07-22
www.etienne-services.fr,,,https://www.etienne-services.fr/seine-et-marne/serrurier-villenauxe-la-petite-77480/porte-blindee,2026-07-22
www.etienne-services.fr,,,https://www.etienne-services.fr/seine-et-marne/serrurier-villeneuve-le-comte-77174/porte-blindee,2026-07-22
www.etienne-services.fr,,,https://www.etienne-services.fr/seine-et-marne/serrurier-villeneuve-les-bordes-77154/porte-blindee,2026-07-22
www.etienne-services.fr,,,https://www.etienne-services.fr/seine-et-marne/serrurier-villeneuve-saint-denis-77174/porte-blindee,2026-07-22
www.etienne-services.fr,,,https://www.etienne-services.fr/seine-et-marne/serrurier-villeneuve-sous-dammartin-77230/porte-blindee,2026-07-22
www.etienne-services.fr,,,https://www.etienne-services.fr/seine-et-marne/serrurier-villeneuve-sur-bellot-77510/porte-blindee,2026-07-22
www.etienne-services.fr,,,https://www.etienne-services.fr/seine-et-marne/serrurier-villenoy-77124/porte-blindee,2026-07-22
www.etienne-services.fr,,,https://www.etienne-services.fr/seine-et-marne/serrurier-villeroy-77410/porte-blindee,2026-07-22
www.etienne-services.fr,,,https://www.etienne-services.fr/seine-et-marne/serrurier-villevaude-77410/porte-blindee,2026-07-22
www.etienne-services.fr,,,https://www.etienne-services.fr/seine-et-marne/serrurier-villiers-en-biere-77190/porte-blindee,2026-07-22
www.etienne-services.fr,,,https://www.etienne-services.fr/seine-et-marne/serrurier-villiers-saint-georges-77560/porte-blindee,2026-07-22
www.etienne-services.fr,,,https://www.etienne-services.fr/seine-et-marne/serrurier-villiers-sous-grez-77760/porte-blindee,2026-07-22
www.etienne-services.fr,,,https://www.etienne-services.fr/seine-et-marne/serrurier-villiers-sur-morin-77580/porte-blindee,2026-07-22
www.etienne-services.fr,,,https://www.etienne-services.fr/seine-et-marne/serrurier-villiers-sur-seine-77114/porte-blindee,2026-07-22
www.etienne-services.fr,,,https://www.etienne-services.fr/seine-et-marne/serrurier-villuis-77480/porte-blindee,2026-07-22
www.etienne-services.fr,,,https://www.etienne-services.fr/seine-et-marne/serrurier-vimpelles-77520/porte-blindee,2026-07-22
www.etienne-services.fr,,,https://www.etienne-services.fr/seine-et-marne/serrurier-vinantes-77230/porte-blindee,2026-07-22
www.etienne-services.fr,,,https://www.etienne-services.fr/seine-et-marne/serrurier-vincy-manoeuvre-77139/porte-blindee,2026-07-22
www.etienne-services.fr,,,https://www.etienne-services.fr/seine-et-marne/serrurier-voinsles-77540/porte-blindee,2026-07-22
www.etienne-services.fr,,,https://www.etienne-services.fr/seine-et-marne/serrurier-voisenon-77950/porte-blindee,2026-07-22
www.etienne-services.fr,,,https://www.etienne-services.fr/seine-et-marne/serrurier-voulangis-77580/porte-blindee,2026-07-22
www.etienne-services.fr,,,https://www.etienne-services.fr/seine-et-marne/serrurier-voulton-77560/porte-blindee,2026-07-22
www.etienne-services.fr,,,https://www.etienne-services.fr/seine-et-marne/serrurier-voulx-77940/porte-blindee,2026-07-22
www.etienne-services.fr,,,https://www.etienne-services.fr/seine-et-marne/serrurier-vulaines-les-provins-77160/porte-blindee,2026-07-22
www.etienne-services.fr,,,https://www.etienne-services.fr/seine-et-marne/serrurier-vulaines-sur-seine-77870/porte-blindee,2026-07-22
www.etienne-services.fr,,,https://www.etienne-services.fr/seine-et-marne/serrurier-yebles-77390/porte-blindee,2026-07-22
www.etienne-services.fr,,,https://www.etienne-services.fr/seine-saint-denis/plombier-coubron-93470/debouchage-canalisation,2026-07-22
www.etienne-services.fr,,,https://www.etienne-services.fr/seine-saint-denis/plombier-coubron-93470/recherche-de-fuites,2026-07-22
www.etienne-services.fr,,,https://www.etienne-services.fr/seine-saint-denis/serrurier-coubron-93470/porte-blindee,2026-07-22
www.etienne-services.fr,,,https://www.etienne-services.fr/somme/plombier-thievres-62760/debouchage-canalisation,2026-07-22
www.etienne-services.fr,,,https://www.etienne-services.fr/val-d-oise/plombier-ableiges-95450/debouchage-canalisation,2026-07-22
www.etienne-services.fr,,,https://www.etienne-services.fr/val-d-oise/plombier-ableiges-95450/recherche-de-fuites,2026-07-22
www.etienne-services.fr,,,https://www.etienne-services.fr/val-d-oise/plombier-aincourt-95510/debouchage-canalisation,2026-07-22
www.etienne-services.fr,,,https://www.etienne-services.fr/val-d-oise/plombier-aincourt-95510/recherche-de-fuites,2026-07-22
www.etienne-services.fr,,,https://www.etienne-services.fr/val-d-oise/plombier-ambleville-95710/debouchage-canalisation,2026-07-22
www.etienne-services.fr,,,https://www.etienne-services.fr/val-d-oise/plombier-ambleville-95710/recherche-de-fuites,2026-07-22
www.etienne-services.fr,,,https://www.etienne-services.fr/val-d-oise/plombier-amenucourt-95510/debouchage-canalisation,2026-07-22
www.etienne-services.fr,,,https://www.etienne-services.fr/val-d-oise/plombier-amenucourt-95510/recherche-de-fuites,2026-07-22
www.etienne-services.fr,,,https://www.etienne-services.fr/val-d-oise/plombier-andilly-95580/debouchage-canalisation,2026-07-22
www.etienne-services.fr,,,https://www.etienne-services.fr/val-d-oise/plombier-andilly-95580/recherche-de-fuites,2026-07-22
www.etienne-services.fr,,,https://www.etienne-services.fr/val-d-oise/plombier-arronville-95810/debouchage-canalisation,2026-07-22
www.etienne-services.fr,,,https://www.etienne-services.fr/val-d-oise/plombier-arronville-95810/recherche-de-fuites,2026-07-22
www.etienne-services.fr,,,https://www.etienne-services.fr/val-d-oise/plombier-arthies-95420/debouchage-canalisation,2026-07-22
www.etienne-services.fr,,,https://www.etienne-services.fr/val-d-oise/plombier-arthies-95420/recherche-de-fuites,2026-07-22
www.etienne-services.fr,,,https://www.etienne-services.fr/val-d-oise/plombier-asnieres-sur-oise-95270/debouchage-canalisation,2026-07-22
www.etienne-services.fr,,,https://www.etienne-services.fr/val-d-oise/plombier-asnieres-sur-oise-95270/recherche-de-fuites,2026-07-22
www.etienne-services.fr,,,https://www.etienne-services.fr/val-d-oise/plombier-attainville-95570/debouchage-canalisation,2026-07-22
www.etienne-services.fr,,,https://www.etienne-services.fr/val-d-oise/plombier-attainville-95570/recherche-de-fuites,2026-07-22
www.etienne-services.fr,,,https://www.etienne-services.fr/val-d-oise/plombier-avernes-95450/debouchage-canalisation,2026-07-22
www.etienne-services.fr,,,https://www.etienne-services.fr/val-d-oise/plombier-avernes-95450/recherche-de-fuites,2026-07-22
www.etienne-services.fr,,,https://www.etienne-services.fr/val-d-oise/plombier-baillet-en-france-95560/debouchage-canalisation,2026-07-22
www.etienne-services.fr,,,https://www.etienne-services.fr/val-d-oise/plombier-baillet-en-france-95560/recherche-de-fuites,2026-07-22
www.etienne-services.fr,,,https://www.etienne-services.fr/val-d-oise/plombier-banthelu-95420/debouchage-canalisation,2026-07-22
www.etienne-services.fr,,,https://www.etienne-services.fr/val-d-oise/plombier-banthelu-95420/recherche-de-fuites,2026-07-22
www.etienne-services.fr,,,https://www.etienne-services.fr/val-d-oise/plombier-bellefontaine-95270/debouchage-canalisation,2026-07-22
www.etienne-services.fr,,,https://www.etienne-services.fr/val-d-oise/plombier-bellefontaine-95270/recherche-de-fuites,2026-07-22
www.etienne-services.fr,,,https://www.etienne-services.fr/val-d-oise/plombier-belloy-en-france-95270/debouchage-canalisation,2026-07-22
www.etienne-services.fr,,,https://www.etienne-services.fr/val-d-oise/plombier-belloy-en-france-95270/recherche-de-fuites,2026-07-22
www.etienne-services.fr,,,https://www.etienne-services.fr/val-d-oise/plombier-bernes-sur-oise-95340/debouchage-canalisation,2026-07-22
www.etienne-services.fr,,,https://www.etienne-services.fr/val-d-oise/plombier-bernes-sur-oise-95340/recherche-de-fuites,2026-07-22
www.etienne-services.fr,,,https://www.etienne-services.fr/val-d-oise/plombier-berville-95810/debouchage-canalisation,2026-07-22
www.etienne-services.fr,,,https://www.etienne-services.fr/val-d-oise/plombier-berville-95810/recherche-de-fuites,2026-07-22
www.etienne-services.fr,,,https://www.etienne-services.fr/val-d-oise/plombier-bethemont-la-foret-95840/debouchage-canalisation,2026-07-22
www.etienne-services.fr,,,https://www.etienne-services.fr/val-d-oise/plombier-bethemont-la-foret-95840/recherche-de-fuites,2026-07-22
www.etienne-services.fr,,,https://www.etienne-services.fr/val-d-oise/plombier-boisemont-95000/debouchage-canalisation,2026-07-22
www.etienne-services.fr,,,https://www.etienne-services.fr/val-d-oise/plombier-boisemont-95000/recherche-de-fuites,2026-07-22
www.etienne-services.fr,,,https://www.etienne-services.fr/val-d-oise/plombier-boissy-l-aillerie-95650/debouchage-canalisation,2026-07-22
www.etienne-services.fr,,,https://www.etienne-services.fr/val-d-oise/plombier-boissy-l-aillerie-95650/recherche-de-fuites,2026-07-22
www.etienne-services.fr,,,https://www.etienne-services.fr/val-d-oise/plombier-bonneuil-en-france-95500/debouchage-canalisation,2026-07-22
www.etienne-services.fr,,,https://www.etienne-services.fr/val-d-oise/plombier-bonneuil-en-france-95500/recherche-de-fuites,2026-07-22
www.etienne-services.fr,,,https://www.etienne-services.fr/val-d-oise/plombier-bouqueval-95720/debouchage-canalisation,2026-07-22
www.etienne-services.fr,,,https://www.etienne-services.fr/val-d-oise/plombier-bouqueval-95720/recherche-de-fuites,2026-07-22
www.etienne-services.fr,,,https://www.etienne-services.fr/val-d-oise/plombier-bray-et-lu-95710/debouchage-canalisation,2026-07-22
www.etienne-services.fr,,,https://www.etienne-services.fr/val-d-oise/plombier-bray-et-lu-95710/recherche-de-fuites,2026-07-22
www.etienne-services.fr,,,https://www.etienne-services.fr/val-d-oise/plombier-breancon-95640/debouchage-canalisation,2026-07-22
www.etienne-services.fr,,,https://www.etienne-services.fr/val-d-oise/plombier-breancon-95640/recherche-de-fuites,2026-07-22
www.etienne-services.fr,,,https://www.etienne-services.fr/val-d-oise/plombier-brignancourt-95640/debouchage-canalisation,2026-07-22
www.etienne-services.fr,,,https://www.etienne-services.fr/val-d-oise/plombier-brignancourt-95640/recherche-de-fuites,2026-07-22
www.etienne-services.fr,,,https://www.etienne-services.fr/val-d-oise/plombier-bruyeres-sur-oise-95820/debouchage-canalisation,2026-07-22
www.etienne-services.fr,,,https://www.etienne-services.fr/val-d-oise/plombier-bruyeres-sur-oise-95820/recherche-de-fuites,2026-07-22
www.etienne-services.fr,,,https://www.etienne-services.fr/val-d-oise/plombier-buhy-95770/debouchage-canalisation,2026-07-22
www.etienne-services.fr,,,https://www.etienne-services.fr/val-d-oise/plombier-buhy-95770/recherche-de-fuites,2026-07-22
www.etienne-services.fr,,,https://www.etienne-services.fr/val-d-oise/plombier-butry-sur-oise-95430/debouchage-canalisation,2026-07-22
www.etienne-services.fr,,,https://www.etienne-services.fr/val-d-oise/plombier-butry-sur-oise-95430/recherche-de-fuites,2026-07-22
www.etienne-services.fr,,,https://www.etienne-services.fr/val-d-oise/plombier-champagne-sur-oise-95660/debouchage-canalisation,2026-07-22
www.etienne-services.fr,,,https://www.etienne-services.fr/val-d-oise/plombier-champagne-sur-oise-95660/recherche-de-fuites,2026-07-22
www.etienne-services.fr,,,https://www.etienne-services.fr/val-d-oise/plombier-charmont-95420/debouchage-canalisation,2026-07-22
www.etienne-services.fr,,,https://www.etienne-services.fr/val-d-oise/plombier-charmont-95420/recherche-de-fuites,2026-07-22
www.etienne-services.fr,,,https://www.etienne-services.fr/val-d-oise/plombier-chars-95750/debouchage-canalisation,2026-07-22
www.etienne-services.fr,,,https://www.etienne-services.fr/val-d-oise/plombier-chars-95750/recherche-de-fuites,2026-07-22
www.etienne-services.fr,,,https://www.etienne-services.fr/val-d-oise/plombier-chatenay-en-france-95190/debouchage-canalisation,2026-07-22
www.etienne-services.fr,,,https://www.etienne-services.fr/val-d-oise/plombier-chatenay-en-france-95190/recherche-de-fuites,2026-07-22
www.etienne-services.fr,,,https://www.etienne-services.fr/val-d-oise/plombier-chaumontel-95270/debouchage-canalisation,2026-07-22
www.etienne-services.fr,,,https://www.etienne-services.fr/val-d-oise/plombier-chaumontel-95270/recherche-de-fuites,2026-07-22
www.etienne-services.fr,,,https://www.etienne-services.fr/val-d-oise/plombier-chaussy-95710/debouchage-canalisation,2026-07-22
www.etienne-services.fr,,,https://www.etienne-services.fr/val-d-oise/plombier-chaussy-95710/recherche-de-fuites,2026-07-22
www.etienne-services.fr,,,https://www.etienne-services.fr/val-d-oise/plombier-chauvry-95560/debouchage-canalisation,2026-07-22
www.etienne-services.fr,,,https://www.etienne-services.fr/val-d-oise/plombier-chauvry-95560/recherche-de-fuites,2026-07-22
www.etienne-services.fr,,,https://www.etienne-services.fr/val-d-oise/plombier-chennevieres-les-louvres-95380/debouchage-canalisation,2026-07-22
www.etienne-services.fr,,,https://www.etienne-services.fr/val-d-oise/plombier-chennevieres-les-louvres-95380/recherche-de-fuites,2026-07-22
www.etienne-services.fr,,,https://www.etienne-services.fr/val-d-oise/plombier-cherence-95510/debouchage-canalisation,2026-07-22
www.etienne-services.fr,,,https://www.etienne-services.fr/val-d-oise/plombier-cherence-95510/recherche-de-fuites,2026-07-22
www.etienne-services.fr,,,https://www.etienne-services.fr/val-d-oise/plombier-clery-en-vexin-95420/debouchage-canalisation,2026-07-22
www.etienne-services.fr,,,https://www.etienne-services.fr/val-d-oise/plombier-clery-en-vexin-95420/recherche-de-fuites,2026-07-22
www.etienne-services.fr,,,https://www.etienne-services.fr/val-d-oise/plombier-commeny-95450/debouchage-canalisation,2026-07-22
www.etienne-services.fr,,,https://www.etienne-services.fr/val-d-oise/plombier-commeny-95450/recherche-de-fuites,2026-07-22
www.etienne-services.fr,,,https://www.etienne-services.fr/val-d-oise/plombier-condecourt-95450/debouchage-canalisation,2026-07-22
www.etienne-services.fr,,,https://www.etienne-services.fr/val-d-oise/plombier-condecourt-95450/recherche-de-fuites,2026-07-22
www.etienne-services.fr,,,https://www.etienne-services.fr/val-d-oise/plombier-cormeilles-en-vexin-95830/debouchage-canalisation,2026-07-22
www.etienne-services.fr,,,https://www.etienne-services.fr/val-d-oise/plombier-cormeilles-en-vexin-95830/recherche-de-fuites,2026-07-22
www.etienne-services.fr,,,https://www.etienne-services.fr/val-d-oise/plombier-courcelles-sur-viosne-95650/debouchage-canalisation,2026-07-22
www.etienne-services.fr,,,https://www.etienne-services.fr/val-d-oise/plombier-courcelles-sur-viosne-95650/recherche-de-fuites,2026-07-22
www.etienne-services.fr,,,https://www.etienne-services.fr/val-d-oise/plombier-ennery-95300/debouchage-canalisation,2026-07-22
www.etienne-services.fr,,,https://www.etienne-services.fr/val-d-oise/plombier-ennery-95300/recherche-de-fuites,2026-07-22
www.etienne-services.fr,,,https://www.etienne-services.fr/val-d-oise/plombier-epiais-les-louvres-95380/debouchage-canalisation,2026-07-22
www.etienne-services.fr,,,https://www.etienne-services.fr/val-d-oise/plombier-epiais-les-louvres-95380/recherche-de-fuites,2026-07-22
www.etienne-services.fr,,,https://www.etienne-services.fr/val-d-oise/plombier-epiais-rhus-95810/debouchage-canalisation,2026-07-22
www.etienne-services.fr,,,https://www.etienne-services.fr/val-d-oise/plombier-epiais-rhus-95810/recherche-de-fuites,2026-07-22
www.etienne-services.fr,,,https://www.etienne-services.fr/val-d-oise/plombier-epinay-champlatreux-95270/debouchage-canalisation,2026-07-22
www.etienne-services.fr,,,https://www.etienne-services.fr/val-d-oise/plombier-epinay-champlatreux-95270/recherche-de-fuites,2026-07-22
www.etienne-services.fr,,,https://www.etienne-services.fr/val-d-oise/plombier-fontenay-en-parisis-95190/debouchage-canalisation,2026-07-22
www.etienne-services.fr,,,https://www.etienne-services.fr/val-d-oise/plombier-fontenay-en-parisis-95190/recherche-de-fuites,2026-07-22
www.etienne-services.fr,,,https://www.etienne-services.fr/val-d-oise/plombier-fremainville-95450/debouchage-canalisation,2026-07-22
www.etienne-services.fr,,,https://www.etienne-services.fr/val-d-oise/plombier-fremainville-95450/recherche-de-fuites,2026-07-22
www.etienne-services.fr,,,https://www.etienne-services.fr/val-d-oise/plombier-fremecourt-95830/debouchage-canalisation,2026-07-22
www.etienne-services.fr,,,https://www.etienne-services.fr/val-d-oise/plombier-fremecourt-95830/recherche-de-fuites,2026-07-22
www.etienne-services.fr,,,https://www.etienne-services.fr/val-d-oise/plombier-frepillon-95740/debouchage-canalisation,2026-07-22
www.etienne-services.fr,,,https://www.etienne-services.fr/val-d-oise/plombier-frepillon-95740/recherche-de-fuites,2026-07-22
www.etienne-services.fr,,,https://www.etienne-services.fr/val-d-oise/plombier-frouville-95690/debouchage-canalisation,2026-07-22
www.etienne-services.fr,,,https://www.etienne-services.fr/val-d-oise/plombier-frouville-95690/recherche-de-fuites,2026-07-22
www.etienne-services.fr,,,https://www.etienne-services.fr/val-d-oise/plombier-gadancourt-95450/debouchage-canalisation,2026-07-22
www.etienne-services.fr,,,https://www.etienne-services.fr/val-d-oise/plombier-gadancourt-95450/recherche-de-fuites,2026-07-22
www.etienne-services.fr,,,https://www.etienne-services.fr/val-d-oise/plombier-genainville-95420/debouchage-canalisation,2026-07-22
www.etienne-services.fr,,,https://www.etienne-services.fr/val-d-oise/plombier-genainville-95420/recherche-de-fuites,2026-07-22
www.etienne-services.fr,,,https://www.etienne-services.fr/val-d-oise/plombier-genicourt-95650/debouchage-canalisation,2026-07-22
www.etienne-services.fr,,,https://www.etienne-services.fr/val-d-oise/plombier-genicourt-95650/recherche-de-fuites,2026-07-22
www.etienne-services.fr,,,https://www.etienne-services.fr/val-d-oise/plombier-gouzangrez-95450/debouchage-canalisation,2026-07-22
www.etienne-services.fr,,,https://www.etienne-services.fr/val-d-oise/plombier-gouzangrez-95450/recherche-de-fuites,2026-07-22
www.etienne-services.fr,,,https://www.etienne-services.fr/val-d-oise/plombier-grisy-les-platres-95810/debouchage-canalisation,2026-07-22
www.etienne-services.fr,,,https://www.etienne-services.fr/val-d-oise/plombier-grisy-les-platres-95810/recherche-de-fuites,2026-07-22
www.etienne-services.fr,,,https://www.etienne-services.fr/val-d-oise/plombier-guiry-en-vexin-95450/debouchage-canalisation,2026-07-22
www.etienne-services.fr,,,https://www.etienne-services.fr/val-d-oise/plombier-guiry-en-vexin-95450/recherche-de-fuites,2026-07-22
www.etienne-services.fr,,,https://www.etienne-services.fr/val-d-oise/plombier-haravilliers-95640/debouchage-canalisation,2026-07-22
www.etienne-services.fr,,,https://www.etienne-services.fr/val-d-oise/plombier-haravilliers-95640/recherche-de-fuites,2026-07-22
www.etienne-services.fr,,,https://www.etienne-services.fr/val-d-oise/plombier-haute-isle-95780/debouchage-canalisation,2026-07-22
www.etienne-services.fr,,,https://www.etienne-services.fr/val-d-oise/plombier-haute-isle-95780/recherche-de-fuites,2026-07-22
www.etienne-services.fr,,,https://www.etienne-services.fr/val-d-oise/plombier-hedouville-95690/debouchage-canalisation,2026-07-22
www.etienne-services.fr,,,https://www.etienne-services.fr/val-d-oise/plombier-hedouville-95690/recherche-de-fuites,2026-07-22
www.etienne-services.fr,,,https://www.etienne-services.fr/val-d-oise/plombier-herouville-95300/debouchage-canalisation,2026-07-22
www.etienne-services.fr,,,https://www.etienne-services.fr/val-d-oise/plombier-herouville-95300/recherche-de-fuites,2026-07-22
www.etienne-services.fr,,,https://www.etienne-services.fr/val-d-oise/plombier-hodent-95420/debouchage-canalisation,2026-07-22
www.etienne-services.fr,,,https://www.etienne-services.fr/val-d-oise/plombier-hodent-95420/recherche-de-fuites,2026-07-22
www.etienne-services.fr,,,https://www.etienne-services.fr/val-d-oise/plombier-jagny-sous-bois-95850/debouchage-canalisation,2026-07-22
www.etienne-services.fr,,,https://www.etienne-services.fr/val-d-oise/plombier-jagny-sous-bois-95850/recherche-de-fuites,2026-07-22
www.etienne-services.fr,,,https://www.etienne-services.fr/val-d-oise/plombier-la-chapelle-en-vexin-95420/debouchage-canalisation,2026-07-22
www.etienne-services.fr,,,https://www.etienne-services.fr/val-d-oise/plombier-la-chapelle-en-vexin-95420/recherche-de-fuites,2026-07-22
www.etienne-services.fr,,,https://www.etienne-services.fr/val-d-oise/plombier-la-frette-sur-seine-95530/debouchage-canalisation,2026-07-22
www.etienne-services.fr,,,https://www.etienne-services.fr/val-d-oise/plombier-la-frette-sur-seine-95530/recherche-de-fuites,2026-07-22
www.etienne-services.fr,,,https://www.etienne-services.fr/val-d-oise/plombier-la-roche-guyon-95780/debouchage-canalisation,2026-07-22
www.etienne-services.fr,,,https://www.etienne-services.fr/val-d-oise/plombier-la-roche-guyon-95780/recherche-de-fuites,2026-07-22
www.etienne-services.fr,,,https://www.etienne-services.fr/val-d-oise/plombier-labbeville-95690/debouchage-canalisation,2026-07-22
www.etienne-services.fr,,,https://www.etienne-services.fr/val-d-oise/plombier-labbeville-95690/recherche-de-fuites,2026-07-22
www.etienne-services.fr,,,https://www.etienne-services.fr/val-d-oise/plombier-lassy-95270/debouchage-canalisation,2026-07-22
www.etienne-services.fr,,,https://www.etienne-services.fr/val-d-oise/plombier-lassy-95270/recherche-de-fuites,2026-07-22
www.etienne-services.fr,,,https://www.etienne-services.fr/val-d-oise/plombier-le-bellay-en-vexin-95750/debouchage-canalisation,2026-07-22
www.etienne-services.fr,,,https://www.etienne-services.fr/val-d-oise/plombier-le-bellay-en-vexin-95750/recherche-de-fuites,2026-07-22
www.etienne-services.fr,,,https://www.etienne-services.fr/val-d-oise/plombier-le-heaulme-95640/debouchage-canalisation,2026-07-22
www.etienne-services.fr,,,https://www.etienne-services.fr/val-d-oise/plombier-le-heaulme-95640/recherche-de-fuites,2026-07-22
www.etienne-services.fr,,,https://www.etienne-services.fr/val-d-oise/plombier-le-mesnil-aubry-95720/debouchage-canalisation,2026-07-22
www.etienne-services.fr,,,https://www.etienne-services.fr/val-d-oise/plombier-le-mesnil-aubry-95720/recherche-de-fuites,2026-07-22
www.etienne-services.fr,,,https://www.etienne-services.fr/val-d-oise/plombier-le-perchay-95450/debouchage-canalisation,2026-07-22
www.etienne-services.fr,,,https://www.etienne-services.fr/val-d-oise/plombier-le-perchay-95450/recherche-de-fuites,2026-07-22
www.etienne-services.fr,,,https://www.etienne-services.fr/val-d-oise/plombier-le-plessis-gassot-95720/debouchage-canalisation,2026-07-22
www.etienne-services.fr,,,https://www.etienne-services.fr/val-d-oise/plombier-le-plessis-gassot-95720/recherche-de-fuites,2026-07-22
www.etienne-services.fr,,,https://www.etienne-services.fr/val-d-oise/plombier-le-plessis-luzarches-95270/debouchage-canalisation,2026-07-22
www.etienne-services.fr,,,https://www.etienne-services.fr/val-d-oise/plombier-le-plessis-luzarches-95270/recherche-de-fuites,2026-07-22
www.etienne-services.fr,,,https://www.etienne-services.fr/val-d-oise/plombier-le-thillay-95500/debouchage-canalisation,2026-07-22
www.etienne-services.fr,,,https://www.etienne-services.fr/val-d-oise/plombier-le-thillay-95500/recherche-de-fuites,2026-07-22
www.etienne-services.fr,,,https://www.etienne-services.fr/val-d-oise/plombier-livilliers-95300/debouchage-canalisation,2026-07-22
www.etienne-services.fr,,,https://www.etienne-services.fr/val-d-oise/plombier-livilliers-95300/recherche-de-fuites,2026-07-22
www.etienne-services.fr,,,https://www.etienne-services.fr/val-d-oise/plombier-longuesse-95450/debouchage-canalisation,2026-07-22
www.etienne-services.fr,,,https://www.etienne-services.fr/val-d-oise/plombier-longuesse-95450/recherche-de-fuites,2026-07-22
www.etienne-services.fr,,,https://www.etienne-services.fr/val-d-oise/plombier-luzarches-95270/debouchage-canalisation,2026-07-22
www.etienne-services.fr,,,https://www.etienne-services.fr/val-d-oise/plombier-luzarches-95270/recherche-de-fuites,2026-07-22
www.etienne-services.fr,,,https://www.etienne-services.fr/val-d-oise/plombier-maffliers-95560/debouchage-canalisation,2026-07-22
www.etienne-services.fr,,,https://www.etienne-services.fr/val-d-oise/plombier-maffliers-95560/recherche-de-fuites,2026-07-22
www.etienne-services.fr,,,https://www.etienne-services.fr/val-d-oise/plombier-mareil-en-france-95850/debouchage-canalisation,2026-07-22
www.etienne-services.fr,,,https://www.etienne-services.fr/val-d-oise/plombier-mareil-en-france-95850/recherche-de-fuites,2026-07-22
www.etienne-services.fr,,,https://www.etienne-services.fr/val-d-oise/plombier-margency-95580/debouchage-canalisation,2026-07-22
www.etienne-services.fr,,,https://www.etienne-services.fr/val-d-oise/plombier-margency-95580/recherche-de-fuites,2026-07-22
www.etienne-services.fr,,,https://www.etienne-services.fr/val-d-oise/plombier-marines-95640/debouchage-canalisation,2026-07-22
www.etienne-services.fr,,,https://www.etienne-services.fr/val-d-oise/plombier-marines-95640/recherche-de-fuites,2026-07-22
www.etienne-services.fr,,,https://www.etienne-services.fr/val-d-oise/plombier-maudetour-en-vexin-95420/debouchage-canalisation,2026-07-22
www.etienne-services.fr,,,https://www.etienne-services.fr/val-d-oise/plombier-maudetour-en-vexin-95420/recherche-de-fuites,2026-07-22
www.etienne-services.fr,,,https://www.etienne-services.fr/val-d-oise/plombier-menouville-95810/debouchage-canalisation,2026-07-22
www.etienne-services.fr,,,https://www.etienne-services.fr/val-d-oise/plombier-menouville-95810/recherche-de-fuites,2026-07-22
www.etienne-services.fr,,,https://www.etienne-services.fr/val-d-oise/plombier-meriel-95630/debouchage-canalisation,2026-07-22
www.etienne-services.fr,,,https://www.etienne-services.fr/val-d-oise/plombier-meriel-95630/recherche-de-fuites,2026-07-22
www.etienne-services.fr,,,https://www.etienne-services.fr/val-d-oise/plombier-moisselles-95570/debouchage-canalisation,2026-07-22
www.etienne-services.fr,,,https://www.etienne-services.fr/val-d-oise/plombier-moisselles-95570/recherche-de-fuites,2026-07-22
www.etienne-services.fr,,,https://www.etienne-services.fr/val-d-oise/plombier-montgeroult-95650/debouchage-canalisation,2026-07-22
www.etienne-services.fr,,,https://www.etienne-services.fr/val-d-oise/plombier-montgeroult-95650/recherche-de-fuites,2026-07-22
www.etienne-services.fr,,,https://www.etienne-services.fr/val-d-oise/plombier-montlignon-95680/debouchage-canalisation,2026-07-22
www.etienne-services.fr,,,https://www.etienne-services.fr/val-d-oise/plombier-montlignon-95680/recherche-de-fuites,2026-07-22
www.etienne-services.fr,,,https://www.etienne-services.fr/val-d-oise/plombier-montreuil-sur-epte-95770/debouchage-canalisation,2026-07-22
www.etienne-services.fr,,,https://www.etienne-services.fr/val-d-oise/plombier-montreuil-sur-epte-95770/recherche-de-fuites,2026-07-22
www.etienne-services.fr,,,https://www.etienne-services.fr/val-d-oise/plombier-montsoult-95560/debouchage-canalisation,2026-07-22
www.etienne-services.fr,,,https://www.etienne-services.fr/val-d-oise/plombier-montsoult-95560/recherche-de-fuites,2026-07-22
www.etienne-services.fr,,,https://www.etienne-services.fr/val-d-oise/plombier-mours-95260/debouchage-canalisation,2026-07-22
www.etienne-services.fr,,,https://www.etienne-services.fr/val-d-oise/plombier-mours-95260/recherche-de-fuites,2026-07-22
www.etienne-services.fr,,,https://www.etienne-services.fr/val-d-oise/plombier-moussy-95640/debouchage-canalisation,2026-07-22
www.etienne-services.fr,,,https://www.etienne-services.fr/val-d-oise/plombier-moussy-95640/recherche-de-fuites,2026-07-22
www.etienne-services.fr,,,https://www.etienne-services.fr/val-d-oise/plombier-nerville-la-foret-95590/debouchage-canalisation,2026-07-22
www.etienne-services.fr,,,https://www.etienne-services.fr/val-d-oise/plombier-nerville-la-foret-95590/recherche-de-fuites,2026-07-22
www.etienne-services.fr,,,https://www.etienne-services.fr/val-d-oise/plombier-nesles-la-vallee-95690/debouchage-canalisation,2026-07-22
www.etienne-services.fr,,,https://www.etienne-services.fr/val-d-oise/plombier-nesles-la-vallee-95690/recherche-de-fuites,2026-07-22
www.etienne-services.fr,,,https://www.etienne-services.fr/val-d-oise/plombier-neuilly-en-vexin-95640/debouchage-canalisation,2026-07-22
www.etienne-services.fr,,,https://www.etienne-services.fr/val-d-oise/plombier-neuilly-en-vexin-95640/recherche-de-fuites,2026-07-22
www.etienne-services.fr,,,https://www.etienne-services.fr/val-d-oise/plombier-neuville-sur-oise-95000/debouchage-canalisation,2026-07-22
www.etienne-services.fr,,,https://www.etienne-services.fr/val-d-oise/plombier-neuville-sur-oise-95000/recherche-de-fuites,2026-07-22
www.etienne-services.fr,,,https://www.etienne-services.fr/val-d-oise/plombier-nointel-95590/debouchage-canalisation,2026-07-22
www.etienne-services.fr,,,https://www.etienne-services.fr/val-d-oise/plombier-nointel-95590/recherche-de-fuites,2026-07-22
www.etienne-services.fr,,,https://www.etienne-services.fr/val-d-oise/plombier-noisy-sur-oise-95270/debouchage-canalisation,2026-07-22
www.etienne-services.fr,,,https://www.etienne-services.fr/val-d-oise/plombier-noisy-sur-oise-95270/recherche-de-fuites,2026-07-22
www.etienne-services.fr,,,https://www.etienne-services.fr/val-d-oise/plombier-nucourt-95420/debouchage-canalisation,2026-07-22
www.etienne-services.fr,,,https://www.etienne-services.fr/val-d-oise/plombier-nucourt-95420/recherche-de-fuites,2026-07-22
www.etienne-services.fr,,,https://www.etienne-services.fr/val-d-oise/plombier-omerville-95420/debouchage-canalisation,2026-07-22
www.etienne-services.fr,,,https://www.etienne-services.fr/val-d-oise/plombier-omerville-95420/recherche-de-fuites,2026-07-22
www.etienne-services.fr,,,https://www.etienne-services.fr/val-d-oise/plombier-piscop-95350/debouchage-canalisation,2026-07-22
www.etienne-services.fr,,,https://www.etienne-services.fr/val-d-oise/plombier-piscop-95350/recherche-de-fuites,2026-07-22
www.etienne-services.fr,,,https://www.etienne-services.fr/val-d-oise/plombier-presles-95590/debouchage-canalisation,2026-07-22
www.etienne-services.fr,,,https://www.etienne-services.fr/val-d-oise/plombier-presles-95590/recherche-de-fuites,2026-07-22
www.etienne-services.fr,,,https://www.etienne-services.fr/val-d-oise/plombier-puiseux-en-france-95380/debouchage-canalisation,2026-07-22
www.etienne-services.fr,,,https://www.etienne-services.fr/val-d-oise/plombier-puiseux-en-france-95380/recherche-de-fuites,2026-07-22
www.etienne-services.fr,,,https://www.etienne-services.fr/val-d-oise/plombier-puiseux-pontoise-95650/debouchage-canalisation,2026-07-22
www.etienne-services.fr,,,https://www.etienne-services.fr/val-d-oise/plombier-puiseux-pontoise-95650/recherche-de-fuites,2026-07-22
www.etienne-services.fr,,,https://www.etienne-services.fr/val-d-oise/plombier-roissy-en-france-95700/debouchage-canalisation,2026-07-22
www.etienne-services.fr,,,https://www.etienne-services.fr/val-d-oise/plombier-roissy-en-france-95700/recherche-de-fuites,2026-07-22
www.etienne-services.fr,,,https://www.etienne-services.fr/val-d-oise/plombier-ronquerolles-95340/debouchage-canalisation,2026-07-22
www.etienne-services.fr,,,https://www.etienne-services.fr/val-d-oise/plombier-ronquerolles-95340/recherche-de-fuites,2026-07-22
www.etienne-services.fr,,,https://www.etienne-services.fr/val-d-oise/plombier-sagy-95450/debouchage-canalisation,2026-07-22
www.etienne-services.fr,,,https://www.etienne-services.fr/val-d-oise/plombier-sagy-95450/recherche-de-fuites,2026-07-22
www.etienne-services.fr,,,https://www.etienne-services.fr/val-d-oise/plombier-saint-clair-sur-epte-95770/debouchage-canalisation,2026-07-22
www.etienne-services.fr,,,https://www.etienne-services.fr/val-d-oise/plombier-saint-clair-sur-epte-95770/recherche-de-fuites,2026-07-22
www.etienne-services.fr,,,https://www.etienne-services.fr/val-d-oise/plombier-saint-cyr-en-arthies-95510/debouchage-canalisation,2026-07-22
www.etienne-services.fr,,,https://www.etienne-services.fr/val-d-oise/plombier-saint-cyr-en-arthies-95510/recherche-de-fuites,2026-07-22
www.etienne-services.fr,,,https://www.etienne-services.fr/val-d-oise/plombier-saint-gervais-95420/debouchage-canalisation,2026-07-22
www.etienne-services.fr,,,https://www.etienne-services.fr/val-d-oise/plombier-saint-gervais-95420/recherche-de-fuites,2026-07-22
www.etienne-services.fr,,,https://www.etienne-services.fr/val-d-oise/plombier-saint-martin-du-tertre-95270/debouchage-canalisation,2026-07-22
www.etienne-services.fr,,,https://www.etienne-services.fr/val-d-oise/plombier-saint-martin-du-tertre-95270/recherche-de-fuites,2026-07-22
www.etienne-services.fr,,,https://www.etienne-services.fr/val-d-oise/plombier-saint-witz-95470/debouchage-canalisation,2026-07-22
www.etienne-services.fr,,,https://www.etienne-services.fr/val-d-oise/plombier-saint-witz-95470/recherche-de-fuites,2026-07-22
www.etienne-services.fr,,,https://www.etienne-services.fr/val-d-oise/plombier-santeuil-95640/debouchage-canalisation,2026-07-22
www.etienne-services.fr,,,https://www.etienne-services.fr/val-d-oise/plombier-santeuil-95640/recherche-de-fuites,2026-07-22
www.etienne-services.fr,,,https://www.etienne-services.fr/val-d-oise/plombier-seraincourt-95450/debouchage-canalisation,2026-07-22
www.etienne-services.fr,,,https://www.etienne-services.fr/val-d-oise/plombier-seraincourt-95450/recherche-de-fuites,2026-07-22
www.etienne-services.fr,,,https://www.etienne-services.fr/val-d-oise/plombier-seugy-95270/debouchage-canalisation,2026-07-22
www.etienne-services.fr,,,https://www.etienne-services.fr/val-d-oise/plombier-seugy-95270/recherche-de-fuites,2026-07-22
www.etienne-services.fr,,,https://www.etienne-services.fr/val-d-oise/plombier-survilliers-95470/debouchage-canalisation,2026-07-22
www.etienne-services.fr,,,https://www.etienne-services.fr/val-d-oise/plombier-survilliers-95470/recherche-de-fuites,2026-07-22
www.etienne-services.fr,,,https://www.etienne-services.fr/val-d-oise/plombier-themericourt-95450/debouchage-canalisation,2026-07-22
www.etienne-services.fr,,,https://www.etienne-services.fr/val-d-oise/plombier-themericourt-95450/recherche-de-fuites,2026-07-22
www.etienne-services.fr,,,https://www.etienne-services.fr/val-d-oise/plombier-theuville-95810/debouchage-canalisation,2026-07-22
www.etienne-services.fr,,,https://www.etienne-services.fr/val-d-oise/plombier-theuville-95810/recherche-de-fuites,2026-07-22
www.etienne-services.fr,,,https://www.etienne-services.fr/val-d-oise/plombier-us-95450/debouchage-canalisation,2026-07-22
www.etienne-services.fr,,,https://www.etienne-services.fr/val-d-oise/plombier-us-95450/recherche-de-fuites,2026-07-22
www.etienne-services.fr,,,https://www.etienne-services.fr/val-d-oise/plombier-vallangoujard-95810/debouchage-canalisation,2026-07-22
www.etienne-services.fr,,,https://www.etienne-services.fr/val-d-oise/plombier-vallangoujard-95810/recherche-de-fuites,2026-07-22
www.etienne-services.fr,,,https://www.etienne-services.fr/val-d-oise/plombier-valmondois-95760/debouchage-canalisation,2026-07-22
www.etienne-services.fr,,,https://www.etienne-services.fr/val-d-oise/plombier-valmondois-95760/recherche-de-fuites,2026-07-22
www.etienne-services.fr,,,https://www.etienne-services.fr/val-d-oise/plombier-vaudherland-95500/debouchage-canalisation,2026-07-22
www.etienne-services.fr,,,https://www.etienne-services.fr/val-d-oise/plombier-vaudherland-95500/recherche-de-fuites,2026-07-22
www.etienne-services.fr,,,https://www.etienne-services.fr/val-d-oise/plombier-vemars-95470/debouchage-canalisation,2026-07-22
www.etienne-services.fr,,,https://www.etienne-services.fr/val-d-oise/plombier-vemars-95470/recherche-de-fuites,2026-07-22
www.etienne-services.fr,,,https://www.etienne-services.fr/val-d-oise/plombier-vetheuil-95780/debouchage-canalisation,2026-07-22
www.etienne-services.fr,,,https://www.etienne-services.fr/val-d-oise/plombier-vetheuil-95780/recherche-de-fuites,2026-07-22
www.etienne-services.fr,,,https://www.etienne-services.fr/val-d-oise/plombier-viarmes-95270/debouchage-canalisation,2026-07-22
www.etienne-services.fr,,,https://www.etienne-services.fr/val-d-oise/plombier-viarmes-95270/recherche-de-fuites,2026-07-22
www.etienne-services.fr,,,https://www.etienne-services.fr/val-d-oise/plombier-vienne-en-arthies-95510/debouchage-canalisation,2026-07-22
www.etienne-services.fr,,,https://www.etienne-services.fr/val-d-oise/plombier-vienne-en-arthies-95510/recherche-de-fuites,2026-07-22
www.etienne-services.fr,,,https://www.etienne-services.fr/val-d-oise/plombier-vigny-95450/debouchage-canalisation,2026-07-22
www.etienne-services.fr,,,https://www.etienne-services.fr/val-d-oise/plombier-vigny-95450/recherche-de-fuites,2026-07-22
www.etienne-services.fr,,,https://www.etienne-services.fr/val-d-oise/plombier-villaines-sous-bois-95570/debouchage-canalisation,2026-07-22
www.etienne-services.fr,,,https://www.etienne-services.fr/val-d-oise/plombier-villaines-sous-bois-95570/recherche-de-fuites,2026-07-22
www.etienne-services.fr,,,https://www.etienne-services.fr/val-d-oise/plombier-villeron-95380/debouchage-canalisation,2026-07-22
www.etienne-services.fr,,,https://www.etienne-services.fr/val-d-oise/plombier-villeron-95380/recherche-de-fuites,2026-07-22
www.etienne-services.fr,,,https://www.etienne-services.fr/val-d-oise/plombier-villers-en-arthies-95510/debouchage-canalisation,2026-07-22
www.etienne-services.fr,,,https://www.etienne-services.fr/val-d-oise/plombier-villers-en-arthies-95510/recherche-de-fuites,2026-07-22
www.etienne-services.fr,,,https://www.etienne-services.fr/val-d-oise/plombier-villiers-adam-95840/debouchage-canalisation,2026-07-22
www.etienne-services.fr,,,https://www.etienne-services.fr/val-d-oise/plombier-villiers-adam-95840/recherche-de-fuites,2026-07-22
www.etienne-services.fr,,,https://www.etienne-services.fr/val-d-oise/plombier-villiers-le-sec-95720/debouchage-canalisation,2026-07-22
www.etienne-services.fr,,,https://www.etienne-services.fr/val-d-oise/plombier-villiers-le-sec-95720/recherche-de-fuites,2026-07-22
www.etienne-services.fr,,,https://www.etienne-services.fr/val-d-oise/plombier-wy-dit-joli-village-95420/debouchage-canalisation,2026-07-22
www.etienne-services.fr,,,https://www.etienne-services.fr/val-d-oise/plombier-wy-dit-joli-village-95420/recherche-de-fuites,2026-07-22
www.etienne-services.fr,,,https://www.etienne-services.fr/val-d-oise/serrurier-ableiges-95450/porte-blindee,2026-07-22
www.etienne-services.fr,,,https://www.etienne-services.fr/val-d-oise/serrurier-aincourt-95510/porte-blindee,2026-07-22
www.etienne-services.fr,,,https://www.etienne-services.fr/val-d-oise/serrurier-ambleville-95710/porte-blindee,2026-07-22
www.etienne-services.fr,,,https://www.etienne-services.fr/val-d-oise/serrurier-amenucourt-95510/porte-blindee,2026-07-22
www.etienne-services.fr,,,https://www.etienne-services.fr/val-d-oise/serrurier-andilly-95580/porte-blindee,2026-07-22
www.etienne-services.fr,,,https://www.etienne-services.fr/val-d-oise/serrurier-arronville-95810/porte-blindee,2026-07-22
www.etienne-services.fr,,,https://www.etienne-services.fr/val-d-oise/serrurier-arthies-95420/porte-blindee,2026-07-22
www.etienne-services.fr,,,https://www.etienne-services.fr/val-d-oise/serrurier-asnieres-sur-oise-95270/porte-blindee,2026-07-22
www.etienne-services.fr,,,https://www.etienne-services.fr/val-d-oise/serrurier-attainville-95570/porte-blindee,2026-07-22
www.etienne-services.fr,,,https://www.etienne-services.fr/val-d-oise/serrurier-avernes-95450/porte-blindee,2026-07-22
www.etienne-services.fr,,,https://www.etienne-services.fr/val-d-oise/serrurier-baillet-en-france-95560/porte-blindee,2026-07-22
www.etienne-services.fr,,,https://www.etienne-services.fr/val-d-oise/serrurier-banthelu-95420/porte-blindee,2026-07-22
www.etienne-services.fr,,,https://www.etienne-services.fr/val-d-oise/serrurier-bellefontaine-95270/porte-blindee,2026-07-22
www.etienne-services.fr,,,https://www.etienne-services.fr/val-d-oise/serrurier-belloy-en-france-95270/porte-blindee,2026-07-22
www.etienne-services.fr,,,https://www.etienne-services.fr/val-d-oise/serrurier-bernes-sur-oise-95340/porte-blindee,2026-07-22
www.etienne-services.fr,,,https://www.etienne-services.fr/val-d-oise/serrurier-berville-95810/porte-blindee,2026-07-22
www.etienne-services.fr,,,https://www.etienne-services.fr/val-d-oise/serrurier-bethemont-la-foret-95840/porte-blindee,2026-07-22
www.etienne-services.fr,,,https://www.etienne-services.fr/val-d-oise/serrurier-boisemont-95000/porte-blindee,2026-07-22
www.etienne-services.fr,,,https://www.etienne-services.fr/val-d-oise/serrurier-boissy-l-aillerie-95650/porte-blindee,2026-07-22
www.etienne-services.fr,,,https://www.etienne-services.fr/val-d-oise/serrurier-bonneuil-en-france-95500/porte-blindee,2026-07-22
www.etienne-services.fr,,,https://www.etienne-services.fr/val-d-oise/serrurier-bouqueval-95720/porte-blindee,2026-07-22
www.etienne-services.fr,,,https://www.etienne-services.fr/val-d-oise/serrurier-bray-et-lu-95710/porte-blindee,2026-07-22
www.etienne-services.fr,,,https://www.etienne-services.fr/val-d-oise/serrurier-breancon-95640/porte-blindee,2026-07-22
www.etienne-services.fr,,,https://www.etienne-services.fr/val-d-oise/serrurier-brignancourt-95640/porte-blindee,2026-07-22
www.etienne-services.fr,,,https://www.etienne-services.fr/val-d-oise/serrurier-bruyeres-sur-oise-95820/porte-blindee,2026-07-22
www.etienne-services.fr,,,https://www.etienne-services.fr/val-d-oise/serrurier-buhy-95770/porte-blindee,2026-07-22
www.etienne-services.fr,,,https://www.etienne-services.fr/val-d-oise/serrurier-butry-sur-oise-95430/porte-blindee,2026-07-22
www.etienne-services.fr,,,https://www.etienne-services.fr/val-d-oise/serrurier-champagne-sur-oise-95660/porte-blindee,2026-07-22
www.etienne-services.fr,,,https://www.etienne-services.fr/val-d-oise/serrurier-charmont-95420/porte-blindee,2026-07-22
www.etienne-services.fr,,,https://www.etienne-services.fr/val-d-oise/serrurier-chars-95750/porte-blindee,2026-07-22
www.etienne-services.fr,,,https://www.etienne-services.fr/val-d-oise/serrurier-chatenay-en-france-95190/porte-blindee,2026-07-22
www.etienne-services.fr,,,https://www.etienne-services.fr/val-d-oise/serrurier-chaumontel-95270/porte-blindee,2026-07-22
www.etienne-services.fr,,,https://www.etienne-services.fr/val-d-oise/serrurier-chaussy-95710/porte-blindee,2026-07-22
www.etienne-services.fr,,,https://www.etienne-services.fr/val-d-oise/serrurier-chauvry-95560/porte-blindee,2026-07-22
www.etienne-services.fr,,,https://www.etienne-services.fr/val-d-oise/serrurier-chennevieres-les-louvres-95380/porte-blindee,2026-07-22
www.etienne-services.fr,,,https://www.etienne-services.fr/val-d-oise/serrurier-cherence-95510/porte-blindee,2026-07-22
www.etienne-services.fr,,,https://www.etienne-services.fr/val-d-oise/serrurier-clery-en-vexin-95420/porte-blindee,2026-07-22
www.etienne-services.fr,,,https://www.etienne-services.fr/val-d-oise/serrurier-commeny-95450/porte-blindee,2026-07-22
www.etienne-services.fr,,,https://www.etienne-services.fr/val-d-oise/serrurier-condecourt-95450/porte-blindee,2026-07-22
www.etienne-services.fr,,,https://www.etienne-services.fr/val-d-oise/serrurier-cormeilles-en-vexin-95830/porte-blindee,2026-07-22
www.etienne-services.fr,,,https://www.etienne-services.fr/val-d-oise/serrurier-courcelles-sur-viosne-95650/porte-blindee,2026-07-22
www.etienne-services.fr,,,https://www.etienne-services.fr/val-d-oise/serrurier-ennery-95300/porte-blindee,2026-07-22
www.etienne-services.fr,,,https://www.etienne-services.fr/val-d-oise/serrurier-epiais-les-louvres-95380/porte-blindee,2026-07-22
www.etienne-services.fr,,,https://www.etienne-services.fr/val-d-oise/serrurier-epiais-rhus-95810/porte-blindee,2026-07-22
www.etienne-services.fr,,,https://www.etienne-services.fr/val-d-oise/serrurier-epinay-champlatreux-95270/porte-blindee,2026-07-22
www.etienne-services.fr,,,https://www.etienne-services.fr/val-d-oise/serrurier-fontenay-en-parisis-95190/porte-blindee,2026-07-22
www.etienne-services.fr,,,https://www.etienne-services.fr/val-d-oise/serrurier-fremainville-95450/porte-blindee,2026-07-22
www.etienne-services.fr,,,https://www.etienne-services.fr/val-d-oise/serrurier-fremecourt-95830/porte-blindee,2026-07-22
www.etienne-services.fr,,,https://www.etienne-services.fr/val-d-oise/serrurier-frepillon-95740/porte-blindee,2026-07-22
www.etienne-services.fr,,,https://www.etienne-services.fr/val-d-oise/serrurier-frouville-95690/porte-blindee,2026-07-22
www.etienne-services.fr,,,https://www.etienne-services.fr/val-d-oise/serrurier-gadancourt-95450/porte-blindee,2026-07-22
www.etienne-services.fr,,,https://www.etienne-services.fr/val-d-oise/serrurier-genainville-95420/porte-blindee,2026-07-22
www.etienne-services.fr,,,https://www.etienne-services.fr/val-d-oise/serrurier-genicourt-95650/porte-blindee,2026-07-22
www.etienne-services.fr,,,https://www.etienne-services.fr/val-d-oise/serrurier-grisy-les-platres-95810/porte-blindee,2026-07-22
www.etienne-services.fr,,,https://www.etienne-services.fr/val-d-oise/serrurier-guiry-en-vexin-95450/porte-blindee,2026-07-22
www.etienne-services.fr,,,https://www.etienne-services.fr/val-d-oise/serrurier-haravilliers-95640/porte-blindee,2026-07-22
www.etienne-services.fr,,,https://www.etienne-services.fr/val-d-oise/serrurier-haute-isle-95780/porte-blindee,2026-07-22
www.etienne-services.fr,,,https://www.etienne-services.fr/val-d-oise/serrurier-hedouville-95690/porte-blindee,2026-07-22
www.etienne-services.fr,,,https://www.etienne-services.fr/val-d-oise/serrurier-herouville-95300/porte-blindee,2026-07-22
www.etienne-services.fr,,,https://www.etienne-services.fr/val-d-oise/serrurier-hodent-95420/porte-blindee,2026-07-22
www.etienne-services.fr,,,https://www.etienne-services.fr/val-d-oise/serrurier-jagny-sous-bois-95850/porte-blindee,2026-07-22
www.etienne-services.fr,,,https://www.etienne-services.fr/val-d-oise/serrurier-la-chapelle-en-vexin-95420/porte-blindee,2026-07-22
www.etienne-services.fr,,,https://www.etienne-services.fr/val-d-oise/serrurier-la-frette-sur-seine-95530/porte-blindee,2026-07-22
www.etienne-services.fr,,,https://www.etienne-services.fr/val-d-oise/serrurier-la-roche-guyon-95780/porte-blindee,2026-07-22
www.etienne-services.fr,,,https://www.etienne-services.fr/val-d-oise/serrurier-labbeville-95690/porte-blindee,2026-07-22
www.etienne-services.fr,,,https://www.etienne-services.fr/val-d-oise/serrurier-lassy-95270/porte-blindee,2026-07-22
www.etienne-services.fr,,,https://www.etienne-services.fr/val-d-oise/serrurier-le-bellay-en-vexin-95750/porte-blindee,2026-07-22
www.etienne-services.fr,,,https://www.etienne-services.fr/val-d-oise/serrurier-le-heaulme-95640/porte-blindee,2026-07-22
www.etienne-services.fr,,,https://www.etienne-services.fr/val-d-oise/serrurier-le-mesnil-aubry-95720/porte-blindee,2026-07-22
www.etienne-services.fr,,,https://www.etienne-services.fr/val-d-oise/serrurier-le-perchay-95450/porte-blindee,2026-07-22
www.etienne-services.fr,,,https://www.etienne-services.fr/val-d-oise/serrurier-le-plessis-gassot-95720/porte-blindee,2026-07-22
www.etienne-services.fr,,,https://www.etienne-services.fr/val-d-oise/serrurier-le-plessis-luzarches-95270/porte-blindee,2026-07-22
www.etienne-services.fr,,,https://www.etienne-services.fr/val-d-oise/serrurier-le-thillay-95500/porte-blindee,2026-07-22
www.etienne-services.fr,,,https://www.etienne-services.fr/val-d-oise/serrurier-livilliers-95300/porte-blindee,2026-07-22
www.etienne-services.fr,,,https://www.etienne-services.fr/val-d-oise/serrurier-longuesse-95450/porte-blindee,2026-07-22
www.etienne-services.fr,,,https://www.etienne-services.fr/val-d-oise/serrurier-luzarches-95270/porte-blindee,2026-07-22
www.etienne-services.fr,,,https://www.etienne-services.fr/val-d-oise/serrurier-maffliers-95560/porte-blindee,2026-07-22
www.etienne-services.fr,,,https://www.etienne-services.fr/val-d-oise/serrurier-mareil-en-france-95850/porte-blindee,2026-07-22
www.etienne-services.fr,,,https://www.etienne-services.fr/val-d-oise/serrurier-margency-95580/porte-blindee,2026-07-22
www.etienne-services.fr,,,https://www.etienne-services.fr/val-d-oise/serrurier-marines-95640/porte-blindee,2026-07-22
www.etienne-services.fr,,,https://www.etienne-services.fr/val-d-oise/serrurier-maudetour-en-vexin-95420/porte-blindee,2026-07-22
www.etienne-services.fr,,,https://www.etienne-services.fr/val-d-oise/serrurier-menouville-95810/porte-blindee,2026-07-22
www.etienne-services.fr,,,https://www.etienne-services.fr/val-d-oise/serrurier-meriel-95630/porte-blindee,2026-07-22
www.etienne-services.fr,,,https://www.etienne-services.fr/val-d-oise/serrurier-moisselles-95570/porte-blindee,2026-07-22
www.etienne-services.fr,,,https://www.etienne-services.fr/val-d-oise/serrurier-montgeroult-95650/porte-blindee,2026-07-22
www.etienne-services.fr,,,https://www.etienne-services.fr/val-d-oise/serrurier-montlignon-95680/porte-blindee,2026-07-22
www.etienne-services.fr,,,https://www.etienne-services.fr/val-d-oise/serrurier-montreuil-sur-epte-95770/porte-blindee,2026-07-22
www.etienne-services.fr,,,https://www.etienne-services.fr/val-d-oise/serrurier-montsoult-95560/porte-blindee,2026-07-22
www.etienne-services.fr,,,https://www.etienne-services.fr/val-d-oise/serrurier-mours-95260/porte-blindee,2026-07-22
www.etienne-services.fr,,,https://www.etienne-services.fr/val-d-oise/serrurier-moussy-95640/porte-blindee,2026-07-22
www.etienne-services.fr,,,https://www.etienne-services.fr/val-d-oise/serrurier-nerville-la-foret-95590/porte-blindee,2026-07-22
www.etienne-services.fr,,,https://www.etienne-services.fr/val-d-oise/serrurier-nesles-la-vallee-95690/porte-blindee,2026-07-22
www.etienne-services.fr,,,https://www.etienne-services.fr/val-d-oise/serrurier-neuilly-en-vexin-95640/porte-blindee,2026-07-22
www.etienne-services.fr,,,https://www.etienne-services.fr/val-d-oise/serrurier-neuville-sur-oise-95000/porte-blindee,2026-07-22
www.etienne-services.fr,,,https://www.etienne-services.fr/val-d-oise/serrurier-nointel-95590/porte-blindee,2026-07-22
www.etienne-services.fr,,,https://www.etienne-services.fr/val-d-oise/serrurier-noisy-sur-oise-95270/porte-blindee,2026-07-22
www.etienne-services.fr,,,https://www.etienne-services.fr/val-d-oise/serrurier-nucourt-95420/porte-blindee,2026-07-22
www.etienne-services.fr,,,https://www.etienne-services.fr/val-d-oise/serrurier-omerville-95420/porte-blindee,2026-07-22
www.etienne-services.fr,,,https://www.etienne-services.fr/val-d-oise/serrurier-piscop-95350/porte-blindee,2026-07-22
www.etienne-services.fr,,,https://www.etienne-services.fr/val-d-oise/serrurier-presles-95590/porte-blindee,2026-07-22
www.etienne-services.fr,,,https://www.etienne-services.fr/val-d-oise/serrurier-puiseux-en-france-95380/porte-blindee,2026-07-22
www.etienne-services.fr,,,https://www.etienne-services.fr/val-d-oise/serrurier-puiseux-pontoise-95650/porte-blindee,2026-07-22
www.etienne-services.fr,,,https://www.etienne-services.fr/val-d-oise/serrurier-roissy-en-france-95700/porte-blindee,2026-07-22
www.etienne-services.fr,,,https://www.etienne-services.fr/val-d-oise/serrurier-ronquerolles-95340/porte-blindee,2026-07-22
www.etienne-services.fr,,,https://www.etienne-services.fr/val-d-oise/serrurier-sagy-95450/porte-blindee,2026-07-22
www.etienne-services.fr,,,https://www.etienne-services.fr/val-d-oise/serrurier-saint-clair-sur-epte-95770/porte-blindee,2026-07-22
www.etienne-services.fr,,,https://www.etienne-services.fr/val-d-oise/serrurier-saint-cyr-en-arthies-95510/porte-blindee,2026-07-22
www.etienne-services.fr,,,https://www.etienne-services.fr/val-d-oise/serrurier-saint-gervais-95420/porte-blindee,2026-07-22
www.etienne-services.fr,,,https://www.etienne-services.fr/val-d-oise/serrurier-saint-martin-du-tertre-95270/porte-blindee,2026-07-22
www.etienne-services.fr,,,https://www.etienne-services.fr/val-d-oise/serrurier-saint-witz-95470/porte-blindee,2026-07-22
www.etienne-services.fr,,,https://www.etienne-services.fr/val-d-oise/serrurier-santeuil-95640/porte-blindee,2026-07-22
www.etienne-services.fr,,,https://www.etienne-services.fr/val-d-oise/serrurier-seraincourt-95450/porte-blindee,2026-07-22
www.etienne-services.fr,,,https://www.etienne-services.fr/val-d-oise/serrurier-seugy-95270/porte-blindee,2026-07-22
www.etienne-services.fr,,,https://www.etienne-services.fr/val-d-oise/serrurier-survilliers-95470/porte-blindee,2026-07-22
www.etienne-services.fr,,,https://www.etienne-services.fr/val-d-oise/serrurier-themericourt-95450/porte-blindee,2026-07-22
www.etienne-services.fr,,,https://www.etienne-services.fr/val-d-oise/serrurier-theuville-95810/porte-blindee,2026-07-22
www.etienne-services.fr,,,https://www.etienne-services.fr/val-d-oise/serrurier-us-95450/porte-blindee,2026-07-22
www.etienne-services.fr,,,https://www.etienne-services.fr/val-d-oise/serrurier-vallangoujard-95810/porte-blindee,2026-07-22
www.etienne-services.fr,,,https://www.etienne-services.fr/val-d-oise/serrurier-valmondois-95760/porte-blindee,2026-07-22
www.etienne-services.fr,,,https://www.etienne-services.fr/val-d-oise/serrurier-vaudherland-95500/porte-blindee,2026-07-22
www.etienne-services.fr,,,https://www.etienne-services.fr/val-d-oise/serrurier-vemars-95470/porte-blindee,2026-07-22
www.etienne-services.fr,,,https://www.etienne-services.fr/val-d-oise/serrurier-vetheuil-95780/porte-blindee,2026-07-22
www.etienne-services.fr,,,https://www.etienne-services.fr/val-d-oise/serrurier-viarmes-95270/porte-blindee,2026-07-22
www.etienne-services.fr,,,https://www.etienne-services.fr/val-d-oise/serrurier-vienne-en-arthies-95510/porte-blindee,2026-07-22
www.etienne-services.fr,,,https://www.etienne-services.fr/val-d-oise/serrurier-vigny-95450/porte-blindee,2026-07-22
www.etienne-services.fr,,,https://www.etienne-services.fr/val-d-oise/serrurier-villaines-sous-bois-95570/porte-blindee,2026-07-22
www.etienne-services.fr,,,https://www.etienne-services.fr/val-d-oise/serrurier-villeron-95380/porte-blindee,2026-07-22
www.etienne-services.fr,,,https://www.etienne-services.fr/val-d-oise/serrurier-villers-en-arthies-95510/porte-blindee,2026-07-22
www.etienne-services.fr,,,https://www.etienne-services.fr/val-d-oise/serrurier-villiers-adam-95840/porte-blindee,2026-07-22
www.etienne-services.fr,,,https://www.etienne-services.fr/val-d-oise/serrurier-villiers-le-sec-95720/porte-blindee,2026-07-22
www.etienne-services.fr,,,https://www.etienne-services.fr/val-d-oise/serrurier-wy-dit-joli-village-95420/porte-blindee,2026-07-22
www.etienne-services.fr,,,https://www.etienne-services.fr/val-de-marne/plombier-mandres-les-roses-94520/debouchage-canalisation,2026-07-22
www.etienne-services.fr,,,https://www.etienne-services.fr/val-de-marne/plombier-mandres-les-roses-94520/recherche-de-fuites,2026-07-22
www.etienne-services.fr,,,https://www.etienne-services.fr/val-de-marne/plombier-noiseau-94880/debouchage-canalisation,2026-07-22
www.etienne-services.fr,,,https://www.etienne-services.fr/val-de-marne/plombier-noiseau-94880/recherche-de-fuites,2026-07-22
www.etienne-services.fr,,,https://www.etienne-services.fr/val-de-marne/plombier-perigny-94520/debouchage-canalisation,2026-07-22
www.etienne-services.fr,,,https://www.etienne-services.fr/val-de-marne/plombier-perigny-94520/recherche-de-fuites,2026-07-22
www.etienne-services.fr,,,https://www.etienne-services.fr/val-de-marne/plombier-santeny-94440/debouchage-canalisation,2026-07-22
www.etienne-services.fr,,,https://www.etienne-services.fr/val-de-marne/plombier-santeny-94440/recherche-de-fuites,2026-07-22
www.etienne-services.fr,,,https://www.etienne-services.fr/val-de-marne/serrurier-mandres-les-roses-94520/porte-blindee,2026-07-22
www.etienne-services.fr,,,https://www.etienne-services.fr/val-de-marne/serrurier-noiseau-94880/porte-blindee,2026-07-22
www.etienne-services.fr,,,https://www.etienne-services.fr/val-de-marne/serrurier-perigny-94520/porte-blindee,2026-07-22
www.etienne-services.fr,,,https://www.etienne-services.fr/val-de-marne/serrurier-santeny-94440/porte-blindee,2026-07-22
www.etienne-services.fr,,,https://www.etienne-services.fr/var/plombier-aiguines-83630/debouchage-canalisation,2026-07-22
www.etienne-services.fr,,,https://www.etienne-services.fr/var/plombier-aiguines-83630/recherche-de-fuites,2026-07-22
www.etienne-services.fr,,,https://www.etienne-services.fr/var/plombier-ampus-83111/debouchage-canalisation,2026-07-22
www.etienne-services.fr,,,https://www.etienne-services.fr/var/plombier-ampus-83111/recherche-de-fuites,2026-07-22
www.etienne-services.fr,,,https://www.etienne-services.fr/var/plombier-artignosc-sur-verdon-83630/debouchage-canalisation,2026-07-22
www.etienne-services.fr,,,https://www.etienne-services.fr/var/plombier-artignosc-sur-verdon-83630/recherche-de-fuites,2026-07-22
www.etienne-services.fr,,,https://www.etienne-services.fr/var/plombier-artigues-83560/debouchage-canalisation,2026-07-22
www.etienne-services.fr,,,https://www.etienne-services.fr/var/plombier-artigues-83560/recherche-de-fuites,2026-07-22
www.etienne-services.fr,,,https://www.etienne-services.fr/var/plombier-aups-83630/debouchage-canalisation,2026-07-22
www.etienne-services.fr,,,https://www.etienne-services.fr/var/plombier-aups-83630/recherche-de-fuites,2026-07-22
www.etienne-services.fr,,,https://www.etienne-services.fr/var/plombier-bagnols-en-foret-83600/debouchage-canalisation,2026-07-22
www.etienne-services.fr,,,https://www.etienne-services.fr/var/plombier-bagnols-en-foret-83600/recherche-de-fuites,2026-07-22
www.etienne-services.fr,,,https://www.etienne-services.fr/var/plombier-bargeme-83840/debouchage-canalisation,2026-07-22
www.etienne-services.fr,,,https://www.etienne-services.fr/var/plombier-bargeme-83840/recherche-de-fuites,2026-07-22
www.etienne-services.fr,,,https://www.etienne-services.fr/var/plombier-bargemon-83830/debouchage-canalisation,2026-07-22
www.etienne-services.fr,,,https://www.etienne-services.fr/var/plombier-bargemon-83830/recherche-de-fuites,2026-07-22
www.etienne-services.fr,,,https://www.etienne-services.fr/var/plombier-barjols-83670/debouchage-canalisation,2026-07-22
www.etienne-services.fr,,,https://www.etienne-services.fr/var/plombier-barjols-83670/recherche-de-fuites,2026-07-22
www.etienne-services.fr,,,https://www.etienne-services.fr/var/plombier-baudinard-sur-verdon-83630/debouchage-canalisation,2026-07-22
www.etienne-services.fr,,,https://www.etienne-services.fr/var/plombier-baudinard-sur-verdon-83630/recherche-de-fuites,2026-07-22
www.etienne-services.fr,,,https://www.etienne-services.fr/var/plombier-bauduen-83630/debouchage-canalisation,2026-07-22
www.etienne-services.fr,,,https://www.etienne-services.fr/var/plombier-bauduen-83630/recherche-de-fuites,2026-07-22
www.etienne-services.fr,,,https://www.etienne-services.fr/var/plombier-belgentier-83210/debouchage-canalisation,2026-07-22
www.etienne-services.fr,,,https://www.etienne-services.fr/var/plombier-belgentier-83210/recherche-de-fuites,2026-07-22
www.etienne-services.fr,,,https://www.etienne-services.fr/var/plombier-besse-sur-issole-83890/debouchage-canalisation,2026-07-22
www.etienne-services.fr,,,https://www.etienne-services.fr/var/plombier-besse-sur-issole-83890/recherche-de-fuites,2026-07-22
www.etienne-services.fr,,,https://www.etienne-services.fr/var/plombier-bras-83149/debouchage-canalisation,2026-07-22
www.etienne-services.fr,,,https://www.etienne-services.fr/var/plombier-bras-83149/recherche-de-fuites,2026-07-22
www.etienne-services.fr,,,https://www.etienne-services.fr/var/plombier-brenon-83840/debouchage-canalisation,2026-07-22
www.etienne-services.fr,,,https://www.etienne-services.fr/var/plombier-brenon-83840/recherche-de-fuites,2026-07-22
www.etienne-services.fr,,,https://www.etienne-services.fr/var/plombier-brue-auriac-83119/debouchage-canalisation,2026-07-22
www.etienne-services.fr,,,https://www.etienne-services.fr/var/plombier-brue-auriac-83119/recherche-de-fuites,2026-07-22
www.etienne-services.fr,,,https://www.etienne-services.fr/var/plombier-cabasse-83340/debouchage-canalisation,2026-07-22
www.etienne-services.fr,,,https://www.etienne-services.fr/var/plombier-cabasse-83340/recherche-de-fuites,2026-07-22
www.etienne-services.fr,,,https://www.etienne-services.fr/var/plombier-callas-83830/debouchage-canalisation,2026-07-22
www.etienne-services.fr,,,https://www.etienne-services.fr/var/plombier-callas-83830/recherche-de-fuites,2026-07-22
www.etienne-services.fr,,,https://www.etienne-services.fr/var/plombier-callian-83440/debouchage-canalisation,2026-07-22
www.etienne-services.fr,,,https://www.etienne-services.fr/var/plombier-callian-83440/recherche-de-fuites,2026-07-22
www.etienne-services.fr,,,https://www.etienne-services.fr/var/plombier-camps-la-source-83170/debouchage-canalisation,2026-07-22
www.etienne-services.fr,,,https://www.etienne-services.fr/var/plombier-camps-la-source-83170/recherche-de-fuites,2026-07-22
www.etienne-services.fr,,,https://www.etienne-services.fr/var/plombier-carces-83570/debouchage-canalisation,2026-07-22
www.etienne-services.fr,,,https://www.etienne-services.fr/var/plombier-carces-83570/recherche-de-fuites,2026-07-22
www.etienne-services.fr,,,https://www.etienne-services.fr/var/plombier-carnoules-83660/debouchage-canalisation,2026-07-22
www.etienne-services.fr,,,https://www.etienne-services.fr/var/plombier-carnoules-83660/recherche-de-fuites,2026-07-22
www.etienne-services.fr,,,https://www.etienne-services.fr/var/plombier-chateaudouble-83300/debouchage-canalisation,2026-07-22
www.etienne-services.fr,,,https://www.etienne-services.fr/var/plombier-chateaudouble-83300/recherche-de-fuites,2026-07-22
www.etienne-services.fr,,,https://www.etienne-services.fr/var/plombier-chateauvert-83670/debouchage-canalisation,2026-07-22
www.etienne-services.fr,,,https://www.etienne-services.fr/var/plombier-chateauvert-83670/recherche-de-fuites,2026-07-22
www.etienne-services.fr,,,https://www.etienne-services.fr/var/plombier-chateauvieux-83840/debouchage-canalisation,2026-07-22
www.etienne-services.fr,,,https://www.etienne-services.fr/var/plombier-chateauvieux-83840/recherche-de-fuites,2026-07-22
www.etienne-services.fr,,,https://www.etienne-services.fr/var/plombier-claviers-83830/debouchage-canalisation,2026-07-22
www.etienne-services.fr,,,https://www.etienne-services.fr/var/plombier-claviers-83830/recherche-de-fuites,2026-07-22
www.etienne-services.fr,,,https://www.etienne-services.fr/var/plombier-collobrieres-83610/debouchage-canalisation,2026-07-22
www.etienne-services.fr,,,https://www.etienne-services.fr/var/plombier-collobrieres-83610/recherche-de-fuites,2026-07-22
www.etienne-services.fr,,,https://www.etienne-services.fr/var/plombier-comps-sur-artuby-83840/debouchage-canalisation,2026-07-22
www.etienne-services.fr,,,https://www.etienne-services.fr/var/plombier-comps-sur-artuby-83840/recherche-de-fuites,2026-07-22
www.etienne-services.fr,,,https://www.etienne-services.fr/var/plombier-correns-83570/debouchage-canalisation,2026-07-22
www.etienne-services.fr,,,https://www.etienne-services.fr/var/plombier-correns-83570/recherche-de-fuites,2026-07-22
www.etienne-services.fr,,,https://www.etienne-services.fr/var/plombier-cotignac-83570/debouchage-canalisation,2026-07-22
www.etienne-services.fr,,,https://www.etienne-services.fr/var/plombier-cotignac-83570/recherche-de-fuites,2026-07-22
www.etienne-services.fr,,,https://www.etienne-services.fr/var/plombier-entrecasteaux-83570/debouchage-canalisation,2026-07-22
www.etienne-services.fr,,,https://www.etienne-services.fr/var/plombier-entrecasteaux-83570/recherche-de-fuites,2026-07-22
www.etienne-services.fr,,,https://www.etienne-services.fr/var/plombier-esparron-83560/debouchage-canalisation,2026-07-22
www.etienne-services.fr,,,https://www.etienne-services.fr/var/plombier-esparron-83560/recherche-de-fuites,2026-07-22
www.etienne-services.fr,,,https://www.etienne-services.fr/var/plombier-evenos-83330/debouchage-canalisation,2026-07-22
www.etienne-services.fr,,,https://www.etienne-services.fr/var/plombier-evenos-83330/recherche-de-fuites,2026-07-22
www.etienne-services.fr,,,https://www.etienne-services.fr/var/plombier-fayence-83440/debouchage-canalisation,2026-07-22
www.etienne-services.fr,,,https://www.etienne-services.fr/var/plombier-fayence-83440/recherche-de-fuites,2026-07-22
www.etienne-services.fr,,,https://www.etienne-services.fr/var/plombier-figanieres-83830/debouchage-canalisation,2026-07-22
www.etienne-services.fr,,,https://www.etienne-services.fr/var/plombier-figanieres-83830/recherche-de-fuites,2026-07-22
www.etienne-services.fr,,,https://www.etienne-services.fr/var/plombier-flassans-sur-issole-83340/debouchage-canalisation,2026-07-22
www.etienne-services.fr,,,https://www.etienne-services.fr/var/plombier-flassans-sur-issole-83340/recherche-de-fuites,2026-07-22
www.etienne-services.fr,,,https://www.etienne-services.fr/var/plombier-flayosc-83780/debouchage-canalisation,2026-07-22
www.etienne-services.fr,,,https://www.etienne-services.fr/var/plombier-flayosc-83780/recherche-de-fuites,2026-07-22
www.etienne-services.fr,,,https://www.etienne-services.fr/var/plombier-forcalqueiret-83136/debouchage-canalisation,2026-07-22
www.etienne-services.fr,,,https://www.etienne-services.fr/var/plombier-forcalqueiret-83136/recherche-de-fuites,2026-07-22
www.etienne-services.fr,,,https://www.etienne-services.fr/var/plombier-fox-amphoux-83670/debouchage-canalisation,2026-07-22
www.etienne-services.fr,,,https://www.etienne-services.fr/var/plombier-fox-amphoux-83670/recherche-de-fuites,2026-07-22
www.etienne-services.fr,,,https://www.etienne-services.fr/var/plombier-gassin-83580/debouchage-canalisation,2026-07-22
www.etienne-services.fr,,,https://www.etienne-services.fr/var/plombier-gassin-83580/recherche-de-fuites,2026-07-22
www.etienne-services.fr,,,https://www.etienne-services.fr/var/plombier-ginasservis-83560/debouchage-canalisation,2026-07-22
www.etienne-services.fr,,,https://www.etienne-services.fr/var/plombier-ginasservis-83560/recherche-de-fuites,2026-07-22
www.etienne-services.fr,,,https://www.etienne-services.fr/var/plombier-gonfaron-83590/debouchage-canalisation,2026-07-22
www.etienne-services.fr,,,https://www.etienne-services.fr/var/plombier-gonfaron-83590/recherche-de-fuites,2026-07-22
www.etienne-services.fr,,,https://www.etienne-services.fr/var/plombier-grimaud-83310/debouchage-canalisation,2026-07-22
www.etienne-services.fr,,,https://www.etienne-services.fr/var/plombier-grimaud-83310/recherche-de-fuites,2026-07-22
www.etienne-services.fr,,,https://www.etienne-services.fr/var/plombier-la-bastide-83840/debouchage-canalisation,2026-07-22
www.etienne-services.fr,,,https://www.etienne-services.fr/var/plombier-la-bastide-83840/recherche-de-fuites,2026-07-22
www.etienne-services.fr,,,https://www.etienne-services.fr/var/plombier-la-celle-83170/debouchage-canalisation,2026-07-22
www.etienne-services.fr,,,https://www.etienne-services.fr/var/plombier-la-celle-83170/recherche-de-fuites,2026-07-22
www.etienne-services.fr,,,https://www.etienne-services.fr/var/plombier-la-croix-valmer-83420/debouchage-canalisation,2026-07-22
www.etienne-services.fr,,,https://www.etienne-services.fr/var/plombier-la-croix-valmer-83420/recherche-de-fuites,2026-07-22
www.etienne-services.fr,,,https://www.etienne-services.fr/var/plombier-la-garde-freinet-83680/debouchage-canalisation,2026-07-22
www.etienne-services.fr,,,https://www.etienne-services.fr/var/plombier-la-garde-freinet-83680/recherche-de-fuites,2026-07-22
www.etienne-services.fr,,,https://www.etienne-services.fr/var/plombier-la-martre-83840/debouchage-canalisation,2026-07-22
www.etienne-services.fr,,,https://www.etienne-services.fr/var/plombier-la-martre-83840/recherche-de-fuites,2026-07-22
www.etienne-services.fr,,,https://www.etienne-services.fr/var/plombier-la-mole-83310/debouchage-canalisation,2026-07-22
www.etienne-services.fr,,,https://www.etienne-services.fr/var/plombier-la-mole-83310/recherche-de-fuites,2026-07-22
www.etienne-services.fr,,,https://www.etienne-services.fr/var/plombier-la-motte-83920/debouchage-canalisation,2026-07-22
www.etienne-services.fr,,,https://www.etienne-services.fr/var/plombier-la-motte-83920/recherche-de-fuites,2026-07-22
www.etienne-services.fr,,,https://www.etienne-services.fr/var/plombier-la-roque-esclapon-83840/debouchage-canalisation,2026-07-22
www.etienne-services.fr,,,https://www.etienne-services.fr/var/plombier-la-roque-esclapon-83840/recherche-de-fuites,2026-07-22
www.etienne-services.fr,,,https://www.etienne-services.fr/var/plombier-la-roquebrussanne-83136/debouchage-canalisation,2026-07-22
www.etienne-services.fr,,,https://www.etienne-services.fr/var/plombier-la-roquebrussanne-83136/recherche-de-fuites,2026-07-22
www.etienne-services.fr,,,https://www.etienne-services.fr/var/plombier-la-verdiere-83560/debouchage-canalisation,2026-07-22
www.etienne-services.fr,,,https://www.etienne-services.fr/var/plombier-la-verdiere-83560/recherche-de-fuites,2026-07-22
www.etienne-services.fr,,,https://www.etienne-services.fr/var/plombier-le-bourguet-83840/debouchage-canalisation,2026-07-22
www.etienne-services.fr,,,https://www.etienne-services.fr/var/plombier-le-bourguet-83840/recherche-de-fuites,2026-07-22
www.etienne-services.fr,,,https://www.etienne-services.fr/var/plombier-le-cannet-des-maures-83340/debouchage-canalisation,2026-07-22
www.etienne-services.fr,,,https://www.etienne-services.fr/var/plombier-le-cannet-des-maures-83340/recherche-de-fuites,2026-07-22
www.etienne-services.fr,,,https://www.etienne-services.fr/var/plombier-le-castellet-83330/debouchage-canalisation,2026-07-22
www.etienne-services.fr,,,https://www.etienne-services.fr/var/plombier-le-castellet-83330/recherche-de-fuites,2026-07-22
www.etienne-services.fr,,,https://www.etienne-services.fr/var/plombier-le-plan-de-la-tour-83120/debouchage-canalisation,2026-07-22
www.etienne-services.fr,,,https://www.etienne-services.fr/var/plombier-le-plan-de-la-tour-83120/recherche-de-fuites,2026-07-22
www.etienne-services.fr,,,https://www.etienne-services.fr/var/plombier-le-revest-les-eaux-83200/debouchage-canalisation,2026-07-22
www.etienne-services.fr,,,https://www.etienne-services.fr/var/plombier-le-revest-les-eaux-83200/recherche-de-fuites,2026-07-22
www.etienne-services.fr,,,https://www.etienne-services.fr/var/plombier-le-thoronet-83340/debouchage-canalisation,2026-07-22
www.etienne-services.fr,,,https://www.etienne-services.fr/var/plombier-le-thoronet-83340/recherche-de-fuites,2026-07-22
www.etienne-services.fr,,,https://www.etienne-services.fr/var/plombier-le-val-83143/debouchage-canalisation,2026-07-22
www.etienne-services.fr,,,https://www.etienne-services.fr/var/plombier-le-val-83143/recherche-de-fuites,2026-07-22
www.etienne-services.fr,,,https://www.etienne-services.fr/var/plombier-les-adrets-de-l-esterel-83600/debouchage-canalisation,2026-07-22
www.etienne-services.fr,,,https://www.etienne-services.fr/var/plombier-les-adrets-de-l-esterel-83600/recherche-de-fuites,2026-07-22
www.etienne-services.fr,,,https://www.etienne-services.fr/var/plombier-les-mayons-83340/debouchage-canalisation,2026-07-22
www.etienne-services.fr,,,https://www.etienne-services.fr/var/plombier-les-mayons-83340/recherche-de-fuites,2026-07-22
www.etienne-services.fr,,,https://www.etienne-services.fr/var/plombier-les-salles-sur-verdon-83630/debouchage-canalisation,2026-07-22
www.etienne-services.fr,,,https://www.etienne-services.fr/var/plombier-les-salles-sur-verdon-83630/recherche-de-fuites,2026-07-22
www.etienne-services.fr,,,https://www.etienne-services.fr/var/plombier-mazaugues-83136/debouchage-canalisation,2026-07-22
www.etienne-services.fr,,,https://www.etienne-services.fr/var/plombier-mazaugues-83136/recherche-de-fuites,2026-07-22
www.etienne-services.fr,,,https://www.etienne-services.fr/var/plombier-meounes-les-montrieux-83136/debouchage-canalisation,2026-07-22
www.etienne-services.fr,,,https://www.etienne-services.fr/var/plombier-meounes-les-montrieux-83136/recherche-de-fuites,2026-07-22
www.etienne-services.fr,,,https://www.etienne-services.fr/var/plombier-moissac-bellevue-83630/debouchage-canalisation,2026-07-22
www.etienne-services.fr,,,https://www.etienne-services.fr/var/plombier-moissac-bellevue-83630/recherche-de-fuites,2026-07-22
www.etienne-services.fr,,,https://www.etienne-services.fr/var/plombier-mons-83440/debouchage-canalisation,2026-07-22
www.etienne-services.fr,,,https://www.etienne-services.fr/var/plombier-mons-83440/recherche-de-fuites,2026-07-22
www.etienne-services.fr,,,https://www.etienne-services.fr/var/plombier-montferrat-83131/debouchage-canalisation,2026-07-22
www.etienne-services.fr,,,https://www.etienne-services.fr/var/plombier-montferrat-83131/recherche-de-fuites,2026-07-22
www.etienne-services.fr,,,https://www.etienne-services.fr/var/plombier-montfort-sur-argens-83570/debouchage-canalisation,2026-07-22
www.etienne-services.fr,,,https://www.etienne-services.fr/var/plombier-montfort-sur-argens-83570/recherche-de-fuites,2026-07-22
www.etienne-services.fr,,,https://www.etienne-services.fr/var/plombier-montmeyan-83670/debouchage-canalisation,2026-07-22
www.etienne-services.fr,,,https://www.etienne-services.fr/var/plombier-montmeyan-83670/recherche-de-fuites,2026-07-22
www.etienne-services.fr,,,https://www.etienne-services.fr/var/plombier-nans-les-pins-83860/debouchage-canalisation,2026-07-22
www.etienne-services.fr,,,https://www.etienne-services.fr/var/plombier-nans-les-pins-83860/recherche-de-fuites,2026-07-22
www.etienne-services.fr,,,https://www.etienne-services.fr/var/plombier-neoules-83136/debouchage-canalisation,2026-07-22
www.etienne-services.fr,,,https://www.etienne-services.fr/var/plombier-neoules-83136/recherche-de-fuites,2026-07-22
www.etienne-services.fr,,,https://www.etienne-services.fr/var/plombier-ollieres-83470/debouchage-canalisation,2026-07-22
www.etienne-services.fr,,,https://www.etienne-services.fr/var/plombier-ollieres-83470/recherche-de-fuites,2026-07-22
www.etienne-services.fr,,,https://www.etienne-services.fr/var/plombier-pignans-83790/debouchage-canalisation,2026-07-22
www.etienne-services.fr,,,https://www.etienne-services.fr/var/plombier-pignans-83790/recherche-de-fuites,2026-07-22
www.etienne-services.fr,,,https://www.etienne-services.fr/var/plombier-plan-d-aups-sainte-baume-83640/debouchage-canalisation,2026-07-22
www.etienne-services.fr,,,https://www.etienne-services.fr/var/plombier-plan-d-aups-sainte-baume-83640/recherche-de-fuites,2026-07-22
www.etienne-services.fr,,,https://www.etienne-services.fr/var/plombier-ponteves-83670/debouchage-canalisation,2026-07-22
www.etienne-services.fr,,,https://www.etienne-services.fr/var/plombier-ponteves-83670/recherche-de-fuites,2026-07-22
www.etienne-services.fr,,,https://www.etienne-services.fr/var/plombier-pourcieux-83470/debouchage-canalisation,2026-07-22
www.etienne-services.fr,,,https://www.etienne-services.fr/var/plombier-pourcieux-83470/recherche-de-fuites,2026-07-22
www.etienne-services.fr,,,https://www.etienne-services.fr/var/plombier-pourrieres-83910/debouchage-canalisation,2026-07-22
www.etienne-services.fr,,,https://www.etienne-services.fr/var/plombier-pourrieres-83910/recherche-de-fuites,2026-07-22
www.etienne-services.fr,,,https://www.etienne-services.fr/var/plombier-puget-ville-83390/debouchage-canalisation,2026-07-22
www.etienne-services.fr,,,https://www.etienne-services.fr/var/plombier-puget-ville-83390/recherche-de-fuites,2026-07-22
www.etienne-services.fr,,,https://www.etienne-services.fr/var/plombier-ramatuelle-83350/debouchage-canalisation,2026-07-22
www.etienne-services.fr,,,https://www.etienne-services.fr/var/plombier-ramatuelle-83350/recherche-de-fuites,2026-07-22
www.etienne-services.fr,,,https://www.etienne-services.fr/var/plombier-rayol-canadel-sur-mer-83820/debouchage-canalisation,2026-07-22
www.etienne-services.fr,,,https://www.etienne-services.fr/var/plombier-rayol-canadel-sur-mer-83820/recherche-de-fuites,2026-07-22
www.etienne-services.fr,,,https://www.etienne-services.fr/var/plombier-regusse-83630/debouchage-canalisation,2026-07-22
www.etienne-services.fr,,,https://www.etienne-services.fr/var/plombier-regusse-83630/recherche-de-fuites,2026-07-22
www.etienne-services.fr,,,https://www.etienne-services.fr/var/plombier-rians-83560/debouchage-canalisation,2026-07-22
www.etienne-services.fr,,,https://www.etienne-services.fr/var/plombier-rians-83560/recherche-de-fuites,2026-07-22
www.etienne-services.fr,,,https://www.etienne-services.fr/var/plombier-riboux-13780/debouchage-canalisation,2026-07-22
www.etienne-services.fr,,,https://www.etienne-services.fr/var/plombier-rocbaron-83136/debouchage-canalisation,2026-07-22
www.etienne-services.fr,,,https://www.etienne-services.fr/var/plombier-rocbaron-83136/recherche-de-fuites,2026-07-22
www.etienne-services.fr,,,https://www.etienne-services.fr/var/plombier-rougiers-83170/debouchage-canalisation,2026-07-22
www.etienne-services.fr,,,https://www.etienne-services.fr/var/plombier-rougiers-83170/recherche-de-fuites,2026-07-22
www.etienne-services.fr,,,https://www.etienne-services.fr/var/plombier-saint-antonin-du-var-83510/debouchage-canalisation,2026-07-22
www.etienne-services.fr,,,https://www.etienne-services.fr/var/plombier-saint-antonin-du-var-83510/recherche-de-fuites,2026-07-22
www.etienne-services.fr,,,https://www.etienne-services.fr/var/plombier-saint-julien-83560/debouchage-canalisation,2026-07-22
www.etienne-services.fr,,,https://www.etienne-services.fr/var/plombier-saint-julien-83560/recherche-de-fuites,2026-07-22
www.etienne-services.fr,,,https://www.etienne-services.fr/var/plombier-saint-martin-83560/debouchage-canalisation,2026-07-22
www.etienne-services.fr,,,https://www.etienne-services.fr/var/plombier-saint-martin-83560/recherche-de-fuites,2026-07-22
www.etienne-services.fr,,,https://www.etienne-services.fr/var/plombier-saint-paul-en-foret-83440/debouchage-canalisation,2026-07-22
www.etienne-services.fr,,,https://www.etienne-services.fr/var/plombier-saint-paul-en-foret-83440/recherche-de-fuites,2026-07-22
www.etienne-services.fr,,,https://www.etienne-services.fr/var/plombier-saint-zacharie-83640/debouchage-canalisation,2026-07-22
www.etienne-services.fr,,,https://www.etienne-services.fr/var/plombier-saint-zacharie-83640/recherche-de-fuites,2026-07-22
www.etienne-services.fr,,,https://www.etienne-services.fr/var/plombier-sainte-anastasie-sur-issole-83136/debouchage-canalisation,2026-07-22
www.etienne-services.fr,,,https://www.etienne-services.fr/var/plombier-sainte-anastasie-sur-issole-83136/recherche-de-fuites,2026-07-22
www.etienne-services.fr,,,https://www.etienne-services.fr/var/plombier-salernes-83690/debouchage-canalisation,2026-07-22
www.etienne-services.fr,,,https://www.etienne-services.fr/var/plombier-salernes-83690/recherche-de-fuites,2026-07-22
www.etienne-services.fr,,,https://www.etienne-services.fr/var/plombier-seillans-83440/debouchage-canalisation,2026-07-22
www.etienne-services.fr,,,https://www.etienne-services.fr/var/plombier-seillans-83440/recherche-de-fuites,2026-07-22
www.etienne-services.fr,,,https://www.etienne-services.fr/var/plombier-seillons-source-d-argens-83470/debouchage-canalisation,2026-07-22
www.etienne-services.fr,,,https://www.etienne-services.fr/var/plombier-seillons-source-d-argens-83470/recherche-de-fuites,2026-07-22
www.etienne-services.fr,,,https://www.etienne-services.fr/var/plombier-signes-83870/debouchage-canalisation,2026-07-22
www.etienne-services.fr,,,https://www.etienne-services.fr/var/plombier-signes-83870/recherche-de-fuites,2026-07-22
www.etienne-services.fr,,,https://www.etienne-services.fr/var/plombier-sillans-la-cascade-83690/debouchage-canalisation,2026-07-22
www.etienne-services.fr,,,https://www.etienne-services.fr/var/plombier-sillans-la-cascade-83690/recherche-de-fuites,2026-07-22
www.etienne-services.fr,,,https://www.etienne-services.fr/var/plombier-sollies-ville-83210/debouchage-canalisation,2026-07-22
www.etienne-services.fr,,,https://www.etienne-services.fr/var/plombier-sollies-ville-83210/recherche-de-fuites,2026-07-22
www.etienne-services.fr,,,https://www.etienne-services.fr/var/plombier-tanneron-83440/debouchage-canalisation,2026-07-22
www.etienne-services.fr,,,https://www.etienne-services.fr/var/plombier-tanneron-83440/recherche-de-fuites,2026-07-22
www.etienne-services.fr,,,https://www.etienne-services.fr/var/plombier-taradeau-83460/debouchage-canalisation,2026-07-22
www.etienne-services.fr,,,https://www.etienne-services.fr/var/plombier-taradeau-83460/recherche-de-fuites,2026-07-22
www.etienne-services.fr,,,https://www.etienne-services.fr/var/plombier-tavernes-83670/debouchage-canalisation,2026-07-22
www.etienne-services.fr,,,https://www.etienne-services.fr/var/plombier-tavernes-83670/recherche-de-fuites,2026-07-22
www.etienne-services.fr,,,https://www.etienne-services.fr/var/plombier-tourrettes-83440/debouchage-canalisation,2026-07-22
www.etienne-services.fr,,,https://www.etienne-services.fr/var/plombier-tourrettes-83440/recherche-de-fuites,2026-07-22
www.etienne-services.fr,,,https://www.etienne-services.fr/var/plombier-tourtour-83690/debouchage-canalisation,2026-07-22
www.etienne-services.fr,,,https://www.etienne-services.fr/var/plombier-tourtour-83690/recherche-de-fuites,2026-07-22
www.etienne-services.fr,,,https://www.etienne-services.fr/var/plombier-tourves-83170/debouchage-canalisation,2026-07-22
www.etienne-services.fr,,,https://www.etienne-services.fr/var/plombier-tourves-83170/recherche-de-fuites,2026-07-22
www.etienne-services.fr,,,https://www.etienne-services.fr/var/plombier-trigance-83840/debouchage-canalisation,2026-07-22
www.etienne-services.fr,,,https://www.etienne-services.fr/var/plombier-trigance-83840/recherche-de-fuites,2026-07-22
www.etienne-services.fr,,,https://www.etienne-services.fr/var/plombier-varages-83670/debouchage-canalisation,2026-07-22
www.etienne-services.fr,,,https://www.etienne-services.fr/var/plombier-varages-83670/recherche-de-fuites,2026-07-22
www.etienne-services.fr,,,https://www.etienne-services.fr/var/plombier-verignon-83630/debouchage-canalisation,2026-07-22
www.etienne-services.fr,,,https://www.etienne-services.fr/var/plombier-verignon-83630/recherche-de-fuites,2026-07-22
www.etienne-services.fr,,,https://www.etienne-services.fr/var/plombier-villecroze-83690/debouchage-canalisation,2026-07-22
www.etienne-services.fr,,,https://www.etienne-services.fr/var/plombier-villecroze-83690/recherche-de-fuites,2026-07-22
www.etienne-services.fr,,,https://www.etienne-services.fr/var/plombier-vinon-sur-verdon-83560/debouchage-canalisation,2026-07-22
www.etienne-services.fr,,,https://www.etienne-services.fr/var/plombier-vinon-sur-verdon-83560/recherche-de-fuites,2026-07-22
www.etienne-services.fr,,,https://www.etienne-services.fr/var/plombier-vins-sur-caramy-83170/debouchage-canalisation,2026-07-22
www.etienne-services.fr,,,https://www.etienne-services.fr/var/plombier-vins-sur-caramy-83170/recherche-de-fuites,2026-07-22
www.etienne-services.fr,,,https://www.etienne-services.fr/yvelines/plombier-ablis-78660/debouchage-canalisation,2026-07-22
www.etienne-services.fr,,,https://www.etienne-services.fr/yvelines/plombier-ablis-78660/recherche-de-fuites,2026-07-22
www.etienne-services.fr,,,https://www.etienne-services.fr/yvelines/plombier-adainville-78113/debouchage-canalisation,2026-07-22
www.etienne-services.fr,,,https://www.etienne-services.fr/yvelines/plombier-adainville-78113/recherche-de-fuites,2026-07-22
www.etienne-services.fr,,,https://www.etienne-services.fr/yvelines/plombier-aigremont-78240/debouchage-canalisation,2026-07-22
www.etienne-services.fr,,,https://www.etienne-services.fr/yvelines/plombier-aigremont-78240/recherche-de-fuites,2026-07-22
www.etienne-services.fr,,,https://www.etienne-services.fr/yvelines/plombier-allainville-78660/debouchage-canalisation,2026-07-22
www.etienne-services.fr,,,https://www.etienne-services.fr/yvelines/plombier-allainville-78660/recherche-de-fuites,2026-07-22
www.etienne-services.fr,,,https://www.etienne-services.fr/yvelines/plombier-andelu-78770/debouchage-canalisation,2026-07-22
www.etienne-services.fr,,,https://www.etienne-services.fr/yvelines/plombier-andelu-78770/recherche-de-fuites,2026-07-22
www.etienne-services.fr,,,https://www.etienne-services.fr/yvelines/plombier-arnouville-les-mantes-78790/debouchage-canalisation,2026-07-22
www.etienne-services.fr,,,https://www.etienne-services.fr/yvelines/plombier-arnouville-les-mantes-78790/recherche-de-fuites,2026-07-22
www.etienne-services.fr,,,https://www.etienne-services.fr/yvelines/plombier-auffargis-78610/debouchage-canalisation,2026-07-22
www.etienne-services.fr,,,https://www.etienne-services.fr/yvelines/plombier-auffargis-78610/recherche-de-fuites,2026-07-22
www.etienne-services.fr,,,https://www.etienne-services.fr/yvelines/plombier-auffreville-brasseuil-78930/debouchage-canalisation,2026-07-22
www.etienne-services.fr,,,https://www.etienne-services.fr/yvelines/plombier-auffreville-brasseuil-78930/recherche-de-fuites,2026-07-22
www.etienne-services.fr,,,https://www.etienne-services.fr/yvelines/plombier-aulnay-sur-mauldre-78126/debouchage-canalisation,2026-07-22
www.etienne-services.fr,,,https://www.etienne-services.fr/yvelines/plombier-aulnay-sur-mauldre-78126/recherche-de-fuites,2026-07-22
www.etienne-services.fr,,,https://www.etienne-services.fr/yvelines/plombier-auteuil-78770/debouchage-canalisation,2026-07-22
www.etienne-services.fr,,,https://www.etienne-services.fr/yvelines/plombier-auteuil-78770/recherche-de-fuites,2026-07-22
www.etienne-services.fr,,,https://www.etienne-services.fr/yvelines/plombier-autouillet-78770/debouchage-canalisation,2026-07-22
www.etienne-services.fr,,,https://www.etienne-services.fr/yvelines/plombier-autouillet-78770/recherche-de-fuites,2026-07-22
www.etienne-services.fr,,,https://www.etienne-services.fr/yvelines/plombier-bailly-78870/debouchage-canalisation,2026-07-22
www.etienne-services.fr,,,https://www.etienne-services.fr/yvelines/plombier-bailly-78870/recherche-de-fuites,2026-07-22
www.etienne-services.fr,,,https://www.etienne-services.fr/yvelines/plombier-bazainville-78550/debouchage-canalisation,2026-07-22
www.etienne-services.fr,,,https://www.etienne-services.fr/yvelines/plombier-bazainville-78550/recherche-de-fuites,2026-07-22
www.etienne-services.fr,,,https://www.etienne-services.fr/yvelines/plombier-bazemont-78580/debouchage-canalisation,2026-07-22
www.etienne-services.fr,,,https://www.etienne-services.fr/yvelines/plombier-bazemont-78580/recherche-de-fuites,2026-07-22
www.etienne-services.fr,,,https://www.etienne-services.fr/yvelines/plombier-bazoches-sur-guyonne-78490/debouchage-canalisation,2026-07-22
www.etienne-services.fr,,,https://www.etienne-services.fr/yvelines/plombier-bazoches-sur-guyonne-78490/recherche-de-fuites,2026-07-22
www.etienne-services.fr,,,https://www.etienne-services.fr/yvelines/plombier-behoust-78910/debouchage-canalisation,2026-07-22
www.etienne-services.fr,,,https://www.etienne-services.fr/yvelines/plombier-behoust-78910/recherche-de-fuites,2026-07-22
www.etienne-services.fr,,,https://www.etienne-services.fr/yvelines/plombier-bennecourt-78270/debouchage-canalisation,2026-07-22
www.etienne-services.fr,,,https://www.etienne-services.fr/yvelines/plombier-bennecourt-78270/recherche-de-fuites,2026-07-22
www.etienne-services.fr,,,https://www.etienne-services.fr/yvelines/plombier-blaru-78270/debouchage-canalisation,2026-07-22
www.etienne-services.fr,,,https://www.etienne-services.fr/yvelines/plombier-blaru-78270/recherche-de-fuites,2026-07-22
www.etienne-services.fr,,,https://www.etienne-services.fr/yvelines/plombier-boinville-en-mantois-78930/debouchage-canalisation,2026-07-22
www.etienne-services.fr,,,https://www.etienne-services.fr/yvelines/plombier-boinville-en-mantois-78930/recherche-de-fuites,2026-07-22
www.etienne-services.fr,,,https://www.etienne-services.fr/yvelines/plombier-boinville-le-gaillard-78660/debouchage-canalisation,2026-07-22
www.etienne-services.fr,,,https://www.etienne-services.fr/yvelines/plombier-boinville-le-gaillard-78660/recherche-de-fuites,2026-07-22
www.etienne-services.fr,,,https://www.etienne-services.fr/yvelines/plombier-boinvilliers-78200/debouchage-canalisation,2026-07-22
www.etienne-services.fr,,,https://www.etienne-services.fr/yvelines/plombier-boinvilliers-78200/recherche-de-fuites,2026-07-22
www.etienne-services.fr,,,https://www.etienne-services.fr/yvelines/plombier-boissets-78910/debouchage-canalisation,2026-07-22
www.etienne-services.fr,,,https://www.etienne-services.fr/yvelines/plombier-boissets-78910/recherche-de-fuites,2026-07-22
www.etienne-services.fr,,,https://www.etienne-services.fr/yvelines/plombier-boissy-mauvoisin-78200/debouchage-canalisation,2026-07-22
www.etienne-services.fr,,,https://www.etienne-services.fr/yvelines/plombier-boissy-mauvoisin-78200/recherche-de-fuites,2026-07-22
www.etienne-services.fr,,,https://www.etienne-services.fr/yvelines/plombier-boissy-sans-avoir-78490/debouchage-canalisation,2026-07-22
www.etienne-services.fr,,,https://www.etienne-services.fr/yvelines/plombier-boissy-sans-avoir-78490/recherche-de-fuites,2026-07-22
www.etienne-services.fr,,,https://www.etienne-services.fr/yvelines/plombier-bonnelles-78830/debouchage-canalisation,2026-07-22
www.etienne-services.fr,,,https://www.etienne-services.fr/yvelines/plombier-bonnelles-78830/recherche-de-fuites,2026-07-22
www.etienne-services.fr,,,https://www.etienne-services.fr/yvelines/plombier-bonnieres-sur-seine-78270/debouchage-canalisation,2026-07-22
www.etienne-services.fr,,,https://www.etienne-services.fr/yvelines/plombier-bonnieres-sur-seine-78270/recherche-de-fuites,2026-07-22
www.etienne-services.fr,,,https://www.etienne-services.fr/yvelines/plombier-bouafle-78410/debouchage-canalisation,2026-07-22
www.etienne-services.fr,,,https://www.etienne-services.fr/yvelines/plombier-bouafle-78410/recherche-de-fuites,2026-07-22
www.etienne-services.fr,,,https://www.etienne-services.fr/yvelines/plombier-bourdonne-78113/debouchage-canalisation,2026-07-22
www.etienne-services.fr,,,https://www.etienne-services.fr/yvelines/plombier-bourdonne-78113/recherche-de-fuites,2026-07-22
www.etienne-services.fr,,,https://www.etienne-services.fr/yvelines/plombier-breuil-bois-robert-78930/debouchage-canalisation,2026-07-22
www.etienne-services.fr,,,https://www.etienne-services.fr/yvelines/plombier-breuil-bois-robert-78930/recherche-de-fuites,2026-07-22
www.etienne-services.fr,,,https://www.etienne-services.fr/yvelines/plombier-breval-78980/debouchage-canalisation,2026-07-22
www.etienne-services.fr,,,https://www.etienne-services.fr/yvelines/plombier-breval-78980/recherche-de-fuites,2026-07-22
www.etienne-services.fr,,,https://www.etienne-services.fr/yvelines/plombier-brueil-en-vexin-78440/debouchage-canalisation,2026-07-22
www.etienne-services.fr,,,https://www.etienne-services.fr/yvelines/plombier-brueil-en-vexin-78440/recherche-de-fuites,2026-07-22
www.etienne-services.fr,,,https://www.etienne-services.fr/yvelines/plombier-buchelay-78200/debouchage-canalisation,2026-07-22
www.etienne-services.fr,,,https://www.etienne-services.fr/yvelines/plombier-buchelay-78200/recherche-de-fuites,2026-07-22
www.etienne-services.fr,,,https://www.etienne-services.fr/yvelines/plombier-bullion-78830/debouchage-canalisation,2026-07-22
www.etienne-services.fr,,,https://www.etienne-services.fr/yvelines/plombier-bullion-78830/recherche-de-fuites,2026-07-22
www.etienne-services.fr,,,https://www.etienne-services.fr/yvelines/plombier-cernay-la-ville-78720/debouchage-canalisation,2026-07-22
www.etienne-services.fr,,,https://www.etienne-services.fr/yvelines/plombier-cernay-la-ville-78720/recherche-de-fuites,2026-07-22
www.etienne-services.fr,,,https://www.etienne-services.fr/yvelines/plombier-chapet-78130/debouchage-canalisation,2026-07-22
www.etienne-services.fr,,,https://www.etienne-services.fr/yvelines/plombier-chapet-78130/recherche-de-fuites,2026-07-22
www.etienne-services.fr,,,https://www.etienne-services.fr/yvelines/plombier-chateaufort-78117/debouchage-canalisation,2026-07-22
www.etienne-services.fr,,,https://www.etienne-services.fr/yvelines/plombier-chateaufort-78117/recherche-de-fuites,2026-07-22
www.etienne-services.fr,,,https://www.etienne-services.fr/yvelines/plombier-chaufour-les-bonnieres-78270/debouchage-canalisation,2026-07-22
www.etienne-services.fr,,,https://www.etienne-services.fr/yvelines/plombier-chaufour-les-bonnieres-78270/recherche-de-fuites,2026-07-22
www.etienne-services.fr,,,https://www.etienne-services.fr/yvelines/plombier-chavenay-78450/debouchage-canalisation,2026-07-22
www.etienne-services.fr,,,https://www.etienne-services.fr/yvelines/plombier-chavenay-78450/recherche-de-fuites,2026-07-22
www.etienne-services.fr,,,https://www.etienne-services.fr/yvelines/plombier-choisel-78460/debouchage-canalisation,2026-07-22
www.etienne-services.fr,,,https://www.etienne-services.fr/yvelines/plombier-choisel-78460/recherche-de-fuites,2026-07-22
www.etienne-services.fr,,,https://www.etienne-services.fr/yvelines/plombier-civry-la-foret-78910/debouchage-canalisation,2026-07-22
www.etienne-services.fr,,,https://www.etienne-services.fr/yvelines/plombier-civry-la-foret-78910/recherche-de-fuites,2026-07-22
www.etienne-services.fr,,,https://www.etienne-services.fr/yvelines/plombier-clairefontaine-en-yvelines-78120/debouchage-canalisation,2026-07-22
www.etienne-services.fr,,,https://www.etienne-services.fr/yvelines/plombier-clairefontaine-en-yvelines-78120/recherche-de-fuites,2026-07-22
www.etienne-services.fr,,,https://www.etienne-services.fr/yvelines/plombier-coignieres-78310/debouchage-canalisation,2026-07-22
www.etienne-services.fr,,,https://www.etienne-services.fr/yvelines/plombier-coignieres-78310/recherche-de-fuites,2026-07-22
www.etienne-services.fr,,,https://www.etienne-services.fr/yvelines/plombier-conde-sur-vesgre-78113/debouchage-canalisation,2026-07-22
www.etienne-services.fr,,,https://www.etienne-services.fr/yvelines/plombier-conde-sur-vesgre-78113/recherche-de-fuites,2026-07-22
www.etienne-services.fr,,,https://www.etienne-services.fr/yvelines/plombier-courgent-78790/debouchage-canalisation,2026-07-22
www.etienne-services.fr,,,https://www.etienne-services.fr/yvelines/plombier-courgent-78790/recherche-de-fuites,2026-07-22
www.etienne-services.fr,,,https://www.etienne-services.fr/yvelines/plombier-cravent-78270/debouchage-canalisation,2026-07-22
www.etienne-services.fr,,,https://www.etienne-services.fr/yvelines/plombier-cravent-78270/recherche-de-fuites,2026-07-22
www.etienne-services.fr,,,https://www.etienne-services.fr/yvelines/plombier-crespieres-78121/debouchage-canalisation,2026-07-22
www.etienne-services.fr,,,https://www.etienne-services.fr/yvelines/plombier-crespieres-78121/recherche-de-fuites,2026-07-22
www.etienne-services.fr,,,https://www.etienne-services.fr/yvelines/plombier-dammartin-en-serve-78111/debouchage-canalisation,2026-07-22
www.etienne-services.fr,,,https://www.etienne-services.fr/yvelines/plombier-dammartin-en-serve-78111/recherche-de-fuites,2026-07-22
www.etienne-services.fr,,,https://www.etienne-services.fr/yvelines/plombier-dampierre-en-yvelines-78720/debouchage-canalisation,2026-07-22
www.etienne-services.fr,,,https://www.etienne-services.fr/yvelines/plombier-dampierre-en-yvelines-78720/recherche-de-fuites,2026-07-22
www.etienne-services.fr,,,https://www.etienne-services.fr/yvelines/plombier-dannemarie-78550/debouchage-canalisation,2026-07-22
www.etienne-services.fr,,,https://www.etienne-services.fr/yvelines/plombier-dannemarie-78550/recherche-de-fuites,2026-07-22
www.etienne-services.fr,,,https://www.etienne-services.fr/yvelines/plombier-davron-78810/debouchage-canalisation,2026-07-22
www.etienne-services.fr,,,https://www.etienne-services.fr/yvelines/plombier-davron-78810/recherche-de-fuites,2026-07-22
www.etienne-services.fr,,,https://www.etienne-services.fr/yvelines/plombier-drocourt-78440/debouchage-canalisation,2026-07-22
www.etienne-services.fr,,,https://www.etienne-services.fr/yvelines/plombier-drocourt-78440/recherche-de-fuites,2026-07-22
www.etienne-services.fr,,,https://www.etienne-services.fr/yvelines/plombier-ecquevilly-78920/debouchage-canalisation,2026-07-22
www.etienne-services.fr,,,https://www.etienne-services.fr/yvelines/plombier-ecquevilly-78920/recherche-de-fuites,2026-07-22
www.etienne-services.fr,,,https://www.etienne-services.fr/yvelines/plombier-emance-78125/debouchage-canalisation,2026-07-22
www.etienne-services.fr,,,https://www.etienne-services.fr/yvelines/plombier-emance-78125/recherche-de-fuites,2026-07-22
www.etienne-services.fr,,,https://www.etienne-services.fr/yvelines/plombier-evecquemont-78740/debouchage-canalisation,2026-07-22
www.etienne-services.fr,,,https://www.etienne-services.fr/yvelines/plombier-evecquemont-78740/recherche-de-fuites,2026-07-22
www.etienne-services.fr,,,https://www.etienne-services.fr/yvelines/plombier-favrieux-78200/debouchage-canalisation,2026-07-22
www.etienne-services.fr,,,https://www.etienne-services.fr/yvelines/plombier-favrieux-78200/recherche-de-fuites,2026-07-22
www.etienne-services.fr,,,https://www.etienne-services.fr/yvelines/plombier-feucherolles-78810/debouchage-canalisation,2026-07-22
www.etienne-services.fr,,,https://www.etienne-services.fr/yvelines/plombier-feucherolles-78810/recherche-de-fuites,2026-07-22
www.etienne-services.fr,,,https://www.etienne-services.fr/yvelines/plombier-flacourt-78200/debouchage-canalisation,2026-07-22
www.etienne-services.fr,,,https://www.etienne-services.fr/yvelines/plombier-flacourt-78200/recherche-de-fuites,2026-07-22
www.etienne-services.fr,,,https://www.etienne-services.fr/yvelines/plombier-flexanville-78910/debouchage-canalisation,2026-07-22
www.etienne-services.fr,,,https://www.etienne-services.fr/yvelines/plombier-flexanville-78910/recherche-de-fuites,2026-07-22
www.etienne-services.fr,,,https://www.etienne-services.fr/yvelines/plombier-flins-neuve-eglise-78790/debouchage-canalisation,2026-07-22
www.etienne-services.fr,,,https://www.etienne-services.fr/yvelines/plombier-flins-neuve-eglise-78790/recherche-de-fuites,2026-07-22
www.etienne-services.fr,,,https://www.etienne-services.fr/yvelines/plombier-flins-sur-seine-78410/debouchage-canalisation,2026-07-22
www.etienne-services.fr,,,https://www.etienne-services.fr/yvelines/plombier-flins-sur-seine-78410/recherche-de-fuites,2026-07-22
www.etienne-services.fr,,,https://www.etienne-services.fr/yvelines/plombier-follainville-dennemont-78520/debouchage-canalisation,2026-07-22
www.etienne-services.fr,,,https://www.etienne-services.fr/yvelines/plombier-follainville-dennemont-78520/recherche-de-fuites,2026-07-22
www.etienne-services.fr,,,https://www.etienne-services.fr/yvelines/plombier-fontenay-mauvoisin-78200/debouchage-canalisation,2026-07-22
www.etienne-services.fr,,,https://www.etienne-services.fr/yvelines/plombier-fontenay-mauvoisin-78200/recherche-de-fuites,2026-07-22
www.etienne-services.fr,,,https://www.etienne-services.fr/yvelines/plombier-fontenay-saint-pere-78440/debouchage-canalisation,2026-07-22
www.etienne-services.fr,,,https://www.etienne-services.fr/yvelines/plombier-fontenay-saint-pere-78440/recherche-de-fuites,2026-07-22
www.etienne-services.fr,,,https://www.etienne-services.fr/yvelines/plombier-fourqueux-78112/debouchage-canalisation,2026-07-22
www.etienne-services.fr,,,https://www.etienne-services.fr/yvelines/plombier-fourqueux-78112/recherche-de-fuites,2026-07-22
www.etienne-services.fr,,,https://www.etienne-services.fr/yvelines/plombier-freneuse-78840/debouchage-canalisation,2026-07-22
www.etienne-services.fr,,,https://www.etienne-services.fr/yvelines/plombier-freneuse-78840/recherche-de-fuites,2026-07-22
www.etienne-services.fr,,,https://www.etienne-services.fr/yvelines/plombier-gaillon-sur-montcient-78250/debouchage-canalisation,2026-07-22
www.etienne-services.fr,,,https://www.etienne-services.fr/yvelines/plombier-gaillon-sur-montcient-78250/recherche-de-fuites,2026-07-22
www.etienne-services.fr,,,https://www.etienne-services.fr/yvelines/plombier-galluis-78490/debouchage-canalisation,2026-07-22
www.etienne-services.fr,,,https://www.etienne-services.fr/yvelines/plombier-galluis-78490/recherche-de-fuites,2026-07-22
www.etienne-services.fr,,,https://www.etienne-services.fr/yvelines/plombier-gambais-78950/debouchage-canalisation,2026-07-22
www.etienne-services.fr,,,https://www.etienne-services.fr/yvelines/plombier-gambais-78950/recherche-de-fuites,2026-07-22
www.etienne-services.fr,,,https://www.etienne-services.fr/yvelines/plombier-gambaiseuil-78490/debouchage-canalisation,2026-07-22
www.etienne-services.fr,,,https://www.etienne-services.fr/yvelines/plombier-gambaiseuil-78490/recherche-de-fuites,2026-07-22
www.etienne-services.fr,,,https://www.etienne-services.fr/yvelines/plombier-garancieres-78890/debouchage-canalisation,2026-07-22
www.etienne-services.fr,,,https://www.etienne-services.fr/yvelines/plombier-garancieres-78890/recherche-de-fuites,2026-07-22
www.etienne-services.fr,,,https://www.etienne-services.fr/yvelines/plombier-gazeran-78125/debouchage-canalisation,2026-07-22
www.etienne-services.fr,,,https://www.etienne-services.fr/yvelines/plombier-gazeran-78125/recherche-de-fuites,2026-07-22
www.etienne-services.fr,,,https://www.etienne-services.fr/yvelines/plombier-gommecourt-78270/debouchage-canalisation,2026-07-22
www.etienne-services.fr,,,https://www.etienne-services.fr/yvelines/plombier-gommecourt-78270/recherche-de-fuites,2026-07-22
www.etienne-services.fr,,,https://www.etienne-services.fr/yvelines/plombier-goupillieres-78770/debouchage-canalisation,2026-07-22
www.etienne-services.fr,,,https://www.etienne-services.fr/yvelines/plombier-goupillieres-78770/recherche-de-fuites,2026-07-22
www.etienne-services.fr,,,https://www.etienne-services.fr/yvelines/plombier-goussonville-78930/debouchage-canalisation,2026-07-22
www.etienne-services.fr,,,https://www.etienne-services.fr/yvelines/plombier-goussonville-78930/recherche-de-fuites,2026-07-22
www.etienne-services.fr,,,https://www.etienne-services.fr/yvelines/plombier-grandchamp-78113/debouchage-canalisation,2026-07-22
www.etienne-services.fr,,,https://www.etienne-services.fr/yvelines/plombier-grandchamp-78113/recherche-de-fuites,2026-07-22
www.etienne-services.fr,,,https://www.etienne-services.fr/yvelines/plombier-gressey-78550/debouchage-canalisation,2026-07-22
www.etienne-services.fr,,,https://www.etienne-services.fr/yvelines/plombier-gressey-78550/recherche-de-fuites,2026-07-22
www.etienne-services.fr,,,https://www.etienne-services.fr/yvelines/plombier-grosrouvre-78490/debouchage-canalisation,2026-07-22
www.etienne-services.fr,,,https://www.etienne-services.fr/yvelines/plombier-grosrouvre-78490/recherche-de-fuites,2026-07-22
www.etienne-services.fr,,,https://www.etienne-services.fr/yvelines/plombier-guernes-78520/debouchage-canalisation,2026-07-22
www.etienne-services.fr,,,https://www.etienne-services.fr/yvelines/plombier-guernes-78520/recherche-de-fuites,2026-07-22
www.etienne-services.fr,,,https://www.etienne-services.fr/yvelines/plombier-guerville-78930/debouchage-canalisation,2026-07-22
www.etienne-services.fr,,,https://www.etienne-services.fr/yvelines/plombier-guerville-78930/recherche-de-fuites,2026-07-22
www.etienne-services.fr,,,https://www.etienne-services.fr/yvelines/plombier-guitrancourt-78440/debouchage-canalisation,2026-07-22
www.etienne-services.fr,,,https://www.etienne-services.fr/yvelines/plombier-guitrancourt-78440/recherche-de-fuites,2026-07-22
www.etienne-services.fr,,,https://www.etienne-services.fr/yvelines/plombier-hardricourt-78250/debouchage-canalisation,2026-07-22
www.etienne-services.fr,,,https://www.etienne-services.fr/yvelines/plombier-hardricourt-78250/recherche-de-fuites,2026-07-22
www.etienne-services.fr,,,https://www.etienne-services.fr/yvelines/plombier-hargeville-78790/debouchage-canalisation,2026-07-22
www.etienne-services.fr,,,https://www.etienne-services.fr/yvelines/plombier-hargeville-78790/recherche-de-fuites,2026-07-22
www.etienne-services.fr,,,https://www.etienne-services.fr/yvelines/plombier-herbeville-78580/debouchage-canalisation,2026-07-22
www.etienne-services.fr,,,https://www.etienne-services.fr/yvelines/plombier-herbeville-78580/recherche-de-fuites,2026-07-22
www.etienne-services.fr,,,https://www.etienne-services.fr/yvelines/plombier-hermeray-78125/debouchage-canalisation,2026-07-22
www.etienne-services.fr,,,https://www.etienne-services.fr/yvelines/plombier-hermeray-78125/recherche-de-fuites,2026-07-22
www.etienne-services.fr,,,https://www.etienne-services.fr/yvelines/plombier-houdan-78550/debouchage-canalisation,2026-07-22
www.etienne-services.fr,,,https://www.etienne-services.fr/yvelines/plombier-houdan-78550/recherche-de-fuites,2026-07-22
www.etienne-services.fr,,,https://www.etienne-services.fr/yvelines/plombier-issou-78440/debouchage-canalisation,2026-07-22
www.etienne-services.fr,,,https://www.etienne-services.fr/yvelines/plombier-issou-78440/recherche-de-fuites,2026-07-22
www.etienne-services.fr,,,https://www.etienne-services.fr/yvelines/plombier-jambville-78440/debouchage-canalisation,2026-07-22
www.etienne-services.fr,,,https://www.etienne-services.fr/yvelines/plombier-jambville-78440/recherche-de-fuites,2026-07-22
www.etienne-services.fr,,,https://www.etienne-services.fr/yvelines/plombier-jeufosse-78270/debouchage-canalisation,2026-07-22
www.etienne-services.fr,,,https://www.etienne-services.fr/yvelines/plombier-jeufosse-78270/recherche-de-fuites,2026-07-22
www.etienne-services.fr,,,https://www.etienne-services.fr/yvelines/plombier-jouy-mauvoisin-78200/debouchage-canalisation,2026-07-22
www.etienne-services.fr,,,https://www.etienne-services.fr/yvelines/plombier-jouy-mauvoisin-78200/recherche-de-fuites,2026-07-22
www.etienne-services.fr,,,https://www.etienne-services.fr/yvelines/plombier-jumeauville-78580/debouchage-canalisation,2026-07-22
www.etienne-services.fr,,,https://www.etienne-services.fr/yvelines/plombier-jumeauville-78580/recherche-de-fuites,2026-07-22
www.etienne-services.fr,,,https://www.etienne-services.fr/yvelines/plombier-juziers-78820/debouchage-canalisation,2026-07-22
www.etienne-services.fr,,,https://www.etienne-services.fr/yvelines/plombier-juziers-78820/recherche-de-fuites,2026-07-22
www.etienne-services.fr,,,https://www.etienne-services.fr/yvelines/plombier-l-etang-la-ville-78620/debouchage-canalisation,2026-07-22
www.etienne-services.fr,,,https://www.etienne-services.fr/yvelines/plombier-l-etang-la-ville-78620/recherche-de-fuites,2026-07-22
www.etienne-services.fr,,,https://www.etienne-services.fr/yvelines/plombier-la-boissiere-ecole-78125/debouchage-canalisation,2026-07-22
www.etienne-services.fr,,,https://www.etienne-services.fr/yvelines/plombier-la-boissiere-ecole-78125/recherche-de-fuites,2026-07-22
www.etienne-services.fr,,,https://www.etienne-services.fr/yvelines/plombier-la-celle-les-bordes-78720/debouchage-canalisation,2026-07-22
www.etienne-services.fr,,,https://www.etienne-services.fr/yvelines/plombier-la-celle-les-bordes-78720/recherche-de-fuites,2026-07-22
www.etienne-services.fr,,,https://www.etienne-services.fr/yvelines/plombier-la-falaise-78410/debouchage-canalisation,2026-07-22
www.etienne-services.fr,,,https://www.etienne-services.fr/yvelines/plombier-la-falaise-78410/recherche-de-fuites,2026-07-22
www.etienne-services.fr,,,https://www.etienne-services.fr/yvelines/plombier-la-hauteville-78113/debouchage-canalisation,2026-07-22
www.etienne-services.fr,,,https://www.etienne-services.fr/yvelines/plombier-la-hauteville-78113/recherche-de-fuites,2026-07-22
www.etienne-services.fr,,,https://www.etienne-services.fr/yvelines/plombier-la-queue-les-yvelines-78940/debouchage-canalisation,2026-07-22
www.etienne-services.fr,,,https://www.etienne-services.fr/yvelines/plombier-la-queue-les-yvelines-78940/recherche-de-fuites,2026-07-22
www.etienne-services.fr,,,https://www.etienne-services.fr/yvelines/plombier-la-villeneuve-en-chevrie-78270/debouchage-canalisation,2026-07-22
www.etienne-services.fr,,,https://www.etienne-services.fr/yvelines/plombier-la-villeneuve-en-chevrie-78270/recherche-de-fuites,2026-07-22
www.etienne-services.fr,,,https://www.etienne-services.fr/yvelines/plombier-lainville-en-vexin-78440/debouchage-canalisation,2026-07-22
www.etienne-services.fr,,,https://www.etienne-services.fr/yvelines/plombier-lainville-en-vexin-78440/recherche-de-fuites,2026-07-22
www.etienne-services.fr,,,https://www.etienne-services.fr/yvelines/plombier-le-port-marly-78560/debouchage-canalisation,2026-07-22
www.etienne-services.fr,,,https://www.etienne-services.fr/yvelines/plombier-le-port-marly-78560/recherche-de-fuites,2026-07-22
www.etienne-services.fr,,,https://www.etienne-services.fr/yvelines/plombier-le-tartre-gaudran-78113/debouchage-canalisation,2026-07-22
www.etienne-services.fr,,,https://www.etienne-services.fr/yvelines/plombier-le-tartre-gaudran-78113/recherche-de-fuites,2026-07-22
www.etienne-services.fr,,,https://www.etienne-services.fr/yvelines/plombier-le-tertre-saint-denis-78980/debouchage-canalisation,2026-07-22
www.etienne-services.fr,,,https://www.etienne-services.fr/yvelines/plombier-le-tertre-saint-denis-78980/recherche-de-fuites,2026-07-22
www.etienne-services.fr,,,https://www.etienne-services.fr/yvelines/plombier-le-tremblay-sur-mauldre-78490/debouchage-canalisation,2026-07-22
www.etienne-services.fr,,,https://www.etienne-services.fr/yvelines/plombier-le-tremblay-sur-mauldre-78490/recherche-de-fuites,2026-07-22
www.etienne-services.fr,,,https://www.etienne-services.fr/yvelines/plombier-les-alluets-le-roi-78580/debouchage-canalisation,2026-07-22
www.etienne-services.fr,,,https://www.etienne-services.fr/yvelines/plombier-les-alluets-le-roi-78580/recherche-de-fuites,2026-07-22
www.etienne-services.fr,,,https://www.etienne-services.fr/yvelines/plombier-les-breviaires-78610/debouchage-canalisation,2026-07-22
www.etienne-services.fr,,,https://www.etienne-services.fr/yvelines/plombier-les-breviaires-78610/recherche-de-fuites,2026-07-22
www.etienne-services.fr,,,https://www.etienne-services.fr/yvelines/plombier-les-loges-en-josas-78350/debouchage-canalisation,2026-07-22
www.etienne-services.fr,,,https://www.etienne-services.fr/yvelines/plombier-les-loges-en-josas-78350/recherche-de-fuites,2026-07-22
www.etienne-services.fr,,,https://www.etienne-services.fr/yvelines/plombier-les-mesnuls-78490/debouchage-canalisation,2026-07-22
www.etienne-services.fr,,,https://www.etienne-services.fr/yvelines/plombier-les-mesnuls-78490/recherche-de-fuites,2026-07-22
www.etienne-services.fr,,,https://www.etienne-services.fr/yvelines/plombier-levis-saint-nom-78320/debouchage-canalisation,2026-07-22
www.etienne-services.fr,,,https://www.etienne-services.fr/yvelines/plombier-levis-saint-nom-78320/recherche-de-fuites,2026-07-22
www.etienne-services.fr,,,https://www.etienne-services.fr/yvelines/plombier-limetz-villez-78270/debouchage-canalisation,2026-07-22
www.etienne-services.fr,,,https://www.etienne-services.fr/yvelines/plombier-limetz-villez-78270/recherche-de-fuites,2026-07-22
www.etienne-services.fr,,,https://www.etienne-services.fr/yvelines/plombier-lommoye-78270/debouchage-canalisation,2026-07-22
www.etienne-services.fr,,,https://www.etienne-services.fr/yvelines/plombier-lommoye-78270/recherche-de-fuites,2026-07-22
www.etienne-services.fr,,,https://www.etienne-services.fr/yvelines/plombier-longnes-78980/debouchage-canalisation,2026-07-22
www.etienne-services.fr,,,https://www.etienne-services.fr/yvelines/plombier-longnes-78980/recherche-de-fuites,2026-07-22
www.etienne-services.fr,,,https://www.etienne-services.fr/yvelines/plombier-longvilliers-78730/debouchage-canalisation,2026-07-22
www.etienne-services.fr,,,https://www.etienne-services.fr/yvelines/plombier-longvilliers-78730/recherche-de-fuites,2026-07-22
www.etienne-services.fr,,,https://www.etienne-services.fr/yvelines/plombier-marcq-78770/debouchage-canalisation,2026-07-22
www.etienne-services.fr,,,https://www.etienne-services.fr/yvelines/plombier-marcq-78770/recherche-de-fuites,2026-07-22
www.etienne-services.fr,,,https://www.etienne-services.fr/yvelines/plombier-mareil-le-guyon-78490/debouchage-canalisation,2026-07-22
www.etienne-services.fr,,,https://www.etienne-services.fr/yvelines/plombier-mareil-le-guyon-78490/recherche-de-fuites,2026-07-22
www.etienne-services.fr,,,https://www.etienne-services.fr/yvelines/plombier-mareil-marly-78750/debouchage-canalisation,2026-07-22
www.etienne-services.fr,,,https://www.etienne-services.fr/yvelines/plombier-mareil-marly-78750/recherche-de-fuites,2026-07-22
www.etienne-services.fr,,,https://www.etienne-services.fr/yvelines/plombier-mareil-sur-mauldre-78124/debouchage-canalisation,2026-07-22
www.etienne-services.fr,,,https://www.etienne-services.fr/yvelines/plombier-mareil-sur-mauldre-78124/recherche-de-fuites,2026-07-22
www.etienne-services.fr,,,https://www.etienne-services.fr/yvelines/plombier-maulette-78550/debouchage-canalisation,2026-07-22
www.etienne-services.fr,,,https://www.etienne-services.fr/yvelines/plombier-maulette-78550/recherche-de-fuites,2026-07-22
www.etienne-services.fr,,,https://www.etienne-services.fr/yvelines/plombier-maurecourt-78780/debouchage-canalisation,2026-07-22
www.etienne-services.fr,,,https://www.etienne-services.fr/yvelines/plombier-maurecourt-78780/recherche-de-fuites,2026-07-22
www.etienne-services.fr,,,https://www.etienne-services.fr/yvelines/plombier-medan-78670/debouchage-canalisation,2026-07-22
www.etienne-services.fr,,,https://www.etienne-services.fr/yvelines/plombier-medan-78670/recherche-de-fuites,2026-07-22
www.etienne-services.fr,,,https://www.etienne-services.fr/yvelines/plombier-menerville-78200/debouchage-canalisation,2026-07-22
www.etienne-services.fr,,,https://www.etienne-services.fr/yvelines/plombier-menerville-78200/recherche-de-fuites,2026-07-22
www.etienne-services.fr,,,https://www.etienne-services.fr/yvelines/plombier-mere-78490/debouchage-canalisation,2026-07-22
www.etienne-services.fr,,,https://www.etienne-services.fr/yvelines/plombier-mere-78490/recherche-de-fuites,2026-07-22
www.etienne-services.fr,,,https://www.etienne-services.fr/yvelines/plombier-mericourt-78270/debouchage-canalisation,2026-07-22
www.etienne-services.fr,,,https://www.etienne-services.fr/yvelines/plombier-mericourt-78270/recherche-de-fuites,2026-07-22
www.etienne-services.fr,,,https://www.etienne-services.fr/yvelines/plombier-mezieres-sur-seine-78970/debouchage-canalisation,2026-07-22
www.etienne-services.fr,,,https://www.etienne-services.fr/yvelines/plombier-mezieres-sur-seine-78970/recherche-de-fuites,2026-07-22
www.etienne-services.fr,,,https://www.etienne-services.fr/yvelines/plombier-mezy-sur-seine-78250/debouchage-canalisation,2026-07-22
www.etienne-services.fr,,,https://www.etienne-services.fr/yvelines/plombier-mezy-sur-seine-78250/recherche-de-fuites,2026-07-22
www.etienne-services.fr,,,https://www.etienne-services.fr/yvelines/plombier-millemont-78940/debouchage-canalisation,2026-07-22
www.etienne-services.fr,,,https://www.etienne-services.fr/yvelines/plombier-millemont-78940/recherche-de-fuites,2026-07-22
www.etienne-services.fr,,,https://www.etienne-services.fr/yvelines/plombier-milon-la-chapelle-78470/debouchage-canalisation,2026-07-22
www.etienne-services.fr,,,https://www.etienne-services.fr/yvelines/plombier-milon-la-chapelle-78470/recherche-de-fuites,2026-07-22
www.etienne-services.fr,,,https://www.etienne-services.fr/yvelines/plombier-mittainville-78125/debouchage-canalisation,2026-07-22
www.etienne-services.fr,,,https://www.etienne-services.fr/yvelines/plombier-mittainville-78125/recherche-de-fuites,2026-07-22
www.etienne-services.fr,,,https://www.etienne-services.fr/yvelines/plombier-moisson-78840/debouchage-canalisation,2026-07-22
www.etienne-services.fr,,,https://www.etienne-services.fr/yvelines/plombier-moisson-78840/recherche-de-fuites,2026-07-22
www.etienne-services.fr,,,https://www.etienne-services.fr/yvelines/plombier-mondreville-78980/debouchage-canalisation,2026-07-22
www.etienne-services.fr,,,https://www.etienne-services.fr/yvelines/plombier-mondreville-78980/recherche-de-fuites,2026-07-22
www.etienne-services.fr,,,https://www.etienne-services.fr/yvelines/plombier-montainville-78124/debouchage-canalisation,2026-07-22
www.etienne-services.fr,,,https://www.etienne-services.fr/yvelines/plombier-montainville-78124/recherche-de-fuites,2026-07-22
www.etienne-services.fr,,,https://www.etienne-services.fr/yvelines/plombier-montalet-le-bois-78440/debouchage-canalisation,2026-07-22
www.etienne-services.fr,,,https://www.etienne-services.fr/yvelines/plombier-montalet-le-bois-78440/recherche-de-fuites,2026-07-22
www.etienne-services.fr,,,https://www.etienne-services.fr/yvelines/plombier-montchauvet-78790/debouchage-canalisation,2026-07-22
www.etienne-services.fr,,,https://www.etienne-services.fr/yvelines/plombier-montchauvet-78790/recherche-de-fuites,2026-07-22
www.etienne-services.fr,,,https://www.etienne-services.fr/yvelines/plombier-montfort-l-amaury-78490/debouchage-canalisation,2026-07-22
www.etienne-services.fr,,,https://www.etienne-services.fr/yvelines/plombier-montfort-l-amaury-78490/recherche-de-fuites,2026-07-22
www.etienne-services.fr,,,https://www.etienne-services.fr/yvelines/plombier-morainvilliers-78630/debouchage-canalisation,2026-07-22
www.etienne-services.fr,,,https://www.etienne-services.fr/yvelines/plombier-morainvilliers-78630/recherche-de-fuites,2026-07-22
www.etienne-services.fr,,,https://www.etienne-services.fr/yvelines/plombier-mousseaux-sur-seine-78270/debouchage-canalisation,2026-07-22
www.etienne-services.fr,,,https://www.etienne-services.fr/yvelines/plombier-mousseaux-sur-seine-78270/recherche-de-fuites,2026-07-22
www.etienne-services.fr,,,https://www.etienne-services.fr/yvelines/plombier-mulcent-78790/debouchage-canalisation,2026-07-22
www.etienne-services.fr,,,https://www.etienne-services.fr/yvelines/plombier-mulcent-78790/recherche-de-fuites,2026-07-22
www.etienne-services.fr,,,https://www.etienne-services.fr/yvelines/plombier-neauphle-le-chateau-78640/debouchage-canalisation,2026-07-22
www.etienne-services.fr,,,https://www.etienne-services.fr/yvelines/plombier-neauphle-le-chateau-78640/recherche-de-fuites,2026-07-22
www.etienne-services.fr,,,https://www.etienne-services.fr/yvelines/plombier-neauphle-le-vieux-78640/debouchage-canalisation,2026-07-22
www.etienne-services.fr,,,https://www.etienne-services.fr/yvelines/plombier-neauphle-le-vieux-78640/recherche-de-fuites,2026-07-22
www.etienne-services.fr,,,https://www.etienne-services.fr/yvelines/plombier-neauphlette-78980/debouchage-canalisation,2026-07-22
www.etienne-services.fr,,,https://www.etienne-services.fr/yvelines/plombier-neauphlette-78980/recherche-de-fuites,2026-07-22
www.etienne-services.fr,,,https://www.etienne-services.fr/yvelines/plombier-nezel-78410/debouchage-canalisation,2026-07-22
www.etienne-services.fr,,,https://www.etienne-services.fr/yvelines/plombier-nezel-78410/recherche-de-fuites,2026-07-22
www.etienne-services.fr,,,https://www.etienne-services.fr/yvelines/plombier-oinville-sur-montcient-78250/debouchage-canalisation,2026-07-22
www.etienne-services.fr,,,https://www.etienne-services.fr/yvelines/plombier-oinville-sur-montcient-78250/recherche-de-fuites,2026-07-22
www.etienne-services.fr,,,https://www.etienne-services.fr/yvelines/plombier-orcemont-78125/debouchage-canalisation,2026-07-22
www.etienne-services.fr,,,https://www.etienne-services.fr/yvelines/plombier-orcemont-78125/recherche-de-fuites,2026-07-22
www.etienne-services.fr,,,https://www.etienne-services.fr/yvelines/plombier-orgerus-78910/debouchage-canalisation,2026-07-22
www.etienne-services.fr,,,https://www.etienne-services.fr/yvelines/plombier-orgerus-78910/recherche-de-fuites,2026-07-22
www.etienne-services.fr,,,https://www.etienne-services.fr/yvelines/plombier-orphin-78125/debouchage-canalisation,2026-07-22
www.etienne-services.fr,,,https://www.etienne-services.fr/yvelines/plombier-orphin-78125/recherche-de-fuites,2026-07-22
www.etienne-services.fr,,,https://www.etienne-services.fr/yvelines/plombier-orsonville-78660/debouchage-canalisation,2026-07-22
www.etienne-services.fr,,,https://www.etienne-services.fr/yvelines/plombier-orsonville-78660/recherche-de-fuites,2026-07-22
www.etienne-services.fr,,,https://www.etienne-services.fr/yvelines/plombier-orvilliers-78910/debouchage-canalisation,2026-07-22
www.etienne-services.fr,,,https://www.etienne-services.fr/yvelines/plombier-orvilliers-78910/recherche-de-fuites,2026-07-22
www.etienne-services.fr,,,https://www.etienne-services.fr/yvelines/plombier-osmoy-78910/debouchage-canalisation,2026-07-22
www.etienne-services.fr,,,https://www.etienne-services.fr/yvelines/plombier-osmoy-78910/recherche-de-fuites,2026-07-22
www.etienne-services.fr,,,https://www.etienne-services.fr/yvelines/plombier-paray-douaville-78660/debouchage-canalisation,2026-07-22
www.etienne-services.fr,,,https://www.etienne-services.fr/yvelines/plombier-paray-douaville-78660/recherche-de-fuites,2026-07-22
www.etienne-services.fr,,,https://www.etienne-services.fr/yvelines/plombier-perdreauville-78200/debouchage-canalisation,2026-07-22
www.etienne-services.fr,,,https://www.etienne-services.fr/yvelines/plombier-perdreauville-78200/recherche-de-fuites,2026-07-22
www.etienne-services.fr,,,https://www.etienne-services.fr/yvelines/plombier-poigny-la-foret-78125/debouchage-canalisation,2026-07-22
www.etienne-services.fr,,,https://www.etienne-services.fr/yvelines/plombier-poigny-la-foret-78125/recherche-de-fuites,2026-07-22
www.etienne-services.fr,,,https://www.etienne-services.fr/yvelines/plombier-ponthevrard-78730/debouchage-canalisation,2026-07-22
www.etienne-services.fr,,,https://www.etienne-services.fr/yvelines/plombier-ponthevrard-78730/recherche-de-fuites,2026-07-22
www.etienne-services.fr,,,https://www.etienne-services.fr/yvelines/plombier-porcheville-78440/debouchage-canalisation,2026-07-22
www.etienne-services.fr,,,https://www.etienne-services.fr/yvelines/plombier-porcheville-78440/recherche-de-fuites,2026-07-22
www.etienne-services.fr,,,https://www.etienne-services.fr/yvelines/plombier-port-villez-78270/debouchage-canalisation,2026-07-22
www.etienne-services.fr,,,https://www.etienne-services.fr/yvelines/plombier-port-villez-78270/recherche-de-fuites,2026-07-22
www.etienne-services.fr,,,https://www.etienne-services.fr/yvelines/plombier-prunay-en-yvelines-78660/debouchage-canalisation,2026-07-22
www.etienne-services.fr,,,https://www.etienne-services.fr/yvelines/plombier-prunay-en-yvelines-78660/recherche-de-fuites,2026-07-22
www.etienne-services.fr,,,https://www.etienne-services.fr/yvelines/plombier-prunay-le-temple-78910/debouchage-canalisation,2026-07-22
www.etienne-services.fr,,,https://www.etienne-services.fr/yvelines/plombier-prunay-le-temple-78910/recherche-de-fuites,2026-07-22
www.etienne-services.fr,,,https://www.etienne-services.fr/yvelines/plombier-raizeux-78125/debouchage-canalisation,2026-07-22
www.etienne-services.fr,,,https://www.etienne-services.fr/yvelines/plombier-raizeux-78125/recherche-de-fuites,2026-07-22
www.etienne-services.fr,,,https://www.etienne-services.fr/yvelines/plombier-rennemoulin-78590/debouchage-canalisation,2026-07-22
www.etienne-services.fr,,,https://www.etienne-services.fr/yvelines/plombier-rennemoulin-78590/recherche-de-fuites,2026-07-22
www.etienne-services.fr,,,https://www.etienne-services.fr/yvelines/plombier-richebourg-78550/debouchage-canalisation,2026-07-22
www.etienne-services.fr,,,https://www.etienne-services.fr/yvelines/plombier-richebourg-78550/recherche-de-fuites,2026-07-22
www.etienne-services.fr,,,https://www.etienne-services.fr/yvelines/plombier-rochefort-en-yvelines-78730/debouchage-canalisation,2026-07-22
www.etienne-services.fr,,,https://www.etienne-services.fr/yvelines/plombier-rochefort-en-yvelines-78730/recherche-de-fuites,2026-07-22
www.etienne-services.fr,,,https://www.etienne-services.fr/yvelines/plombier-rocquencourt-78150/debouchage-canalisation,2026-07-22
www.etienne-services.fr,,,https://www.etienne-services.fr/yvelines/plombier-rocquencourt-78150/recherche-de-fuites,2026-07-22
www.etienne-services.fr,,,https://www.etienne-services.fr/yvelines/plombier-rolleboise-78270/debouchage-canalisation,2026-07-22
www.etienne-services.fr,,,https://www.etienne-services.fr/yvelines/plombier-rolleboise-78270/recherche-de-fuites,2026-07-22
www.etienne-services.fr,,,https://www.etienne-services.fr/yvelines/plombier-rosay-78790/debouchage-canalisation,2026-07-22
www.etienne-services.fr,,,https://www.etienne-services.fr/yvelines/plombier-rosay-78790/recherche-de-fuites,2026-07-22
www.etienne-services.fr,,,https://www.etienne-services.fr/yvelines/plombier-sailly-78440/debouchage-canalisation,2026-07-22
www.etienne-services.fr,,,https://www.etienne-services.fr/yvelines/plombier-sailly-78440/recherche-de-fuites,2026-07-22
www.etienne-services.fr,,,https://www.etienne-services.fr/yvelines/plombier-saint-forget-78720/debouchage-canalisation,2026-07-22
www.etienne-services.fr,,,https://www.etienne-services.fr/yvelines/plombier-saint-forget-78720/recherche-de-fuites,2026-07-22
www.etienne-services.fr,,,https://www.etienne-services.fr/yvelines/plombier-saint-germain-de-la-grange-78640/debouchage-canalisation,2026-07-22
www.etienne-services.fr,,,https://www.etienne-services.fr/yvelines/plombier-saint-germain-de-la-grange-78640/recherche-de-fuites,2026-07-22
www.etienne-services.fr,,,https://www.etienne-services.fr/yvelines/plombier-saint-hilarion-78125/debouchage-canalisation,2026-07-22
www.etienne-services.fr,,,https://www.etienne-services.fr/yvelines/plombier-saint-hilarion-78125/recherche-de-fuites,2026-07-22
www.etienne-services.fr,,,https://www.etienne-services.fr/yvelines/plombier-saint-illiers-la-ville-78980/debouchage-canalisation,2026-07-22
www.etienne-services.fr,,,https://www.etienne-services.fr/yvelines/plombier-saint-illiers-la-ville-78980/recherche-de-fuites,2026-07-22
www.etienne-services.fr,,,https://www.etienne-services.fr/yvelines/plombier-saint-illiers-le-bois-78980/debouchage-canalisation,2026-07-22
www.etienne-services.fr,,,https://www.etienne-services.fr/yvelines/plombier-saint-illiers-le-bois-78980/recherche-de-fuites,2026-07-22
www.etienne-services.fr,,,https://www.etienne-services.fr/yvelines/plombier-saint-lambert-78470/debouchage-canalisation,2026-07-22
www.etienne-services.fr,,,https://www.etienne-services.fr/yvelines/plombier-saint-lambert-78470/recherche-de-fuites,2026-07-22
www.etienne-services.fr,,,https://www.etienne-services.fr/yvelines/plombier-saint-leger-en-yvelines-78610/debouchage-canalisation,2026-07-22
www.etienne-services.fr,,,https://www.etienne-services.fr/yvelines/plombier-saint-leger-en-yvelines-78610/recherche-de-fuites,2026-07-22
www.etienne-services.fr,,,https://www.etienne-services.fr/yvelines/plombier-saint-martin-de-brethencourt-78660/debouchage-canalisation,2026-07-22
www.etienne-services.fr,,,https://www.etienne-services.fr/yvelines/plombier-saint-martin-de-brethencourt-78660/recherche-de-fuites,2026-07-22
www.etienne-services.fr,,,https://www.etienne-services.fr/yvelines/plombier-saint-martin-des-champs-78790/debouchage-canalisation,2026-07-22
www.etienne-services.fr,,,https://www.etienne-services.fr/yvelines/plombier-saint-martin-des-champs-78790/recherche-de-fuites,2026-07-22
www.etienne-services.fr,,,https://www.etienne-services.fr/yvelines/plombier-saint-martin-la-garenne-78520/debouchage-canalisation,2026-07-22
www.etienne-services.fr,,,https://www.etienne-services.fr/yvelines/plombier-saint-martin-la-garenne-78520/recherche-de-fuites,2026-07-22
www.etienne-services.fr,,,https://www.etienne-services.fr/yvelines/plombier-saint-remy-l-honore-78690/debouchage-canalisation,2026-07-22
www.etienne-services.fr,,,https://www.etienne-services.fr/yvelines/plombier-saint-remy-l-honore-78690/recherche-de-fuites,2026-07-22
www.etienne-services.fr,,,https://www.etienne-services.fr/yvelines/plombier-sainte-mesme-78730/debouchage-canalisation,2026-07-22
www.etienne-services.fr,,,https://www.etienne-services.fr/yvelines/plombier-sainte-mesme-78730/recherche-de-fuites,2026-07-22
www.etienne-services.fr,,,https://www.etienne-services.fr/yvelines/plombier-saulx-marchais-78650/debouchage-canalisation,2026-07-22
www.etienne-services.fr,,,https://www.etienne-services.fr/yvelines/plombier-saulx-marchais-78650/recherche-de-fuites,2026-07-22
www.etienne-services.fr,,,https://www.etienne-services.fr/yvelines/plombier-senlisse-78720/debouchage-canalisation,2026-07-22
www.etienne-services.fr,,,https://www.etienne-services.fr/yvelines/plombier-senlisse-78720/recherche-de-fuites,2026-07-22
www.etienne-services.fr,,,https://www.etienne-services.fr/yvelines/plombier-septeuil-78790/debouchage-canalisation,2026-07-22
www.etienne-services.fr,,,https://www.etienne-services.fr/yvelines/plombier-septeuil-78790/recherche-de-fuites,2026-07-22
www.etienne-services.fr,,,https://www.etienne-services.fr/yvelines/plombier-soindres-78200/debouchage-canalisation,2026-07-22
www.etienne-services.fr,,,https://www.etienne-services.fr/yvelines/plombier-soindres-78200/recherche-de-fuites,2026-07-22
www.etienne-services.fr,,,https://www.etienne-services.fr/yvelines/plombier-sonchamp-78120/debouchage-canalisation,2026-07-22
www.etienne-services.fr,,,https://www.etienne-services.fr/yvelines/plombier-sonchamp-78120/recherche-de-fuites,2026-07-22
www.etienne-services.fr,,,https://www.etienne-services.fr/yvelines/plombier-tacoignieres-78910/debouchage-canalisation,2026-07-22
www.etienne-services.fr,,,https://www.etienne-services.fr/yvelines/plombier-tacoignieres-78910/recherche-de-fuites,2026-07-22
www.etienne-services.fr,,,https://www.etienne-services.fr/yvelines/plombier-tessancourt-sur-aubette-78250/debouchage-canalisation,2026-07-22
www.etienne-services.fr,,,https://www.etienne-services.fr/yvelines/plombier-tessancourt-sur-aubette-78250/recherche-de-fuites,2026-07-22
www.etienne-services.fr,,,https://www.etienne-services.fr/yvelines/plombier-thiverval-grignon-78850/debouchage-canalisation,2026-07-22
www.etienne-services.fr,,,https://www.etienne-services.fr/yvelines/plombier-thiverval-grignon-78850/recherche-de-fuites,2026-07-22
www.etienne-services.fr,,,https://www.etienne-services.fr/yvelines/plombier-thoiry-78770/debouchage-canalisation,2026-07-22
www.etienne-services.fr,,,https://www.etienne-services.fr/yvelines/plombier-thoiry-78770/recherche-de-fuites,2026-07-22
www.etienne-services.fr,,,https://www.etienne-services.fr/yvelines/plombier-tilly-78790/debouchage-canalisation,2026-07-22
www.etienne-services.fr,,,https://www.etienne-services.fr/yvelines/plombier-tilly-78790/recherche-de-fuites,2026-07-22
www.etienne-services.fr,,,https://www.etienne-services.fr/yvelines/plombier-toussus-le-noble-78117/debouchage-canalisation,2026-07-22
www.etienne-services.fr,,,https://www.etienne-services.fr/yvelines/plombier-toussus-le-noble-78117/recherche-de-fuites,2026-07-22
www.etienne-services.fr,,,https://www.etienne-services.fr/yvelines/plombier-vaux-sur-seine-78740/debouchage-canalisation,2026-07-22
www.etienne-services.fr,,,https://www.etienne-services.fr/yvelines/plombier-vaux-sur-seine-78740/recherche-de-fuites,2026-07-22
www.etienne-services.fr,,,https://www.etienne-services.fr/yvelines/plombier-vert-78930/debouchage-canalisation,2026-07-22
www.etienne-services.fr,,,https://www.etienne-services.fr/yvelines/plombier-vert-78930/recherche-de-fuites,2026-07-22
www.etienne-services.fr,,,https://www.etienne-services.fr/yvelines/plombier-vicq-78490/debouchage-canalisation,2026-07-22
www.etienne-services.fr,,,https://www.etienne-services.fr/yvelines/plombier-vicq-78490/recherche-de-fuites,2026-07-22
www.etienne-services.fr,,,https://www.etienne-services.fr/yvelines/plombier-vieille-eglise-en-yvelines-78125/debouchage-canalisation,2026-07-22
www.etienne-services.fr,,,https://www.etienne-services.fr/yvelines/plombier-vieille-eglise-en-yvelines-78125/recherche-de-fuites,2026-07-22
www.etienne-services.fr,,,https://www.etienne-services.fr/yvelines/plombier-villette-78930/debouchage-canalisation,2026-07-22
www.etienne-services.fr,,,https://www.etienne-services.fr/yvelines/plombier-villette-78930/recherche-de-fuites,2026-07-22
www.etienne-services.fr,,,https://www.etienne-services.fr/yvelines/plombier-villiers-le-mahieu-78770/debouchage-canalisation,2026-07-22
www.etienne-services.fr,,,https://www.etienne-services.fr/yvelines/plombier-villiers-le-mahieu-78770/recherche-de-fuites,2026-07-22
www.etienne-services.fr,,,https://www.etienne-services.fr/yvelines/plombier-villiers-saint-frederic-78640/debouchage-canalisation,2026-07-22
www.etienne-services.fr,,,https://www.etienne-services.fr/yvelines/plombier-villiers-saint-frederic-78640/recherche-de-fuites,2026-07-22
www.etienne-services.fr,,,https://www.etienne-services.fr/yvelines/serrurier-ablis-78660/porte-blindee,2026-07-22
www.etienne-services.fr,,,https://www.etienne-services.fr/yvelines/serrurier-adainville-78113/porte-blindee,2026-07-22
www.etienne-services.fr,,,https://www.etienne-services.fr/yvelines/serrurier-aigremont-78240/porte-blindee,2026-07-22
www.etienne-services.fr,,,https://www.etienne-services.fr/yvelines/serrurier-allainville-78660/porte-blindee,2026-07-22
www.etienne-services.fr,,,https://www.etienne-services.fr/yvelines/serrurier-andelu-78770/porte-blindee,2026-07-22
www.etienne-services.fr,,,https://www.etienne-services.fr/yvelines/serrurier-arnouville-les-mantes-78790/porte-blindee,2026-07-22
www.etienne-services.fr,,,https://www.etienne-services.fr/yvelines/serrurier-auffargis-78610/porte-blindee,2026-07-22
www.etienne-services.fr,,,https://www.etienne-services.fr/yvelines/serrurier-auffreville-brasseuil-78930/porte-blindee,2026-07-22
www.etienne-services.fr,,,https://www.etienne-services.fr/yvelines/serrurier-aulnay-sur-mauldre-78126/porte-blindee,2026-07-22
www.etienne-services.fr,,,https://www.etienne-services.fr/yvelines/serrurier-auteuil-78770/porte-blindee,2026-07-22
www.etienne-services.fr,,,https://www.etienne-services.fr/yvelines/serrurier-autouillet-78770/porte-blindee,2026-07-22
www.etienne-services.fr,,,https://www.etienne-services.fr/yvelines/serrurier-bailly-78870/porte-blindee,2026-07-22
www.etienne-services.fr,,,https://www.etienne-services.fr/yvelines/serrurier-bazainville-78550/porte-blindee,2026-07-22
www.etienne-services.fr,,,https://www.etienne-services.fr/yvelines/serrurier-bazemont-78580/porte-blindee,2026-07-22
www.etienne-services.fr,,,https://www.etienne-services.fr/yvelines/serrurier-bazoches-sur-guyonne-78490/porte-blindee,2026-07-22
www.etienne-services.fr,,,https://www.etienne-services.fr/yvelines/serrurier-behoust-78910/porte-blindee,2026-07-22
www.etienne-services.fr,,,https://www.etienne-services.fr/yvelines/serrurier-bennecourt-78270/porte-blindee,2026-07-22
www.etienne-services.fr,,,https://www.etienne-services.fr/yvelines/serrurier-blaru-78270/porte-blindee,2026-07-22
www.etienne-services.fr,,,https://www.etienne-services.fr/yvelines/serrurier-boinville-en-mantois-78930/porte-blindee,2026-07-22
www.etienne-services.fr,,,https://www.etienne-services.fr/yvelines/serrurier-boinville-le-gaillard-78660/porte-blindee,2026-07-22
www.etienne-services.fr,,,https://www.etienne-services.fr/yvelines/serrurier-boinvilliers-78200/porte-blindee,2026-07-22
www.etienne-services.fr,,,https://www.etienne-services.fr/yvelines/serrurier-boissets-78910/porte-blindee,2026-07-22
www.etienne-services.fr,,,https://www.etienne-services.fr/yvelines/serrurier-boissy-mauvoisin-78200/porte-blindee,2026-07-22
www.etienne-services.fr,,,https://www.etienne-services.fr/yvelines/serrurier-boissy-sans-avoir-78490/porte-blindee,2026-07-22
www.etienne-services.fr,,,https://www.etienne-services.fr/yvelines/serrurier-bonnelles-78830/porte-blindee,2026-07-22
www.etienne-services.fr,,,https://www.etienne-services.fr/yvelines/serrurier-bonnieres-sur-seine-78270/porte-blindee,2026-07-22
www.etienne-services.fr,,,https://www.etienne-services.fr/yvelines/serrurier-bouafle-78410/porte-blindee,2026-07-22
www.etienne-services.fr,,,https://www.etienne-services.fr/yvelines/serrurier-bourdonne-78113/porte-blindee,2026-07-22
www.etienne-services.fr,,,https://www.etienne-services.fr/yvelines/serrurier-breuil-bois-robert-78930/porte-blindee,2026-07-22
www.etienne-services.fr,,,https://www.etienne-services.fr/yvelines/serrurier-breval-78980/porte-blindee,2026-07-22
www.etienne-services.fr,,,https://www.etienne-services.fr/yvelines/serrurier-brueil-en-vexin-78440/porte-blindee,2026-07-22
www.etienne-services.fr,,,https://www.etienne-services.fr/yvelines/serrurier-buchelay-78200/porte-blindee,2026-07-22
www.etienne-services.fr,,,https://www.etienne-services.fr/yvelines/serrurier-bullion-78830/porte-blindee,2026-07-22
www.etienne-services.fr,,,https://www.etienne-services.fr/yvelines/serrurier-cernay-la-ville-78720/porte-blindee,2026-07-22
www.etienne-services.fr,,,https://www.etienne-services.fr/yvelines/serrurier-chapet-78130/porte-blindee,2026-07-22
www.etienne-services.fr,,,https://www.etienne-services.fr/yvelines/serrurier-chateaufort-78117/porte-blindee,2026-07-22
www.etienne-services.fr,,,https://www.etienne-services.fr/yvelines/serrurier-chaufour-les-bonnieres-78270/porte-blindee,2026-07-22
www.etienne-services.fr,,,https://www.etienne-services.fr/yvelines/serrurier-chavenay-78450/porte-blindee,2026-07-22
www.etienne-services.fr,,,https://www.etienne-services.fr/yvelines/serrurier-choisel-78460/porte-blindee,2026-07-22
www.etienne-services.fr,,,https://www.etienne-services.fr/yvelines/serrurier-civry-la-foret-78910/porte-blindee,2026-07-22
www.etienne-services.fr,,,https://www.etienne-services.fr/yvelines/serrurier-clairefontaine-en-yvelines-78120/porte-blindee,2026-07-22
www.etienne-services.fr,,,https://www.etienne-services.fr/yvelines/serrurier-coignieres-78310/porte-blindee,2026-07-22
www.etienne-services.fr,,,https://www.etienne-services.fr/yvelines/serrurier-conde-sur-vesgre-78113/porte-blindee,2026-07-22
www.etienne-services.fr,,,https://www.etienne-services.fr/yvelines/serrurier-courgent-78790/porte-blindee,2026-07-22
www.etienne-services.fr,,,https://www.etienne-services.fr/yvelines/serrurier-cravent-78270/porte-blindee,2026-07-22
www.etienne-services.fr,,,https://www.etienne-services.fr/yvelines/serrurier-crespieres-78121/porte-blindee,2026-07-22
www.etienne-services.fr,,,https://www.etienne-services.fr/yvelines/serrurier-dammartin-en-serve-78111/porte-blindee,2026-07-22
www.etienne-services.fr,,,https://www.etienne-services.fr/yvelines/serrurier-dampierre-en-yvelines-78720/porte-blindee,2026-07-22
www.etienne-services.fr,,,https://www.etienne-services.fr/yvelines/serrurier-dannemarie-78550/porte-blindee,2026-07-22
www.etienne-services.fr,,,https://www.etienne-services.fr/yvelines/serrurier-davron-78810/porte-blindee,2026-07-22
www.etienne-services.fr,,,https://www.etienne-services.fr/yvelines/serrurier-drocourt-78440/porte-blindee,2026-07-22
www.etienne-services.fr,,,https://www.etienne-services.fr/yvelines/serrurier-ecquevilly-78920/porte-blindee,2026-07-22
www.etienne-services.fr,,,https://www.etienne-services.fr/yvelines/serrurier-emance-78125/porte-blindee,2026-07-22
www.etienne-services.fr,,,https://www.etienne-services.fr/yvelines/serrurier-evecquemont-78740/porte-blindee,2026-07-22
www.etienne-services.fr,,,https://www.etienne-services.fr/yvelines/serrurier-favrieux-78200/porte-blindee,2026-07-22
www.etienne-services.fr,,,https://www.etienne-services.fr/yvelines/serrurier-feucherolles-78810/porte-blindee,2026-07-22
www.etienne-services.fr,,,https://www.etienne-services.fr/yvelines/serrurier-flacourt-78200/porte-blindee,2026-07-22
www.etienne-services.fr,,,https://www.etienne-services.fr/yvelines/serrurier-flexanville-78910/porte-blindee,2026-07-22
www.etienne-services.fr,,,https://www.etienne-services.fr/yvelines/serrurier-flins-neuve-eglise-78790/porte-blindee,2026-07-22
www.etienne-services.fr,,,https://www.etienne-services.fr/yvelines/serrurier-flins-sur-seine-78410/porte-blindee,2026-07-22
www.etienne-services.fr,,,https://www.etienne-services.fr/yvelines/serrurier-follainville-dennemont-78520/porte-blindee,2026-07-22
www.etienne-services.fr,,,https://www.etienne-services.fr/yvelines/serrurier-fontenay-mauvoisin-78200/porte-blindee,2026-07-22
www.etienne-services.fr,,,https://www.etienne-services.fr/yvelines/serrurier-fontenay-saint-pere-78440/porte-blindee,2026-07-22
www.etienne-services.fr,,,https://www.etienne-services.fr/yvelines/serrurier-fourqueux-78112/porte-blindee,2026-07-22
www.etienne-services.fr,,,https://www.etienne-services.fr/yvelines/serrurier-freneuse-78840/porte-blindee,2026-07-22
www.etienne-services.fr,,,https://www.etienne-services.fr/yvelines/serrurier-gaillon-sur-montcient-78250/porte-blindee,2026-07-22
www.etienne-services.fr,,,https://www.etienne-services.fr/yvelines/serrurier-galluis-78490/porte-blindee,2026-07-22
www.etienne-services.fr,,,https://www.etienne-services.fr/yvelines/serrurier-gambais-78950/porte-blindee,2026-07-22
www.etienne-services.fr,,,https://www.etienne-services.fr/yvelines/serrurier-gambaiseuil-78490/porte-blindee,2026-07-22
www.etienne-services.fr,,,https://www.etienne-services.fr/yvelines/serrurier-garancieres-78890/porte-blindee,2026-07-22
www.etienne-services.fr,,,https://www.etienne-services.fr/yvelines/serrurier-gazeran-78125/porte-blindee,2026-07-22
www.etienne-services.fr,,,https://www.etienne-services.fr/yvelines/serrurier-gommecourt-78270/porte-blindee,2026-07-22
www.etienne-services.fr,,,https://www.etienne-services.fr/yvelines/serrurier-goupillieres-78770/porte-blindee,2026-07-22
www.etienne-services.fr,,,https://www.etienne-services.fr/yvelines/serrurier-goussonville-78930/porte-blindee,2026-07-22
www.etienne-services.fr,,,https://www.etienne-services.fr/yvelines/serrurier-grandchamp-78113/porte-blindee,2026-07-22
www.etienne-services.fr,,,https://www.etienne-services.fr/yvelines/serrurier-gressey-78550/porte-blindee,2026-07-22
www.etienne-services.fr,,,https://www.etienne-services.fr/yvelines/serrurier-grosrouvre-78490/porte-blindee,2026-07-22
www.etienne-services.fr,,,https://www.etienne-services.fr/yvelines/serrurier-guernes-78520/porte-blindee,2026-07-22
www.etienne-services.fr,,,https://www.etienne-services.fr/yvelines/serrurier-guerville-78930/porte-blindee,2026-07-22
www.etienne-services.fr,,,https://www.etienne-services.fr/yvelines/serrurier-guitrancourt-78440/porte-blindee,2026-07-22
www.etienne-services.fr,,,https://www.etienne-services.fr/yvelines/serrurier-hardricourt-78250/porte-blindee,2026-07-22
www.etienne-services.fr,,,https://www.etienne-services.fr/yvelines/serrurier-hargeville-78790/porte-blindee,2026-07-22
www.etienne-services.fr,,,https://www.etienne-services.fr/yvelines/serrurier-herbeville-78580/porte-blindee,2026-07-22
www.etienne-services.fr,,,https://www.etienne-services.fr/yvelines/serrurier-hermeray-78125/porte-blindee,2026-07-22
www.etienne-services.fr,,,https://www.etienne-services.fr/yvelines/serrurier-houdan-78550/porte-blindee,2026-07-22
www.etienne-services.fr,,,https://www.etienne-services.fr/yvelines/serrurier-issou-78440/porte-blindee,2026-07-22
www.etienne-services.fr,,,https://www.etienne-services.fr/yvelines/serrurier-jambville-78440/porte-blindee,2026-07-22
www.etienne-services.fr,,,https://www.etienne-services.fr/yvelines/serrurier-jeufosse-78270/porte-blindee,2026-07-22
www.etienne-services.fr,,,https://www.etienne-services.fr/yvelines/serrurier-jouy-mauvoisin-78200/porte-blindee,2026-07-22
www.etienne-services.fr,,,https://www.etienne-services.fr/yvelines/serrurier-jumeauville-78580/porte-blindee,2026-07-22
www.etienne-services.fr,,,https://www.etienne-services.fr/yvelines/serrurier-juziers-78820/porte-blindee,2026-07-22
www.etienne-services.fr,,,https://www.etienne-services.fr/yvelines/serrurier-l-etang-la-ville-78620/porte-blindee,2026-07-22
www.etienne-services.fr,,,https://www.etienne-services.fr/yvelines/serrurier-la-boissiere-ecole-78125/porte-blindee,2026-07-22
www.etienne-services.fr,,,https://www.etienne-services.fr/yvelines/serrurier-la-celle-les-bordes-78720/porte-blindee,2026-07-22
www.etienne-services.fr,,,https://www.etienne-services.fr/yvelines/serrurier-la-falaise-78410/porte-blindee,2026-07-22
www.etienne-services.fr,,,https://www.etienne-services.fr/yvelines/serrurier-la-hauteville-78113/porte-blindee,2026-07-22
www.etienne-services.fr,,,https://www.etienne-services.fr/yvelines/serrurier-la-queue-les-yvelines-78940/porte-blindee,2026-07-22
www.etienne-services.fr,,,https://www.etienne-services.fr/yvelines/serrurier-la-villeneuve-en-chevrie-78270/porte-blindee,2026-07-22
www.etienne-services.fr,,,https://www.etienne-services.fr/yvelines/serrurier-lainville-en-vexin-78440/porte-blindee,2026-07-22
www.etienne-services.fr,,,https://www.etienne-services.fr/yvelines/serrurier-le-port-marly-78560/porte-blindee,2026-07-22
www.etienne-services.fr,,,https://www.etienne-services.fr/yvelines/serrurier-le-tartre-gaudran-78113/porte-blindee,2026-07-22
www.etienne-services.fr,,,https://www.etienne-services.fr/yvelines/serrurier-le-tertre-saint-denis-78980/porte-blindee,2026-07-22
www.etienne-services.fr,,,https://www.etienne-services.fr/yvelines/serrurier-le-tremblay-sur-mauldre-78490/porte-blindee,2026-07-22
www.etienne-services.fr,,,https://www.etienne-services.fr/yvelines/serrurier-les-alluets-le-roi-78580/porte-blindee,2026-07-22
www.etienne-services.fr,,,https://www.etienne-services.fr/yvelines/serrurier-les-breviaires-78610/porte-blindee,2026-07-22
www.etienne-services.fr,,,https://www.etienne-services.fr/yvelines/serrurier-les-loges-en-josas-78350/porte-blindee,2026-07-22
www.etienne-services.fr,,,https://www.etienne-services.fr/yvelines/serrurier-les-mesnuls-78490/porte-blindee,2026-07-22
www.etienne-services.fr,,,https://www.etienne-services.fr/yvelines/serrurier-levis-saint-nom-78320/porte-blindee,2026-07-22
www.etienne-services.fr,,,https://www.etienne-services.fr/yvelines/serrurier-limetz-villez-78270/porte-blindee,2026-07-22
www.etienne-services.fr,,,https://www.etienne-services.fr/yvelines/serrurier-lommoye-78270/porte-blindee,2026-07-22
www.etienne-services.fr,,,https://www.etienne-services.fr/yvelines/serrurier-longnes-78980/porte-blindee,2026-07-22
www.etienne-services.fr,,,https://www.etienne-services.fr/yvelines/serrurier-longvilliers-78730/porte-blindee,2026-07-22
www.etienne-services.fr,,,https://www.etienne-services.fr/yvelines/serrurier-marcq-78770/porte-blindee,2026-07-22
www.etienne-services.fr,,,https://www.etienne-services.fr/yvelines/serrurier-mareil-le-guyon-78490/porte-blindee,2026-07-22
www.etienne-services.fr,,,https://www.etienne-services.fr/yvelines/serrurier-mareil-marly-78750/porte-blindee,2026-07-22
www.etienne-services.fr,,,https://www.etienne-services.fr/yvelines/serrurier-mareil-sur-mauldre-78124/porte-blindee,2026-07-22
www.etienne-services.fr,,,https://www.etienne-services.fr/yvelines/serrurier-maulette-78550/porte-blindee,2026-07-22
www.etienne-services.fr,,,https://www.etienne-services.fr/yvelines/serrurier-maurecourt-78780/porte-blindee,2026-07-22
www.etienne-services.fr,,,https://www.etienne-services.fr/yvelines/serrurier-medan-78670/porte-blindee,2026-07-22
www.etienne-services.fr,,,https://www.etienne-services.fr/yvelines/serrurier-menerville-78200/porte-blindee,2026-07-22
www.etienne-services.fr,,,https://www.etienne-services.fr/yvelines/serrurier-mere-78490/porte-blindee,2026-07-22
www.etienne-services.fr,,,https://www.etienne-services.fr/yvelines/serrurier-mericourt-78270/porte-blindee,2026-07-22
www.etienne-services.fr,,,https://www.etienne-services.fr/yvelines/serrurier-mezieres-sur-seine-78970/porte-blindee,2026-07-22
www.etienne-services.fr,,,https://www.etienne-services.fr/yvelines/serrurier-mezy-sur-seine-78250/porte-blindee,2026-07-22
www.etienne-services.fr,,,https://www.etienne-services.fr/yvelines/serrurier-millemont-78940/porte-blindee,2026-07-22
www.etienne-services.fr,,,https://www.etienne-services.fr/yvelines/serrurier-milon-la-chapelle-78470/porte-blindee,2026-07-22
www.etienne-services.fr,,,https://www.etienne-services.fr/yvelines/serrurier-mittainville-78125/porte-blindee,2026-07-22
www.etienne-services.fr,,,https://www.etienne-services.fr/yvelines/serrurier-moisson-78840/porte-blindee,2026-07-22
www.etienne-services.fr,,,https://www.etienne-services.fr/yvelines/serrurier-mondreville-78980/porte-blindee,2026-07-22
www.etienne-services.fr,,,https://www.etienne-services.fr/yvelines/serrurier-montainville-78124/porte-blindee,2026-07-22
www.etienne-services.fr,,,https://www.etienne-services.fr/yvelines/serrurier-montalet-le-bois-78440/porte-blindee,2026-07-22
www.etienne-services.fr,,,https://www.etienne-services.fr/yvelines/serrurier-montchauvet-78790/porte-blindee,2026-07-22
www.etienne-services.fr,,,https://www.etienne-services.fr/yvelines/serrurier-montfort-l-amaury-78490/porte-blindee,2026-07-22
www.etienne-services.fr,,,https://www.etienne-services.fr/yvelines/serrurier-morainvilliers-78630/porte-blindee,2026-07-22
www.etienne-services.fr,,,https://www.etienne-services.fr/yvelines/serrurier-mousseaux-sur-seine-78270/porte-blindee,2026-07-22
www.etienne-services.fr,,,https://www.etienne-services.fr/yvelines/serrurier-mulcent-78790/porte-blindee,2026-07-22
www.etienne-services.fr,,,https://www.etienne-services.fr/yvelines/serrurier-neauphle-le-chateau-78640/porte-blindee,2026-07-22
www.etienne-services.fr,,,https://www.etienne-services.fr/yvelines/serrurier-neauphle-le-vieux-78640/porte-blindee,2026-07-22
www.etienne-services.fr,,,https://www.etienne-services.fr/yvelines/serrurier-neauphlette-78980/porte-blindee,2026-07-22
www.etienne-services.fr,,,https://www.etienne-services.fr/yvelines/serrurier-nezel-78410/porte-blindee,2026-07-22
www.etienne-services.fr,,,https://www.etienne-services.fr/yvelines/serrurier-oinville-sur-montcient-78250/porte-blindee,2026-07-22
www.etienne-services.fr,,,https://www.etienne-services.fr/yvelines/serrurier-orcemont-78125/porte-blindee,2026-07-22
www.etienne-services.fr,,,https://www.etienne-services.fr/yvelines/serrurier-orgerus-78910/porte-blindee,2026-07-22
www.etienne-services.fr,,,https://www.etienne-services.fr/yvelines/serrurier-orphin-78125/porte-blindee,2026-07-22
www.etienne-services.fr,,,https://www.etienne-services.fr/yvelines/serrurier-orsonville-78660/porte-blindee,2026-07-22
www.etienne-services.fr,,,https://www.etienne-services.fr/yvelines/serrurier-orvilliers-78910/porte-blindee,2026-07-22
www.etienne-services.fr,,,https://www.etienne-services.fr/yvelines/serrurier-osmoy-78910/porte-blindee,2026-07-22
www.etienne-services.fr,,,https://www.etienne-services.fr/yvelines/serrurier-paray-douaville-78660/porte-blindee,2026-07-22
www.etienne-services.fr,,,https://www.etienne-services.fr/yvelines/serrurier-perdreauville-78200/porte-blindee,2026-07-22
www.etienne-services.fr,,,https://www.etienne-services.fr/yvelines/serrurier-poigny-la-foret-78125/porte-blindee,2026-07-22
www.etienne-services.fr,,,https://www.etienne-services.fr/yvelines/serrurier-ponthevrard-78730/porte-blindee,2026-07-22
www.etienne-services.fr,,,https://www.etienne-services.fr/yvelines/serrurier-porcheville-78440/porte-blindee,2026-07-22
www.etienne-services.fr,,,https://www.etienne-services.fr/yvelines/serrurier-port-villez-78270/porte-blindee,2026-07-22
www.etienne-services.fr,,,https://www.etienne-services.fr/yvelines/serrurier-prunay-en-yvelines-78660/porte-blindee,2026-07-22
www.etienne-services.fr,,,https://www.etienne-services.fr/yvelines/serrurier-prunay-le-temple-78910/porte-blindee,2026-07-22
www.etienne-services.fr,,,https://www.etienne-services.fr/yvelines/serrurier-raizeux-78125/porte-blindee,2026-07-22
www.etienne-services.fr,,,https://www.etienne-services.fr/yvelines/serrurier-rennemoulin-78590/porte-blindee,2026-07-22
www.etienne-services.fr,,,https://www.etienne-services.fr/yvelines/serrurier-richebourg-78550/porte-blindee,2026-07-22
www.etienne-services.fr,,,https://www.etienne-services.fr/yvelines/serrurier-rochefort-en-yvelines-78730/porte-blindee,2026-07-22
www.etienne-services.fr,,,https://www.etienne-services.fr/yvelines/serrurier-rocquencourt-78150/porte-blindee,2026-07-22
www.etienne-services.fr,,,https://www.etienne-services.fr/yvelines/serrurier-rolleboise-78270/porte-blindee,2026-07-22
www.etienne-services.fr,,,https://www.etienne-services.fr/yvelines/serrurier-rosay-78790/porte-blindee,2026-07-22
www.etienne-services.fr,,,https://www.etienne-services.fr/yvelines/serrurier-sailly-78440/porte-blindee,2026-07-22
www.etienne-services.fr,,,https://www.etienne-services.fr/yvelines/serrurier-saint-forget-78720/porte-blindee,2026-07-22
www.etienne-services.fr,,,https://www.etienne-services.fr/yvelines/serrurier-saint-germain-de-la-grange-78640/porte-blindee,2026-07-22
www.etienne-services.fr,,,https://www.etienne-services.fr/yvelines/serrurier-saint-hilarion-78125/porte-blindee,2026-07-22
www.etienne-services.fr,,,https://www.etienne-services.fr/yvelines/serrurier-saint-illiers-la-ville-78980/porte-blindee,2026-07-22
www.etienne-services.fr,,,https://www.etienne-services.fr/yvelines/serrurier-saint-illiers-le-bois-78980/porte-blindee,2026-07-22
www.etienne-services.fr,,,https://www.etienne-services.fr/yvelines/serrurier-saint-lambert-78470/porte-blindee,2026-07-22
www.etienne-services.fr,,,https://www.etienne-services.fr/yvelines/serrurier-saint-leger-en-yvelines-78610/porte-blindee,2026-07-22
www.etienne-services.fr,,,https://www.etienne-services.fr/yvelines/serrurier-saint-martin-de-brethencourt-78660/porte-blindee,2026-07-22
www.etienne-services.fr,,,https://www.etienne-services.fr/yvelines/serrurier-saint-martin-des-champs-78790/porte-blindee,2026-07-22
www.etienne-services.fr,,,https://www.etienne-services.fr/yvelines/serrurier-saint-martin-la-garenne-78520/porte-blindee,2026-07-22
www.etienne-services.fr,,,https://www.etienne-services.fr/yvelines/serrurier-saint-remy-l-honore-78690/porte-blindee,2026-07-22
www.etienne-services.fr,,,https://www.etienne-services.fr/yvelines/serrurier-sainte-mesme-78730/porte-blindee,2026-07-22
www.etienne-services.fr,,,https://www.etienne-services.fr/yvelines/serrurier-saulx-marchais-78650/porte-blindee,2026-07-22
www.etienne-services.fr,,,https://www.etienne-services.fr/yvelines/serrurier-senlisse-78720/porte-blindee,2026-07-22
www.etienne-services.fr,,,https://www.etienne-services.fr/yvelines/serrurier-septeuil-78790/porte-blindee,2026-07-22
www.etienne-services.fr,,,https://www.etienne-services.fr/yvelines/serrurier-soindres-78200/porte-blindee,2026-07-22
www.etienne-services.fr,,,https://www.etienne-services.fr/yvelines/serrurier-sonchamp-78120/porte-blindee,2026-07-22
www.etienne-services.fr,,,https://www.etienne-services.fr/yvelines/serrurier-tacoignieres-78910/porte-blindee,2026-07-22
www.etienne-services.fr,,,https://www.etienne-services.fr/yvelines/serrurier-tessancourt-sur-aubette-78250/porte-blindee,2026-07-22
www.etienne-services.fr,,,https://www.etienne-services.fr/yvelines/serrurier-thiverval-grignon-78850/porte-blindee,2026-07-22
www.etienne-services.fr,,,https://www.etienne-services.fr/yvelines/serrurier-thoiry-78770/porte-blindee,2026-07-22
www.etienne-services.fr,,,https://www.etienne-services.fr/yvelines/serrurier-tilly-78790/porte-blindee,2026-07-22
www.etienne-services.fr,,,https://www.etienne-services.fr/yvelines/serrurier-toussus-le-noble-78117/porte-blindee,2026-07-22
www.etienne-services.fr,,,https://www.etienne-services.fr/yvelines/serrurier-vaux-sur-seine-78740/porte-blindee,2026-07-22
www.etienne-services.fr,,,https://www.etienne-services.fr/yvelines/serrurier-vert-78930/porte-blindee,2026-07-22
www.etienne-services.fr,,,https://www.etienne-services.fr/yvelines/serrurier-vicq-78490/porte-blindee,2026-07-22
www.etienne-services.fr,,,https://www.etienne-services.fr/yvelines/serrurier-vieille-eglise-en-yvelines-78125/porte-blindee,2026-07-22
www.etienne-services.fr,,,https://www.etienne-services.fr/yvelines/serrurier-villette-78930/porte-blindee,2026-07-22
www.etienne-services.fr,,,https://www.etienne-services.fr/yvelines/serrurier-villiers-le-mahieu-78770/porte-blindee,2026-07-22
www.etienne-services.fr,,,https://www.etienne-services.fr/yvelines/serrurier-villiers-saint-frederic-78640/porte-blindee,2026-07-22
www.evmag.fr,"Actrices francais et César : rôles cultes, sacres et injustices - EV Mag",actrices francais césar,https://www.evmag.fr/actrices-francais-et-cesar-roles-cultes-sacres-et-injustices,2026-07-22
www.evmag.fr,Vieilles Charrues 2026 : la programmation idéale pour un premier festival réussi - EV Mag,vieilles charrues 2026,https://www.evmag.fr/vieilles-charrues-2026-la-programmation-ideale-pour-un-premier-festival-reussi,2026-07-22
www.exactimmo.fr,Quartier à éviter à Alès pour un premier achat : les pièges cachés à connaître - Exact Immo,quartier éviter alès,https://www.exactimmo.fr/quartier-a-eviter-a-ales-pour-un-premier-achat-les-pieges-caches-a-connaitre,2026-07-22
www.experts-immobilier.fr,Formulaire APL bailleur : modèles PDF et version numérique passés au crible - Experts Immobilier,formulaire apl bailleur,https://www.experts-immobilier.fr/formulaire-apl-bailleur-modeles-pdf-et-version-numerique-passes-au-crible,2026-07-22
www.france-initiative.fr,ERP retail SAP : optimisez votre distribution,erp retail sap,https://www.france-initiative.fr/article/erp-retail-sap-optimisez-votre-distribution,2026-07-22
www.france-initiative.fr,Retraite additionnelle RAFP : 7 questions essentielles,retraite additionnelle rafp,https://www.france-initiative.fr/article/retraite-additionnelle-rafp-7-questions-essentielles,2026-07-22
www.gvu-immo.com,"Appartement à Aix-les-Bains (73100), 2 pièces, de 28m² à 541 €",aix bains 73100,https://www.gvu-immo.com/annonce/appartement-a-aix-les-bains-73100-2-pieces-12294,2026-07-22
www.gvu-immo.com,"Appartement à Aix-les-Bains (73100), 2 pièces, de 61m² à 383 000 €",aix bains 73100,https://www.gvu-immo.com/annonce/appartement-a-aix-les-bains-73100-2-pieces-12299,2026-07-22
www.gvu-immo.com,"Appartement à Aix-les-Bains (73100), 3 pièces, de 112m² à 450 000 €",aix bains 73100,https://www.gvu-immo.com/annonce/appartement-a-aix-les-bains-73100-3-pieces-12297,2026-07-22
www.gvu-immo.com,"Appartement à Aix-les-Bains (73100), 3 pièces, de 77m² à 480 000 €",aix bains 73100,https://www.gvu-immo.com/annonce/appartement-a-aix-les-bains-73100-3-pieces-12300,2026-07-22
www.gvu-immo.com,"Appartement à Aix-les-Bains (73100), 3 pièces, de 78m² à 449 000 €",aix bains 73100,https://www.gvu-immo.com/annonce/appartement-a-aix-les-bains-73100-3-pieces-12302,2026-07-22
www.gvu-immo.com,"Appartement à Aix-les-Bains (73100), 3 pièces, de 52m² à 210 000 €",aix bains 73100,https://www.gvu-immo.com/annonce/appartement-a-aix-les-bains-73100-3-pieces-12303,2026-07-22
www.gvu-immo.com,"Appartement à Aix-les-Bains (73100), 4 pièces, de 94m² à 570 000 €",aix bains 73100,https://www.gvu-immo.com/annonce/appartement-a-aix-les-bains-73100-4-pieces-12301,2026-07-22
www.gvu-immo.com,"Appartement à Aix-les-Bains (73100), 4 pièces, de 83m² à 460 000 €",aix bains 73100,https://www.gvu-immo.com/annonce/appartement-a-aix-les-bains-73100-4-pieces-12308,2026-07-22
www.gvu-immo.com,"Appartement à Aix-les-Bains (73100), 5 pièces, de 149m² à 1 060 000 €",aix bains 73100,https://www.gvu-immo.com/annonce/appartement-a-aix-les-bains-73100-5-pieces-12298,2026-07-22
www.gvu-immo.com,"Appartement à Annecy (74000), 5 pièces, de 98m² à 399 000 €",annecy 74000 pièces,https://www.gvu-immo.com/annonce/appartement-a-annecy-74000-5-pieces-12289,2026-07-22
www.gvu-immo.com,"Appartement à Barberaz (73000), 2 pièces, de 50m² à 651 €",barberaz 73000 pièces,https://www.gvu-immo.com/annonce/appartement-a-barberaz-73000-2-pieces-12309,2026-07-22
www.gvu-immo.com,"Appartement à Brison-Saint-Innocent (73100), 2 pièces, de 37m² à 200 000 €",innocent 73100 pièces,https://www.gvu-immo.com/annonce/appartement-a-brison-saint-innocent-73100-2-pieces-12304,2026-07-22
www.gvu-immo.com,"Appartement à Chambéry (73000), 1 pièces, de 19m² à 407 €",appartement chambéry 73000,https://www.gvu-immo.com/annonce/appartement-a-chambery-73000-1-pieces-12310,2026-07-22
www.gvu-immo.com,"Appartement à Chambéry (73000), 1 pièces, de 16m² à 403 €",appartement chambéry 73000,https://www.gvu-immo.com/annonce/appartement-a-chambery-73000-1-pieces-12312,2026-07-22
www.gvu-immo.com,"Appartement à Chambéry (73000), 2 pièces, de 28m² à 513 €",appartement chambéry 73000,https://www.gvu-immo.com/annonce/appartement-a-chambery-73000-2-pieces-12311,2026-07-22
www.gvu-immo.com,"Appartement à Chambéry (73000), 2 pièces, de 31m² à 630 €",appartement chambéry 73000,https://www.gvu-immo.com/annonce/appartement-a-chambery-73000-2-pieces-12314,2026-07-22
www.gvu-immo.com,"Appartement à Chambéry (73000), 3 pièces, de 84m² à 998 €",appartement chambéry 73000,https://www.gvu-immo.com/annonce/appartement-a-chambery-73000-3-pieces-12307,2026-07-22
www.gvu-immo.com,"Appartement à Chambéry (73000), 3 pièces, de 65m² à 730 €",appartement chambéry 73000,https://www.gvu-immo.com/annonce/appartement-a-chambery-73000-3-pieces-12313,2026-07-22
www.gvu-immo.com,"Appartement à Novalaise (73470), 2 pièces, de 35m² à 500 €",novalaise 73470 pièces,https://www.gvu-immo.com/annonce/appartement-a-novalaise-73470-2-pieces-12316,2026-07-22
www.gvu-immo.com,"Appartement à Saint-Alban-Leysse (73230), 3 pièces, de 65m² à 815 €",leysse 73230 pièces,https://www.gvu-immo.com/annonce/appartement-a-saint-alban-leysse-73230-3-pieces-12315,2026-07-22
www.gvu-immo.com,"Appartement à Saint-Jean-de-Maurienne (73300), 3 pièces, de 64m² à 128 000 €",maurienne 73300 pièces,https://www.gvu-immo.com/annonce/appartement-a-saint-jean-de-maurienne-73300-3-pieces-12305,2026-07-22
www.gvu-immo.com,"Maison à Aix-les-Bains (73100), 6 pièces, de 139m² à 620 000 €",maison aix bains,https://www.gvu-immo.com/annonce/maison-a-aix-les-bains-73100-6-pieces-12296,2026-07-22
www.gvu-immo.com,"Maison à Grésy-sur-Aix (73100), 5 pièces, de 98m² à 390 000 €",maison grésy aix,https://www.gvu-immo.com/annonce/maison-a-gresy-sur-aix-73100-5-pieces-12295,2026-07-22
www.gvu-immo.com,"Maison neuve à Allinges (74200), 4 pièces, de 93m² à 460 000 €",maison neuve allinges,https://www.gvu-immo.com/annonce/maison-neuve-a-allinges-74200-4-pieces-12292,2026-07-22
www.gvu-immo.com,"Maison neuve à Champanges (74500), 5 pièces, de 111m² à 565 000 €",maison neuve champanges,https://www.gvu-immo.com/annonce/maison-neuve-a-champanges-74500-5-pieces-12293,2026-07-22
www.gvu-immo.com,"Maison neuve à Saint-Jorioz (74410), 6 pièces, de 142m² à 825 000 €",maison neuve saint,https://www.gvu-immo.com/annonce/maison-neuve-a-saint-jorioz-74410-6-pieces-12290,2026-07-22
www.gvu-immo.com,"Maison neuve à Sciez (74140), 4 pièces, de 101m² à 498 000 €",maison neuve sciez,https://www.gvu-immo.com/annonce/maison-neuve-a-sciez-74140-4-pieces-12291,2026-07-22
www.gvu-immo.com,"Terrain à Novalaise (73470), pièces, de 870m² à 157 000 €",terrain novalaise 73470,https://www.gvu-immo.com/annonce/terrain-a-novalaise-73470-pieces-12306,2026-07-22
www.habitat-groupe.be,Recherche de terrain partagé pour Tiny House à Bruxelles ou tout près - Habitat Groupé Solidaire,tiny house bruxelles,https://www.habitat-groupe.be/petites-annonces/demandes-vente/brabant-wallon/recherche-de-terrain-partage-pour-tiny-house-a-bruxelles-ou-tout-pres,2026-07-22
www.habitat-groupe.be,Tiny roulotte habitable à vendre (FR) - Habitat Groupé Solidaire,tiny roulotte habitable,https://www.habitat-groupe.be/petites-annonces/offres-vente/autres-pays-regions/tiny-roulotte-habitable-a-vendre-fr,2026-07-22
www.hebertimmobilier.fr,Avis prestataires,avis prestataires,https://www.hebertimmobilier.fr/avis-prestataires,2026-07-22
www.hebertimmobilier.fr,Comparatifs,comparatifs,https://www.hebertimmobilier.fr/comparatifs,2026-07-22
www.hebertimmobilier.fr,Garage Saint-Brieuc : Réparation Auto & Entretien - Devis Gratuit,garage saint brieuc,https://www.hebertimmobilier.fr/divers/garage-saint-brieuc,2026-07-22
www.hebertimmobilier.fr,Financement & Comptabilité,financement comptabilité,https://www.hebertimmobilier.fr/financement,2026-07-22
www.hebertimmobilier.fr,Prêt immobilier sans apport : guide complet et conditions 2026,prêt immobilier sans,https://www.hebertimmobilier.fr/financement/pret-immobilier-sans-apport,2026-07-22
www.hebertimmobilier.fr,"Investissement locatif en Essonne : Saclay, Grand Paris & rendement",investissement locatif essonne,https://www.hebertimmobilier.fr/investissement/investissement-locatif-essonne,2026-07-22
www.hebertimmobilier.fr,Investissement locatif dans les Hauts-de-Seine : valeur sûre & valorisation,investissement locatif hauts,https://www.hebertimmobilier.fr/investissement/investissement-locatif-hauts-de-seine,2026-07-22
www.hebertimmobilier.fr,Investissement locatif en Seine-et-Marne : accessibilité & rendement,locatif seine marne,https://www.hebertimmobilier.fr/investissement/investissement-locatif-seine-et-marne,2026-07-22
www.hebertimmobilier.fr,Investissement locatif en Seine-Saint-Denis : rendement & Grand Paris,investissement locatif seine,https://www.hebertimmobilier.fr/investissement/investissement-locatif-seine-saint-denis,2026-07-22
www.hebertimmobilier.fr,Investissement locatif dans le Val-de-Marne : équilibre & rendement,locatif val marne,https://www.hebertimmobilier.fr/investissement/investissement-locatif-val-de-marne,2026-07-22
www.hebertimmobilier.fr,Investissement locatif dans le Val-d'Oise : stratégie & rendement,investissement locatif val,https://www.hebertimmobilier.fr/investissement/investissement-locatif-val-doise,2026-07-22
www.hebertimmobilier.fr,Investissement locatif dans les Yvelines : sécurité & rendement,investissement locatif yvelines,https://www.hebertimmobilier.fr/investissement/investissement-locatif-yvelines,2026-07-22
www.hebertimmobilier.fr,Notre accompagnement,notre accompagnement,https://www.hebertimmobilier.fr/notre-accompagnement,2026-07-22
www.homedome.fr,Définition for villa dans les annonces : comment ne plus se faire tromper ? - Home Dome,définition villa annonces,https://www.homedome.fr/definition-for-villa-dans-les-annonces-comment-ne-plus-se-faire-tromper,2026-07-22
www.hop-house.fr,Changer courroie motobineuse briggs et stratton : tutoriel pas à pas,changer courroie motobineuse,https://www.hop-house.fr/changer-courroie-motobineuse-briggs-stratton,2026-07-22
www.hop-house.fr,Comment fonctionne un scanner laser 3D dans le bâtiment moderne ? | Hop House,fonctionne scanner laser,https://www.hop-house.fr/comment-fonctionne-un-scanner-laser-3d-dans-le-batiment-moderne,2026-07-22
www.hop-house.fr,Mur tendu : l'alternative tendance au papier peint et à,mur tendu,https://www.hop-house.fr/mur-tendu-alternative-papier-peint-peinture,2026-07-22
www.immo-land.fr,Acheter un logement vacant en centre-ville : quels risques anticiper avant de le remettre en location ? - Immo-Land,logement vacant centre,https://www.immo-land.fr/acheter-un-logement-vacant-en-centre-ville,2026-07-22
www.immo-land.fr,Sécurité des cheminées au bioéthanol dans l’habitat contemporain - Immo-Land,cheminées bioéthanol habitat,https://www.immo-land.fr/securite-des-cheminees-au-bioethanol,2026-07-22
www.immob.biz,Peut-on installer un mobil home sur un terrain privé sans être dans un camping ? - Immo B,mobil home terrain,http://www.immob.biz/peut-on-installer-un-mobil-home-sur-un-terrain-prive-sans-etre-dans-un-camping,2026-07-22
www.immobilier-web.fr,Loi littoral distance : comment prouver que votre parcelle est constructible ? - Immobilier Web,loi littoral distance,https://www.immobilier-web.fr/loi-littoral-distance-comment-prouver-que-votre-parcelle-est-constructible,2026-07-22
www.immoguru.fr,Location meublé liste complète 2026 : le guide propriétaire débutant - ImmoGuru,location meublé liste,https://www.immoguru.fr/location-meuble-liste-complete-2026-le-guide-proprietaire-debutant,2026-07-22
www.immomatin.com,Crédit immobilier : « Nous sommes dans un retournement conjoncturel » - Immo Matin,crédit immobilier,https://www.immomatin.com/evaluation/services-evaluer/credit-immobilier-nous-sommes-dans-un-retournement-conjoncturel-michel-mouillart.html,2026-07-22
www.immomatin.com,Immobilier : Comment HighRise déploie sa garantie autonome auprès des agences immobilières - Immo Matin,immobilier,https://www.immomatin.com/evaluation/services-evaluer/location-highrise-mise-sur-la-garantie-autonome-pour-remplacer-le-depot-de-garantie.html,2026-07-22
www.immomatin.com,"Acheter par envie, vendre par nécessité : ce que révèle l’Observatoire Nestenn - Immo Matin",acheter envie vendre,https://www.immomatin.com/franchise/reseau-franchises/pratiques/acheter-par-envie-vendre-par-necessite-ce-que-revele-l-observatoire-nestenn.html,2026-07-22
www.immoproxima.fr,Formulaire de constat amiable dégât des eaux : où le trouver,amiable dégât eaux,https://www.immoproxima.fr/formulaire-de-constat-amiable-degat-des-eaux-ou-lobtenir-et-comment-lutiliser,2026-07-22
www.immoproxima.fr,"Règles de construction limite de propriété et fenêtres : distances, vues droites et vues obliques expliquées - Immo Proxima",construction limite propriété,https://www.immoproxima.fr/regles-de-construction-limite-de-propriete-et-fenetres-distances-vues-droites-et-vues-obliques-expliquees,2026-07-22
www.immorush.fr,Constat amiable dégât des eaux : comment le remplir correctement,amiable dégât eaux,https://www.immorush.fr/constat-amiable-degat-des-eaux-bien-le-remplir-pour-etre-indemnise-vite,2026-07-22
www.immorush.fr,Encadrement loyer calcul : comprendre le loyer de référence en 5 minutes - ImmoRush,encadrement loyer calcul,https://www.immorush.fr/encadrement-loyer-calcul-comprendre-le-loyer-de-reference-en-5-minutes,2026-07-22
www.la-loipinel.fr,,,https://www.la-loipinel.fr/quartier-chaud-tarascon,2026-07-22
www.la-loipinel.fr,,,https://www.la-loipinel.fr/quartier-chaud-thailande,2026-07-22
www.latabledelacitadelle.fr,Millilitres en grammes par quantité Archives - Restaurant bistronomique à Mont-Louis,grammes quantité archives,https://www.latabledelacitadelle.fr/category/conversions-de-mesures-poids-volume-litre/millilitres-en-grammes-par-quantite,2026-07-22
www.latabledelacitadelle.fr,Convertir 200 ml en g pour une panna cotta vanille parfaite,cotta vanille parfaite,https://www.latabledelacitadelle.fr/panna-cotta-vanille,2026-07-22
www.leemo.fr,Entretien des équipements : prévenir l'usure prématurée,entretien équipements,https://www.leemo.fr/bon-entretien-evitez-lusure-des-equipements,2026-07-22
www.leemo.fr,Mehdi Ghezzar : portrait de sa fortune et revenus,mehdi ghezzar,https://www.leemo.fr/mehdi-ghezzar-patrimoine,2026-07-22
www.leemo.fr,Explorez les Arts et Métiers sur metiersdart-artisanat.com,arts métiers metiersdart,https://www.leemo.fr/metiers-art-artisanat-2,2026-07-22
www.lenergieenquestions.fr,Comment nettoyer une clim : le guide complet pour un air sain et des économies,nettoyer clim,https://www.lenergieenquestions.fr/comment-nettoyer-clim-guide-complet-air-saint-economies,2026-07-22
www.ma-propriete.fr,112 hectares de terres agricoles occupées Placement patrim | MA-PROPRIETE.FR,hectares terres agricoles,https://www.ma-propriete.fr/fr/agricole/terres-agricoles-louees/indre/112-hectares-de-terres-agricoles-occupees-placement-patrim,2026-07-22
www.ma-propriete.fr,300 hectares de terres agricoles louées Placement patrimon | MA-PROPRIETE.FR,hectares terres agricoles,https://www.ma-propriete.fr/fr/agricole/terres-agricoles-louees/indre/300-hectares-de-terres-agricoles-louees-placement-patrimon,2026-07-22
www.ma-propriete.fr,Bois de chauffage : choisir la bonne période de préparation | MA-PROPRIETE.FR,bois chauffage,https://www.ma-propriete.fr/fr/blog/bois-de-chauffage-choisir-la-bonne-periode-de-preparation,2026-07-22
www.ma-propriete.fr,À vendre – Exploitation équestre clé en main à seulement 1 heure de Nice – 225 000 € | MA-PROPRIETE.FR,vendre,https://www.ma-propriete.fr/fr/equestre/proprietes-equestres/alpes-de-haute-provence/a-vendre-exploitation-equestre-cle-en-main-a-seulement-1-heure-de-nice-225-000-eur,2026-07-22
www.ma-propriete.fr,Maison de caractère | MA-PROPRIETE.FR,maison caractère,https://www.ma-propriete.fr/fr/equestre/proprietes-equestres/charente/maison-de-caractere-328,2026-07-22
www.ma-propriete.fr,LE THOULT TROSNAY (51) à vendre superbe corps de ferme restauré sur un terrain clos de plus de 8600 m2 avec étang | MA-PROPRIETE.FR,trosnay 51 vendre,https://www.ma-propriete.fr/fr/equestre/proprietes-equestres/marne/le-thoult-trosnay-51-a-vendre-superbe-corps-de-ferme-restaure-sur-un-terrain-clos-de-plus-de-8600-m2-avec-etang,2026-07-22
www.ma-propriete.fr,"Propriété équestre de standing – Installations haut de gamme – 5 ha – Un bien rare offrant des infrastructures professionnelles, une maison confortable et un environnement priviligé à MOISSAC (82) | MA-PROPRIETE.FR",propriété équestre standing,https://www.ma-propriete.fr/fr/equestre/proprietes-equestres/tarn-et-garonne/propriete-equestre-de-standing-installations-haut-de-gamme-5-ha-un-bien-rare-offrant-des-infrastructures-professionnelles-une-maison-confortable-et-un-environnement-privilige-a-moissac-82-1,2026-07-22
www.ma-propriete.fr,Territoire de Chasse de 171 hectares en Sologne | MA-PROPRIETE.FR,171 hectares sologne,https://www.ma-propriete.fr/fr/forestiere/bois-et-forets/cher/territoire-de-chasse-de-171-hectares-en-sologne,2026-07-22
www.ma-propriete.fr,Vente de forêts et bois en Loire-Atlantique (44) - Pays de la Loire | MA-PROPRIETE.FR,bois loire atlantique,https://www.ma-propriete.fr/fr/forestiere/bois-et-forets/departement/loire-atlantique,2026-07-22
www.ma-propriete.fr,Propriété forestière à vendre Loire-Atlantique 44 | Achat | MA-PROPRIETE.FR,forestière vendre loire,https://www.ma-propriete.fr/fr/forestiere/departement/loire-atlantique,2026-07-22
www.ma-propriete.fr,Vente d'étangs à acheter en Loire-Atlantique (44) - Pays de la Loire | MA-PROPRIETE.FR,acheter loire atlantique,https://www.ma-propriete.fr/fr/forestiere/etangs/departement/loire-atlantique,2026-07-22
www.ma-propriete.fr,"Maison de Maitre CARCASSONNE sur 233m2 habitables , 5 chambres, garage, piscine terrain 1100m2 | MA-PROPRIETE.FR",maison maitre carcassonne,https://www.ma-propriete.fr/fr/prestige/maison-de-maitre-belle-demeure/aude/maison-de-maitre-carcassonne-sur-233m2-habitables-5-chambres-garage-piscine-terrain-1100m2,2026-07-22
www.ma-propriete.fr,RESIDENCE IMMOBILIERE DE 5 APPARTEMENTS VUE MER DES CARAIBES SAINTE LUCE (972) | MA-PROPRIETE.FR,caraibes sainte luce,https://www.ma-propriete.fr/fr/prestige/maison-de-maitre-belle-demeure/martinique/residence-immobiliere-de-5-appartements-vue-mer-des-caraibes-sainte-luce-972,2026-07-22
www.ma-propriete.fr,Propriété d'exception à Brie-Comte-Robert | MA-PROPRIETE.FR,exception brie comte,https://www.ma-propriete.fr/fr/prestige/maison-de-maitre-belle-demeure/seine-et-marne/propriete-dexception-a-brie-comte-robert,2026-07-22
www.ma-propriete.fr,Propriété à vendre proche de SANCERRE | MA-PROPRIETE.FR,vendre proche sancerre,https://www.ma-propriete.fr/fr/prestige/monuments-historiques/cher/propriete-a-vendre-proche-de-sancerre,2026-07-22
www.ma-propriete.fr,Ranch en lisière de forêt à Ozoir-La-Ferrière | MA-PROPRIETE.FR,lisière forêt ozoir,https://www.ma-propriete.fr/fr/rurale/maison-de-campagne/seine-et-marne/ranch-en-lisiere-de-foret-a-ozoir-la-ferriere,2026-07-22
www.ma-propriete.fr,Neuville-sur-Sarthe - Terrain de loisirs de 425 m² en bord de Sarthe. Posez vos valises et profitez ! | MA-PROPRIETE.FR,neuville sarthe,https://www.ma-propriete.fr/fr/rurale/terrains-de-loisirs/sarthe/neuville-sur-sarthe-terrain-de-loisirs-de-425-m2-en-bord-de-sarthe-posez-vos-valises-et-profitez,2026-07-22
www.ma-propriete.fr,RIEC SUR BELON – Propriété de caractère entre les ports – Restaurant de charme et habitation | MA-PROPRIETE.FR,riec belon,https://www.ma-propriete.fr/fr/touristique/auberges/finistere/riec-sur-belon-propriete-de-caractere-entre-les-ports-restaurant-de-charme-et-habitation,2026-07-22
www.ma-propriete.fr,"Domaine avec Trois Gîtes, Deux Sources Naturelles, Deux Piscines et 6 Hectares aux Portes de Beaulieu-sur-Dordogne | MA-PROPRIETE.FR",deux piscines hectares,https://www.ma-propriete.fr/fr/touristique/gites/correze/domaine-avec-trois-gites-deux-sources-naturelles-deux-piscines-et-6-hectares-aux-portes-de-beaulieu-sur-dordogne,2026-07-22
www.ma-propriete.fr,"Propriete à vendre 11 pièces de 406 m2 habitables au total, avec dépendance sur 5261 m2 proche de NOGARO (32) | MA-PROPRIETE.FR",406 m2 habitables,https://www.ma-propriete.fr/fr/touristique/gites/gers/propriete-a-vendre-11-pieces-de-406-m2-habitables-au-total-avec-dependance-sur-5261-m2-proche-de-nogaro-32,2026-07-22
www.magazine-slr.fr,5 conseils pour réussir vos entretiens annuels professionnels - Magazine SLR,entretiens annuels professionnels,https://www.magazine-slr.fr/5-conseils-pour-reussir-vos-entretiens-annuels-professionnels,2026-07-22
www.maison-poincare.fr,Séparateur de pièce rideau : cloisonne sans travaux,séparateur pièce rideau,https://www.maison-poincare.fr/maison/separateur-de-piece-rideau,2026-07-22
www.maison-poincare.fr,Contreplaqué : choisir le bon type et l'épaisseur idéale,contreplaqué,https://www.maison-poincare.fr/travaux/contreplaque,2026-07-22
www.maison-poincare.fr,Pourquoi choisir un constructeur de maison à Rennes ? - Maison Poincaré,constructeur maison rennes,https://www.maison-poincare.fr/travaux/pourquoi-choisir-un-constructeur-de-maison-a-rennes,2026-07-22
www.maison-poincare.fr,Terrasse en bois sur pilotis : construis ta terrasse,terrasse bois pilotis,https://www.maison-poincare.fr/travaux/terrasse-en-bois-sur-pilotis,2026-07-22
www.maisonreflet.fr,Comment Choisir sa Clôture Rigide de Jardin? Guide Complet,clôture rigide jardin,https://www.maisonreflet.fr/comment-choisir-sa-cloture-rigide-de-jardin-guide-complet,2026-07-22
www.maisonreflet.fr,Design scandinave : comment choisir un mobilier élégant et fonctionnel ?,design scandinave,https://www.maisonreflet.fr/design-scandinave-comment-choisir-un-mobilier-elegant-et-fonctionnel,2026-07-22
www.maisonreflet.fr,Haie de miscanthus : avis complet pour votre jardin,haie miscanthus,https://www.maisonreflet.fr/haie-de-miscanthus-avis-complet-pour-votre-jardin,2026-07-22
www.master-patrimoine.fr,Différence entre progiciel et logiciel : ce qui change,entre progiciel logiciel,https://www.master-patrimoine.fr/difference-entre-progiciel-et-logiciel,2026-07-22
www.mittelwihr.eu,Bouture de buis : méthodes et étapes pour multiplier l'arbuste,bouture buis,https://www.mittelwihr.eu/bouture-buis,2026-07-22
www.modulhome.fr,Acheter une maison sans argent : 8 stratégies - Modul Home,maison sans argent,https://www.modulhome.fr/acheter-maison-argent-8-strategies,2026-07-22
www.monconseillerimmo.com,Clôture en limite de propriété : comment prouver l'exacte délimitation ? - Mon Conseiller Immo,clôture limite propriété,https://www.monconseillerimmo.com/cloture-en-limite-de-propriete-comment-prouver-lexacte-delimitation,2026-07-22
www.monde-immobilier.com,"Vente Mobil home occasion dans camping ouvert à l'année : démarches, contrat et fiscalité expliqués - Monde Immobilier",camping ouvert année,https://www.monde-immobilier.com/vente-mobil-home-occasion-dans-camping-ouvert-a-lannee-demarches-contrat-et-fiscalite-expliques,2026-07-22
www.ohm-immobilier.fr,Murs commerciaux en Seine-Saint-Denis : tendances et opportunités - OH Magazine,commerciaux seine saint,https://www.ohm-immobilier.fr/murs-commerciaux-en-seine-saint-denis-tendances-et-opportunites,2026-07-22
www.passerellesud.org,Acheter une maison à Djerba : le guide complet pour les Français - Passerelle Sud,acheter maison djerba,https://www.passerellesud.org/acheter-une-maison-a-djerba-le-guide-complet-pour-les-francais,2026-07-22
www.passerellesud.org,Pourquoi les plateformes de mise en relation changent les règles de la location ? - Passerelle Sud,pourquoi plateformes mise,https://www.passerellesud.org/pourquoi-les-plateformes-de-mise-en-relation-changent-les-regles-de-la-location,2026-07-22
www.pole-immo.fr,Taille studio et loi : quelles surfaces minimum respecter en 2026 ? - Pôle Immo,taille studio loi,https://www.pole-immo.fr/taille-studio-et-loi-quelles-surfaces-minimum-respecter-en-2026,2026-07-22
www.portail-immobilier.fr,Investissement à l'étranger : l'immobilier à l'île Maurice est-il plus dangereux que la France ? - Portail Immobilier,investissement étranger,https://www.portail-immobilier.fr/investissement-a-letranger-limmobilier-a-lile-maurice-est-il-plus-dangereux-que-la-france,2026-07-22
www.revue-fonciere.com,Constructeurs maisons Rennes : tarifs et prestations 2026 - Revue Foncière,constructeurs maisons rennes,https://www.revue-fonciere.com/constructeurs-maisons-rennes-tarifs-et-prestations-2026,2026-07-22
www.tout-immo.net,Et si vous pouviez savoir qui est propriétaire d'une parcelle en quelques clics seulement ? - Tout Immo,parcelle quelques clics,https://www.tout-immo.net/et-si-vous-pouviez-savoir-qui-est-proprietaire-dune-parcelle-en-quelques-clics-seulement,2026-07-22
www.tropheesdelamaison.com,"Evaluation énergétique HabitatFuturVert.fr : délais d'intervention, disponibilité et zones couvertes - Les Trophées de la Maison",evaluation énergétique habitatfuturvert,https://www.tropheesdelamaison.com/evaluation-energetique-habitatfuturvert-fr-delais-dintervention-disponibilite-et-zones-couvertes,2026-07-22
www.tropheesdelamaison.com,Lumière naturelle en architecture : révéler vos espaces sans tricher - Les Trophées de la Maison,lumière naturelle architecture,https://www.tropheesdelamaison.com/lumiere-naturelle-en-architecture-reveler-vos-espaces-sans-tricher,2026-07-22
www.tropheesdelamaison.com,Les avantages d'une mini piscine coque à prix réduits,piscine coque prix,https://www.tropheesdelamaison.com/ou-acheter-une-mini-piscine-coque-au-meilleur-prix,2026-07-22
www.tropheesdelamaison.com,Pergola ou véranda à Rouen : quelle solution choisir ?,pergola véranda rouen,https://www.tropheesdelamaison.com/pergola-ou-veranda-a-rouen-quelle-installation-correspond-a-votre-projet,2026-07-22
www.tschann.fr,"LDO mobilier de bureau à Lyon : neuf, occasion, reprise",mobilier bureau lyon,https://www.tschann.fr/ldo-mobilier-de-bureau,2026-07-22
www.ventes-immobilieres.org,50 Hectares : à combien de km² et de m² ça correspond vraiment ? - Ventes Immo,50 hectares,https://www.ventes-immobilieres.org/50-hectares-a-combien-de-km%c2%b2-et-de-m%c2%b2-ca-correspond-vraiment,2026-07-22
www.visiter-bordeaux.eu,Drame à Bordeaux-Mérignac : Deux Pompiers Périssent en Combattant un Incendie,drame bordeaux mérignac,https://www.visiter-bordeaux.eu/bordeaux-pompiers-incendie,2026-07-22
www.visiter-bordeaux.eu,Pourquoi les géants de la tech choisissent Bordeaux plutôt que Paris,tech choisissent bordeaux,https://www.visiter-bordeaux.eu/mastodontes-tech-bordeaux,2026-07-22
www.vivonsmaison.com,Quelle taille de lit choisir pour bien dormir à deux ? - Vivons Maison,choisir dormir deux,https://www.vivonsmaison.com/quelle-taille-de-lit-choisir-pour-bien-dormir-a-deux,2026-07-22
www.vudailleurs.com,Détective Privé & Dirigeants : Enquêtes et Risques,détective privé dirigeants,https://www.vudailleurs.com/detective-prive-entreprise-risques,2026-07-22
www.vudailleurs.com,Vivre et Investir à l'Île Maurice en 2026 : Le Guide,vivre investir île,https://www.vudailleurs.com/investir-ile-maurice-2026,2026-07-22
www.vudailleurs.com,Drones : Leonardo et Baykar Lacent la Coentreprise LBA Systems,drones,https://www.vudailleurs.com/leonardo-baykar-lancement-coentreprise-lba-systems-drones,2026-07-22
www.vudailleurs.com,Louer un yacht : la parenthèse qui réinvente votre rapport au temps,louer yacht,https://www.vudailleurs.com/louer-yacht-vacances-sur-mesure,2026-07-22
www.vudailleurs.com,Manque de disponibilité intime dans le couple,manque disponibilité intime,https://www.vudailleurs.com/manque-disponibilite-intime-couple,2026-07-22
www.vudailleurs.com,Maurel & Prom : Résultats S1 2026 et Chiffre d'Affaires,maurel prom,https://www.vudailleurs.com/maurel-and-prom-resultats-activite-s1-2026,2026-07-22
www.vudailleurs.com,Michael Grevin : La Sophrologie au Service du Mieux-Être,michael grevin,https://www.vudailleurs.com/michael-grevin-sophrologue-colleret,2026-07-22
www.vudailleurs.com,Mort de Jean-Marc Sylvestre : hommage au journaliste,jean marc sylvestre,https://www.vudailleurs.com/mort-jean-marc-sylvestre,2026-07-22
www.vudailleurs.com,Taïwan : L'Île qui fabrique le cerveau électronique du monde,taïwan,https://www.vudailleurs.com/taiwan-fabrique-cerveau-electronique-du-monde-tsmc,2026-07-22
www.vudailleurs.com,Aéronautique : Commande 11 Hélicoptères AW139 à Leonardo,aéronautique,https://www.vudailleurs.com/the-helicopter-company-commande-11-helicopteres-aw139-leonardo,2026-07-22
www.vudailleurs.com,"Tour de France 2026 : Parcours, Étapes et Favoris",tour france 2026,https://www.vudailleurs.com/tour-de-france-2026,2026-07-22
www.vudailleurs.com,Vanguard Baisse de 25% les Frais du Vanguard FTSE,vanguard baisse 25,https://www.vudailleurs.com/vanguard-baisse-frais-etf-ftse-all-world,2026-07-22
