domain,title,keyword_keybert,url,detected_on
123-deco.fr,Créez un bain à la fois moderne et chaleureux - 132-deco.fr,fois moderne chaleureux,https://123-deco.fr/amenagement-salle-de-bain-moderne,2026-07-28
123-deco.fr,Conseils pour un salle de bain adaptée aux personnes handicapées - 132-deco.fr,adaptée personnes handicapées,https://123-deco.fr/conseils-salle-bain-adaptee,2026-07-28
123-deco.fr,Des lieux de mariage accessibles pour tous - 132-deco.fr,mariage accessibles tous,https://123-deco.fr/mariage-accessible-lieu-inclusif,2026-07-28
123-deco.fr,Modèles 3D à télécharger pour vos projets de design - 132-deco.fr,modèles 3d télécharger,https://123-deco.fr/modeles-3d-telecharger-design-architecture,2026-07-28
123-deco.fr,Découvrez des produits astucieux pour un quotidien plus simple - 132-deco.fr,découvrez produits astucieux,https://123-deco.fr/produits-astucieux-quotidien-simple,2026-07-28
actualites.logic-immo.com,Quels frais peut-on inclure dans son crédit immobilier ?,crédit immobilier,https://actualites.logic-immo.com/financement/credits-immobiliers/frais-integrer-credit-immobilier-article-23124.html,2026-07-28
agencehenry.com,Absence de DPE en Location : Sanctions et Recours,absence dpe location,https://www.agencehenry.com/absence-dpe-location.html,2026-07-28
agencehenry.com,Facturation Électronique en SCI : Les Obligations Clés,facturation électronique sci,https://www.agencehenry.com/facturation-electronique-sci.html,2026-07-28
appart-garden.com,🌊 Astuces Faciles pour Enlever les Margelles de Piscine 🛠️,enlever margelles piscine,https://appart-garden.com/enlever-margelles-piscine,2026-07-28
appart-garden.com,🔧 Comment poser un joint de dilatation pour carrelage ? 🏠,joint dilatation carrelage,https://appart-garden.com/poser-joint-dilatation-carrelage,2026-07-28
archilibre.org,Comment se débarrasser des encombrants sans se tromper de méthode,se débarrasser encombrants,https://archilibre.org/comment-se-debarrasser-des-encombrants,2026-07-28
archilibre.org,Fourniture de métal en ligne : un gain de temps pour les professionnels,fourniture métal ligne,https://archilibre.org/fourniture-de-metal-en-ligne-un-gain-de-temps-pour-les-professionnels,2026-07-28
archilibre.org,Quelles sont les principales oeuvres de Pablo Picasso?,oeuvres pablo picasso,https://archilibre.org/quelles-sont-les-principales-oeuvres-de-pablo-picasso,2026-07-28
archilibre.org,"Ramonage cheminée obligatoire : fréquence, prix et certificat",ramonage cheminée obligatoire,https://archilibre.org/ramonage-cheminee,2026-07-28
archilibre.org,"Tendance carrelage salle de bain 2026, styles incontournables",tendance carrelage salle,https://archilibre.org/tendance-carrelage-salle-de-bain,2026-07-28
ardentes-berry-immobilier.fr,Quartiers à éviter à Auch | Top zones et avis 2026,quartiers éviter auch,https://ardentes-berry-immobilier.fr/immobilier/auch-quartier-a-eviter,2026-07-28
ardentes-berry-immobilier.fr,Quartiers à éviter à Salon-de-Provence | Guide 2026,éviter salon provence,https://ardentes-berry-immobilier.fr/immobilier/salon-de-provence-quartier-a-eviter,2026-07-28
art-pluriel.fr,Architecte intérieur DecoSerotonine : Une déco moderne et zen - Art Pluriel,architecte intérieur decoserotonine,https://art-pluriel.fr/architecte-interieur-decoserotonine,2026-07-28
artisan-conseils.fr,Aménagement d'un petit studio avec mezzanine et cuisine moderne - Artisan-conseils.fr,mezzanine cuisine moderne,https://artisan-conseils.fr/amenagement-studio-deux-niveaux,2026-07-28
artisan-conseils.fr,Créez une cabane féerique pour vos enfants au jardin - Artisan-conseils.fr,cabane féerique vos,https://artisan-conseils.fr/cabane-enfant-jardin-deco-feerique,2026-07-28
artisan-conseils.fr,Découvrez la beauté du design de maison en style Kerala - Artisan-conseils.fr,maison style kerala,https://artisan-conseils.fr/design-maison-style-kerala,2026-07-28
artisan-conseils.fr,Des idées de petites piscines de jardin à petit prix - Artisan-conseils.fr,jardin petit prix,https://artisan-conseils.fr/petites-piscines-jardin-abordable,2026-07-28
audricdecock.fr,Construire une pergola en bois adossée soi-même,pergola bois adossée,https://audricdecock.fr/construire-pergola-bois-adossee-soi-meme,2026-07-28
audricdecock.fr,"Plomberie, chauffage et clim à Genève : un seul artisan pour tout",plomberie chauffage clim,https://audricdecock.fr/plomberie-chauffage-et-clim-a-geneve-un-seul-artisan-pour-tout,2026-07-28
batiment-actualites.fr,77 idées modernes de design de maison de ferme - batiment-actualites.fr,design maison ferme,https://batiment-actualites.fr/design-maison-ferme-moderne,2026-07-28
batiment-actualites.fr,Idées de maisons de retraite en A-frame pour un séjour idéal - batiment-actualites.fr,maisons retraite frame,https://batiment-actualites.fr/idees-maisons-retraite-a-frame,2026-07-28
batiment-actualites.fr,Construire la maison de vos rêves en toute liberté - batiment-actualites.fr,rêves toute liberté,https://batiment-actualites.fr/maison-construire-liberte,2026-07-28
batiment-actualites.fr,Découvrez les Tiny Houses en France : une nouvelle façon de vivre - batiment-actualites.fr,tiny houses france,https://batiment-actualites.fr/tiny-house-france-vivre-autrement,2026-07-28
ccae.fr,Danger de la Capucine : Quels Risques Pour Votre Jardin et Santé ? 🌿,danger capucine,https://ccae.fr/danger-de-la-capucine,2026-07-28
ccae.fr,"Rempotage d’un Citronnier : Quand, Comment et Pourquoi ? 🍋",rempotage citronnier,https://ccae.fr/rempotage-dun-citronnier,2026-07-28
cerclemediateursbancaires.fr,"Je pensais que détenir deux Livrets A menait droit au redressement : le jour où j'ai vérifié pour ma mère, j'ai compris ce qu'une exception changeait - CMB",détenir deux livrets,https://cerclemediateursbancaires.fr/je-pensais-que-detenir-deux-livrets-a-menait-droit-au-redressement-le-jour-ou-jai-verifie-pour-ma-mere-jai-compris-ce-quune-exception-changeait,2026-07-28
cerclemediateursbancaires.fr,"Ma mère est entrée en Ehpad à plus de 2 000 € par mois : le jour où j'ai compris ce que la loi pouvait exiger de moi, tout a changé - CMB",est entrée ehpad,https://cerclemediateursbancaires.fr/ma-mere-est-entree-en-ehpad-a-plus-de-2-000-e-par-mois-le-jour-ou-jai-compris-ce-que-la-loi-pouvait-exiger-de-moi-tout-a-change,2026-07-28
cerclemediateursbancaires.fr,Procuration sur votre compte bancaire : le piège redoutable que les couples découvrent toujours trop tard - CMB,votre compte bancaire,https://cerclemediateursbancaires.fr/procuration-sur-votre-compte-bancaire-le-piege-redoutable-que-les-couples-decouvrent-toujours-trop-tard,2026-07-28
cerclemediateursbancaires.fr,Rachat de trimestres : cette faille fiscale totalement légale va pulvériser votre facture d'impôts cette année - CMB,rachat trimestres,https://cerclemediateursbancaires.fr/rachat-de-trimestres-cette-faille-fiscale-totalement-legale-va-pulveriser-votre-facture-dimpots-cette-annee,2026-07-28
cerclemediateursbancaires.fr,Vente immobilière : la règle cachée qui vous dispense légalement de fournir ces diagnostics hors de prix à votre acheteur - CMB,vente immobilière,https://cerclemediateursbancaires.fr/vente-immobiliere-la-regle-cachee-qui-vous-dispense-legalement-de-fournir-ces-diagnostics-hors-de-prix-a-votre-acheteur,2026-07-28
cgt-76.fr,Construction illégale de plus de 10 ans : Quels Risques ? ⚖️,construction illégale plus,https://cgt-76.fr/construction-illegale-de-plus-de-10-ans,2026-07-28
cgt-76.fr,Peut-on Installer un Poêle à Bois dans une Cheminée ? 🔥,installer poêle bois,https://cgt-76.fr/poele-a-bois-dans-cheminee,2026-07-28
chantier-expert.fr,Créations de bougies au lait pour une ambiance chaleureuse - Chantier-expert.fr,créations bougies lait,https://chantier-expert.fr/bougies-au-lait-ambiance-chaleureuse,2026-07-28
chantier-expert.fr,"Robes de mariée : neuves, d'occasion ou démo ? - Chantier-expert.fr",robes mariée,https://chantier-expert.fr/robes-mariee-neuves-occasion-echantillons,2026-07-28
deco-et-vous.fr,Coiffures tressées pour tous les styles - Deco-et-vous.fr,coiffures tressées,https://deco-et-vous.fr/coiffures-tressees-tendance,2026-07-28
deco-et-vous.fr,Découvrez le défilé Printemps-été 2009 d'Isabel Marant - Deco-et-vous.fr,découvrez défilé printemps,https://deco-et-vous.fr/defile-isabel-marant-printemps-ete-2009,2026-07-28
deco-et-vous.fr,Plongez dans l'esthétique bohème des années 80 - Deco-et-vous.fr,bohème années 80,https://deco-et-vous.fr/esthetique-boheme-annees-80,2026-07-28
deco-et-vous.fr,Idées de tenues boho pour un style chic et décontracté - Deco-et-vous.fr,tenues boho style,https://deco-et-vous.fr/idees-tenues-boho-style-chic,2026-07-28
deco-et-vous.fr,La mode boho fait son grand retour - Deco-et-vous.fr,mode boho fait,https://deco-et-vous.fr/retour-mode-boho,2026-07-28
deco-habitat-mag.fr,Aménagez votre chambre sans lampes : idées et inspirations - deco-habitat-mag.fr,chambre sans lampes,https://deco-habitat-mag.fr/amenagement-chambre-sans-lampes,2026-07-28
deco-habitat-mag.fr,Comment créer une chambre adolescente maximaliste et unique - deco-habitat-mag.fr,chambre adolescente maximaliste,https://deco-habitat-mag.fr/chambre-adolescente-maximaliste,2026-07-28
deco-habitat-mag.fr,Comment se connecter facilement à votre compte Outlook - deco-habitat-mag.fr,votre compte outlook,https://deco-habitat-mag.fr/connexion-compte-outlook,2026-07-28
deco-habitat-mag.fr,Découvrez comment créer votre espace cozy parfait - deco-habitat-mag.fr,votre espace cozy,https://deco-habitat-mag.fr/espace-cozy-parfait,2026-07-28
deco-habitat-mag.fr,Luminaires marocains : la tendance Cluttercore à adopter - deco-habitat-mag.fr,luminaires marocains,https://deco-habitat-mag.fr/luminaires-marocains-cluttercore,2026-07-28
deco-interieur-conseil.fr,Créez un fond d'écran beige esthétique pour votre téléphone - Deco-interieur-conseil.fr,esthétique votre téléphone,https://deco-interieur-conseil.fr/fond-ecran-beige-esthetique,2026-07-28
decolux-maison.fr,Découvrez des arrière-plans 3D époustouflants générés par IA - decolux-maison.fr,3d époustouflants générés,https://decolux-maison.fr/arriere-plans-3d-ia,2026-07-28
decolux-maison.fr,Téléchargez des images de checkmark doré gratuitement - decolux-maison.fr,téléchargez images checkmark,https://decolux-maison.fr/checkmark-dore-images-gratuites,2026-07-28
decolux-maison.fr,Découvrez des fonds d'écran apaisants pour votre quotidien - decolux-maison.fr,écran apaisants votre,https://decolux-maison.fr/fonds-ecran-apaisants-quotidien,2026-07-28
domeus-constructions.fr,"Bouturer Du Mimosa : Période, Méthode Et Conseils Pour Réussir",bouturer mimosa,https://domeus-constructions.fr/bouturer-mimosa-ete-substrat-proteger,2026-07-28
domindo.fr,Facturation électronique et SCI : ce que les gérants doivent anticiper - Domindo,facturation électronique sci,https://www.domindo.fr/facturation-electronique-et-sci-ce-que-les-gerants-doivent-anticiper,2026-07-28
domindo.fr,Installer un coffret de communication (VDI grade 3) - Domindo,coffret communication vdi,https://www.domindo.fr/installer-coffret-communication-vdi3,2026-07-28
edito.selogerneuf.com,Investir dans un T2 neuf : pour quel rendement locatif ? | Edito SeLoger Neuf,investir t2 neuf,https://edito.selogerneuf.com/conseils-d-experts/investir/investir-un-t2-neuf-rendement-locatif-article-23354.html,2026-07-28
famin-immobilier.fr,Les quartiers à éviter à Sorgues,quartiers éviter sorgues,https://famin-immobilier.fr/quartiers-a-eviter-sorgues,2026-07-28
favrat-ossature-bois.fr,Aspirateur Copeaux Bois Avis : Comparatif Et Guide Pour Bien Choisir,aspirateur copeaux bois,https://favrat-ossature-bois.fr/aspirateur-copeaux-bois-avis-choisir-extracteur-atelier,2026-07-28
favrat-ossature-bois.fr,"Bois Clair, Foncé Ou Naturel : Quelle Cuisine Correspond à Votre Style ?",bois clair foncé,https://favrat-ossature-bois.fr/bois-clair-fonce-ou-naturel-quelle-cuisine-correspond-a-votre-style,2026-07-28
fenrifoyer.fr,Robot piscine Zodiac démarre et s'arrête : les solutions,robot piscine zodiac,https://fenrifoyer.fr/robot-piscine-zodiac-demarre-et-sarrete-les-solutions,2026-07-28
foyerluxuria.fr,Néflier et néflier du Japon : quelle différence entre les fruits ?,néflier néflier japon,https://foyerluxuria.fr/neflier-et-neflier-du-japon-quelle-difference-entre-les-fruits,2026-07-28
habitat-infos.fr,20 aménagements astucieux pour le garage de votre mari - Habitat-infos.fr,aménagements astucieux garage,https://habitat-infos.fr/amenagement-garage-astucieux,2026-07-28
habitat-infos.fr,Aménager un studio d'art fonctionnel et inspirant - Habitat-infos.fr,aménager studio art,https://habitat-infos.fr/amenager-studio-art,2026-07-28
habitat-infos.fr,29 détails déco Japandi pour un bureau inspirant - Habitat-infos.fr,japandi bureau inspirant,https://habitat-infos.fr/details-japandi-bureau-zen,2026-07-28
habitat-infos.fr,10 idées de coin cosy pour se détendre à la maison - Habitat-infos.fr,coin cosy se,https://habitat-infos.fr/idees-coin-cosy-maison,2026-07-28
habitat-infos.fr,Idées de déco élégante pour un coin homme qui plaira à tous - Habitat-infos.fr,élégante coin homme,https://habitat-infos.fr/idees-deco-elegante-coin-homme,2026-07-28
harmonie-maison.fr,Film thermique fenêtre : les 4 questions à se poser avant d’installer - Harmonie Maison,film thermique fenêtre,https://harmonie-maison.fr/film-thermique-fenetre,2026-07-28
harmonie-maison.fr,Fleurs en E : 7 variétés à connaître pour votre jardin ou votre intérieur - Harmonie Maison,fleurs,https://harmonie-maison.fr/fleure-qui-commence-par-e,2026-07-28
harmonie-maison.fr,Table extensible : comment choisir le modèle idéal pour votre intérieur ? - Harmonie Maison,table extensible,https://harmonie-maison.fr/table-extensible-choisir,2026-07-28
immodeco.net,"Garantie loyer impayés, quelles solutions pour les bailleurs ?",quelles solutions bailleurs,https://www.immodeco.net/garantie-loyer-impayes,2026-07-28
interiora-style.fr,Aménagez un salon chaleureux avec des décorations marron - Interiora-style.fr,salon chaleureux décorations,https://interiora-style.fr/deco-marron-salon-cosy,2026-07-28
interiora-style.fr,19 idées de maison de campagne modernes pour un espace de vie chic et confortable - Interiora-style.fr,campagne modernes espace,https://interiora-style.fr/idees-maison-campagne-moderne,2026-07-28
interiora-style.fr,Élégance et chaleur : la table Sirvon en ciment et bois d'acacia - Interiora-style.fr,élégance chaleur,https://interiora-style.fr/table-a-manger-ciment-bois-acacia-sirvon,2026-07-28
isolationcombles.fr,Prix au m2 de l'isolation sous rampant en laine de bois - IsolationCombles.fr,prix m2 isolation,https://isolationcombles.fr/financer-isolation-combles/cout-isolation-combles/prix-au-m2-de-lisolation-sous-rampant-en-laine-de-bois,2026-07-28
jardinerlaville.fr,Quels sont les inconvénients du paulownia ? | Jardiner la Ville,sont inconvénients paulownia,https://jardinerlaville.fr/paulownia-prix,2026-07-28
lebureaudelimmo.fr,"Prix d'un bornage de terrain : tarifs, obligations et déroulement en 2026",prix bornage terrain,https://lebureaudelimmo.fr/prix-bornage-terrain,2026-07-28
lebureaudelimmo.fr,"SCPI en démembrement : fonctionnement, avantages, fiscalité et simulation",scpi démembrement,https://lebureaudelimmo.fr/scpi-en-demembrement,2026-07-28
leconomieetmoi.fr,Créer une holding en 2026 : à partir de quels revenus ? - L'économie et moi,holding 2026,https://leconomieetmoi.fr/entreprise/creer-une-holding-en-2026-a-partir-de-quel-niveau-de-revenus-cela-devient-pertinent-12991,2026-07-28
loco-immo.fr,Les quartiers à éviter à Alger,quartiers éviter alger,https://loco-immo.fr/quartiers-a-eviter-alger,2026-07-28
m2paris.fr,Service client casinos en ligne FR réactif,service client casinos,https://m2paris.fr/dossiers/contact-service-clientele-casino-en-ligne-france-fiable,2026-07-28
m2paris.fr,Points de lancement du Plinko : l'illusion du contrôle de la chute,points lancement plinko,https://m2paris.fr/dossiers/l-illusion-de-controle-la-psychologie-de-la-position-de-lacher,2026-07-28
m2paris.fr,Support Casino en Ligne France — Assistance 24/7,casino ligne france,https://m2paris.fr/dossiers/tchat-en-direct-support-casino-france-aide-instantanee,2026-07-28
mag-investir.com,Pourquoi l'achat d'un appartement à Dubaï est un investissement stratégique ?,dubaï est investissement,https://mag-investir.com/pourquoi-lachat-dun-appartement-a-dubai-est-un-investissement-strategique,2026-07-28
mag-investir.com,Rendement immobilier : le chiffre affiché n'est pas celui encaissé,rendement immobilier,https://mag-investir.com/rendement-immobilier-pourquoi-le-chiffre-affiche-nest-jamais-celui-que-vous-encaissez,2026-07-28
maison-deco-design.fr,Créez un balcon d'été chaleureux et fleuri - Maison-deco-design.fr,balcon été chaleureux,https://maison-deco-design.fr/balcon-cosy-ete-fleuri,2026-07-28
maison-deco-design.fr,Créez votre balcon de rêve : idées déco inspirantes - Maison-deco-design.fr,votre balcon rêve,https://maison-deco-design.fr/deco-balcon-de-reve,2026-07-28
maison-deco-design.fr,5 idées de décoration automnale pour votre intérieur - Maison-deco-design.fr,décoration automnale votre,https://maison-deco-design.fr/idees-deco-automnale,2026-07-28
maisonfloralis.fr,Chambre noir et blanc chic : un style intemporel,chambre noir blanc,https://maisonfloralis.fr/chambre-noir-et-blanc-chic-un-style-intemporel,2026-07-28
maisonfloralis.fr,Réduisez vos factures grâce aux fenêtres PVC performantes !,réduisez vos factures,https://maisonfloralis.fr/reduisez-vos-factures-grace-aux-fenetres-pvc-performantes,2026-07-28
maisonluminea.fr,"Jardin en restanque : aménagement, plantes et entretien",jardin restanque,https://maisonluminea.fr/jardin-en-restanque-amenagement-plantes-et-entretien,2026-07-28
micado-france.fr,Bouturer Un Rosier : Guide Simple Pour Réussir Vos Boutures,bouturer rosier,https://micado-france.fr/bouturer-rosier-couper-planter-entretenir,2026-07-28
micado-france.fr,"Lys Des Incas (Alstroemeria) : Plantation, Entretien Et Signification",lys incas alstroemeria,https://micado-france.fr/cultiver-lys-ancas-plein-air-pot,2026-07-28
miui-france.org,Interface MIUI Android : toutes les options de personnalisation disponibles | Miui-france.org,interface miui android,https://www.miui-france.org/interface-miui-android-personnalisation,2026-07-28
monhabitoo.fr,Quand tailler les cerisiers : calendrier et conseils 2025,quand tailler cerisiers,https://monhabitoo.fr/quand-tailler-les-cerisiers-calendrier-et-conseils-2025,2026-07-28
monimmeuble.com,L'applique murale élégante : quand la lumière sculpte vos murs,applique murale élégante,https://monimmeuble.com/actualite/lapplique-murale-elegante-quand-la-lumiere-sculpte-vos-murs,2026-07-28
monimmeuble.com,​Risques naturels et immobilier : ce que les experts révèlent,risques naturels immobilier,https://monimmeuble.com/actualite/risques-naturels-et-immobilier-ce-que-les-experts-revelent,2026-07-28
pluscestsimple.com,"15 quai Vauban — Perpignan – Plus c'est simple : blog conseils déco, travaux et immo",quai vauban perpignan,https://pluscestsimple.com/annuaire/boutique/15-quai-vauban-perpignan,2026-07-28
pluscestsimple.com,"4 PIEDS Angers — Angers – Plus c'est simple : blog conseils déco, travaux et immo",pieds angers angers,https://pluscestsimple.com/annuaire/boutique/4-pieds-angers,2026-07-28
pluscestsimple.com,"4 PIEDS Brest — Brest – Plus c'est simple : blog conseils déco, travaux et immo",pieds brest brest,https://pluscestsimple.com/annuaire/boutique/4-pieds-brest,2026-07-28
pluscestsimple.com,"4 PIEDS Caen — Caen – Plus c'est simple : blog conseils déco, travaux et immo",pieds caen,https://pluscestsimple.com/annuaire/boutique/4-pieds-caen,2026-07-28
pluscestsimple.com,"4 PIEDS Clermont-Ferrand — Clermont-Ferrand – Plus c'est simple : blog conseils déco, travaux et immo",pieds clermont ferrand,https://pluscestsimple.com/annuaire/boutique/4-pieds-clermont-ferrand,2026-07-28
pluscestsimple.com,"4 PIEDS Rennes — Rennes – Plus c'est simple : blog conseils déco, travaux et immo",pieds rennes,https://pluscestsimple.com/annuaire/boutique/4-pieds-rennes,2026-07-28
pluscestsimple.com,"ADAMS Saint-Paul — Saint-Paul de La Réunion – Plus c'est simple : blog conseils déco, travaux et immo",saint paul réunion,https://pluscestsimple.com/annuaire/boutique/adams-saint-paul,2026-07-28
pluscestsimple.com,"Allure Soft Design — Annecy – Plus c'est simple : blog conseils déco, travaux et immo",allure soft design,https://pluscestsimple.com/annuaire/boutique/allure-soft-design-annecy,2026-07-28
pluscestsimple.com,"Amadeco — Angers – Plus c'est simple : blog conseils déco, travaux et immo",amadeco angers,https://pluscestsimple.com/annuaire/boutique/amadeco-angers,2026-07-28
pluscestsimple.com,"Ambiance & Curiosités — Grenoble – Plus c'est simple : blog conseils déco, travaux et immo",ambiance curiosités grenoble,https://pluscestsimple.com/annuaire/boutique/ambiance-curiosites-grenoble,2026-07-28
pluscestsimple.com,"Ambiance & Styles LEGRIS | AMIENS — Amiens – Plus c'est simple : blog conseils déco, travaux et immo",ambiance styles legris,https://pluscestsimple.com/annuaire/boutique/ambiance-styles-legris-amiens,2026-07-28
pluscestsimple.com,"Ambiance & Styles | STRASBOURG — Strasbourg – Plus c'est simple : blog conseils déco, travaux et immo",ambiance styles,https://pluscestsimple.com/annuaire/boutique/ambiance-styles-strasbourg,2026-07-28
pluscestsimple.com,"Ambiance Tables et Chaises — Reims – Plus c'est simple : blog conseils déco, travaux et immo",ambiance tables chaises,https://pluscestsimple.com/annuaire/boutique/ambiance-tables-et-chaises-reims,2026-07-28
pluscestsimple.com,"AMPM – Galeries Lafayette Strasbourg — Strasbourg – Plus c'est simple : blog conseils déco, travaux et immo",ampm,https://pluscestsimple.com/annuaire/boutique/ampm-galeries-lafayette-strasbourg,2026-07-28
pluscestsimple.com,"Antiquites Ebenisterie D’art — Fort-de-France – Plus c'est simple : blog conseils déco, travaux et immo",antiquites ebenisterie art,https://pluscestsimple.com/annuaire/boutique/antiquites-ebenisterie-d-art-fort-de-france,2026-07-28
pluscestsimple.com,"Archea Caen — Caen – Plus c'est simple : blog conseils déco, travaux et immo",archea caen,https://pluscestsimple.com/annuaire/boutique/archea-caen,2026-07-28
pluscestsimple.com,"Archea Clermont-Ferrand — Clermont-Ferrand – Plus c'est simple : blog conseils déco, travaux et immo",archea clermont ferrand,https://pluscestsimple.com/annuaire/boutique/archea-clermont-ferrand,2026-07-28
pluscestsimple.com,"Archea Grenoble — Grenoble – Plus c'est simple : blog conseils déco, travaux et immo",archea grenoble grenoble,https://pluscestsimple.com/annuaire/boutique/archea-grenoble,2026-07-28
pluscestsimple.com,"Archea Limoges — Limoges – Plus c'est simple : blog conseils déco, travaux et immo",archea limoges limoges,https://pluscestsimple.com/annuaire/boutique/archea-limoges,2026-07-28
pluscestsimple.com,"Archea Montpellier — Montpellier – Plus c'est simple : blog conseils déco, travaux et immo",archea montpellier montpellier,https://pluscestsimple.com/annuaire/boutique/archea-montpellier,2026-07-28
pluscestsimple.com,"Archea Nice — Nice – Plus c'est simple : blog conseils déco, travaux et immo",archea nice,https://pluscestsimple.com/annuaire/boutique/archea-nice,2026-07-28
pluscestsimple.com,"Archea Toulon — Toulon – Plus c'est simple : blog conseils déco, travaux et immo",archea toulon toulon,https://pluscestsimple.com/annuaire/boutique/archea-toulon,2026-07-28
pluscestsimple.com,"Archea Toulouse — Toulouse – Plus c'est simple : blog conseils déco, travaux et immo",archea toulouse toulouse,https://pluscestsimple.com/annuaire/boutique/archea-toulouse,2026-07-28
pluscestsimple.com,"Arrière Cour — Saint-Étienne – Plus c'est simple : blog conseils déco, travaux et immo",cour saint étienne,https://pluscestsimple.com/annuaire/boutique/arriere-cour-saint-etienne,2026-07-28
pluscestsimple.com,"Art et Décor Antiquités- Décoration- Artisanat d’Art — Saint-Denis de La Réunion – Plus c'est simple : blog conseils déco, travaux et immo",décoration artisanat art,https://pluscestsimple.com/annuaire/boutique/art-et-decor-antiquites-decoration-artisanat-d-art-saint-denis,2026-07-28
pluscestsimple.com,"Artefact Zoo Angers Deco & Design — Angers – Plus c'est simple : blog conseils déco, travaux et immo",artefact zoo angers,https://pluscestsimple.com/annuaire/boutique/artefact-zoo-angers-deco-design,2026-07-28
pluscestsimple.com,"Atelier du meuble — Mamoudzou – Plus c'est simple : blog conseils déco, travaux et immo",atelier meuble mamoudzou,https://pluscestsimple.com/annuaire/boutique/atelier-du-meuble-mamoudzou,2026-07-28
pluscestsimple.com,"Atelier Mama Oh! — Lille – Plus c'est simple : blog conseils déco, travaux et immo",mama oh lille,https://pluscestsimple.com/annuaire/boutique/atelier-mama-oh-lille,2026-07-28
pluscestsimple.com,"ATELIER OOMPA — Rennes – Plus c'est simple : blog conseils déco, travaux et immo",atelier oompa rennes,https://pluscestsimple.com/annuaire/boutique/atelier-oompa-rennes,2026-07-28
pluscestsimple.com,"Atlas Reunion — Saint-Denis de La Réunion – Plus c'est simple : blog conseils déco, travaux et immo",atlas reunion saint,https://pluscestsimple.com/annuaire/boutique/atlas-reunion-saint-denis,2026-07-28
pluscestsimple.com,"Aventures de Maison — Rennes – Plus c'est simple : blog conseils déco, travaux et immo",aventures maison rennes,https://pluscestsimple.com/annuaire/boutique/aventures-de-maison-rennes,2026-07-28
pluscestsimple.com,"Avenue 28 — Amiens – Plus c'est simple : blog conseils déco, travaux et immo",avenue 28 amiens,https://pluscestsimple.com/annuaire/boutique/avenue-28-amiens,2026-07-28
pluscestsimple.com,"Aya & Inaya Décor — Strasbourg – Plus c'est simple : blog conseils déco, travaux et immo",inaya décor strasbourg,https://pluscestsimple.com/annuaire/boutique/aya-inaya-decor-strasbourg,2026-07-28
pluscestsimple.com,"B COMME DESIGN — Le Mans – Plus c'est simple : blog conseils déco, travaux et immo",comme design mans,https://pluscestsimple.com/annuaire/boutique/b-comme-design-le-mans,2026-07-28
pluscestsimple.com,"B&M — Rennes – Plus c'est simple : blog conseils déco, travaux et immo",rennes,https://pluscestsimple.com/annuaire/boutique/b-m-rennes,2026-07-28
pluscestsimple.com,"Basalt Market — Caen – Plus c'est simple : blog conseils déco, travaux et immo",basalt market caen,https://pluscestsimple.com/annuaire/boutique/basalt-market-caen,2026-07-28
pluscestsimple.com,"Basika — Nice – Plus c'est simple : blog conseils déco, travaux et immo",basika nice,https://pluscestsimple.com/annuaire/boutique/basika-nice,2026-07-28
pluscestsimple.com,"Basika — Nice – Plus c'est simple : blog conseils déco, travaux et immo",basika nice,https://pluscestsimple.com/annuaire/boutique/basika-nice-2,2026-07-28
pluscestsimple.com,"Bazar 518 — Montreuil – Plus c'est simple : blog conseils déco, travaux et immo",bazar 518 montreuil,https://pluscestsimple.com/annuaire/boutique/bazar-518-montreuil,2026-07-28
pluscestsimple.com,"Bazardeluxe | Rouen — Rouen – Plus c'est simple : blog conseils déco, travaux et immo",bazardeluxe,https://pluscestsimple.com/annuaire/boutique/bazardeluxe-rouen,2026-07-28
pluscestsimple.com,"Bel Bitin — Les Abymes – Plus c'est simple : blog conseils déco, travaux et immo",bel bitin abymes,https://pluscestsimple.com/annuaire/boutique/bel-bitin-les-abymes,2026-07-28
pluscestsimple.com,"Belle Ruche — Besançon – Plus c'est simple : blog conseils déco, travaux et immo",belle ruche besançon,https://pluscestsimple.com/annuaire/boutique/belle-ruche-besancon,2026-07-28
pluscestsimple.com,"BELLONA — Nantes – Plus c'est simple : blog conseils déco, travaux et immo",bellona nantes,https://pluscestsimple.com/annuaire/boutique/bellona-nantes,2026-07-28
pluscestsimple.com,"BoConcept — Lille – Plus c'est simple : blog conseils déco, travaux et immo",boconcept lille,https://pluscestsimple.com/annuaire/boutique/boconcept-lille,2026-07-28
pluscestsimple.com,"Bois Décors – Magasin de meubles à Grenoble — Grenoble – Plus c'est simple : blog conseils déco, travaux et immo",bois décors,https://pluscestsimple.com/annuaire/boutique/bois-decors-magasin-de-meubles-a-grenoble,2026-07-28
pluscestsimple.com,"Bouchara Amiens : Magasin linge de maison et décoration — Amiens – Plus c'est simple : blog conseils déco, travaux et immo",bouchara amiens,https://pluscestsimple.com/annuaire/boutique/bouchara-amiens-magasin-linge-de-maison-et-decoration,2026-07-28
pluscestsimple.com,"Bouchara Caen : Magasin linge de maison et décoration — Caen – Plus c'est simple : blog conseils déco, travaux et immo",bouchara caen,https://pluscestsimple.com/annuaire/boutique/bouchara-caen-magasin-linge-de-maison-et-decoration,2026-07-28
pluscestsimple.com,"Bouchara Dijon : Magasin linge de maison et décoration — Dijon – Plus c'est simple : blog conseils déco, travaux et immo",bouchara dijon,https://pluscestsimple.com/annuaire/boutique/bouchara-dijon-magasin-linge-de-maison-et-decoration,2026-07-28
pluscestsimple.com,"Bouchara Le Havre : Magasin linge de maison et décoration — Le Havre – Plus c'est simple : blog conseils déco, travaux et immo",bouchara havre,https://pluscestsimple.com/annuaire/boutique/bouchara-le-havre-magasin-linge-de-maison-et-decoration,2026-07-28
pluscestsimple.com,"Bouchara Nantes : Magasin linge de maison et décoration — Nantes – Plus c'est simple : blog conseils déco, travaux et immo",bouchara nantes,https://pluscestsimple.com/annuaire/boutique/bouchara-nantes-magasin-linge-de-maison-et-decoration,2026-07-28
pluscestsimple.com,"Bouchara Nice : Magasin linge de maison et décoration — Nice – Plus c'est simple : blog conseils déco, travaux et immo",bouchara nice,https://pluscestsimple.com/annuaire/boutique/bouchara-nice-magasin-linge-de-maison-et-decoration,2026-07-28
pluscestsimple.com,"Bouchara Saint-Etienne : Magasin linge de maison et décoration — Saint-Étienne – Plus c'est simple : blog conseils déco, travaux et immo",bouchara saint etienne,https://pluscestsimple.com/annuaire/boutique/bouchara-saint-etienne-magasin-linge-de-maison-et-decoration,2026-07-28
pluscestsimple.com,"Boutique AMPM Lille — Lille – Plus c'est simple : blog conseils déco, travaux et immo",boutique ampm lille,https://pluscestsimple.com/annuaire/boutique/boutique-ampm-lille,2026-07-28
pluscestsimple.com,"Boutique Décoration HG — Reims – Plus c'est simple : blog conseils déco, travaux et immo",boutique décoration hg,https://pluscestsimple.com/annuaire/boutique/boutique-decoration-hg-reims,2026-07-28
pluscestsimple.com,"Boutique tikamoon — Lille – Plus c'est simple : blog conseils déco, travaux et immo",boutique tikamoon lille,https://pluscestsimple.com/annuaire/boutique/boutique-tikamoon-lille,2026-07-28
pluscestsimple.com,"Bowigo — Saint-Étienne – Plus c'est simple : blog conseils déco, travaux et immo",bowigo saint étienne,https://pluscestsimple.com/annuaire/boutique/bowigo-saint-etienne,2026-07-28
pluscestsimple.com,"Brune Créateurs d’Intérieurs — Tours – Plus c'est simple : blog conseils déco, travaux et immo",créateurs intérieurs tours,https://pluscestsimple.com/annuaire/boutique/brune-createurs-d-interieurs-tours,2026-07-28
pluscestsimple.com,"BUT — Ajaccio – Plus c'est simple : blog conseils déco, travaux et immo",but ajaccio,https://pluscestsimple.com/annuaire/boutique/but-ajaccio,2026-07-28
pluscestsimple.com,"BUT SAINT-DENIS (RÉUNION) — Saint-Denis de La Réunion – Plus c'est simple : blog conseils déco, travaux et immo",saint denis réunion,https://pluscestsimple.com/annuaire/boutique/but-saint-denis-reunion,2026-07-28
pluscestsimple.com,"BUT SAINT PAUL (REUNION) — Saint-Paul de La Réunion – Plus c'est simple : blog conseils déco, travaux et immo",saint paul réunion,https://pluscestsimple.com/annuaire/boutique/but-saint-paul-reunion,2026-07-28
pluscestsimple.com,"Butlers — Mulhouse – Plus c'est simple : blog conseils déco, travaux et immo",butlers mulhouse,https://pluscestsimple.com/annuaire/boutique/butlers-mulhouse,2026-07-28
pluscestsimple.com,"BUTLERS, Rouen — Rouen – Plus c'est simple : blog conseils déco, travaux et immo",butlers rouen rouen,https://pluscestsimple.com/annuaire/boutique/butlers-rouen,2026-07-28
pluscestsimple.com,"C’EST CLAIR — Saint-Denis de La Réunion – Plus c'est simple : blog conseils déco, travaux et immo",est clair saint,https://pluscestsimple.com/annuaire/boutique/c-est-clair-saint-denis,2026-07-28
pluscestsimple.com,"Canap’affaires — Reims – Plus c'est simple : blog conseils déco, travaux et immo",canap affaires reims,https://pluscestsimple.com/annuaire/boutique/canap-affaires-reims,2026-07-28
pluscestsimple.com,"CAP REUNION — Saint-Paul de La Réunion – Plus c'est simple : blog conseils déco, travaux et immo",cap reunion saint,https://pluscestsimple.com/annuaire/boutique/cap-reunion-saint-paul,2026-07-28
pluscestsimple.com,"Carton Lune — Montreuil – Plus c'est simple : blog conseils déco, travaux et immo",carton lune montreuil,https://pluscestsimple.com/annuaire/boutique/carton-lune-montreuil,2026-07-28
pluscestsimple.com,"Centrakor Cayenne — Cayenne – Plus c'est simple : blog conseils déco, travaux et immo",centrakor cayenne,https://pluscestsimple.com/annuaire/boutique/centrakor-cayenne,2026-07-28
pluscestsimple.com,"Centrakor Le Mans Bollée — Le Mans – Plus c'est simple : blog conseils déco, travaux et immo",centrakor mans bollée,https://pluscestsimple.com/annuaire/boutique/centrakor-le-mans-bollee,2026-07-28
pluscestsimple.com,"Centrakor Les Abymes — Les Abymes – Plus c'est simple : blog conseils déco, travaux et immo",centrakor abymes abymes,https://pluscestsimple.com/annuaire/boutique/centrakor-les-abymes,2026-07-28
pluscestsimple.com,"Centrakor Limoges — Limoges – Plus c'est simple : blog conseils déco, travaux et immo",centrakor limoges limoges,https://pluscestsimple.com/annuaire/boutique/centrakor-limoges,2026-07-28
pluscestsimple.com,"Centrakor Limoges Sud — Limoges – Plus c'est simple : blog conseils déco, travaux et immo",centrakor limoges sud,https://pluscestsimple.com/annuaire/boutique/centrakor-limoges-sud,2026-07-28
pluscestsimple.com,"Centrakor Nice Riquier — Nice – Plus c'est simple : blog conseils déco, travaux et immo",centrakor nice riquier,https://pluscestsimple.com/annuaire/boutique/centrakor-nice-riquier,2026-07-28
pluscestsimple.com,"Centrakor Nîmes — Nimes – Plus c'est simple : blog conseils déco, travaux et immo",centrakor nîmes,https://pluscestsimple.com/annuaire/boutique/centrakor-nimes,2026-07-28
pluscestsimple.com,"Centrakor Rouen (rive droite) — Rouen – Plus c'est simple : blog conseils déco, travaux et immo",centrakor rouen rive,https://pluscestsimple.com/annuaire/boutique/centrakor-rouen-rive-droite,2026-07-28
pluscestsimple.com,"Centrakor / Zoé Confetti Besançon — Besançon – Plus c'est simple : blog conseils déco, travaux et immo",confetti besançon besançon,https://pluscestsimple.com/annuaire/boutique/centrakor-zoe-confetti-besancon,2026-07-28
pluscestsimple.com,"Centrakor / Zoé Confetti Metz — Metz – Plus c'est simple : blog conseils déco, travaux et immo",confetti metz metz,https://pluscestsimple.com/annuaire/boutique/centrakor-zoe-confetti-metz,2026-07-28
pluscestsimple.com,"Centrakor / Zoé Confetti Reims Village — Reims – Plus c'est simple : blog conseils déco, travaux et immo",confetti reims village,https://pluscestsimple.com/annuaire/boutique/centrakor-zoe-confetti-reims-village,2026-07-28
pluscestsimple.com,"Centrakor / Zoé Confetti Strasbourg Cronenbourg — Strasbourg – Plus c'est simple : blog conseils déco, travaux et immo",confetti strasbourg cronenbourg,https://pluscestsimple.com/annuaire/boutique/centrakor-zoe-confetti-strasbourg-cronenbourg,2026-07-28
pluscestsimple.com,"Central Canap Besançon — Besançon – Plus c'est simple : blog conseils déco, travaux et immo",central canap besançon,https://pluscestsimple.com/annuaire/boutique/central-canap-besancon,2026-07-28
pluscestsimple.com,"Chambre Cinquante Sept — Metz – Plus c'est simple : blog conseils déco, travaux et immo",cinquante sept metz,https://pluscestsimple.com/annuaire/boutique/chambre-cinquante-sept-metz,2026-07-28
pluscestsimple.com,"Cinna et Ligne Roset — Ajaccio – Plus c'est simple : blog conseils déco, travaux et immo",ligne roset ajaccio,https://pluscestsimple.com/annuaire/boutique/cinna-et-ligne-roset-ajaccio,2026-07-28
pluscestsimple.com,"Cinna Nancy — Nancy – Plus c'est simple : blog conseils déco, travaux et immo",cinna nancy nancy,https://pluscestsimple.com/annuaire/boutique/cinna-nancy,2026-07-28
pluscestsimple.com,"CLIMENT Mobilier – Besançon — Besançon – Plus c'est simple : blog conseils déco, travaux et immo",climent mobilier,https://pluscestsimple.com/annuaire/boutique/climent-mobilier-besancon,2026-07-28
pluscestsimple.com,"Cocoon @ Home — Annecy – Plus c'est simple : blog conseils déco, travaux et immo",cocoon home annecy,https://pluscestsimple.com/annuaire/boutique/cocoon-home-annecy,2026-07-28
pluscestsimple.com,"Conforama Amiens — Amiens – Plus c'est simple : blog conseils déco, travaux et immo",conforama amiens amiens,https://pluscestsimple.com/annuaire/boutique/conforama-amiens,2026-07-28
pluscestsimple.com,"Conforama Angers — Angers – Plus c'est simple : blog conseils déco, travaux et immo",conforama angers angers,https://pluscestsimple.com/annuaire/boutique/conforama-angers,2026-07-28
pluscestsimple.com,"Conforama Besancon — Besançon – Plus c'est simple : blog conseils déco, travaux et immo",conforama besancon besançon,https://pluscestsimple.com/annuaire/boutique/conforama-besancon,2026-07-28
pluscestsimple.com,"Conforama Clermont Ferrand — Clermont-Ferrand – Plus c'est simple : blog conseils déco, travaux et immo",conforama clermont ferrand,https://pluscestsimple.com/annuaire/boutique/conforama-clermont-ferrand,2026-07-28
pluscestsimple.com,"Conforama Guadeloupe — Les Abymes – Plus c'est simple : blog conseils déco, travaux et immo",conforama guadeloupe abymes,https://pluscestsimple.com/annuaire/boutique/conforama-guadeloupe-les-abymes,2026-07-28
pluscestsimple.com,"Conforama Limoges — Limoges – Plus c'est simple : blog conseils déco, travaux et immo",conforama limoges limoges,https://pluscestsimple.com/annuaire/boutique/conforama-limoges,2026-07-28
pluscestsimple.com,"Conforama Literie — Fort-de-France – Plus c'est simple : blog conseils déco, travaux et immo",conforama literie fort,https://pluscestsimple.com/annuaire/boutique/conforama-literie-fort-de-france,2026-07-28
pluscestsimple.com,"Conforama Nancy — Nancy – Plus c'est simple : blog conseils déco, travaux et immo",conforama nancy nancy,https://pluscestsimple.com/annuaire/boutique/conforama-nancy,2026-07-28
pluscestsimple.com,"Conforama Nimes — Nimes – Plus c'est simple : blog conseils déco, travaux et immo",conforama nimes,https://pluscestsimple.com/annuaire/boutique/conforama-nimes,2026-07-28
pluscestsimple.com,"Conforama Rennes — Rennes – Plus c'est simple : blog conseils déco, travaux et immo",conforama rennes,https://pluscestsimple.com/annuaire/boutique/conforama-rennes,2026-07-28
pluscestsimple.com,"Conforama Rouen — Rouen – Plus c'est simple : blog conseils déco, travaux et immo",conforama rouen rouen,https://pluscestsimple.com/annuaire/boutique/conforama-rouen,2026-07-28
pluscestsimple.com,"Confort80 — Amiens – Plus c'est simple : blog conseils déco, travaux et immo",confort80 amiens,https://pluscestsimple.com/annuaire/boutique/confort80-amiens,2026-07-28
pluscestsimple.com,"Cosy Home — Strasbourg – Plus c'est simple : blog conseils déco, travaux et immo",cosy home strasbourg,https://pluscestsimple.com/annuaire/boutique/cosy-home-strasbourg,2026-07-28
pluscestsimple.com,"Cuir Center — Perpignan – Plus c'est simple : blog conseils déco, travaux et immo",cuir center perpignan,https://pluscestsimple.com/annuaire/boutique/cuir-center-perpignan,2026-07-28
pluscestsimple.com,"Cuisiniste Caen｜Baïa Home — Caen – Plus c'est simple : blog conseils déco, travaux et immo",cuisiniste caen,https://pluscestsimple.com/annuaire/boutique/cuisiniste-caen-baia-home,2026-07-28
pluscestsimple.com,"d’casa Center — Saint-Denis de La Réunion – Plus c'est simple : blog conseils déco, travaux et immo",casa center saint,https://pluscestsimple.com/annuaire/boutique/d-casa-center-saint-denis,2026-07-28
pluscestsimple.com,"D Design — Annecy – Plus c'est simple : blog conseils déco, travaux et immo",design annecy,https://pluscestsimple.com/annuaire/boutique/d-design-annecy,2026-07-28
pluscestsimple.com,"Dagonii by MD — Mamoudzou – Plus c'est simple : blog conseils déco, travaux et immo",dagonii by md,https://pluscestsimple.com/annuaire/boutique/dagonii-by-md-mamoudzou,2026-07-28
pluscestsimple.com,"Dar et deco — Toulon – Plus c'est simple : blog conseils déco, travaux et immo",dar deco toulon,https://pluscestsimple.com/annuaire/boutique/dar-et-deco-toulon,2026-07-28
pluscestsimple.com,"Décalé — Saint-Étienne – Plus c'est simple : blog conseils déco, travaux et immo",décalé saint étienne,https://pluscestsimple.com/annuaire/boutique/decale-saint-etienne,2026-07-28
pluscestsimple.com,"deco confort Limoges — Limoges – Plus c'est simple : blog conseils déco, travaux et immo",deco confort limoges,https://pluscestsimple.com/annuaire/boutique/deco-confort-limoges,2026-07-28
pluscestsimple.com,"Deco Design — Toulouse – Plus c'est simple : blog conseils déco, travaux et immo",deco design toulouse,https://pluscestsimple.com/annuaire/boutique/deco-design-toulouse,2026-07-28
pluscestsimple.com,"Déco du Jardin — Reims – Plus c'est simple : blog conseils déco, travaux et immo",déco jardin reims,https://pluscestsimple.com/annuaire/boutique/deco-du-jardin-reims,2026-07-28
pluscestsimple.com,"DÉCO MEUBLES — Tours – Plus c'est simple : blog conseils déco, travaux et immo",déco meubles tours,https://pluscestsimple.com/annuaire/boutique/deco-meubles-tours,2026-07-28
pluscestsimple.com,"Décoration Bissol — Clermont-Ferrand – Plus c'est simple : blog conseils déco, travaux et immo",décoration bissol clermont,https://pluscestsimple.com/annuaire/boutique/decoration-bissol-clermont-ferrand,2026-07-28
pluscestsimple.com,"Decors Du Sud — Toulon – Plus c'est simple : blog conseils déco, travaux et immo",decors sud toulon,https://pluscestsimple.com/annuaire/boutique/decors-du-sud-toulon,2026-07-28
pluscestsimple.com,"DECOSHOP — Toulouse – Plus c'est simple : blog conseils déco, travaux et immo",decoshop toulouse,https://pluscestsimple.com/annuaire/boutique/decoshop-toulouse,2026-07-28
pluscestsimple.com,"Design Contemporain Caen — Caen – Plus c'est simple : blog conseils déco, travaux et immo",design contemporain caen,https://pluscestsimple.com/annuaire/boutique/design-contemporain-caen,2026-07-28
pluscestsimple.com,"Design & Solutions — Lille – Plus c'est simple : blog conseils déco, travaux et immo",design solutions lille,https://pluscestsimple.com/annuaire/boutique/design-solutions-lille,2026-07-28
pluscestsimple.com,"Destock Mobilier — Mulhouse – Plus c'est simple : blog conseils déco, travaux et immo",destock mobilier mulhouse,https://pluscestsimple.com/annuaire/boutique/destock-mobilier-mulhouse,2026-07-28
pluscestsimple.com,"Diffusion Internationale du Meuble — Nancy – Plus c'est simple : blog conseils déco, travaux et immo",diffusion internationale meuble,https://pluscestsimple.com/annuaire/boutique/diffusion-internationale-du-meuble-nancy,2026-07-28
pluscestsimple.com,"DIZZA HOME MEUBLES — Clermont-Ferrand – Plus c'est simple : blog conseils déco, travaux et immo",meubles clermont ferrand,https://pluscestsimple.com/annuaire/boutique/dizza-home-meubles-clermont-ferrand,2026-07-28
pluscestsimple.com,"DODÉ La boutique atelier — Nantes – Plus c'est simple : blog conseils déco, travaux et immo",boutique atelier nantes,https://pluscestsimple.com/annuaire/boutique/dode-la-boutique-atelier-nantes,2026-07-28
pluscestsimple.com,"Domus — Nimes – Plus c'est simple : blog conseils déco, travaux et immo",domus nimes,https://pluscestsimple.com/annuaire/boutique/domus-nimes,2026-07-28
pluscestsimple.com,"DP HOME – Cabinet d’architecture d’intérieur / Concept store — Reims – Plus c'est simple : blog conseils déco, travaux et immo",dp home,https://pluscestsimple.com/annuaire/boutique/dp-home-cabinet-d-architecture-d-interieur-concept-store-reims,2026-07-28
pluscestsimple.com,"Dream Habitat — Annecy – Plus c'est simple : blog conseils déco, travaux et immo",dream habitat annecy,https://pluscestsimple.com/annuaire/boutique/dream-habitat-annecy,2026-07-28
pluscestsimple.com,"e2 at home — Rouen – Plus c'est simple : blog conseils déco, travaux et immo",at home rouen,https://pluscestsimple.com/annuaire/boutique/e2-at-home-rouen,2026-07-28
pluscestsimple.com,"Ebullition Brest – Design Store — Brest – Plus c'est simple : blog conseils déco, travaux et immo",ebullition brest,https://pluscestsimple.com/annuaire/boutique/ebullition-brest-design-store,2026-07-28
pluscestsimple.com,"EDGE DECO – Magasin de Meubles et Canapés – le Havre — Le Havre – Plus c'est simple : blog conseils déco, travaux et immo",edge deco,https://pluscestsimple.com/annuaire/boutique/edge-deco-magasin-de-meubles-et-canapes-le-havre,2026-07-28
pluscestsimple.com,"Elegance Italian Interior Design – Mobilier sur mesure, cuisine, dressing à Nice, Cannes et Monaco — Nice – Plus c'est simple : blog conseils déco, travaux et immo",elegance italian interior,https://pluscestsimple.com/annuaire/boutique/elegance-italian-interior-design-mobilier-sur-mesure-cuisine-dressing-a-nice-cannes-et-monaco,2026-07-28
pluscestsimple.com,"Eniamor — Nantes – Plus c'est simple : blog conseils déco, travaux et immo",eniamor nantes,https://pluscestsimple.com/annuaire/boutique/eniamor-nantes,2026-07-28
pluscestsimple.com,"Epokhe — Dijon – Plus c'est simple : blog conseils déco, travaux et immo",epokhe dijon,https://pluscestsimple.com/annuaire/boutique/epokhe-dijon,2026-07-28
pluscestsimple.com,"Equipement & décoration de la maison — Metz – Plus c'est simple : blog conseils déco, travaux et immo",décoration maison metz,https://pluscestsimple.com/annuaire/boutique/equipement-decoration-de-la-maison-metz,2026-07-28
pluscestsimple.com,"Exception — Clermont-Ferrand – Plus c'est simple : blog conseils déco, travaux et immo",exception clermont ferrand,https://pluscestsimple.com/annuaire/boutique/exception-clermont-ferrand,2026-07-28
pluscestsimple.com,"Extravagance – Décoration — Grenoble – Plus c'est simple : blog conseils déco, travaux et immo",extravagance,https://pluscestsimple.com/annuaire/boutique/extravagance-decoration-grenoble,2026-07-28
pluscestsimple.com,"Fabrique de Styles Angers — Angers – Plus c'est simple : blog conseils déco, travaux et immo",fabrique styles angers,https://pluscestsimple.com/annuaire/boutique/fabrique-de-styles-angers,2026-07-28
pluscestsimple.com,"Fabrique de Styles La Réunion — Saint-Denis de La Réunion – Plus c'est simple : blog conseils déco, travaux et immo",styles réunion saint,https://pluscestsimple.com/annuaire/boutique/fabrique-de-styles-la-reunion-saint-denis,2026-07-28
pluscestsimple.com,"Fabrique de Styles Nancy — Nancy – Plus c'est simple : blog conseils déco, travaux et immo",fabrique styles nancy,https://pluscestsimple.com/annuaire/boutique/fabrique-de-styles-nancy,2026-07-28
pluscestsimple.com,"Farhazur Home — Nice – Plus c'est simple : blog conseils déco, travaux et immo",farhazur home nice,https://pluscestsimple.com/annuaire/boutique/farhazur-home-nice,2026-07-28
pluscestsimple.com,"Faubourg 111 — Le Havre – Plus c'est simple : blog conseils déco, travaux et immo",faubourg 111 havre,https://pluscestsimple.com/annuaire/boutique/faubourg-111-le-havre,2026-07-28
pluscestsimple.com,"FAUVE — Le Havre – Plus c'est simple : blog conseils déco, travaux et immo",fauve havre,https://pluscestsimple.com/annuaire/boutique/fauve-le-havre,2026-07-28
pluscestsimple.com,"Formes et Couleurs Design Metz — Metz – Plus c'est simple : blog conseils déco, travaux et immo",couleurs design metz,https://pluscestsimple.com/annuaire/boutique/formes-et-couleurs-design-metz,2026-07-28
pluscestsimple.com,"Formes et Couleurs Design Nancy — Nancy – Plus c'est simple : blog conseils déco, travaux et immo",couleurs design nancy,https://pluscestsimple.com/annuaire/boutique/formes-et-couleurs-design-nancy,2026-07-28
pluscestsimple.com,"GALERIE M — Rennes – Plus c'est simple : blog conseils déco, travaux et immo",galerie rennes,https://pluscestsimple.com/annuaire/boutique/galerie-m-rennes,2026-07-28
pluscestsimple.com,"Galerie mahoraise — Mamoudzou – Plus c'est simple : blog conseils déco, travaux et immo",galerie mahoraise mamoudzou,https://pluscestsimple.com/annuaire/boutique/galerie-mahoraise-mamoudzou,2026-07-28
pluscestsimple.com,"Galerie Une Vie de Rêve — Dijon – Plus c'est simple : blog conseils déco, travaux et immo",galerie vie rêve,https://pluscestsimple.com/annuaire/boutique/galerie-une-vie-de-reve-dijon,2026-07-28
pluscestsimple.com,"GiFi Le Havre Centre — Le Havre – Plus c'est simple : blog conseils déco, travaux et immo",gifi havre centre,https://pluscestsimple.com/annuaire/boutique/gifi-le-havre-centre,2026-07-28
pluscestsimple.com,"Global Meubles — Clermont-Ferrand – Plus c'est simple : blog conseils déco, travaux et immo",global meubles clermont,https://pluscestsimple.com/annuaire/boutique/global-meubles-clermont-ferrand,2026-07-28
pluscestsimple.com,"GOOD DESIGN STORE : ameublement et décoration à Nice — Nice – Plus c'est simple : blog conseils déco, travaux et immo",good design store,https://pluscestsimple.com/annuaire/boutique/good-design-store-ameublement-et-decoration-a-nice,2026-07-28
pluscestsimple.com,"Grand Litier – Saint-Paul – Réunion — Saint-Paul de La Réunion – Plus c'est simple : blog conseils déco, travaux et immo",grand litier,https://pluscestsimple.com/annuaire/boutique/grand-litier-saint-paul-reunion,2026-07-28
pluscestsimple.com,"H&H Brest – Meubles – Canapés — Brest – Plus c'est simple : blog conseils déco, travaux et immo",brest,https://pluscestsimple.com/annuaire/boutique/h-h-brest-meubles-canapes,2026-07-28
pluscestsimple.com,"HABITAT SAINT DENIS (REUNION) — Saint-Denis de La Réunion – Plus c'est simple : blog conseils déco, travaux et immo",habitat saint denis,https://pluscestsimple.com/annuaire/boutique/habitat-saint-denis-reunion,2026-07-28
pluscestsimple.com,"happy wood — Saint-Paul de La Réunion – Plus c'est simple : blog conseils déco, travaux et immo",happy wood saint,https://pluscestsimple.com/annuaire/boutique/happy-wood-saint-paul,2026-07-28
pluscestsimple.com,"Hema — Montreuil – Plus c'est simple : blog conseils déco, travaux et immo",hema montreuil,https://pluscestsimple.com/annuaire/boutique/hema-montreuil,2026-07-28
pluscestsimple.com,"Hémisphère Sud Brest | Meubles, canapés et décoration — Brest – Plus c'est simple : blog conseils déco, travaux et immo",hémisphère sud brest,https://pluscestsimple.com/annuaire/boutique/hemisphere-sud-brest-meubles-canapes-et-decoration,2026-07-28
pluscestsimple.com,"Hémisphère Sud Perpignan — Perpignan – Plus c'est simple : blog conseils déco, travaux et immo",hémisphère sud perpignan,https://pluscestsimple.com/annuaire/boutique/hemisphere-sud-perpignan,2026-07-28
pluscestsimple.com,"Hémisphère Sud Tours | Meubles, canapés et décoration — Tours – Plus c'est simple : blog conseils déco, travaux et immo",hémisphère sud tours,https://pluscestsimple.com/annuaire/boutique/hemisphere-sud-tours-meubles-canapes-et-decoration,2026-07-28
pluscestsimple.com,"Hicham Deco — Strasbourg – Plus c'est simple : blog conseils déco, travaux et immo",hicham deco strasbourg,https://pluscestsimple.com/annuaire/boutique/hicham-deco-strasbourg,2026-07-28
pluscestsimple.com,"Histoire de Déco — Saint-Étienne – Plus c'est simple : blog conseils déco, travaux et immo",déco saint étienne,https://pluscestsimple.com/annuaire/boutique/histoire-de-deco-saint-etienne,2026-07-28
pluscestsimple.com,"Home Contemporain — Strasbourg – Plus c'est simple : blog conseils déco, travaux et immo",home contemporain strasbourg,https://pluscestsimple.com/annuaire/boutique/home-contemporain-strasbourg,2026-07-28
pluscestsimple.com,"Home Design Mayotte — Mamoudzou – Plus c'est simple : blog conseils déco, travaux et immo",design mayotte mamoudzou,https://pluscestsimple.com/annuaire/boutique/home-design-mayotte-mamoudzou,2026-07-28
pluscestsimple.com,"Home Industrie — Le Mans – Plus c'est simple : blog conseils déco, travaux et immo",home industrie mans,https://pluscestsimple.com/annuaire/boutique/home-industrie-le-mans,2026-07-28
pluscestsimple.com,"home selection — Perpignan – Plus c'est simple : blog conseils déco, travaux et immo",home selection perpignan,https://pluscestsimple.com/annuaire/boutique/home-selection-perpignan,2026-07-28
pluscestsimple.com,"Homelands Mobilier & Déco — Nancy – Plus c'est simple : blog conseils déco, travaux et immo",homelands mobilier déco,https://pluscestsimple.com/annuaire/boutique/homelands-mobilier-deco-nancy,2026-07-28
pluscestsimple.com,"HomeSalons Ajaccio – Magasin de meubles — Ajaccio – Plus c'est simple : blog conseils déco, travaux et immo",homesalons ajaccio,https://pluscestsimple.com/annuaire/boutique/homesalons-ajaccio-magasin-de-meubles,2026-07-28
pluscestsimple.com,"Huggy – Achat Dépôt Vente — Mulhouse – Plus c'est simple : blog conseils déco, travaux et immo",huggy,https://pluscestsimple.com/annuaire/boutique/huggy-achat-depot-vente-mulhouse,2026-07-28
pluscestsimple.com,"Icônes — Angers – Plus c'est simple : blog conseils déco, travaux et immo",icônes angers,https://pluscestsimple.com/annuaire/boutique/icones-angers,2026-07-28
pluscestsimple.com,"id&a — Nancy – Plus c'est simple : blog conseils déco, travaux et immo",id nancy,https://pluscestsimple.com/annuaire/boutique/id-a-nancy,2026-07-28
pluscestsimple.com,"IKEA Saint-Etienne — Saint-Étienne – Plus c'est simple : blog conseils déco, travaux et immo",ikea saint etienne,https://pluscestsimple.com/annuaire/boutique/ikea-saint-etienne,2026-07-28
pluscestsimple.com,"In-Ty – Design & Deco Rennes — Rennes – Plus c'est simple : blog conseils déco, travaux et immo",in ty,https://pluscestsimple.com/annuaire/boutique/in-ty-design-deco-rennes,2026-07-28
pluscestsimple.com,"Inaluk — Montreuil – Plus c'est simple : blog conseils déco, travaux et immo",inaluk montreuil,https://pluscestsimple.com/annuaire/boutique/inaluk-montreuil,2026-07-28
pluscestsimple.com,"INNOX DECO Concept Store — Perpignan – Plus c'est simple : blog conseils déco, travaux et immo",innox deco,https://pluscestsimple.com/annuaire/boutique/innox-deco-concept-store-perpignan,2026-07-28
pluscestsimple.com,"INTER-FACES Toulon – Mobilier contemporain haut de gamme — Toulon – Plus c'est simple : blog conseils déco, travaux et immo",inter faces toulon,https://pluscestsimple.com/annuaire/boutique/inter-faces-toulon-mobilier-contemporain-haut-de-gamme,2026-07-28
pluscestsimple.com,"Intérieur créatif — Lille – Plus c'est simple : blog conseils déco, travaux et immo",intérieur créatif lille,https://pluscestsimple.com/annuaire/boutique/interieur-creatif-lille,2026-07-28
pluscestsimple.com,"Intérieurs Privés Metz — Metz – Plus c'est simple : blog conseils déco, travaux et immo",intérieurs privés metz,https://pluscestsimple.com/annuaire/boutique/interieurs-prives-metz,2026-07-28
pluscestsimple.com,"Intérieurs Privés Rennes — Rennes – Plus c'est simple : blog conseils déco, travaux et immo",intérieurs privés rennes,https://pluscestsimple.com/annuaire/boutique/interieurs-prives-rennes,2026-07-28
pluscestsimple.com,"Interni Concept — Montreuil – Plus c'est simple : blog conseils déco, travaux et immo",interni concept montreuil,https://pluscestsimple.com/annuaire/boutique/interni-concept-montreuil,2026-07-28
pluscestsimple.com,"Istanbul meubles ANGERS — Angers – Plus c'est simple : blog conseils déco, travaux et immo",istanbul meubles angers,https://pluscestsimple.com/annuaire/boutique/istanbul-meubles-angers,2026-07-28
pluscestsimple.com,"Jome — Amiens – Plus c'est simple : blog conseils déco, travaux et immo",jome amiens,https://pluscestsimple.com/annuaire/boutique/jome-amiens,2026-07-28
pluscestsimple.com,"JYSK Le Mans — Le Mans – Plus c'est simple : blog conseils déco, travaux et immo",jysk mans mans,https://pluscestsimple.com/annuaire/boutique/jysk-le-mans,2026-07-28
pluscestsimple.com,"Karlis Collery Import Export — Cayenne – Plus c'est simple : blog conseils déco, travaux et immo",karlis collery import,https://pluscestsimple.com/annuaire/boutique/karlis-collery-import-export-cayenne,2026-07-28
pluscestsimple.com,"KARTELL Brest — Brest – Plus c'est simple : blog conseils déco, travaux et immo",kartell brest brest,https://pluscestsimple.com/annuaire/boutique/kartell-brest,2026-07-28
pluscestsimple.com,"Kartell — Caen – Plus c'est simple : blog conseils déco, travaux et immo",kartell caen,https://pluscestsimple.com/annuaire/boutique/kartell-caen,2026-07-28
pluscestsimple.com,"Kartell — Lille – Plus c'est simple : blog conseils déco, travaux et immo",kartell lille,https://pluscestsimple.com/annuaire/boutique/kartell-lille,2026-07-28
pluscestsimple.com,"Kartell Metz — Metz – Plus c'est simple : blog conseils déco, travaux et immo",kartell metz metz,https://pluscestsimple.com/annuaire/boutique/kartell-metz,2026-07-28
pluscestsimple.com,"kartell nice — Nice – Plus c'est simple : blog conseils déco, travaux et immo",kartell nice,https://pluscestsimple.com/annuaire/boutique/kartell-nice,2026-07-28
pluscestsimple.com,"KARTELL Rennes — Rennes – Plus c'est simple : blog conseils déco, travaux et immo",kartell rennes rennes,https://pluscestsimple.com/annuaire/boutique/kartell-rennes,2026-07-28
pluscestsimple.com,"Kartell Tours — Tours – Plus c'est simple : blog conseils déco, travaux et immo",kartell tours tours,https://pluscestsimple.com/annuaire/boutique/kartell-tours,2026-07-28
pluscestsimple.com,"Kave Home Dijon — Dijon – Plus c'est simple : blog conseils déco, travaux et immo",kave home dijon,https://pluscestsimple.com/annuaire/boutique/kave-home-dijon,2026-07-28
pluscestsimple.com,"Kave Home Strasbourg — Strasbourg – Plus c'est simple : blog conseils déco, travaux et immo",kave home strasbourg,https://pluscestsimple.com/annuaire/boutique/kave-home-strasbourg,2026-07-28
pluscestsimple.com,"Kaytex BAZAR — Mulhouse – Plus c'est simple : blog conseils déco, travaux et immo",kaytex bazar mulhouse,https://pluscestsimple.com/annuaire/boutique/kaytex-bazar-mulhouse,2026-07-28
pluscestsimple.com,"KING AFFAIRES — Limoges – Plus c'est simple : blog conseils déco, travaux et immo",king affaires limoges,https://pluscestsimple.com/annuaire/boutique/king-affaires-limoges,2026-07-28
pluscestsimple.com,"Kit-M Savannah — Saint-Paul de La Réunion – Plus c'est simple : blog conseils déco, travaux et immo",kit savannah saint,https://pluscestsimple.com/annuaire/boutique/kit-m-savannah-saint-paul,2026-07-28
pluscestsimple.com,"Kraft – Concept Store / Magasin de Cadeaux & Décos à Limoges — Limoges – Plus c'est simple : blog conseils déco, travaux et immo",kraft,https://pluscestsimple.com/annuaire/boutique/kraft-concept-store-magasin-de-cadeaux-decos-a-limoges,2026-07-28
pluscestsimple.com,"KRAFT DIJON — Dijon – Plus c'est simple : blog conseils déco, travaux et immo",kraft dijon dijon,https://pluscestsimple.com/annuaire/boutique/kraft-dijon,2026-07-28
pluscestsimple.com,"Kraft — Nantes – Plus c'est simple : blog conseils déco, travaux et immo",kraft nantes,https://pluscestsimple.com/annuaire/boutique/kraft-nantes,2026-07-28
pluscestsimple.com,"L’adresse Décoration — Ajaccio – Plus c'est simple : blog conseils déco, travaux et immo",adresse décoration ajaccio,https://pluscestsimple.com/annuaire/boutique/l-adresse-decoration-ajaccio,2026-07-28
pluscestsimple.com,"L’Ameublier Meubles Gauthier — Le Mans – Plus c'est simple : blog conseils déco, travaux et immo",ameublier meubles gauthier,https://pluscestsimple.com/annuaire/boutique/l-ameublier-meubles-gauthier-le-mans,2026-07-28
pluscestsimple.com,"L’art du mobilier guyanais — Cayenne – Plus c'est simple : blog conseils déco, travaux et immo",mobilier guyanais cayenne,https://pluscestsimple.com/annuaire/boutique/l-art-du-mobilier-guyanais-cayenne,2026-07-28
pluscestsimple.com,"L’Astrolabe – Magasin meubles, Décoration et Luminaires Brest — Brest – Plus c'est simple : blog conseils déco, travaux et immo",astrolabe,https://pluscestsimple.com/annuaire/boutique/l-astrolabe-magasin-meubles-decoration-et-luminaires-brest,2026-07-28
pluscestsimple.com,"L’Atelier Déco — Rouen – Plus c'est simple : blog conseils déco, travaux et immo",atelier déco rouen,https://pluscestsimple.com/annuaire/boutique/l-atelier-deco-rouen,2026-07-28
pluscestsimple.com,"L’Atelier Imparfait | Brocante vintage à Perpignan | Meubles & objets chinés avec soin — Perpignan – Plus c'est simple : blog conseils déco, travaux et immo",atelier imparfait,https://pluscestsimple.com/annuaire/boutique/l-atelier-imparfait-brocante-vintage-a-perpignan-meubles-objets-chines-avec-soin,2026-07-28
pluscestsimple.com,"L’espace Des Affaires — Montreuil – Plus c'est simple : blog conseils déco, travaux et immo",espace affaires montreuil,https://pluscestsimple.com/annuaire/boutique/l-espace-des-affaires-montreuil,2026-07-28
pluscestsimple.com,"L’Incroyable — Amiens – Plus c'est simple : blog conseils déco, travaux et immo",incroyable amiens,https://pluscestsimple.com/annuaire/boutique/l-incroyable-amiens,2026-07-28
pluscestsimple.com,"L’Incroyable — Reims – Plus c'est simple : blog conseils déco, travaux et immo",incroyable reims,https://pluscestsimple.com/annuaire/boutique/l-incroyable-reims,2026-07-28
pluscestsimple.com,"L’Incroyable — Rennes – Plus c'est simple : blog conseils déco, travaux et immo",incroyable rennes,https://pluscestsimple.com/annuaire/boutique/l-incroyable-rennes,2026-07-28
pluscestsimple.com,"L’Interprète Concept Store — Toulouse – Plus c'est simple : blog conseils déco, travaux et immo",concept store toulouse,https://pluscestsimple.com/annuaire/boutique/l-interprete-concept-store-toulouse,2026-07-28
pluscestsimple.com,"L&M DECO — Mulhouse – Plus c'est simple : blog conseils déco, travaux et immo",deco mulhouse,https://pluscestsimple.com/annuaire/boutique/l-m-deco-mulhouse,2026-07-28
pluscestsimple.com,"La Belle Histoire — Grenoble – Plus c'est simple : blog conseils déco, travaux et immo",belle histoire grenoble,https://pluscestsimple.com/annuaire/boutique/la-belle-histoire-grenoble,2026-07-28
pluscestsimple.com,"La Boutoque – boutique en ligne – — Caen – Plus c'est simple : blog conseils déco, travaux et immo",boutoque,https://pluscestsimple.com/annuaire/boutique/la-boutoque-boutique-en-ligne-caen,2026-07-28
pluscestsimple.com,"La Brea — Metz – Plus c'est simple : blog conseils déco, travaux et immo",brea metz,https://pluscestsimple.com/annuaire/boutique/la-brea-metz,2026-07-28
pluscestsimple.com,"La Cas’a Meubles — Saint-Paul de La Réunion – Plus c'est simple : blog conseils déco, travaux et immo",cas meubles saint,https://pluscestsimple.com/annuaire/boutique/la-cas-a-meubles-saint-paul,2026-07-28
pluscestsimple.com,"La Case Déco Saint-Gilles — Saint-Paul de La Réunion – Plus c'est simple : blog conseils déco, travaux et immo",déco saint gilles,https://pluscestsimple.com/annuaire/boutique/la-case-deco-saint-gilles-saint-paul,2026-07-28
pluscestsimple.com,"La Chaise de Bois — Angers – Plus c'est simple : blog conseils déco, travaux et immo",chaise bois angers,https://pluscestsimple.com/annuaire/boutique/la-chaise-de-bois-angers,2026-07-28
pluscestsimple.com,"La Chaise Longue — Nancy – Plus c'est simple : blog conseils déco, travaux et immo",chaise longue nancy,https://pluscestsimple.com/annuaire/boutique/la-chaise-longue-nancy,2026-07-28
pluscestsimple.com,"La Chaise Longue — Perpignan – Plus c'est simple : blog conseils déco, travaux et immo",chaise longue perpignan,https://pluscestsimple.com/annuaire/boutique/la-chaise-longue-perpignan,2026-07-28
pluscestsimple.com,"La Chaise Longue — Tours – Plus c'est simple : blog conseils déco, travaux et immo",chaise longue tours,https://pluscestsimple.com/annuaire/boutique/la-chaise-longue-tours,2026-07-28
pluscestsimple.com,"La chrysalide — Cayenne – Plus c'est simple : blog conseils déco, travaux et immo",chrysalide cayenne,https://pluscestsimple.com/annuaire/boutique/la-chrysalide-cayenne,2026-07-28
pluscestsimple.com,"La Datcha | Agence immobilière, magasin de décoration, rénovation. — Toulon – Plus c'est simple : blog conseils déco, travaux et immo",datcha,https://pluscestsimple.com/annuaire/boutique/la-datcha-agence-immobiliere-magasin-de-decoration-renovation-toulon,2026-07-28
pluscestsimple.com,"La Foir’Fouille — Cayenne – Plus c'est simple : blog conseils déco, travaux et immo",foir fouille cayenne,https://pluscestsimple.com/annuaire/boutique/la-foir-fouille-cayenne,2026-07-28
pluscestsimple.com,"La Foir’Fouille — Montpellier – Plus c'est simple : blog conseils déco, travaux et immo",foir fouille montpellier,https://pluscestsimple.com/annuaire/boutique/la-foir-fouille-montpellier,2026-07-28
pluscestsimple.com,"La Foir’Fouille — Saint-Étienne – Plus c'est simple : blog conseils déco, travaux et immo",fouille saint étienne,https://pluscestsimple.com/annuaire/boutique/la-foir-fouille-saint-etienne,2026-07-28
pluscestsimple.com,"La Foir’Fouille — Saint-Paul de La Réunion – Plus c'est simple : blog conseils déco, travaux et immo",fouille saint paul,https://pluscestsimple.com/annuaire/boutique/la-foir-fouille-saint-paul,2026-07-28
pluscestsimple.com,"La Frenchie bulle — Caen – Plus c'est simple : blog conseils déco, travaux et immo",frenchie bulle caen,https://pluscestsimple.com/annuaire/boutique/la-frenchie-bulle-caen,2026-07-28
pluscestsimple.com,"La Maison de la Mezzanine — Montreuil – Plus c'est simple : blog conseils déco, travaux et immo",maison mezzanine montreuil,https://pluscestsimple.com/annuaire/boutique/la-maison-de-la-mezzanine-montreuil,2026-07-28
pluscestsimple.com,"La Maison de Malaure — Toulouse – Plus c'est simple : blog conseils déco, travaux et immo",maison malaure toulouse,https://pluscestsimple.com/annuaire/boutique/la-maison-de-malaure-toulouse,2026-07-28
pluscestsimple.com,"La maison emma — Le Havre – Plus c'est simple : blog conseils déco, travaux et immo",maison emma havre,https://pluscestsimple.com/annuaire/boutique/la-maison-emma-le-havre,2026-07-28
pluscestsimple.com,"La Recyclerie du Mans — Le Mans – Plus c'est simple : blog conseils déco, travaux et immo",recyclerie mans mans,https://pluscestsimple.com/annuaire/boutique/la-recyclerie-du-mans-le-mans,2026-07-28
pluscestsimple.com,"La Redoute Intérieurs – BHV Angers — Angers – Plus c'est simple : blog conseils déco, travaux et immo",redoute intérieurs,https://pluscestsimple.com/annuaire/boutique/la-redoute-interieurs-bhv-angers,2026-07-28
pluscestsimple.com,"La Redoute Intérieurs – BHV Dijon — Dijon – Plus c'est simple : blog conseils déco, travaux et immo",redoute intérieurs,https://pluscestsimple.com/annuaire/boutique/la-redoute-interieurs-bhv-dijon,2026-07-28
pluscestsimple.com,"La Redoute Intérieurs – Galeries Lafayette Annecy — Annecy – Plus c'est simple : blog conseils déco, travaux et immo",redoute intérieurs,https://pluscestsimple.com/annuaire/boutique/la-redoute-interieurs-galeries-lafayette-annecy,2026-07-28
pluscestsimple.com,"La Redoute Intérieurs – Galeries Lafayette Clermont-Ferrand — Clermont-Ferrand – Plus c'est simple : blog conseils déco, travaux et immo",redoute intérieurs,https://pluscestsimple.com/annuaire/boutique/la-redoute-interieurs-galeries-lafayette-clermont-ferrand,2026-07-28
pluscestsimple.com,"La Redoute Intérieurs – Galeries Lafayette Metz — Metz – Plus c'est simple : blog conseils déco, travaux et immo",redoute intérieurs,https://pluscestsimple.com/annuaire/boutique/la-redoute-interieurs-galeries-lafayette-metz,2026-07-28
pluscestsimple.com,"La Redoute Intérieurs – Galeries Lafayette Montpellier Polygone — Montpellier – Plus c'est simple : blog conseils déco, travaux et immo",redoute intérieurs,https://pluscestsimple.com/annuaire/boutique/la-redoute-interieurs-galeries-lafayette-montpellier-polygone,2026-07-28
pluscestsimple.com,"La Redoute Intérieurs – Galeries Lafayette Strasbourg — Strasbourg – Plus c'est simple : blog conseils déco, travaux et immo",redoute intérieurs,https://pluscestsimple.com/annuaire/boutique/la-redoute-interieurs-galeries-lafayette-strasbourg,2026-07-28
pluscestsimple.com,"La Reine Mathilde — Caen – Plus c'est simple : blog conseils déco, travaux et immo",reine mathilde caen,https://pluscestsimple.com/annuaire/boutique/la-reine-mathilde-caen,2026-07-28
pluscestsimple.com,"La Ressourcerie de Guadeloupe — Les Abymes – Plus c'est simple : blog conseils déco, travaux et immo",ressourcerie guadeloupe abymes,https://pluscestsimple.com/annuaire/boutique/la-ressourcerie-de-guadeloupe-les-abymes,2026-07-28
pluscestsimple.com,"La Table de Valérie — Ajaccio – Plus c'est simple : blog conseils déco, travaux et immo",table valérie ajaccio,https://pluscestsimple.com/annuaire/boutique/la-table-de-valerie-ajaccio,2026-07-28
pluscestsimple.com,"LA VILLA DESIGN — Caen – Plus c'est simple : blog conseils déco, travaux et immo",villa design caen,https://pluscestsimple.com/annuaire/boutique/la-villa-design-caen,2026-07-28
pluscestsimple.com,"L’Atelier du Mobilier — Saint-Étienne – Plus c'est simple : blog conseils déco, travaux et immo",mobilier saint étienne,https://pluscestsimple.com/annuaire/boutique/latelier-du-mobilier-saint-etienne,2026-07-28
pluscestsimple.com,"Latypic — Caen – Plus c'est simple : blog conseils déco, travaux et immo",latypic caen,https://pluscestsimple.com/annuaire/boutique/latypic-caen,2026-07-28
pluscestsimple.com,"Le 80 — Saint-Denis de La Réunion – Plus c'est simple : blog conseils déco, travaux et immo",80 saint denis,https://pluscestsimple.com/annuaire/boutique/le-80-saint-denis,2026-07-28
pluscestsimple.com,"Le Bocal Concept Store — Fort-de-France – Plus c'est simple : blog conseils déco, travaux et immo",bocal concept store,https://pluscestsimple.com/annuaire/boutique/le-bocal-concept-store-fort-de-france,2026-07-28
pluscestsimple.com,"Le Carré Du Globe — Toulon – Plus c'est simple : blog conseils déco, travaux et immo",carré globe toulon,https://pluscestsimple.com/annuaire/boutique/le-carre-du-globe-toulon,2026-07-28
pluscestsimple.com,"Le Cèdre Rouge – Grenoble — Grenoble – Plus c'est simple : blog conseils déco, travaux et immo",cèdre rouge,https://pluscestsimple.com/annuaire/boutique/le-cedre-rouge-grenoble,2026-07-28
pluscestsimple.com,"Le Géant du Meuble Rey – Limoges — Limoges – Plus c'est simple : blog conseils déco, travaux et immo",géant meuble rey,https://pluscestsimple.com/annuaire/boutique/le-geant-du-meuble-rey-limoges,2026-07-28
pluscestsimple.com,"Le Magasin Moderne — Dijon – Plus c'est simple : blog conseils déco, travaux et immo",magasin moderne dijon,https://pluscestsimple.com/annuaire/boutique/le-magasin-moderne-dijon,2026-07-28
pluscestsimple.com,"Le Vieux Colombier – LVC Design — Saint-Étienne – Plus c'est simple : blog conseils déco, travaux et immo",vieux colombier,https://pluscestsimple.com/annuaire/boutique/le-vieux-colombier-lvc-design-saint-etienne,2026-07-28
pluscestsimple.com,"Léon Le Caméléon — Montpellier – Plus c'est simple : blog conseils déco, travaux et immo",léon caméléon montpellier,https://pluscestsimple.com/annuaire/boutique/leon-le-cameleon-montpellier,2026-07-28
pluscestsimple.com,"LES CHOSES QU’ON AIME — Nice – Plus c'est simple : blog conseils déco, travaux et immo",qu on aime,https://pluscestsimple.com/annuaire/boutique/les-choses-qu-on-aime-nice,2026-07-28
pluscestsimple.com,"Les Experts Meubles Brest — Brest – Plus c'est simple : blog conseils déco, travaux et immo",experts meubles brest,https://pluscestsimple.com/annuaire/boutique/les-experts-meubles-brest,2026-07-28
pluscestsimple.com,"Les Experts Meubles Montreuil (Siège social) — Montreuil – Plus c'est simple : blog conseils déco, travaux et immo",meubles montreuil siège,https://pluscestsimple.com/annuaire/boutique/les-experts-meubles-montreuil-siege-social,2026-07-28
pluscestsimple.com,"Les Meubles de Septentrion — Lille – Plus c'est simple : blog conseils déco, travaux et immo",meubles septentrion lille,https://pluscestsimple.com/annuaire/boutique/les-meubles-de-septentrion-lille,2026-07-28
pluscestsimple.com,"Ligne Roset – Cinna – Elastabil – Vue sur quai — Strasbourg – Plus c'est simple : blog conseils déco, travaux et immo",ligne roset,https://pluscestsimple.com/annuaire/boutique/ligne-roset-cinna-elastabil-vue-sur-quai-strasbourg,2026-07-28
pluscestsimple.com,"Ligne Roset & Cinna Meubles Klein — Mulhouse – Plus c'est simple : blog conseils déco, travaux et immo",cinna meubles klein,https://pluscestsimple.com/annuaire/boutique/ligne-roset-cinna-meubles-klein-mulhouse,2026-07-28
pluscestsimple.com,"LIGNE ROSET TOULON — Toulon – Plus c'est simple : blog conseils déco, travaux et immo",ligne roset toulon,https://pluscestsimple.com/annuaire/boutique/ligne-roset-toulon,2026-07-28
pluscestsimple.com,"LILAROSA Magasin de décoration et luminaires — Montpellier – Plus c'est simple : blog conseils déco, travaux et immo",décoration luminaires montpellier,https://pluscestsimple.com/annuaire/boutique/lilarosa-magasin-de-decoration-et-luminaires-montpellier,2026-07-28
pluscestsimple.com,"LIVINGHOME KAHUA — Cayenne – Plus c'est simple : blog conseils déco, travaux et immo",livinghome kahua cayenne,https://pluscestsimple.com/annuaire/boutique/livinghome-kahua-cayenne,2026-07-28
pluscestsimple.com,"LM Design — Perpignan – Plus c'est simple : blog conseils déco, travaux et immo",lm design perpignan,https://pluscestsimple.com/annuaire/boutique/lm-design-perpignan,2026-07-28
pluscestsimple.com,"Loewood Boutique — Le Havre – Plus c'est simple : blog conseils déco, travaux et immo",loewood boutique havre,https://pluscestsimple.com/annuaire/boutique/loewood-boutique-le-havre,2026-07-28
pluscestsimple.com,"Ma Mignonne — Grenoble – Plus c'est simple : blog conseils déco, travaux et immo",ma mignonne grenoble,https://pluscestsimple.com/annuaire/boutique/ma-mignonne-grenoble,2026-07-28
pluscestsimple.com,"Magasin Cocktail Scandinave Nîmes — Nimes – Plus c'est simple : blog conseils déco, travaux et immo",cocktail scandinave nîmes,https://pluscestsimple.com/annuaire/boutique/magasin-cocktail-scandinave-nimes,2026-07-28
pluscestsimple.com,"MAHASIAH — Dijon – Plus c'est simple : blog conseils déco, travaux et immo",mahasiah dijon,https://pluscestsimple.com/annuaire/boutique/mahasiah-dijon,2026-07-28
pluscestsimple.com,"MAISON COUTURE — Le Havre – Plus c'est simple : blog conseils déco, travaux et immo",maison couture havre,https://pluscestsimple.com/annuaire/boutique/maison-couture-le-havre,2026-07-28
pluscestsimple.com,"Maison De Campagne décoration — Perpignan – Plus c'est simple : blog conseils déco, travaux et immo",campagne décoration perpignan,https://pluscestsimple.com/annuaire/boutique/maison-de-campagne-decoration-perpignan,2026-07-28
pluscestsimple.com,"MAISON de la LITERIE – MDL Canapés Convertibles — Fort-de-France – Plus c'est simple : blog conseils déco, travaux et immo",maison literie,https://pluscestsimple.com/annuaire/boutique/maison-de-la-literie-mdl-canapes-convertibles-fort-de-france,2026-07-28
pluscestsimple.com,"Maison Gabriel — Ajaccio – Plus c'est simple : blog conseils déco, travaux et immo",maison gabriel ajaccio,https://pluscestsimple.com/annuaire/boutique/maison-gabriel-ajaccio,2026-07-28
pluscestsimple.com,"Maison Madise — Nantes – Plus c'est simple : blog conseils déco, travaux et immo",maison madise nantes,https://pluscestsimple.com/annuaire/boutique/maison-madise-nantes,2026-07-28
pluscestsimple.com,"Maison Maison – Mobilier Design • KARTELL, USM, KNOLL – Limoges — Limoges – Plus c'est simple : blog conseils déco, travaux et immo",maison maison,https://pluscestsimple.com/annuaire/boutique/maison-maison-mobilier-design-kartell-usm-knoll-limoges,2026-07-28
pluscestsimple.com,"MAISON OYAT — Dijon – Plus c'est simple : blog conseils déco, travaux et immo",maison oyat dijon,https://pluscestsimple.com/annuaire/boutique/maison-oyat-dijon,2026-07-28
pluscestsimple.com,"Maison Pampilles — Metz – Plus c'est simple : blog conseils déco, travaux et immo",maison pampilles metz,https://pluscestsimple.com/annuaire/boutique/maison-pampilles-metz,2026-07-28
pluscestsimple.com,"Maison Suzelles — Grenoble – Plus c'est simple : blog conseils déco, travaux et immo",maison suzelles grenoble,https://pluscestsimple.com/annuaire/boutique/maison-suzelles-grenoble,2026-07-28
pluscestsimple.com,"maison XXL Besançon — Besançon – Plus c'est simple : blog conseils déco, travaux et immo",maison xxl besançon,https://pluscestsimple.com/annuaire/boutique/maison-xxl-besancon,2026-07-28
pluscestsimple.com,"Maison XXL NANCY — Nancy – Plus c'est simple : blog conseils déco, travaux et immo",maison xxl nancy,https://pluscestsimple.com/annuaire/boutique/maison-xxl-nancy,2026-07-28
pluscestsimple.com,"maison XXL Nîmes — Nimes – Plus c'est simple : blog conseils déco, travaux et immo",maison xxl nîmes,https://pluscestsimple.com/annuaire/boutique/maison-xxl-nimes,2026-07-28
pluscestsimple.com,"Maisons Decor — Reims – Plus c'est simple : blog conseils déco, travaux et immo",maisons decor reims,https://pluscestsimple.com/annuaire/boutique/maisons-decor-reims,2026-07-28
pluscestsimple.com,"Maisons du Monde — Amiens – Plus c'est simple : blog conseils déco, travaux et immo",maisons monde amiens,https://pluscestsimple.com/annuaire/boutique/maisons-du-monde-amiens,2026-07-28
pluscestsimple.com,"Maisons du Monde — Annecy – Plus c'est simple : blog conseils déco, travaux et immo",maisons monde annecy,https://pluscestsimple.com/annuaire/boutique/maisons-du-monde-annecy,2026-07-28
pluscestsimple.com,"Maisons du Monde — Besançon – Plus c'est simple : blog conseils déco, travaux et immo",maisons monde besançon,https://pluscestsimple.com/annuaire/boutique/maisons-du-monde-besancon,2026-07-28
pluscestsimple.com,"Maisons du Monde — Dijon – Plus c'est simple : blog conseils déco, travaux et immo",maisons monde dijon,https://pluscestsimple.com/annuaire/boutique/maisons-du-monde-dijon,2026-07-28
pluscestsimple.com,"Maisons du Monde — Le Mans – Plus c'est simple : blog conseils déco, travaux et immo",maisons monde mans,https://pluscestsimple.com/annuaire/boutique/maisons-du-monde-le-mans,2026-07-28
pluscestsimple.com,"Maisons du Monde — Lille – Plus c'est simple : blog conseils déco, travaux et immo",maisons monde lille,https://pluscestsimple.com/annuaire/boutique/maisons-du-monde-lille,2026-07-28
pluscestsimple.com,"Maisons du Monde — Montpellier – Plus c'est simple : blog conseils déco, travaux et immo",maisons monde montpellier,https://pluscestsimple.com/annuaire/boutique/maisons-du-monde-montpellier,2026-07-28
pluscestsimple.com,"Maisons du Monde — Nantes – Plus c'est simple : blog conseils déco, travaux et immo",maisons monde nantes,https://pluscestsimple.com/annuaire/boutique/maisons-du-monde-nantes,2026-07-28
pluscestsimple.com,"Maisons du Monde — Nice – Plus c'est simple : blog conseils déco, travaux et immo",maisons monde nice,https://pluscestsimple.com/annuaire/boutique/maisons-du-monde-nice,2026-07-28
pluscestsimple.com,"Maisons du Monde — Nimes – Plus c'est simple : blog conseils déco, travaux et immo",maisons monde nimes,https://pluscestsimple.com/annuaire/boutique/maisons-du-monde-nimes,2026-07-28
pluscestsimple.com,"Maisons du Monde — Perpignan – Plus c'est simple : blog conseils déco, travaux et immo",maisons monde perpignan,https://pluscestsimple.com/annuaire/boutique/maisons-du-monde-perpignan,2026-07-28
pluscestsimple.com,"Maisons du Monde — Saint-Étienne – Plus c'est simple : blog conseils déco, travaux et immo",maisons monde saint,https://pluscestsimple.com/annuaire/boutique/maisons-du-monde-saint-etienne,2026-07-28
pluscestsimple.com,"Maisons du Monde — Toulouse – Plus c'est simple : blog conseils déco, travaux et immo",maisons monde toulouse,https://pluscestsimple.com/annuaire/boutique/maisons-du-monde-toulouse,2026-07-28
pluscestsimple.com,"Maisons du Monde — Toulouse – Plus c'est simple : blog conseils déco, travaux et immo",maisons monde toulouse,https://pluscestsimple.com/annuaire/boutique/maisons-du-monde-toulouse-2,2026-07-28
pluscestsimple.com,"Maisons du Monde — Tours – Plus c'est simple : blog conseils déco, travaux et immo",maisons monde tours,https://pluscestsimple.com/annuaire/boutique/maisons-du-monde-tours,2026-07-28
pluscestsimple.com,"Maisons du Monde — Tours – Plus c'est simple : blog conseils déco, travaux et immo",maisons monde tours,https://pluscestsimple.com/annuaire/boutique/maisons-du-monde-tours-2,2026-07-28
pluscestsimple.com,"Manoir Plume — Le Mans – Plus c'est simple : blog conseils déco, travaux et immo",manoir plume mans,https://pluscestsimple.com/annuaire/boutique/manoir-plume-le-mans,2026-07-28
pluscestsimple.com,"Margaux Déco — Rennes – Plus c'est simple : blog conseils déco, travaux et immo",margaux déco rennes,https://pluscestsimple.com/annuaire/boutique/margaux-deco-rennes,2026-07-28
pluscestsimple.com,"Matière et Couleur — Annecy – Plus c'est simple : blog conseils déco, travaux et immo",matière couleur annecy,https://pluscestsimple.com/annuaire/boutique/matiere-et-couleur-annecy,2026-07-28
pluscestsimple.com,"MAVI HOME — Montpellier – Plus c'est simple : blog conseils déco, travaux et immo",mavi home montpellier,https://pluscestsimple.com/annuaire/boutique/mavi-home-montpellier,2026-07-28
pluscestsimple.com,"Max Mobel Besançon — Besançon – Plus c'est simple : blog conseils déco, travaux et immo",max mobel besançon,https://pluscestsimple.com/annuaire/boutique/max-mobel-besancon,2026-07-28
pluscestsimple.com,"Maxi Bazar — Amiens – Plus c'est simple : blog conseils déco, travaux et immo",maxi bazar amiens,https://pluscestsimple.com/annuaire/boutique/maxi-bazar-amiens,2026-07-28
pluscestsimple.com,"Maxi Bazar — Annecy – Plus c'est simple : blog conseils déco, travaux et immo",maxi bazar annecy,https://pluscestsimple.com/annuaire/boutique/maxi-bazar-annecy,2026-07-28
pluscestsimple.com,"Maxi Meubles Le Havre — Le Havre – Plus c'est simple : blog conseils déco, travaux et immo",maxi meubles havre,https://pluscestsimple.com/annuaire/boutique/maxi-meubles-le-havre,2026-07-28
pluscestsimple.com,"May Home Design – M.H.D — Mamoudzou – Plus c'est simple : blog conseils déco, travaux et immo",may home design,https://pluscestsimple.com/annuaire/boutique/may-home-design-m-h-d-mamoudzou,2026-07-28
pluscestsimple.com,"mb2 – Mobilier Design — Strasbourg – Plus c'est simple : blog conseils déco, travaux et immo",mb2,https://pluscestsimple.com/annuaire/boutique/mb2-mobilier-design-strasbourg,2026-07-28
pluscestsimple.com,"M’CONFORT — Mamoudzou – Plus c'est simple : blog conseils déco, travaux et immo",confort mamoudzou,https://pluscestsimple.com/annuaire/boutique/mconfort-mamoudzou,2026-07-28
pluscestsimple.com,"Megabriel — Cayenne – Plus c'est simple : blog conseils déco, travaux et immo",megabriel cayenne,https://pluscestsimple.com/annuaire/boutique/megabriel-cayenne,2026-07-28
pluscestsimple.com,"Merci Ginette — Le Havre – Plus c'est simple : blog conseils déco, travaux et immo",merci ginette havre,https://pluscestsimple.com/annuaire/boutique/merci-ginette-le-havre,2026-07-28
pluscestsimple.com,"METROPOLITAN CONCEPT STORE — Montpellier – Plus c'est simple : blog conseils déco, travaux et immo",concept store montpellier,https://pluscestsimple.com/annuaire/boutique/metropolitan-concept-store-montpellier,2026-07-28
pluscestsimple.com,"Meubl’ Affaires — Besançon – Plus c'est simple : blog conseils déco, travaux et immo",meubl affaires besançon,https://pluscestsimple.com/annuaire/boutique/meubl-affaires-besancon,2026-07-28
pluscestsimple.com,"Meuble De L’ocean Indien — Mamoudzou – Plus c'est simple : blog conseils déco, travaux et immo",ocean indien mamoudzou,https://pluscestsimple.com/annuaire/boutique/meuble-de-locean-indien-mamoudzou,2026-07-28
pluscestsimple.com,"Meuble Prive Metz – Magasin de Meubles — Metz – Plus c'est simple : blog conseils déco, travaux et immo",meuble prive metz,https://pluscestsimple.com/annuaire/boutique/meuble-prive-metz-magasin-de-meubles,2026-07-28
pluscestsimple.com,"Meubles 110 — Mamoudzou – Plus c'est simple : blog conseils déco, travaux et immo",meubles 110 mamoudzou,https://pluscestsimple.com/annuaire/boutique/meubles-110-mamoudzou,2026-07-28
pluscestsimple.com,"Meubles COSSON Boutique — Clermont-Ferrand – Plus c'est simple : blog conseils déco, travaux et immo",cosson boutique clermont,https://pluscestsimple.com/annuaire/boutique/meubles-cosson-boutique-clermont-ferrand,2026-07-28
pluscestsimple.com,"Meubles De Paris — Montreuil – Plus c'est simple : blog conseils déco, travaux et immo",meubles paris montreuil,https://pluscestsimple.com/annuaire/boutique/meubles-de-paris-montreuil,2026-07-28
pluscestsimple.com,"Meubles et Compagnie Nantes Orvault — Nantes – Plus c'est simple : blog conseils déco, travaux et immo",meubles compagnie nantes,https://pluscestsimple.com/annuaire/boutique/meubles-et-compagnie-nantes-orvault,2026-07-28
pluscestsimple.com,"Meubles et Déco 30 — Nimes – Plus c'est simple : blog conseils déco, travaux et immo",meubles déco 30,https://pluscestsimple.com/annuaire/boutique/meubles-et-deco-30-nimes,2026-07-28
pluscestsimple.com,"Meubles Factory Amiens — Amiens – Plus c'est simple : blog conseils déco, travaux et immo",meubles factory amiens,https://pluscestsimple.com/annuaire/boutique/meubles-factory-amiens,2026-07-28
pluscestsimple.com,"Meubles Gautier — Brest – Plus c'est simple : blog conseils déco, travaux et immo",meubles gautier brest,https://pluscestsimple.com/annuaire/boutique/meubles-gautier-brest,2026-07-28
pluscestsimple.com,"Meubles Klein Espace Confort — Mulhouse – Plus c'est simple : blog conseils déco, travaux et immo",meubles klein espace,https://pluscestsimple.com/annuaire/boutique/meubles-klein-espace-confort-mulhouse,2026-07-28
pluscestsimple.com,"Meubles Rambault Angers – Canapés — Angers – Plus c'est simple : blog conseils déco, travaux et immo",meubles rambault angers,https://pluscestsimple.com/annuaire/boutique/meubles-rambault-angers-canapes,2026-07-28
pluscestsimple.com,"Meubles Roger — Amiens – Plus c'est simple : blog conseils déco, travaux et immo",meubles roger amiens,https://pluscestsimple.com/annuaire/boutique/meubles-roger-amiens,2026-07-28
pluscestsimple.com,"MEUBVET — Mulhouse – Plus c'est simple : blog conseils déco, travaux et immo",meubvet mulhouse,https://pluscestsimple.com/annuaire/boutique/meubvet-mulhouse,2026-07-28
pluscestsimple.com,"MG Design — Toulouse – Plus c'est simple : blog conseils déco, travaux et immo",mg design toulouse,https://pluscestsimple.com/annuaire/boutique/mg-design-toulouse,2026-07-28
pluscestsimple.com,"Midica — Toulouse – Plus c'est simple : blog conseils déco, travaux et immo",midica toulouse,https://pluscestsimple.com/annuaire/boutique/midica-toulouse,2026-07-28
pluscestsimple.com,"MiLOME Le Havre — Le Havre – Plus c'est simple : blog conseils déco, travaux et immo",milome havre havre,https://pluscestsimple.com/annuaire/boutique/milome-le-havre,2026-07-28
pluscestsimple.com,"MiLOME Montpellier — Montpellier – Plus c'est simple : blog conseils déco, travaux et immo",milome montpellier montpellier,https://pluscestsimple.com/annuaire/boutique/milome-montpellier,2026-07-28
pluscestsimple.com,"MOA Intérieur — Rouen – Plus c'est simple : blog conseils déco, travaux et immo",moa intérieur rouen,https://pluscestsimple.com/annuaire/boutique/moa-interieur-rouen,2026-07-28
pluscestsimple.com,"MOB Mobilier & Objet — Dijon – Plus c'est simple : blog conseils déco, travaux et immo",mobilier objet dijon,https://pluscestsimple.com/annuaire/boutique/mob-mobilier-objet-dijon,2026-07-28
pluscestsimple.com,"Mobalpa — Cayenne – Plus c'est simple : blog conseils déco, travaux et immo",mobalpa cayenne,https://pluscestsimple.com/annuaire/boutique/mobalpa-cayenne,2026-07-28
pluscestsimple.com,"Mobela — Le Mans – Plus c'est simple : blog conseils déco, travaux et immo",mobela mans,https://pluscestsimple.com/annuaire/boutique/mobela-le-mans,2026-07-28
pluscestsimple.com,"Mobilia — Fort-de-France – Plus c'est simple : blog conseils déco, travaux et immo",mobilia fort france,https://pluscestsimple.com/annuaire/boutique/mobilia-fort-de-france,2026-07-28
pluscestsimple.com,"Mobilier de France Besançon — Besançon – Plus c'est simple : blog conseils déco, travaux et immo",mobilier france besançon,https://pluscestsimple.com/annuaire/boutique/mobilier-de-france-besancon,2026-07-28
pluscestsimple.com,"Mobilier de France Brest — Brest – Plus c'est simple : blog conseils déco, travaux et immo",mobilier france brest,https://pluscestsimple.com/annuaire/boutique/mobilier-de-france-brest,2026-07-28
pluscestsimple.com,"Mobilier de France Chambray-lès-Tours — Tours – Plus c'est simple : blog conseils déco, travaux et immo",chambray lès tours,https://pluscestsimple.com/annuaire/boutique/mobilier-de-france-chambray-les-tours,2026-07-28
pluscestsimple.com,"Mobilier de France Nancy — Nancy – Plus c'est simple : blog conseils déco, travaux et immo",mobilier france nancy,https://pluscestsimple.com/annuaire/boutique/mobilier-de-france-nancy,2026-07-28
pluscestsimple.com,"Mobilier de France Nîmes — Nimes – Plus c'est simple : blog conseils déco, travaux et immo",mobilier france nîmes,https://pluscestsimple.com/annuaire/boutique/mobilier-de-france-nimes,2026-07-28
pluscestsimple.com,"MOBILIER DE FRANCE — Perpignan – Plus c'est simple : blog conseils déco, travaux et immo",mobilier france perpignan,https://pluscestsimple.com/annuaire/boutique/mobilier-de-france-perpignan,2026-07-28
pluscestsimple.com,"Mobilier de France Reims — Reims – Plus c'est simple : blog conseils déco, travaux et immo",mobilier france reims,https://pluscestsimple.com/annuaire/boutique/mobilier-de-france-reims,2026-07-28
pluscestsimple.com,"Mobilier de France Tours Nord — Tours – Plus c'est simple : blog conseils déco, travaux et immo",mobilier france tours,https://pluscestsimple.com/annuaire/boutique/mobilier-de-france-tours-nord,2026-07-28
pluscestsimple.com,"Mobilier Petitcolin – Story Reims — Reims – Plus c'est simple : blog conseils déco, travaux et immo",mobilier petitcolin,https://pluscestsimple.com/annuaire/boutique/mobilier-petitcolin-story-reims,2026-07-28
pluscestsimple.com,"Momentum Design Store — Lille – Plus c'est simple : blog conseils déco, travaux et immo",momentum design store,https://pluscestsimple.com/annuaire/boutique/momentum-design-store-lille,2026-07-28
pluscestsimple.com,"Mondiale Home — Rouen – Plus c'est simple : blog conseils déco, travaux et immo",mondiale home rouen,https://pluscestsimple.com/annuaire/boutique/mondiale-home-rouen,2026-07-28
pluscestsimple.com,"Monsieur Meuble Angers – Meubles – Canapés — Angers – Plus c'est simple : blog conseils déco, travaux et immo",monsieur meuble angers,https://pluscestsimple.com/annuaire/boutique/monsieur-meuble-angers-meubles-canapes,2026-07-28
pluscestsimple.com,"Monsieur Meuble — Brest – Plus c'est simple : blog conseils déco, travaux et immo",monsieur meuble brest,https://pluscestsimple.com/annuaire/boutique/monsieur-meuble-brest,2026-07-28
pluscestsimple.com,"Monsieur Meuble Nimes — Nimes – Plus c'est simple : blog conseils déco, travaux et immo",monsieur meuble nimes,https://pluscestsimple.com/annuaire/boutique/monsieur-meuble-nimes,2026-07-28
pluscestsimple.com,"Monsieur Meuble Tours — Tours – Plus c'est simple : blog conseils déco, travaux et immo",monsieur meuble tours,https://pluscestsimple.com/annuaire/boutique/monsieur-meuble-tours,2026-07-28
pluscestsimple.com,"Mr Bricolage Les Abymes — Les Abymes – Plus c'est simple : blog conseils déco, travaux et immo",mr bricolage abymes,https://pluscestsimple.com/annuaire/boutique/mr-bricolage-les-abymes,2026-07-28
pluscestsimple.com,"Multitude — Tours – Plus c'est simple : blog conseils déco, travaux et immo",multitude tours,https://pluscestsimple.com/annuaire/boutique/multitude-tours,2026-07-28
pluscestsimple.com,"Mur Design by Ambiance — Clermont-Ferrand – Plus c'est simple : blog conseils déco, travaux et immo",ambiance clermont ferrand,https://pluscestsimple.com/annuaire/boutique/mur-design-by-ambiance-clermont-ferrand,2026-07-28
pluscestsimple.com,"Muy Mucho Ajaccio — Ajaccio – Plus c'est simple : blog conseils déco, travaux et immo",muy mucho ajaccio,https://pluscestsimple.com/annuaire/boutique/muy-mucho-ajaccio,2026-07-28
pluscestsimple.com,"Muy Mucho — Le Havre – Plus c'est simple : blog conseils déco, travaux et immo",muy mucho havre,https://pluscestsimple.com/annuaire/boutique/muy-mucho-le-havre,2026-07-28
pluscestsimple.com,"Muy Mucho — Nimes – Plus c'est simple : blog conseils déco, travaux et immo",muy mucho nimes,https://pluscestsimple.com/annuaire/boutique/muy-mucho-nimes,2026-07-28
pluscestsimple.com,"My New Design — Brest – Plus c'est simple : blog conseils déco, travaux et immo",new design brest,https://pluscestsimple.com/annuaire/boutique/my-new-design-brest,2026-07-28
pluscestsimple.com,"NATERIAL Réunion — Saint-Paul de La Réunion – Plus c'est simple : blog conseils déco, travaux et immo",naterial réunion saint,https://pluscestsimple.com/annuaire/boutique/naterial-reunion-saint-paul,2026-07-28
pluscestsimple.com,"Nicora Design — Nice – Plus c'est simple : blog conseils déco, travaux et immo",nicora design nice,https://pluscestsimple.com/annuaire/boutique/nicora-design-nice,2026-07-28
pluscestsimple.com,"Nota Bene — Ajaccio – Plus c'est simple : blog conseils déco, travaux et immo",nota bene ajaccio,https://pluscestsimple.com/annuaire/boutique/nota-bene-ajaccio,2026-07-28
pluscestsimple.com,"Nouveau Monde Désign Guyane — Cayenne – Plus c'est simple : blog conseils déco, travaux et immo",désign guyane cayenne,https://pluscestsimple.com/annuaire/boutique/nouveau-monde-design-guyane-cayenne,2026-07-28
pluscestsimple.com,"Nuit et Sommeil – Literie à Grenoble — Grenoble – Plus c'est simple : blog conseils déco, travaux et immo",nuit sommeil,https://pluscestsimple.com/annuaire/boutique/nuit-et-sommeil-literie-a-grenoble,2026-07-28
pluscestsimple.com,"NYOMI Spirit of Life — Saint-Paul de La Réunion – Plus c'est simple : blog conseils déco, travaux et immo",nyomi spirit of,https://pluscestsimple.com/annuaire/boutique/nyomi-spirit-of-life-saint-paul,2026-07-28
pluscestsimple.com,"Okxo La Suite — Rouen – Plus c'est simple : blog conseils déco, travaux et immo",okxo suite rouen,https://pluscestsimple.com/annuaire/boutique/okxo-la-suite-rouen,2026-07-28
pluscestsimple.com,"ÔNATURE — Grenoble – Plus c'est simple : blog conseils déco, travaux et immo",ônature grenoble,https://pluscestsimple.com/annuaire/boutique/onature-grenoble,2026-07-28
pluscestsimple.com,"Palais du Meuble — Montreuil – Plus c'est simple : blog conseils déco, travaux et immo",palais meuble montreuil,https://pluscestsimple.com/annuaire/boutique/palais-du-meuble-montreuil,2026-07-28
pluscestsimple.com,"Planète déco — Rouen – Plus c'est simple : blog conseils déco, travaux et immo",planète déco rouen,https://pluscestsimple.com/annuaire/boutique/planete-deco-rouen,2026-07-28
pluscestsimple.com,"Plume — Rouen – Plus c'est simple : blog conseils déco, travaux et immo",plume rouen,https://pluscestsimple.com/annuaire/boutique/plume-rouen,2026-07-28
pluscestsimple.com,"Portobello Concept — Limoges – Plus c'est simple : blog conseils déco, travaux et immo",portobello concept limoges,https://pluscestsimple.com/annuaire/boutique/portobello-concept-limoges,2026-07-28
pluscestsimple.com,"Pure Deco — Toulouse – Plus c'est simple : blog conseils déco, travaux et immo",pure deco toulouse,https://pluscestsimple.com/annuaire/boutique/pure-deco-toulouse,2026-07-28
pluscestsimple.com,"Quadro Intérieurs sur-mesure — Le Mans – Plus c'est simple : blog conseils déco, travaux et immo",quadro intérieurs mesure,https://pluscestsimple.com/annuaire/boutique/quadro-interieurs-sur-mesure-le-mans,2026-07-28
pluscestsimple.com,"Quadro Intérieurs sur-mesure — Montpellier – Plus c'est simple : blog conseils déco, travaux et immo",intérieurs mesure montpellier,https://pluscestsimple.com/annuaire/boutique/quadro-interieurs-sur-mesure-montpellier,2026-07-28
pluscestsimple.com,"Quartz Design — Mulhouse – Plus c'est simple : blog conseils déco, travaux et immo",quartz design mulhouse,https://pluscestsimple.com/annuaire/boutique/quartz-design-mulhouse,2026-07-28
pluscestsimple.com,"REBOOUT — Saint-Paul de La Réunion – Plus c'est simple : blog conseils déco, travaux et immo",reboout saint paul,https://pluscestsimple.com/annuaire/boutique/reboout-saint-paul,2026-07-28
pluscestsimple.com,"Retif Annecy — Annecy – Plus c'est simple : blog conseils déco, travaux et immo",retif annecy annecy,https://pluscestsimple.com/annuaire/boutique/retif-annecy,2026-07-28
pluscestsimple.com,"RetRococo — Tours – Plus c'est simple : blog conseils déco, travaux et immo",retrococo tours,https://pluscestsimple.com/annuaire/boutique/retrococo-tours,2026-07-28
pluscestsimple.com,"Rive Gauche — Brest – Plus c'est simple : blog conseils déco, travaux et immo",rive gauche brest,https://pluscestsimple.com/annuaire/boutique/rive-gauche-brest,2026-07-28
pluscestsimple.com,"Roche Bobois — Ajaccio – Plus c'est simple : blog conseils déco, travaux et immo",roche bobois ajaccio,https://pluscestsimple.com/annuaire/boutique/roche-bobois-ajaccio,2026-07-28
pluscestsimple.com,"Roche Bobois — Annecy – Plus c'est simple : blog conseils déco, travaux et immo",roche bobois annecy,https://pluscestsimple.com/annuaire/boutique/roche-bobois-annecy,2026-07-28
pluscestsimple.com,"Roche Bobois — Clermont-Ferrand – Plus c'est simple : blog conseils déco, travaux et immo",roche bobois clermont,https://pluscestsimple.com/annuaire/boutique/roche-bobois-clermont-ferrand,2026-07-28
pluscestsimple.com,"Roche Bobois Lille — Lille – Plus c'est simple : blog conseils déco, travaux et immo",roche bobois lille,https://pluscestsimple.com/annuaire/boutique/roche-bobois-lille,2026-07-28
pluscestsimple.com,"Roche Bobois Limoges — Limoges – Plus c'est simple : blog conseils déco, travaux et immo",roche bobois limoges,https://pluscestsimple.com/annuaire/boutique/roche-bobois-limoges,2026-07-28
pluscestsimple.com,"Roche Bobois – Metz — Metz – Plus c'est simple : blog conseils déco, travaux et immo",roche bobois,https://pluscestsimple.com/annuaire/boutique/roche-bobois-metz,2026-07-28
pluscestsimple.com,"Roche Bobois Perpignan — Perpignan – Plus c'est simple : blog conseils déco, travaux et immo",roche bobois perpignan,https://pluscestsimple.com/annuaire/boutique/roche-bobois-perpignan,2026-07-28
pluscestsimple.com,"Roche Bobois — Saint-Denis de La Réunion – Plus c'est simple : blog conseils déco, travaux et immo",roche bobois saint,https://pluscestsimple.com/annuaire/boutique/roche-bobois-saint-denis,2026-07-28
pluscestsimple.com,"ROMA INTERIEUR — Grenoble – Plus c'est simple : blog conseils déco, travaux et immo",roma interieur grenoble,https://pluscestsimple.com/annuaire/boutique/roma-interieur-grenoble,2026-07-28
pluscestsimple.com,"ROSEWOOD — Reims – Plus c'est simple : blog conseils déco, travaux et immo",rosewood reims,https://pluscestsimple.com/annuaire/boutique/rosewood-reims,2026-07-28
pluscestsimple.com,"Rotin Design – Créateur de mobilier en rotin depuis 1982 — Clermont-Ferrand – Plus c'est simple : blog conseils déco, travaux et immo",rotin design,https://pluscestsimple.com/annuaire/boutique/rotin-design-createur-de-mobilier-en-rotin-depuis-1982-clermont-ferrand,2026-07-28
pluscestsimple.com,"Rouge Celadon — Saint-Denis de La Réunion – Plus c'est simple : blog conseils déco, travaux et immo",rouge celadon saint,https://pluscestsimple.com/annuaire/boutique/rouge-celadon-saint-denis,2026-07-28
pluscestsimple.com,"Rue du Mail — Angers – Plus c'est simple : blog conseils déco, travaux et immo",rue mail angers,https://pluscestsimple.com/annuaire/boutique/rue-du-mail-angers,2026-07-28
pluscestsimple.com,"S’CENTER St Denis — Saint-Denis de La Réunion – Plus c'est simple : blog conseils déco, travaux et immo",saint denis réunion,https://pluscestsimple.com/annuaire/boutique/s-center-st-denis-saint-denis,2026-07-28
pluscestsimple.com,"SALON Du Monde Nîmes — Nimes – Plus c'est simple : blog conseils déco, travaux et immo",salon monde nîmes,https://pluscestsimple.com/annuaire/boutique/salon-du-monde-nimes,2026-07-28
pluscestsimple.com,"SALON MAROCAIN HANNACH — Montreuil – Plus c'est simple : blog conseils déco, travaux et immo",salon marocain hannach,https://pluscestsimple.com/annuaire/boutique/salon-marocain-hannach-montreuil,2026-07-28
pluscestsimple.com,"Salons Décor – Espace Stressless Le Mans — Le Mans – Plus c'est simple : blog conseils déco, travaux et immo",salons décor,https://pluscestsimple.com/annuaire/boutique/salons-decor-espace-stressless-le-mans,2026-07-28
pluscestsimple.com,"SAMANI Concept — Mamoudzou – Plus c'est simple : blog conseils déco, travaux et immo",samani concept mamoudzou,https://pluscestsimple.com/annuaire/boutique/samani-concept-mamoudzou,2026-07-28
pluscestsimple.com,"SCHMIDT FORT DE FRANCE — Fort-de-France – Plus c'est simple : blog conseils déco, travaux et immo",schmidt fort france,https://pluscestsimple.com/annuaire/boutique/schmidt-fort-de-france,2026-07-28
pluscestsimple.com,"Septembre concept store — Nantes – Plus c'est simple : blog conseils déco, travaux et immo",septembre concept store,https://pluscestsimple.com/annuaire/boutique/septembre-concept-store-nantes,2026-07-28
pluscestsimple.com,"Serendipity — Montpellier – Plus c'est simple : blog conseils déco, travaux et immo",serendipity montpellier,https://pluscestsimple.com/annuaire/boutique/serendipity-montpellier,2026-07-28
pluscestsimple.com,"SINGULIER STORE — Nantes – Plus c'est simple : blog conseils déco, travaux et immo",singulier store nantes,https://pluscestsimple.com/annuaire/boutique/singulier-store-nantes,2026-07-28
pluscestsimple.com,"Siwotaj & Co — Fort-de-France – Plus c'est simple : blog conseils déco, travaux et immo",siwotaj co fort,https://pluscestsimple.com/annuaire/boutique/siwotaj-co-fort-de-france,2026-07-28
pluscestsimple.com,"Sole e Ombra — Ajaccio – Plus c'est simple : blog conseils déco, travaux et immo",sole ombra ajaccio,https://pluscestsimple.com/annuaire/boutique/sole-e-ombra-ajaccio,2026-07-28
pluscestsimple.com,"Søstrene Grene — Annecy – Plus c'est simple : blog conseils déco, travaux et immo",søstrene grene annecy,https://pluscestsimple.com/annuaire/boutique/sstrene-grene-annecy,2026-07-28
pluscestsimple.com,"Søstrene Grene — Besançon – Plus c'est simple : blog conseils déco, travaux et immo",søstrene grene besançon,https://pluscestsimple.com/annuaire/boutique/sstrene-grene-besancon,2026-07-28
pluscestsimple.com,"Søstrene Grene — Dijon – Plus c'est simple : blog conseils déco, travaux et immo",søstrene grene dijon,https://pluscestsimple.com/annuaire/boutique/sstrene-grene-dijon,2026-07-28
pluscestsimple.com,"Søstrene Grene — Le Mans – Plus c'est simple : blog conseils déco, travaux et immo",søstrene grene mans,https://pluscestsimple.com/annuaire/boutique/sstrene-grene-le-mans,2026-07-28
pluscestsimple.com,"Søstrene Grene — Lille – Plus c'est simple : blog conseils déco, travaux et immo",søstrene grene lille,https://pluscestsimple.com/annuaire/boutique/sstrene-grene-lille,2026-07-28
pluscestsimple.com,"Søstrene Grene Metz — Metz – Plus c'est simple : blog conseils déco, travaux et immo",søstrene grene metz,https://pluscestsimple.com/annuaire/boutique/sstrene-grene-metz,2026-07-28
pluscestsimple.com,"Søstrene Grene — Montpellier – Plus c'est simple : blog conseils déco, travaux et immo",søstrene grene montpellier,https://pluscestsimple.com/annuaire/boutique/sstrene-grene-montpellier,2026-07-28
pluscestsimple.com,"Søstrene Grene — Nancy – Plus c'est simple : blog conseils déco, travaux et immo",søstrene grene nancy,https://pluscestsimple.com/annuaire/boutique/sstrene-grene-nancy,2026-07-28
pluscestsimple.com,"Søstrene Grene — Nantes – Plus c'est simple : blog conseils déco, travaux et immo",søstrene grene nantes,https://pluscestsimple.com/annuaire/boutique/sstrene-grene-nantes,2026-07-28
pluscestsimple.com,"Søstrene Grene — Reims – Plus c'est simple : blog conseils déco, travaux et immo",søstrene grene reims,https://pluscestsimple.com/annuaire/boutique/sstrene-grene-reims,2026-07-28
pluscestsimple.com,"Søstrene Grene — Rennes – Plus c'est simple : blog conseils déco, travaux et immo",søstrene grene rennes,https://pluscestsimple.com/annuaire/boutique/sstrene-grene-rennes,2026-07-28
pluscestsimple.com,"Søstrene Grene — Strasbourg – Plus c'est simple : blog conseils déco, travaux et immo",søstrene grene strasbourg,https://pluscestsimple.com/annuaire/boutique/sstrene-grene-strasbourg,2026-07-28
pluscestsimple.com,"Søstrene Grene — Toulouse – Plus c'est simple : blog conseils déco, travaux et immo",søstrene grene toulouse,https://pluscestsimple.com/annuaire/boutique/sstrene-grene-toulouse,2026-07-28
pluscestsimple.com,"Story Nîmes — Nimes – Plus c'est simple : blog conseils déco, travaux et immo",story nîmes nimes,https://pluscestsimple.com/annuaire/boutique/story-nimes,2026-07-28
pluscestsimple.com,"Styl D’oríent — Saint-Étienne – Plus c'est simple : blog conseils déco, travaux et immo",oríent saint étienne,https://pluscestsimple.com/annuaire/boutique/styl-d-orient-saint-etienne,2026-07-28
pluscestsimple.com,"Style et sofa — Mamoudzou – Plus c'est simple : blog conseils déco, travaux et immo",style sofa mamoudzou,https://pluscestsimple.com/annuaire/boutique/style-et-sofa-mamoudzou,2026-07-28
pluscestsimple.com,"Suasana — Limoges – Plus c'est simple : blog conseils déco, travaux et immo",suasana limoges,https://pluscestsimple.com/annuaire/boutique/suasana-limoges,2026-07-28
pluscestsimple.com,"T’m Déco — Cayenne – Plus c'est simple : blog conseils déco, travaux et immo",déco cayenne,https://pluscestsimple.com/annuaire/boutique/t-m-deco-cayenne,2026-07-28
pluscestsimple.com,"Tadelakt deco Besancon — Besançon – Plus c'est simple : blog conseils déco, travaux et immo",tadelakt deco besancon,https://pluscestsimple.com/annuaire/boutique/tadelakt-deco-besancon,2026-07-28
pluscestsimple.com,"Terre des Indes — Mamoudzou – Plus c'est simple : blog conseils déco, travaux et immo",terre indes mamoudzou,https://pluscestsimple.com/annuaire/boutique/terre-des-indes-mamoudzou,2026-07-28
pluscestsimple.com,"TIFFANY SOFA BED — Montreuil – Plus c'est simple : blog conseils déco, travaux et immo",tiffany sofa bed,https://pluscestsimple.com/annuaire/boutique/tiffany-sofa-bed-montreuil,2026-07-28
pluscestsimple.com,"Tilvist home & design — Mulhouse – Plus c'est simple : blog conseils déco, travaux et immo",tilvist home design,https://pluscestsimple.com/annuaire/boutique/tilvist-home-design-mulhouse,2026-07-28
pluscestsimple.com,"Tonton Déco Guyane — Cayenne – Plus c'est simple : blog conseils déco, travaux et immo",tonton déco guyane,https://pluscestsimple.com/annuaire/boutique/tonton-deco-guyane-cayenne,2026-07-28
pluscestsimple.com,"Trentotto Concept Store – Toulouse — Toulouse – Plus c'est simple : blog conseils déco, travaux et immo",trentotto concept store,https://pluscestsimple.com/annuaire/boutique/trentotto-concept-store-toulouse,2026-07-28
pluscestsimple.com,"TROPIC LITERIE ABYMES — Les Abymes – Plus c'est simple : blog conseils déco, travaux et immo",tropic literie abymes,https://pluscestsimple.com/annuaire/boutique/tropic-literie-abymes-les-abymes,2026-07-28
pluscestsimple.com,"UNE AUTRE MAISON — Saint-Étienne – Plus c'est simple : blog conseils déco, travaux et immo",maison saint étienne,https://pluscestsimple.com/annuaire/boutique/une-autre-maison-saint-etienne,2026-07-28
pluscestsimple.com,"UNICARouen — Rouen – Plus c'est simple : blog conseils déco, travaux et immo",unicarouen rouen,https://pluscestsimple.com/annuaire/boutique/unicarouen,2026-07-28
pluscestsimple.com,"VER’ AUTRE CHOSE – DECORATION – MOBILIER — Nancy – Plus c'est simple : blog conseils déco, travaux et immo",ver autre chose,https://pluscestsimple.com/annuaire/boutique/ver-autre-chose-decoration-mobilier-nancy,2026-07-28
pluscestsimple.com,"Via Julio — Nantes – Plus c'est simple : blog conseils déco, travaux et immo",via julio nantes,https://pluscestsimple.com/annuaire/boutique/via-julio-nantes,2026-07-28
pluscestsimple.com,"Wanderlust Concept Store — Amiens – Plus c'est simple : blog conseils déco, travaux et immo",wanderlust concept store,https://pluscestsimple.com/annuaire/boutique/wanderlust-concept-store-amiens,2026-07-28
pluscestsimple.com,"XXL Maison Saint-Denis de la Réunion — Saint-Denis de La Réunion – Plus c'est simple : blog conseils déco, travaux et immo",saint denis réunion,https://pluscestsimple.com/annuaire/boutique/xxl-maison-saint-denis-de-la-reunion,2026-07-28
pluscestsimple.com,"YLANG MOBILIER COLLECTIF — Mamoudzou – Plus c'est simple : blog conseils déco, travaux et immo",ylang mobilier collectif,https://pluscestsimple.com/annuaire/boutique/ylang-mobilier-collectif-mamoudzou,2026-07-28
pluscestsimple.com,"Zago Store — Annecy – Plus c'est simple : blog conseils déco, travaux et immo",zago store annecy,https://pluscestsimple.com/annuaire/boutique/zago-store-annecy,2026-07-28
pluscestsimple.com,"Magasins de décoration dans les Alpes-Maritimes (12 boutiques) – Plus c'est simple : blog conseils déco, travaux et immo",décoration alpes maritimes,https://pluscestsimple.com/annuaire/departement/alpes-maritimes-06,2026-07-28
pluscestsimple.com,"Magasins de décoration dans le Bas-Rhin (12 boutiques) – Plus c'est simple : blog conseils déco, travaux et immo",magasins décoration bas,https://pluscestsimple.com/annuaire/departement/bas-rhin-67,2026-07-28
pluscestsimple.com,"Magasins de décoration dans le Calvados (12 boutiques) – Plus c'est simple : blog conseils déco, travaux et immo",magasins décoration calvados,https://pluscestsimple.com/annuaire/departement/calvados-14,2026-07-28
pluscestsimple.com,"Magasins de décoration en Corse-du-Sud (10 boutiques) – Plus c'est simple : blog conseils déco, travaux et immo",décoration corse sud,https://pluscestsimple.com/annuaire/departement/corse-du-sud-2a,2026-07-28
pluscestsimple.com,"Magasins de décoration en Côte-d’Or (12 boutiques) – Plus c'est simple : blog conseils déco, travaux et immo",magasins décoration côte,https://pluscestsimple.com/annuaire/departement/cote-d-or-21,2026-07-28
pluscestsimple.com,"Magasins de décoration dans le Doubs (12 boutiques) – Plus c'est simple : blog conseils déco, travaux et immo",magasins décoration doubs,https://pluscestsimple.com/annuaire/departement/doubs-25,2026-07-28
pluscestsimple.com,"Magasins de décoration dans le Finistère (12 boutiques) – Plus c'est simple : blog conseils déco, travaux et immo",magasins décoration finistère,https://pluscestsimple.com/annuaire/departement/finistere-29,2026-07-28
pluscestsimple.com,"Magasins de décoration dans le Gard (12 boutiques) – Plus c'est simple : blog conseils déco, travaux et immo",magasins décoration gard,https://pluscestsimple.com/annuaire/departement/gard-30,2026-07-28
pluscestsimple.com,"Magasins de décoration en Guadeloupe (6 boutiques) – Plus c'est simple : blog conseils déco, travaux et immo",décoration guadeloupe boutiques,https://pluscestsimple.com/annuaire/departement/guadeloupe-971,2026-07-28
pluscestsimple.com,"Magasins de décoration en Guyane (11 boutiques) – Plus c'est simple : blog conseils déco, travaux et immo",magasins décoration guyane,https://pluscestsimple.com/annuaire/departement/guyane-973,2026-07-28
pluscestsimple.com,"Magasins de décoration dans le Haut-Rhin (10 boutiques) – Plus c'est simple : blog conseils déco, travaux et immo",magasins décoration haut,https://pluscestsimple.com/annuaire/departement/haut-rhin-68,2026-07-28
pluscestsimple.com,"Magasins de décoration en Haute-Garonne (12 boutiques) – Plus c'est simple : blog conseils déco, travaux et immo",décoration haute garonne,https://pluscestsimple.com/annuaire/departement/haute-garonne-31,2026-07-28
pluscestsimple.com,"Magasins de décoration en Haute-Savoie (12 boutiques) – Plus c'est simple : blog conseils déco, travaux et immo",décoration haute savoie,https://pluscestsimple.com/annuaire/departement/haute-savoie-74,2026-07-28
pluscestsimple.com,"Magasins de décoration en Haute-Vienne (12 boutiques) – Plus c'est simple : blog conseils déco, travaux et immo",décoration haute vienne,https://pluscestsimple.com/annuaire/departement/haute-vienne-87,2026-07-28
pluscestsimple.com,"Magasins de décoration dans l’Hérault (12 boutiques) – Plus c'est simple : blog conseils déco, travaux et immo",magasins décoration hérault,https://pluscestsimple.com/annuaire/departement/herault-34,2026-07-28
pluscestsimple.com,"Magasins de décoration en Ille-et-Vilaine (12 boutiques) – Plus c'est simple : blog conseils déco, travaux et immo",décoration ille vilaine,https://pluscestsimple.com/annuaire/departement/ille-et-vilaine-35,2026-07-28
pluscestsimple.com,"Magasins de décoration dans l’Indre-et-Loire (12 boutiques) – Plus c'est simple : blog conseils déco, travaux et immo",décoration indre loire,https://pluscestsimple.com/annuaire/departement/indre-et-loire-37,2026-07-28
pluscestsimple.com,"Magasins de décoration en Isère (11 boutiques) – Plus c'est simple : blog conseils déco, travaux et immo",magasins décoration isère,https://pluscestsimple.com/annuaire/departement/isere-38,2026-07-28
pluscestsimple.com,"Magasins de décoration en La Réunion (24 boutiques) – Plus c'est simple : blog conseils déco, travaux et immo",magasins décoration réunion,https://pluscestsimple.com/annuaire/departement/la-reunion-974,2026-07-28
pluscestsimple.com,"Magasins de décoration en Loire (12 boutiques) – Plus c'est simple : blog conseils déco, travaux et immo",magasins décoration loire,https://pluscestsimple.com/annuaire/departement/loire-42,2026-07-28
pluscestsimple.com,"Magasins de décoration en Loire-Atlantique (12 boutiques) – Plus c'est simple : blog conseils déco, travaux et immo",magasins décoration loire,https://pluscestsimple.com/annuaire/departement/loire-atlantique-44,2026-07-28
pluscestsimple.com,"Magasins de décoration dans le Maine-et-Loire (12 boutiques) – Plus c'est simple : blog conseils déco, travaux et immo",décoration maine loire,https://pluscestsimple.com/annuaire/departement/maine-et-loire-49,2026-07-28
pluscestsimple.com,"Magasins de décoration en Marne (12 boutiques) – Plus c'est simple : blog conseils déco, travaux et immo",magasins décoration marne,https://pluscestsimple.com/annuaire/departement/marne-51,2026-07-28
pluscestsimple.com,"Magasins de décoration en Martinique (7 boutiques) – Plus c'est simple : blog conseils déco, travaux et immo",décoration martinique boutiques,https://pluscestsimple.com/annuaire/departement/martinique-972,2026-07-28
pluscestsimple.com,"Magasins de décoration en Mayotte (12 boutiques) – Plus c'est simple : blog conseils déco, travaux et immo",magasins décoration mayotte,https://pluscestsimple.com/annuaire/departement/mayotte-976,2026-07-28
pluscestsimple.com,"Magasins de décoration en Meurthe-et-Moselle (12 boutiques) – Plus c'est simple : blog conseils déco, travaux et immo",décoration meurthe moselle,https://pluscestsimple.com/annuaire/departement/meurthe-et-moselle-54,2026-07-28
pluscestsimple.com,"Magasins de décoration en Moselle (12 boutiques) – Plus c'est simple : blog conseils déco, travaux et immo",magasins décoration moselle,https://pluscestsimple.com/annuaire/departement/moselle-57,2026-07-28
pluscestsimple.com,"Magasins de décoration dans le Nord (12 boutiques) – Plus c'est simple : blog conseils déco, travaux et immo",magasins décoration nord,https://pluscestsimple.com/annuaire/departement/nord-59,2026-07-28
pluscestsimple.com,"Magasins de décoration dans le Puy-de-Dôme (12 boutiques) – Plus c'est simple : blog conseils déco, travaux et immo",décoration puy dôme,https://pluscestsimple.com/annuaire/departement/puy-de-dome-63,2026-07-28
pluscestsimple.com,"Magasins de décoration dans les Pyrénées-Orientales (12 boutiques) – Plus c'est simple : blog conseils déco, travaux et immo",décoration pyrénées orientales,https://pluscestsimple.com/annuaire/departement/pyrenees-orientales-66,2026-07-28
pluscestsimple.com,"Magasins de décoration en Sarthe (12 boutiques) – Plus c'est simple : blog conseils déco, travaux et immo",magasins décoration sarthe,https://pluscestsimple.com/annuaire/departement/sarthe-72,2026-07-28
pluscestsimple.com,"Magasins de décoration en Seine-Maritime (24 boutiques) – Plus c'est simple : blog conseils déco, travaux et immo",magasins décoration seine,https://pluscestsimple.com/annuaire/departement/seine-maritime-76,2026-07-28
pluscestsimple.com,"Magasins de décoration en Somme (12 boutiques) – Plus c'est simple : blog conseils déco, travaux et immo",somme 12 boutiques,https://pluscestsimple.com/annuaire/departement/somme-80,2026-07-28
pluscestsimple.com,"Magasins de décoration dans le Var (7 boutiques) – Plus c'est simple : blog conseils déco, travaux et immo",magasins décoration var,https://pluscestsimple.com/annuaire/departement/var-83,2026-07-28
pluscestsimple.com,"Magasins de décoration en Bourgogne-Franche-Comté (24 boutiques) – Plus c'est simple : blog conseils déco, travaux et immo",décoration bourgogne franche,https://pluscestsimple.com/annuaire/region/bourgogne-franche-comte,2026-07-28
pluscestsimple.com,"Magasins de décoration en Bretagne (24 boutiques) – Plus c'est simple : blog conseils déco, travaux et immo",magasins décoration bretagne,https://pluscestsimple.com/annuaire/region/bretagne,2026-07-28
pluscestsimple.com,"Magasins de décoration en Corse (10 boutiques) – Plus c'est simple : blog conseils déco, travaux et immo",magasins décoration corse,https://pluscestsimple.com/annuaire/region/corse,2026-07-28
pluscestsimple.com,"Magasins de décoration en Grand Est (58 boutiques) – Plus c'est simple : blog conseils déco, travaux et immo",décoration grand est,https://pluscestsimple.com/annuaire/region/grand-est,2026-07-28
pluscestsimple.com,"Magasins de décoration en Guadeloupe (6 boutiques) – Plus c'est simple : blog conseils déco, travaux et immo",décoration guadeloupe boutiques,https://pluscestsimple.com/annuaire/region/guadeloupe,2026-07-28
pluscestsimple.com,"Magasins de décoration en Guyane (11 boutiques) – Plus c'est simple : blog conseils déco, travaux et immo",magasins décoration guyane,https://pluscestsimple.com/annuaire/region/guyane,2026-07-28
pluscestsimple.com,"Magasins de décoration en Hauts-de-France (24 boutiques) – Plus c'est simple : blog conseils déco, travaux et immo",décoration hauts france,https://pluscestsimple.com/annuaire/region/hauts-de-france,2026-07-28
pluscestsimple.com,"Magasins de décoration en La Réunion (24 boutiques) – Plus c'est simple : blog conseils déco, travaux et immo",magasins décoration réunion,https://pluscestsimple.com/annuaire/region/la-reunion,2026-07-28
pluscestsimple.com,"Magasins de décoration en Martinique (7 boutiques) – Plus c'est simple : blog conseils déco, travaux et immo",décoration martinique boutiques,https://pluscestsimple.com/annuaire/region/martinique,2026-07-28
pluscestsimple.com,"Magasins de décoration en Mayotte (12 boutiques) – Plus c'est simple : blog conseils déco, travaux et immo",magasins décoration mayotte,https://pluscestsimple.com/annuaire/region/mayotte,2026-07-28
pluscestsimple.com,"Magasins de décoration en Normandie (36 boutiques) – Plus c'est simple : blog conseils déco, travaux et immo",magasins décoration normandie,https://pluscestsimple.com/annuaire/region/normandie,2026-07-28
pluscestsimple.com,"Magasins de décoration en Occitanie (48 boutiques) – Plus c'est simple : blog conseils déco, travaux et immo",magasins décoration occitanie,https://pluscestsimple.com/annuaire/region/occitanie,2026-07-28
pluscestsimple.com,"Magasins de décoration en Pays de la Loire (36 boutiques) – Plus c'est simple : blog conseils déco, travaux et immo",décoration pays loire,https://pluscestsimple.com/annuaire/region/pays-de-la-loire,2026-07-28
pluscestsimple.com,"Magasins de décoration à Ajaccio (10 boutiques) – Plus c'est simple : blog conseils déco, travaux et immo",magasins décoration ajaccio,https://pluscestsimple.com/annuaire/ville/ajaccio,2026-07-28
pluscestsimple.com,"Magasins de décoration à Amiens (12 boutiques) – Plus c'est simple : blog conseils déco, travaux et immo",magasins décoration amiens,https://pluscestsimple.com/annuaire/ville/amiens,2026-07-28
pluscestsimple.com,"Magasins de décoration à Angers (12 boutiques) – Plus c'est simple : blog conseils déco, travaux et immo",décoration angers 12,https://pluscestsimple.com/annuaire/ville/angers,2026-07-28
pluscestsimple.com,"Magasins de décoration à Annecy (12 boutiques) – Plus c'est simple : blog conseils déco, travaux et immo",magasins décoration annecy,https://pluscestsimple.com/annuaire/ville/annecy,2026-07-28
pluscestsimple.com,"Magasins de décoration à Besançon (12 boutiques) – Plus c'est simple : blog conseils déco, travaux et immo",magasins décoration besançon,https://pluscestsimple.com/annuaire/ville/besancon,2026-07-28
pluscestsimple.com,"Magasins de décoration à Brest (12 boutiques) – Plus c'est simple : blog conseils déco, travaux et immo",magasins décoration brest,https://pluscestsimple.com/annuaire/ville/brest,2026-07-28
pluscestsimple.com,"Magasins de décoration à Caen (12 boutiques) – Plus c'est simple : blog conseils déco, travaux et immo",magasins décoration caen,https://pluscestsimple.com/annuaire/ville/caen,2026-07-28
pluscestsimple.com,"Magasins de décoration à Cayenne (11 boutiques) – Plus c'est simple : blog conseils déco, travaux et immo",magasins décoration cayenne,https://pluscestsimple.com/annuaire/ville/cayenne,2026-07-28
pluscestsimple.com,"Magasins de décoration à Clermont-Ferrand (12 boutiques) – Plus c'est simple : blog conseils déco, travaux et immo",décoration clermont ferrand,https://pluscestsimple.com/annuaire/ville/clermont-ferrand,2026-07-28
pluscestsimple.com,"Magasins de décoration à Dijon (12 boutiques) – Plus c'est simple : blog conseils déco, travaux et immo",magasins décoration dijon,https://pluscestsimple.com/annuaire/ville/dijon,2026-07-28
pluscestsimple.com,"Magasins de décoration à Fort-de-France (7 boutiques) – Plus c'est simple : blog conseils déco, travaux et immo",décoration fort france,https://pluscestsimple.com/annuaire/ville/fort-de-france,2026-07-28
pluscestsimple.com,"Magasins de décoration à Grenoble (11 boutiques) – Plus c'est simple : blog conseils déco, travaux et immo",magasins décoration grenoble,https://pluscestsimple.com/annuaire/ville/grenoble,2026-07-28
pluscestsimple.com,"Magasins de décoration à Le Havre (12 boutiques) – Plus c'est simple : blog conseils déco, travaux et immo",décoration havre,https://pluscestsimple.com/annuaire/ville/le-havre,2026-07-28
pluscestsimple.com,"Magasins de décoration à Le Mans (12 boutiques) – Plus c'est simple : blog conseils déco, travaux et immo",magasins décoration mans,https://pluscestsimple.com/annuaire/ville/le-mans,2026-07-28
pluscestsimple.com,"Magasins de décoration à Les Abymes (6 boutiques) – Plus c'est simple : blog conseils déco, travaux et immo",décoration abymes boutiques,https://pluscestsimple.com/annuaire/ville/les-abymes,2026-07-28
pluscestsimple.com,"Magasins de décoration à Lille (12 boutiques) – Plus c'est simple : blog conseils déco, travaux et immo",magasins décoration lille,https://pluscestsimple.com/annuaire/ville/lille,2026-07-28
pluscestsimple.com,"Magasins de décoration à Limoges (12 boutiques) – Plus c'est simple : blog conseils déco, travaux et immo",magasins décoration limoges,https://pluscestsimple.com/annuaire/ville/limoges,2026-07-28
pluscestsimple.com,"Magasins de décoration à Mamoudzou (12 boutiques) – Plus c'est simple : blog conseils déco, travaux et immo",magasins décoration mamoudzou,https://pluscestsimple.com/annuaire/ville/mamoudzou,2026-07-28
pluscestsimple.com,"Magasins de décoration à Metz (12 boutiques) – Plus c'est simple : blog conseils déco, travaux et immo",magasins décoration metz,https://pluscestsimple.com/annuaire/ville/metz,2026-07-28
pluscestsimple.com,"Magasins de décoration à Montpellier (12 boutiques) – Plus c'est simple : blog conseils déco, travaux et immo",magasins décoration montpellier,https://pluscestsimple.com/annuaire/ville/montpellier,2026-07-28
pluscestsimple.com,"Magasins de décoration à Montreuil (12 boutiques) – Plus c'est simple : blog conseils déco, travaux et immo",magasins décoration montreuil,https://pluscestsimple.com/annuaire/ville/montreuil,2026-07-28
pluscestsimple.com,"Magasins de décoration à Mulhouse (10 boutiques) – Plus c'est simple : blog conseils déco, travaux et immo",magasins décoration mulhouse,https://pluscestsimple.com/annuaire/ville/mulhouse,2026-07-28
pluscestsimple.com,"Magasins de décoration à Nancy (12 boutiques) – Plus c'est simple : blog conseils déco, travaux et immo",magasins décoration nancy,https://pluscestsimple.com/annuaire/ville/nancy,2026-07-28
pluscestsimple.com,"Magasins de décoration à Nantes (12 boutiques) – Plus c'est simple : blog conseils déco, travaux et immo",magasins décoration nantes,https://pluscestsimple.com/annuaire/ville/nantes,2026-07-28
pluscestsimple.com,"Magasins de décoration à Nice (12 boutiques) – Plus c'est simple : blog conseils déco, travaux et immo",magasins décoration nice,https://pluscestsimple.com/annuaire/ville/nice,2026-07-28
pluscestsimple.com,"Magasins de décoration à Nimes (12 boutiques) – Plus c'est simple : blog conseils déco, travaux et immo",magasins décoration nimes,https://pluscestsimple.com/annuaire/ville/nimes,2026-07-28
pluscestsimple.com,"Magasins de décoration à Perpignan (12 boutiques) – Plus c'est simple : blog conseils déco, travaux et immo",magasins décoration perpignan,https://pluscestsimple.com/annuaire/ville/perpignan,2026-07-28
pluscestsimple.com,"Magasins de décoration à Reims (12 boutiques) – Plus c'est simple : blog conseils déco, travaux et immo",magasins décoration reims,https://pluscestsimple.com/annuaire/ville/reims,2026-07-28
pluscestsimple.com,"Magasins de décoration à Rennes (12 boutiques) – Plus c'est simple : blog conseils déco, travaux et immo",magasins décoration rennes,https://pluscestsimple.com/annuaire/ville/rennes,2026-07-28
pluscestsimple.com,"Magasins de décoration à Rouen (12 boutiques) – Plus c'est simple : blog conseils déco, travaux et immo",magasins décoration rouen,https://pluscestsimple.com/annuaire/ville/rouen,2026-07-28
pluscestsimple.com,"Magasins de décoration à Saint-Denis de La Réunion (12 boutiques) – Plus c'est simple : blog conseils déco, travaux et immo",magasins décoration saint,https://pluscestsimple.com/annuaire/ville/saint-denis-la-reunion,2026-07-28
pluscestsimple.com,"Magasins de décoration à Saint-Étienne (12 boutiques) – Plus c'est simple : blog conseils déco, travaux et immo",décoration saint étienne,https://pluscestsimple.com/annuaire/ville/saint-etienne,2026-07-28
pluscestsimple.com,"Magasins de décoration à Saint-Paul de La Réunion (12 boutiques) – Plus c'est simple : blog conseils déco, travaux et immo",décoration saint paul,https://pluscestsimple.com/annuaire/ville/saint-paul-la-reunion,2026-07-28
pluscestsimple.com,"Magasins de décoration à Strasbourg (12 boutiques) – Plus c'est simple : blog conseils déco, travaux et immo",magasins décoration strasbourg,https://pluscestsimple.com/annuaire/ville/strasbourg,2026-07-28
pluscestsimple.com,"Magasins de décoration à Toulon (7 boutiques) – Plus c'est simple : blog conseils déco, travaux et immo",décoration toulon boutiques,https://pluscestsimple.com/annuaire/ville/toulon,2026-07-28
pluscestsimple.com,"Magasins de décoration à Toulouse (12 boutiques) – Plus c'est simple : blog conseils déco, travaux et immo",magasins décoration toulouse,https://pluscestsimple.com/annuaire/ville/toulouse,2026-07-28
pluscestsimple.com,"Magasins de décoration à Tours (12 boutiques) – Plus c'est simple : blog conseils déco, travaux et immo",magasins décoration tours,https://pluscestsimple.com/annuaire/ville/tours,2026-07-28
pluscestsimple.com,Lampadaire design : les meilleurs modèles pour chaque usage,lampadaire design,https://pluscestsimple.com/meilleurs-lampadaires-design,2026-07-28
renovalp.fr,Panne d’électroménager : pièce détachée à changer ou appareil bon pour la casse ?,panne électroménager,https://renovalp.fr/panne-delectromenager-piece-detachee-a-changer,2026-07-28
renovation-astuces.fr,22 idées de cuisines modernes en L à découvrir - Renovation astuces,cuisines modernes découvrir,https://renovation-astuces.fr/cuisines-modernes-en-l,2026-07-28
renovation-astuces.fr,Optimisez votre agence avec le modèle 157 - Renovation astuces,optimisez votre agence,https://renovation-astuces.fr/optimiser-agence-modele-157,2026-07-28
renovation-conseils.fr,Délimitez votre espace extérieur avec style - Renovation-conseils.fr,délimitez votre espace,https://renovation-conseils.fr/palissades-bois-panneaux-espace-exterieur,2026-07-28
renovation-conseils.fr,Panneaux brise-vue pour transformer votre jardin - Renovation-conseils.fr,transformer votre jardin,https://renovation-conseils.fr/panneaux-brise-vue-jardin,2026-07-28
renovation-conseils.fr,Protégez votre jardin avec des pare-vues et brise-vents - Renovation-conseils.fr,vues brise vents,https://renovation-conseils.fr/pare-vue-brise-vent-jardin,2026-07-28
renovation-conseils.fr,Quel est le prix d'une clôture en 2026 ? - Renovation-conseils.fr,est prix clôture,https://renovation-conseils.fr/prix-cloture-2026,2026-07-28
renovbox.com,Prix d'un carrelage extérieur au m² : tarifs 2026,carrelage extérieur m²,https://renovbox.com/prix-carrelage-exterieur-m2,2026-07-28
renovbox.com,Prix d'un carrelage mural au m² : tarifs 2026,prix carrelage mural,https://renovbox.com/prix-carrelage-mural-m2,2026-07-28
renovbox.com,Prix d'une dalle béton au m² : tarifs 2026,dalle béton m²,https://renovbox.com/prix-dalle-beton-m2,2026-07-28
renovbox.com,Prix de dépose d'un carrelage au m² : tarifs 2026,prix dépose carrelage,https://renovbox.com/prix-depose-carrelage-m2,2026-07-28
renovbox.com,Prix d'un plancher hourdis au m² : tarifs 2026,prix plancher hourdis,https://renovbox.com/prix-plancher-hourdis-m2,2026-07-28
renovbox.com,Prix du ponçage et de la vitrification d'un parquet,ponçage vitrification parquet,https://renovbox.com/prix-poncage-vitrification-parquet-m2,2026-07-28
renovbox.com,Prix de pose des plinthes au mètre linéaire,plinthes mètre linéaire,https://renovbox.com/prix-pose-plinthes,2026-07-28
renovbox.com,Prix de pose d'un sol PVC au m² : tarifs 2026,prix pose sol,https://renovbox.com/prix-pose-sol-pvc-m2,2026-07-28
renovbox.com,Prix d'un ragréage au m² : tarifs 2026,prix ragréage m²,https://renovbox.com/prix-ragreage-m2,2026-07-28
renovbox.com,Rénovation de toiture : le réflexe qui évite le pire (couvreurs et PV),rénovation toiture,https://renovbox.com/renovation-toiture-securite-point-ancrage,2026-07-28
renovbox.com,Rénover pièce par pièce ou d'un seul tenant,pièce seul tenant,https://renovbox.com/renover-piece-par-piece-ou-un-seul-tenant,2026-07-28
revue-immo.com,Achat-revente immobilier : règles pour les particuliers,achat revente immobilier,https://revue-immo.com/acheter-revendre-loi,2026-07-28
scarletimmobilier.fr,Rentabilité investissement locatif | Guide pro 2026,rentabilité investissement locatif,https://scarletimmobilier.fr/rentabilite-investissement-locatif-decisions,2026-07-28
stid-france.fr,Loujain Adada : Qui Est La Star de Dubai Bling et Instagram ? ✨,loujain adada,https://stid-france.fr/loujain-adada,2026-07-28
top-maison-confort.fr,Des idées rétro pour une chambre unique et tendance - top-maison-confort.fr,chambre unique tendance,https://top-maison-confort.fr/chambre-retror-deco-idees,2026-07-28
top-maison-confort.fr,42 idées de chambres modernes et douillettes pour petits espaces - top-maison-confort.fr,douillettes petits espaces,https://top-maison-confort.fr/chambres-modern-espace-douillets,2026-07-28
top-maison-confort.fr,Idées originales pour créer un mur d'accent dans votre chambre - top-maison-confort.fr,accent votre chambre,https://top-maison-confort.fr/idees-murs-daccent-chambre,2026-07-28
tousvosactes-avocat-ms.fr,SCI familiale succession : transmission et donation des parts sociales immobilières - Tous Vos Actes,sci familiale succession,https://www.tousvosactes-avocat-ms.fr/sci-familiale-succession-transmission-parts-social,2026-07-28
tousvosactes-avocat-ms.fr,"SCI imposition revenus fonciers : régime fiscal, IR, IS et déclaration locative - Tous Vos Actes",imposition revenus fonciers,https://www.tousvosactes-avocat-ms.fr/sci-imposition-revenus-fonciers,2026-07-28
travaux-astuces.fr,Construire une maison bioclimatique : guide pratique - Travaux-astuces.fr,construire maison bioclimatique,https://travaux-astuces.fr/maison-bioclimatique-guide-construction,2026-07-28
travaux-astuces.fr,Une maison de vacances en bois aux intérieurs transformables - Travaux-astuces.fr,bois intérieurs transformables,https://travaux-astuces.fr/maison-vacances-bois-interieurs-transformables,2026-07-28
travaux-astuces.fr,Découvrez des maisons de luxe qui inspirent l'élégance - Travaux-astuces.fr,découvrez maisons luxe,https://travaux-astuces.fr/maisons-luxe-inspiration-elegance,2026-07-28
travaux-astuces.fr,Tendances déco pour un intérieur stylé - Travaux-astuces.fr,tendances déco intérieur,https://travaux-astuces.fr/tendances-deco-interieur-style,2026-07-28
travaux-magazine.fr,Astuces et hacks IKEA pour un intérieur pratique - Travaux-magazine.fr,ikea intérieur pratique,https://travaux-magazine.fr/astuces-hacks-mobilier-ikea,2026-07-28
travaux-magazine.fr,L'Atelier du Bois : Guide Pratique - Travaux-magazine.fr,atelier bois,https://travaux-magazine.fr/atelier-du-bois-creation,2026-07-28
travaux-magazine.fr,4 façons de créer un bureau KALLAX pratique et inspirant - Travaux-magazine.fr,bureau kallax pratique,https://travaux-magazine.fr/bureau-kallax-idees-amenagement,2026-07-28
travaux-magazine.fr,Pourquoi verser du ciment sur un grillage en fer ? - Travaux-magazine.fr,ciment grillage fer,https://travaux-magazine.fr/ciment-grillage-fer,2026-07-28
travaux-magazine.fr,Organisez votre bureau Ikea avec style et praticité - Travaux-magazine.fr,votre bureau ikea,https://travaux-magazine.fr/organisation-bureau-ikea,2026-07-28
travaux-specialistes.fr,10 idées pour un aménagement original autour de votre piscine - Travaux-specialistes.fr,autour votre piscine,https://travaux-specialistes.fr/amenagement-original-tour-piscine,2026-07-28
travaux-specialistes.fr,Découvrez 16 maisons au cœur de la nature aux Pays-Bas - Travaux-specialistes.fr,découvrez 16 maisons,https://travaux-specialistes.fr/maisons-nature-pays-bas,2026-07-28
travaux-specialistes.fr,Découvrez l'élégance de la résidence Atlantic Drive - Travaux-specialistes.fr,élégance résidence atlantic,https://travaux-specialistes.fr/residence-atlantic-drive,2026-07-28
travaux-specialistes.fr,Découvrez les meilleures vidéos de construction sur Viralfizz - Travaux-specialistes.fr,vidéos construction viralfizz,https://travaux-specialistes.fr/videos-construction-viralfizz,2026-07-28
www.aebfrance.com,Vider une maison : les étapes clés pour une organisation sans stress - AEB FRANCE,vider maison,https://www.aebfrance.com/comment-s-organiser-pour-vider-une-maison,2026-07-28
www.aebfrance.com,Sécuriser jardin et dépendances : le point faible des cambrioleurs - AEB FRANCE,sécuriser jardin dépendances,https://www.aebfrance.com/securiser-jardin-et-dependances-le-point-faible-des-cambrioleurs,2026-07-28
www.agence-etoile.fr,RUE DE MONTREUIL: COMPLETELY RENOVATED ONE-ROOM APARTMENT - Agence Etoile,rue montreuil completely,https://www.agence-etoile.fr/en/property/rue-de-montreuil-completely-renovated-one-room-apartment,2026-07-28
www.agence-etoile.fr,RUE DE MONTREUIL : APPARTEMENT UNE PIECE REFAIT ENTIEREMENT - Agence Etoile,rue montreuil,https://www.agence-etoile.fr/property/rue-de-montreuil-appartement-une-piece-refait-entierement,2026-07-28
www.aidologement.com,Les démarches à connaître avant de louer un appartement en Suisse,démarches connaître avant,https://www.aidologement.com/les-demarches-a-connaitre-avant-de-louer-un-appartement-en-suisse,2026-07-28
www.aidologement.com,Matelas 90x190 : comment choisir le bon modèle pour dormir enfin bien,matelas 90x190,https://www.aidologement.com/matelas-90x190,2026-07-28
www.aidologement.com,Quels sont les quartiers les plus paisibles pour vivre à Rennes?,paisibles vivre rennes,https://www.aidologement.com/quels-sont-les-quartiers-les-plus-paisibles-pour-vivre-a-rennes,2026-07-28
www.aidologement.com,Réduire sa facture d'électricité et de gaz sans se ruiner,électricité gaz sans,https://www.aidologement.com/reduire-sa-facture-delectricite-et-de-gaz,2026-07-28
www.aidologement.com,Tout savoir sur la plaque fibro-ciment plate,savoir plaque fibro,https://www.aidologement.com/tout-savoir-sur-la-plaque-fibro-ciment-plate,2026-07-28
www.ameliorer-mon-logement.fr,Peut on faire des travaux un jour férié - Guide,faire travaux jour,https://www.ameliorer-mon-logement.fr/peut-on-faire-des-travaux-un-jour-ferie,2026-07-28
www.amv-immo.fr,Logements sociaux en tours : défis 2026,logements sociaux tours,https://www.amv-immo.fr/les-enjeux-actuels-des-logements-sociaux-en-tours-en-2026,2026-07-28
www.amv-immo.fr,Logement contre services sur Le Bon Coin : guide pratique,logement contre services,https://www.amv-immo.fr/logement-contre-services-sur-le-bon-coin-comment-ca-marche-et-conseils-pratiques,2026-07-28
www.bambinsdeco.com,Humidité dans une chambre d’enfant : les bons réflexes pour retrouver un air sai,humidité chambre enfant,https://www.bambinsdeco.com/humidite-dans-une-chambre-denfant-les-bons-reflexes-pour-retrouver-un-air-sain,2026-07-28
www.bambinsdeco.com,Les erreurs qui rendent un espace de travail inconfortable,qui rendent espace,https://www.bambinsdeco.com/les-erreurs-qui-rendent-un-espace-de-travail-inconfortable,2026-07-28
www.bambinsdeco.com,Quels sont les meilleurs matériaux pour construire une maison neuve?,matériaux construire maison,https://www.bambinsdeco.com/quels-sont-les-meilleurs-materiaux-pour-construire-une-maison-neuve,2026-07-28
www.cap-btp.com,Mutations et crises du secteur du bâtiment : comment le management de transition,mutations crises secteur,https://www.cap-btp.com/mutations-et-crises-du-secteur-du-batiment-comment-le-management-de-transition-securise-les-chantiers-et-les-entreprises,2026-07-28
www.cercll.fr,Comment choisir un garde-corps inoxkit pour votre terrasse,inoxkit votre terrasse,https://www.cercll.fr/comment-choisir-un-garde-corps-inoxkit-pour-votre-terrasse,2026-07-28
www.cnsee.org,Quels cours d'anglais choisir selon son niveau et objectifs ? - CNSEE Business,cours anglais choisir,https://www.cnsee.org/quels-cours-d-anglais-choisir-selon-niveau-objectifs,2026-07-28
www.eco-finance.info,PEAC : nouveau plan épargne climat pour mineurs 2026,peac,https://www.eco-finance.info/peac-mineurs,2026-07-28
www.fivestars-thailand.com,"Tropical 3-Bedroom Villa for Sale – Lamai, Koh Samui - FiveStars Thailand",tropical bedroom villa,https://www.fivestars-thailand.com/en/sale/house-villa/koh-samui/HUSM31736,2026-07-28
www.fivestars-thailand.com,"Villa Tropicale de 3 Chambres à Vendre – Lamai, Koh Samui - FiveStars Immobilier Thaïlande",villa tropicale chambres,https://www.fivestars-thailand.com/fr/a-vendre/maison-villa/koh-samui/HUSM31736,2026-07-28
www.gvu-immo.com,"Appartement à Aix-les-Bains (73100), 1 pièces, de 14m² à 89 000 €",aix bains 73100,https://www.gvu-immo.com/annonce/appartement-a-aix-les-bains-73100-1-pieces-12423,2026-07-28
www.gvu-immo.com,"Appartement à Aix-les-Bains (73100), 2 pièces, de 61m² à 383 000 €",aix bains 73100,https://www.gvu-immo.com/annonce/appartement-a-aix-les-bains-73100-2-pieces-12439,2026-07-28
www.gvu-immo.com,"Appartement à Aix-les-Bains (73100), 3 pièces, de 112m² à 450 000 €",aix bains 73100,https://www.gvu-immo.com/annonce/appartement-a-aix-les-bains-73100-3-pieces-12440,2026-07-28
www.gvu-immo.com,"Appartement à Aix-les-Bains (73100), 4 pièces, de 83m² à 489 000 €",aix bains 73100,https://www.gvu-immo.com/annonce/appartement-a-aix-les-bains-73100-4-pieces-12438,2026-07-28
www.gvu-immo.com,"Appartement à Annecy (74000), 5 pièces, de 98m² à 399 000 €",annecy 74000 pièces,https://www.gvu-immo.com/annonce/appartement-a-annecy-74000-5-pieces-12424,2026-07-28
www.gvu-immo.com,"Appartement à Argentine (73220), 3 pièces, de 75m² à 885 €",argentine 73220 pièces,https://www.gvu-immo.com/annonce/appartement-a-argentine-73220-3-pieces-12435,2026-07-28
www.gvu-immo.com,"Appartement à Bourgneuf (73390), 2 pièces, de 44m² à 580 €",bourgneuf 73390 pièces,https://www.gvu-immo.com/annonce/appartement-a-bourgneuf-73390-2-pieces-12427,2026-07-28
www.gvu-immo.com,"Appartement à La Motte-Servolex (73290), 1 pièces, de 25m² à 550 €",motte servolex 73290,https://www.gvu-immo.com/annonce/appartement-a-la-motte-servolex-73290-1-pieces-12428,2026-07-28
www.gvu-immo.com,"Appartement à La Motte-Servolex (73290), 3 pièces, de 73m² à 1 295 €",motte servolex 73290,https://www.gvu-immo.com/annonce/appartement-a-la-motte-servolex-73290-3-pieces-12436,2026-07-28
www.gvu-immo.com,"Appartement à Saint-Jean-de-Maurienne (73300), 5 pièces, de 101m² à 159 000 €",maurienne 73300 pièces,https://www.gvu-immo.com/annonce/appartement-a-saint-jean-de-maurienne-73300-5-pieces-12384,2026-07-28
www.gvu-immo.com,"Duplex à Albertville (73200), 2 pièces, de 33m² à 690 €",duplex albertville 73200,https://www.gvu-immo.com/annonce/duplex-a-albertville-73200-2-pieces-12429,2026-07-28
www.gvu-immo.com,"Maison à Montcel (73100), 8 pièces, de 226m² à 399 000 €",maison montcel 73100,https://www.gvu-immo.com/annonce/maison-a-montcel-73100-8-pieces-12425,2026-07-28
www.gvu-immo.com,"Maison à Myans (73800), 9 pièces, de 343m² à 1 160 000 €",maison myans 73800,https://www.gvu-immo.com/annonce/maison-a-myans-73800-9-pieces-10263,2026-07-28
www.gvu-immo.com,"Maison à Sainte-Hélène-sur-Isère (73460), 6 pièces, de 174m² à 380 000 €",maison sainte hélène,https://www.gvu-immo.com/annonce/maison-a-sainte-helene-sur-isere-73460-6-pieces-12430,2026-07-28
www.gvu-immo.com,"Maison neuve à Entremont (74130), 5 pièces, de 108m² à 636 000 €",maison neuve entremont,https://www.gvu-immo.com/annonce/maison-neuve-a-entremont-74130-5-pieces-12431,2026-07-28
www.gvu-immo.com,"Maison neuve à Marignier (74970), 4 pièces, de 95m² à 469 000 €",maison neuve marignier,https://www.gvu-immo.com/annonce/maison-neuve-a-marignier-74970-4-pieces-12433,2026-07-28
www.gvu-immo.com,"Maison neuve à Marnaz (74460), 5 pièces, de 97m² à 470 000 €",maison neuve marnaz,https://www.gvu-immo.com/annonce/maison-neuve-a-marnaz-74460-5-pieces-12432,2026-07-28
www.gvu-immo.com,"Studio à Chambéry (73000), 1 pièces, de 24m² à 536 €",studio chambéry 73000,https://www.gvu-immo.com/annonce/studio-a-chambery-73000-1-pieces-12434,2026-07-28
www.gvu-immo.com,"T3 à Chambéry (73000), 3 pièces, de 65m² à 160 000 €",chambéry 73000 pièces,https://www.gvu-immo.com/annonce/t3-a-chambery-73000-3-pieces-12426,2026-07-28
www.gvu-immo.com,"Terrain à Bonneville (74130), 5 pièces, de 777m² à 195 000 €",terrain bonneville,https://www.gvu-immo.com/annonce/terrain-a-bonneville-74130-5-pieces-12437,2026-07-28
www.gvu-immo.com,Duplex : immobilier Albertville,duplex,https://www.gvu-immo.com/immobilier/duplex/albertville-73200,2026-07-28
www.gvu-immo.com,Maison neuve : immobilier Entremont,maison neuve,https://www.gvu-immo.com/immobilier/maison-neuve/entremont-74130,2026-07-28
www.gvu-immo.com,Maison : immobilier Sainte-Hélène-sur-Isère,maison,https://www.gvu-immo.com/immobilier/maison/ste-helene-sur-isere-73460,2026-07-28
www.gvu-immo.com,Entremont (74130),entremont 74130,https://www.gvu-immo.com/immobilier/villes/entremont-74130/30730,2026-07-28
www.gvu-immo.com,"immmobilier Sainte-Hélène-sur-Isère, agence immobiliere Sainte-Hélène-sur-Isère, annonce immobiliere Sainte-Hélène-sur-Isère",immmobilier sainte hélène,https://www.gvu-immo.com/immobilier/villes/sainte-helene-sur-isere-73460/30602,2026-07-28
www.habitanova.net,Quelle taille choisir pour sa future piscine coque polyester ?,piscine coque polyester,https://www.habitanova.net/quelle-taille-choisir-pour-sa-future-piscine-coque-polyester,2026-07-28
www.habitat-groupe.be,"On cherche nos futurs co-membres, pour un habitat groupé dans le hainaut - Habitat Groupé Solidaire",cherche nos futurs,https://www.habitat-groupe.be/petites-annonces/creation-groupe/brabant-wallon/on-cherche-nos-futurs-co-membres-pour-un-habitat-groupe-dans-le-hainaut,2026-07-28
www.habitat-groupe.be,Colocation ou location d'une chambre privative chez l'habitant - Habitat Groupé Solidaire,chambre privative chez,https://www.habitat-groupe.be/petites-annonces/demandes-location/brabant-wallon/colocation-ou-location-dune-chambre-privative-chez-lhabitant,2026-07-28
www.habitat-groupe.be,Recherche logement privé/projet participatif - Habitat Groupé Solidaire,privé projet participatif,https://www.habitat-groupe.be/petites-annonces/demandes-location/brabant-wallon/recherche-logement-prive-projet-participatif,2026-07-28
www.habitat-groupe.be,Recherche logement 2 chambres à St Gilles (Bruxelles) - Habitat Groupé Solidaire,st gilles bruxelles,https://www.habitat-groupe.be/petites-annonces/demandes-location/bruxelles/recherche-logement-2-chambres-a-st-gilles-bruxelles,2026-07-28
www.habitat-groupe.be,colocation - Habitat Groupé Solidaire,colocation,https://www.habitat-groupe.be/petites-annonces/demandes-location/hainaut/colocation,2026-07-28
www.habitat-groupe.be,Recherche à louer : Maison ou Appartement au rez-de-chaussée avec extérieur/ - Province de Liege/ Possibilités d’échange de services/ Pour : Oct 2026 - Habitat Groupé Solidaire,recherche louer,https://www.habitat-groupe.be/petites-annonces/demandes-location/liege/recherche-a-louer-maison-ou-appartement-au-rez-de-chaussee-avec-exterieur-province-de-liege-possibilites-dechange-de-services-pour-oct-2026,2026-07-28
www.habitat-groupe.be,Et si votre lieu cherchait sa prochaine vie ? - Habitat Groupé Solidaire,sa prochaine vie,https://www.habitat-groupe.be/petites-annonces/divers/brabant-wallon/et-si-votre-lieu-cherchait-sa-prochaine-vie,2026-07-28
www.habitat-groupe.be,Chambre en colocation dans une maison à Boitsfort – 600 € charges comprises - Habitat Groupé Solidaire,chambre colocation maison,https://www.habitat-groupe.be/petites-annonces/offres-location/bruxelles/chambre-en-colocation-dans-une-maison-a-boitsfort-600-e-charges-comprises,2026-07-28
www.habitat-groupe.be,"location roulotte pour 6 mois, 1 an ou plus ! - Habitat Groupé Solidaire",roulotte mois plus,https://www.habitat-groupe.be/petites-annonces/offres-location/hainaut/location-roulotte-pour-6-mois-1-an-ou-plus,2026-07-28
www.habitat-groupe.be,"Grande chambre disponible dans habitat groupé à MOZET (Gesves, Namur) - Habitat Groupé Solidaire",habitat groupé mozet,https://www.habitat-groupe.be/petites-annonces/offres-location/namur/grande-chambre-disponible-dans-habitat-groupe-a-mozet-gesves-namur,2026-07-28
www.habitat-groupe.be,Vous souhaitez louer une maison à la campagne entre Namur et Charleroi et vous avez envie de cultiver vos propres légumes dans un grand potager partagé en permaculture ? - Habitat Groupé Solidaire,vos propres légumes,https://www.habitat-groupe.be/petites-annonces/offres-location/namur/vous-souhaitez-louer-une-maison-a-la-campagne-entre-namur-et-charleroi-et-vous-avez-envie-de-cultiver-vos-propres-legumes-dans-un-grand-potager-partage-en-permaculture,2026-07-28
www.habitat-groupe.be,🏡 Dernières opportunités de rejoindre l'habitat groupé « The Reef » à Jette - Habitat Groupé Solidaire,habitat groupé reef,https://www.habitat-groupe.be/petites-annonces/offres-vente/bruxelles/dernieres-opportunites-de-rejoindre-lhabitat-groupe-the-reef-a-jette,2026-07-28
www.habitatparticipatif.net,La gravure sur ardoise pour décorer son intérieur,gravure ardoise décorer,https://www.habitatparticipatif.net/la-gravure-sur-ardoise-pour-decorer-son-interieur,2026-07-28
www.homedome.fr,Résoudre une ouverture de porte claquée à Asnières sur Seine,claquée asnières seine,https://www.homedome.fr/cles-oubliees-a-linterieur-que-faire-face-a-une-porte-claquee-dans-les-hauts-de-seine,2026-07-28
www.homedome.fr,Dessinez votre plan de maison sans architecte ni formation - Home Dome,votre plan maison,https://www.homedome.fr/dessinez-votre-plan-de-maison-sans-architecte-ni-formation,2026-07-28
www.jardinot.org,"Changer des canalisations maison ancienne : coûts, méthodes et pièges",canalisations maison ancienne,https://www.jardinot.org/changer-des-canalisations-maison-ancienne,2026-07-28
www.jardipedia.com,Le covering de cuisine pour moderniser sans remplacer,covering cuisine moderniser,https://www.jardipedia.com/le-covering-de-cuisine-pour-moderniser-sans-remplacer,2026-07-28
www.lamaisondechloe.fr,Canapé en lin : le choix naturel pour votre salon,canapé lin,https://www.lamaisondechloe.fr/apporter-une-touche-naturelle-a-son-salon-avec-un-canape-en-lin,2026-07-28
www.leemo.fr,Ambroise Fieschi : décryptage de sa fortune et patrimoine,ambroise fieschi,https://www.leemo.fr/ambroise-fieschi-patrimoine,2026-07-28
www.ma-propriete.fr,"Vends propriété de 10ha environ constituée d'un étang de 5000m2, de bois et de prairies en bordure de rivière | MA-PROPRIETE.FR",propriété 10ha environ,https://www.ma-propriete.fr/fr/forestiere/bois-et-forets/haute-vienne/vends-propriete-de-10ha-environ-constituee-dun-etang-de-5000m2-de-bois-et-de-prairies-en-bordure-de-riviere,2026-07-28
www.ma-propriete.fr,"PROPRIÉTÉ AVEC UN GARAGE SPACIEUX, UNE PISCINE ET UN GRAND ÉTANG PRÈS DE CORDES-SUR-CIEL | MA-PROPRIETE.FR",garage spacieux piscine,https://www.ma-propriete.fr/fr/rurale/maison-de-campagne/tarn/propriete-avec-un-garage-spacieux-une-piscine-et-un-grand-etang-pres-de-cordes-sur-ciel,2026-07-28
www.maison-poincare.fr,Puisard en béton : comment l'installer et l'entretenir,puisard béton,https://www.maison-poincare.fr/travaux/puisard-en-beton,2026-07-28
www.maison-poincare.fr,Quels sont les avantages d'un saturateur pour bois ? - Maison Poincaré,avantages saturateur bois,https://www.maison-poincare.fr/travaux/quels-sont-les-avantages-dun-saturateur-pour-bois,2026-07-28
www.maisonreflet.fr,Comment fabriquer un bavolet : tutoriel pas à pas,fabriquer bavolet,https://www.maisonreflet.fr/comment-fabriquer-un-bavolet-tutoriel-pas-a-pas,2026-07-28
www.metiersdart-artisanat.com,Comment récurer une baignoire très encrassée?,baignoire très encrassée,https://www.metiersdart-artisanat.com/comment-recurer-une-baignoire-tres-encrassee,2026-07-28
www.metiersdart-artisanat.com,Du terrain nu à la baignade parfaite : le rôle clé du pisciniste,nu baignade parfaite,https://www.metiersdart-artisanat.com/du-terrain-nu-a-la-baignade-parfaite-le-role-cle-du-pisciniste,2026-07-28
www.metiersdart-artisanat.com,"Acier corten en déco : patine, usages et sur-mesure",acier corten déco,https://www.metiersdart-artisanat.com/lacier-corten-en-deco-et-metiers-dart-patine-usages-et-sur-mesure,2026-07-28
www.metiersdart-artisanat.com,"Sommier 160x200 : lattes, tapissier ou coffre, lequel choisir",sommier 160x200,https://www.metiersdart-artisanat.com/sommier-160x200,2026-07-28
www.metiersdart-artisanat.com,VMC double flux ou simple flux pour le tertiaire ?,simple flux tertiaire,https://www.metiersdart-artisanat.com/vmc,2026-07-28
www.mittelwihr.eu,Nombre d'habitants à Nantes en 2026 : données et dynamiques,habitants nantes 2026,https://www.mittelwihr.eu/nombre-habitants-nantes-2026-population-chiffres-cles,2026-07-28
www.monde-immobilier.com,Acheter un appartement à vendre à Dakar en toute sécurité juridique - Monde Immobilier,dakar toute sécurité,https://www.monde-immobilier.com/acheter-un-appartement-a-vendre-a-dakar-en-toute-securite-juridique,2026-07-28
www.passerellesud.org,Confidentialité et transmission d’entreprise en Suisse,confidentialité transmission entreprise,https://www.passerellesud.org/pourquoi-la-confidentialite-joue-un-role-majeur-dans-une-operation-de-transmission-dentreprise-en-suisse,2026-07-28
www.systemes-ceramiques.org,Déménagement pas cher à Paris : le guide malin pour payer moins sans galérer,déménagement pas cher,https://www.systemes-ceramiques.org/demenagement-pas-cher-a-paris-le-guide-malin-pour-payer-moins-sans-galerer,2026-07-28
www.systemes-ceramiques.org,Spot encastrable GU10 : tout savoir sur ce standard incontournable de l'éclairag,spot encastrable gu10,https://www.systemes-ceramiques.org/spot-encastrable-gu10-tout-savoir-sur-ce-standard-incontournable-de-leclairage,2026-07-28
www.tout-immo.net,"Vivre à Versailles dans une ville touristique : nuisances, avantages, réalité - Tout Immo",versailles ville touristique,https://www.tout-immo.net/vivre-a-versailles-dans-une-ville-touristique-nuisances-avantages-realite,2026-07-28
www.tropheesdelamaison.com,Comment créer un espace de vie extérieur confortable toute l’année ? - Les Trophées de la Maison,espace vie extérieur,https://www.tropheesdelamaison.com/comment-creer-un-espace-de-vie-exterieur-confortable-toute-lannee,2026-07-28
www.usineadesign.com,Cheminées murales design : les solutions idéales pour allier esthétique...,cheminées murales design,https://www.usineadesign.com/cheminees-murales-design-les-solutions-ideales-pour-allier-esthetique-confort-et-gain-de-place,2026-07-28
www.ventes-immobilieres.org,"Famille, étudiant, retraité : quartier à éviter à Brive la Gaillarde selon votre profil - Ventes Immo",famille étudiant retraité,https://www.ventes-immobilieres.org/famille-etudiant-retraite-quartier-a-eviter-a-brive-la-gaillarde-selon-votre-profil,2026-07-28
www.visiter-bordeaux.eu,"Incendies : TGV suspendus au sud de Bordeaux, exceptions pour Agen et quelques lignes",incendies,https://www.visiter-bordeaux.eu/suspension-tgv-bordeaux-sud,2026-07-28
www.vudailleurs.com,Bundeswehr : 56 porteurs lourds Elefant commandés à Rheinmetall,bundeswehr,https://www.vudailleurs.com/bundeswehr-commande-porte-chars-elefant-2-rheinmetall,2026-07-28
www.vudailleurs.com,Fin de l’ère Macron : Analyse de la crise politique et des institutions,fin ère macron,https://www.vudailleurs.com/ere-macron-fin-crise-politique-ve-republique,2026-07-28
www.vudailleurs.com,ETF Vanguard Russell : Optimisez votre portefeuille actions US,etf vanguard russell,https://www.vudailleurs.com/etf-vanguard-russell-actions-us,2026-07-28
www.vudailleurs.com,Comment Investir dans l'Or Physique ? Guide Pratique,investir or physique,https://www.vudailleurs.com/investir-or-physique,2026-07-28
www.vudailleurs.com,Anti-corruption : Leonardo valide sa certification ISO 37001:2025,anti corruption,https://www.vudailleurs.com/leonardo-certification-iso-37001-2025-anti-corruption,2026-07-28
www.vudailleurs.com,Or papier ou physique : quel choix investir,or papier physique,https://www.vudailleurs.com/or-papier-ou-or-physique,2026-07-28
www.vudailleurs.com,Santé et vieillissement : le virage stratégique des soins,santé vieillissement,https://www.vudailleurs.com/vieillissement-maladies-chroniques-innovation-sante,2026-07-28
